dataset,optimizer,rep,seed,eval,best_so_far
diabetes,grid,0,0,1,0.6514727442356391
diabetes,grid,0,0,2,0.6514727442356391
diabetes,grid,0,0,3,0.6514727442356391
diabetes,grid,0,0,4,0.6514727442356391
diabetes,grid,0,0,5,0.6514727442356391
diabetes,grid,0,0,6,0.6514727442356391
diabetes,grid,0,0,7,0.6514727442356391
diabetes,grid,0,0,8,0.6514727442356391
diabetes,grid,0,0,9,0.6514727442356391
diabetes,grid,0,0,10,0.6514727442356391
diabetes,grid,0,0,11,0.6514727442356391
diabetes,grid,0,0,12,0.6514727442356391
diabetes,grid,0,0,13,0.6514727442356391
diabetes,grid,0,0,14,0.6514727442356391
diabetes,grid,0,0,15,0.6514727442356391
diabetes,grid,0,0,16,0.7524323603891776
diabetes,grid,0,0,17,0.7524323603891776
diabetes,grid,0,0,18,0.7524323603891776
diabetes,grid,0,0,19,0.7524323603891776
diabetes,grid,0,0,20,0.7524323603891776
diabetes,grid,0,0,21,0.7524323603891776
diabetes,grid,0,0,22,0.7524323603891776
diabetes,grid,0,0,23,0.7524323603891776
diabetes,grid,0,0,24,0.7524323603891776
diabetes,grid,0,0,25,0.7573503931760628
diabetes,grid,0,0,26,0.7735838997734239
diabetes,grid,0,0,27,0.7735838997734239
diabetes,grid,0,0,28,0.7735838997734239
diabetes,grid,0,0,29,0.7735838997734239
diabetes,grid,0,0,30,0.7735838997734239
diabetes,grid,0,0,31,0.7735838997734239
diabetes,grid,0,0,32,0.7735838997734239
diabetes,grid,0,0,33,0.7735838997734239
diabetes,grid,0,0,34,0.7735838997734239
diabetes,grid,0,0,35,0.7736238837798214
diabetes,grid,0,0,36,0.7736238837798214
diabetes,grid,0,0,37,0.7736238837798214
diabetes,grid,0,0,38,0.7736238837798214
diabetes,grid,0,0,39,0.7736238837798214
diabetes,grid,0,0,40,0.7736238837798214
diabetes,grid,0,0,41,0.7736238837798214
diabetes,grid,0,0,42,0.7736238837798214
diabetes,grid,0,0,43,0.7736238837798214
diabetes,grid,0,0,44,0.7736238837798214
diabetes,grid,0,0,45,0.7736238837798214
diabetes,grid,0,0,46,0.7736238837798214
diabetes,grid,0,0,47,0.7736238837798214
diabetes,grid,0,0,48,0.7736238837798214
diabetes,grid,0,0,49,0.7736238837798214
diabetes,grid,0,0,50,0.7736238837798214
diabetes,grid,0,0,51,0.7736238837798214
diabetes,grid,0,0,52,0.7736238837798214
diabetes,grid,0,0,53,0.7736238837798214
diabetes,grid,0,0,54,0.7736238837798214
diabetes,grid,0,0,55,0.7736238837798214
diabetes,grid,0,0,56,0.7736238837798214
diabetes,grid,0,0,57,0.7736238837798214
diabetes,grid,0,0,58,0.7736238837798214
diabetes,grid,0,0,59,0.7736238837798214
diabetes,grid,0,0,60,0.7736238837798214
diabetes,grid,0,0,61,0.7736238837798214
diabetes,grid,0,0,62,0.7736238837798214
diabetes,grid,0,0,63,0.7736238837798214
diabetes,grid,0,0,64,0.7736238837798214
diabetes,grid,0,0,65,0.7736238837798214
diabetes,grid,0,0,66,0.7736238837798214
diabetes,grid,0,0,67,0.7736238837798214
diabetes,grid,0,0,68,0.7736238837798214
diabetes,grid,0,0,69,0.7736238837798214
diabetes,grid,0,0,70,0.7736238837798214
diabetes,grid,0,0,71,0.7736238837798214
diabetes,grid,0,0,72,0.7736238837798214
diabetes,grid,0,0,73,0.7736238837798214
diabetes,grid,0,0,74,0.7736238837798214
diabetes,grid,0,0,75,0.7736238837798214
diabetes,grid,0,0,76,0.7736238837798214
diabetes,grid,0,0,77,0.7736238837798214
diabetes,grid,0,0,78,0.7736238837798214
diabetes,grid,0,0,79,0.7736238837798214
diabetes,grid,0,0,80,0.7736238837798214
diabetes,grid,0,0,81,0.7736238837798214
diabetes,grid,0,0,82,0.7736238837798214
diabetes,grid,0,0,83,0.7736238837798214
diabetes,grid,0,0,84,0.7736238837798214
diabetes,grid,0,0,85,0.7736238837798214
diabetes,grid,0,0,86,0.7736238837798214
diabetes,grid,0,0,87,0.7736238837798214
diabetes,grid,0,0,88,0.7736238837798214
diabetes,grid,0,0,89,0.7736238837798214
diabetes,grid,0,0,90,0.7736238837798214
diabetes,grid,0,0,91,0.7736238837798214
diabetes,grid,0,0,92,0.7736238837798214
diabetes,grid,0,0,93,0.7736238837798214
diabetes,grid,0,0,94,0.7736238837798214
diabetes,grid,0,0,95,0.7736238837798214
diabetes,grid,0,0,96,0.7736238837798214
diabetes,grid,0,0,97,0.7736238837798214
diabetes,grid,0,0,98,0.7736238837798214
diabetes,grid,0,0,99,0.7736238837798214
diabetes,grid,0,0,100,0.7736238837798214
diabetes,random,0,0,1,0.6938158070105291
diabetes,random,0,0,2,0.7655204584832733
diabetes,random,0,0,3,0.7752765560442489
diabetes,random,0,0,4,0.7752765560442489
diabetes,random,0,0,5,0.7752765560442489
diabetes,random,0,0,6,0.7752765560442489
diabetes,random,0,0,7,0.7752765560442489
diabetes,random,0,0,8,0.7752765560442489
diabetes,random,0,0,9,0.7752765560442489
diabetes,random,0,0,10,0.7752765560442489
diabetes,random,0,0,11,0.7752765560442489
diabetes,random,0,0,12,0.7752765560442489
diabetes,random,0,0,13,0.7752765560442489
diabetes,random,0,0,14,0.7752765560442489
diabetes,random,0,0,15,0.7752765560442489
diabetes,random,0,0,16,0.7752765560442489
diabetes,random,0,0,17,0.7752765560442489
diabetes,random,0,0,18,0.7752765560442489
diabetes,random,0,0,19,0.7752765560442489
diabetes,random,0,0,20,0.7752765560442489
diabetes,random,0,0,21,0.7752765560442489
diabetes,random,0,0,22,0.7752765560442489
diabetes,random,0,0,23,0.7752765560442489
diabetes,random,0,0,24,0.7752765560442489
diabetes,random,0,0,25,0.7752765560442489
diabetes,random,0,0,26,0.7752765560442489
diabetes,random,0,0,27,0.7752765560442489
diabetes,random,0,0,28,0.7752765560442489
diabetes,random,0,0,29,0.7752765560442489
diabetes,random,0,0,30,0.7752765560442489
diabetes,random,0,0,31,0.7752765560442489
diabetes,random,0,0,32,0.7752765560442489
diabetes,random,0,0,33,0.7752765560442489
diabetes,random,0,0,34,0.7752765560442489
diabetes,random,0,0,35,0.7752765560442489
diabetes,random,0,0,36,0.7752765560442489
diabetes,random,0,0,37,0.7752765560442489
diabetes,random,0,0,38,0.7752765560442489
diabetes,random,0,0,39,0.7752765560442489
diabetes,random,0,0,40,0.7752765560442489
diabetes,random,0,0,41,0.7752765560442489
diabetes,random,0,0,42,0.7752765560442489
diabetes,random,0,0,43,0.7752765560442489
diabetes,random,0,0,44,0.7752765560442489
diabetes,random,0,0,45,0.7752765560442489
diabetes,random,0,0,46,0.7752765560442489
diabetes,random,0,0,47,0.7752765560442489
diabetes,random,0,0,48,0.7752765560442489
diabetes,random,0,0,49,0.7752765560442489
diabetes,random,0,0,50,0.7752765560442489
diabetes,random,0,0,51,0.7752765560442489
diabetes,random,0,0,52,0.7752765560442489
diabetes,random,0,0,53,0.7752765560442489
diabetes,random,0,0,54,0.7752765560442489
diabetes,random,0,0,55,0.7752765560442489
diabetes,random,0,0,56,0.7752765560442489
diabetes,random,0,0,57,0.7752765560442489
diabetes,random,0,0,58,0.7752765560442489
diabetes,random,0,0,59,0.7752765560442489
diabetes,random,0,0,60,0.7752765560442489
diabetes,random,0,0,61,0.7752765560442489
diabetes,random,0,0,62,0.7752765560442489
diabetes,random,0,0,63,0.7752765560442489
diabetes,random,0,0,64,0.7752765560442489
diabetes,random,0,0,65,0.7752765560442489
diabetes,random,0,0,66,0.7752765560442489
diabetes,random,0,0,67,0.7752765560442489
diabetes,random,0,0,68,0.7752765560442489
diabetes,random,0,0,69,0.7752765560442489
diabetes,random,0,0,70,0.7752765560442489
diabetes,random,0,0,71,0.7752765560442489
diabetes,random,0,0,72,0.7752765560442489
diabetes,random,0,0,73,0.7752765560442489
diabetes,random,0,0,74,0.7752765560442489
diabetes,random,0,0,75,0.7752765560442489
diabetes,random,0,0,76,0.7752765560442489
diabetes,random,0,0,77,0.7752765560442489
diabetes,random,0,0,78,0.7752765560442489
diabetes,random,0,0,79,0.7752765560442489
diabetes,random,0,0,80,0.7752765560442489
diabetes,random,0,0,81,0.7752765560442489
diabetes,random,0,0,82,0.7752765560442489
diabetes,random,0,0,83,0.7752765560442489
diabetes,random,0,0,84,0.7752765560442489
diabetes,random,0,0,85,0.7752765560442489
diabetes,random,0,0,86,0.7752765560442489
diabetes,random,0,0,87,0.7752765560442489
diabetes,random,0,0,88,0.7752765560442489
diabetes,random,0,0,89,0.7752765560442489
diabetes,random,0,0,90,0.7752765560442489
diabetes,random,0,0,91,0.7752765560442489
diabetes,random,0,0,92,0.7752765560442489
diabetes,random,0,0,93,0.7752765560442489
diabetes,random,0,0,94,0.7752765560442489
diabetes,random,0,0,95,0.7752765560442489
diabetes,random,0,0,96,0.7752765560442489
diabetes,random,0,0,97,0.7752765560442489
diabetes,random,0,0,98,0.7752765560442489
diabetes,random,0,0,99,0.7752765560442489
diabetes,random,0,0,100,0.7752765560442489
diabetes,bo_tpe,0,0,1,0.6938158070105291
diabetes,bo_tpe,0,0,2,0.7655204584832733
diabetes,bo_tpe,0,0,3,0.7752765560442489
diabetes,bo_tpe,0,0,4,0.7752765560442489
diabetes,bo_tpe,0,0,5,0.7752765560442489
diabetes,bo_tpe,0,0,6,0.7752765560442489
diabetes,bo_tpe,0,0,7,0.7752765560442489
diabetes,bo_tpe,0,0,8,0.7752765560442489
diabetes,bo_tpe,0,0,9,0.7752765560442489
diabetes,bo_tpe,0,0,10,0.7752765560442489
diabetes,bo_tpe,0,0,11,0.7752765560442489
diabetes,bo_tpe,0,0,12,0.7752765560442489
diabetes,bo_tpe,0,0,13,0.7752765560442489
diabetes,bo_tpe,0,0,14,0.7752765560442489
diabetes,bo_tpe,0,0,15,0.7752765560442489
diabetes,bo_tpe,0,0,16,0.7752765560442489
diabetes,bo_tpe,0,0,17,0.7752765560442489
diabetes,bo_tpe,0,0,18,0.7752765560442489
diabetes,bo_tpe,0,0,19,0.7752765560442489
diabetes,bo_tpe,0,0,20,0.7752765560442489
diabetes,bo_tpe,0,0,21,0.7752765560442489
diabetes,bo_tpe,0,0,22,0.7752765560442489
diabetes,bo_tpe,0,0,23,0.7752765560442489
diabetes,bo_tpe,0,0,24,0.7752765560442489
diabetes,bo_tpe,0,0,25,0.7752765560442489
diabetes,bo_tpe,0,0,26,0.7752765560442489
diabetes,bo_tpe,0,0,27,0.7752765560442489
diabetes,bo_tpe,0,0,28,0.7752765560442489
diabetes,bo_tpe,0,0,29,0.7752765560442489
diabetes,bo_tpe,0,0,30,0.7752765560442489
diabetes,bo_tpe,0,0,31,0.7752765560442489
diabetes,bo_tpe,0,0,32,0.7752765560442489
diabetes,bo_tpe,0,0,33,0.7752765560442489
diabetes,bo_tpe,0,0,34,0.7752765560442489
diabetes,bo_tpe,0,0,35,0.7752765560442489
diabetes,bo_tpe,0,0,36,0.7752765560442489
diabetes,bo_tpe,0,0,37,0.7752765560442489
diabetes,bo_tpe,0,0,38,0.7752765560442489
diabetes,bo_tpe,0,0,39,0.7752765560442489
diabetes,bo_tpe,0,0,40,0.7752765560442489
diabetes,bo_tpe,0,0,41,0.7752765560442489
diabetes,bo_tpe,0,0,42,0.7752765560442489
diabetes,bo_tpe,0,0,43,0.7752765560442489
diabetes,bo_tpe,0,0,44,0.7752765560442489
diabetes,bo_tpe,0,0,45,0.7752765560442489
diabetes,bo_tpe,0,0,46,0.7752765560442489
diabetes,bo_tpe,0,0,47,0.7752765560442489
diabetes,bo_tpe,0,0,48,0.7752765560442489
diabetes,bo_tpe,0,0,49,0.7752765560442489
diabetes,bo_tpe,0,0,50,0.7752765560442489
diabetes,bo_tpe,0,0,51,0.7752765560442489
diabetes,bo_tpe,0,0,52,0.7752765560442489
diabetes,bo_tpe,0,0,53,0.7752765560442489
diabetes,bo_tpe,0,0,54,0.7752765560442489
diabetes,bo_tpe,0,0,55,0.7752765560442489
diabetes,bo_tpe,0,0,56,0.7752765560442489
diabetes,bo_tpe,0,0,57,0.7752765560442489
diabetes,bo_tpe,0,0,58,0.7752765560442489
diabetes,bo_tpe,0,0,59,0.7752765560442489
diabetes,bo_tpe,0,0,60,0.7752765560442489
diabetes,bo_tpe,0,0,61,0.7752765560442489
diabetes,bo_tpe,0,0,62,0.7752765560442489
diabetes,bo_tpe,0,0,63,0.7752765560442489
diabetes,bo_tpe,0,0,64,0.7752765560442489
diabetes,bo_tpe,0,0,65,0.7752765560442489
diabetes,bo_tpe,0,0,66,0.7752765560442489
diabetes,bo_tpe,0,0,67,0.7752765560442489
diabetes,bo_tpe,0,0,68,0.7752765560442489
diabetes,bo_tpe,0,0,69,0.7752765560442489
diabetes,bo_tpe,0,0,70,0.7752765560442489
diabetes,bo_tpe,0,0,71,0.7752765560442489
diabetes,bo_tpe,0,0,72,0.7752765560442489
diabetes,bo_tpe,0,0,73,0.7752765560442489
diabetes,bo_tpe,0,0,74,0.7752765560442489
diabetes,bo_tpe,0,0,75,0.7752765560442489
diabetes,bo_tpe,0,0,76,0.7752765560442489
diabetes,bo_tpe,0,0,77,0.7752765560442489
diabetes,bo_tpe,0,0,78,0.7752765560442489
diabetes,bo_tpe,0,0,79,0.7752765560442489
diabetes,bo_tpe,0,0,80,0.7752765560442489
diabetes,bo_tpe,0,0,81,0.7752765560442489
diabetes,bo_tpe,0,0,82,0.7752765560442489
diabetes,bo_tpe,0,0,83,0.7752765560442489
diabetes,bo_tpe,0,0,84,0.7752765560442489
diabetes,bo_tpe,0,0,85,0.7752765560442489
diabetes,bo_tpe,0,0,86,0.7785419165667067
diabetes,bo_tpe,0,0,87,0.7785419165667067
diabetes,bo_tpe,0,0,88,0.7785419165667067
diabetes,bo_tpe,0,0,89,0.7785419165667067
diabetes,bo_tpe,0,0,90,0.7785419165667067
diabetes,bo_tpe,0,0,91,0.7785419165667067
diabetes,bo_tpe,0,0,92,0.7785419165667067
diabetes,bo_tpe,0,0,93,0.7785419165667067
diabetes,bo_tpe,0,0,94,0.7785419165667067
diabetes,bo_tpe,0,0,95,0.7785419165667067
diabetes,bo_tpe,0,0,96,0.7785419165667067
diabetes,bo_tpe,0,0,97,0.7785419165667067
diabetes,bo_tpe,0,0,98,0.7817806210848994
diabetes,bo_tpe,0,0,99,0.7817806210848994
diabetes,bo_tpe,0,0,100,0.7817806210848994
diabetes,pso,0,0,1,0.767093162734906
diabetes,pso,0,0,2,0.767093162734906
diabetes,pso,0,0,3,0.767093162734906
diabetes,pso,0,0,4,0.767093162734906
diabetes,pso,0,0,5,0.767093162734906
diabetes,pso,0,0,6,0.767093162734906
diabetes,pso,0,0,7,0.767093162734906
diabetes,pso,0,0,8,0.767093162734906
diabetes,pso,0,0,9,0.767093162734906
diabetes,pso,0,0,10,0.767093162734906
diabetes,pso,0,0,11,0.767093162734906
diabetes,pso,0,0,12,0.767093162734906
diabetes,pso,0,0,13,0.767093162734906
diabetes,pso,0,0,14,0.7687325069972012
diabetes,pso,0,0,15,0.7687325069972012
diabetes,pso,0,0,16,0.7703451952552312
diabetes,pso,0,0,17,0.7703451952552312
diabetes,pso,0,0,18,0.7703451952552312
diabetes,pso,0,0,19,0.7703451952552312
diabetes,pso,0,0,20,0.7703451952552312
diabetes,pso,0,0,21,0.7703451952552313
diabetes,pso,0,0,22,0.7703451952552313
diabetes,pso,0,0,23,0.7703451952552313
diabetes,pso,0,0,24,0.7703451952552313
diabetes,pso,0,0,25,0.7703451952552313
diabetes,pso,0,0,26,0.7703451952552313
diabetes,pso,0,0,27,0.7703451952552313
diabetes,pso,0,0,28,0.7703451952552313
diabetes,pso,0,0,29,0.7703451952552313
diabetes,pso,0,0,30,0.7703451952552313
diabetes,pso,0,0,31,0.7703451952552313
diabetes,pso,0,0,32,0.7850326536052246
diabetes,pso,0,0,33,0.7850326536052246
diabetes,pso,0,0,34,0.7850326536052246
diabetes,pso,0,0,35,0.7850326536052246
diabetes,pso,0,0,36,0.7850326536052246
diabetes,pso,0,0,37,0.7850326536052246
diabetes,pso,0,0,38,0.7850326536052246
diabetes,pso,0,0,39,0.7850326536052246
diabetes,pso,0,0,40,0.7850326536052246
diabetes,pso,0,0,41,0.7850326536052246
diabetes,pso,0,0,42,0.7850326536052246
diabetes,pso,0,0,43,0.7850326536052246
diabetes,pso,0,0,44,0.7850326536052246
diabetes,pso,0,0,45,0.7850326536052246
diabetes,pso,0,0,46,0.7850326536052246
diabetes,pso,0,0,47,0.7850326536052246
diabetes,pso,0,0,48,0.7850326536052246
diabetes,pso,0,0,49,0.7850326536052246
diabetes,pso,0,0,50,0.7850326536052246
diabetes,pso,0,0,51,0.7850326536052246
diabetes,pso,0,0,52,0.7850326536052246
diabetes,pso,0,0,53,0.7850326536052246
diabetes,pso,0,0,54,0.7850326536052246
diabetes,pso,0,0,55,0.7850326536052246
diabetes,pso,0,0,56,0.7850326536052246
diabetes,pso,0,0,57,0.7850326536052246
diabetes,pso,0,0,58,0.7850326536052246
diabetes,pso,0,0,59,0.7850326536052246
diabetes,pso,0,0,60,0.7850326536052246
diabetes,pso,0,0,61,0.7850326536052246
diabetes,pso,0,0,62,0.7850326536052246
diabetes,pso,0,0,63,0.7850326536052246
diabetes,pso,0,0,64,0.7850326536052246
diabetes,pso,0,0,65,0.7850326536052246
diabetes,pso,0,0,66,0.7850326536052246
diabetes,pso,0,0,67,0.7850326536052246
diabetes,pso,0,0,68,0.7850326536052246
diabetes,pso,0,0,69,0.7850326536052246
diabetes,pso,0,0,70,0.7850326536052246
diabetes,pso,0,0,71,0.7850326536052246
diabetes,pso,0,0,72,0.7850326536052246
diabetes,pso,0,0,73,0.7850326536052246
diabetes,pso,0,0,74,0.7850326536052246
diabetes,pso,0,0,75,0.7850326536052246
diabetes,pso,0,0,76,0.7850326536052246
diabetes,pso,0,0,77,0.7850326536052246
diabetes,pso,0,0,78,0.7850326536052246
diabetes,pso,0,0,79,0.7850326536052246
diabetes,pso,0,0,80,0.7850326536052246
diabetes,pso,0,0,81,0.7850326536052246
diabetes,pso,0,0,82,0.7850326536052246
diabetes,pso,0,0,83,0.7850326536052246
diabetes,pso,0,0,84,0.7850326536052246
diabetes,pso,0,0,85,0.7850326536052246
diabetes,pso,0,0,86,0.7850326536052246
diabetes,pso,0,0,87,0.7850326536052246
diabetes,pso,0,0,88,0.7850326536052246
diabetes,pso,0,0,89,0.7850326536052246
diabetes,pso,0,0,90,0.7850326536052246
diabetes,pso,0,0,91,0.7850326536052246
diabetes,pso,0,0,92,0.7850326536052246
diabetes,pso,0,0,93,0.7850326536052246
diabetes,pso,0,0,94,0.7850326536052246
diabetes,pso,0,0,95,0.7850326536052246
diabetes,pso,0,0,96,0.7850326536052246
diabetes,pso,0,0,97,0.7850326536052246
diabetes,pso,0,0,98,0.7850326536052246
diabetes,pso,0,0,99,0.7850326536052246
diabetes,pso,0,0,100,0.7850326536052246
diabetes,de,0,0,1,0.7687325069972012
diabetes,de,0,0,2,0.7687325069972012
diabetes,de,0,0,3,0.7687325069972012
diabetes,de,0,0,4,0.7687325069972012
diabetes,de,0,0,5,0.7687325069972012
diabetes,de,0,0,6,0.7687325069972012
diabetes,de,0,0,7,0.7687325069972012
diabetes,de,0,0,8,0.7687325069972012
diabetes,de,0,0,9,0.7687325069972012
diabetes,de,0,0,10,0.7687325069972012
diabetes,de,0,0,11,0.7687325069972012
diabetes,de,0,0,12,0.7687325069972012
diabetes,de,0,0,13,0.7687325069972012
diabetes,de,0,0,14,0.7687325069972012
diabetes,de,0,0,15,0.7687325069972012
diabetes,de,0,0,16,0.7687325069972012
diabetes,de,0,0,17,0.7687325069972012
diabetes,de,0,0,18,0.7687325069972012
diabetes,de,0,0,19,0.7687325069972012
diabetes,de,0,0,20,0.7687325069972012
diabetes,de,0,0,21,0.7687325069972012
diabetes,de,0,0,22,0.7687325069972012
diabetes,de,0,0,23,0.7687325069972012
diabetes,de,0,0,24,0.7687325069972012
diabetes,de,0,0,25,0.7687325069972012
diabetes,de,0,0,26,0.7687325069972012
diabetes,de,0,0,27,0.7687325069972012
diabetes,de,0,0,28,0.7687325069972012
diabetes,de,0,0,29,0.7687325069972012
diabetes,de,0,0,30,0.7687325069972012
diabetes,de,0,0,31,0.7687325069972012
diabetes,de,0,0,32,0.7687325069972012
diabetes,de,0,0,33,0.7687325069972012
diabetes,de,0,0,34,0.7687325069972012
diabetes,de,0,0,35,0.7687325069972012
diabetes,de,0,0,36,0.7687325069972012
diabetes,de,0,0,37,0.7687325069972012
diabetes,de,0,0,38,0.7687325069972012
diabetes,de,0,0,39,0.7687325069972012
diabetes,de,0,0,40,0.7687325069972012
diabetes,de,0,0,41,0.7687325069972012
diabetes,de,0,0,42,0.7687325069972012
diabetes,de,0,0,43,0.7687325069972012
diabetes,de,0,0,44,0.7687325069972012
diabetes,de,0,0,45,0.7687325069972012
diabetes,de,0,0,46,0.7687325069972012
diabetes,de,0,0,47,0.7687458349993337
diabetes,de,0,0,48,0.7687458349993337
diabetes,de,0,0,49,0.7687458349993337
diabetes,de,0,0,50,0.7687458349993337
diabetes,de,0,0,51,0.7687458349993337
diabetes,de,0,0,52,0.7687458349993337
diabetes,de,0,0,53,0.7687458349993337
diabetes,de,0,0,54,0.7687458349993337
diabetes,de,0,0,55,0.7687458349993337
diabetes,de,0,0,56,0.7687458349993337
diabetes,de,0,0,57,0.7687458349993337
diabetes,de,0,0,58,0.7687458349993337
diabetes,de,0,0,59,0.7687458349993337
diabetes,de,0,0,60,0.7687458349993337
diabetes,de,0,0,61,0.7687458349993337
diabetes,de,0,0,62,0.7687458349993337
diabetes,de,0,0,63,0.7687724910035986
diabetes,de,0,0,64,0.7687724910035986
diabetes,de,0,0,65,0.7687724910035986
diabetes,de,0,0,66,0.7687724910035986
diabetes,de,0,0,67,0.7687724910035986
diabetes,de,0,0,68,0.7687724910035986
diabetes,de,0,0,69,0.7687724910035986
diabetes,de,0,0,70,0.7687724910035986
diabetes,de,0,0,71,0.7687724910035986
diabetes,de,0,0,72,0.7687724910035986
diabetes,de,0,0,73,0.7687724910035986
diabetes,de,0,0,74,0.7687724910035986
diabetes,de,0,0,75,0.7687724910035986
diabetes,de,0,0,76,0.7687724910035986
diabetes,de,0,0,77,0.7687724910035986
diabetes,de,0,0,78,0.7687724910035986
diabetes,de,0,0,79,0.7687724910035986
diabetes,de,0,0,80,0.7687724910035986
diabetes,de,0,0,81,0.7687724910035986
diabetes,de,0,0,82,0.7687724910035986
diabetes,de,0,0,83,0.7687724910035986
diabetes,de,0,0,84,0.7687724910035986
diabetes,de,0,0,85,0.7687724910035986
diabetes,de,0,0,86,0.7687724910035986
diabetes,de,0,0,87,0.7687724910035986
diabetes,de,0,0,88,0.7687724910035986
diabetes,de,0,0,89,0.7687724910035986
diabetes,de,0,0,90,0.7687724910035986
diabetes,de,0,0,91,0.7687724910035986
diabetes,de,0,0,92,0.7687724910035986
diabetes,de,0,0,93,0.7687724910035986
diabetes,de,0,0,94,0.7687724910035986
diabetes,de,0,0,95,0.7687724910035986
diabetes,de,0,0,96,0.7687724910035986
diabetes,de,0,0,97,0.7687724910035986
diabetes,de,0,0,98,0.7687724910035986
diabetes,de,0,0,99,0.7687724910035986
diabetes,de,0,0,100,0.7687724910035986
diabetes,ga,0,0,1,0.7687325069972012
diabetes,ga,0,0,2,0.7687325069972012
diabetes,ga,0,0,3,0.7687325069972012
diabetes,ga,0,0,4,0.7687325069972012
diabetes,ga,0,0,5,0.7687325069972012
diabetes,ga,0,0,6,0.7687325069972012
diabetes,ga,0,0,7,0.7687325069972012
diabetes,ga,0,0,8,0.7687325069972012
diabetes,ga,0,0,9,0.7687325069972012
diabetes,ga,0,0,10,0.7687325069972012
diabetes,ga,0,0,11,0.7687325069972012
diabetes,ga,0,0,12,0.7687325069972012
diabetes,ga,0,0,13,0.7687325069972012
diabetes,ga,0,0,14,0.7687325069972012
diabetes,ga,0,0,15,0.7687325069972012
diabetes,ga,0,0,16,0.7687325069972012
diabetes,ga,0,0,17,0.7687325069972012
diabetes,ga,0,0,18,0.7687325069972012
diabetes,ga,0,0,19,0.7687325069972012
diabetes,ga,0,0,20,0.7687325069972012
diabetes,ga,0,0,21,0.7687325069972012
diabetes,ga,0,0,22,0.7687325069972012
diabetes,ga,0,0,23,0.7687325069972012
diabetes,ga,0,0,24,0.7687325069972012
diabetes,ga,0,0,25,0.7687325069972012
diabetes,ga,0,0,26,0.7687325069972012
diabetes,ga,0,0,27,0.7687325069972012
diabetes,ga,0,0,28,0.7687325069972012
diabetes,ga,0,0,29,0.7687325069972012
diabetes,ga,0,0,30,0.7687325069972012
diabetes,ga,0,0,31,0.7687325069972012
diabetes,ga,0,0,32,0.7687325069972012
diabetes,ga,0,0,33,0.7687325069972012
diabetes,ga,0,0,34,0.7687325069972012
diabetes,ga,0,0,35,0.7687724910035986
diabetes,ga,0,0,36,0.7687724910035986
diabetes,ga,0,0,37,0.7687724910035986
diabetes,ga,0,0,38,0.7687724910035986
diabetes,ga,0,0,39,0.7687724910035986
diabetes,ga,0,0,40,0.7687724910035986
diabetes,ga,0,0,41,0.7687724910035986
diabetes,ga,0,0,42,0.7687724910035986
diabetes,ga,0,0,43,0.7687724910035986
diabetes,ga,0,0,44,0.7687724910035986
diabetes,ga,0,0,45,0.7687724910035986
diabetes,ga,0,0,46,0.7687724910035986
diabetes,ga,0,0,47,0.7687724910035986
diabetes,ga,0,0,48,0.7687724910035986
diabetes,ga,0,0,49,0.7687724910035986
diabetes,ga,0,0,50,0.7687724910035986
diabetes,ga,0,0,51,0.7687724910035986
diabetes,ga,0,0,52,0.7687724910035986
diabetes,ga,0,0,53,0.7687724910035986
diabetes,ga,0,0,54,0.7687724910035986
diabetes,ga,0,0,55,0.7687724910035986
diabetes,ga,0,0,56,0.7687724910035986
diabetes,ga,0,0,57,0.7687724910035986
diabetes,ga,0,0,58,0.7687724910035986
diabetes,ga,0,0,59,0.7687724910035986
diabetes,ga,0,0,60,0.7687724910035986
diabetes,ga,0,0,61,0.7687724910035986
diabetes,ga,0,0,62,0.7687724910035986
diabetes,ga,0,0,63,0.7687724910035986
diabetes,ga,0,0,64,0.7687724910035986
diabetes,ga,0,0,65,0.7687724910035986
diabetes,ga,0,0,66,0.7687724910035986
diabetes,ga,0,0,67,0.7687724910035986
diabetes,ga,0,0,68,0.7687724910035986
diabetes,ga,0,0,69,0.7687724910035986
diabetes,ga,0,0,70,0.7687724910035986
diabetes,ga,0,0,71,0.7687724910035986
diabetes,ga,0,0,72,0.7687724910035986
diabetes,ga,0,0,73,0.7687724910035986
diabetes,ga,0,0,74,0.7687724910035986
diabetes,ga,0,0,75,0.7687724910035986
diabetes,ga,0,0,76,0.7687724910035986
diabetes,ga,0,0,77,0.7687724910035986
diabetes,ga,0,0,78,0.7687724910035986
diabetes,ga,0,0,79,0.7687724910035986
diabetes,ga,0,0,80,0.7687724910035986
diabetes,ga,0,0,81,0.7687724910035986
diabetes,ga,0,0,82,0.7687724910035986
diabetes,ga,0,0,83,0.7687724910035986
diabetes,ga,0,0,84,0.7687724910035986
diabetes,ga,0,0,85,0.7687724910035986
diabetes,ga,0,0,86,0.7687724910035986
diabetes,ga,0,0,87,0.7687724910035986
diabetes,ga,0,0,88,0.7687724910035986
diabetes,ga,0,0,89,0.7687724910035986
diabetes,ga,0,0,90,0.7687724910035986
diabetes,ga,0,0,91,0.7687724910035986
diabetes,ga,0,0,92,0.7687724910035986
diabetes,ga,0,0,93,0.7687724910035986
diabetes,ga,0,0,94,0.7687724910035986
diabetes,ga,0,0,95,0.7687724910035986
diabetes,ga,0,0,96,0.7687724910035986
diabetes,ga,0,0,97,0.7687724910035986
diabetes,ga,0,0,98,0.7687724910035986
diabetes,ga,0,0,99,0.7687724910035986
diabetes,ga,0,0,100,0.7687724910035986
diabetes,sa,0,0,1,0.6938158070105291
diabetes,sa,0,0,2,0.6938158070105291
diabetes,sa,0,0,3,0.6938158070105291
diabetes,sa,0,0,4,0.6938158070105291
diabetes,sa,0,0,5,0.6938158070105291
diabetes,sa,0,0,6,0.6938158070105291
diabetes,sa,0,0,7,0.6938158070105291
diabetes,sa,0,0,8,0.6938158070105291
diabetes,sa,0,0,9,0.6938158070105291
diabetes,sa,0,0,10,0.6938158070105291
diabetes,sa,0,0,11,0.6938158070105291
diabetes,sa,0,0,12,0.6938158070105291
diabetes,sa,0,0,13,0.6938158070105291
diabetes,sa,0,0,14,0.6938158070105291
diabetes,sa,0,0,15,0.6938158070105291
diabetes,sa,0,0,16,0.6938158070105291
diabetes,sa,0,0,17,0.6954684792749568
diabetes,sa,0,0,18,0.6954684792749568
diabetes,sa,0,0,19,0.6954684792749568
diabetes,sa,0,0,20,0.6954684792749568
diabetes,sa,0,0,21,0.7035852325736373
diabetes,sa,0,0,22,0.7035852325736373
diabetes,sa,0,0,23,0.7606157536985206
diabetes,sa,0,0,24,0.7655071304811408
diabetes,sa,0,0,25,0.7655071304811408
diabetes,sa,0,0,26,0.7655071304811408
diabetes,sa,0,0,27,0.7655071304811408
diabetes,sa,0,0,28,0.7655071304811408
diabetes,sa,0,0,29,0.7655071304811408
diabetes,sa,0,0,30,0.7655071304811408
diabetes,sa,0,0,31,0.7655071304811408
diabetes,sa,0,0,32,0.7655071304811408
diabetes,sa,0,0,33,0.7655071304811408
diabetes,sa,0,0,34,0.7655071304811408
diabetes,sa,0,0,35,0.7655071304811408
diabetes,sa,0,0,36,0.7687325069972012
diabetes,sa,0,0,37,0.7687325069972012
diabetes,sa,0,0,38,0.7687325069972012
diabetes,sa,0,0,39,0.7687325069972012
diabetes,sa,0,0,40,0.7687325069972012
diabetes,sa,0,0,41,0.7687325069972012
diabetes,sa,0,0,42,0.7687325069972012
diabetes,sa,0,0,43,0.7687325069972012
diabetes,sa,0,0,44,0.7687325069972012
diabetes,sa,0,0,45,0.7687325069972012
diabetes,sa,0,0,46,0.7687325069972012
diabetes,sa,0,0,47,0.7687325069972012
diabetes,sa,0,0,48,0.7687325069972012
diabetes,sa,0,0,49,0.7719845395175262
diabetes,sa,0,0,50,0.7719845395175262
diabetes,sa,0,0,51,0.7719845395175262
diabetes,sa,0,0,52,0.7719845395175262
diabetes,sa,0,0,53,0.7719845395175262
diabetes,sa,0,0,54,0.7719978675196588
diabetes,sa,0,0,55,0.7719978675196588
diabetes,sa,0,0,56,0.7719978675196588
diabetes,sa,0,0,57,0.7719978675196588
diabetes,sa,0,0,58,0.7719978675196588
diabetes,sa,0,0,59,0.7719978675196588
diabetes,sa,0,0,60,0.773583899773424
diabetes,sa,0,0,61,0.773583899773424
diabetes,sa,0,0,62,0.773583899773424
diabetes,sa,0,0,63,0.773583899773424
diabetes,sa,0,0,64,0.773583899773424
diabetes,sa,0,0,65,0.773583899773424
diabetes,sa,0,0,66,0.773583899773424
diabetes,sa,0,0,67,0.773583899773424
diabetes,sa,0,0,68,0.773583899773424
diabetes,sa,0,0,69,0.7736238837798215
diabetes,sa,0,0,70,0.7736238837798215
diabetes,sa,0,0,71,0.7736238837798215
diabetes,sa,0,0,72,0.7736238837798215
diabetes,sa,0,0,73,0.7736238837798215
diabetes,sa,0,0,74,0.7736238837798215
diabetes,sa,0,0,75,0.7736238837798215
diabetes,sa,0,0,76,0.7736238837798215
diabetes,sa,0,0,77,0.7736238837798215
diabetes,sa,0,0,78,0.7736238837798215
diabetes,sa,0,0,79,0.7736238837798215
diabetes,sa,0,0,80,0.7736238837798215
diabetes,sa,0,0,81,0.7736238837798215
diabetes,sa,0,0,82,0.7736238837798215
diabetes,sa,0,0,83,0.7736238837798215
diabetes,sa,0,0,84,0.7736238837798215
diabetes,sa,0,0,85,0.7736238837798215
diabetes,sa,0,0,86,0.7736238837798215
diabetes,sa,0,0,87,0.7736238837798215
diabetes,sa,0,0,88,0.7736238837798215
diabetes,sa,0,0,89,0.7736238837798215
diabetes,sa,0,0,90,0.7736238837798215
diabetes,sa,0,0,91,0.7736238837798215
diabetes,sa,0,0,92,0.7736238837798215
diabetes,sa,0,0,93,0.7736238837798215
diabetes,sa,0,0,94,0.7736238837798215
diabetes,sa,0,0,95,0.7736238837798215
diabetes,sa,0,0,96,0.7736238837798215
diabetes,sa,0,0,97,0.7736238837798215
diabetes,sa,0,0,98,0.7736238837798215
diabetes,sa,0,0,99,0.7736238837798215
diabetes,sa,0,0,100,0.7736238837798215
diabetes,grid,1,1,1,0.6514727442356391
diabetes,grid,1,1,2,0.6514727442356391
diabetes,grid,1,1,3,0.6514727442356391
diabetes,grid,1,1,4,0.6514727442356391
diabetes,grid,1,1,5,0.6514727442356391
diabetes,grid,1,1,6,0.6514727442356391
diabetes,grid,1,1,7,0.6514727442356391
diabetes,grid,1,1,8,0.6514727442356391
diabetes,grid,1,1,9,0.6514727442356391
diabetes,grid,1,1,10,0.6514727442356391
diabetes,grid,1,1,11,0.6514727442356391
diabetes,grid,1,1,12,0.6514727442356391
diabetes,grid,1,1,13,0.6514727442356391
diabetes,grid,1,1,14,0.6514727442356391
diabetes,grid,1,1,15,0.6514727442356391
diabetes,grid,1,1,16,0.7588164734106357
diabetes,grid,1,1,17,0.7588164734106357
diabetes,grid,1,1,18,0.7588164734106357
diabetes,grid,1,1,19,0.7588164734106357
diabetes,grid,1,1,20,0.7588164734106357
diabetes,grid,1,1,21,0.7588164734106357
diabetes,grid,1,1,22,0.7588164734106357
diabetes,grid,1,1,23,0.7588164734106357
diabetes,grid,1,1,24,0.7588164734106357
diabetes,grid,1,1,25,0.7636945221911235
diabetes,grid,1,1,26,0.7686258829801413
diabetes,grid,1,1,27,0.7686258829801413
diabetes,grid,1,1,28,0.7686258829801413
diabetes,grid,1,1,29,0.7686258829801413
diabetes,grid,1,1,30,0.7686258829801413
diabetes,grid,1,1,31,0.7686258829801413
diabetes,grid,1,1,32,0.7686258829801413
diabetes,grid,1,1,33,0.7686258829801413
diabetes,grid,1,1,34,0.7686258829801413
diabetes,grid,1,1,35,0.7686258829801413
diabetes,grid,1,1,36,0.7686258829801413
diabetes,grid,1,1,37,0.7686258829801413
diabetes,grid,1,1,38,0.7686258829801413
diabetes,grid,1,1,39,0.7686258829801413
diabetes,grid,1,1,40,0.7686258829801413
diabetes,grid,1,1,41,0.7686258829801413
diabetes,grid,1,1,42,0.7686258829801413
diabetes,grid,1,1,43,0.7686258829801413
diabetes,grid,1,1,44,0.7686258829801413
diabetes,grid,1,1,45,0.771864587498334
diabetes,grid,1,1,46,0.771864587498334
diabetes,grid,1,1,47,0.771864587498334
diabetes,grid,1,1,48,0.771864587498334
diabetes,grid,1,1,49,0.771864587498334
diabetes,grid,1,1,50,0.771864587498334
diabetes,grid,1,1,51,0.771864587498334
diabetes,grid,1,1,52,0.771864587498334
diabetes,grid,1,1,53,0.771864587498334
diabetes,grid,1,1,54,0.771864587498334
diabetes,grid,1,1,55,0.771864587498334
diabetes,grid,1,1,56,0.771864587498334
diabetes,grid,1,1,57,0.771864587498334
diabetes,grid,1,1,58,0.771864587498334
diabetes,grid,1,1,59,0.771864587498334
diabetes,grid,1,1,60,0.771864587498334
diabetes,grid,1,1,61,0.771864587498334
diabetes,grid,1,1,62,0.771864587498334
diabetes,grid,1,1,63,0.771864587498334
diabetes,grid,1,1,64,0.7734772757563642
diabetes,grid,1,1,65,0.7734772757563642
diabetes,grid,1,1,66,0.7734772757563642
diabetes,grid,1,1,67,0.7734772757563642
diabetes,grid,1,1,68,0.7734772757563642
diabetes,grid,1,1,69,0.7734772757563642
diabetes,grid,1,1,70,0.7734772757563642
diabetes,grid,1,1,71,0.7734772757563642
diabetes,grid,1,1,72,0.7734772757563642
diabetes,grid,1,1,73,0.7734772757563642
diabetes,grid,1,1,74,0.7734772757563642
diabetes,grid,1,1,75,0.7734772757563642
diabetes,grid,1,1,76,0.7734772757563642
diabetes,grid,1,1,77,0.7734772757563642
diabetes,grid,1,1,78,0.7734772757563642
diabetes,grid,1,1,79,0.7734772757563642
diabetes,grid,1,1,80,0.7734772757563642
diabetes,grid,1,1,81,0.7734772757563642
diabetes,grid,1,1,82,0.7734772757563642
diabetes,grid,1,1,83,0.7734906037584967
diabetes,grid,1,1,84,0.7734906037584967
diabetes,grid,1,1,85,0.7734906037584967
diabetes,grid,1,1,86,0.7734906037584967
diabetes,grid,1,1,87,0.7734906037584967
diabetes,grid,1,1,88,0.7734906037584967
diabetes,grid,1,1,89,0.7734906037584967
diabetes,grid,1,1,90,0.7734906037584967
diabetes,grid,1,1,91,0.7734906037584967
diabetes,grid,1,1,92,0.7734906037584967
diabetes,grid,1,1,93,0.7734906037584967
diabetes,grid,1,1,94,0.7734906037584967
diabetes,grid,1,1,95,0.7734906037584967
diabetes,grid,1,1,96,0.7734906037584967
diabetes,grid,1,1,97,0.7734906037584967
diabetes,grid,1,1,98,0.7734906037584967
diabetes,grid,1,1,99,0.7734906037584967
diabetes,grid,1,1,100,0.7734906037584967
diabetes,random,1,1,1,0.6969612155137945
diabetes,random,1,1,2,0.7523657203785152
diabetes,random,1,1,3,0.7523657203785152
diabetes,random,1,1,4,0.7523657203785152
diabetes,random,1,1,5,0.7620951619352259
diabetes,random,1,1,6,0.7620951619352259
diabetes,random,1,1,7,0.7620951619352259
diabetes,random,1,1,8,0.7620951619352259
diabetes,random,1,1,9,0.7620951619352259
diabetes,random,1,1,10,0.7620951619352259
diabetes,random,1,1,11,0.7620951619352259
diabetes,random,1,1,12,0.7620951619352259
diabetes,random,1,1,13,0.7669598827135813
diabetes,random,1,1,14,0.7669598827135813
diabetes,random,1,1,15,0.7751299480207917
diabetes,random,1,1,16,0.7751299480207917
diabetes,random,1,1,17,0.7751299480207917
diabetes,random,1,1,18,0.7751299480207917
diabetes,random,1,1,19,0.7751299480207917
diabetes,random,1,1,20,0.7751299480207917
diabetes,random,1,1,21,0.7751299480207917
diabetes,random,1,1,22,0.7751299480207917
diabetes,random,1,1,23,0.7751299480207917
diabetes,random,1,1,24,0.7751299480207917
diabetes,random,1,1,25,0.7751299480207917
diabetes,random,1,1,26,0.7751299480207917
diabetes,random,1,1,27,0.7751299480207917
diabetes,random,1,1,28,0.7751299480207917
diabetes,random,1,1,29,0.7751299480207917
diabetes,random,1,1,30,0.7751299480207917
diabetes,random,1,1,31,0.7751299480207917
diabetes,random,1,1,32,0.7751299480207917
diabetes,random,1,1,33,0.7751299480207917
diabetes,random,1,1,34,0.7751299480207917
diabetes,random,1,1,35,0.7751299480207917
diabetes,random,1,1,36,0.7751299480207917
diabetes,random,1,1,37,0.7751299480207917
diabetes,random,1,1,38,0.7751299480207917
diabetes,random,1,1,39,0.7751299480207917
diabetes,random,1,1,40,0.7751299480207917
diabetes,random,1,1,41,0.7751299480207917
diabetes,random,1,1,42,0.7751299480207917
diabetes,random,1,1,43,0.7751299480207917
diabetes,random,1,1,44,0.7751299480207917
diabetes,random,1,1,45,0.7751299480207917
diabetes,random,1,1,46,0.7751299480207917
diabetes,random,1,1,47,0.7751299480207917
diabetes,random,1,1,48,0.7751299480207917
diabetes,random,1,1,49,0.7751299480207917
diabetes,random,1,1,50,0.7751299480207917
diabetes,random,1,1,51,0.7751299480207917
diabetes,random,1,1,52,0.7751299480207917
diabetes,random,1,1,53,0.7751299480207917
diabetes,random,1,1,54,0.7751299480207917
diabetes,random,1,1,55,0.7751299480207917
diabetes,random,1,1,56,0.7751299480207917
diabetes,random,1,1,57,0.7751299480207917
diabetes,random,1,1,58,0.7751299480207917
diabetes,random,1,1,59,0.7751299480207917
diabetes,random,1,1,60,0.7751299480207917
diabetes,random,1,1,61,0.7751299480207917
diabetes,random,1,1,62,0.7751299480207917
diabetes,random,1,1,63,0.7751299480207917
diabetes,random,1,1,64,0.7751299480207917
diabetes,random,1,1,65,0.7751299480207917
diabetes,random,1,1,66,0.7751299480207917
diabetes,random,1,1,67,0.7751299480207917
diabetes,random,1,1,68,0.7751299480207917
diabetes,random,1,1,69,0.7751299480207917
diabetes,random,1,1,70,0.7751299480207917
diabetes,random,1,1,71,0.7751299480207917
diabetes,random,1,1,72,0.7751299480207917
diabetes,random,1,1,73,0.7751299480207917
diabetes,random,1,1,74,0.7751299480207917
diabetes,random,1,1,75,0.7751299480207917
diabetes,random,1,1,76,0.7751299480207917
diabetes,random,1,1,77,0.7751566040250566
diabetes,random,1,1,78,0.7751566040250566
diabetes,random,1,1,79,0.7751566040250566
diabetes,random,1,1,80,0.7751566040250566
diabetes,random,1,1,81,0.7751566040250566
diabetes,random,1,1,82,0.7751566040250566
diabetes,random,1,1,83,0.7751566040250566
diabetes,random,1,1,84,0.7751566040250566
diabetes,random,1,1,85,0.7751566040250566
diabetes,random,1,1,86,0.7751566040250566
diabetes,random,1,1,87,0.7751566040250566
diabetes,random,1,1,88,0.7751566040250566
diabetes,random,1,1,89,0.7751566040250566
diabetes,random,1,1,90,0.7751566040250566
diabetes,random,1,1,91,0.7751566040250566
diabetes,random,1,1,92,0.7751566040250566
diabetes,random,1,1,93,0.7751566040250566
diabetes,random,1,1,94,0.7751566040250566
diabetes,random,1,1,95,0.7751566040250566
diabetes,random,1,1,96,0.7751566040250566
diabetes,random,1,1,97,0.7751566040250566
diabetes,random,1,1,98,0.7751566040250566
diabetes,random,1,1,99,0.7751566040250566
diabetes,random,1,1,100,0.7751566040250566
diabetes,bo_tpe,1,1,1,0.6969612155137945
diabetes,bo_tpe,1,1,2,0.7523657203785152
diabetes,bo_tpe,1,1,3,0.7523657203785152
diabetes,bo_tpe,1,1,4,0.7523657203785152
diabetes,bo_tpe,1,1,5,0.7620951619352259
diabetes,bo_tpe,1,1,6,0.7620951619352259
diabetes,bo_tpe,1,1,7,0.7620951619352259
diabetes,bo_tpe,1,1,8,0.7620951619352259
diabetes,bo_tpe,1,1,9,0.7620951619352259
diabetes,bo_tpe,1,1,10,0.7620951619352259
diabetes,bo_tpe,1,1,11,0.7620951619352259
diabetes,bo_tpe,1,1,12,0.763734506197521
diabetes,bo_tpe,1,1,13,0.763734506197521
diabetes,bo_tpe,1,1,14,0.7669732107157137
diabetes,bo_tpe,1,1,15,0.7734906037584967
diabetes,bo_tpe,1,1,16,0.7734906037584967
diabetes,bo_tpe,1,1,17,0.7734906037584967
diabetes,bo_tpe,1,1,18,0.7734906037584967
diabetes,bo_tpe,1,1,19,0.7734906037584967
diabetes,bo_tpe,1,1,20,0.7734906037584967
diabetes,bo_tpe,1,1,21,0.7734906037584967
diabetes,bo_tpe,1,1,22,0.7734906037584967
diabetes,bo_tpe,1,1,23,0.7734906037584967
diabetes,bo_tpe,1,1,24,0.7734906037584967
diabetes,bo_tpe,1,1,25,0.7734906037584967
diabetes,bo_tpe,1,1,26,0.7734906037584967
diabetes,bo_tpe,1,1,27,0.7734906037584967
diabetes,bo_tpe,1,1,28,0.7734906037584967
diabetes,bo_tpe,1,1,29,0.7734906037584967
diabetes,bo_tpe,1,1,30,0.7734906037584967
diabetes,bo_tpe,1,1,31,0.7734906037584967
diabetes,bo_tpe,1,1,32,0.7734906037584967
diabetes,bo_tpe,1,1,33,0.7734906037584967
diabetes,bo_tpe,1,1,34,0.7734906037584967
diabetes,bo_tpe,1,1,35,0.7734906037584967
diabetes,bo_tpe,1,1,36,0.7734906037584967
diabetes,bo_tpe,1,1,37,0.7734906037584967
diabetes,bo_tpe,1,1,38,0.7734906037584967
diabetes,bo_tpe,1,1,39,0.7734906037584967
diabetes,bo_tpe,1,1,40,0.7734906037584967
diabetes,bo_tpe,1,1,41,0.7734906037584967
diabetes,bo_tpe,1,1,42,0.7734906037584967
diabetes,bo_tpe,1,1,43,0.7734906037584967
diabetes,bo_tpe,1,1,44,0.7734906037584967
diabetes,bo_tpe,1,1,45,0.7734906037584967
diabetes,bo_tpe,1,1,46,0.7734906037584967
diabetes,bo_tpe,1,1,47,0.7734906037584967
diabetes,bo_tpe,1,1,48,0.7734906037584967
diabetes,bo_tpe,1,1,49,0.7734906037584967
diabetes,bo_tpe,1,1,50,0.7734906037584967
diabetes,bo_tpe,1,1,51,0.7734906037584967
diabetes,bo_tpe,1,1,52,0.7734906037584967
diabetes,bo_tpe,1,1,53,0.7734906037584967
diabetes,bo_tpe,1,1,54,0.7734906037584967
diabetes,bo_tpe,1,1,55,0.7734906037584967
diabetes,bo_tpe,1,1,56,0.7734906037584967
diabetes,bo_tpe,1,1,57,0.7734906037584967
diabetes,bo_tpe,1,1,58,0.7734906037584967
diabetes,bo_tpe,1,1,59,0.7734906037584967
diabetes,bo_tpe,1,1,60,0.7734906037584967
diabetes,bo_tpe,1,1,61,0.7734906037584967
diabetes,bo_tpe,1,1,62,0.7734906037584967
diabetes,bo_tpe,1,1,63,0.7734906037584967
diabetes,bo_tpe,1,1,64,0.7734906037584967
diabetes,bo_tpe,1,1,65,0.7734906037584967
diabetes,bo_tpe,1,1,66,0.7734906037584967
diabetes,bo_tpe,1,1,67,0.7734906037584967
diabetes,bo_tpe,1,1,68,0.7734906037584967
diabetes,bo_tpe,1,1,69,0.7734906037584967
diabetes,bo_tpe,1,1,70,0.7734906037584967
diabetes,bo_tpe,1,1,71,0.7734906037584967
diabetes,bo_tpe,1,1,72,0.7734906037584967
diabetes,bo_tpe,1,1,73,0.7734906037584967
diabetes,bo_tpe,1,1,74,0.7734906037584967
diabetes,bo_tpe,1,1,75,0.7734906037584967
diabetes,bo_tpe,1,1,76,0.7734906037584967
diabetes,bo_tpe,1,1,77,0.7734906037584967
diabetes,bo_tpe,1,1,78,0.7734906037584967
diabetes,bo_tpe,1,1,79,0.7734906037584967
diabetes,bo_tpe,1,1,80,0.7734906037584967
diabetes,bo_tpe,1,1,81,0.7734906037584967
diabetes,bo_tpe,1,1,82,0.7734906037584967
diabetes,bo_tpe,1,1,83,0.7734906037584967
diabetes,bo_tpe,1,1,84,0.7734906037584967
diabetes,bo_tpe,1,1,85,0.7734906037584967
diabetes,bo_tpe,1,1,86,0.7734906037584967
diabetes,bo_tpe,1,1,87,0.7734906037584967
diabetes,bo_tpe,1,1,88,0.7734906037584967
diabetes,bo_tpe,1,1,89,0.7734906037584967
diabetes,bo_tpe,1,1,90,0.7734906037584967
diabetes,bo_tpe,1,1,91,0.7734906037584967
diabetes,bo_tpe,1,1,92,0.7734906037584967
diabetes,bo_tpe,1,1,93,0.7734906037584967
diabetes,bo_tpe,1,1,94,0.7734906037584967
diabetes,bo_tpe,1,1,95,0.7734906037584967
diabetes,bo_tpe,1,1,96,0.7734906037584967
diabetes,bo_tpe,1,1,97,0.7734906037584967
diabetes,bo_tpe,1,1,98,0.7734906037584967
diabetes,bo_tpe,1,1,99,0.7734906037584967
diabetes,bo_tpe,1,1,100,0.7734906037584967
diabetes,pso,1,1,1,0.7653205384512861
diabetes,pso,1,1,2,0.7653205384512861
diabetes,pso,1,1,3,0.7653205384512861
diabetes,pso,1,1,4,0.7653205384512861
diabetes,pso,1,1,5,0.7653205384512861
diabetes,pso,1,1,6,0.7653205384512861
diabetes,pso,1,1,7,0.7653205384512861
diabetes,pso,1,1,8,0.7653205384512861
diabetes,pso,1,1,9,0.7653205384512861
diabetes,pso,1,1,10,0.7669732107157137
diabetes,pso,1,1,11,0.7669732107157137
diabetes,pso,1,1,12,0.7669732107157137
diabetes,pso,1,1,13,0.7669732107157137
diabetes,pso,1,1,14,0.7669732107157137
diabetes,pso,1,1,15,0.7669732107157137
diabetes,pso,1,1,16,0.7718779155004666
diabetes,pso,1,1,17,0.7718779155004666
diabetes,pso,1,1,18,0.7718779155004666
diabetes,pso,1,1,19,0.7718779155004666
diabetes,pso,1,1,20,0.7718779155004666
diabetes,pso,1,1,21,0.7718779155004666
diabetes,pso,1,1,22,0.7718779155004666
diabetes,pso,1,1,23,0.7718779155004666
diabetes,pso,1,1,24,0.7718779155004666
diabetes,pso,1,1,25,0.7718779155004666
diabetes,pso,1,1,26,0.7718779155004666
diabetes,pso,1,1,27,0.7718779155004666
diabetes,pso,1,1,28,0.7718779155004666
diabetes,pso,1,1,29,0.7718779155004666
diabetes,pso,1,1,30,0.7718779155004666
diabetes,pso,1,1,31,0.7718779155004666
diabetes,pso,1,1,32,0.7718779155004666
diabetes,pso,1,1,33,0.7718779155004666
diabetes,pso,1,1,34,0.7718779155004666
diabetes,pso,1,1,35,0.7718779155004666
diabetes,pso,1,1,36,0.7718779155004666
diabetes,pso,1,1,37,0.7718779155004666
diabetes,pso,1,1,38,0.7718779155004666
diabetes,pso,1,1,39,0.7718779155004666
diabetes,pso,1,1,40,0.7718779155004666
diabetes,pso,1,1,41,0.7718779155004666
diabetes,pso,1,1,42,0.7718779155004666
diabetes,pso,1,1,43,0.7718779155004666
diabetes,pso,1,1,44,0.7718779155004666
diabetes,pso,1,1,45,0.7718779155004666
diabetes,pso,1,1,46,0.7718779155004666
diabetes,pso,1,1,47,0.7718779155004666
diabetes,pso,1,1,48,0.7718779155004666
diabetes,pso,1,1,49,0.7718779155004666
diabetes,pso,1,1,50,0.7718779155004666
diabetes,pso,1,1,51,0.7718779155004666
diabetes,pso,1,1,52,0.7734906037584967
diabetes,pso,1,1,53,0.7734906037584967
diabetes,pso,1,1,54,0.7734906037584967
diabetes,pso,1,1,55,0.7734906037584967
diabetes,pso,1,1,56,0.7734906037584967
diabetes,pso,1,1,57,0.7734906037584967
diabetes,pso,1,1,58,0.7734906037584967
diabetes,pso,1,1,59,0.7734906037584967
diabetes,pso,1,1,60,0.7734906037584967
diabetes,pso,1,1,61,0.7734906037584967
diabetes,pso,1,1,62,0.7734906037584967
diabetes,pso,1,1,63,0.7734906037584967
diabetes,pso,1,1,64,0.7734906037584967
diabetes,pso,1,1,65,0.7734906037584967
diabetes,pso,1,1,66,0.7734906037584967
diabetes,pso,1,1,67,0.7734906037584967
diabetes,pso,1,1,68,0.7734906037584967
diabetes,pso,1,1,69,0.7734906037584967
diabetes,pso,1,1,70,0.7734906037584967
diabetes,pso,1,1,71,0.7734906037584967
diabetes,pso,1,1,72,0.7734906037584967
diabetes,pso,1,1,73,0.7734906037584967
diabetes,pso,1,1,74,0.7734906037584967
diabetes,pso,1,1,75,0.7734906037584967
diabetes,pso,1,1,76,0.7734906037584967
diabetes,pso,1,1,77,0.7734906037584967
diabetes,pso,1,1,78,0.7734906037584967
diabetes,pso,1,1,79,0.7734906037584967
diabetes,pso,1,1,80,0.7734906037584967
diabetes,pso,1,1,81,0.7734906037584967
diabetes,pso,1,1,82,0.7734906037584967
diabetes,pso,1,1,83,0.7734906037584967
diabetes,pso,1,1,84,0.7734906037584967
diabetes,pso,1,1,85,0.7734906037584967
diabetes,pso,1,1,86,0.7734906037584967
diabetes,pso,1,1,87,0.7734906037584967
diabetes,pso,1,1,88,0.7767826202852193
diabetes,pso,1,1,89,0.7767826202852193
diabetes,pso,1,1,90,0.7767826202852193
diabetes,pso,1,1,91,0.7767826202852193
diabetes,pso,1,1,92,0.7767826202852193
diabetes,pso,1,1,93,0.7767826202852193
diabetes,pso,1,1,94,0.7767826202852193
diabetes,pso,1,1,95,0.7767826202852193
diabetes,pso,1,1,96,0.7767826202852193
diabetes,pso,1,1,97,0.7767826202852193
diabetes,pso,1,1,98,0.7767826202852193
diabetes,pso,1,1,99,0.7767826202852193
diabetes,pso,1,1,100,0.7767826202852193
diabetes,de,1,1,1,0.7604424896707983
diabetes,de,1,1,2,0.7604424896707983
diabetes,de,1,1,3,0.7604424896707983
diabetes,de,1,1,4,0.7604424896707983
diabetes,de,1,1,5,0.7604424896707983
diabetes,de,1,1,6,0.7604424896707983
diabetes,de,1,1,7,0.7604424896707983
diabetes,de,1,1,8,0.7604424896707983
diabetes,de,1,1,9,0.7604424896707983
diabetes,de,1,1,10,0.7604424896707983
diabetes,de,1,1,11,0.7604424896707983
diabetes,de,1,1,12,0.7604424896707983
diabetes,de,1,1,13,0.7653471944555511
diabetes,de,1,1,14,0.7653471944555511
diabetes,de,1,1,15,0.7653471944555511
diabetes,de,1,1,16,0.7669865387178462
diabetes,de,1,1,17,0.7669865387178462
diabetes,de,1,1,18,0.7669865387178462
diabetes,de,1,1,19,0.7669865387178462
diabetes,de,1,1,20,0.7669865387178462
diabetes,de,1,1,21,0.7702252432360389
diabetes,de,1,1,22,0.7702252432360389
diabetes,de,1,1,23,0.7702252432360389
diabetes,de,1,1,24,0.7702252432360389
diabetes,de,1,1,25,0.7702252432360389
diabetes,de,1,1,26,0.7702252432360389
diabetes,de,1,1,27,0.7702252432360389
diabetes,de,1,1,28,0.7702252432360389
diabetes,de,1,1,29,0.7702252432360389
diabetes,de,1,1,30,0.7702252432360389
diabetes,de,1,1,31,0.7702252432360389
diabetes,de,1,1,32,0.7702252432360389
diabetes,de,1,1,33,0.7702252432360389
diabetes,de,1,1,34,0.7702252432360389
diabetes,de,1,1,35,0.7734906037584967
diabetes,de,1,1,36,0.7734906037584967
diabetes,de,1,1,37,0.7734906037584967
diabetes,de,1,1,38,0.7734906037584967
diabetes,de,1,1,39,0.7734906037584967
diabetes,de,1,1,40,0.7734906037584967
diabetes,de,1,1,41,0.7734906037584967
diabetes,de,1,1,42,0.7734906037584967
diabetes,de,1,1,43,0.7734906037584967
diabetes,de,1,1,44,0.7734906037584967
diabetes,de,1,1,45,0.7734906037584967
diabetes,de,1,1,46,0.7734906037584967
diabetes,de,1,1,47,0.7734906037584967
diabetes,de,1,1,48,0.7734906037584967
diabetes,de,1,1,49,0.7734906037584967
diabetes,de,1,1,50,0.7734906037584967
diabetes,de,1,1,51,0.7734906037584967
diabetes,de,1,1,52,0.7734906037584967
diabetes,de,1,1,53,0.7734906037584967
diabetes,de,1,1,54,0.7734906037584967
diabetes,de,1,1,55,0.7734906037584967
diabetes,de,1,1,56,0.7734906037584967
diabetes,de,1,1,57,0.7734906037584967
diabetes,de,1,1,58,0.7734906037584967
diabetes,de,1,1,59,0.7734906037584967
diabetes,de,1,1,60,0.7734906037584967
diabetes,de,1,1,61,0.7734906037584967
diabetes,de,1,1,62,0.7734906037584967
diabetes,de,1,1,63,0.7734906037584967
diabetes,de,1,1,64,0.7734906037584967
diabetes,de,1,1,65,0.7734906037584967
diabetes,de,1,1,66,0.7734906037584967
diabetes,de,1,1,67,0.7734906037584967
diabetes,de,1,1,68,0.7734906037584967
diabetes,de,1,1,69,0.7734906037584967
diabetes,de,1,1,70,0.7734906037584967
diabetes,de,1,1,71,0.7734906037584967
diabetes,de,1,1,72,0.7734906037584967
diabetes,de,1,1,73,0.7734906037584967
diabetes,de,1,1,74,0.7734906037584967
diabetes,de,1,1,75,0.7734906037584967
diabetes,de,1,1,76,0.7734906037584967
diabetes,de,1,1,77,0.7734906037584967
diabetes,de,1,1,78,0.7734906037584967
diabetes,de,1,1,79,0.7734906037584967
diabetes,de,1,1,80,0.7734906037584967
diabetes,de,1,1,81,0.7734906037584967
diabetes,de,1,1,82,0.7734906037584967
diabetes,de,1,1,83,0.7734906037584967
diabetes,de,1,1,84,0.7734906037584967
diabetes,de,1,1,85,0.7734906037584967
diabetes,de,1,1,86,0.7734906037584967
diabetes,de,1,1,87,0.7734906037584967
diabetes,de,1,1,88,0.7734906037584967
diabetes,de,1,1,89,0.7734906037584967
diabetes,de,1,1,90,0.7734906037584967
diabetes,de,1,1,91,0.7734906037584967
diabetes,de,1,1,92,0.7734906037584967
diabetes,de,1,1,93,0.7734906037584967
diabetes,de,1,1,94,0.7734906037584967
diabetes,de,1,1,95,0.7734906037584967
diabetes,de,1,1,96,0.7734906037584967
diabetes,de,1,1,97,0.7734906037584967
diabetes,de,1,1,98,0.7734906037584967
diabetes,de,1,1,99,0.7734906037584967
diabetes,de,1,1,100,0.7734906037584967
diabetes,ga,1,1,1,0.7604424896707983
diabetes,ga,1,1,2,0.7604424896707983
diabetes,ga,1,1,3,0.7604424896707983
diabetes,ga,1,1,4,0.7604424896707983
diabetes,ga,1,1,5,0.7604424896707983
diabetes,ga,1,1,6,0.7604424896707983
diabetes,ga,1,1,7,0.7604424896707983
diabetes,ga,1,1,8,0.7604424896707983
diabetes,ga,1,1,9,0.7604424896707983
diabetes,ga,1,1,10,0.7604424896707983
diabetes,ga,1,1,11,0.7604424896707983
diabetes,ga,1,1,12,0.7604424896707983
diabetes,ga,1,1,13,0.7653471944555511
diabetes,ga,1,1,14,0.7653471944555511
diabetes,ga,1,1,15,0.7653471944555511
diabetes,ga,1,1,16,0.7669865387178462
diabetes,ga,1,1,17,0.7669865387178462
diabetes,ga,1,1,18,0.7669865387178462
diabetes,ga,1,1,19,0.7669865387178462
diabetes,ga,1,1,20,0.7669865387178462
diabetes,ga,1,1,21,0.7669865387178462
diabetes,ga,1,1,22,0.7669865387178462
diabetes,ga,1,1,23,0.7669865387178462
diabetes,ga,1,1,24,0.7669865387178462
diabetes,ga,1,1,25,0.7669865387178462
diabetes,ga,1,1,26,0.7669865387178462
diabetes,ga,1,1,27,0.7670131947221112
diabetes,ga,1,1,28,0.7670131947221112
diabetes,ga,1,1,29,0.7670131947221112
diabetes,ga,1,1,30,0.7670131947221112
diabetes,ga,1,1,31,0.773503931760629
diabetes,ga,1,1,32,0.773503931760629
diabetes,ga,1,1,33,0.773503931760629
diabetes,ga,1,1,34,0.773503931760629
diabetes,ga,1,1,35,0.773503931760629
diabetes,ga,1,1,36,0.773503931760629
diabetes,ga,1,1,37,0.773503931760629
diabetes,ga,1,1,38,0.773503931760629
diabetes,ga,1,1,39,0.773503931760629
diabetes,ga,1,1,40,0.773503931760629
diabetes,ga,1,1,41,0.773503931760629
diabetes,ga,1,1,42,0.773503931760629
diabetes,ga,1,1,43,0.773503931760629
diabetes,ga,1,1,44,0.773503931760629
diabetes,ga,1,1,45,0.773503931760629
diabetes,ga,1,1,46,0.773503931760629
diabetes,ga,1,1,47,0.773503931760629
diabetes,ga,1,1,48,0.773503931760629
diabetes,ga,1,1,49,0.773503931760629
diabetes,ga,1,1,50,0.773503931760629
diabetes,ga,1,1,51,0.773503931760629
diabetes,ga,1,1,52,0.773503931760629
diabetes,ga,1,1,53,0.773503931760629
diabetes,ga,1,1,54,0.773503931760629
diabetes,ga,1,1,55,0.773503931760629
diabetes,ga,1,1,56,0.773503931760629
diabetes,ga,1,1,57,0.773503931760629
diabetes,ga,1,1,58,0.773503931760629
diabetes,ga,1,1,59,0.773503931760629
diabetes,ga,1,1,60,0.773503931760629
diabetes,ga,1,1,61,0.773503931760629
diabetes,ga,1,1,62,0.773503931760629
diabetes,ga,1,1,63,0.773503931760629
diabetes,ga,1,1,64,0.773503931760629
diabetes,ga,1,1,65,0.773503931760629
diabetes,ga,1,1,66,0.773503931760629
diabetes,ga,1,1,67,0.773503931760629
diabetes,ga,1,1,68,0.773503931760629
diabetes,ga,1,1,69,0.773503931760629
diabetes,ga,1,1,70,0.773503931760629
diabetes,ga,1,1,71,0.773503931760629
diabetes,ga,1,1,72,0.773503931760629
diabetes,ga,1,1,73,0.773503931760629
diabetes,ga,1,1,74,0.773503931760629
diabetes,ga,1,1,75,0.773503931760629
diabetes,ga,1,1,76,0.773503931760629
diabetes,ga,1,1,77,0.773503931760629
diabetes,ga,1,1,78,0.773503931760629
diabetes,ga,1,1,79,0.773503931760629
diabetes,ga,1,1,80,0.773503931760629
diabetes,ga,1,1,81,0.773503931760629
diabetes,ga,1,1,82,0.773503931760629
diabetes,ga,1,1,83,0.773503931760629
diabetes,ga,1,1,84,0.773503931760629
diabetes,ga,1,1,85,0.773503931760629
diabetes,ga,1,1,86,0.773503931760629
diabetes,ga,1,1,87,0.773503931760629
diabetes,ga,1,1,88,0.773503931760629
diabetes,ga,1,1,89,0.773503931760629
diabetes,ga,1,1,90,0.7751299480207917
diabetes,ga,1,1,91,0.7751299480207917
diabetes,ga,1,1,92,0.7751299480207917
diabetes,ga,1,1,93,0.7751299480207917
diabetes,ga,1,1,94,0.7751299480207917
diabetes,ga,1,1,95,0.7751299480207917
diabetes,ga,1,1,96,0.7751299480207917
diabetes,ga,1,1,97,0.7751299480207917
diabetes,ga,1,1,98,0.7751299480207917
diabetes,ga,1,1,99,0.7751299480207917
diabetes,ga,1,1,100,0.7751299480207917
diabetes,sa,1,1,1,0.6969612155137945
diabetes,sa,1,1,2,0.6969612155137945
diabetes,sa,1,1,3,0.6969612155137945
diabetes,sa,1,1,4,0.6969612155137945
diabetes,sa,1,1,5,0.6969612155137945
diabetes,sa,1,1,6,0.6969612155137945
diabetes,sa,1,1,7,0.6969612155137945
diabetes,sa,1,1,8,0.6969612155137945
diabetes,sa,1,1,9,0.6969612155137945
diabetes,sa,1,1,10,0.6969612155137945
diabetes,sa,1,1,11,0.6969612155137945
diabetes,sa,1,1,12,0.7018925763028122
diabetes,sa,1,1,13,0.7018925763028122
diabetes,sa,1,1,14,0.7018925763028122
diabetes,sa,1,1,15,0.7018925763028122
diabetes,sa,1,1,16,0.7018925763028122
diabetes,sa,1,1,17,0.7018925763028122
diabetes,sa,1,1,18,0.7116753298680527
diabetes,sa,1,1,19,0.7116753298680527
diabetes,sa,1,1,20,0.7231240836998534
diabetes,sa,1,1,21,0.7231240836998534
diabetes,sa,1,1,22,0.7540183926429427
diabetes,sa,1,1,23,0.7572037851526056
diabetes,sa,1,1,24,0.7588031454085031
diabetes,sa,1,1,25,0.7588031454085031
diabetes,sa,1,1,26,0.7588031454085031
diabetes,sa,1,1,27,0.763734506197521
diabetes,sa,1,1,28,0.763734506197521
diabetes,sa,1,1,29,0.763734506197521
diabetes,sa,1,1,30,0.7669732107157137
diabetes,sa,1,1,31,0.7669732107157137
diabetes,sa,1,1,32,0.7669732107157137
diabetes,sa,1,1,33,0.7669732107157137
diabetes,sa,1,1,34,0.7669732107157137
diabetes,sa,1,1,35,0.7669732107157137
diabetes,sa,1,1,36,0.7669732107157137
diabetes,sa,1,1,37,0.7669732107157137
diabetes,sa,1,1,38,0.7669732107157137
diabetes,sa,1,1,39,0.7685992269758762
diabetes,sa,1,1,40,0.7685992269758762
diabetes,sa,1,1,41,0.7685992269758762
diabetes,sa,1,1,42,0.7686258829801413
diabetes,sa,1,1,43,0.7686258829801413
diabetes,sa,1,1,44,0.7686258829801413
diabetes,sa,1,1,45,0.7734906037584967
diabetes,sa,1,1,46,0.7734906037584967
diabetes,sa,1,1,47,0.7734906037584967
diabetes,sa,1,1,48,0.7734906037584967
diabetes,sa,1,1,49,0.7734906037584967
diabetes,sa,1,1,50,0.7734906037584967
diabetes,sa,1,1,51,0.7734906037584967
diabetes,sa,1,1,52,0.7734906037584967
diabetes,sa,1,1,53,0.7734906037584967
diabetes,sa,1,1,54,0.7734906037584967
diabetes,sa,1,1,55,0.7734906037584967
diabetes,sa,1,1,56,0.7734906037584967
diabetes,sa,1,1,57,0.7734906037584967
diabetes,sa,1,1,58,0.7734906037584967
diabetes,sa,1,1,59,0.7734906037584967
diabetes,sa,1,1,60,0.7734906037584967
diabetes,sa,1,1,61,0.7734906037584967
diabetes,sa,1,1,62,0.7734906037584967
diabetes,sa,1,1,63,0.7734906037584967
diabetes,sa,1,1,64,0.7734906037584967
diabetes,sa,1,1,65,0.7734906037584967
diabetes,sa,1,1,66,0.7734906037584967
diabetes,sa,1,1,67,0.7734906037584967
diabetes,sa,1,1,68,0.7734906037584967
diabetes,sa,1,1,69,0.7734906037584967
diabetes,sa,1,1,70,0.7734906037584967
diabetes,sa,1,1,71,0.7734906037584967
diabetes,sa,1,1,72,0.7734906037584967
diabetes,sa,1,1,73,0.7734906037584967
diabetes,sa,1,1,74,0.7734906037584967
diabetes,sa,1,1,75,0.7734906037584967
diabetes,sa,1,1,76,0.7734906037584967
diabetes,sa,1,1,77,0.7734906037584967
diabetes,sa,1,1,78,0.7734906037584967
diabetes,sa,1,1,79,0.7734906037584967
diabetes,sa,1,1,80,0.7734906037584967
diabetes,sa,1,1,81,0.7734906037584967
diabetes,sa,1,1,82,0.7734906037584967
diabetes,sa,1,1,83,0.7734906037584967
diabetes,sa,1,1,84,0.7734906037584967
diabetes,sa,1,1,85,0.7734906037584967
diabetes,sa,1,1,86,0.7734906037584967
diabetes,sa,1,1,87,0.7734906037584967
diabetes,sa,1,1,88,0.7734906037584967
diabetes,sa,1,1,89,0.7734906037584967
diabetes,sa,1,1,90,0.7734906037584967
diabetes,sa,1,1,91,0.7734906037584967
diabetes,sa,1,1,92,0.7734906037584967
diabetes,sa,1,1,93,0.7734906037584967
diabetes,sa,1,1,94,0.7734906037584967
diabetes,sa,1,1,95,0.7734906037584967
diabetes,sa,1,1,96,0.7734906037584967
diabetes,sa,1,1,97,0.7734906037584967
diabetes,sa,1,1,98,0.7734906037584967
diabetes,sa,1,1,99,0.7734906037584967
diabetes,sa,1,1,100,0.7734906037584967
diabetes,grid,2,2,1,0.6514727442356391
diabetes,grid,2,2,2,0.6514727442356391
diabetes,grid,2,2,3,0.6514727442356391
diabetes,grid,2,2,4,0.6514727442356391
diabetes,grid,2,2,5,0.6514727442356391
diabetes,grid,2,2,6,0.6514727442356391
diabetes,grid,2,2,7,0.6514727442356391
diabetes,grid,2,2,8,0.6514727442356391
diabetes,grid,2,2,9,0.6514727442356391
diabetes,grid,2,2,10,0.6514727442356391
diabetes,grid,2,2,11,0.6514727442356391
diabetes,grid,2,2,12,0.6514727442356391
diabetes,grid,2,2,13,0.6514727442356391
diabetes,grid,2,2,14,0.6514727442356391
diabetes,grid,2,2,15,0.6530987604958016
diabetes,grid,2,2,16,0.7574037051845928
diabetes,grid,2,2,17,0.7574037051845928
diabetes,grid,2,2,18,0.7574037051845928
diabetes,grid,2,2,19,0.7574037051845928
diabetes,grid,2,2,20,0.7574037051845928
diabetes,grid,2,2,21,0.7574037051845928
diabetes,grid,2,2,22,0.7574037051845928
diabetes,grid,2,2,23,0.7574037051845928
diabetes,grid,2,2,24,0.7574037051845928
diabetes,grid,2,2,25,0.7704251632680261
diabetes,grid,2,2,26,0.7704251632680261
diabetes,grid,2,2,27,0.7704251632680261
diabetes,grid,2,2,28,0.7704251632680261
diabetes,grid,2,2,29,0.7704251632680261
diabetes,grid,2,2,30,0.7704251632680261
diabetes,grid,2,2,31,0.7704251632680261
diabetes,grid,2,2,32,0.7704251632680261
diabetes,grid,2,2,33,0.7704251632680261
diabetes,grid,2,2,34,0.7704251632680261
diabetes,grid,2,2,35,0.7704251632680261
diabetes,grid,2,2,36,0.7704251632680261
diabetes,grid,2,2,37,0.7704251632680261
diabetes,grid,2,2,38,0.7704251632680261
diabetes,grid,2,2,39,0.7704251632680261
diabetes,grid,2,2,40,0.7704251632680261
diabetes,grid,2,2,41,0.7704251632680261
diabetes,grid,2,2,42,0.7704251632680261
diabetes,grid,2,2,43,0.7704251632680261
diabetes,grid,2,2,44,0.7704251632680261
diabetes,grid,2,2,45,0.7704251632680261
diabetes,grid,2,2,46,0.7704251632680261
diabetes,grid,2,2,47,0.7704251632680261
diabetes,grid,2,2,48,0.7704251632680261
diabetes,grid,2,2,49,0.7704251632680261
diabetes,grid,2,2,50,0.7704251632680261
diabetes,grid,2,2,51,0.7704251632680261
diabetes,grid,2,2,52,0.7704251632680261
diabetes,grid,2,2,53,0.7704251632680261
diabetes,grid,2,2,54,0.7720111955217913
diabetes,grid,2,2,55,0.7720111955217913
diabetes,grid,2,2,56,0.7720111955217913
diabetes,grid,2,2,57,0.7720111955217913
diabetes,grid,2,2,58,0.7720111955217913
diabetes,grid,2,2,59,0.7720111955217913
diabetes,grid,2,2,60,0.7720111955217913
diabetes,grid,2,2,61,0.7720111955217913
diabetes,grid,2,2,62,0.7720111955217913
diabetes,grid,2,2,63,0.7720111955217913
diabetes,grid,2,2,64,0.7720111955217913
diabetes,grid,2,2,65,0.7720111955217913
diabetes,grid,2,2,66,0.7720111955217913
diabetes,grid,2,2,67,0.7720111955217913
diabetes,grid,2,2,68,0.7720111955217913
diabetes,grid,2,2,69,0.7720111955217913
diabetes,grid,2,2,70,0.7720111955217913
diabetes,grid,2,2,71,0.7720111955217913
diabetes,grid,2,2,72,0.7720111955217913
diabetes,grid,2,2,73,0.7720111955217913
diabetes,grid,2,2,74,0.7720111955217913
diabetes,grid,2,2,75,0.7720111955217913
diabetes,grid,2,2,76,0.7720111955217913
diabetes,grid,2,2,77,0.7720111955217913
diabetes,grid,2,2,78,0.7720111955217913
diabetes,grid,2,2,79,0.7720111955217913
diabetes,grid,2,2,80,0.7720111955217913
diabetes,grid,2,2,81,0.7720111955217913
diabetes,grid,2,2,82,0.7720111955217913
diabetes,grid,2,2,83,0.7720111955217913
diabetes,grid,2,2,84,0.7720111955217913
diabetes,grid,2,2,85,0.7720111955217913
diabetes,grid,2,2,86,0.7720111955217913
diabetes,grid,2,2,87,0.7720111955217913
diabetes,grid,2,2,88,0.7720111955217913
diabetes,grid,2,2,89,0.7720111955217913
diabetes,grid,2,2,90,0.7720111955217913
diabetes,grid,2,2,91,0.7720111955217913
diabetes,grid,2,2,92,0.7720111955217913
diabetes,grid,2,2,93,0.7720111955217913
diabetes,grid,2,2,94,0.7720111955217913
diabetes,grid,2,2,95,0.7720111955217913
diabetes,grid,2,2,96,0.7720111955217913
diabetes,grid,2,2,97,0.7720111955217913
diabetes,grid,2,2,98,0.7720111955217913
diabetes,grid,2,2,99,0.7720111955217913
diabetes,grid,2,2,100,0.7720111955217913
diabetes,random,2,2,1,0.7020258563241369
diabetes,random,2,2,2,0.7622417699586832
diabetes,random,2,2,3,0.7622417699586832
diabetes,random,2,2,4,0.7622417699586832
diabetes,random,2,2,5,0.7622417699586832
diabetes,random,2,2,6,0.7622417699586832
diabetes,random,2,2,7,0.7622417699586832
diabetes,random,2,2,8,0.7622417699586832
diabetes,random,2,2,9,0.7622417699586832
diabetes,random,2,2,10,0.7622417699586832
diabetes,random,2,2,11,0.7622417699586832
diabetes,random,2,2,12,0.7622417699586832
diabetes,random,2,2,13,0.7687724910035986
diabetes,random,2,2,14,0.7687724910035986
diabetes,random,2,2,15,0.7687724910035986
diabetes,random,2,2,16,0.7687724910035986
diabetes,random,2,2,17,0.7687724910035986
diabetes,random,2,2,18,0.7687724910035986
diabetes,random,2,2,19,0.7687724910035986
diabetes,random,2,2,20,0.7687724910035986
diabetes,random,2,2,21,0.7687724910035986
diabetes,random,2,2,22,0.7687724910035986
diabetes,random,2,2,23,0.7687724910035986
diabetes,random,2,2,24,0.7687724910035986
diabetes,random,2,2,25,0.7687724910035986
diabetes,random,2,2,26,0.7687724910035986
diabetes,random,2,2,27,0.7736372117819539
diabetes,random,2,2,28,0.7736372117819539
diabetes,random,2,2,29,0.7736372117819539
diabetes,random,2,2,30,0.7736372117819539
diabetes,random,2,2,31,0.7736372117819539
diabetes,random,2,2,32,0.7736372117819539
diabetes,random,2,2,33,0.7736372117819539
diabetes,random,2,2,34,0.7736372117819539
diabetes,random,2,2,35,0.7736372117819539
diabetes,random,2,2,36,0.7736372117819539
diabetes,random,2,2,37,0.7736372117819539
diabetes,random,2,2,38,0.7736372117819539
diabetes,random,2,2,39,0.7736372117819539
diabetes,random,2,2,40,0.7736372117819539
diabetes,random,2,2,41,0.7736372117819539
diabetes,random,2,2,42,0.7736372117819539
diabetes,random,2,2,43,0.7736372117819539
diabetes,random,2,2,44,0.7736372117819539
diabetes,random,2,2,45,0.7736372117819539
diabetes,random,2,2,46,0.7736372117819539
diabetes,random,2,2,47,0.7736372117819539
diabetes,random,2,2,48,0.7736372117819539
diabetes,random,2,2,49,0.7736372117819539
diabetes,random,2,2,50,0.7736372117819539
diabetes,random,2,2,51,0.7736372117819539
diabetes,random,2,2,52,0.7736372117819539
diabetes,random,2,2,53,0.7736372117819539
diabetes,random,2,2,54,0.7736372117819539
diabetes,random,2,2,55,0.7736372117819539
diabetes,random,2,2,56,0.7736372117819539
diabetes,random,2,2,57,0.7736372117819539
diabetes,random,2,2,58,0.7736372117819539
diabetes,random,2,2,59,0.7736372117819539
diabetes,random,2,2,60,0.7736372117819539
diabetes,random,2,2,61,0.7736372117819539
diabetes,random,2,2,62,0.7736372117819539
diabetes,random,2,2,63,0.7736372117819539
diabetes,random,2,2,64,0.7736372117819539
diabetes,random,2,2,65,0.7736372117819539
diabetes,random,2,2,66,0.7736372117819539
diabetes,random,2,2,67,0.7736372117819539
diabetes,random,2,2,68,0.7736372117819539
diabetes,random,2,2,69,0.7736372117819539
diabetes,random,2,2,70,0.7736372117819539
diabetes,random,2,2,71,0.7736372117819539
diabetes,random,2,2,72,0.7736372117819539
diabetes,random,2,2,73,0.7736372117819539
diabetes,random,2,2,74,0.7736372117819539
diabetes,random,2,2,75,0.7736372117819539
diabetes,random,2,2,76,0.7736372117819539
diabetes,random,2,2,77,0.7736372117819539
diabetes,random,2,2,78,0.7736372117819539
diabetes,random,2,2,79,0.7736372117819539
diabetes,random,2,2,80,0.7736372117819539
diabetes,random,2,2,81,0.7736372117819539
diabetes,random,2,2,82,0.7736372117819539
diabetes,random,2,2,83,0.7736372117819539
diabetes,random,2,2,84,0.7736372117819539
diabetes,random,2,2,85,0.7736372117819539
diabetes,random,2,2,86,0.7736372117819539
diabetes,random,2,2,87,0.7736372117819539
diabetes,random,2,2,88,0.7736372117819539
diabetes,random,2,2,89,0.7736372117819539
diabetes,random,2,2,90,0.7736372117819539
diabetes,random,2,2,91,0.7736372117819539
diabetes,random,2,2,92,0.7736372117819539
diabetes,random,2,2,93,0.7736372117819539
diabetes,random,2,2,94,0.7736372117819539
diabetes,random,2,2,95,0.7736372117819539
diabetes,random,2,2,96,0.7736372117819539
diabetes,random,2,2,97,0.7736372117819539
diabetes,random,2,2,98,0.7736372117819539
diabetes,random,2,2,99,0.7736372117819539
diabetes,random,2,2,100,0.7736372117819539
diabetes,bo_tpe,2,2,1,0.7020258563241369
diabetes,bo_tpe,2,2,2,0.7622417699586832
diabetes,bo_tpe,2,2,3,0.7622417699586832
diabetes,bo_tpe,2,2,4,0.7622417699586832
diabetes,bo_tpe,2,2,5,0.7622417699586832
diabetes,bo_tpe,2,2,6,0.7622417699586832
diabetes,bo_tpe,2,2,7,0.7622417699586832
diabetes,bo_tpe,2,2,8,0.7622417699586832
diabetes,bo_tpe,2,2,9,0.7622417699586832
diabetes,bo_tpe,2,2,10,0.7622417699586832
diabetes,bo_tpe,2,2,11,0.7622417699586832
diabetes,bo_tpe,2,2,12,0.7622417699586832
diabetes,bo_tpe,2,2,13,0.7622417699586832
diabetes,bo_tpe,2,2,14,0.7622417699586832
diabetes,bo_tpe,2,2,15,0.7622417699586832
diabetes,bo_tpe,2,2,16,0.7622417699586832
diabetes,bo_tpe,2,2,17,0.7622417699586832
diabetes,bo_tpe,2,2,18,0.7622417699586832
diabetes,bo_tpe,2,2,19,0.7622417699586832
diabetes,bo_tpe,2,2,20,0.7671331467413034
diabetes,bo_tpe,2,2,21,0.7671331467413034
diabetes,bo_tpe,2,2,22,0.7687458349993336
diabetes,bo_tpe,2,2,23,0.7687458349993336
diabetes,bo_tpe,2,2,24,0.7687458349993336
diabetes,bo_tpe,2,2,25,0.7687458349993336
diabetes,bo_tpe,2,2,26,0.7687458349993336
diabetes,bo_tpe,2,2,27,0.7687458349993336
diabetes,bo_tpe,2,2,28,0.7687458349993336
diabetes,bo_tpe,2,2,29,0.7687458349993336
diabetes,bo_tpe,2,2,30,0.7687458349993336
diabetes,bo_tpe,2,2,31,0.7687458349993336
diabetes,bo_tpe,2,2,32,0.7687458349993336
diabetes,bo_tpe,2,2,33,0.7687458349993336
diabetes,bo_tpe,2,2,34,0.7687458349993336
diabetes,bo_tpe,2,2,35,0.7687458349993336
diabetes,bo_tpe,2,2,36,0.7687458349993336
diabetes,bo_tpe,2,2,37,0.7687458349993336
diabetes,bo_tpe,2,2,38,0.7687458349993336
diabetes,bo_tpe,2,2,39,0.7687458349993336
diabetes,bo_tpe,2,2,40,0.7687458349993336
diabetes,bo_tpe,2,2,41,0.7687458349993336
diabetes,bo_tpe,2,2,42,0.7687458349993336
diabetes,bo_tpe,2,2,43,0.7687458349993336
diabetes,bo_tpe,2,2,44,0.7687458349993336
diabetes,bo_tpe,2,2,45,0.7687458349993336
diabetes,bo_tpe,2,2,46,0.7687458349993336
diabetes,bo_tpe,2,2,47,0.7687458349993336
diabetes,bo_tpe,2,2,48,0.7687858190057311
diabetes,bo_tpe,2,2,49,0.7704118352658936
diabetes,bo_tpe,2,2,50,0.7704118352658936
diabetes,bo_tpe,2,2,51,0.7704118352658936
diabetes,bo_tpe,2,2,52,0.7704118352658936
diabetes,bo_tpe,2,2,53,0.7704118352658936
diabetes,bo_tpe,2,2,54,0.7704118352658936
diabetes,bo_tpe,2,2,55,0.7704118352658936
diabetes,bo_tpe,2,2,56,0.7704118352658936
diabetes,bo_tpe,2,2,57,0.7704118352658936
diabetes,bo_tpe,2,2,58,0.7704118352658936
diabetes,bo_tpe,2,2,59,0.7704118352658936
diabetes,bo_tpe,2,2,60,0.7704118352658936
diabetes,bo_tpe,2,2,61,0.7704118352658936
diabetes,bo_tpe,2,2,62,0.7704118352658936
diabetes,bo_tpe,2,2,63,0.7720245235239238
diabetes,bo_tpe,2,2,64,0.7720245235239238
diabetes,bo_tpe,2,2,65,0.7720245235239238
diabetes,bo_tpe,2,2,66,0.7720245235239238
diabetes,bo_tpe,2,2,67,0.7720245235239238
diabetes,bo_tpe,2,2,68,0.7720245235239238
diabetes,bo_tpe,2,2,69,0.7720245235239238
diabetes,bo_tpe,2,2,70,0.7720245235239238
diabetes,bo_tpe,2,2,71,0.7720245235239238
diabetes,bo_tpe,2,2,72,0.7720245235239238
diabetes,bo_tpe,2,2,73,0.7720245235239238
diabetes,bo_tpe,2,2,74,0.7720245235239238
diabetes,bo_tpe,2,2,75,0.7720245235239238
diabetes,bo_tpe,2,2,76,0.7720245235239238
diabetes,bo_tpe,2,2,77,0.7720245235239238
diabetes,bo_tpe,2,2,78,0.7720245235239238
diabetes,bo_tpe,2,2,79,0.7720245235239238
diabetes,bo_tpe,2,2,80,0.7720245235239238
diabetes,bo_tpe,2,2,81,0.7720245235239238
diabetes,bo_tpe,2,2,82,0.7720245235239238
diabetes,bo_tpe,2,2,83,0.7720245235239238
diabetes,bo_tpe,2,2,84,0.7720245235239238
diabetes,bo_tpe,2,2,85,0.7720245235239238
diabetes,bo_tpe,2,2,86,0.7720245235239238
diabetes,bo_tpe,2,2,87,0.7720245235239238
diabetes,bo_tpe,2,2,88,0.7720245235239238
diabetes,bo_tpe,2,2,89,0.7720245235239238
diabetes,bo_tpe,2,2,90,0.7720245235239238
diabetes,bo_tpe,2,2,91,0.7720245235239238
diabetes,bo_tpe,2,2,92,0.7769025723044114
diabetes,bo_tpe,2,2,93,0.7769025723044114
diabetes,bo_tpe,2,2,94,0.7769025723044114
diabetes,bo_tpe,2,2,95,0.7769025723044114
diabetes,bo_tpe,2,2,96,0.7769025723044114
diabetes,bo_tpe,2,2,97,0.7769025723044114
diabetes,bo_tpe,2,2,98,0.7769025723044114
diabetes,bo_tpe,2,2,99,0.7769025723044114
diabetes,bo_tpe,2,2,100,0.7769025723044114
diabetes,pso,2,2,1,0.7703851792616286
diabetes,pso,2,2,2,0.7703851792616286
diabetes,pso,2,2,3,0.7703851792616286
diabetes,pso,2,2,4,0.7703851792616286
diabetes,pso,2,2,5,0.7703851792616286
diabetes,pso,2,2,6,0.7703851792616286
diabetes,pso,2,2,7,0.7703851792616286
diabetes,pso,2,2,8,0.7703851792616286
diabetes,pso,2,2,9,0.7703851792616286
diabetes,pso,2,2,10,0.7703851792616286
diabetes,pso,2,2,11,0.7703851792616286
diabetes,pso,2,2,12,0.7703851792616286
diabetes,pso,2,2,13,0.7703851792616286
diabetes,pso,2,2,14,0.7703851792616286
diabetes,pso,2,2,15,0.7703851792616286
diabetes,pso,2,2,16,0.7720245235239237
diabetes,pso,2,2,17,0.7720245235239237
diabetes,pso,2,2,18,0.7720245235239237
diabetes,pso,2,2,19,0.7720245235239237
diabetes,pso,2,2,20,0.7720245235239237
diabetes,pso,2,2,21,0.7720245235239237
diabetes,pso,2,2,22,0.7720245235239237
diabetes,pso,2,2,23,0.7720245235239237
diabetes,pso,2,2,24,0.7720245235239237
diabetes,pso,2,2,25,0.7720245235239237
diabetes,pso,2,2,26,0.7720245235239237
diabetes,pso,2,2,27,0.7720245235239237
diabetes,pso,2,2,28,0.7720245235239237
diabetes,pso,2,2,29,0.7720245235239237
diabetes,pso,2,2,30,0.7720245235239237
diabetes,pso,2,2,31,0.7720245235239237
diabetes,pso,2,2,32,0.7720245235239237
diabetes,pso,2,2,33,0.7720245235239237
diabetes,pso,2,2,34,0.7720245235239237
diabetes,pso,2,2,35,0.7720245235239237
diabetes,pso,2,2,36,0.7720245235239237
diabetes,pso,2,2,37,0.7720245235239237
diabetes,pso,2,2,38,0.7720245235239237
diabetes,pso,2,2,39,0.7720245235239237
diabetes,pso,2,2,40,0.7720245235239237
diabetes,pso,2,2,41,0.7720245235239237
diabetes,pso,2,2,42,0.7720245235239237
diabetes,pso,2,2,43,0.7720245235239237
diabetes,pso,2,2,44,0.7720245235239237
diabetes,pso,2,2,45,0.7720245235239237
diabetes,pso,2,2,46,0.7720245235239237
diabetes,pso,2,2,47,0.7720245235239237
diabetes,pso,2,2,48,0.7720245235239237
diabetes,pso,2,2,49,0.7720245235239237
diabetes,pso,2,2,50,0.7720245235239237
diabetes,pso,2,2,51,0.7720245235239237
diabetes,pso,2,2,52,0.7736505397840864
diabetes,pso,2,2,53,0.7736505397840864
diabetes,pso,2,2,54,0.7736505397840864
diabetes,pso,2,2,55,0.7736505397840864
diabetes,pso,2,2,56,0.7736505397840864
diabetes,pso,2,2,57,0.7736505397840864
diabetes,pso,2,2,58,0.7736505397840864
diabetes,pso,2,2,59,0.7736505397840864
diabetes,pso,2,2,60,0.7736505397840864
diabetes,pso,2,2,61,0.7736505397840864
diabetes,pso,2,2,62,0.7736505397840864
diabetes,pso,2,2,63,0.7769025723044114
diabetes,pso,2,2,64,0.7769025723044114
diabetes,pso,2,2,65,0.7769025723044114
diabetes,pso,2,2,66,0.7769025723044114
diabetes,pso,2,2,67,0.7769025723044114
diabetes,pso,2,2,68,0.7769025723044114
diabetes,pso,2,2,69,0.7769025723044114
diabetes,pso,2,2,70,0.7769025723044114
diabetes,pso,2,2,71,0.7769025723044114
diabetes,pso,2,2,72,0.7769025723044114
diabetes,pso,2,2,73,0.7769025723044114
diabetes,pso,2,2,74,0.7769025723044114
diabetes,pso,2,2,75,0.7769025723044114
diabetes,pso,2,2,76,0.7769025723044114
diabetes,pso,2,2,77,0.7769025723044114
diabetes,pso,2,2,78,0.7769025723044114
diabetes,pso,2,2,79,0.7769025723044114
diabetes,pso,2,2,80,0.7769025723044114
diabetes,pso,2,2,81,0.7769025723044114
diabetes,pso,2,2,82,0.7769025723044114
diabetes,pso,2,2,83,0.7769025723044114
diabetes,pso,2,2,84,0.7769025723044114
diabetes,pso,2,2,85,0.7769025723044114
diabetes,pso,2,2,86,0.7769025723044114
diabetes,pso,2,2,87,0.7769025723044114
diabetes,pso,2,2,88,0.7769025723044114
diabetes,pso,2,2,89,0.7769025723044114
diabetes,pso,2,2,90,0.7769025723044114
diabetes,pso,2,2,91,0.7769025723044114
diabetes,pso,2,2,92,0.7769025723044114
diabetes,pso,2,2,93,0.7769025723044114
diabetes,pso,2,2,94,0.7769025723044114
diabetes,pso,2,2,95,0.7769025723044114
diabetes,pso,2,2,96,0.7769025723044114
diabetes,pso,2,2,97,0.7769025723044114
diabetes,pso,2,2,98,0.7769025723044114
diabetes,pso,2,2,99,0.7769025723044114
diabetes,pso,2,2,100,0.7769025723044114
diabetes,de,2,2,1,0.7687458349993336
diabetes,de,2,2,2,0.7687458349993336
diabetes,de,2,2,3,0.7687458349993336
diabetes,de,2,2,4,0.7687458349993336
diabetes,de,2,2,5,0.7687458349993336
diabetes,de,2,2,6,0.7687458349993336
diabetes,de,2,2,7,0.7687458349993336
diabetes,de,2,2,8,0.7687458349993336
diabetes,de,2,2,9,0.7687458349993336
diabetes,de,2,2,10,0.7687458349993336
diabetes,de,2,2,11,0.7687458349993336
diabetes,de,2,2,12,0.7687458349993336
diabetes,de,2,2,13,0.7687724910035986
diabetes,de,2,2,14,0.7687724910035986
diabetes,de,2,2,15,0.7687724910035986
diabetes,de,2,2,16,0.7687724910035986
diabetes,de,2,2,17,0.7687724910035986
diabetes,de,2,2,18,0.7687724910035986
diabetes,de,2,2,19,0.7687724910035986
diabetes,de,2,2,20,0.7687724910035986
diabetes,de,2,2,21,0.7687724910035986
diabetes,de,2,2,22,0.7687724910035986
diabetes,de,2,2,23,0.7687724910035986
diabetes,de,2,2,24,0.7687724910035986
diabetes,de,2,2,25,0.7687724910035986
diabetes,de,2,2,26,0.7687724910035986
diabetes,de,2,2,27,0.7687724910035986
diabetes,de,2,2,28,0.7687724910035986
diabetes,de,2,2,29,0.7687724910035986
diabetes,de,2,2,30,0.7687724910035986
diabetes,de,2,2,31,0.7687724910035986
diabetes,de,2,2,32,0.7687724910035986
diabetes,de,2,2,33,0.7687724910035986
diabetes,de,2,2,34,0.7687724910035986
diabetes,de,2,2,35,0.7687724910035986
diabetes,de,2,2,36,0.7687724910035986
diabetes,de,2,2,37,0.7687724910035986
diabetes,de,2,2,38,0.7687724910035986
diabetes,de,2,2,39,0.7687724910035986
diabetes,de,2,2,40,0.7687724910035986
diabetes,de,2,2,41,0.7687724910035986
diabetes,de,2,2,42,0.7687724910035986
diabetes,de,2,2,43,0.7687724910035986
diabetes,de,2,2,44,0.7687724910035986
diabetes,de,2,2,45,0.7720111955217912
diabetes,de,2,2,46,0.7720111955217912
diabetes,de,2,2,47,0.7720111955217912
diabetes,de,2,2,48,0.7720111955217912
diabetes,de,2,2,49,0.7720111955217912
diabetes,de,2,2,50,0.7720245235239238
diabetes,de,2,2,51,0.7720245235239238
diabetes,de,2,2,52,0.7720245235239238
diabetes,de,2,2,53,0.7720245235239238
diabetes,de,2,2,54,0.7720245235239238
diabetes,de,2,2,55,0.7720245235239238
diabetes,de,2,2,56,0.7720245235239238
diabetes,de,2,2,57,0.7720245235239238
diabetes,de,2,2,58,0.7720245235239238
diabetes,de,2,2,59,0.7720245235239238
diabetes,de,2,2,60,0.7720245235239238
diabetes,de,2,2,61,0.7720245235239238
diabetes,de,2,2,62,0.7720245235239238
diabetes,de,2,2,63,0.7720245235239238
diabetes,de,2,2,64,0.7720245235239238
diabetes,de,2,2,65,0.7720245235239238
diabetes,de,2,2,66,0.7720245235239238
diabetes,de,2,2,67,0.7720245235239238
diabetes,de,2,2,68,0.7720245235239238
diabetes,de,2,2,69,0.7720245235239238
diabetes,de,2,2,70,0.7720245235239238
diabetes,de,2,2,71,0.7720245235239238
diabetes,de,2,2,72,0.7720245235239238
diabetes,de,2,2,73,0.7720245235239238
diabetes,de,2,2,74,0.7720245235239238
diabetes,de,2,2,75,0.7720245235239238
diabetes,de,2,2,76,0.7720245235239238
diabetes,de,2,2,77,0.7720245235239238
diabetes,de,2,2,78,0.7720245235239238
diabetes,de,2,2,79,0.7720245235239238
diabetes,de,2,2,80,0.7720245235239238
diabetes,de,2,2,81,0.7720245235239238
diabetes,de,2,2,82,0.7720245235239238
diabetes,de,2,2,83,0.7720245235239238
diabetes,de,2,2,84,0.7720245235239238
diabetes,de,2,2,85,0.7720245235239238
diabetes,de,2,2,86,0.7720245235239238
diabetes,de,2,2,87,0.7720245235239238
diabetes,de,2,2,88,0.7720245235239238
diabetes,de,2,2,89,0.7720245235239238
diabetes,de,2,2,90,0.7720245235239238
diabetes,de,2,2,91,0.7720245235239238
diabetes,de,2,2,92,0.7720245235239238
diabetes,de,2,2,93,0.7720245235239238
diabetes,de,2,2,94,0.7720245235239238
diabetes,de,2,2,95,0.7720245235239238
diabetes,de,2,2,96,0.7720245235239238
diabetes,de,2,2,97,0.7720245235239238
diabetes,de,2,2,98,0.7720245235239238
diabetes,de,2,2,99,0.7720245235239238
diabetes,de,2,2,100,0.7720245235239238
diabetes,ga,2,2,1,0.7687458349993336
diabetes,ga,2,2,2,0.7687458349993336
diabetes,ga,2,2,3,0.7687458349993336
diabetes,ga,2,2,4,0.7687458349993336
diabetes,ga,2,2,5,0.7687458349993336
diabetes,ga,2,2,6,0.7687458349993336
diabetes,ga,2,2,7,0.7687458349993336
diabetes,ga,2,2,8,0.7687458349993336
diabetes,ga,2,2,9,0.7687458349993336
diabetes,ga,2,2,10,0.7687458349993336
diabetes,ga,2,2,11,0.7687458349993336
diabetes,ga,2,2,12,0.7687458349993336
diabetes,ga,2,2,13,0.7687724910035986
diabetes,ga,2,2,14,0.7687724910035986
diabetes,ga,2,2,15,0.7687724910035986
diabetes,ga,2,2,16,0.7687724910035986
diabetes,ga,2,2,17,0.7687724910035986
diabetes,ga,2,2,18,0.7687724910035986
diabetes,ga,2,2,19,0.7687724910035986
diabetes,ga,2,2,20,0.7687724910035986
diabetes,ga,2,2,21,0.7687724910035986
diabetes,ga,2,2,22,0.7687724910035986
diabetes,ga,2,2,23,0.7687724910035986
diabetes,ga,2,2,24,0.7687724910035986
diabetes,ga,2,2,25,0.7687724910035986
diabetes,ga,2,2,26,0.7687724910035986
diabetes,ga,2,2,27,0.7687724910035986
diabetes,ga,2,2,28,0.7687724910035986
diabetes,ga,2,2,29,0.7687724910035986
diabetes,ga,2,2,30,0.7687724910035986
diabetes,ga,2,2,31,0.7687724910035986
diabetes,ga,2,2,32,0.7687724910035986
diabetes,ga,2,2,33,0.7687724910035986
diabetes,ga,2,2,34,0.7687724910035986
diabetes,ga,2,2,35,0.7687724910035986
diabetes,ga,2,2,36,0.7687724910035986
diabetes,ga,2,2,37,0.7687724910035986
diabetes,ga,2,2,38,0.7687724910035986
diabetes,ga,2,2,39,0.7687724910035986
diabetes,ga,2,2,40,0.7687724910035986
diabetes,ga,2,2,41,0.7687724910035986
diabetes,ga,2,2,42,0.7687724910035986
diabetes,ga,2,2,43,0.7687724910035986
diabetes,ga,2,2,44,0.7687724910035986
diabetes,ga,2,2,45,0.7687724910035986
diabetes,ga,2,2,46,0.7687724910035986
diabetes,ga,2,2,47,0.7687724910035986
diabetes,ga,2,2,48,0.7687724910035986
diabetes,ga,2,2,49,0.7687724910035986
diabetes,ga,2,2,50,0.7687724910035986
diabetes,ga,2,2,51,0.7687724910035986
diabetes,ga,2,2,52,0.7687724910035986
diabetes,ga,2,2,53,0.7687724910035986
diabetes,ga,2,2,54,0.7687724910035986
diabetes,ga,2,2,55,0.7687724910035986
diabetes,ga,2,2,56,0.7687724910035986
diabetes,ga,2,2,57,0.7687724910035986
diabetes,ga,2,2,58,0.7687724910035986
diabetes,ga,2,2,59,0.7687724910035986
diabetes,ga,2,2,60,0.7687724910035986
diabetes,ga,2,2,61,0.7687724910035986
diabetes,ga,2,2,62,0.7687724910035986
diabetes,ga,2,2,63,0.7687724910035986
diabetes,ga,2,2,64,0.7687724910035986
diabetes,ga,2,2,65,0.7687724910035986
diabetes,ga,2,2,66,0.7703851792616286
diabetes,ga,2,2,67,0.7703851792616286
diabetes,ga,2,2,68,0.7703851792616286
diabetes,ga,2,2,69,0.7703851792616286
diabetes,ga,2,2,70,0.7703851792616286
diabetes,ga,2,2,71,0.7720111955217912
diabetes,ga,2,2,72,0.7720111955217912
diabetes,ga,2,2,73,0.7720111955217912
diabetes,ga,2,2,74,0.7720111955217912
diabetes,ga,2,2,75,0.7720111955217912
diabetes,ga,2,2,76,0.7720111955217912
diabetes,ga,2,2,77,0.7720111955217912
diabetes,ga,2,2,78,0.7720111955217912
diabetes,ga,2,2,79,0.7720111955217912
diabetes,ga,2,2,80,0.7720111955217912
diabetes,ga,2,2,81,0.7720111955217912
diabetes,ga,2,2,82,0.7720111955217912
diabetes,ga,2,2,83,0.7720111955217912
diabetes,ga,2,2,84,0.7720111955217912
diabetes,ga,2,2,85,0.7720111955217912
diabetes,ga,2,2,86,0.7736372117819539
diabetes,ga,2,2,87,0.7736372117819539
diabetes,ga,2,2,88,0.7736372117819539
diabetes,ga,2,2,89,0.7736372117819539
diabetes,ga,2,2,90,0.7736372117819539
diabetes,ga,2,2,91,0.7736372117819539
diabetes,ga,2,2,92,0.7736372117819539
diabetes,ga,2,2,93,0.7736372117819539
diabetes,ga,2,2,94,0.7736372117819539
diabetes,ga,2,2,95,0.7736372117819539
diabetes,ga,2,2,96,0.7736372117819539
diabetes,ga,2,2,97,0.7736372117819539
diabetes,ga,2,2,98,0.7736372117819539
diabetes,ga,2,2,99,0.7736372117819539
diabetes,ga,2,2,100,0.7736372117819539
diabetes,sa,2,2,1,0.7020258563241369
diabetes,sa,2,2,2,0.7020258563241369
diabetes,sa,2,2,3,0.7020258563241369
diabetes,sa,2,2,4,0.7020258563241369
diabetes,sa,2,2,5,0.7020258563241369
diabetes,sa,2,2,6,0.7020258563241369
diabetes,sa,2,2,7,0.7020258563241369
diabetes,sa,2,2,8,0.7020258563241369
diabetes,sa,2,2,9,0.7020258563241369
diabetes,sa,2,2,10,0.7020258563241369
diabetes,sa,2,2,11,0.7020258563241369
diabetes,sa,2,2,12,0.7020258563241369
diabetes,sa,2,2,13,0.7020258563241369
diabetes,sa,2,2,14,0.7020258563241369
diabetes,sa,2,2,15,0.7020258563241369
diabetes,sa,2,2,16,0.7020258563241369
diabetes,sa,2,2,17,0.7020258563241369
diabetes,sa,2,2,18,0.7020258563241369
diabetes,sa,2,2,19,0.7020258563241369
diabetes,sa,2,2,20,0.7020258563241369
diabetes,sa,2,2,21,0.7020258563241369
diabetes,sa,2,2,22,0.7215913634546182
diabetes,sa,2,2,23,0.734546181527389
diabetes,sa,2,2,24,0.7557243769159003
diabetes,sa,2,2,25,0.7557243769159003
diabetes,sa,2,2,26,0.7557243769159003
diabetes,sa,2,2,27,0.7606024256963881
diabetes,sa,2,2,28,0.7606024256963881
diabetes,sa,2,2,29,0.7606024256963881
diabetes,sa,2,2,30,0.7606024256963881
diabetes,sa,2,2,31,0.7606024256963881
diabetes,sa,2,2,32,0.7606024256963881
diabetes,sa,2,2,33,0.7655204584832733
diabetes,sa,2,2,34,0.7655204584832733
diabetes,sa,2,2,35,0.7720378515260562
diabetes,sa,2,2,36,0.7720378515260562
diabetes,sa,2,2,37,0.7720378515260562
diabetes,sa,2,2,38,0.7720378515260562
diabetes,sa,2,2,39,0.7720378515260562
diabetes,sa,2,2,40,0.7720378515260562
diabetes,sa,2,2,41,0.7720378515260562
diabetes,sa,2,2,42,0.7720378515260562
diabetes,sa,2,2,43,0.7720378515260562
diabetes,sa,2,2,44,0.7720378515260562
diabetes,sa,2,2,45,0.7720378515260562
diabetes,sa,2,2,46,0.7720378515260562
diabetes,sa,2,2,47,0.7720378515260562
diabetes,sa,2,2,48,0.7720378515260562
diabetes,sa,2,2,49,0.7720378515260562
diabetes,sa,2,2,50,0.7720378515260562
diabetes,sa,2,2,51,0.7720378515260562
diabetes,sa,2,2,52,0.7720378515260562
diabetes,sa,2,2,53,0.7720378515260562
diabetes,sa,2,2,54,0.7720378515260562
diabetes,sa,2,2,55,0.7720378515260562
diabetes,sa,2,2,56,0.7720378515260562
diabetes,sa,2,2,57,0.7720378515260562
diabetes,sa,2,2,58,0.7720378515260562
diabetes,sa,2,2,59,0.7720378515260562
diabetes,sa,2,2,60,0.7720378515260562
diabetes,sa,2,2,61,0.7720378515260562
diabetes,sa,2,2,62,0.7720378515260562
diabetes,sa,2,2,63,0.7720378515260562
diabetes,sa,2,2,64,0.7720378515260562
diabetes,sa,2,2,65,0.7720378515260562
diabetes,sa,2,2,66,0.7720378515260562
diabetes,sa,2,2,67,0.7720378515260562
diabetes,sa,2,2,68,0.7720378515260562
diabetes,sa,2,2,69,0.7720378515260562
diabetes,sa,2,2,70,0.7720378515260562
diabetes,sa,2,2,71,0.7720378515260562
diabetes,sa,2,2,72,0.7720378515260562
diabetes,sa,2,2,73,0.7720378515260562
diabetes,sa,2,2,74,0.7720378515260562
diabetes,sa,2,2,75,0.7720378515260562
diabetes,sa,2,2,76,0.7720378515260562
diabetes,sa,2,2,77,0.7720378515260562
diabetes,sa,2,2,78,0.7720378515260562
diabetes,sa,2,2,79,0.7720378515260562
diabetes,sa,2,2,80,0.7720378515260562
diabetes,sa,2,2,81,0.7720378515260562
diabetes,sa,2,2,82,0.7720378515260562
diabetes,sa,2,2,83,0.7720378515260562
diabetes,sa,2,2,84,0.7720378515260562
diabetes,sa,2,2,85,0.7720378515260562
diabetes,sa,2,2,86,0.7720378515260562
diabetes,sa,2,2,87,0.7720378515260562
diabetes,sa,2,2,88,0.7720378515260562
diabetes,sa,2,2,89,0.7720378515260562
diabetes,sa,2,2,90,0.7720378515260562
diabetes,sa,2,2,91,0.7720378515260562
diabetes,sa,2,2,92,0.7720378515260562
diabetes,sa,2,2,93,0.7720378515260562
diabetes,sa,2,2,94,0.7720378515260562
diabetes,sa,2,2,95,0.7720378515260562
diabetes,sa,2,2,96,0.7720378515260562
diabetes,sa,2,2,97,0.7720378515260562
diabetes,sa,2,2,98,0.7720378515260562
diabetes,sa,2,2,99,0.7720378515260562
diabetes,sa,2,2,100,0.7720378515260562
diabetes,grid,3,3,1,0.6514727442356391
diabetes,grid,3,3,2,0.6514727442356391
diabetes,grid,3,3,3,0.6514727442356391
diabetes,grid,3,3,4,0.6514727442356391
diabetes,grid,3,3,5,0.6514727442356391
diabetes,grid,3,3,6,0.6514727442356391
diabetes,grid,3,3,7,0.6514727442356391
diabetes,grid,3,3,8,0.6514727442356391
diabetes,grid,3,3,9,0.6514727442356391
diabetes,grid,3,3,10,0.6514727442356391
diabetes,grid,3,3,11,0.6514727442356391
diabetes,grid,3,3,12,0.6514727442356391
diabetes,grid,3,3,13,0.6514727442356391
diabetes,grid,3,3,14,0.6514727442356391
diabetes,grid,3,3,15,0.6514727442356391
diabetes,grid,3,3,16,0.7557110489137678
diabetes,grid,3,3,17,0.757323737171798
diabetes,grid,3,3,18,0.757323737171798
diabetes,grid,3,3,19,0.757323737171798
diabetes,grid,3,3,20,0.757323737171798
diabetes,grid,3,3,21,0.757323737171798
diabetes,grid,3,3,22,0.757323737171798
diabetes,grid,3,3,23,0.757323737171798
diabetes,grid,3,3,24,0.757323737171798
diabetes,grid,3,3,25,0.7606157536985206
diabetes,grid,3,3,26,0.7638411302145808
diabetes,grid,3,3,27,0.7638411302145808
diabetes,grid,3,3,28,0.7638411302145808
diabetes,grid,3,3,29,0.7638411302145808
diabetes,grid,3,3,30,0.7638411302145808
diabetes,grid,3,3,31,0.7638411302145808
diabetes,grid,3,3,32,0.7638411302145808
diabetes,grid,3,3,33,0.7638411302145808
diabetes,grid,3,3,34,0.7638411302145808
diabetes,grid,3,3,35,0.7638411302145808
diabetes,grid,3,3,36,0.7687458349993336
diabetes,grid,3,3,37,0.7687458349993336
diabetes,grid,3,3,38,0.7687458349993336
diabetes,grid,3,3,39,0.7687458349993336
diabetes,grid,3,3,40,0.7687458349993336
diabetes,grid,3,3,41,0.7687458349993336
diabetes,grid,3,3,42,0.7687458349993336
diabetes,grid,3,3,43,0.7687458349993336
diabetes,grid,3,3,44,0.7687458349993336
diabetes,grid,3,3,45,0.7687458349993336
diabetes,grid,3,3,46,0.7687458349993336
diabetes,grid,3,3,47,0.7687458349993336
diabetes,grid,3,3,48,0.7687458349993336
diabetes,grid,3,3,49,0.7687458349993336
diabetes,grid,3,3,50,0.7687458349993336
diabetes,grid,3,3,51,0.7687458349993336
diabetes,grid,3,3,52,0.7687458349993336
diabetes,grid,3,3,53,0.7687458349993336
diabetes,grid,3,3,54,0.7687458349993336
diabetes,grid,3,3,55,0.7687458349993336
diabetes,grid,3,3,56,0.7687458349993336
diabetes,grid,3,3,57,0.7687458349993336
diabetes,grid,3,3,58,0.7687458349993336
diabetes,grid,3,3,59,0.7687458349993336
diabetes,grid,3,3,60,0.7687458349993336
diabetes,grid,3,3,61,0.7687458349993336
diabetes,grid,3,3,62,0.7687458349993336
diabetes,grid,3,3,63,0.7687458349993336
diabetes,grid,3,3,64,0.7687458349993336
diabetes,grid,3,3,65,0.7687458349993336
diabetes,grid,3,3,66,0.7687458349993336
diabetes,grid,3,3,67,0.7687458349993336
diabetes,grid,3,3,68,0.7687458349993336
diabetes,grid,3,3,69,0.7687458349993336
diabetes,grid,3,3,70,0.7687458349993336
diabetes,grid,3,3,71,0.7687458349993336
diabetes,grid,3,3,72,0.7687458349993336
diabetes,grid,3,3,73,0.7687458349993336
diabetes,grid,3,3,74,0.7687458349993336
diabetes,grid,3,3,75,0.7687458349993336
diabetes,grid,3,3,76,0.7687458349993336
diabetes,grid,3,3,77,0.7687458349993336
diabetes,grid,3,3,78,0.7687458349993336
diabetes,grid,3,3,79,0.7687458349993336
diabetes,grid,3,3,80,0.7687458349993336
diabetes,grid,3,3,81,0.7687458349993336
diabetes,grid,3,3,82,0.7687458349993336
diabetes,grid,3,3,83,0.7687458349993336
diabetes,grid,3,3,84,0.7687458349993336
diabetes,grid,3,3,85,0.7687458349993336
diabetes,grid,3,3,86,0.7687458349993336
diabetes,grid,3,3,87,0.7687458349993336
diabetes,grid,3,3,88,0.7687458349993336
diabetes,grid,3,3,89,0.7687458349993336
diabetes,grid,3,3,90,0.7687458349993336
diabetes,grid,3,3,91,0.7687458349993336
diabetes,grid,3,3,92,0.7687458349993336
diabetes,grid,3,3,93,0.7687458349993336
diabetes,grid,3,3,94,0.7687458349993336
diabetes,grid,3,3,95,0.7687458349993336
diabetes,grid,3,3,96,0.7687458349993336
diabetes,grid,3,3,97,0.7687458349993336
diabetes,grid,3,3,98,0.7687458349993336
diabetes,grid,3,3,99,0.7687458349993336
diabetes,grid,3,3,100,0.7687458349993336
diabetes,random,3,3,1,0.6970411835265893
diabetes,random,3,3,2,0.7508330001332799
diabetes,random,3,3,3,0.7508330001332799
diabetes,random,3,3,4,0.7508330001332799
diabetes,random,3,3,5,0.7589364254298281
diabetes,random,3,3,6,0.7589364254298281
diabetes,random,3,3,7,0.7589364254298281
diabetes,random,3,3,8,0.7589364254298281
diabetes,random,3,3,9,0.7589364254298281
diabetes,random,3,3,10,0.7589364254298281
diabetes,random,3,3,11,0.7589364254298281
diabetes,random,3,3,12,0.7589364254298281
diabetes,random,3,3,13,0.7638278022124483
diabetes,random,3,3,14,0.7638278022124483
diabetes,random,3,3,15,0.7671064907370386
diabetes,random,3,3,16,0.7671064907370386
diabetes,random,3,3,17,0.7671064907370386
diabetes,random,3,3,18,0.7671064907370386
diabetes,random,3,3,19,0.7671064907370386
diabetes,random,3,3,20,0.7671064907370386
diabetes,random,3,3,21,0.7671064907370386
diabetes,random,3,3,22,0.7671064907370386
diabetes,random,3,3,23,0.7671064907370386
diabetes,random,3,3,24,0.7671064907370386
diabetes,random,3,3,25,0.7671064907370386
diabetes,random,3,3,26,0.7671064907370386
diabetes,random,3,3,27,0.7671064907370386
diabetes,random,3,3,28,0.7671064907370386
diabetes,random,3,3,29,0.7671064907370386
diabetes,random,3,3,30,0.7671064907370386
diabetes,random,3,3,31,0.7671064907370386
diabetes,random,3,3,32,0.7671064907370386
diabetes,random,3,3,33,0.7671064907370386
diabetes,random,3,3,34,0.7671064907370386
diabetes,random,3,3,35,0.7671064907370386
diabetes,random,3,3,36,0.7671064907370386
diabetes,random,3,3,37,0.7671064907370386
diabetes,random,3,3,38,0.7671064907370386
diabetes,random,3,3,39,0.7671064907370386
diabetes,random,3,3,40,0.7671064907370386
diabetes,random,3,3,41,0.7671064907370386
diabetes,random,3,3,42,0.7671064907370386
diabetes,random,3,3,43,0.7671064907370386
diabetes,random,3,3,44,0.7671064907370386
diabetes,random,3,3,45,0.7671064907370386
diabetes,random,3,3,46,0.7671064907370386
diabetes,random,3,3,47,0.7671064907370386
diabetes,random,3,3,48,0.7671064907370386
diabetes,random,3,3,49,0.7671064907370386
diabetes,random,3,3,50,0.7671064907370386
diabetes,random,3,3,51,0.7671064907370386
diabetes,random,3,3,52,0.7671064907370386
diabetes,random,3,3,53,0.7671064907370386
diabetes,random,3,3,54,0.7671064907370386
diabetes,random,3,3,55,0.7671064907370386
diabetes,random,3,3,56,0.7671064907370386
diabetes,random,3,3,57,0.7703451952552313
diabetes,random,3,3,58,0.7703451952552313
diabetes,random,3,3,59,0.7703451952552313
diabetes,random,3,3,60,0.7703451952552313
diabetes,random,3,3,61,0.7703451952552313
diabetes,random,3,3,62,0.7703451952552313
diabetes,random,3,3,63,0.7703451952552313
diabetes,random,3,3,64,0.7703451952552313
diabetes,random,3,3,65,0.7703451952552313
diabetes,random,3,3,66,0.7703451952552313
diabetes,random,3,3,67,0.7703451952552313
diabetes,random,3,3,68,0.7703451952552313
diabetes,random,3,3,69,0.7703451952552313
diabetes,random,3,3,70,0.7703451952552313
diabetes,random,3,3,71,0.7703451952552313
diabetes,random,3,3,72,0.7703451952552313
diabetes,random,3,3,73,0.7703451952552313
diabetes,random,3,3,74,0.7703451952552313
diabetes,random,3,3,75,0.7703451952552313
diabetes,random,3,3,76,0.7703451952552313
diabetes,random,3,3,77,0.7703451952552313
diabetes,random,3,3,78,0.7703451952552313
diabetes,random,3,3,79,0.7703451952552313
diabetes,random,3,3,80,0.7703451952552313
diabetes,random,3,3,81,0.7703451952552313
diabetes,random,3,3,82,0.7703451952552313
diabetes,random,3,3,83,0.7703451952552313
diabetes,random,3,3,84,0.7703451952552313
diabetes,random,3,3,85,0.7703451952552313
diabetes,random,3,3,86,0.7703451952552313
diabetes,random,3,3,87,0.7703451952552313
diabetes,random,3,3,88,0.7703451952552313
diabetes,random,3,3,89,0.7703451952552313
diabetes,random,3,3,90,0.7703451952552313
diabetes,random,3,3,91,0.7703451952552313
diabetes,random,3,3,92,0.7703451952552313
diabetes,random,3,3,93,0.7703451952552313
diabetes,random,3,3,94,0.7703451952552313
diabetes,random,3,3,95,0.7703451952552313
diabetes,random,3,3,96,0.7703451952552313
diabetes,random,3,3,97,0.7703451952552313
diabetes,random,3,3,98,0.7703451952552313
diabetes,random,3,3,99,0.7703451952552313
diabetes,random,3,3,100,0.7703451952552313
diabetes,bo_tpe,3,3,1,0.6970411835265893
diabetes,bo_tpe,3,3,2,0.7508330001332799
diabetes,bo_tpe,3,3,3,0.7508330001332799
diabetes,bo_tpe,3,3,4,0.7508330001332799
diabetes,bo_tpe,3,3,5,0.7589364254298281
diabetes,bo_tpe,3,3,6,0.7589364254298281
diabetes,bo_tpe,3,3,7,0.7589364254298281
diabetes,bo_tpe,3,3,8,0.7589364254298281
diabetes,bo_tpe,3,3,9,0.7589364254298281
diabetes,bo_tpe,3,3,10,0.7589364254298281
diabetes,bo_tpe,3,3,11,0.7605757696921231
diabetes,bo_tpe,3,3,12,0.7605757696921231
diabetes,bo_tpe,3,3,13,0.7605757696921231
diabetes,bo_tpe,3,3,14,0.7719978675196588
diabetes,bo_tpe,3,3,15,0.7719978675196588
diabetes,bo_tpe,3,3,16,0.7719978675196588
diabetes,bo_tpe,3,3,17,0.7719978675196588
diabetes,bo_tpe,3,3,18,0.7719978675196588
diabetes,bo_tpe,3,3,19,0.7719978675196588
diabetes,bo_tpe,3,3,20,0.7719978675196588
diabetes,bo_tpe,3,3,21,0.7719978675196588
diabetes,bo_tpe,3,3,22,0.7719978675196588
diabetes,bo_tpe,3,3,23,0.7719978675196588
diabetes,bo_tpe,3,3,24,0.7719978675196588
diabetes,bo_tpe,3,3,25,0.7719978675196588
diabetes,bo_tpe,3,3,26,0.7719978675196588
diabetes,bo_tpe,3,3,27,0.7719978675196588
diabetes,bo_tpe,3,3,28,0.7719978675196588
diabetes,bo_tpe,3,3,29,0.7719978675196588
diabetes,bo_tpe,3,3,30,0.7719978675196588
diabetes,bo_tpe,3,3,31,0.7719978675196588
diabetes,bo_tpe,3,3,32,0.7719978675196588
diabetes,bo_tpe,3,3,33,0.7719978675196588
diabetes,bo_tpe,3,3,34,0.7719978675196588
diabetes,bo_tpe,3,3,35,0.7719978675196588
diabetes,bo_tpe,3,3,36,0.7719978675196588
diabetes,bo_tpe,3,3,37,0.7719978675196588
diabetes,bo_tpe,3,3,38,0.7719978675196588
diabetes,bo_tpe,3,3,39,0.7719978675196588
diabetes,bo_tpe,3,3,40,0.7719978675196588
diabetes,bo_tpe,3,3,41,0.7719978675196588
diabetes,bo_tpe,3,3,42,0.7719978675196588
diabetes,bo_tpe,3,3,43,0.7719978675196588
diabetes,bo_tpe,3,3,44,0.7719978675196588
diabetes,bo_tpe,3,3,45,0.7719978675196588
diabetes,bo_tpe,3,3,46,0.7719978675196588
diabetes,bo_tpe,3,3,47,0.7719978675196588
diabetes,bo_tpe,3,3,48,0.7719978675196588
diabetes,bo_tpe,3,3,49,0.7719978675196588
diabetes,bo_tpe,3,3,50,0.7719978675196588
diabetes,bo_tpe,3,3,51,0.7719978675196588
diabetes,bo_tpe,3,3,52,0.7719978675196588
diabetes,bo_tpe,3,3,53,0.7719978675196588
diabetes,bo_tpe,3,3,54,0.7719978675196588
diabetes,bo_tpe,3,3,55,0.7719978675196588
diabetes,bo_tpe,3,3,56,0.7719978675196588
diabetes,bo_tpe,3,3,57,0.7719978675196588
diabetes,bo_tpe,3,3,58,0.7719978675196588
diabetes,bo_tpe,3,3,59,0.7719978675196588
diabetes,bo_tpe,3,3,60,0.7719978675196588
diabetes,bo_tpe,3,3,61,0.7719978675196588
diabetes,bo_tpe,3,3,62,0.7719978675196588
diabetes,bo_tpe,3,3,63,0.7719978675196588
diabetes,bo_tpe,3,3,64,0.7719978675196588
diabetes,bo_tpe,3,3,65,0.7719978675196588
diabetes,bo_tpe,3,3,66,0.7719978675196588
diabetes,bo_tpe,3,3,67,0.7719978675196588
diabetes,bo_tpe,3,3,68,0.7719978675196588
diabetes,bo_tpe,3,3,69,0.7719978675196588
diabetes,bo_tpe,3,3,70,0.7719978675196588
diabetes,bo_tpe,3,3,71,0.7719978675196588
diabetes,bo_tpe,3,3,72,0.7719978675196588
diabetes,bo_tpe,3,3,73,0.7719978675196588
diabetes,bo_tpe,3,3,74,0.7719978675196588
diabetes,bo_tpe,3,3,75,0.7719978675196588
diabetes,bo_tpe,3,3,76,0.7719978675196588
diabetes,bo_tpe,3,3,77,0.7719978675196588
diabetes,bo_tpe,3,3,78,0.7719978675196588
diabetes,bo_tpe,3,3,79,0.7719978675196588
diabetes,bo_tpe,3,3,80,0.7719978675196588
diabetes,bo_tpe,3,3,81,0.7719978675196588
diabetes,bo_tpe,3,3,82,0.7719978675196588
diabetes,bo_tpe,3,3,83,0.7719978675196588
diabetes,bo_tpe,3,3,84,0.7719978675196588
diabetes,bo_tpe,3,3,85,0.7719978675196588
diabetes,bo_tpe,3,3,86,0.7719978675196588
diabetes,bo_tpe,3,3,87,0.7719978675196588
diabetes,bo_tpe,3,3,88,0.7719978675196588
diabetes,bo_tpe,3,3,89,0.7719978675196588
diabetes,bo_tpe,3,3,90,0.7736372117819539
diabetes,bo_tpe,3,3,91,0.7736372117819539
diabetes,bo_tpe,3,3,92,0.7736372117819539
diabetes,bo_tpe,3,3,93,0.7736372117819539
diabetes,bo_tpe,3,3,94,0.7736372117819539
diabetes,bo_tpe,3,3,95,0.7736372117819539
diabetes,bo_tpe,3,3,96,0.7736372117819539
diabetes,bo_tpe,3,3,97,0.7736372117819539
diabetes,bo_tpe,3,3,98,0.7736372117819539
diabetes,bo_tpe,3,3,99,0.7736372117819539
diabetes,bo_tpe,3,3,100,0.7736372117819539
diabetes,pso,3,3,1,0.7573104091696655
diabetes,pso,3,3,2,0.7654671464747435
diabetes,pso,3,3,3,0.7654671464747435
diabetes,pso,3,3,4,0.7654671464747435
diabetes,pso,3,3,5,0.7654671464747435
diabetes,pso,3,3,6,0.7654671464747435
diabetes,pso,3,3,7,0.7654671464747435
diabetes,pso,3,3,8,0.7654671464747435
diabetes,pso,3,3,9,0.7654671464747435
diabetes,pso,3,3,10,0.7654671464747435
diabetes,pso,3,3,11,0.7654671464747435
diabetes,pso,3,3,12,0.7654671464747435
diabetes,pso,3,3,13,0.7654671464747435
diabetes,pso,3,3,14,0.7654671464747435
diabetes,pso,3,3,15,0.7654671464747435
diabetes,pso,3,3,16,0.7654671464747435
diabetes,pso,3,3,17,0.7654671464747435
diabetes,pso,3,3,18,0.7654671464747435
diabetes,pso,3,3,19,0.7654671464747435
diabetes,pso,3,3,20,0.7654671464747435
diabetes,pso,3,3,21,0.7687191789950687
diabetes,pso,3,3,22,0.7687191789950687
diabetes,pso,3,3,23,0.7687191789950687
diabetes,pso,3,3,24,0.7687191789950687
diabetes,pso,3,3,25,0.7687191789950687
diabetes,pso,3,3,26,0.7687191789950687
diabetes,pso,3,3,27,0.7687191789950687
diabetes,pso,3,3,28,0.7687191789950687
diabetes,pso,3,3,29,0.7687191789950687
diabetes,pso,3,3,30,0.7687191789950687
diabetes,pso,3,3,31,0.7687191789950687
diabetes,pso,3,3,32,0.7687191789950687
diabetes,pso,3,3,33,0.7687191789950687
diabetes,pso,3,3,34,0.7687191789950687
diabetes,pso,3,3,35,0.7687191789950687
diabetes,pso,3,3,36,0.7687191789950687
diabetes,pso,3,3,37,0.7687191789950687
diabetes,pso,3,3,38,0.7687191789950687
diabetes,pso,3,3,39,0.7687191789950687
diabetes,pso,3,3,40,0.7687191789950687
diabetes,pso,3,3,41,0.7687191789950687
diabetes,pso,3,3,42,0.7687191789950687
diabetes,pso,3,3,43,0.7687191789950687
diabetes,pso,3,3,44,0.7687191789950687
diabetes,pso,3,3,45,0.7687191789950687
diabetes,pso,3,3,46,0.7687191789950687
diabetes,pso,3,3,47,0.7687458349993337
diabetes,pso,3,3,48,0.7687458349993337
diabetes,pso,3,3,49,0.7687458349993337
diabetes,pso,3,3,50,0.7703451952552312
diabetes,pso,3,3,51,0.7703451952552312
diabetes,pso,3,3,52,0.7703451952552312
diabetes,pso,3,3,53,0.7703451952552312
diabetes,pso,3,3,54,0.7703451952552312
diabetes,pso,3,3,55,0.7703451952552312
diabetes,pso,3,3,56,0.7703451952552312
diabetes,pso,3,3,57,0.7703451952552312
diabetes,pso,3,3,58,0.7703451952552312
diabetes,pso,3,3,59,0.7703451952552312
diabetes,pso,3,3,60,0.7703451952552312
diabetes,pso,3,3,61,0.7703451952552312
diabetes,pso,3,3,62,0.7703451952552312
diabetes,pso,3,3,63,0.7703451952552312
diabetes,pso,3,3,64,0.7703451952552312
diabetes,pso,3,3,65,0.7703451952552312
diabetes,pso,3,3,66,0.7703451952552312
diabetes,pso,3,3,67,0.7703451952552312
diabetes,pso,3,3,68,0.7703451952552312
diabetes,pso,3,3,69,0.7703451952552312
diabetes,pso,3,3,70,0.7703451952552312
diabetes,pso,3,3,71,0.7703451952552312
diabetes,pso,3,3,72,0.7703451952552312
diabetes,pso,3,3,73,0.7703451952552312
diabetes,pso,3,3,74,0.7703451952552312
diabetes,pso,3,3,75,0.7703451952552312
diabetes,pso,3,3,76,0.7703451952552312
diabetes,pso,3,3,77,0.7703451952552312
diabetes,pso,3,3,78,0.7703451952552312
diabetes,pso,3,3,79,0.7703451952552312
diabetes,pso,3,3,80,0.7703451952552312
diabetes,pso,3,3,81,0.7703451952552312
diabetes,pso,3,3,82,0.7703451952552312
diabetes,pso,3,3,83,0.7703451952552312
diabetes,pso,3,3,84,0.7703451952552312
diabetes,pso,3,3,85,0.7703451952552312
diabetes,pso,3,3,86,0.7703451952552312
diabetes,pso,3,3,87,0.7703451952552312
diabetes,pso,3,3,88,0.7703451952552312
diabetes,pso,3,3,89,0.7703451952552312
diabetes,pso,3,3,90,0.7703451952552312
diabetes,pso,3,3,91,0.7703451952552312
diabetes,pso,3,3,92,0.7703451952552312
diabetes,pso,3,3,93,0.7703451952552312
diabetes,pso,3,3,94,0.7703451952552312
diabetes,pso,3,3,95,0.7703451952552312
diabetes,pso,3,3,96,0.7703451952552312
diabetes,pso,3,3,97,0.7703451952552312
diabetes,pso,3,3,98,0.7703451952552312
diabetes,pso,3,3,99,0.7703451952552312
diabetes,pso,3,3,100,0.7703451952552312
diabetes,de,3,3,1,0.7589364254298281
diabetes,de,3,3,2,0.7589364254298281
diabetes,de,3,3,3,0.7589364254298281
diabetes,de,3,3,4,0.7589364254298281
diabetes,de,3,3,5,0.7589364254298281
diabetes,de,3,3,6,0.7589497534319606
diabetes,de,3,3,7,0.7638278022124483
diabetes,de,3,3,8,0.7638278022124483
diabetes,de,3,3,9,0.7638278022124483
diabetes,de,3,3,10,0.7638278022124483
diabetes,de,3,3,11,0.7638278022124483
diabetes,de,3,3,12,0.7638278022124483
diabetes,de,3,3,13,0.7719845395175262
diabetes,de,3,3,14,0.7719845395175262
diabetes,de,3,3,15,0.7719845395175262
diabetes,de,3,3,16,0.7719845395175262
diabetes,de,3,3,17,0.7719845395175262
diabetes,de,3,3,18,0.7719845395175262
diabetes,de,3,3,19,0.7719845395175262
diabetes,de,3,3,20,0.7719845395175262
diabetes,de,3,3,21,0.7719845395175262
diabetes,de,3,3,22,0.7719845395175262
diabetes,de,3,3,23,0.7719845395175262
diabetes,de,3,3,24,0.7719845395175262
diabetes,de,3,3,25,0.7719845395175262
diabetes,de,3,3,26,0.7719845395175262
diabetes,de,3,3,27,0.7719845395175262
diabetes,de,3,3,28,0.7719845395175262
diabetes,de,3,3,29,0.7719845395175262
diabetes,de,3,3,30,0.7719845395175262
diabetes,de,3,3,31,0.7719845395175262
diabetes,de,3,3,32,0.7719845395175262
diabetes,de,3,3,33,0.7719845395175262
diabetes,de,3,3,34,0.7719845395175262
diabetes,de,3,3,35,0.7719845395175262
diabetes,de,3,3,36,0.7719845395175262
diabetes,de,3,3,37,0.7719845395175262
diabetes,de,3,3,38,0.7719845395175262
diabetes,de,3,3,39,0.7719845395175262
diabetes,de,3,3,40,0.7719845395175262
diabetes,de,3,3,41,0.7719845395175262
diabetes,de,3,3,42,0.7719845395175262
diabetes,de,3,3,43,0.7719845395175262
diabetes,de,3,3,44,0.7719845395175262
diabetes,de,3,3,45,0.7719845395175262
diabetes,de,3,3,46,0.7719845395175262
diabetes,de,3,3,47,0.7719845395175262
diabetes,de,3,3,48,0.7719845395175262
diabetes,de,3,3,49,0.7719845395175262
diabetes,de,3,3,50,0.7719845395175262
diabetes,de,3,3,51,0.7719845395175262
diabetes,de,3,3,52,0.7719845395175262
diabetes,de,3,3,53,0.7719845395175262
diabetes,de,3,3,54,0.7719845395175262
diabetes,de,3,3,55,0.7719845395175262
diabetes,de,3,3,56,0.7719845395175262
diabetes,de,3,3,57,0.7719845395175262
diabetes,de,3,3,58,0.7719845395175262
diabetes,de,3,3,59,0.7719845395175262
diabetes,de,3,3,60,0.7719845395175262
diabetes,de,3,3,61,0.7719845395175262
diabetes,de,3,3,62,0.7719845395175262
diabetes,de,3,3,63,0.7719845395175262
diabetes,de,3,3,64,0.7719845395175262
diabetes,de,3,3,65,0.7719845395175262
diabetes,de,3,3,66,0.7719845395175262
diabetes,de,3,3,67,0.7719845395175262
diabetes,de,3,3,68,0.7719845395175262
diabetes,de,3,3,69,0.7719845395175262
diabetes,de,3,3,70,0.7719845395175262
diabetes,de,3,3,71,0.7719845395175262
diabetes,de,3,3,72,0.7719845395175262
diabetes,de,3,3,73,0.7719845395175262
diabetes,de,3,3,74,0.7719845395175262
diabetes,de,3,3,75,0.7719845395175262
diabetes,de,3,3,76,0.7719845395175262
diabetes,de,3,3,77,0.7719845395175262
diabetes,de,3,3,78,0.7719845395175262
diabetes,de,3,3,79,0.7719845395175262
diabetes,de,3,3,80,0.7719845395175262
diabetes,de,3,3,81,0.7719845395175262
diabetes,de,3,3,82,0.7719845395175262
diabetes,de,3,3,83,0.7719845395175262
diabetes,de,3,3,84,0.7719845395175262
diabetes,de,3,3,85,0.7719845395175262
diabetes,de,3,3,86,0.7719845395175262
diabetes,de,3,3,87,0.7719845395175262
diabetes,de,3,3,88,0.7719845395175262
diabetes,de,3,3,89,0.7719845395175262
diabetes,de,3,3,90,0.7719845395175262
diabetes,de,3,3,91,0.7719845395175262
diabetes,de,3,3,92,0.7719845395175262
diabetes,de,3,3,93,0.7719845395175262
diabetes,de,3,3,94,0.7719845395175262
diabetes,de,3,3,95,0.7719845395175262
diabetes,de,3,3,96,0.7719845395175262
diabetes,de,3,3,97,0.7719845395175262
diabetes,de,3,3,98,0.7719845395175262
diabetes,de,3,3,99,0.7719845395175262
diabetes,de,3,3,100,0.7719845395175262
diabetes,ga,3,3,1,0.7589364254298281
diabetes,ga,3,3,2,0.7589364254298281
diabetes,ga,3,3,3,0.7589364254298281
diabetes,ga,3,3,4,0.7589364254298281
diabetes,ga,3,3,5,0.7589364254298281
diabetes,ga,3,3,6,0.7589497534319606
diabetes,ga,3,3,7,0.7638278022124483
diabetes,ga,3,3,8,0.7638278022124483
diabetes,ga,3,3,9,0.7638278022124483
diabetes,ga,3,3,10,0.7638278022124483
diabetes,ga,3,3,11,0.7638278022124483
diabetes,ga,3,3,12,0.7638278022124483
diabetes,ga,3,3,13,0.7719845395175262
diabetes,ga,3,3,14,0.7719845395175262
diabetes,ga,3,3,15,0.7719845395175262
diabetes,ga,3,3,16,0.7719845395175262
diabetes,ga,3,3,17,0.7719845395175262
diabetes,ga,3,3,18,0.7719845395175262
diabetes,ga,3,3,19,0.7719845395175262
diabetes,ga,3,3,20,0.7719845395175262
diabetes,ga,3,3,21,0.7719845395175262
diabetes,ga,3,3,22,0.7719845395175262
diabetes,ga,3,3,23,0.7719845395175262
diabetes,ga,3,3,24,0.7719845395175262
diabetes,ga,3,3,25,0.7719845395175262
diabetes,ga,3,3,26,0.7719845395175262
diabetes,ga,3,3,27,0.7719845395175262
diabetes,ga,3,3,28,0.7719845395175262
diabetes,ga,3,3,29,0.7719845395175262
diabetes,ga,3,3,30,0.7719845395175262
diabetes,ga,3,3,31,0.7719845395175262
diabetes,ga,3,3,32,0.7719845395175262
diabetes,ga,3,3,33,0.7719845395175262
diabetes,ga,3,3,34,0.7719845395175262
diabetes,ga,3,3,35,0.7719845395175262
diabetes,ga,3,3,36,0.7719845395175262
diabetes,ga,3,3,37,0.7719845395175262
diabetes,ga,3,3,38,0.7719845395175262
diabetes,ga,3,3,39,0.7719845395175262
diabetes,ga,3,3,40,0.7719845395175262
diabetes,ga,3,3,41,0.7719845395175262
diabetes,ga,3,3,42,0.7719845395175262
diabetes,ga,3,3,43,0.7719845395175262
diabetes,ga,3,3,44,0.7719845395175262
diabetes,ga,3,3,45,0.7719845395175262
diabetes,ga,3,3,46,0.7719845395175262
diabetes,ga,3,3,47,0.7719845395175262
diabetes,ga,3,3,48,0.7719845395175262
diabetes,ga,3,3,49,0.7719845395175262
diabetes,ga,3,3,50,0.7719845395175262
diabetes,ga,3,3,51,0.7719845395175262
diabetes,ga,3,3,52,0.7719845395175262
diabetes,ga,3,3,53,0.7719845395175262
diabetes,ga,3,3,54,0.7719845395175262
diabetes,ga,3,3,55,0.7719845395175262
diabetes,ga,3,3,56,0.7719845395175262
diabetes,ga,3,3,57,0.7719845395175262
diabetes,ga,3,3,58,0.7719845395175262
diabetes,ga,3,3,59,0.7719845395175262
diabetes,ga,3,3,60,0.7719845395175262
diabetes,ga,3,3,61,0.7719845395175262
diabetes,ga,3,3,62,0.7719845395175262
diabetes,ga,3,3,63,0.7719845395175262
diabetes,ga,3,3,64,0.7719845395175262
diabetes,ga,3,3,65,0.7719845395175262
diabetes,ga,3,3,66,0.7719845395175262
diabetes,ga,3,3,67,0.7719845395175262
diabetes,ga,3,3,68,0.7719845395175262
diabetes,ga,3,3,69,0.7719845395175262
diabetes,ga,3,3,70,0.7719845395175262
diabetes,ga,3,3,71,0.7719845395175262
diabetes,ga,3,3,72,0.7719845395175262
diabetes,ga,3,3,73,0.7719845395175262
diabetes,ga,3,3,74,0.7719845395175262
diabetes,ga,3,3,75,0.7719845395175262
diabetes,ga,3,3,76,0.7719845395175262
diabetes,ga,3,3,77,0.7719845395175262
diabetes,ga,3,3,78,0.7719845395175262
diabetes,ga,3,3,79,0.7719845395175262
diabetes,ga,3,3,80,0.7719845395175262
diabetes,ga,3,3,81,0.7719845395175262
diabetes,ga,3,3,82,0.7719845395175262
diabetes,ga,3,3,83,0.7719845395175262
diabetes,ga,3,3,84,0.7719845395175262
diabetes,ga,3,3,85,0.7719845395175262
diabetes,ga,3,3,86,0.7719845395175262
diabetes,ga,3,3,87,0.7719845395175262
diabetes,ga,3,3,88,0.7719978675196588
diabetes,ga,3,3,89,0.7719978675196588
diabetes,ga,3,3,90,0.7719978675196588
diabetes,ga,3,3,91,0.7719978675196588
diabetes,ga,3,3,92,0.7719978675196588
diabetes,ga,3,3,93,0.7719978675196588
diabetes,ga,3,3,94,0.7752765560442489
diabetes,ga,3,3,95,0.7752765560442489
diabetes,ga,3,3,96,0.7752765560442489
diabetes,ga,3,3,97,0.7752765560442489
diabetes,ga,3,3,98,0.7752765560442489
diabetes,ga,3,3,99,0.7752765560442489
diabetes,ga,3,3,100,0.7752765560442489
diabetes,sa,3,3,1,0.6970411835265893
diabetes,sa,3,3,2,0.6970411835265893
diabetes,sa,3,3,3,0.6970411835265893
diabetes,sa,3,3,4,0.6970411835265893
diabetes,sa,3,3,5,0.6970411835265893
diabetes,sa,3,3,6,0.6970411835265893
diabetes,sa,3,3,7,0.6970411835265893
diabetes,sa,3,3,8,0.6970411835265893
diabetes,sa,3,3,9,0.6970411835265893
diabetes,sa,3,3,10,0.6970411835265893
diabetes,sa,3,3,11,0.6970411835265893
diabetes,sa,3,3,12,0.6970411835265893
diabetes,sa,3,3,13,0.6970411835265893
diabetes,sa,3,3,14,0.6986538717846196
diabetes,sa,3,3,15,0.6986538717846196
diabetes,sa,3,3,16,0.6986538717846196
diabetes,sa,3,3,17,0.7654671464747435
diabetes,sa,3,3,18,0.7654671464747435
diabetes,sa,3,3,19,0.7654671464747435
diabetes,sa,3,3,20,0.7654671464747435
diabetes,sa,3,3,21,0.7654671464747435
diabetes,sa,3,3,22,0.7720111955217913
diabetes,sa,3,3,23,0.7720111955217913
diabetes,sa,3,3,24,0.7720111955217913
diabetes,sa,3,3,25,0.7720111955217913
diabetes,sa,3,3,26,0.7720111955217913
diabetes,sa,3,3,27,0.7720111955217913
diabetes,sa,3,3,28,0.7720111955217913
diabetes,sa,3,3,29,0.7720111955217913
diabetes,sa,3,3,30,0.7720111955217913
diabetes,sa,3,3,31,0.7720111955217913
diabetes,sa,3,3,32,0.7720111955217913
diabetes,sa,3,3,33,0.7720111955217913
diabetes,sa,3,3,34,0.7720111955217913
diabetes,sa,3,3,35,0.7720111955217913
diabetes,sa,3,3,36,0.7720111955217913
diabetes,sa,3,3,37,0.7720111955217913
diabetes,sa,3,3,38,0.7720111955217913
diabetes,sa,3,3,39,0.7720111955217913
diabetes,sa,3,3,40,0.7720111955217913
diabetes,sa,3,3,41,0.7720111955217913
diabetes,sa,3,3,42,0.7720111955217913
diabetes,sa,3,3,43,0.7720111955217913
diabetes,sa,3,3,44,0.7720111955217913
diabetes,sa,3,3,45,0.7720111955217913
diabetes,sa,3,3,46,0.7720111955217913
diabetes,sa,3,3,47,0.7720111955217913
diabetes,sa,3,3,48,0.7720111955217913
diabetes,sa,3,3,49,0.7720111955217913
diabetes,sa,3,3,50,0.7720111955217913
diabetes,sa,3,3,51,0.7720111955217913
diabetes,sa,3,3,52,0.7720111955217913
diabetes,sa,3,3,53,0.7720111955217913
diabetes,sa,3,3,54,0.7720111955217913
diabetes,sa,3,3,55,0.7720111955217913
diabetes,sa,3,3,56,0.7720111955217913
diabetes,sa,3,3,57,0.7720111955217913
diabetes,sa,3,3,58,0.7720111955217913
diabetes,sa,3,3,59,0.7720111955217913
diabetes,sa,3,3,60,0.7720111955217913
diabetes,sa,3,3,61,0.7720111955217913
diabetes,sa,3,3,62,0.7720111955217913
diabetes,sa,3,3,63,0.7720111955217913
diabetes,sa,3,3,64,0.7720111955217913
diabetes,sa,3,3,65,0.7720111955217913
diabetes,sa,3,3,66,0.7720111955217913
diabetes,sa,3,3,67,0.7720111955217913
diabetes,sa,3,3,68,0.7720111955217913
diabetes,sa,3,3,69,0.7720111955217913
diabetes,sa,3,3,70,0.7720111955217913
diabetes,sa,3,3,71,0.7720111955217913
diabetes,sa,3,3,72,0.7720111955217913
diabetes,sa,3,3,73,0.7720111955217913
diabetes,sa,3,3,74,0.7720111955217913
diabetes,sa,3,3,75,0.7720111955217913
diabetes,sa,3,3,76,0.7720111955217913
diabetes,sa,3,3,77,0.7720111955217913
diabetes,sa,3,3,78,0.7720111955217913
diabetes,sa,3,3,79,0.7720111955217913
diabetes,sa,3,3,80,0.7720111955217913
diabetes,sa,3,3,81,0.7720111955217913
diabetes,sa,3,3,82,0.7720111955217913
diabetes,sa,3,3,83,0.7720111955217913
diabetes,sa,3,3,84,0.7720111955217913
diabetes,sa,3,3,85,0.7720111955217913
diabetes,sa,3,3,86,0.7720111955217913
diabetes,sa,3,3,87,0.7720111955217913
diabetes,sa,3,3,88,0.7720111955217913
diabetes,sa,3,3,89,0.7720111955217913
diabetes,sa,3,3,90,0.7720111955217913
diabetes,sa,3,3,91,0.7720111955217913
diabetes,sa,3,3,92,0.7720111955217913
diabetes,sa,3,3,93,0.7720111955217913
diabetes,sa,3,3,94,0.7720111955217913
diabetes,sa,3,3,95,0.7720111955217913
diabetes,sa,3,3,96,0.7720111955217913
diabetes,sa,3,3,97,0.7720111955217913
diabetes,sa,3,3,98,0.7720111955217913
diabetes,sa,3,3,99,0.7720111955217913
diabetes,sa,3,3,100,0.7720111955217913
diabetes,grid,4,4,1,0.6514727442356391
diabetes,grid,4,4,2,0.6514727442356391
diabetes,grid,4,4,3,0.6514727442356391
diabetes,grid,4,4,4,0.6514727442356391
diabetes,grid,4,4,5,0.6514727442356391
diabetes,grid,4,4,6,0.6514727442356391
diabetes,grid,4,4,7,0.6514727442356391
diabetes,grid,4,4,8,0.6514727442356391
diabetes,grid,4,4,9,0.6514727442356391
diabetes,grid,4,4,10,0.6514727442356391
diabetes,grid,4,4,11,0.6514727442356391
diabetes,grid,4,4,12,0.6514727442356391
diabetes,grid,4,4,13,0.6514727442356391
diabetes,grid,4,4,14,0.6514727442356391
diabetes,grid,4,4,15,0.6547514327602293
diabetes,grid,4,4,16,0.7638011462081835
diabetes,grid,4,4,17,0.7638011462081835
diabetes,grid,4,4,18,0.7638011462081835
diabetes,grid,4,4,19,0.7638011462081835
diabetes,grid,4,4,20,0.7638011462081835
diabetes,grid,4,4,21,0.7638011462081835
diabetes,grid,4,4,22,0.7638011462081835
diabetes,grid,4,4,23,0.7638011462081835
diabetes,grid,4,4,24,0.7638011462081835
diabetes,grid,4,4,25,0.767039850726376
diabetes,grid,4,4,26,0.767039850726376
diabetes,grid,4,4,27,0.767039850726376
diabetes,grid,4,4,28,0.7687191789950686
diabetes,grid,4,4,29,0.7687191789950686
diabetes,grid,4,4,30,0.7687191789950686
diabetes,grid,4,4,31,0.7687191789950686
diabetes,grid,4,4,32,0.7687191789950686
diabetes,grid,4,4,33,0.7687191789950686
diabetes,grid,4,4,34,0.7703052112488338
diabetes,grid,4,4,35,0.7703052112488338
diabetes,grid,4,4,36,0.7703052112488338
diabetes,grid,4,4,37,0.7703052112488338
diabetes,grid,4,4,38,0.7703052112488338
diabetes,grid,4,4,39,0.7703052112488338
diabetes,grid,4,4,40,0.7703052112488338
diabetes,grid,4,4,41,0.7703052112488338
diabetes,grid,4,4,42,0.7703052112488338
diabetes,grid,4,4,43,0.7703052112488338
diabetes,grid,4,4,44,0.7703052112488338
diabetes,grid,4,4,45,0.7703052112488338
diabetes,grid,4,4,46,0.7703052112488338
diabetes,grid,4,4,47,0.7703052112488338
diabetes,grid,4,4,48,0.7703052112488338
diabetes,grid,4,4,49,0.7703052112488338
diabetes,grid,4,4,50,0.7703052112488338
diabetes,grid,4,4,51,0.7703052112488338
diabetes,grid,4,4,52,0.7703052112488338
diabetes,grid,4,4,53,0.7703052112488338
diabetes,grid,4,4,54,0.7703052112488338
diabetes,grid,4,4,55,0.7703052112488338
diabetes,grid,4,4,56,0.7703318672530988
diabetes,grid,4,4,57,0.7703318672530988
diabetes,grid,4,4,58,0.7703318672530988
diabetes,grid,4,4,59,0.7703318672530988
diabetes,grid,4,4,60,0.7703318672530988
diabetes,grid,4,4,61,0.7703318672530988
diabetes,grid,4,4,62,0.7703318672530988
diabetes,grid,4,4,63,0.7703318672530988
diabetes,grid,4,4,64,0.7703318672530988
diabetes,grid,4,4,65,0.7703318672530988
diabetes,grid,4,4,66,0.7703318672530988
diabetes,grid,4,4,67,0.7703318672530988
diabetes,grid,4,4,68,0.7703318672530988
diabetes,grid,4,4,69,0.7703318672530988
diabetes,grid,4,4,70,0.7703318672530988
diabetes,grid,4,4,71,0.7703318672530988
diabetes,grid,4,4,72,0.7703318672530988
diabetes,grid,4,4,73,0.771891243502599
diabetes,grid,4,4,74,0.771891243502599
diabetes,grid,4,4,75,0.771891243502599
diabetes,grid,4,4,76,0.771891243502599
diabetes,grid,4,4,77,0.771891243502599
diabetes,grid,4,4,78,0.771891243502599
diabetes,grid,4,4,79,0.771891243502599
diabetes,grid,4,4,80,0.771891243502599
diabetes,grid,4,4,81,0.771891243502599
diabetes,grid,4,4,82,0.771891243502599
diabetes,grid,4,4,83,0.771891243502599
diabetes,grid,4,4,84,0.771891243502599
diabetes,grid,4,4,85,0.771891243502599
diabetes,grid,4,4,86,0.771891243502599
diabetes,grid,4,4,87,0.771891243502599
diabetes,grid,4,4,88,0.771891243502599
diabetes,grid,4,4,89,0.771891243502599
diabetes,grid,4,4,90,0.771891243502599
diabetes,grid,4,4,91,0.771891243502599
diabetes,grid,4,4,92,0.771891243502599
diabetes,grid,4,4,93,0.771891243502599
diabetes,grid,4,4,94,0.771891243502599
diabetes,grid,4,4,95,0.773610555777689
diabetes,grid,4,4,96,0.773610555777689
diabetes,grid,4,4,97,0.773610555777689
diabetes,grid,4,4,98,0.773610555777689
diabetes,grid,4,4,99,0.773610555777689
diabetes,grid,4,4,100,0.773610555777689
diabetes,random,4,4,1,0.7165533786485405
diabetes,random,4,4,2,0.7605624416899908
diabetes,random,4,4,3,0.7686791949886713
diabetes,random,4,4,4,0.7686791949886713
diabetes,random,4,4,5,0.7702918832467013
diabetes,random,4,4,6,0.7702918832467013
diabetes,random,4,4,7,0.7702918832467013
diabetes,random,4,4,8,0.7702918832467013
diabetes,random,4,4,9,0.7702918832467013
diabetes,random,4,4,10,0.7702918832467013
diabetes,random,4,4,11,0.7702918832467013
diabetes,random,4,4,12,0.7702918832467013
diabetes,random,4,4,13,0.7702918832467013
diabetes,random,4,4,14,0.7702918832467013
diabetes,random,4,4,15,0.7702918832467013
diabetes,random,4,4,16,0.7702918832467013
diabetes,random,4,4,17,0.7702918832467013
diabetes,random,4,4,18,0.7702918832467013
diabetes,random,4,4,19,0.7702918832467013
diabetes,random,4,4,20,0.7702918832467013
diabetes,random,4,4,21,0.7702918832467013
diabetes,random,4,4,22,0.7702918832467013
diabetes,random,4,4,23,0.7702918832467013
diabetes,random,4,4,24,0.7702918832467013
diabetes,random,4,4,25,0.7702918832467013
diabetes,random,4,4,26,0.7702918832467013
diabetes,random,4,4,27,0.7702918832467013
diabetes,random,4,4,28,0.7702918832467013
diabetes,random,4,4,29,0.7702918832467013
diabetes,random,4,4,30,0.7702918832467013
diabetes,random,4,4,31,0.7702918832467013
diabetes,random,4,4,32,0.7702918832467013
diabetes,random,4,4,33,0.7702918832467013
diabetes,random,4,4,34,0.7702918832467013
diabetes,random,4,4,35,0.7702918832467013
diabetes,random,4,4,36,0.7702918832467013
diabetes,random,4,4,37,0.7702918832467013
diabetes,random,4,4,38,0.7702918832467013
diabetes,random,4,4,39,0.7702918832467013
diabetes,random,4,4,40,0.7702918832467013
diabetes,random,4,4,41,0.7702918832467013
diabetes,random,4,4,42,0.7702918832467013
diabetes,random,4,4,43,0.7702918832467013
diabetes,random,4,4,44,0.7702918832467013
diabetes,random,4,4,45,0.7702918832467013
diabetes,random,4,4,46,0.7702918832467013
diabetes,random,4,4,47,0.7702918832467013
diabetes,random,4,4,48,0.7702918832467013
diabetes,random,4,4,49,0.7702918832467013
diabetes,random,4,4,50,0.7702918832467013
diabetes,random,4,4,51,0.771891243502599
diabetes,random,4,4,52,0.771891243502599
diabetes,random,4,4,53,0.771891243502599
diabetes,random,4,4,54,0.771891243502599
diabetes,random,4,4,55,0.771891243502599
diabetes,random,4,4,56,0.771891243502599
diabetes,random,4,4,57,0.771891243502599
diabetes,random,4,4,58,0.771891243502599
diabetes,random,4,4,59,0.771891243502599
diabetes,random,4,4,60,0.771891243502599
diabetes,random,4,4,61,0.771891243502599
diabetes,random,4,4,62,0.771891243502599
diabetes,random,4,4,63,0.771891243502599
diabetes,random,4,4,64,0.771891243502599
diabetes,random,4,4,65,0.771891243502599
diabetes,random,4,4,66,0.771891243502599
diabetes,random,4,4,67,0.771891243502599
diabetes,random,4,4,68,0.771891243502599
diabetes,random,4,4,69,0.771891243502599
diabetes,random,4,4,70,0.771891243502599
diabetes,random,4,4,71,0.771891243502599
diabetes,random,4,4,72,0.771891243502599
diabetes,random,4,4,73,0.771891243502599
diabetes,random,4,4,74,0.771891243502599
diabetes,random,4,4,75,0.771891243502599
diabetes,random,4,4,76,0.771891243502599
diabetes,random,4,4,77,0.771891243502599
diabetes,random,4,4,78,0.771891243502599
diabetes,random,4,4,79,0.771891243502599
diabetes,random,4,4,80,0.771891243502599
diabetes,random,4,4,81,0.771891243502599
diabetes,random,4,4,82,0.771891243502599
diabetes,random,4,4,83,0.771891243502599
diabetes,random,4,4,84,0.771891243502599
diabetes,random,4,4,85,0.771891243502599
diabetes,random,4,4,86,0.771891243502599
diabetes,random,4,4,87,0.771891243502599
diabetes,random,4,4,88,0.773530587764894
diabetes,random,4,4,89,0.773530587764894
diabetes,random,4,4,90,0.773530587764894
diabetes,random,4,4,91,0.773530587764894
diabetes,random,4,4,92,0.773530587764894
diabetes,random,4,4,93,0.773530587764894
diabetes,random,4,4,94,0.773530587764894
diabetes,random,4,4,95,0.773530587764894
diabetes,random,4,4,96,0.773530587764894
diabetes,random,4,4,97,0.773530587764894
diabetes,random,4,4,98,0.773530587764894
diabetes,random,4,4,99,0.773530587764894
diabetes,random,4,4,100,0.773530587764894
diabetes,bo_tpe,4,4,1,0.7165533786485405
diabetes,bo_tpe,4,4,2,0.7605624416899908
diabetes,bo_tpe,4,4,3,0.7686791949886713
diabetes,bo_tpe,4,4,4,0.7686791949886713
diabetes,bo_tpe,4,4,5,0.7702918832467013
diabetes,bo_tpe,4,4,6,0.7702918832467013
diabetes,bo_tpe,4,4,7,0.7702918832467013
diabetes,bo_tpe,4,4,8,0.7702918832467013
diabetes,bo_tpe,4,4,9,0.7702918832467013
diabetes,bo_tpe,4,4,10,0.7702918832467013
diabetes,bo_tpe,4,4,11,0.7702918832467013
diabetes,bo_tpe,4,4,12,0.7702918832467013
diabetes,bo_tpe,4,4,13,0.7702918832467013
diabetes,bo_tpe,4,4,14,0.7702918832467013
diabetes,bo_tpe,4,4,15,0.7702918832467013
diabetes,bo_tpe,4,4,16,0.7702918832467013
diabetes,bo_tpe,4,4,17,0.7702918832467013
diabetes,bo_tpe,4,4,18,0.7702918832467013
diabetes,bo_tpe,4,4,19,0.7702918832467013
diabetes,bo_tpe,4,4,20,0.7702918832467013
diabetes,bo_tpe,4,4,21,0.7702918832467013
diabetes,bo_tpe,4,4,22,0.7702918832467013
diabetes,bo_tpe,4,4,23,0.7702918832467013
diabetes,bo_tpe,4,4,24,0.7702918832467013
diabetes,bo_tpe,4,4,25,0.7702918832467013
diabetes,bo_tpe,4,4,26,0.7702918832467013
diabetes,bo_tpe,4,4,27,0.7702918832467013
diabetes,bo_tpe,4,4,28,0.7702918832467013
diabetes,bo_tpe,4,4,29,0.7702918832467013
diabetes,bo_tpe,4,4,30,0.7702918832467013
diabetes,bo_tpe,4,4,31,0.7703585232573638
diabetes,bo_tpe,4,4,32,0.7703585232573638
diabetes,bo_tpe,4,4,33,0.7703585232573638
diabetes,bo_tpe,4,4,34,0.7703585232573638
diabetes,bo_tpe,4,4,35,0.7703585232573638
diabetes,bo_tpe,4,4,36,0.7703585232573638
diabetes,bo_tpe,4,4,37,0.7719045715047315
diabetes,bo_tpe,4,4,38,0.7719045715047315
diabetes,bo_tpe,4,4,39,0.7719045715047315
diabetes,bo_tpe,4,4,40,0.7719045715047315
diabetes,bo_tpe,4,4,41,0.7719045715047315
diabetes,bo_tpe,4,4,42,0.7719045715047315
diabetes,bo_tpe,4,4,43,0.7719045715047315
diabetes,bo_tpe,4,4,44,0.7719045715047315
diabetes,bo_tpe,4,4,45,0.7719045715047315
diabetes,bo_tpe,4,4,46,0.7719045715047315
diabetes,bo_tpe,4,4,47,0.7719045715047315
diabetes,bo_tpe,4,4,48,0.7719045715047315
diabetes,bo_tpe,4,4,49,0.7719045715047315
diabetes,bo_tpe,4,4,50,0.7719045715047315
diabetes,bo_tpe,4,4,51,0.7719045715047315
diabetes,bo_tpe,4,4,52,0.7719045715047315
diabetes,bo_tpe,4,4,53,0.7719045715047315
diabetes,bo_tpe,4,4,54,0.7719045715047315
diabetes,bo_tpe,4,4,55,0.7719045715047315
diabetes,bo_tpe,4,4,56,0.7719045715047315
diabetes,bo_tpe,4,4,57,0.7719045715047315
diabetes,bo_tpe,4,4,58,0.7719045715047315
diabetes,bo_tpe,4,4,59,0.7719045715047315
diabetes,bo_tpe,4,4,60,0.7719045715047315
diabetes,bo_tpe,4,4,61,0.7719045715047315
diabetes,bo_tpe,4,4,62,0.7719045715047315
diabetes,bo_tpe,4,4,63,0.7719045715047315
diabetes,bo_tpe,4,4,64,0.7719045715047315
diabetes,bo_tpe,4,4,65,0.7719045715047315
diabetes,bo_tpe,4,4,66,0.7719045715047315
diabetes,bo_tpe,4,4,67,0.7719045715047315
diabetes,bo_tpe,4,4,68,0.7719045715047315
diabetes,bo_tpe,4,4,69,0.7719045715047315
diabetes,bo_tpe,4,4,70,0.7719045715047315
diabetes,bo_tpe,4,4,71,0.7719045715047315
diabetes,bo_tpe,4,4,72,0.7719045715047315
diabetes,bo_tpe,4,4,73,0.7719045715047315
diabetes,bo_tpe,4,4,74,0.7719045715047315
diabetes,bo_tpe,4,4,75,0.7719045715047315
diabetes,bo_tpe,4,4,76,0.7719045715047315
diabetes,bo_tpe,4,4,77,0.7719045715047315
diabetes,bo_tpe,4,4,78,0.7719045715047315
diabetes,bo_tpe,4,4,79,0.7719045715047315
diabetes,bo_tpe,4,4,80,0.7719045715047315
diabetes,bo_tpe,4,4,81,0.7719045715047315
diabetes,bo_tpe,4,4,82,0.7719045715047315
diabetes,bo_tpe,4,4,83,0.7719045715047315
diabetes,bo_tpe,4,4,84,0.7719045715047315
diabetes,bo_tpe,4,4,85,0.7719045715047315
diabetes,bo_tpe,4,4,86,0.7719045715047315
diabetes,bo_tpe,4,4,87,0.7719045715047315
diabetes,bo_tpe,4,4,88,0.7719045715047315
diabetes,bo_tpe,4,4,89,0.7719045715047315
diabetes,bo_tpe,4,4,90,0.7719045715047315
diabetes,bo_tpe,4,4,91,0.7719045715047315
diabetes,bo_tpe,4,4,92,0.7719045715047315
diabetes,bo_tpe,4,4,93,0.7719045715047315
diabetes,bo_tpe,4,4,94,0.7719045715047315
diabetes,bo_tpe,4,4,95,0.7719045715047315
diabetes,bo_tpe,4,4,96,0.7719045715047315
diabetes,bo_tpe,4,4,97,0.7719045715047315
diabetes,bo_tpe,4,4,98,0.7719045715047315
diabetes,bo_tpe,4,4,99,0.7719045715047315
diabetes,bo_tpe,4,4,100,0.7719045715047315
diabetes,pso,4,4,1,0.7686258829801413
diabetes,pso,4,4,2,0.7702652272424364
diabetes,pso,4,4,3,0.7702652272424364
diabetes,pso,4,4,4,0.7702652272424364
diabetes,pso,4,4,5,0.7702652272424364
diabetes,pso,4,4,6,0.7702652272424364
diabetes,pso,4,4,7,0.7703052112488338
diabetes,pso,4,4,8,0.7703052112488338
diabetes,pso,4,4,9,0.7703052112488338
diabetes,pso,4,4,10,0.7703052112488338
diabetes,pso,4,4,11,0.7703052112488338
diabetes,pso,4,4,12,0.7703052112488338
diabetes,pso,4,4,13,0.7703052112488338
diabetes,pso,4,4,14,0.7703052112488338
diabetes,pso,4,4,15,0.7703052112488338
diabetes,pso,4,4,16,0.7703052112488338
diabetes,pso,4,4,17,0.7703052112488338
diabetes,pso,4,4,18,0.7703052112488338
diabetes,pso,4,4,19,0.7703052112488338
diabetes,pso,4,4,20,0.7703052112488338
diabetes,pso,4,4,21,0.7703052112488338
diabetes,pso,4,4,22,0.7703052112488338
diabetes,pso,4,4,23,0.7703052112488338
diabetes,pso,4,4,24,0.7703052112488338
diabetes,pso,4,4,25,0.7703052112488338
diabetes,pso,4,4,26,0.7703052112488338
diabetes,pso,4,4,27,0.7703052112488338
diabetes,pso,4,4,28,0.7703052112488338
diabetes,pso,4,4,29,0.7703052112488338
diabetes,pso,4,4,30,0.7703052112488338
diabetes,pso,4,4,31,0.7703052112488338
diabetes,pso,4,4,32,0.7703052112488338
diabetes,pso,4,4,33,0.7703052112488338
diabetes,pso,4,4,34,0.7703052112488338
diabetes,pso,4,4,35,0.7703052112488338
diabetes,pso,4,4,36,0.7703052112488338
diabetes,pso,4,4,37,0.7703052112488338
diabetes,pso,4,4,38,0.773530587764894
diabetes,pso,4,4,39,0.773530587764894
diabetes,pso,4,4,40,0.773530587764894
diabetes,pso,4,4,41,0.773530587764894
diabetes,pso,4,4,42,0.773530587764894
diabetes,pso,4,4,43,0.773530587764894
diabetes,pso,4,4,44,0.773530587764894
diabetes,pso,4,4,45,0.773530587764894
diabetes,pso,4,4,46,0.773530587764894
diabetes,pso,4,4,47,0.773530587764894
diabetes,pso,4,4,48,0.773530587764894
diabetes,pso,4,4,49,0.773530587764894
diabetes,pso,4,4,50,0.773530587764894
diabetes,pso,4,4,51,0.773530587764894
diabetes,pso,4,4,52,0.773530587764894
diabetes,pso,4,4,53,0.773530587764894
diabetes,pso,4,4,54,0.773530587764894
diabetes,pso,4,4,55,0.773530587764894
diabetes,pso,4,4,56,0.773530587764894
diabetes,pso,4,4,57,0.773530587764894
diabetes,pso,4,4,58,0.773530587764894
diabetes,pso,4,4,59,0.773530587764894
diabetes,pso,4,4,60,0.773530587764894
diabetes,pso,4,4,61,0.773530587764894
diabetes,pso,4,4,62,0.773530587764894
diabetes,pso,4,4,63,0.773530587764894
diabetes,pso,4,4,64,0.773530587764894
diabetes,pso,4,4,65,0.773530587764894
diabetes,pso,4,4,66,0.773530587764894
diabetes,pso,4,4,67,0.773530587764894
diabetes,pso,4,4,68,0.773530587764894
diabetes,pso,4,4,69,0.773530587764894
diabetes,pso,4,4,70,0.773530587764894
diabetes,pso,4,4,71,0.773530587764894
diabetes,pso,4,4,72,0.773530587764894
diabetes,pso,4,4,73,0.773530587764894
diabetes,pso,4,4,74,0.773530587764894
diabetes,pso,4,4,75,0.773530587764894
diabetes,pso,4,4,76,0.773530587764894
diabetes,pso,4,4,77,0.773530587764894
diabetes,pso,4,4,78,0.773530587764894
diabetes,pso,4,4,79,0.773530587764894
diabetes,pso,4,4,80,0.773530587764894
diabetes,pso,4,4,81,0.773530587764894
diabetes,pso,4,4,82,0.773530587764894
diabetes,pso,4,4,83,0.773530587764894
diabetes,pso,4,4,84,0.773530587764894
diabetes,pso,4,4,85,0.773530587764894
diabetes,pso,4,4,86,0.773530587764894
diabetes,pso,4,4,87,0.773530587764894
diabetes,pso,4,4,88,0.773530587764894
diabetes,pso,4,4,89,0.773530587764894
diabetes,pso,4,4,90,0.773530587764894
diabetes,pso,4,4,91,0.773530587764894
diabetes,pso,4,4,92,0.773530587764894
diabetes,pso,4,4,93,0.773530587764894
diabetes,pso,4,4,94,0.773530587764894
diabetes,pso,4,4,95,0.773530587764894
diabetes,pso,4,4,96,0.773530587764894
diabetes,pso,4,4,97,0.773530587764894
diabetes,pso,4,4,98,0.773530587764894
diabetes,pso,4,4,99,0.773530587764894
diabetes,pso,4,4,100,0.773530587764894
diabetes,de,4,4,1,0.7686258829801413
diabetes,de,4,4,2,0.7686258829801413
diabetes,de,4,4,3,0.7686258829801413
diabetes,de,4,4,4,0.7686258829801413
diabetes,de,4,4,5,0.7686258829801413
diabetes,de,4,4,6,0.7686258829801413
diabetes,de,4,4,7,0.7686258829801413
diabetes,de,4,4,8,0.7686258829801413
diabetes,de,4,4,9,0.7686258829801413
diabetes,de,4,4,10,0.7686258829801413
diabetes,de,4,4,11,0.7686258829801413
diabetes,de,4,4,12,0.7686258829801413
diabetes,de,4,4,13,0.7686258829801413
diabetes,de,4,4,14,0.7686258829801413
diabetes,de,4,4,15,0.7686258829801413
diabetes,de,4,4,16,0.7686258829801413
diabetes,de,4,4,17,0.7686258829801413
diabetes,de,4,4,18,0.7686258829801413
diabetes,de,4,4,19,0.7686258829801413
diabetes,de,4,4,20,0.7686258829801413
diabetes,de,4,4,21,0.771891243502599
diabetes,de,4,4,22,0.771891243502599
diabetes,de,4,4,23,0.771891243502599
diabetes,de,4,4,24,0.771891243502599
diabetes,de,4,4,25,0.771891243502599
diabetes,de,4,4,26,0.771891243502599
diabetes,de,4,4,27,0.771891243502599
diabetes,de,4,4,28,0.771891243502599
diabetes,de,4,4,29,0.771891243502599
diabetes,de,4,4,30,0.771891243502599
diabetes,de,4,4,31,0.771891243502599
diabetes,de,4,4,32,0.771891243502599
diabetes,de,4,4,33,0.771891243502599
diabetes,de,4,4,34,0.771891243502599
diabetes,de,4,4,35,0.771891243502599
diabetes,de,4,4,36,0.771891243502599
diabetes,de,4,4,37,0.771891243502599
diabetes,de,4,4,38,0.771891243502599
diabetes,de,4,4,39,0.771891243502599
diabetes,de,4,4,40,0.771891243502599
diabetes,de,4,4,41,0.771891243502599
diabetes,de,4,4,42,0.771891243502599
diabetes,de,4,4,43,0.771891243502599
diabetes,de,4,4,44,0.771891243502599
diabetes,de,4,4,45,0.771891243502599
diabetes,de,4,4,46,0.771891243502599
diabetes,de,4,4,47,0.771891243502599
diabetes,de,4,4,48,0.771891243502599
diabetes,de,4,4,49,0.771891243502599
diabetes,de,4,4,50,0.771891243502599
diabetes,de,4,4,51,0.771891243502599
diabetes,de,4,4,52,0.771891243502599
diabetes,de,4,4,53,0.771891243502599
diabetes,de,4,4,54,0.771891243502599
diabetes,de,4,4,55,0.771891243502599
diabetes,de,4,4,56,0.771891243502599
diabetes,de,4,4,57,0.771891243502599
diabetes,de,4,4,58,0.771891243502599
diabetes,de,4,4,59,0.771891243502599
diabetes,de,4,4,60,0.771891243502599
diabetes,de,4,4,61,0.771891243502599
diabetes,de,4,4,62,0.771891243502599
diabetes,de,4,4,63,0.771891243502599
diabetes,de,4,4,64,0.771891243502599
diabetes,de,4,4,65,0.771891243502599
diabetes,de,4,4,66,0.771891243502599
diabetes,de,4,4,67,0.771891243502599
diabetes,de,4,4,68,0.771891243502599
diabetes,de,4,4,69,0.771891243502599
diabetes,de,4,4,70,0.771891243502599
diabetes,de,4,4,71,0.771891243502599
diabetes,de,4,4,72,0.771891243502599
diabetes,de,4,4,73,0.771891243502599
diabetes,de,4,4,74,0.771891243502599
diabetes,de,4,4,75,0.771891243502599
diabetes,de,4,4,76,0.771891243502599
diabetes,de,4,4,77,0.771891243502599
diabetes,de,4,4,78,0.771891243502599
diabetes,de,4,4,79,0.771891243502599
diabetes,de,4,4,80,0.771891243502599
diabetes,de,4,4,81,0.771891243502599
diabetes,de,4,4,82,0.771891243502599
diabetes,de,4,4,83,0.771891243502599
diabetes,de,4,4,84,0.771891243502599
diabetes,de,4,4,85,0.771891243502599
diabetes,de,4,4,86,0.771891243502599
diabetes,de,4,4,87,0.771891243502599
diabetes,de,4,4,88,0.771891243502599
diabetes,de,4,4,89,0.771891243502599
diabetes,de,4,4,90,0.771891243502599
diabetes,de,4,4,91,0.771891243502599
diabetes,de,4,4,92,0.771891243502599
diabetes,de,4,4,93,0.7719045715047315
diabetes,de,4,4,94,0.7719045715047315
diabetes,de,4,4,95,0.7719045715047315
diabetes,de,4,4,96,0.7719045715047315
diabetes,de,4,4,97,0.7719045715047315
diabetes,de,4,4,98,0.7719045715047315
diabetes,de,4,4,99,0.7719045715047315
diabetes,de,4,4,100,0.7719045715047315
diabetes,ga,4,4,1,0.7686258829801413
diabetes,ga,4,4,2,0.7686258829801413
diabetes,ga,4,4,3,0.7686258829801413
diabetes,ga,4,4,4,0.7686258829801413
diabetes,ga,4,4,5,0.7686258829801413
diabetes,ga,4,4,6,0.7686258829801413
diabetes,ga,4,4,7,0.7686258829801413
diabetes,ga,4,4,8,0.7686258829801413
diabetes,ga,4,4,9,0.7686258829801413
diabetes,ga,4,4,10,0.7686258829801413
diabetes,ga,4,4,11,0.7686258829801413
diabetes,ga,4,4,12,0.7686258829801413
diabetes,ga,4,4,13,0.7686258829801413
diabetes,ga,4,4,14,0.7686258829801413
diabetes,ga,4,4,15,0.7686258829801413
diabetes,ga,4,4,16,0.7686258829801413
diabetes,ga,4,4,17,0.7686258829801413
diabetes,ga,4,4,18,0.7686258829801413
diabetes,ga,4,4,19,0.7686258829801413
diabetes,ga,4,4,20,0.7686258829801413
diabetes,ga,4,4,21,0.7686258829801413
diabetes,ga,4,4,22,0.7686258829801413
diabetes,ga,4,4,23,0.7686258829801413
diabetes,ga,4,4,24,0.7702652272424364
diabetes,ga,4,4,25,0.7702652272424364
diabetes,ga,4,4,26,0.7702652272424364
diabetes,ga,4,4,27,0.7784752765560443
diabetes,ga,4,4,28,0.7784752765560443
diabetes,ga,4,4,29,0.7784752765560443
diabetes,ga,4,4,30,0.7784752765560443
diabetes,ga,4,4,31,0.7784752765560443
diabetes,ga,4,4,32,0.7784752765560443
diabetes,ga,4,4,33,0.7784752765560443
diabetes,ga,4,4,34,0.7784752765560443
diabetes,ga,4,4,35,0.7784752765560443
diabetes,ga,4,4,36,0.7784752765560443
diabetes,ga,4,4,37,0.7784752765560443
diabetes,ga,4,4,38,0.7784752765560443
diabetes,ga,4,4,39,0.7784752765560443
diabetes,ga,4,4,40,0.7784752765560443
diabetes,ga,4,4,41,0.7784752765560443
diabetes,ga,4,4,42,0.7784752765560443
diabetes,ga,4,4,43,0.7784752765560443
diabetes,ga,4,4,44,0.7784752765560443
diabetes,ga,4,4,45,0.7784752765560443
diabetes,ga,4,4,46,0.7784752765560443
diabetes,ga,4,4,47,0.7784752765560443
diabetes,ga,4,4,48,0.7784752765560443
diabetes,ga,4,4,49,0.7784752765560443
diabetes,ga,4,4,50,0.7784752765560443
diabetes,ga,4,4,51,0.7784752765560443
diabetes,ga,4,4,52,0.7784752765560443
diabetes,ga,4,4,53,0.7784752765560443
diabetes,ga,4,4,54,0.7784752765560443
diabetes,ga,4,4,55,0.7784752765560443
diabetes,ga,4,4,56,0.7784752765560443
diabetes,ga,4,4,57,0.7784752765560443
diabetes,ga,4,4,58,0.7784752765560443
diabetes,ga,4,4,59,0.7784752765560443
diabetes,ga,4,4,60,0.7784752765560443
diabetes,ga,4,4,61,0.7784752765560443
diabetes,ga,4,4,62,0.7784752765560443
diabetes,ga,4,4,63,0.7784752765560443
diabetes,ga,4,4,64,0.7784752765560443
diabetes,ga,4,4,65,0.7784752765560443
diabetes,ga,4,4,66,0.7784752765560443
diabetes,ga,4,4,67,0.7784752765560443
diabetes,ga,4,4,68,0.7784752765560443
diabetes,ga,4,4,69,0.7784752765560443
diabetes,ga,4,4,70,0.7784752765560443
diabetes,ga,4,4,71,0.7784752765560443
diabetes,ga,4,4,72,0.7784752765560443
diabetes,ga,4,4,73,0.7784752765560443
diabetes,ga,4,4,74,0.7784752765560443
diabetes,ga,4,4,75,0.7784752765560443
diabetes,ga,4,4,76,0.7784752765560443
diabetes,ga,4,4,77,0.7784752765560443
diabetes,ga,4,4,78,0.7784752765560443
diabetes,ga,4,4,79,0.7784752765560443
diabetes,ga,4,4,80,0.7784752765560443
diabetes,ga,4,4,81,0.7784752765560443
diabetes,ga,4,4,82,0.7784752765560443
diabetes,ga,4,4,83,0.7784752765560443
diabetes,ga,4,4,84,0.7784752765560443
diabetes,ga,4,4,85,0.7784752765560443
diabetes,ga,4,4,86,0.7784752765560443
diabetes,ga,4,4,87,0.7784752765560443
diabetes,ga,4,4,88,0.7784752765560443
diabetes,ga,4,4,89,0.7784752765560443
diabetes,ga,4,4,90,0.7784752765560443
diabetes,ga,4,4,91,0.7784752765560443
diabetes,ga,4,4,92,0.7784752765560443
diabetes,ga,4,4,93,0.7784752765560443
diabetes,ga,4,4,94,0.7784752765560443
diabetes,ga,4,4,95,0.7784752765560443
diabetes,ga,4,4,96,0.7784752765560443
diabetes,ga,4,4,97,0.7784752765560443
diabetes,ga,4,4,98,0.7784752765560443
diabetes,ga,4,4,99,0.7784752765560443
diabetes,ga,4,4,100,0.7784752765560443
diabetes,sa,4,4,1,0.7165533786485405
diabetes,sa,4,4,2,0.7165533786485405
diabetes,sa,4,4,3,0.7165533786485405
diabetes,sa,4,4,4,0.7165533786485405
diabetes,sa,4,4,5,0.7165533786485405
diabetes,sa,4,4,6,0.7165533786485405
diabetes,sa,4,4,7,0.7165533786485405
diabetes,sa,4,4,8,0.7165533786485405
diabetes,sa,4,4,9,0.7165533786485405
diabetes,sa,4,4,10,0.7165533786485405
diabetes,sa,4,4,11,0.7165533786485405
diabetes,sa,4,4,12,0.7165533786485405
diabetes,sa,4,4,13,0.7165533786485405
diabetes,sa,4,4,14,0.7165533786485405
diabetes,sa,4,4,15,0.7165533786485405
diabetes,sa,4,4,16,0.7165533786485405
diabetes,sa,4,4,17,0.7165533786485405
diabetes,sa,4,4,18,0.7165533786485405
diabetes,sa,4,4,19,0.7165533786485405
diabetes,sa,4,4,20,0.7165533786485405
diabetes,sa,4,4,21,0.7393842463014793
diabetes,sa,4,4,22,0.7605624416899907
diabetes,sa,4,4,23,0.7621751299480208
diabetes,sa,4,4,24,0.7621751299480208
diabetes,sa,4,4,25,0.7621751299480208
diabetes,sa,4,4,26,0.7621751299480208
diabetes,sa,4,4,27,0.7703451952552312
diabetes,sa,4,4,28,0.7703451952552312
diabetes,sa,4,4,29,0.7703451952552312
diabetes,sa,4,4,30,0.7718779155004665
diabetes,sa,4,4,31,0.7718779155004665
diabetes,sa,4,4,32,0.7718779155004666
diabetes,sa,4,4,33,0.7718779155004666
diabetes,sa,4,4,34,0.7718779155004666
diabetes,sa,4,4,35,0.771891243502599
diabetes,sa,4,4,36,0.771891243502599
diabetes,sa,4,4,37,0.771891243502599
diabetes,sa,4,4,38,0.771891243502599
diabetes,sa,4,4,39,0.771891243502599
diabetes,sa,4,4,40,0.771891243502599
diabetes,sa,4,4,41,0.771891243502599
diabetes,sa,4,4,42,0.771891243502599
diabetes,sa,4,4,43,0.771891243502599
diabetes,sa,4,4,44,0.771891243502599
diabetes,sa,4,4,45,0.771891243502599
diabetes,sa,4,4,46,0.771891243502599
diabetes,sa,4,4,47,0.771891243502599
diabetes,sa,4,4,48,0.771891243502599
diabetes,sa,4,4,49,0.771891243502599
diabetes,sa,4,4,50,0.771891243502599
diabetes,sa,4,4,51,0.771891243502599
diabetes,sa,4,4,52,0.771891243502599
diabetes,sa,4,4,53,0.771891243502599
diabetes,sa,4,4,54,0.771891243502599
diabetes,sa,4,4,55,0.771891243502599
diabetes,sa,4,4,56,0.771891243502599
diabetes,sa,4,4,57,0.771891243502599
diabetes,sa,4,4,58,0.7719045715047315
diabetes,sa,4,4,59,0.7719045715047315
diabetes,sa,4,4,60,0.7719045715047315
diabetes,sa,4,4,61,0.7719045715047315
diabetes,sa,4,4,62,0.7719045715047315
diabetes,sa,4,4,63,0.7719045715047315
diabetes,sa,4,4,64,0.7719045715047315
diabetes,sa,4,4,65,0.7719045715047315
diabetes,sa,4,4,66,0.7719045715047315
diabetes,sa,4,4,67,0.7719045715047315
diabetes,sa,4,4,68,0.7719045715047315
diabetes,sa,4,4,69,0.7719045715047315
diabetes,sa,4,4,70,0.7719045715047315
diabetes,sa,4,4,71,0.7719045715047315
diabetes,sa,4,4,72,0.7719045715047315
diabetes,sa,4,4,73,0.7719045715047315
diabetes,sa,4,4,74,0.7719045715047315
diabetes,sa,4,4,75,0.7719045715047315
diabetes,sa,4,4,76,0.7719045715047315
diabetes,sa,4,4,77,0.7719045715047315
diabetes,sa,4,4,78,0.7719045715047315
diabetes,sa,4,4,79,0.7719045715047315
diabetes,sa,4,4,80,0.7719045715047315
diabetes,sa,4,4,81,0.7719045715047315
diabetes,sa,4,4,82,0.7719045715047315
diabetes,sa,4,4,83,0.7719045715047315
diabetes,sa,4,4,84,0.7719045715047315
diabetes,sa,4,4,85,0.7719045715047315
diabetes,sa,4,4,86,0.773530587764894
diabetes,sa,4,4,87,0.773530587764894
diabetes,sa,4,4,88,0.773530587764894
diabetes,sa,4,4,89,0.773530587764894
diabetes,sa,4,4,90,0.773530587764894
diabetes,sa,4,4,91,0.773530587764894
diabetes,sa,4,4,92,0.773530587764894
diabetes,sa,4,4,93,0.773530587764894
diabetes,sa,4,4,94,0.773530587764894
diabetes,sa,4,4,95,0.773530587764894
diabetes,sa,4,4,96,0.773530587764894
diabetes,sa,4,4,97,0.773530587764894
diabetes,sa,4,4,98,0.773530587764894
diabetes,sa,4,4,99,0.773530587764894
diabetes,sa,4,4,100,0.773530587764894
diabetes,grid,5,5,1,0.6514727442356391
diabetes,grid,5,5,2,0.6514727442356391
diabetes,grid,5,5,3,0.6514727442356391
diabetes,grid,5,5,4,0.6514727442356391
diabetes,grid,5,5,5,0.6514727442356391
diabetes,grid,5,5,6,0.6514727442356391
diabetes,grid,5,5,7,0.6514727442356391
diabetes,grid,5,5,8,0.6514727442356391
diabetes,grid,5,5,9,0.6514727442356391
diabetes,grid,5,5,10,0.6514727442356391
diabetes,grid,5,5,11,0.6514727442356391
diabetes,grid,5,5,12,0.6514727442356391
diabetes,grid,5,5,13,0.6514727442356391
diabetes,grid,5,5,14,0.6514727442356391
diabetes,grid,5,5,15,0.6514727442356391
diabetes,grid,5,5,16,0.7590297214447554
diabetes,grid,5,5,17,0.7590297214447554
diabetes,grid,5,5,18,0.7590297214447554
diabetes,grid,5,5,19,0.7590297214447554
diabetes,grid,5,5,20,0.7590297214447554
diabetes,grid,5,5,21,0.7590297214447554
diabetes,grid,5,5,22,0.7590297214447554
diabetes,grid,5,5,23,0.7590297214447554
diabetes,grid,5,5,24,0.7590297214447554
diabetes,grid,5,5,25,0.7638677862188459
diabetes,grid,5,5,26,0.7752765560442489
diabetes,grid,5,5,27,0.7752765560442489
diabetes,grid,5,5,28,0.7752765560442489
diabetes,grid,5,5,29,0.7752765560442489
diabetes,grid,5,5,30,0.7752765560442489
diabetes,grid,5,5,31,0.7752765560442489
diabetes,grid,5,5,32,0.7752765560442489
diabetes,grid,5,5,33,0.7752765560442489
diabetes,grid,5,5,34,0.7752765560442489
diabetes,grid,5,5,35,0.7752765560442489
diabetes,grid,5,5,36,0.7752765560442489
diabetes,grid,5,5,37,0.7752765560442489
diabetes,grid,5,5,38,0.7752765560442489
diabetes,grid,5,5,39,0.7752765560442489
diabetes,grid,5,5,40,0.7752765560442489
diabetes,grid,5,5,41,0.7752765560442489
diabetes,grid,5,5,42,0.7752765560442489
diabetes,grid,5,5,43,0.7752765560442489
diabetes,grid,5,5,44,0.7752765560442489
diabetes,grid,5,5,45,0.7752765560442489
diabetes,grid,5,5,46,0.7752765560442489
diabetes,grid,5,5,47,0.7752765560442489
diabetes,grid,5,5,48,0.7752765560442489
diabetes,grid,5,5,49,0.7752765560442489
diabetes,grid,5,5,50,0.7752765560442489
diabetes,grid,5,5,51,0.7752765560442489
diabetes,grid,5,5,52,0.7752765560442489
diabetes,grid,5,5,53,0.7752765560442489
diabetes,grid,5,5,54,0.7752765560442489
diabetes,grid,5,5,55,0.7752765560442489
diabetes,grid,5,5,56,0.7752765560442489
diabetes,grid,5,5,57,0.7752765560442489
diabetes,grid,5,5,58,0.7752765560442489
diabetes,grid,5,5,59,0.7752765560442489
diabetes,grid,5,5,60,0.7752765560442489
diabetes,grid,5,5,61,0.7752765560442489
diabetes,grid,5,5,62,0.7752765560442489
diabetes,grid,5,5,63,0.7752765560442489
diabetes,grid,5,5,64,0.7752765560442489
diabetes,grid,5,5,65,0.7752765560442489
diabetes,grid,5,5,66,0.7752765560442489
diabetes,grid,5,5,67,0.7752765560442489
diabetes,grid,5,5,68,0.7752765560442489
diabetes,grid,5,5,69,0.7752765560442489
diabetes,grid,5,5,70,0.7752765560442489
diabetes,grid,5,5,71,0.7752765560442489
diabetes,grid,5,5,72,0.7752765560442489
diabetes,grid,5,5,73,0.7752765560442489
diabetes,grid,5,5,74,0.7752765560442489
diabetes,grid,5,5,75,0.7752765560442489
diabetes,grid,5,5,76,0.7752765560442489
diabetes,grid,5,5,77,0.7752765560442489
diabetes,grid,5,5,78,0.7752765560442489
diabetes,grid,5,5,79,0.7752765560442489
diabetes,grid,5,5,80,0.7752765560442489
diabetes,grid,5,5,81,0.7752765560442489
diabetes,grid,5,5,82,0.7752765560442489
diabetes,grid,5,5,83,0.7752765560442489
diabetes,grid,5,5,84,0.7752765560442489
diabetes,grid,5,5,85,0.7752765560442489
diabetes,grid,5,5,86,0.7752765560442489
diabetes,grid,5,5,87,0.7752765560442489
diabetes,grid,5,5,88,0.7752765560442489
diabetes,grid,5,5,89,0.7752765560442489
diabetes,grid,5,5,90,0.7752765560442489
diabetes,grid,5,5,91,0.7752765560442489
diabetes,grid,5,5,92,0.7752765560442489
diabetes,grid,5,5,93,0.7752765560442489
diabetes,grid,5,5,94,0.7752765560442489
diabetes,grid,5,5,95,0.7752765560442489
diabetes,grid,5,5,96,0.7752765560442489
diabetes,grid,5,5,97,0.7752765560442489
diabetes,grid,5,5,98,0.7752765560442489
diabetes,grid,5,5,99,0.7752765560442489
diabetes,grid,5,5,100,0.7752765560442489
diabetes,random,5,5,1,0.6904971344795414
diabetes,random,5,5,2,0.7492336398773823
diabetes,random,5,5,3,0.7524590163934426
diabetes,random,5,5,4,0.7524590163934426
diabetes,random,5,5,5,0.7524590163934426
diabetes,random,5,5,6,0.7524590163934426
diabetes,random,5,5,7,0.7524590163934426
diabetes,random,5,5,8,0.7524590163934426
diabetes,random,5,5,9,0.7524590163934426
diabetes,random,5,5,10,0.7524590163934426
diabetes,random,5,5,11,0.7524590163934426
diabetes,random,5,5,12,0.7524590163934426
diabetes,random,5,5,13,0.7606290817006531
diabetes,random,5,5,14,0.7606290817006531
diabetes,random,5,5,15,0.7638811142209783
diabetes,random,5,5,16,0.7638811142209783
diabetes,random,5,5,17,0.7638811142209783
diabetes,random,5,5,18,0.7638811142209783
diabetes,random,5,5,19,0.7638811142209783
diabetes,random,5,5,20,0.7638811142209783
diabetes,random,5,5,21,0.7671064907370386
diabetes,random,5,5,22,0.7671064907370386
diabetes,random,5,5,23,0.7671064907370386
diabetes,random,5,5,24,0.7671064907370386
diabetes,random,5,5,25,0.7752632280421164
diabetes,random,5,5,26,0.7752632280421164
diabetes,random,5,5,27,0.7752632280421164
diabetes,random,5,5,28,0.7752632280421164
diabetes,random,5,5,29,0.7752632280421164
diabetes,random,5,5,30,0.7752632280421164
diabetes,random,5,5,31,0.7752632280421164
diabetes,random,5,5,32,0.7752632280421164
diabetes,random,5,5,33,0.7752632280421164
diabetes,random,5,5,34,0.7752632280421164
diabetes,random,5,5,35,0.7752632280421164
diabetes,random,5,5,36,0.7752632280421164
diabetes,random,5,5,37,0.7752632280421164
diabetes,random,5,5,38,0.7752632280421164
diabetes,random,5,5,39,0.7752632280421164
diabetes,random,5,5,40,0.7752632280421164
diabetes,random,5,5,41,0.7752632280421164
diabetes,random,5,5,42,0.7752632280421164
diabetes,random,5,5,43,0.7752632280421164
diabetes,random,5,5,44,0.7752632280421164
diabetes,random,5,5,45,0.7752632280421164
diabetes,random,5,5,46,0.7752632280421164
diabetes,random,5,5,47,0.7752632280421164
diabetes,random,5,5,48,0.7752632280421164
diabetes,random,5,5,49,0.7752632280421164
diabetes,random,5,5,50,0.7752632280421164
diabetes,random,5,5,51,0.7752632280421164
diabetes,random,5,5,52,0.7752632280421164
diabetes,random,5,5,53,0.7785419165667065
diabetes,random,5,5,54,0.7785419165667065
diabetes,random,5,5,55,0.7785419165667065
diabetes,random,5,5,56,0.7785419165667065
diabetes,random,5,5,57,0.7785419165667065
diabetes,random,5,5,58,0.7785419165667065
diabetes,random,5,5,59,0.7785419165667065
diabetes,random,5,5,60,0.7785419165667065
diabetes,random,5,5,61,0.7785419165667065
diabetes,random,5,5,62,0.7785419165667065
diabetes,random,5,5,63,0.7785419165667065
diabetes,random,5,5,64,0.7785419165667065
diabetes,random,5,5,65,0.7785419165667065
diabetes,random,5,5,66,0.7785419165667065
diabetes,random,5,5,67,0.7785419165667065
diabetes,random,5,5,68,0.7785419165667065
diabetes,random,5,5,69,0.7785419165667065
diabetes,random,5,5,70,0.7785419165667065
diabetes,random,5,5,71,0.7785419165667065
diabetes,random,5,5,72,0.7785419165667065
diabetes,random,5,5,73,0.7785419165667065
diabetes,random,5,5,74,0.7785419165667065
diabetes,random,5,5,75,0.7785419165667065
diabetes,random,5,5,76,0.7785419165667065
diabetes,random,5,5,77,0.7785419165667065
diabetes,random,5,5,78,0.7785419165667065
diabetes,random,5,5,79,0.7785419165667065
diabetes,random,5,5,80,0.7785419165667065
diabetes,random,5,5,81,0.7785419165667065
diabetes,random,5,5,82,0.7785419165667065
diabetes,random,5,5,83,0.7785419165667065
diabetes,random,5,5,84,0.7785419165667065
diabetes,random,5,5,85,0.7785419165667065
diabetes,random,5,5,86,0.7785419165667065
diabetes,random,5,5,87,0.7785419165667065
diabetes,random,5,5,88,0.7785419165667065
diabetes,random,5,5,89,0.7785419165667065
diabetes,random,5,5,90,0.7785419165667065
diabetes,random,5,5,91,0.7785419165667065
diabetes,random,5,5,92,0.7785419165667065
diabetes,random,5,5,93,0.7785419165667065
diabetes,random,5,5,94,0.7785419165667065
diabetes,random,5,5,95,0.7785419165667065
diabetes,random,5,5,96,0.7785419165667065
diabetes,random,5,5,97,0.7785419165667065
diabetes,random,5,5,98,0.7785419165667065
diabetes,random,5,5,99,0.7785419165667065
diabetes,random,5,5,100,0.7785419165667065
diabetes,bo_tpe,5,5,1,0.6904971344795414
diabetes,bo_tpe,5,5,2,0.7492336398773823
diabetes,bo_tpe,5,5,3,0.7524590163934426
diabetes,bo_tpe,5,5,4,0.7524590163934426
diabetes,bo_tpe,5,5,5,0.7524590163934426
diabetes,bo_tpe,5,5,6,0.7524590163934426
diabetes,bo_tpe,5,5,7,0.7524590163934426
diabetes,bo_tpe,5,5,8,0.7524590163934426
diabetes,bo_tpe,5,5,9,0.7524590163934426
diabetes,bo_tpe,5,5,10,0.7524590163934426
diabetes,bo_tpe,5,5,11,0.7524590163934426
diabetes,bo_tpe,5,5,12,0.752472344395575
diabetes,bo_tpe,5,5,13,0.752472344395575
diabetes,bo_tpe,5,5,14,0.752472344395575
diabetes,bo_tpe,5,5,15,0.752472344395575
diabetes,bo_tpe,5,5,16,0.752472344395575
diabetes,bo_tpe,5,5,17,0.752472344395575
diabetes,bo_tpe,5,5,18,0.752472344395575
diabetes,bo_tpe,5,5,19,0.7557643609222977
diabetes,bo_tpe,5,5,20,0.7671598027455684
diabetes,bo_tpe,5,5,21,0.7671598027455684
diabetes,bo_tpe,5,5,22,0.7703718512594963
diabetes,bo_tpe,5,5,23,0.7703718512594963
diabetes,bo_tpe,5,5,24,0.7703718512594963
diabetes,bo_tpe,5,5,25,0.7703718512594963
diabetes,bo_tpe,5,5,26,0.7703718512594963
diabetes,bo_tpe,5,5,27,0.7703718512594963
diabetes,bo_tpe,5,5,28,0.7703718512594963
diabetes,bo_tpe,5,5,29,0.7703718512594963
diabetes,bo_tpe,5,5,30,0.7703851792616287
diabetes,bo_tpe,5,5,31,0.7703851792616287
diabetes,bo_tpe,5,5,32,0.7703851792616287
diabetes,bo_tpe,5,5,33,0.7703851792616287
diabetes,bo_tpe,5,5,34,0.7703851792616287
diabetes,bo_tpe,5,5,35,0.7703851792616287
diabetes,bo_tpe,5,5,36,0.7703851792616287
diabetes,bo_tpe,5,5,37,0.7703851792616287
diabetes,bo_tpe,5,5,38,0.7703851792616287
diabetes,bo_tpe,5,5,39,0.7703851792616287
diabetes,bo_tpe,5,5,40,0.7703851792616287
diabetes,bo_tpe,5,5,41,0.7703851792616287
diabetes,bo_tpe,5,5,42,0.7703851792616287
diabetes,bo_tpe,5,5,43,0.7703851792616287
diabetes,bo_tpe,5,5,44,0.7703851792616287
diabetes,bo_tpe,5,5,45,0.7703851792616287
diabetes,bo_tpe,5,5,46,0.7703851792616287
diabetes,bo_tpe,5,5,47,0.7703851792616287
diabetes,bo_tpe,5,5,48,0.7703851792616287
diabetes,bo_tpe,5,5,49,0.7703851792616287
diabetes,bo_tpe,5,5,50,0.7703851792616287
diabetes,bo_tpe,5,5,51,0.7703851792616287
diabetes,bo_tpe,5,5,52,0.7703851792616287
diabetes,bo_tpe,5,5,53,0.7703851792616287
diabetes,bo_tpe,5,5,54,0.7703851792616287
diabetes,bo_tpe,5,5,55,0.7703851792616287
diabetes,bo_tpe,5,5,56,0.7703851792616287
diabetes,bo_tpe,5,5,57,0.7703851792616287
diabetes,bo_tpe,5,5,58,0.7703851792616287
diabetes,bo_tpe,5,5,59,0.7703851792616287
diabetes,bo_tpe,5,5,60,0.7703851792616287
diabetes,bo_tpe,5,5,61,0.7703851792616287
diabetes,bo_tpe,5,5,62,0.7703851792616287
diabetes,bo_tpe,5,5,63,0.7703851792616287
diabetes,bo_tpe,5,5,64,0.7703851792616287
diabetes,bo_tpe,5,5,65,0.7703851792616287
diabetes,bo_tpe,5,5,66,0.7703851792616287
diabetes,bo_tpe,5,5,67,0.7703851792616287
diabetes,bo_tpe,5,5,68,0.7703851792616287
diabetes,bo_tpe,5,5,69,0.7704251632680262
diabetes,bo_tpe,5,5,70,0.7704251632680262
diabetes,bo_tpe,5,5,71,0.7704251632680262
diabetes,bo_tpe,5,5,72,0.7704251632680262
diabetes,bo_tpe,5,5,73,0.7704251632680262
diabetes,bo_tpe,5,5,74,0.7704251632680262
diabetes,bo_tpe,5,5,75,0.7704518192722911
diabetes,bo_tpe,5,5,76,0.7704518192722911
diabetes,bo_tpe,5,5,77,0.7704518192722911
diabetes,bo_tpe,5,5,78,0.7704518192722911
diabetes,bo_tpe,5,5,79,0.7704518192722911
diabetes,bo_tpe,5,5,80,0.7704518192722911
diabetes,bo_tpe,5,5,81,0.7704518192722911
diabetes,bo_tpe,5,5,82,0.7704518192722911
diabetes,bo_tpe,5,5,83,0.7704518192722911
diabetes,bo_tpe,5,5,84,0.7704518192722911
diabetes,bo_tpe,5,5,85,0.7704518192722911
diabetes,bo_tpe,5,5,86,0.7704518192722911
diabetes,bo_tpe,5,5,87,0.7704518192722911
diabetes,bo_tpe,5,5,88,0.7704518192722911
diabetes,bo_tpe,5,5,89,0.7704518192722911
diabetes,bo_tpe,5,5,90,0.7704518192722911
diabetes,bo_tpe,5,5,91,0.7704518192722911
diabetes,bo_tpe,5,5,92,0.7704518192722911
diabetes,bo_tpe,5,5,93,0.7704518192722911
diabetes,bo_tpe,5,5,94,0.7704518192722911
diabetes,bo_tpe,5,5,95,0.7704518192722911
diabetes,bo_tpe,5,5,96,0.7704518192722911
diabetes,bo_tpe,5,5,97,0.7704518192722911
diabetes,bo_tpe,5,5,98,0.7704518192722911
diabetes,bo_tpe,5,5,99,0.7704518192722911
diabetes,bo_tpe,5,5,100,0.7704518192722911
diabetes,pso,5,5,1,0.7638677862188459
diabetes,pso,5,5,2,0.7703985072637611
diabetes,pso,5,5,3,0.7703985072637611
diabetes,pso,5,5,4,0.7703985072637611
diabetes,pso,5,5,5,0.7703985072637611
diabetes,pso,5,5,6,0.7703985072637611
diabetes,pso,5,5,7,0.7752499000399841
diabetes,pso,5,5,8,0.7752499000399841
diabetes,pso,5,5,9,0.7752499000399841
diabetes,pso,5,5,10,0.7752499000399841
diabetes,pso,5,5,11,0.7752499000399841
diabetes,pso,5,5,12,0.7752499000399841
diabetes,pso,5,5,13,0.7752499000399841
diabetes,pso,5,5,14,0.7752499000399841
diabetes,pso,5,5,15,0.7752499000399841
diabetes,pso,5,5,16,0.7769025723044115
diabetes,pso,5,5,17,0.7769025723044115
diabetes,pso,5,5,18,0.7769025723044115
diabetes,pso,5,5,19,0.7769025723044115
diabetes,pso,5,5,20,0.7769025723044115
diabetes,pso,5,5,21,0.7769025723044115
diabetes,pso,5,5,22,0.7769025723044115
diabetes,pso,5,5,23,0.7769025723044115
diabetes,pso,5,5,24,0.7769025723044115
diabetes,pso,5,5,25,0.7769025723044115
diabetes,pso,5,5,26,0.7769025723044115
diabetes,pso,5,5,27,0.7769025723044115
diabetes,pso,5,5,28,0.7769025723044115
diabetes,pso,5,5,29,0.7769025723044115
diabetes,pso,5,5,30,0.7769025723044115
diabetes,pso,5,5,31,0.7769025723044115
diabetes,pso,5,5,32,0.7769025723044115
diabetes,pso,5,5,33,0.7769025723044115
diabetes,pso,5,5,34,0.7769025723044115
diabetes,pso,5,5,35,0.7769025723044115
diabetes,pso,5,5,36,0.7769025723044115
diabetes,pso,5,5,37,0.7769025723044115
diabetes,pso,5,5,38,0.7769025723044115
diabetes,pso,5,5,39,0.7769025723044115
diabetes,pso,5,5,40,0.7769025723044115
diabetes,pso,5,5,41,0.7769025723044115
diabetes,pso,5,5,42,0.7769025723044115
diabetes,pso,5,5,43,0.7769025723044115
diabetes,pso,5,5,44,0.7769025723044115
diabetes,pso,5,5,45,0.7769025723044115
diabetes,pso,5,5,46,0.7769025723044115
diabetes,pso,5,5,47,0.7769025723044115
diabetes,pso,5,5,48,0.7769025723044115
diabetes,pso,5,5,49,0.7769025723044115
diabetes,pso,5,5,50,0.7769025723044115
diabetes,pso,5,5,51,0.7769025723044115
diabetes,pso,5,5,52,0.7785419165667067
diabetes,pso,5,5,53,0.7785419165667067
diabetes,pso,5,5,54,0.7785419165667067
diabetes,pso,5,5,55,0.7785419165667067
diabetes,pso,5,5,56,0.7785419165667067
diabetes,pso,5,5,57,0.7785419165667067
diabetes,pso,5,5,58,0.7785419165667067
diabetes,pso,5,5,59,0.7785419165667067
diabetes,pso,5,5,60,0.7785419165667067
diabetes,pso,5,5,61,0.7785419165667067
diabetes,pso,5,5,62,0.7785419165667067
diabetes,pso,5,5,63,0.7785419165667067
diabetes,pso,5,5,64,0.7785419165667067
diabetes,pso,5,5,65,0.7785419165667067
diabetes,pso,5,5,66,0.7785419165667067
diabetes,pso,5,5,67,0.7785419165667067
diabetes,pso,5,5,68,0.7785419165667067
diabetes,pso,5,5,69,0.7785419165667067
diabetes,pso,5,5,70,0.7785419165667067
diabetes,pso,5,5,71,0.7785419165667067
diabetes,pso,5,5,72,0.7785419165667067
diabetes,pso,5,5,73,0.7785419165667067
diabetes,pso,5,5,74,0.7785419165667067
diabetes,pso,5,5,75,0.7785419165667067
diabetes,pso,5,5,76,0.7785419165667067
diabetes,pso,5,5,77,0.7785419165667067
diabetes,pso,5,5,78,0.7785419165667067
diabetes,pso,5,5,79,0.7785419165667067
diabetes,pso,5,5,80,0.7785419165667067
diabetes,pso,5,5,81,0.7785419165667067
diabetes,pso,5,5,82,0.7785419165667067
diabetes,pso,5,5,83,0.7785419165667067
diabetes,pso,5,5,84,0.7785419165667067
diabetes,pso,5,5,85,0.7785419165667067
diabetes,pso,5,5,86,0.7785419165667067
diabetes,pso,5,5,87,0.7818072770891644
diabetes,pso,5,5,88,0.7818072770891644
diabetes,pso,5,5,89,0.7818072770891644
diabetes,pso,5,5,90,0.7818072770891644
diabetes,pso,5,5,91,0.7818072770891644
diabetes,pso,5,5,92,0.7818072770891644
diabetes,pso,5,5,93,0.7818072770891644
diabetes,pso,5,5,94,0.7818072770891644
diabetes,pso,5,5,95,0.7818072770891644
diabetes,pso,5,5,96,0.7818072770891644
diabetes,pso,5,5,97,0.7818072770891644
diabetes,pso,5,5,98,0.7818072770891644
diabetes,pso,5,5,99,0.7818072770891644
diabetes,pso,5,5,100,0.7818072770891644
diabetes,de,5,5,1,0.7638677862188459
diabetes,de,5,5,2,0.7638677862188459
diabetes,de,5,5,3,0.7638677862188459
diabetes,de,5,5,4,0.7638677862188459
diabetes,de,5,5,5,0.7638677862188459
diabetes,de,5,5,6,0.7654938024790084
diabetes,de,5,5,7,0.7654938024790084
diabetes,de,5,5,8,0.7654938024790084
diabetes,de,5,5,9,0.7654938024790084
diabetes,de,5,5,10,0.7654938024790084
diabetes,de,5,5,11,0.7654938024790084
diabetes,de,5,5,12,0.7654938024790084
diabetes,de,5,5,13,0.7654938024790084
diabetes,de,5,5,14,0.7654938024790084
diabetes,de,5,5,15,0.7654938024790084
diabetes,de,5,5,16,0.7654938024790084
diabetes,de,5,5,17,0.7654938024790084
diabetes,de,5,5,18,0.7654938024790084
diabetes,de,5,5,19,0.7654938024790084
diabetes,de,5,5,20,0.7654938024790084
diabetes,de,5,5,21,0.7752765560442489
diabetes,de,5,5,22,0.7752765560442489
diabetes,de,5,5,23,0.7752765560442489
diabetes,de,5,5,24,0.7752765560442489
diabetes,de,5,5,25,0.7752765560442489
diabetes,de,5,5,26,0.7752765560442489
diabetes,de,5,5,27,0.7752765560442489
diabetes,de,5,5,28,0.7752765560442489
diabetes,de,5,5,29,0.7752765560442489
diabetes,de,5,5,30,0.7752765560442489
diabetes,de,5,5,31,0.7752765560442489
diabetes,de,5,5,32,0.7752765560442489
diabetes,de,5,5,33,0.7752765560442489
diabetes,de,5,5,34,0.7752765560442489
diabetes,de,5,5,35,0.7752765560442489
diabetes,de,5,5,36,0.7752765560442489
diabetes,de,5,5,37,0.7752765560442489
diabetes,de,5,5,38,0.7752765560442489
diabetes,de,5,5,39,0.7752765560442489
diabetes,de,5,5,40,0.7752765560442489
diabetes,de,5,5,41,0.7752765560442489
diabetes,de,5,5,42,0.7752765560442489
diabetes,de,5,5,43,0.7752765560442489
diabetes,de,5,5,44,0.7752765560442489
diabetes,de,5,5,45,0.7752765560442489
diabetes,de,5,5,46,0.7752765560442489
diabetes,de,5,5,47,0.7752765560442489
diabetes,de,5,5,48,0.7752765560442489
diabetes,de,5,5,49,0.7752765560442489
diabetes,de,5,5,50,0.7752765560442489
diabetes,de,5,5,51,0.7752765560442489
diabetes,de,5,5,52,0.7752765560442489
diabetes,de,5,5,53,0.7752765560442489
diabetes,de,5,5,54,0.7752765560442489
diabetes,de,5,5,55,0.7752765560442489
diabetes,de,5,5,56,0.7752765560442489
diabetes,de,5,5,57,0.7752765560442489
diabetes,de,5,5,58,0.7752765560442489
diabetes,de,5,5,59,0.7752765560442489
diabetes,de,5,5,60,0.7752765560442489
diabetes,de,5,5,61,0.7752765560442489
diabetes,de,5,5,62,0.7752765560442489
diabetes,de,5,5,63,0.7752765560442489
diabetes,de,5,5,64,0.7752765560442489
diabetes,de,5,5,65,0.7752765560442489
diabetes,de,5,5,66,0.7752765560442489
diabetes,de,5,5,67,0.7752765560442489
diabetes,de,5,5,68,0.7752765560442489
diabetes,de,5,5,69,0.7752765560442489
diabetes,de,5,5,70,0.7752765560442489
diabetes,de,5,5,71,0.7752765560442489
diabetes,de,5,5,72,0.7752765560442489
diabetes,de,5,5,73,0.7752765560442489
diabetes,de,5,5,74,0.7752765560442489
diabetes,de,5,5,75,0.7752765560442489
diabetes,de,5,5,76,0.7752765560442489
diabetes,de,5,5,77,0.7752765560442489
diabetes,de,5,5,78,0.7752765560442489
diabetes,de,5,5,79,0.7752765560442489
diabetes,de,5,5,80,0.7752765560442489
diabetes,de,5,5,81,0.7769025723044116
diabetes,de,5,5,82,0.7769025723044116
diabetes,de,5,5,83,0.7769025723044116
diabetes,de,5,5,84,0.7769025723044116
diabetes,de,5,5,85,0.7769025723044116
diabetes,de,5,5,86,0.7769025723044116
diabetes,de,5,5,87,0.7769025723044116
diabetes,de,5,5,88,0.7769025723044116
diabetes,de,5,5,89,0.7769025723044116
diabetes,de,5,5,90,0.7769025723044116
diabetes,de,5,5,91,0.7769025723044116
diabetes,de,5,5,92,0.7769025723044116
diabetes,de,5,5,93,0.7769025723044116
diabetes,de,5,5,94,0.7769025723044116
diabetes,de,5,5,95,0.7769025723044116
diabetes,de,5,5,96,0.7769025723044116
diabetes,de,5,5,97,0.7769025723044116
diabetes,de,5,5,98,0.7769025723044116
diabetes,de,5,5,99,0.7769025723044116
diabetes,de,5,5,100,0.7769025723044116
diabetes,ga,5,5,1,0.7638677862188459
diabetes,ga,5,5,2,0.7638677862188459
diabetes,ga,5,5,3,0.7638677862188459
diabetes,ga,5,5,4,0.7638677862188459
diabetes,ga,5,5,5,0.7638677862188459
diabetes,ga,5,5,6,0.7654938024790084
diabetes,ga,5,5,7,0.7654938024790084
diabetes,ga,5,5,8,0.7654938024790084
diabetes,ga,5,5,9,0.7654938024790084
diabetes,ga,5,5,10,0.7654938024790084
diabetes,ga,5,5,11,0.7654938024790084
diabetes,ga,5,5,12,0.7654938024790084
diabetes,ga,5,5,13,0.7654938024790084
diabetes,ga,5,5,14,0.7654938024790084
diabetes,ga,5,5,15,0.7654938024790084
diabetes,ga,5,5,16,0.7654938024790084
diabetes,ga,5,5,17,0.7654938024790084
diabetes,ga,5,5,18,0.7654938024790084
diabetes,ga,5,5,19,0.7654938024790084
diabetes,ga,5,5,20,0.7654938024790084
diabetes,ga,5,5,21,0.7752765560442489
diabetes,ga,5,5,22,0.7752765560442489
diabetes,ga,5,5,23,0.7752765560442489
diabetes,ga,5,5,24,0.7752765560442489
diabetes,ga,5,5,25,0.7752765560442489
diabetes,ga,5,5,26,0.7752765560442489
diabetes,ga,5,5,27,0.7752765560442489
diabetes,ga,5,5,28,0.7752765560442489
diabetes,ga,5,5,29,0.7752765560442489
diabetes,ga,5,5,30,0.7752765560442489
diabetes,ga,5,5,31,0.7752765560442489
diabetes,ga,5,5,32,0.7752765560442489
diabetes,ga,5,5,33,0.7752765560442489
diabetes,ga,5,5,34,0.7752765560442489
diabetes,ga,5,5,35,0.7752765560442489
diabetes,ga,5,5,36,0.7752765560442489
diabetes,ga,5,5,37,0.7752765560442489
diabetes,ga,5,5,38,0.7752765560442489
diabetes,ga,5,5,39,0.7752765560442489
diabetes,ga,5,5,40,0.7752765560442489
diabetes,ga,5,5,41,0.7752765560442489
diabetes,ga,5,5,42,0.7752765560442489
diabetes,ga,5,5,43,0.7752765560442489
diabetes,ga,5,5,44,0.7752765560442489
diabetes,ga,5,5,45,0.7752765560442489
diabetes,ga,5,5,46,0.7752765560442489
diabetes,ga,5,5,47,0.7752765560442489
diabetes,ga,5,5,48,0.7752765560442489
diabetes,ga,5,5,49,0.7752765560442489
diabetes,ga,5,5,50,0.7752765560442489
diabetes,ga,5,5,51,0.7752765560442489
diabetes,ga,5,5,52,0.7752765560442489
diabetes,ga,5,5,53,0.7752765560442489
diabetes,ga,5,5,54,0.7752765560442489
diabetes,ga,5,5,55,0.7752765560442489
diabetes,ga,5,5,56,0.7752765560442489
diabetes,ga,5,5,57,0.7752765560442489
diabetes,ga,5,5,58,0.7752765560442489
diabetes,ga,5,5,59,0.7752765560442489
diabetes,ga,5,5,60,0.7752765560442489
diabetes,ga,5,5,61,0.7752765560442489
diabetes,ga,5,5,62,0.7752765560442489
diabetes,ga,5,5,63,0.7752765560442489
diabetes,ga,5,5,64,0.7752765560442489
diabetes,ga,5,5,65,0.7752765560442489
diabetes,ga,5,5,66,0.7752765560442489
diabetes,ga,5,5,67,0.7752765560442489
diabetes,ga,5,5,68,0.7752765560442489
diabetes,ga,5,5,69,0.7752765560442489
diabetes,ga,5,5,70,0.7752765560442489
diabetes,ga,5,5,71,0.7752765560442489
diabetes,ga,5,5,72,0.7752765560442489
diabetes,ga,5,5,73,0.7752765560442489
diabetes,ga,5,5,74,0.7752765560442489
diabetes,ga,5,5,75,0.7752765560442489
diabetes,ga,5,5,76,0.7752765560442489
diabetes,ga,5,5,77,0.7752765560442489
diabetes,ga,5,5,78,0.7769025723044116
diabetes,ga,5,5,79,0.7769025723044116
diabetes,ga,5,5,80,0.7769025723044116
diabetes,ga,5,5,81,0.7769025723044116
diabetes,ga,5,5,82,0.7769025723044116
diabetes,ga,5,5,83,0.7769025723044116
diabetes,ga,5,5,84,0.7769025723044116
diabetes,ga,5,5,85,0.7769025723044116
diabetes,ga,5,5,86,0.7769025723044116
diabetes,ga,5,5,87,0.7769025723044116
diabetes,ga,5,5,88,0.7769025723044116
diabetes,ga,5,5,89,0.7769025723044116
diabetes,ga,5,5,90,0.7769025723044116
diabetes,ga,5,5,91,0.7769025723044116
diabetes,ga,5,5,92,0.7769025723044116
diabetes,ga,5,5,93,0.7769025723044116
diabetes,ga,5,5,94,0.7769025723044116
diabetes,ga,5,5,95,0.7769025723044116
diabetes,ga,5,5,96,0.7769025723044116
diabetes,ga,5,5,97,0.7769025723044116
diabetes,ga,5,5,98,0.7769025723044116
diabetes,ga,5,5,99,0.7769025723044116
diabetes,ga,5,5,100,0.7769025723044116
diabetes,sa,5,5,1,0.6904971344795414
diabetes,sa,5,5,2,0.6904971344795414
diabetes,sa,5,5,3,0.6904971344795414
diabetes,sa,5,5,4,0.6904971344795414
diabetes,sa,5,5,5,0.6904971344795414
diabetes,sa,5,5,6,0.6904971344795414
diabetes,sa,5,5,7,0.6904971344795414
diabetes,sa,5,5,8,0.6904971344795414
diabetes,sa,5,5,9,0.6904971344795414
diabetes,sa,5,5,10,0.6904971344795414
diabetes,sa,5,5,11,0.6904971344795414
diabetes,sa,5,5,12,0.6904971344795414
diabetes,sa,5,5,13,0.6904971344795414
diabetes,sa,5,5,14,0.6904971344795414
diabetes,sa,5,5,15,0.6904971344795414
diabetes,sa,5,5,16,0.6904971344795414
diabetes,sa,5,5,17,0.6904971344795414
diabetes,sa,5,5,18,0.6904971344795414
diabetes,sa,5,5,19,0.6904971344795414
diabetes,sa,5,5,20,0.6904971344795414
diabetes,sa,5,5,21,0.6904971344795414
diabetes,sa,5,5,22,0.6904971344795414
diabetes,sa,5,5,23,0.7312275089964014
diabetes,sa,5,5,24,0.7492469678795148
diabetes,sa,5,5,25,0.752472344395575
diabetes,sa,5,5,26,0.7524723443955752
diabetes,sa,5,5,27,0.7524723443955752
diabetes,sa,5,5,28,0.7524723443955752
diabetes,sa,5,5,29,0.7573637211781954
diabetes,sa,5,5,30,0.7573637211781954
diabetes,sa,5,5,31,0.7573637211781954
diabetes,sa,5,5,32,0.7720778355324537
diabetes,sa,5,5,33,0.7720778355324537
diabetes,sa,5,5,34,0.7720778355324537
diabetes,sa,5,5,35,0.7720778355324537
diabetes,sa,5,5,36,0.7720778355324537
diabetes,sa,5,5,37,0.7720778355324537
diabetes,sa,5,5,38,0.7720778355324537
diabetes,sa,5,5,39,0.7720778355324537
diabetes,sa,5,5,40,0.7720778355324537
diabetes,sa,5,5,41,0.7720778355324537
diabetes,sa,5,5,42,0.7720778355324537
diabetes,sa,5,5,43,0.7720778355324537
diabetes,sa,5,5,44,0.7720778355324537
diabetes,sa,5,5,45,0.7720778355324537
diabetes,sa,5,5,46,0.7720778355324537
diabetes,sa,5,5,47,0.7720778355324537
diabetes,sa,5,5,48,0.7720778355324537
diabetes,sa,5,5,49,0.7720778355324537
diabetes,sa,5,5,50,0.7720778355324537
diabetes,sa,5,5,51,0.7720778355324537
diabetes,sa,5,5,52,0.7720778355324537
diabetes,sa,5,5,53,0.7720778355324537
diabetes,sa,5,5,54,0.7720778355324537
diabetes,sa,5,5,55,0.7720778355324537
diabetes,sa,5,5,56,0.7720778355324537
diabetes,sa,5,5,57,0.7720778355324537
diabetes,sa,5,5,58,0.7720778355324537
diabetes,sa,5,5,59,0.7720778355324537
diabetes,sa,5,5,60,0.7720778355324537
diabetes,sa,5,5,61,0.7720778355324537
diabetes,sa,5,5,62,0.7720778355324537
diabetes,sa,5,5,63,0.7720778355324537
diabetes,sa,5,5,64,0.7720778355324537
diabetes,sa,5,5,65,0.7720778355324537
diabetes,sa,5,5,66,0.7720778355324537
diabetes,sa,5,5,67,0.7720778355324537
diabetes,sa,5,5,68,0.7720778355324537
diabetes,sa,5,5,69,0.7720778355324537
diabetes,sa,5,5,70,0.7720778355324537
diabetes,sa,5,5,71,0.7736638677862189
diabetes,sa,5,5,72,0.7736638677862189
diabetes,sa,5,5,73,0.7736638677862189
diabetes,sa,5,5,74,0.7736638677862189
diabetes,sa,5,5,75,0.7736638677862189
diabetes,sa,5,5,76,0.7736638677862189
diabetes,sa,5,5,77,0.7736638677862189
diabetes,sa,5,5,78,0.7736638677862189
diabetes,sa,5,5,79,0.7752632280421164
diabetes,sa,5,5,80,0.7752632280421164
diabetes,sa,5,5,81,0.7752632280421164
diabetes,sa,5,5,82,0.7752632280421164
diabetes,sa,5,5,83,0.7752632280421164
diabetes,sa,5,5,84,0.7752632280421164
diabetes,sa,5,5,85,0.7752632280421164
diabetes,sa,5,5,86,0.7752632280421164
diabetes,sa,5,5,87,0.7752632280421164
diabetes,sa,5,5,88,0.7752632280421164
diabetes,sa,5,5,89,0.7752632280421164
diabetes,sa,5,5,90,0.7752632280421164
diabetes,sa,5,5,91,0.7752632280421164
diabetes,sa,5,5,92,0.7752632280421164
diabetes,sa,5,5,93,0.7752632280421164
diabetes,sa,5,5,94,0.7752632280421164
diabetes,sa,5,5,95,0.7752632280421164
diabetes,sa,5,5,96,0.7752632280421164
diabetes,sa,5,5,97,0.7752632280421164
diabetes,sa,5,5,98,0.7752632280421164
diabetes,sa,5,5,99,0.7752632280421164
diabetes,sa,5,5,100,0.7752632280421164
diabetes,grid,6,6,1,0.6514727442356391
diabetes,grid,6,6,2,0.6514727442356391
diabetes,grid,6,6,3,0.6514727442356391
diabetes,grid,6,6,4,0.6514727442356391
diabetes,grid,6,6,5,0.6514727442356391
diabetes,grid,6,6,6,0.6514727442356391
diabetes,grid,6,6,7,0.6514727442356391
diabetes,grid,6,6,8,0.6514727442356391
diabetes,grid,6,6,9,0.6514727442356391
diabetes,grid,6,6,10,0.6514727442356391
diabetes,grid,6,6,11,0.6514727442356391
diabetes,grid,6,6,12,0.6514727442356391
diabetes,grid,6,6,13,0.6514727442356391
diabetes,grid,6,6,14,0.6514727442356391
diabetes,grid,6,6,15,0.6514727442356391
diabetes,grid,6,6,16,0.7573237371717979
diabetes,grid,6,6,17,0.7573237371717979
diabetes,grid,6,6,18,0.7573237371717979
diabetes,grid,6,6,19,0.7573237371717979
diabetes,grid,6,6,20,0.7573237371717979
diabetes,grid,6,6,21,0.7573237371717979
diabetes,grid,6,6,22,0.7573237371717979
diabetes,grid,6,6,23,0.7573237371717979
diabetes,grid,6,6,24,0.7573237371717979
diabetes,grid,6,6,25,0.7670798347327736
diabetes,grid,6,6,26,0.7719578835132613
diabetes,grid,6,6,27,0.7719578835132613
diabetes,grid,6,6,28,0.7719578835132613
diabetes,grid,6,6,29,0.7719578835132613
diabetes,grid,6,6,30,0.7719578835132613
diabetes,grid,6,6,31,0.7719578835132613
diabetes,grid,6,6,32,0.7719578835132613
diabetes,grid,6,6,33,0.7719578835132613
diabetes,grid,6,6,34,0.7719578835132613
diabetes,grid,6,6,35,0.7784752765560442
diabetes,grid,6,6,36,0.7784752765560442
diabetes,grid,6,6,37,0.7784752765560442
diabetes,grid,6,6,38,0.7784752765560442
diabetes,grid,6,6,39,0.7784752765560442
diabetes,grid,6,6,40,0.7784752765560442
diabetes,grid,6,6,41,0.7784752765560442
diabetes,grid,6,6,42,0.7784752765560442
diabetes,grid,6,6,43,0.7784752765560442
diabetes,grid,6,6,44,0.7784752765560442
diabetes,grid,6,6,45,0.7784752765560442
diabetes,grid,6,6,46,0.7784752765560442
diabetes,grid,6,6,47,0.7784752765560442
diabetes,grid,6,6,48,0.7784752765560442
diabetes,grid,6,6,49,0.7784752765560442
diabetes,grid,6,6,50,0.7784752765560442
diabetes,grid,6,6,51,0.7784752765560442
diabetes,grid,6,6,52,0.7784752765560442
diabetes,grid,6,6,53,0.7784752765560442
diabetes,grid,6,6,54,0.7784752765560442
diabetes,grid,6,6,55,0.7784752765560442
diabetes,grid,6,6,56,0.7784752765560442
diabetes,grid,6,6,57,0.7784752765560442
diabetes,grid,6,6,58,0.7784752765560442
diabetes,grid,6,6,59,0.7784752765560442
diabetes,grid,6,6,60,0.7784752765560442
diabetes,grid,6,6,61,0.7784752765560442
diabetes,grid,6,6,62,0.7784752765560442
diabetes,grid,6,6,63,0.7784752765560442
diabetes,grid,6,6,64,0.7784752765560442
diabetes,grid,6,6,65,0.7784752765560442
diabetes,grid,6,6,66,0.7784752765560442
diabetes,grid,6,6,67,0.7784752765560442
diabetes,grid,6,6,68,0.7784752765560442
diabetes,grid,6,6,69,0.7784752765560442
diabetes,grid,6,6,70,0.7784752765560442
diabetes,grid,6,6,71,0.7784752765560442
diabetes,grid,6,6,72,0.7784752765560442
diabetes,grid,6,6,73,0.7784752765560442
diabetes,grid,6,6,74,0.7784752765560442
diabetes,grid,6,6,75,0.7784752765560442
diabetes,grid,6,6,76,0.7784752765560442
diabetes,grid,6,6,77,0.7784752765560442
diabetes,grid,6,6,78,0.7784752765560442
diabetes,grid,6,6,79,0.7784752765560442
diabetes,grid,6,6,80,0.7784752765560442
diabetes,grid,6,6,81,0.7784752765560442
diabetes,grid,6,6,82,0.7784752765560442
diabetes,grid,6,6,83,0.7784752765560442
diabetes,grid,6,6,84,0.7784752765560442
diabetes,grid,6,6,85,0.7784752765560442
diabetes,grid,6,6,86,0.7784752765560442
diabetes,grid,6,6,87,0.7784752765560442
diabetes,grid,6,6,88,0.7784752765560442
diabetes,grid,6,6,89,0.7784752765560442
diabetes,grid,6,6,90,0.7784752765560442
diabetes,grid,6,6,91,0.7784752765560442
diabetes,grid,6,6,92,0.7784752765560442
diabetes,grid,6,6,93,0.7784752765560442
diabetes,grid,6,6,94,0.7784752765560442
diabetes,grid,6,6,95,0.7784752765560442
diabetes,grid,6,6,96,0.7784752765560442
diabetes,grid,6,6,97,0.7784752765560442
diabetes,grid,6,6,98,0.7784752765560442
diabetes,grid,6,6,99,0.7784752765560442
diabetes,grid,6,6,100,0.7784752765560442
diabetes,random,6,6,1,0.6775156604025057
diabetes,random,6,6,2,0.7541383446621351
diabetes,random,6,6,3,0.7541383446621351
diabetes,random,6,6,4,0.7541383446621351
diabetes,random,6,6,5,0.7590430494468878
diabetes,random,6,6,6,0.7590430494468878
diabetes,random,6,6,7,0.7590430494468878
diabetes,random,6,6,8,0.7590430494468878
diabetes,random,6,6,9,0.7590430494468878
diabetes,random,6,6,10,0.7590430494468878
diabetes,random,6,6,11,0.7590430494468878
diabetes,random,6,6,12,0.7590430494468878
diabetes,random,6,6,13,0.7638144742103159
diabetes,random,6,6,14,0.7638144742103159
diabetes,random,6,6,15,0.775223244035719
diabetes,random,6,6,16,0.775223244035719
diabetes,random,6,6,17,0.775223244035719
diabetes,random,6,6,18,0.775223244035719
diabetes,random,6,6,19,0.775223244035719
diabetes,random,6,6,20,0.775223244035719
diabetes,random,6,6,21,0.7784752765560442
diabetes,random,6,6,22,0.7784752765560442
diabetes,random,6,6,23,0.7784752765560442
diabetes,random,6,6,24,0.7784752765560442
diabetes,random,6,6,25,0.7784752765560442
diabetes,random,6,6,26,0.7784752765560442
diabetes,random,6,6,27,0.7784752765560442
diabetes,random,6,6,28,0.7784752765560442
diabetes,random,6,6,29,0.7784752765560442
diabetes,random,6,6,30,0.7784752765560442
diabetes,random,6,6,31,0.7784752765560442
diabetes,random,6,6,32,0.7784752765560442
diabetes,random,6,6,33,0.7784752765560442
diabetes,random,6,6,34,0.7784752765560442
diabetes,random,6,6,35,0.7784752765560442
diabetes,random,6,6,36,0.7784752765560442
diabetes,random,6,6,37,0.7784752765560442
diabetes,random,6,6,38,0.7784752765560442
diabetes,random,6,6,39,0.7784752765560442
diabetes,random,6,6,40,0.7784752765560442
diabetes,random,6,6,41,0.7784752765560442
diabetes,random,6,6,42,0.7784752765560442
diabetes,random,6,6,43,0.7784752765560442
diabetes,random,6,6,44,0.7784752765560442
diabetes,random,6,6,45,0.7784752765560442
diabetes,random,6,6,46,0.7784752765560442
diabetes,random,6,6,47,0.7784752765560442
diabetes,random,6,6,48,0.7784752765560442
diabetes,random,6,6,49,0.7784752765560442
diabetes,random,6,6,50,0.7784752765560442
diabetes,random,6,6,51,0.7784752765560442
diabetes,random,6,6,52,0.7784752765560442
diabetes,random,6,6,53,0.7784752765560442
diabetes,random,6,6,54,0.7784752765560442
diabetes,random,6,6,55,0.7784752765560442
diabetes,random,6,6,56,0.7784752765560442
diabetes,random,6,6,57,0.7784752765560442
diabetes,random,6,6,58,0.7784752765560442
diabetes,random,6,6,59,0.7784752765560442
diabetes,random,6,6,60,0.7784752765560442
diabetes,random,6,6,61,0.7784752765560442
diabetes,random,6,6,62,0.7784752765560442
diabetes,random,6,6,63,0.7784752765560442
diabetes,random,6,6,64,0.7784752765560442
diabetes,random,6,6,65,0.7784752765560442
diabetes,random,6,6,66,0.7784752765560442
diabetes,random,6,6,67,0.7784752765560442
diabetes,random,6,6,68,0.7784752765560442
diabetes,random,6,6,69,0.7784752765560442
diabetes,random,6,6,70,0.7784752765560442
diabetes,random,6,6,71,0.7784752765560442
diabetes,random,6,6,72,0.7784752765560442
diabetes,random,6,6,73,0.7784752765560442
diabetes,random,6,6,74,0.7784752765560442
diabetes,random,6,6,75,0.7784752765560442
diabetes,random,6,6,76,0.7784752765560442
diabetes,random,6,6,77,0.7784752765560442
diabetes,random,6,6,78,0.7784752765560442
diabetes,random,6,6,79,0.7784752765560442
diabetes,random,6,6,80,0.7784752765560442
diabetes,random,6,6,81,0.7784752765560442
diabetes,random,6,6,82,0.7784752765560442
diabetes,random,6,6,83,0.7784752765560442
diabetes,random,6,6,84,0.7784752765560442
diabetes,random,6,6,85,0.7784752765560442
diabetes,random,6,6,86,0.7784752765560442
diabetes,random,6,6,87,0.7784752765560442
diabetes,random,6,6,88,0.7784752765560442
diabetes,random,6,6,89,0.7784752765560442
diabetes,random,6,6,90,0.7784752765560442
diabetes,random,6,6,91,0.7784752765560442
diabetes,random,6,6,92,0.7784752765560442
diabetes,random,6,6,93,0.7784752765560442
diabetes,random,6,6,94,0.7784752765560442
diabetes,random,6,6,95,0.7784752765560442
diabetes,random,6,6,96,0.7784752765560442
diabetes,random,6,6,97,0.7784752765560442
diabetes,random,6,6,98,0.7784752765560442
diabetes,random,6,6,99,0.7784752765560442
diabetes,random,6,6,100,0.7784752765560442
diabetes,bo_tpe,6,6,1,0.6775156604025057
diabetes,bo_tpe,6,6,2,0.7541383446621351
diabetes,bo_tpe,6,6,3,0.7541383446621351
diabetes,bo_tpe,6,6,4,0.7541383446621351
diabetes,bo_tpe,6,6,5,0.7590430494468878
diabetes,bo_tpe,6,6,6,0.7590430494468878
diabetes,bo_tpe,6,6,7,0.7590430494468878
diabetes,bo_tpe,6,6,8,0.7590430494468878
diabetes,bo_tpe,6,6,9,0.7590430494468878
diabetes,bo_tpe,6,6,10,0.7590430494468878
diabetes,bo_tpe,6,6,11,0.7590430494468878
diabetes,bo_tpe,6,6,12,0.7605491136878582
diabetes,bo_tpe,6,6,13,0.7605491136878582
diabetes,bo_tpe,6,6,14,0.7605491136878582
diabetes,bo_tpe,6,6,15,0.760682393709183
diabetes,bo_tpe,6,6,16,0.7638144742103158
diabetes,bo_tpe,6,6,17,0.7638144742103158
diabetes,bo_tpe,6,6,18,0.7638144742103158
diabetes,bo_tpe,6,6,19,0.7638144742103158
diabetes,bo_tpe,6,6,20,0.7638144742103158
diabetes,bo_tpe,6,6,21,0.7638144742103158
diabetes,bo_tpe,6,6,22,0.7670798347327736
diabetes,bo_tpe,6,6,23,0.7670798347327736
diabetes,bo_tpe,6,6,24,0.7670798347327736
diabetes,bo_tpe,6,6,25,0.7670798347327736
diabetes,bo_tpe,6,6,26,0.7670798347327736
diabetes,bo_tpe,6,6,27,0.7670798347327736
diabetes,bo_tpe,6,6,28,0.7752099160335865
diabetes,bo_tpe,6,6,29,0.7752099160335865
diabetes,bo_tpe,6,6,30,0.7752099160335865
diabetes,bo_tpe,6,6,31,0.7752099160335865
diabetes,bo_tpe,6,6,32,0.7752099160335865
diabetes,bo_tpe,6,6,33,0.7752099160335865
diabetes,bo_tpe,6,6,34,0.7752099160335865
diabetes,bo_tpe,6,6,35,0.7752099160335865
diabetes,bo_tpe,6,6,36,0.7752099160335865
diabetes,bo_tpe,6,6,37,0.7752099160335865
diabetes,bo_tpe,6,6,38,0.7752099160335865
diabetes,bo_tpe,6,6,39,0.7784619485539117
diabetes,bo_tpe,6,6,40,0.7784619485539117
diabetes,bo_tpe,6,6,41,0.7784619485539117
diabetes,bo_tpe,6,6,42,0.7784619485539117
diabetes,bo_tpe,6,6,43,0.7784619485539117
diabetes,bo_tpe,6,6,44,0.7784619485539117
diabetes,bo_tpe,6,6,45,0.7784619485539117
diabetes,bo_tpe,6,6,46,0.7784619485539117
diabetes,bo_tpe,6,6,47,0.7784619485539117
diabetes,bo_tpe,6,6,48,0.7784619485539117
diabetes,bo_tpe,6,6,49,0.7784619485539117
diabetes,bo_tpe,6,6,50,0.7784619485539117
diabetes,bo_tpe,6,6,51,0.7784619485539117
diabetes,bo_tpe,6,6,52,0.7784619485539117
diabetes,bo_tpe,6,6,53,0.7784619485539117
diabetes,bo_tpe,6,6,54,0.7784619485539117
diabetes,bo_tpe,6,6,55,0.7784619485539117
diabetes,bo_tpe,6,6,56,0.7784619485539117
diabetes,bo_tpe,6,6,57,0.7784619485539117
diabetes,bo_tpe,6,6,58,0.7784619485539117
diabetes,bo_tpe,6,6,59,0.7784619485539117
diabetes,bo_tpe,6,6,60,0.7784619485539117
diabetes,bo_tpe,6,6,61,0.7784619485539117
diabetes,bo_tpe,6,6,62,0.7784619485539117
diabetes,bo_tpe,6,6,63,0.7784619485539117
diabetes,bo_tpe,6,6,64,0.7784619485539117
diabetes,bo_tpe,6,6,65,0.7784619485539117
diabetes,bo_tpe,6,6,66,0.7784619485539117
diabetes,bo_tpe,6,6,67,0.7784619485539117
diabetes,bo_tpe,6,6,68,0.7784619485539117
diabetes,bo_tpe,6,6,69,0.7784619485539117
diabetes,bo_tpe,6,6,70,0.7784619485539117
diabetes,bo_tpe,6,6,71,0.7784752765560442
diabetes,bo_tpe,6,6,72,0.7801012928162068
diabetes,bo_tpe,6,6,73,0.7801012928162068
diabetes,bo_tpe,6,6,74,0.7801012928162068
diabetes,bo_tpe,6,6,75,0.7801012928162068
diabetes,bo_tpe,6,6,76,0.7801012928162068
diabetes,bo_tpe,6,6,77,0.7801012928162068
diabetes,bo_tpe,6,6,78,0.7801012928162068
diabetes,bo_tpe,6,6,79,0.7801012928162068
diabetes,bo_tpe,6,6,80,0.7801012928162068
diabetes,bo_tpe,6,6,81,0.7801012928162068
diabetes,bo_tpe,6,6,82,0.7801012928162068
diabetes,bo_tpe,6,6,83,0.7801012928162068
diabetes,bo_tpe,6,6,84,0.7801012928162068
diabetes,bo_tpe,6,6,85,0.7801012928162068
diabetes,bo_tpe,6,6,86,0.7801012928162068
diabetes,bo_tpe,6,6,87,0.7801012928162068
diabetes,bo_tpe,6,6,88,0.7801012928162068
diabetes,bo_tpe,6,6,89,0.7801012928162068
diabetes,bo_tpe,6,6,90,0.7801012928162068
diabetes,bo_tpe,6,6,91,0.7801012928162068
diabetes,bo_tpe,6,6,92,0.7801012928162068
diabetes,bo_tpe,6,6,93,0.7801012928162068
diabetes,bo_tpe,6,6,94,0.7801012928162068
diabetes,bo_tpe,6,6,95,0.7801012928162068
diabetes,bo_tpe,6,6,96,0.7801012928162068
diabetes,bo_tpe,6,6,97,0.7801012928162068
diabetes,bo_tpe,6,6,98,0.7801012928162068
diabetes,bo_tpe,6,6,99,0.7801012928162068
diabetes,bo_tpe,6,6,100,0.7801012928162068
diabetes,pso,6,6,1,0.7670798347327736
diabetes,pso,6,6,2,0.7686925229908037
diabetes,pso,6,6,3,0.7686925229908037
diabetes,pso,6,6,4,0.7686925229908037
diabetes,pso,6,6,5,0.7686925229908037
diabetes,pso,6,6,6,0.7686925229908037
diabetes,pso,6,6,7,0.7686925229908037
diabetes,pso,6,6,8,0.7686925229908037
diabetes,pso,6,6,9,0.7686925229908037
diabetes,pso,6,6,10,0.7735972277755564
diabetes,pso,6,6,11,0.7735972277755564
diabetes,pso,6,6,12,0.7735972277755564
diabetes,pso,6,6,13,0.7735972277755564
diabetes,pso,6,6,14,0.7735972277755564
diabetes,pso,6,6,15,0.7735972277755564
diabetes,pso,6,6,16,0.7735972277755564
diabetes,pso,6,6,17,0.7735972277755564
diabetes,pso,6,6,18,0.7735972277755564
diabetes,pso,6,6,19,0.7735972277755564
diabetes,pso,6,6,20,0.7735972277755564
diabetes,pso,6,6,21,0.7735972277755564
diabetes,pso,6,6,22,0.7735972277755564
diabetes,pso,6,6,23,0.7735972277755564
diabetes,pso,6,6,24,0.7735972277755564
diabetes,pso,6,6,25,0.7735972277755564
diabetes,pso,6,6,26,0.7735972277755564
diabetes,pso,6,6,27,0.7768359322937491
diabetes,pso,6,6,28,0.7768359322937491
diabetes,pso,6,6,29,0.7768359322937491
diabetes,pso,6,6,30,0.7768359322937491
diabetes,pso,6,6,31,0.7768359322937491
diabetes,pso,6,6,32,0.7768359322937491
diabetes,pso,6,6,33,0.7768359322937491
diabetes,pso,6,6,34,0.7768359322937491
diabetes,pso,6,6,35,0.7768359322937491
diabetes,pso,6,6,36,0.7768359322937491
diabetes,pso,6,6,37,0.7768359322937491
diabetes,pso,6,6,38,0.7768359322937491
diabetes,pso,6,6,39,0.7768359322937491
diabetes,pso,6,6,40,0.7768359322937491
diabetes,pso,6,6,41,0.7768359322937491
diabetes,pso,6,6,42,0.7768359322937491
diabetes,pso,6,6,43,0.7768359322937491
diabetes,pso,6,6,44,0.7768359322937491
diabetes,pso,6,6,45,0.7768359322937491
diabetes,pso,6,6,46,0.7768359322937491
diabetes,pso,6,6,47,0.7768359322937491
diabetes,pso,6,6,48,0.7768359322937491
diabetes,pso,6,6,49,0.7768359322937491
diabetes,pso,6,6,50,0.7768359322937491
diabetes,pso,6,6,51,0.7768359322937491
diabetes,pso,6,6,52,0.7768359322937491
diabetes,pso,6,6,53,0.7768359322937491
diabetes,pso,6,6,54,0.7768359322937491
diabetes,pso,6,6,55,0.7768359322937491
diabetes,pso,6,6,56,0.7768359322937491
diabetes,pso,6,6,57,0.7768359322937491
diabetes,pso,6,6,58,0.7768359322937491
diabetes,pso,6,6,59,0.7768359322937491
diabetes,pso,6,6,60,0.7768359322937491
diabetes,pso,6,6,61,0.7768359322937491
diabetes,pso,6,6,62,0.7768359322937491
diabetes,pso,6,6,63,0.7768359322937491
diabetes,pso,6,6,64,0.7768359322937491
diabetes,pso,6,6,65,0.7768359322937491
diabetes,pso,6,6,66,0.7768359322937491
diabetes,pso,6,6,67,0.7768359322937491
diabetes,pso,6,6,68,0.7768359322937491
diabetes,pso,6,6,69,0.7768359322937491
diabetes,pso,6,6,70,0.7768359322937493
diabetes,pso,6,6,71,0.7784619485539118
diabetes,pso,6,6,72,0.7784619485539118
diabetes,pso,6,6,73,0.7784619485539118
diabetes,pso,6,6,74,0.7784619485539118
diabetes,pso,6,6,75,0.7784619485539118
diabetes,pso,6,6,76,0.7784619485539118
diabetes,pso,6,6,77,0.7784619485539118
diabetes,pso,6,6,78,0.7784619485539118
diabetes,pso,6,6,79,0.7784619485539118
diabetes,pso,6,6,80,0.7784752765560443
diabetes,pso,6,6,81,0.7784752765560443
diabetes,pso,6,6,82,0.7784752765560443
diabetes,pso,6,6,83,0.7784752765560443
diabetes,pso,6,6,84,0.7784752765560443
diabetes,pso,6,6,85,0.7784752765560443
diabetes,pso,6,6,86,0.7784752765560443
diabetes,pso,6,6,87,0.7784752765560443
diabetes,pso,6,6,88,0.7784752765560443
diabetes,pso,6,6,89,0.7784752765560443
diabetes,pso,6,6,90,0.7784752765560443
diabetes,pso,6,6,91,0.7784752765560443
diabetes,pso,6,6,92,0.7784752765560443
diabetes,pso,6,6,93,0.7784752765560443
diabetes,pso,6,6,94,0.7784752765560443
diabetes,pso,6,6,95,0.7784752765560443
diabetes,pso,6,6,96,0.7784752765560443
diabetes,pso,6,6,97,0.7784752765560443
diabetes,pso,6,6,98,0.7784752765560443
diabetes,pso,6,6,99,0.7784752765560443
diabetes,pso,6,6,100,0.7784752765560443
diabetes,de,6,6,1,0.7703318672530988
diabetes,de,6,6,2,0.7703318672530988
diabetes,de,6,6,3,0.7703318672530988
diabetes,de,6,6,4,0.7703318672530988
diabetes,de,6,6,5,0.7703318672530988
diabetes,de,6,6,6,0.7703318672530988
diabetes,de,6,6,7,0.7703318672530988
diabetes,de,6,6,8,0.7703318672530988
diabetes,de,6,6,9,0.7703318672530988
diabetes,de,6,6,10,0.7703318672530988
diabetes,de,6,6,11,0.7703318672530988
diabetes,de,6,6,12,0.7703318672530988
diabetes,de,6,6,13,0.7703318672530988
diabetes,de,6,6,14,0.7703318672530988
diabetes,de,6,6,15,0.7703318672530988
diabetes,de,6,6,16,0.7703318672530988
diabetes,de,6,6,17,0.7703318672530988
diabetes,de,6,6,18,0.7703318672530988
diabetes,de,6,6,19,0.7703318672530988
diabetes,de,6,6,20,0.7703318672530988
diabetes,de,6,6,21,0.7703318672530988
diabetes,de,6,6,22,0.7703318672530988
diabetes,de,6,6,23,0.7703318672530988
diabetes,de,6,6,24,0.7703318672530988
diabetes,de,6,6,25,0.7703318672530988
diabetes,de,6,6,26,0.7703318672530988
diabetes,de,6,6,27,0.7703318672530988
diabetes,de,6,6,28,0.7703318672530988
diabetes,de,6,6,29,0.7703318672530988
diabetes,de,6,6,30,0.7703318672530988
diabetes,de,6,6,31,0.7703318672530988
diabetes,de,6,6,32,0.7703318672530988
diabetes,de,6,6,33,0.7703318672530988
diabetes,de,6,6,34,0.7703318672530988
diabetes,de,6,6,35,0.7703318672530988
diabetes,de,6,6,36,0.7768359322937491
diabetes,de,6,6,37,0.7768359322937491
diabetes,de,6,6,38,0.7768359322937491
diabetes,de,6,6,39,0.7768359322937491
diabetes,de,6,6,40,0.7768359322937491
diabetes,de,6,6,41,0.7768359322937491
diabetes,de,6,6,42,0.7768359322937491
diabetes,de,6,6,43,0.7768359322937491
diabetes,de,6,6,44,0.7768359322937491
diabetes,de,6,6,45,0.7768359322937491
diabetes,de,6,6,46,0.7768359322937491
diabetes,de,6,6,47,0.7768359322937491
diabetes,de,6,6,48,0.7768359322937491
diabetes,de,6,6,49,0.7768359322937491
diabetes,de,6,6,50,0.7768359322937491
diabetes,de,6,6,51,0.7768359322937491
diabetes,de,6,6,52,0.7768359322937491
diabetes,de,6,6,53,0.7768359322937491
diabetes,de,6,6,54,0.7768359322937491
diabetes,de,6,6,55,0.7768359322937491
diabetes,de,6,6,56,0.7768359322937491
diabetes,de,6,6,57,0.7768359322937491
diabetes,de,6,6,58,0.7768359322937491
diabetes,de,6,6,59,0.7768359322937491
diabetes,de,6,6,60,0.7768359322937491
diabetes,de,6,6,61,0.7768359322937491
diabetes,de,6,6,62,0.7768359322937491
diabetes,de,6,6,63,0.7768359322937491
diabetes,de,6,6,64,0.7768359322937491
diabetes,de,6,6,65,0.7768359322937491
diabetes,de,6,6,66,0.7768359322937491
diabetes,de,6,6,67,0.7768359322937491
diabetes,de,6,6,68,0.7768359322937491
diabetes,de,6,6,69,0.7768359322937491
diabetes,de,6,6,70,0.7768359322937491
diabetes,de,6,6,71,0.7768359322937491
diabetes,de,6,6,72,0.7768359322937491
diabetes,de,6,6,73,0.7768359322937491
diabetes,de,6,6,74,0.7768359322937491
diabetes,de,6,6,75,0.7768359322937491
diabetes,de,6,6,76,0.7768359322937491
diabetes,de,6,6,77,0.7768359322937491
diabetes,de,6,6,78,0.7768359322937491
diabetes,de,6,6,79,0.7768359322937491
diabetes,de,6,6,80,0.7768359322937491
diabetes,de,6,6,81,0.7768359322937491
diabetes,de,6,6,82,0.7768359322937491
diabetes,de,6,6,83,0.7768359322937491
diabetes,de,6,6,84,0.7768359322937491
diabetes,de,6,6,85,0.7768359322937491
diabetes,de,6,6,86,0.7768359322937491
diabetes,de,6,6,87,0.7768359322937491
diabetes,de,6,6,88,0.7768359322937491
diabetes,de,6,6,89,0.7768359322937491
diabetes,de,6,6,90,0.7768359322937491
diabetes,de,6,6,91,0.7768359322937491
diabetes,de,6,6,92,0.7768359322937491
diabetes,de,6,6,93,0.7768359322937491
diabetes,de,6,6,94,0.7768359322937491
diabetes,de,6,6,95,0.7768359322937491
diabetes,de,6,6,96,0.7768359322937491
diabetes,de,6,6,97,0.7768359322937491
diabetes,de,6,6,98,0.7768359322937491
diabetes,de,6,6,99,0.7768359322937491
diabetes,de,6,6,100,0.7768359322937491
diabetes,ga,6,6,1,0.7703318672530988
diabetes,ga,6,6,2,0.7703318672530988
diabetes,ga,6,6,3,0.7703318672530988
diabetes,ga,6,6,4,0.7703318672530988
diabetes,ga,6,6,5,0.7703318672530988
diabetes,ga,6,6,6,0.7703318672530988
diabetes,ga,6,6,7,0.7703318672530988
diabetes,ga,6,6,8,0.7703318672530988
diabetes,ga,6,6,9,0.7703318672530988
diabetes,ga,6,6,10,0.7703318672530988
diabetes,ga,6,6,11,0.7703318672530988
diabetes,ga,6,6,12,0.7703318672530988
diabetes,ga,6,6,13,0.7703318672530988
diabetes,ga,6,6,14,0.7703318672530988
diabetes,ga,6,6,15,0.7703318672530988
diabetes,ga,6,6,16,0.7703318672530988
diabetes,ga,6,6,17,0.7703318672530988
diabetes,ga,6,6,18,0.7703318672530988
diabetes,ga,6,6,19,0.7703318672530988
diabetes,ga,6,6,20,0.7703318672530988
diabetes,ga,6,6,21,0.7703318672530988
diabetes,ga,6,6,22,0.7703318672530988
diabetes,ga,6,6,23,0.7703318672530988
diabetes,ga,6,6,24,0.7703318672530988
diabetes,ga,6,6,25,0.7768359322937491
diabetes,ga,6,6,26,0.7768359322937491
diabetes,ga,6,6,27,0.7768359322937491
diabetes,ga,6,6,28,0.7768359322937491
diabetes,ga,6,6,29,0.7768359322937491
diabetes,ga,6,6,30,0.7768359322937491
diabetes,ga,6,6,31,0.7768359322937491
diabetes,ga,6,6,32,0.7768359322937491
diabetes,ga,6,6,33,0.7768359322937491
diabetes,ga,6,6,34,0.7768359322937491
diabetes,ga,6,6,35,0.7768359322937491
diabetes,ga,6,6,36,0.7768359322937491
diabetes,ga,6,6,37,0.7768359322937491
diabetes,ga,6,6,38,0.7768359322937491
diabetes,ga,6,6,39,0.7768359322937491
diabetes,ga,6,6,40,0.7768359322937491
diabetes,ga,6,6,41,0.7768359322937491
diabetes,ga,6,6,42,0.7768359322937491
diabetes,ga,6,6,43,0.7768359322937491
diabetes,ga,6,6,44,0.7768359322937491
diabetes,ga,6,6,45,0.7768359322937491
diabetes,ga,6,6,46,0.7768359322937491
diabetes,ga,6,6,47,0.7768359322937491
diabetes,ga,6,6,48,0.7768359322937491
diabetes,ga,6,6,49,0.7768359322937491
diabetes,ga,6,6,50,0.7768359322937491
diabetes,ga,6,6,51,0.7768359322937491
diabetes,ga,6,6,52,0.7768359322937491
diabetes,ga,6,6,53,0.7768359322937491
diabetes,ga,6,6,54,0.7768359322937491
diabetes,ga,6,6,55,0.7768359322937491
diabetes,ga,6,6,56,0.7768359322937491
diabetes,ga,6,6,57,0.7768359322937491
diabetes,ga,6,6,58,0.7768359322937491
diabetes,ga,6,6,59,0.7768359322937491
diabetes,ga,6,6,60,0.7768359322937491
diabetes,ga,6,6,61,0.7768359322937491
diabetes,ga,6,6,62,0.7768359322937491
diabetes,ga,6,6,63,0.7768359322937491
diabetes,ga,6,6,64,0.7768359322937491
diabetes,ga,6,6,65,0.7768359322937491
diabetes,ga,6,6,66,0.7768359322937491
diabetes,ga,6,6,67,0.7768359322937491
diabetes,ga,6,6,68,0.7768359322937491
diabetes,ga,6,6,69,0.7768359322937493
diabetes,ga,6,6,70,0.7768359322937493
diabetes,ga,6,6,71,0.7768359322937493
diabetes,ga,6,6,72,0.7768359322937493
diabetes,ga,6,6,73,0.7768359322937493
diabetes,ga,6,6,74,0.7768359322937493
diabetes,ga,6,6,75,0.7768359322937493
diabetes,ga,6,6,76,0.7768359322937493
diabetes,ga,6,6,77,0.7768359322937493
diabetes,ga,6,6,78,0.7768359322937493
diabetes,ga,6,6,79,0.7768359322937493
diabetes,ga,6,6,80,0.7768359322937493
diabetes,ga,6,6,81,0.7768359322937493
diabetes,ga,6,6,82,0.7768359322937493
diabetes,ga,6,6,83,0.7768359322937493
diabetes,ga,6,6,84,0.7768359322937493
diabetes,ga,6,6,85,0.7768359322937493
diabetes,ga,6,6,86,0.7768359322937493
diabetes,ga,6,6,87,0.7768359322937493
diabetes,ga,6,6,88,0.7768359322937493
diabetes,ga,6,6,89,0.7768359322937493
diabetes,ga,6,6,90,0.7768359322937493
diabetes,ga,6,6,91,0.7768359322937493
diabetes,ga,6,6,92,0.7768359322937493
diabetes,ga,6,6,93,0.7768359322937493
diabetes,ga,6,6,94,0.7768359322937493
diabetes,ga,6,6,95,0.7768359322937493
diabetes,ga,6,6,96,0.7784619485539117
diabetes,ga,6,6,97,0.7784619485539117
diabetes,ga,6,6,98,0.7784619485539117
diabetes,ga,6,6,99,0.7784619485539117
diabetes,ga,6,6,100,0.7784619485539117
diabetes,sa,6,6,1,0.6775156604025057
diabetes,sa,6,6,2,0.6775156604025057
diabetes,sa,6,6,3,0.6775156604025057
diabetes,sa,6,6,4,0.6775156604025057
diabetes,sa,6,6,5,0.6775156604025057
diabetes,sa,6,6,6,0.6775156604025057
diabetes,sa,6,6,7,0.6775156604025057
diabetes,sa,6,6,8,0.6775156604025057
diabetes,sa,6,6,9,0.6775156604025057
diabetes,sa,6,6,10,0.6775156604025057
diabetes,sa,6,6,11,0.6775156604025057
diabetes,sa,6,6,12,0.684073037451686
diabetes,sa,6,6,13,0.684073037451686
diabetes,sa,6,6,14,0.6840730374516861
diabetes,sa,6,6,15,0.6840730374516861
diabetes,sa,6,6,16,0.6840730374516861
diabetes,sa,6,6,17,0.6840730374516861
diabetes,sa,6,6,18,0.6840730374516861
diabetes,sa,6,6,19,0.6840730374516861
diabetes,sa,6,6,20,0.6840730374516861
diabetes,sa,6,6,21,0.6840730374516861
diabetes,sa,6,6,22,0.7264427562308409
diabetes,sa,6,6,23,0.7573770491803279
diabetes,sa,6,6,24,0.7573770491803279
diabetes,sa,6,6,25,0.7687058509929361
diabetes,sa,6,6,26,0.7687058509929361
diabetes,sa,6,6,27,0.7687058509929361
diabetes,sa,6,6,28,0.7687058509929361
diabetes,sa,6,6,29,0.7703451952552312
diabetes,sa,6,6,30,0.7703451952552312
diabetes,sa,6,6,31,0.7703451952552312
diabetes,sa,6,6,32,0.7703451952552312
diabetes,sa,6,6,33,0.7703451952552312
diabetes,sa,6,6,34,0.7703451952552312
diabetes,sa,6,6,35,0.7703451952552312
diabetes,sa,6,6,36,0.7703451952552312
diabetes,sa,6,6,37,0.7703451952552312
diabetes,sa,6,6,38,0.7703451952552312
diabetes,sa,6,6,39,0.7703451952552312
diabetes,sa,6,6,40,0.7703451952552312
diabetes,sa,6,6,41,0.7703451952552312
diabetes,sa,6,6,42,0.7703451952552312
diabetes,sa,6,6,43,0.7703451952552312
diabetes,sa,6,6,44,0.7703451952552312
diabetes,sa,6,6,45,0.7703451952552312
diabetes,sa,6,6,46,0.7703451952552312
diabetes,sa,6,6,47,0.7703451952552312
diabetes,sa,6,6,48,0.7703451952552312
diabetes,sa,6,6,49,0.7703451952552312
diabetes,sa,6,6,50,0.7703451952552312
diabetes,sa,6,6,51,0.7703451952552312
diabetes,sa,6,6,52,0.7703451952552312
diabetes,sa,6,6,53,0.7703451952552312
diabetes,sa,6,6,54,0.7703451952552312
diabetes,sa,6,6,55,0.7703451952552312
diabetes,sa,6,6,56,0.7703451952552312
diabetes,sa,6,6,57,0.7703451952552312
diabetes,sa,6,6,58,0.7703451952552312
diabetes,sa,6,6,59,0.7703451952552312
diabetes,sa,6,6,60,0.7703451952552312
diabetes,sa,6,6,61,0.7703451952552312
diabetes,sa,6,6,62,0.7703451952552312
diabetes,sa,6,6,63,0.7703451952552312
diabetes,sa,6,6,64,0.7703451952552312
diabetes,sa,6,6,65,0.7703451952552312
diabetes,sa,6,6,66,0.7703451952552312
diabetes,sa,6,6,67,0.7703451952552312
diabetes,sa,6,6,68,0.7703451952552312
diabetes,sa,6,6,69,0.7703451952552312
diabetes,sa,6,6,70,0.7703451952552312
diabetes,sa,6,6,71,0.7703451952552312
diabetes,sa,6,6,72,0.7703451952552312
diabetes,sa,6,6,73,0.7703451952552312
diabetes,sa,6,6,74,0.7703451952552312
diabetes,sa,6,6,75,0.7703451952552312
diabetes,sa,6,6,76,0.7703451952552312
diabetes,sa,6,6,77,0.7703451952552312
diabetes,sa,6,6,78,0.7703451952552312
diabetes,sa,6,6,79,0.7703451952552312
diabetes,sa,6,6,80,0.7703451952552312
diabetes,sa,6,6,81,0.7703451952552312
diabetes,sa,6,6,82,0.7703451952552312
diabetes,sa,6,6,83,0.7703451952552312
diabetes,sa,6,6,84,0.7703451952552312
diabetes,sa,6,6,85,0.7703451952552312
diabetes,sa,6,6,86,0.7703451952552312
diabetes,sa,6,6,87,0.7703451952552312
diabetes,sa,6,6,88,0.7703451952552312
diabetes,sa,6,6,89,0.7703451952552312
diabetes,sa,6,6,90,0.7703451952552312
diabetes,sa,6,6,91,0.7703451952552312
diabetes,sa,6,6,92,0.7719445555111288
diabetes,sa,6,6,93,0.7719445555111288
diabetes,sa,6,6,94,0.7735705717712915
diabetes,sa,6,6,95,0.7735705717712915
diabetes,sa,6,6,96,0.7735705717712915
diabetes,sa,6,6,97,0.7735705717712915
diabetes,sa,6,6,98,0.7735705717712915
diabetes,sa,6,6,99,0.7735705717712915
diabetes,sa,6,6,100,0.7735705717712915
diabetes,grid,7,7,1,0.6514727442356391
diabetes,grid,7,7,2,0.6514727442356391
diabetes,grid,7,7,3,0.6514727442356391
diabetes,grid,7,7,4,0.6514727442356391
diabetes,grid,7,7,5,0.6514727442356391
diabetes,grid,7,7,6,0.6514727442356391
diabetes,grid,7,7,7,0.6514727442356391
diabetes,grid,7,7,8,0.6514727442356391
diabetes,grid,7,7,9,0.6514727442356391
diabetes,grid,7,7,10,0.6514727442356391
diabetes,grid,7,7,11,0.6514727442356391
diabetes,grid,7,7,12,0.6514727442356391
diabetes,grid,7,7,13,0.6514727442356391
diabetes,grid,7,7,14,0.6514727442356391
diabetes,grid,7,7,15,0.6514727442356391
diabetes,grid,7,7,16,0.7557510329201652
diabetes,grid,7,7,17,0.7557510329201652
diabetes,grid,7,7,18,0.7557510329201652
diabetes,grid,7,7,19,0.7557510329201652
diabetes,grid,7,7,20,0.7557510329201652
diabetes,grid,7,7,21,0.7557510329201652
diabetes,grid,7,7,22,0.7557510329201652
diabetes,grid,7,7,23,0.7557510329201652
diabetes,grid,7,7,24,0.7557510329201652
diabetes,grid,7,7,25,0.767119818739171
diabetes,grid,7,7,26,0.776862588298014
diabetes,grid,7,7,27,0.776862588298014
diabetes,grid,7,7,28,0.776862588298014
diabetes,grid,7,7,29,0.776862588298014
diabetes,grid,7,7,30,0.776862588298014
diabetes,grid,7,7,31,0.776862588298014
diabetes,grid,7,7,32,0.776862588298014
diabetes,grid,7,7,33,0.776862588298014
diabetes,grid,7,7,34,0.776862588298014
diabetes,grid,7,7,35,0.776862588298014
diabetes,grid,7,7,36,0.776862588298014
diabetes,grid,7,7,37,0.776862588298014
diabetes,grid,7,7,38,0.776862588298014
diabetes,grid,7,7,39,0.776862588298014
diabetes,grid,7,7,40,0.776862588298014
diabetes,grid,7,7,41,0.776862588298014
diabetes,grid,7,7,42,0.776862588298014
diabetes,grid,7,7,43,0.776862588298014
diabetes,grid,7,7,44,0.776862588298014
diabetes,grid,7,7,45,0.776862588298014
diabetes,grid,7,7,46,0.776862588298014
diabetes,grid,7,7,47,0.776862588298014
diabetes,grid,7,7,48,0.776862588298014
diabetes,grid,7,7,49,0.776862588298014
diabetes,grid,7,7,50,0.776862588298014
diabetes,grid,7,7,51,0.776862588298014
diabetes,grid,7,7,52,0.776862588298014
diabetes,grid,7,7,53,0.776862588298014
diabetes,grid,7,7,54,0.7768892443022791
diabetes,grid,7,7,55,0.7768892443022791
diabetes,grid,7,7,56,0.7768892443022791
diabetes,grid,7,7,57,0.7768892443022791
diabetes,grid,7,7,58,0.7768892443022791
diabetes,grid,7,7,59,0.7768892443022791
diabetes,grid,7,7,60,0.7768892443022791
diabetes,grid,7,7,61,0.7768892443022791
diabetes,grid,7,7,62,0.7768892443022791
diabetes,grid,7,7,63,0.7768892443022791
diabetes,grid,7,7,64,0.7768892443022791
diabetes,grid,7,7,65,0.7768892443022791
diabetes,grid,7,7,66,0.7768892443022791
diabetes,grid,7,7,67,0.7768892443022791
diabetes,grid,7,7,68,0.7768892443022791
diabetes,grid,7,7,69,0.7768892443022791
diabetes,grid,7,7,70,0.7768892443022791
diabetes,grid,7,7,71,0.7768892443022791
diabetes,grid,7,7,72,0.7768892443022791
diabetes,grid,7,7,73,0.7785285885645742
diabetes,grid,7,7,74,0.7785285885645742
diabetes,grid,7,7,75,0.7785285885645742
diabetes,grid,7,7,76,0.7785285885645742
diabetes,grid,7,7,77,0.7785285885645742
diabetes,grid,7,7,78,0.7785285885645742
diabetes,grid,7,7,79,0.7785285885645742
diabetes,grid,7,7,80,0.7785285885645742
diabetes,grid,7,7,81,0.7785285885645742
diabetes,grid,7,7,82,0.7785285885645742
diabetes,grid,7,7,83,0.7785285885645742
diabetes,grid,7,7,84,0.7785285885645742
diabetes,grid,7,7,85,0.7785285885645742
diabetes,grid,7,7,86,0.7785285885645742
diabetes,grid,7,7,87,0.7785285885645742
diabetes,grid,7,7,88,0.7785285885645742
diabetes,grid,7,7,89,0.7785285885645742
diabetes,grid,7,7,90,0.7785285885645742
diabetes,grid,7,7,91,0.7785285885645742
diabetes,grid,7,7,92,0.7785285885645742
diabetes,grid,7,7,93,0.7785285885645742
diabetes,grid,7,7,94,0.7785285885645742
diabetes,grid,7,7,95,0.7785285885645742
diabetes,grid,7,7,96,0.7785285885645742
diabetes,grid,7,7,97,0.7785285885645742
diabetes,grid,7,7,98,0.7785285885645742
diabetes,grid,7,7,99,0.7785285885645742
diabetes,grid,7,7,100,0.7785285885645742
diabetes,random,7,7,1,0.6872717579634812
diabetes,random,7,7,2,0.7540717046514728
diabetes,random,7,7,3,0.7540717046514728
diabetes,random,7,7,4,0.7540717046514728
diabetes,random,7,7,5,0.7589364254298281
diabetes,random,7,7,6,0.7589364254298281
diabetes,random,7,7,7,0.7589364254298281
diabetes,random,7,7,8,0.7589364254298281
diabetes,random,7,7,9,0.7589364254298281
diabetes,random,7,7,10,0.7589364254298281
diabetes,random,7,7,11,0.7589364254298281
diabetes,random,7,7,12,0.7589364254298281
diabetes,random,7,7,13,0.7622284419565506
diabetes,random,7,7,14,0.7622284419565506
diabetes,random,7,7,15,0.7720111955217912
diabetes,random,7,7,16,0.7720111955217912
diabetes,random,7,7,17,0.7720111955217912
diabetes,random,7,7,18,0.7720111955217912
diabetes,random,7,7,19,0.7720111955217912
diabetes,random,7,7,20,0.7720111955217912
diabetes,random,7,7,21,0.7720245235239237
diabetes,random,7,7,22,0.7720245235239237
diabetes,random,7,7,23,0.7720245235239237
diabetes,random,7,7,24,0.7720245235239237
diabetes,random,7,7,25,0.7720245235239237
diabetes,random,7,7,26,0.7720245235239237
diabetes,random,7,7,27,0.7801412768226043
diabetes,random,7,7,28,0.7801412768226043
diabetes,random,7,7,29,0.7801412768226043
diabetes,random,7,7,30,0.7801412768226043
diabetes,random,7,7,31,0.7801412768226043
diabetes,random,7,7,32,0.7801412768226043
diabetes,random,7,7,33,0.7801412768226043
diabetes,random,7,7,34,0.7801412768226043
diabetes,random,7,7,35,0.7801412768226043
diabetes,random,7,7,36,0.7801412768226043
diabetes,random,7,7,37,0.7801412768226043
diabetes,random,7,7,38,0.7801412768226043
diabetes,random,7,7,39,0.7801412768226043
diabetes,random,7,7,40,0.7801412768226043
diabetes,random,7,7,41,0.7801412768226043
diabetes,random,7,7,42,0.7801412768226043
diabetes,random,7,7,43,0.7801412768226043
diabetes,random,7,7,44,0.7801412768226043
diabetes,random,7,7,45,0.7801412768226043
diabetes,random,7,7,46,0.7801412768226043
diabetes,random,7,7,47,0.7801412768226043
diabetes,random,7,7,48,0.7801412768226043
diabetes,random,7,7,49,0.7801412768226043
diabetes,random,7,7,50,0.7801412768226043
diabetes,random,7,7,51,0.7801412768226043
diabetes,random,7,7,52,0.7801412768226043
diabetes,random,7,7,53,0.7801412768226043
diabetes,random,7,7,54,0.7801412768226043
diabetes,random,7,7,55,0.7801412768226043
diabetes,random,7,7,56,0.7801412768226043
diabetes,random,7,7,57,0.7801412768226043
diabetes,random,7,7,58,0.7801412768226043
diabetes,random,7,7,59,0.7801412768226043
diabetes,random,7,7,60,0.7801412768226043
diabetes,random,7,7,61,0.7801412768226043
diabetes,random,7,7,62,0.7801412768226043
diabetes,random,7,7,63,0.7801412768226043
diabetes,random,7,7,64,0.7801412768226043
diabetes,random,7,7,65,0.7801412768226043
diabetes,random,7,7,66,0.7801412768226043
diabetes,random,7,7,67,0.7801412768226043
diabetes,random,7,7,68,0.7801412768226043
diabetes,random,7,7,69,0.7801412768226043
diabetes,random,7,7,70,0.7801412768226043
diabetes,random,7,7,71,0.7801412768226043
diabetes,random,7,7,72,0.7801412768226043
diabetes,random,7,7,73,0.7801412768226043
diabetes,random,7,7,74,0.7801412768226043
diabetes,random,7,7,75,0.7801412768226043
diabetes,random,7,7,76,0.7801412768226043
diabetes,random,7,7,77,0.7801412768226043
diabetes,random,7,7,78,0.7801412768226043
diabetes,random,7,7,79,0.7801412768226043
diabetes,random,7,7,80,0.7801412768226043
diabetes,random,7,7,81,0.7801412768226043
diabetes,random,7,7,82,0.7801412768226043
diabetes,random,7,7,83,0.7801412768226043
diabetes,random,7,7,84,0.7801412768226043
diabetes,random,7,7,85,0.7801412768226043
diabetes,random,7,7,86,0.7801412768226043
diabetes,random,7,7,87,0.7801412768226043
diabetes,random,7,7,88,0.7801412768226043
diabetes,random,7,7,89,0.7801412768226043
diabetes,random,7,7,90,0.7801412768226043
diabetes,random,7,7,91,0.7801412768226043
diabetes,random,7,7,92,0.7801412768226043
diabetes,random,7,7,93,0.7801412768226043
diabetes,random,7,7,94,0.7801412768226043
diabetes,random,7,7,95,0.7801412768226043
diabetes,random,7,7,96,0.7801412768226043
diabetes,random,7,7,97,0.7801412768226043
diabetes,random,7,7,98,0.7801412768226043
diabetes,random,7,7,99,0.7801412768226043
diabetes,random,7,7,100,0.7801412768226043
diabetes,bo_tpe,7,7,1,0.6872717579634812
diabetes,bo_tpe,7,7,2,0.7540717046514728
diabetes,bo_tpe,7,7,3,0.7540717046514728
diabetes,bo_tpe,7,7,4,0.7540717046514728
diabetes,bo_tpe,7,7,5,0.7589364254298281
diabetes,bo_tpe,7,7,6,0.7589364254298281
diabetes,bo_tpe,7,7,7,0.7589364254298281
diabetes,bo_tpe,7,7,8,0.7589364254298281
diabetes,bo_tpe,7,7,9,0.7589364254298281
diabetes,bo_tpe,7,7,10,0.7589364254298281
diabetes,bo_tpe,7,7,11,0.7720511795281888
diabetes,bo_tpe,7,7,12,0.7736771957883513
diabetes,bo_tpe,7,7,13,0.7736771957883513
diabetes,bo_tpe,7,7,14,0.7785285885645742
diabetes,bo_tpe,7,7,15,0.7785285885645742
diabetes,bo_tpe,7,7,16,0.7785285885645742
diabetes,bo_tpe,7,7,17,0.7785285885645742
diabetes,bo_tpe,7,7,18,0.7785285885645742
diabetes,bo_tpe,7,7,19,0.7785285885645742
diabetes,bo_tpe,7,7,20,0.7785285885645742
diabetes,bo_tpe,7,7,21,0.7785285885645742
diabetes,bo_tpe,7,7,22,0.7785285885645742
diabetes,bo_tpe,7,7,23,0.7785285885645742
diabetes,bo_tpe,7,7,24,0.7785285885645742
diabetes,bo_tpe,7,7,25,0.7785285885645742
diabetes,bo_tpe,7,7,26,0.7785285885645742
diabetes,bo_tpe,7,7,27,0.7785285885645742
diabetes,bo_tpe,7,7,28,0.7785285885645742
diabetes,bo_tpe,7,7,29,0.7785285885645742
diabetes,bo_tpe,7,7,30,0.7785285885645742
diabetes,bo_tpe,7,7,31,0.7785285885645742
diabetes,bo_tpe,7,7,32,0.7785285885645742
diabetes,bo_tpe,7,7,33,0.7785285885645742
diabetes,bo_tpe,7,7,34,0.7785285885645742
diabetes,bo_tpe,7,7,35,0.7785285885645742
diabetes,bo_tpe,7,7,36,0.7785285885645742
diabetes,bo_tpe,7,7,37,0.7785285885645742
diabetes,bo_tpe,7,7,38,0.7785285885645742
diabetes,bo_tpe,7,7,39,0.7785285885645742
diabetes,bo_tpe,7,7,40,0.7785285885645742
diabetes,bo_tpe,7,7,41,0.7785285885645742
diabetes,bo_tpe,7,7,42,0.7785285885645742
diabetes,bo_tpe,7,7,43,0.7785285885645742
diabetes,bo_tpe,7,7,44,0.7785285885645742
diabetes,bo_tpe,7,7,45,0.7785285885645742
diabetes,bo_tpe,7,7,46,0.7785285885645742
diabetes,bo_tpe,7,7,47,0.7817806210848992
diabetes,bo_tpe,7,7,48,0.7817806210848992
diabetes,bo_tpe,7,7,49,0.7817806210848992
diabetes,bo_tpe,7,7,50,0.7817806210848992
diabetes,bo_tpe,7,7,51,0.7817806210848992
diabetes,bo_tpe,7,7,52,0.7817806210848992
diabetes,bo_tpe,7,7,53,0.7817806210848992
diabetes,bo_tpe,7,7,54,0.7817806210848992
diabetes,bo_tpe,7,7,55,0.7817806210848992
diabetes,bo_tpe,7,7,56,0.7817806210848992
diabetes,bo_tpe,7,7,57,0.7817806210848992
diabetes,bo_tpe,7,7,58,0.7817806210848992
diabetes,bo_tpe,7,7,59,0.7817806210848992
diabetes,bo_tpe,7,7,60,0.7817806210848992
diabetes,bo_tpe,7,7,61,0.7817806210848992
diabetes,bo_tpe,7,7,62,0.7817806210848992
diabetes,bo_tpe,7,7,63,0.7817806210848992
diabetes,bo_tpe,7,7,64,0.7817806210848992
diabetes,bo_tpe,7,7,65,0.7817806210848992
diabetes,bo_tpe,7,7,66,0.7817806210848992
diabetes,bo_tpe,7,7,67,0.7817806210848992
diabetes,bo_tpe,7,7,68,0.7817806210848992
diabetes,bo_tpe,7,7,69,0.7817806210848992
diabetes,bo_tpe,7,7,70,0.7817806210848992
diabetes,bo_tpe,7,7,71,0.7817806210848992
diabetes,bo_tpe,7,7,72,0.7817806210848992
diabetes,bo_tpe,7,7,73,0.7817806210848992
diabetes,bo_tpe,7,7,74,0.7817806210848992
diabetes,bo_tpe,7,7,75,0.7817806210848992
diabetes,bo_tpe,7,7,76,0.7817806210848992
diabetes,bo_tpe,7,7,77,0.7817806210848992
diabetes,bo_tpe,7,7,78,0.7817806210848992
diabetes,bo_tpe,7,7,79,0.7817806210848992
diabetes,bo_tpe,7,7,80,0.7817806210848992
diabetes,bo_tpe,7,7,81,0.7817806210848992
diabetes,bo_tpe,7,7,82,0.7817806210848992
diabetes,bo_tpe,7,7,83,0.7817806210848992
diabetes,bo_tpe,7,7,84,0.7817806210848992
diabetes,bo_tpe,7,7,85,0.7817806210848992
diabetes,bo_tpe,7,7,86,0.7817806210848992
diabetes,bo_tpe,7,7,87,0.7817806210848992
diabetes,bo_tpe,7,7,88,0.7817806210848992
diabetes,bo_tpe,7,7,89,0.7817806210848992
diabetes,bo_tpe,7,7,90,0.7817806210848992
diabetes,bo_tpe,7,7,91,0.7817806210848992
diabetes,bo_tpe,7,7,92,0.7817806210848992
diabetes,bo_tpe,7,7,93,0.7817806210848992
diabetes,bo_tpe,7,7,94,0.7817806210848992
diabetes,bo_tpe,7,7,95,0.7817806210848992
diabetes,bo_tpe,7,7,96,0.7817806210848992
diabetes,bo_tpe,7,7,97,0.7817806210848992
diabetes,bo_tpe,7,7,98,0.7817806210848992
diabetes,bo_tpe,7,7,99,0.7817806210848992
diabetes,bo_tpe,7,7,100,0.7817806210848992
diabetes,pso,7,7,1,0.7752765560442489
diabetes,pso,7,7,2,0.7752765560442489
diabetes,pso,7,7,3,0.7752765560442489
diabetes,pso,7,7,4,0.7752765560442489
diabetes,pso,7,7,5,0.7752765560442489
diabetes,pso,7,7,6,0.7752765560442489
diabetes,pso,7,7,7,0.7752765560442489
diabetes,pso,7,7,8,0.7752765560442489
diabetes,pso,7,7,9,0.7752765560442489
diabetes,pso,7,7,10,0.7769025723044115
diabetes,pso,7,7,11,0.7769025723044115
diabetes,pso,7,7,12,0.7769025723044115
diabetes,pso,7,7,13,0.7769025723044115
diabetes,pso,7,7,14,0.7769025723044115
diabetes,pso,7,7,15,0.7769025723044115
diabetes,pso,7,7,16,0.7817806210848993
diabetes,pso,7,7,17,0.7817806210848993
diabetes,pso,7,7,18,0.7817806210848993
diabetes,pso,7,7,19,0.7817806210848993
diabetes,pso,7,7,20,0.7817806210848993
diabetes,pso,7,7,21,0.7817806210848993
diabetes,pso,7,7,22,0.7817806210848993
diabetes,pso,7,7,23,0.7817806210848993
diabetes,pso,7,7,24,0.7817806210848993
diabetes,pso,7,7,25,0.7817806210848993
diabetes,pso,7,7,26,0.7817806210848993
diabetes,pso,7,7,27,0.7817806210848993
diabetes,pso,7,7,28,0.7817806210848993
diabetes,pso,7,7,29,0.7817806210848993
diabetes,pso,7,7,30,0.7817806210848993
diabetes,pso,7,7,31,0.7817806210848993
diabetes,pso,7,7,32,0.7817806210848993
diabetes,pso,7,7,33,0.7817806210848993
diabetes,pso,7,7,34,0.7817806210848993
diabetes,pso,7,7,35,0.7817806210848993
diabetes,pso,7,7,36,0.7817806210848993
diabetes,pso,7,7,37,0.7817806210848993
diabetes,pso,7,7,38,0.7817806210848993
diabetes,pso,7,7,39,0.7817806210848993
diabetes,pso,7,7,40,0.7817806210848993
diabetes,pso,7,7,41,0.7817806210848993
diabetes,pso,7,7,42,0.7817806210848993
diabetes,pso,7,7,43,0.7817806210848993
diabetes,pso,7,7,44,0.7817806210848993
diabetes,pso,7,7,45,0.7817806210848993
diabetes,pso,7,7,46,0.7817806210848993
diabetes,pso,7,7,47,0.7817806210848993
diabetes,pso,7,7,48,0.7817806210848993
diabetes,pso,7,7,49,0.7817806210848993
diabetes,pso,7,7,50,0.7817806210848993
diabetes,pso,7,7,51,0.7817806210848993
diabetes,pso,7,7,52,0.7817806210848993
diabetes,pso,7,7,53,0.7817806210848993
diabetes,pso,7,7,54,0.7817806210848993
diabetes,pso,7,7,55,0.7817806210848993
diabetes,pso,7,7,56,0.7817806210848993
diabetes,pso,7,7,57,0.7817806210848993
diabetes,pso,7,7,58,0.7817806210848993
diabetes,pso,7,7,59,0.7817806210848993
diabetes,pso,7,7,60,0.7817806210848993
diabetes,pso,7,7,61,0.7817806210848993
diabetes,pso,7,7,62,0.7817806210848993
diabetes,pso,7,7,63,0.7817806210848993
diabetes,pso,7,7,64,0.7817806210848993
diabetes,pso,7,7,65,0.7817806210848993
diabetes,pso,7,7,66,0.7817806210848993
diabetes,pso,7,7,67,0.7817806210848993
diabetes,pso,7,7,68,0.7817806210848993
diabetes,pso,7,7,69,0.7817806210848993
diabetes,pso,7,7,70,0.7817806210848993
diabetes,pso,7,7,71,0.7817806210848993
diabetes,pso,7,7,72,0.7817806210848993
diabetes,pso,7,7,73,0.7817806210848993
diabetes,pso,7,7,74,0.7817806210848993
diabetes,pso,7,7,75,0.7817806210848993
diabetes,pso,7,7,76,0.7817806210848993
diabetes,pso,7,7,77,0.7817806210848993
diabetes,pso,7,7,78,0.7817806210848993
diabetes,pso,7,7,79,0.7817806210848993
diabetes,pso,7,7,80,0.7817806210848993
diabetes,pso,7,7,81,0.7817806210848993
diabetes,pso,7,7,82,0.7817806210848993
diabetes,pso,7,7,83,0.7817806210848993
diabetes,pso,7,7,84,0.7817806210848993
diabetes,pso,7,7,85,0.7817806210848993
diabetes,pso,7,7,86,0.7817806210848993
diabetes,pso,7,7,87,0.7817806210848993
diabetes,pso,7,7,88,0.7817806210848993
diabetes,pso,7,7,89,0.7817806210848993
diabetes,pso,7,7,90,0.7817806210848993
diabetes,pso,7,7,91,0.7817806210848993
diabetes,pso,7,7,92,0.7817806210848993
diabetes,pso,7,7,93,0.7817806210848993
diabetes,pso,7,7,94,0.7817806210848993
diabetes,pso,7,7,95,0.7817806210848993
diabetes,pso,7,7,96,0.7817806210848993
diabetes,pso,7,7,97,0.7817806210848993
diabetes,pso,7,7,98,0.7817806210848993
diabetes,pso,7,7,99,0.7817806210848993
diabetes,pso,7,7,100,0.7817806210848993
diabetes,de,7,7,1,0.7769025723044115
diabetes,de,7,7,2,0.7769025723044115
diabetes,de,7,7,3,0.7769025723044115
diabetes,de,7,7,4,0.7769025723044115
diabetes,de,7,7,5,0.7769025723044115
diabetes,de,7,7,6,0.7769025723044115
diabetes,de,7,7,7,0.7769025723044115
diabetes,de,7,7,8,0.7769025723044115
diabetes,de,7,7,9,0.7769025723044115
diabetes,de,7,7,10,0.7769025723044115
diabetes,de,7,7,11,0.7769025723044115
diabetes,de,7,7,12,0.7769025723044115
diabetes,de,7,7,13,0.7769025723044115
diabetes,de,7,7,14,0.7769025723044115
diabetes,de,7,7,15,0.7769025723044115
diabetes,de,7,7,16,0.7769025723044115
diabetes,de,7,7,17,0.7769025723044115
diabetes,de,7,7,18,0.7769025723044115
diabetes,de,7,7,19,0.7769025723044115
diabetes,de,7,7,20,0.7769025723044115
diabetes,de,7,7,21,0.7769025723044115
diabetes,de,7,7,22,0.7769025723044115
diabetes,de,7,7,23,0.7769025723044115
diabetes,de,7,7,24,0.7769025723044115
diabetes,de,7,7,25,0.7769025723044115
diabetes,de,7,7,26,0.7769025723044115
diabetes,de,7,7,27,0.7769025723044115
diabetes,de,7,7,28,0.7769025723044115
diabetes,de,7,7,29,0.7769025723044115
diabetes,de,7,7,30,0.7769025723044115
diabetes,de,7,7,31,0.7769025723044115
diabetes,de,7,7,32,0.7769025723044115
diabetes,de,7,7,33,0.7769025723044115
diabetes,de,7,7,34,0.7769025723044115
diabetes,de,7,7,35,0.7769025723044115
diabetes,de,7,7,36,0.7769025723044115
diabetes,de,7,7,37,0.7769025723044115
diabetes,de,7,7,38,0.7769025723044115
diabetes,de,7,7,39,0.7769025723044115
diabetes,de,7,7,40,0.7769025723044115
diabetes,de,7,7,41,0.7785419165667067
diabetes,de,7,7,42,0.7785419165667067
diabetes,de,7,7,43,0.7785419165667067
diabetes,de,7,7,44,0.7785419165667067
diabetes,de,7,7,45,0.7785419165667067
diabetes,de,7,7,46,0.7785419165667067
diabetes,de,7,7,47,0.7785419165667067
diabetes,de,7,7,48,0.7785419165667067
diabetes,de,7,7,49,0.7785419165667067
diabetes,de,7,7,50,0.7785419165667067
diabetes,de,7,7,51,0.7785419165667067
diabetes,de,7,7,52,0.7785419165667067
diabetes,de,7,7,53,0.7785419165667067
diabetes,de,7,7,54,0.7785419165667067
diabetes,de,7,7,55,0.7785419165667067
diabetes,de,7,7,56,0.7785419165667067
diabetes,de,7,7,57,0.7785419165667067
diabetes,de,7,7,58,0.7785419165667067
diabetes,de,7,7,59,0.7785419165667067
diabetes,de,7,7,60,0.7785419165667067
diabetes,de,7,7,61,0.7785419165667067
diabetes,de,7,7,62,0.7785419165667067
diabetes,de,7,7,63,0.7785419165667067
diabetes,de,7,7,64,0.7785419165667067
diabetes,de,7,7,65,0.7785419165667067
diabetes,de,7,7,66,0.7785419165667067
diabetes,de,7,7,67,0.7785419165667067
diabetes,de,7,7,68,0.7785419165667067
diabetes,de,7,7,69,0.7785419165667067
diabetes,de,7,7,70,0.7785419165667067
diabetes,de,7,7,71,0.7785419165667067
diabetes,de,7,7,72,0.7785419165667067
diabetes,de,7,7,73,0.7785419165667067
diabetes,de,7,7,74,0.7785419165667067
diabetes,de,7,7,75,0.7785419165667067
diabetes,de,7,7,76,0.7785419165667067
diabetes,de,7,7,77,0.7785419165667067
diabetes,de,7,7,78,0.7785419165667067
diabetes,de,7,7,79,0.7785419165667067
diabetes,de,7,7,80,0.7785419165667067
diabetes,de,7,7,81,0.7785419165667067
diabetes,de,7,7,82,0.7785419165667067
diabetes,de,7,7,83,0.7785419165667067
diabetes,de,7,7,84,0.7785419165667067
diabetes,de,7,7,85,0.7785419165667067
diabetes,de,7,7,86,0.7785419165667067
diabetes,de,7,7,87,0.7785419165667067
diabetes,de,7,7,88,0.7785419165667067
diabetes,de,7,7,89,0.7785419165667067
diabetes,de,7,7,90,0.7785419165667067
diabetes,de,7,7,91,0.7785419165667067
diabetes,de,7,7,92,0.7785419165667067
diabetes,de,7,7,93,0.7785419165667067
diabetes,de,7,7,94,0.7785419165667067
diabetes,de,7,7,95,0.7785419165667067
diabetes,de,7,7,96,0.7785419165667067
diabetes,de,7,7,97,0.7785419165667067
diabetes,de,7,7,98,0.7785419165667067
diabetes,de,7,7,99,0.7785419165667067
diabetes,de,7,7,100,0.7785419165667067
diabetes,ga,7,7,1,0.7769025723044115
diabetes,ga,7,7,2,0.7769025723044115
diabetes,ga,7,7,3,0.7769025723044115
diabetes,ga,7,7,4,0.7769025723044115
diabetes,ga,7,7,5,0.7769025723044115
diabetes,ga,7,7,6,0.7769025723044115
diabetes,ga,7,7,7,0.7769025723044115
diabetes,ga,7,7,8,0.7769025723044115
diabetes,ga,7,7,9,0.7769025723044115
diabetes,ga,7,7,10,0.7769025723044115
diabetes,ga,7,7,11,0.7769025723044115
diabetes,ga,7,7,12,0.7769025723044115
diabetes,ga,7,7,13,0.7769025723044115
diabetes,ga,7,7,14,0.7769025723044115
diabetes,ga,7,7,15,0.7769025723044115
diabetes,ga,7,7,16,0.7769025723044115
diabetes,ga,7,7,17,0.7769025723044115
diabetes,ga,7,7,18,0.7769025723044115
diabetes,ga,7,7,19,0.7769025723044115
diabetes,ga,7,7,20,0.7769025723044115
diabetes,ga,7,7,21,0.7769025723044115
diabetes,ga,7,7,22,0.7769025723044115
diabetes,ga,7,7,23,0.7769025723044115
diabetes,ga,7,7,24,0.7769025723044115
diabetes,ga,7,7,25,0.7769025723044115
diabetes,ga,7,7,26,0.7769025723044115
diabetes,ga,7,7,27,0.7769025723044115
diabetes,ga,7,7,28,0.7769025723044115
diabetes,ga,7,7,29,0.7769025723044115
diabetes,ga,7,7,30,0.7769025723044115
diabetes,ga,7,7,31,0.7769025723044115
diabetes,ga,7,7,32,0.7769025723044115
diabetes,ga,7,7,33,0.7769025723044115
diabetes,ga,7,7,34,0.7769025723044115
diabetes,ga,7,7,35,0.7769025723044115
diabetes,ga,7,7,36,0.7769025723044115
diabetes,ga,7,7,37,0.7769025723044115
diabetes,ga,7,7,38,0.7769025723044115
diabetes,ga,7,7,39,0.7769025723044115
diabetes,ga,7,7,40,0.7769025723044115
diabetes,ga,7,7,41,0.7769025723044115
diabetes,ga,7,7,42,0.7769025723044115
diabetes,ga,7,7,43,0.7769025723044115
diabetes,ga,7,7,44,0.7769025723044115
diabetes,ga,7,7,45,0.7769025723044116
diabetes,ga,7,7,46,0.7769025723044116
diabetes,ga,7,7,47,0.7769025723044116
diabetes,ga,7,7,48,0.7769025723044116
diabetes,ga,7,7,49,0.7769025723044116
diabetes,ga,7,7,50,0.7769025723044116
diabetes,ga,7,7,51,0.7769025723044116
diabetes,ga,7,7,52,0.7769025723044116
diabetes,ga,7,7,53,0.7769025723044116
diabetes,ga,7,7,54,0.7769025723044116
diabetes,ga,7,7,55,0.7769025723044116
diabetes,ga,7,7,56,0.7769025723044116
diabetes,ga,7,7,57,0.7769025723044116
diabetes,ga,7,7,58,0.7769025723044116
diabetes,ga,7,7,59,0.7769025723044116
diabetes,ga,7,7,60,0.7769025723044116
diabetes,ga,7,7,61,0.7769025723044116
diabetes,ga,7,7,62,0.7769025723044116
diabetes,ga,7,7,63,0.7769025723044116
diabetes,ga,7,7,64,0.7769025723044116
diabetes,ga,7,7,65,0.7769025723044116
diabetes,ga,7,7,66,0.7769025723044116
diabetes,ga,7,7,67,0.7769025723044116
diabetes,ga,7,7,68,0.7769025723044116
diabetes,ga,7,7,69,0.7769025723044116
diabetes,ga,7,7,70,0.7769025723044116
diabetes,ga,7,7,71,0.7769025723044116
diabetes,ga,7,7,72,0.7769025723044116
diabetes,ga,7,7,73,0.7769025723044116
diabetes,ga,7,7,74,0.7769025723044116
diabetes,ga,7,7,75,0.7769025723044116
diabetes,ga,7,7,76,0.7785285885645742
diabetes,ga,7,7,77,0.7785285885645742
diabetes,ga,7,7,78,0.7785285885645742
diabetes,ga,7,7,79,0.7785285885645742
diabetes,ga,7,7,80,0.7785285885645742
diabetes,ga,7,7,81,0.7785285885645742
diabetes,ga,7,7,82,0.7785285885645742
diabetes,ga,7,7,83,0.7785285885645742
diabetes,ga,7,7,84,0.7785285885645742
diabetes,ga,7,7,85,0.7785285885645742
diabetes,ga,7,7,86,0.7785285885645742
diabetes,ga,7,7,87,0.7785285885645742
diabetes,ga,7,7,88,0.7785285885645742
diabetes,ga,7,7,89,0.7785285885645742
diabetes,ga,7,7,90,0.7785285885645742
diabetes,ga,7,7,91,0.7785285885645742
diabetes,ga,7,7,92,0.7785285885645742
diabetes,ga,7,7,93,0.7785285885645742
diabetes,ga,7,7,94,0.7785285885645742
diabetes,ga,7,7,95,0.7785285885645742
diabetes,ga,7,7,96,0.7785285885645742
diabetes,ga,7,7,97,0.7785285885645742
diabetes,ga,7,7,98,0.7785285885645742
diabetes,ga,7,7,99,0.7785285885645742
diabetes,ga,7,7,100,0.7785285885645742
diabetes,sa,7,7,1,0.6872717579634812
diabetes,sa,7,7,2,0.6872717579634812
diabetes,sa,7,7,3,0.6872717579634812
diabetes,sa,7,7,4,0.6872717579634812
diabetes,sa,7,7,5,0.6872717579634812
diabetes,sa,7,7,6,0.6872717579634812
diabetes,sa,7,7,7,0.6872717579634812
diabetes,sa,7,7,8,0.6872717579634812
diabetes,sa,7,7,9,0.6872717579634812
diabetes,sa,7,7,10,0.6872717579634812
diabetes,sa,7,7,11,0.6872717579634812
diabetes,sa,7,7,12,0.6872717579634812
diabetes,sa,7,7,13,0.6872717579634812
diabetes,sa,7,7,14,0.6872717579634812
diabetes,sa,7,7,15,0.6872717579634812
diabetes,sa,7,7,16,0.6872717579634812
diabetes,sa,7,7,17,0.6872717579634812
diabetes,sa,7,7,18,0.6872717579634812
diabetes,sa,7,7,19,0.6872717579634812
diabetes,sa,7,7,20,0.6872717579634812
diabetes,sa,7,7,21,0.6872717579634812
diabetes,sa,7,7,22,0.6872717579634812
diabetes,sa,7,7,23,0.6872717579634812
diabetes,sa,7,7,24,0.6872717579634812
diabetes,sa,7,7,25,0.70843662534986
diabetes,sa,7,7,26,0.70843662534986
diabetes,sa,7,7,27,0.70843662534986
diabetes,sa,7,7,28,0.70843662534986
diabetes,sa,7,7,29,0.70843662534986
diabetes,sa,7,7,30,0.7215247234439558
diabetes,sa,7,7,31,0.7410235905637744
diabetes,sa,7,7,32,0.7410235905637744
diabetes,sa,7,7,33,0.749193655870985
diabetes,sa,7,7,34,0.749193655870985
diabetes,sa,7,7,35,0.749193655870985
diabetes,sa,7,7,36,0.749193655870985
diabetes,sa,7,7,37,0.7524456883913102
diabetes,sa,7,7,38,0.7524456883913102
diabetes,sa,7,7,39,0.7524456883913102
diabetes,sa,7,7,40,0.7524456883913102
diabetes,sa,7,7,41,0.7557110489137678
diabetes,sa,7,7,42,0.7557110489137678
diabetes,sa,7,7,43,0.7557110489137678
diabetes,sa,7,7,44,0.7557110489137678
diabetes,sa,7,7,45,0.7557110489137678
diabetes,sa,7,7,46,0.7557110489137678
diabetes,sa,7,7,47,0.7557110489137678
diabetes,sa,7,7,48,0.7557110489137678
diabetes,sa,7,7,49,0.7557110489137678
diabetes,sa,7,7,50,0.7638411302145808
diabetes,sa,7,7,51,0.7638411302145808
diabetes,sa,7,7,52,0.7638411302145808
diabetes,sa,7,7,53,0.7638411302145808
diabetes,sa,7,7,54,0.7638411302145808
diabetes,sa,7,7,55,0.7638411302145808
diabetes,sa,7,7,56,0.7638411302145808
diabetes,sa,7,7,57,0.7638411302145808
diabetes,sa,7,7,58,0.7736372117819539
diabetes,sa,7,7,59,0.7736372117819539
diabetes,sa,7,7,60,0.7736372117819539
diabetes,sa,7,7,61,0.7736372117819539
diabetes,sa,7,7,62,0.7736372117819539
diabetes,sa,7,7,63,0.7736372117819539
diabetes,sa,7,7,64,0.7736372117819539
diabetes,sa,7,7,65,0.7736372117819539
diabetes,sa,7,7,66,0.7736372117819539
diabetes,sa,7,7,67,0.7736372117819539
diabetes,sa,7,7,68,0.7736372117819539
diabetes,sa,7,7,69,0.7736372117819539
diabetes,sa,7,7,70,0.7736372117819539
diabetes,sa,7,7,71,0.7736372117819539
diabetes,sa,7,7,72,0.7785419165667067
diabetes,sa,7,7,73,0.7785419165667067
diabetes,sa,7,7,74,0.7785419165667067
diabetes,sa,7,7,75,0.7785419165667067
diabetes,sa,7,7,76,0.7785419165667067
diabetes,sa,7,7,77,0.7785419165667067
diabetes,sa,7,7,78,0.7785419165667067
diabetes,sa,7,7,79,0.7785419165667067
diabetes,sa,7,7,80,0.7785419165667067
diabetes,sa,7,7,81,0.7785419165667067
diabetes,sa,7,7,82,0.7785419165667067
diabetes,sa,7,7,83,0.7785419165667067
diabetes,sa,7,7,84,0.7785419165667067
diabetes,sa,7,7,85,0.7785419165667067
diabetes,sa,7,7,86,0.7785419165667067
diabetes,sa,7,7,87,0.7785419165667067
diabetes,sa,7,7,88,0.7785419165667067
diabetes,sa,7,7,89,0.7785419165667067
diabetes,sa,7,7,90,0.7785419165667067
diabetes,sa,7,7,91,0.7785419165667067
diabetes,sa,7,7,92,0.7785419165667067
diabetes,sa,7,7,93,0.7785419165667067
diabetes,sa,7,7,94,0.7785419165667067
diabetes,sa,7,7,95,0.7785419165667067
diabetes,sa,7,7,96,0.7785419165667067
diabetes,sa,7,7,97,0.7785419165667067
diabetes,sa,7,7,98,0.7785419165667067
diabetes,sa,7,7,99,0.7785419165667067
diabetes,sa,7,7,100,0.7785419165667067
diabetes,grid,8,8,1,0.6514727442356391
diabetes,grid,8,8,2,0.6514727442356391
diabetes,grid,8,8,3,0.6514727442356391
diabetes,grid,8,8,4,0.6514727442356391
diabetes,grid,8,8,5,0.6514727442356391
diabetes,grid,8,8,6,0.6514727442356391
diabetes,grid,8,8,7,0.6514727442356391
diabetes,grid,8,8,8,0.6514727442356391
diabetes,grid,8,8,9,0.6514727442356391
diabetes,grid,8,8,10,0.6514727442356391
diabetes,grid,8,8,11,0.6514727442356391
diabetes,grid,8,8,12,0.6514727442356391
diabetes,grid,8,8,13,0.6514727442356391
diabetes,grid,8,8,14,0.6514727442356391
diabetes,grid,8,8,15,0.6531254165000667
diabetes,grid,8,8,16,0.7606024256963881
diabetes,grid,8,8,17,0.7606024256963881
diabetes,grid,8,8,18,0.7606024256963881
diabetes,grid,8,8,19,0.7606024256963881
diabetes,grid,8,8,20,0.7606024256963881
diabetes,grid,8,8,21,0.7606024256963881
diabetes,grid,8,8,22,0.7606024256963881
diabetes,grid,8,8,23,0.7606024256963881
diabetes,grid,8,8,24,0.7606024256963881
diabetes,grid,8,8,25,0.767093162734906
diabetes,grid,8,8,26,0.7719845395175264
diabetes,grid,8,8,27,0.7719845395175264
diabetes,grid,8,8,28,0.7719845395175264
diabetes,grid,8,8,29,0.7719845395175264
diabetes,grid,8,8,30,0.7719845395175264
diabetes,grid,8,8,31,0.7719845395175264
diabetes,grid,8,8,32,0.7719845395175264
diabetes,grid,8,8,33,0.7719845395175264
diabetes,grid,8,8,34,0.7719845395175264
diabetes,grid,8,8,35,0.7719845395175264
diabetes,grid,8,8,36,0.7719845395175264
diabetes,grid,8,8,37,0.7719845395175264
diabetes,grid,8,8,38,0.7719845395175264
diabetes,grid,8,8,39,0.7719845395175264
diabetes,grid,8,8,40,0.7719845395175264
diabetes,grid,8,8,41,0.7719845395175264
diabetes,grid,8,8,42,0.7719845395175264
diabetes,grid,8,8,43,0.7719845395175264
diabetes,grid,8,8,44,0.7719845395175264
diabetes,grid,8,8,45,0.7719845395175264
diabetes,grid,8,8,46,0.7719845395175264
diabetes,grid,8,8,47,0.7719845395175264
diabetes,grid,8,8,48,0.7719845395175264
diabetes,grid,8,8,49,0.7719845395175264
diabetes,grid,8,8,50,0.7719845395175264
diabetes,grid,8,8,51,0.7719845395175264
diabetes,grid,8,8,52,0.7719845395175264
diabetes,grid,8,8,53,0.7719845395175264
diabetes,grid,8,8,54,0.7719845395175264
diabetes,grid,8,8,55,0.7719845395175264
diabetes,grid,8,8,56,0.7719845395175264
diabetes,grid,8,8,57,0.7719845395175264
diabetes,grid,8,8,58,0.7719845395175264
diabetes,grid,8,8,59,0.7719845395175264
diabetes,grid,8,8,60,0.7719845395175264
diabetes,grid,8,8,61,0.7719845395175264
diabetes,grid,8,8,62,0.7719845395175264
diabetes,grid,8,8,63,0.7719845395175264
diabetes,grid,8,8,64,0.7719845395175264
diabetes,grid,8,8,65,0.7719845395175264
diabetes,grid,8,8,66,0.7719845395175264
diabetes,grid,8,8,67,0.7719845395175264
diabetes,grid,8,8,68,0.7719845395175264
diabetes,grid,8,8,69,0.7719845395175264
diabetes,grid,8,8,70,0.7719845395175264
diabetes,grid,8,8,71,0.7719845395175264
diabetes,grid,8,8,72,0.7719845395175264
diabetes,grid,8,8,73,0.7720111955217913
diabetes,grid,8,8,74,0.7720111955217913
diabetes,grid,8,8,75,0.7720111955217913
diabetes,grid,8,8,76,0.7720111955217913
diabetes,grid,8,8,77,0.7720111955217913
diabetes,grid,8,8,78,0.7720111955217913
diabetes,grid,8,8,79,0.7720111955217913
diabetes,grid,8,8,80,0.7720111955217913
diabetes,grid,8,8,81,0.7720111955217913
diabetes,grid,8,8,82,0.7720111955217913
diabetes,grid,8,8,83,0.7720111955217913
diabetes,grid,8,8,84,0.7720111955217913
diabetes,grid,8,8,85,0.7720111955217913
diabetes,grid,8,8,86,0.7720111955217913
diabetes,grid,8,8,87,0.7720111955217913
diabetes,grid,8,8,88,0.7720111955217913
diabetes,grid,8,8,89,0.7720111955217913
diabetes,grid,8,8,90,0.7720111955217913
diabetes,grid,8,8,91,0.7720111955217913
diabetes,grid,8,8,92,0.7736372117819539
diabetes,grid,8,8,93,0.7736372117819539
diabetes,grid,8,8,94,0.7736372117819539
diabetes,grid,8,8,95,0.7736372117819539
diabetes,grid,8,8,96,0.7736372117819539
diabetes,grid,8,8,97,0.7736372117819539
diabetes,grid,8,8,98,0.7736372117819539
diabetes,grid,8,8,99,0.7736372117819539
diabetes,grid,8,8,100,0.7736372117819539
diabetes,random,8,8,1,0.7215247234439557
diabetes,random,8,8,2,0.7605890976942555
diabetes,random,8,8,3,0.7605890976942555
diabetes,random,8,8,4,0.7605890976942555
diabetes,random,8,8,5,0.7605890976942555
diabetes,random,8,8,6,0.7605890976942555
diabetes,random,8,8,7,0.7605890976942555
diabetes,random,8,8,8,0.7605890976942555
diabetes,random,8,8,9,0.7605890976942555
diabetes,random,8,8,10,0.7605890976942555
diabetes,random,8,8,11,0.7605890976942555
diabetes,random,8,8,12,0.7605890976942555
diabetes,random,8,8,13,0.7605890976942555
diabetes,random,8,8,14,0.7605890976942555
diabetes,random,8,8,15,0.7605890976942555
diabetes,random,8,8,16,0.7605890976942555
diabetes,random,8,8,17,0.7621884579501532
diabetes,random,8,8,18,0.7621884579501532
diabetes,random,8,8,19,0.7621884579501532
diabetes,random,8,8,20,0.7621884579501532
diabetes,random,8,8,21,0.7671064907370386
diabetes,random,8,8,22,0.7671064907370386
diabetes,random,8,8,23,0.7671064907370386
diabetes,random,8,8,24,0.7671064907370386
diabetes,random,8,8,25,0.7671064907370386
diabetes,random,8,8,26,0.7671064907370386
diabetes,random,8,8,27,0.7720111955217913
diabetes,random,8,8,28,0.7720111955217913
diabetes,random,8,8,29,0.7720111955217913
diabetes,random,8,8,30,0.7720111955217913
diabetes,random,8,8,31,0.7720111955217913
diabetes,random,8,8,32,0.7720111955217913
diabetes,random,8,8,33,0.7720111955217913
diabetes,random,8,8,34,0.7720111955217913
diabetes,random,8,8,35,0.7720111955217913
diabetes,random,8,8,36,0.7720111955217913
diabetes,random,8,8,37,0.7720111955217913
diabetes,random,8,8,38,0.7720111955217913
diabetes,random,8,8,39,0.7720111955217913
diabetes,random,8,8,40,0.7720111955217913
diabetes,random,8,8,41,0.7720111955217913
diabetes,random,8,8,42,0.7720111955217913
diabetes,random,8,8,43,0.7720111955217913
diabetes,random,8,8,44,0.7720111955217913
diabetes,random,8,8,45,0.7720111955217913
diabetes,random,8,8,46,0.7720111955217913
diabetes,random,8,8,47,0.7720111955217913
diabetes,random,8,8,48,0.7720111955217913
diabetes,random,8,8,49,0.7720111955217913
diabetes,random,8,8,50,0.7720111955217913
diabetes,random,8,8,51,0.7736372117819539
diabetes,random,8,8,52,0.7736372117819539
diabetes,random,8,8,53,0.7736372117819539
diabetes,random,8,8,54,0.7736372117819539
diabetes,random,8,8,55,0.7736372117819539
diabetes,random,8,8,56,0.7736372117819539
diabetes,random,8,8,57,0.7736372117819539
diabetes,random,8,8,58,0.7736372117819539
diabetes,random,8,8,59,0.7736372117819539
diabetes,random,8,8,60,0.7736372117819539
diabetes,random,8,8,61,0.7736372117819539
diabetes,random,8,8,62,0.7736372117819539
diabetes,random,8,8,63,0.7736372117819539
diabetes,random,8,8,64,0.7736372117819539
diabetes,random,8,8,65,0.7736372117819539
diabetes,random,8,8,66,0.7736372117819539
diabetes,random,8,8,67,0.7736372117819539
diabetes,random,8,8,68,0.7736372117819539
diabetes,random,8,8,69,0.7736372117819539
diabetes,random,8,8,70,0.7736372117819539
diabetes,random,8,8,71,0.7736372117819539
diabetes,random,8,8,72,0.7736372117819539
diabetes,random,8,8,73,0.7736372117819539
diabetes,random,8,8,74,0.7736372117819539
diabetes,random,8,8,75,0.7736372117819539
diabetes,random,8,8,76,0.7736372117819539
diabetes,random,8,8,77,0.7736372117819539
diabetes,random,8,8,78,0.7736372117819539
diabetes,random,8,8,79,0.7736372117819539
diabetes,random,8,8,80,0.7736372117819539
diabetes,random,8,8,81,0.7736372117819539
diabetes,random,8,8,82,0.7736372117819539
diabetes,random,8,8,83,0.7736372117819539
diabetes,random,8,8,84,0.7736372117819539
diabetes,random,8,8,85,0.7736372117819539
diabetes,random,8,8,86,0.7736372117819539
diabetes,random,8,8,87,0.7736372117819539
diabetes,random,8,8,88,0.7736372117819539
diabetes,random,8,8,89,0.7736372117819539
diabetes,random,8,8,90,0.7736372117819539
diabetes,random,8,8,91,0.7736372117819539
diabetes,random,8,8,92,0.7736372117819539
diabetes,random,8,8,93,0.7736372117819539
diabetes,random,8,8,94,0.7736372117819539
diabetes,random,8,8,95,0.7736372117819539
diabetes,random,8,8,96,0.7736372117819539
diabetes,random,8,8,97,0.7736372117819539
diabetes,random,8,8,98,0.7736372117819539
diabetes,random,8,8,99,0.7736372117819539
diabetes,random,8,8,100,0.7736372117819539
diabetes,bo_tpe,8,8,1,0.7215247234439557
diabetes,bo_tpe,8,8,2,0.7605890976942555
diabetes,bo_tpe,8,8,3,0.7605890976942555
diabetes,bo_tpe,8,8,4,0.7605890976942555
diabetes,bo_tpe,8,8,5,0.7605890976942555
diabetes,bo_tpe,8,8,6,0.7605890976942555
diabetes,bo_tpe,8,8,7,0.7605890976942555
diabetes,bo_tpe,8,8,8,0.7605890976942555
diabetes,bo_tpe,8,8,9,0.7605890976942555
diabetes,bo_tpe,8,8,10,0.7605890976942555
diabetes,bo_tpe,8,8,11,0.7605890976942555
diabetes,bo_tpe,8,8,12,0.7605890976942555
diabetes,bo_tpe,8,8,13,0.7605890976942555
diabetes,bo_tpe,8,8,14,0.7605890976942555
diabetes,bo_tpe,8,8,15,0.7622284419565506
diabetes,bo_tpe,8,8,16,0.7638411302145808
diabetes,bo_tpe,8,8,17,0.7638411302145808
diabetes,bo_tpe,8,8,18,0.7638411302145808
diabetes,bo_tpe,8,8,19,0.7638411302145808
diabetes,bo_tpe,8,8,20,0.7654671464747435
diabetes,bo_tpe,8,8,21,0.7654671464747435
diabetes,bo_tpe,8,8,22,0.7654671464747435
diabetes,bo_tpe,8,8,23,0.7654671464747435
diabetes,bo_tpe,8,8,24,0.7654671464747435
diabetes,bo_tpe,8,8,25,0.7654671464747435
diabetes,bo_tpe,8,8,26,0.7654671464747435
diabetes,bo_tpe,8,8,27,0.7654671464747435
diabetes,bo_tpe,8,8,28,0.7654671464747435
diabetes,bo_tpe,8,8,29,0.7671064907370384
diabetes,bo_tpe,8,8,30,0.7671064907370384
diabetes,bo_tpe,8,8,31,0.7671064907370384
diabetes,bo_tpe,8,8,32,0.7671064907370384
diabetes,bo_tpe,8,8,33,0.7671064907370384
diabetes,bo_tpe,8,8,34,0.7671064907370384
diabetes,bo_tpe,8,8,35,0.7671064907370384
diabetes,bo_tpe,8,8,36,0.7671064907370384
diabetes,bo_tpe,8,8,37,0.7687058509929362
diabetes,bo_tpe,8,8,38,0.7687058509929362
diabetes,bo_tpe,8,8,39,0.7687058509929362
diabetes,bo_tpe,8,8,40,0.7687058509929362
diabetes,bo_tpe,8,8,41,0.7687058509929362
diabetes,bo_tpe,8,8,42,0.7687058509929362
diabetes,bo_tpe,8,8,43,0.7687058509929362
diabetes,bo_tpe,8,8,44,0.7687058509929362
diabetes,bo_tpe,8,8,45,0.7687058509929362
diabetes,bo_tpe,8,8,46,0.7687058509929362
diabetes,bo_tpe,8,8,47,0.7687058509929362
diabetes,bo_tpe,8,8,48,0.7687058509929362
diabetes,bo_tpe,8,8,49,0.7687058509929362
diabetes,bo_tpe,8,8,50,0.7687058509929362
diabetes,bo_tpe,8,8,51,0.7752365720378516
diabetes,bo_tpe,8,8,52,0.7752365720378516
diabetes,bo_tpe,8,8,53,0.7752365720378516
diabetes,bo_tpe,8,8,54,0.7752365720378516
diabetes,bo_tpe,8,8,55,0.7752365720378516
diabetes,bo_tpe,8,8,56,0.7752365720378516
diabetes,bo_tpe,8,8,57,0.7752365720378516
diabetes,bo_tpe,8,8,58,0.7752365720378516
diabetes,bo_tpe,8,8,59,0.7752365720378516
diabetes,bo_tpe,8,8,60,0.7752365720378516
diabetes,bo_tpe,8,8,61,0.7752365720378516
diabetes,bo_tpe,8,8,62,0.7752365720378516
diabetes,bo_tpe,8,8,63,0.7752365720378516
diabetes,bo_tpe,8,8,64,0.7752365720378516
diabetes,bo_tpe,8,8,65,0.7752365720378516
diabetes,bo_tpe,8,8,66,0.7752365720378516
diabetes,bo_tpe,8,8,67,0.7752365720378516
diabetes,bo_tpe,8,8,68,0.7752365720378516
diabetes,bo_tpe,8,8,69,0.7752365720378516
diabetes,bo_tpe,8,8,70,0.7752365720378516
diabetes,bo_tpe,8,8,71,0.7752365720378516
diabetes,bo_tpe,8,8,72,0.7752365720378516
diabetes,bo_tpe,8,8,73,0.7752365720378516
diabetes,bo_tpe,8,8,74,0.7752365720378516
diabetes,bo_tpe,8,8,75,0.7752365720378516
diabetes,bo_tpe,8,8,76,0.7752365720378516
diabetes,bo_tpe,8,8,77,0.7752365720378516
diabetes,bo_tpe,8,8,78,0.7752365720378516
diabetes,bo_tpe,8,8,79,0.7752365720378516
diabetes,bo_tpe,8,8,80,0.7752365720378516
diabetes,bo_tpe,8,8,81,0.7752365720378516
diabetes,bo_tpe,8,8,82,0.7752365720378516
diabetes,bo_tpe,8,8,83,0.7752365720378516
diabetes,bo_tpe,8,8,84,0.7752365720378516
diabetes,bo_tpe,8,8,85,0.7752365720378516
diabetes,bo_tpe,8,8,86,0.7752365720378516
diabetes,bo_tpe,8,8,87,0.7752365720378516
diabetes,bo_tpe,8,8,88,0.7752365720378516
diabetes,bo_tpe,8,8,89,0.7752365720378516
diabetes,bo_tpe,8,8,90,0.7752365720378516
diabetes,bo_tpe,8,8,91,0.7752365720378516
diabetes,bo_tpe,8,8,92,0.7752365720378516
diabetes,bo_tpe,8,8,93,0.7752365720378516
diabetes,bo_tpe,8,8,94,0.7752365720378516
diabetes,bo_tpe,8,8,95,0.7752365720378516
diabetes,bo_tpe,8,8,96,0.7752365720378516
diabetes,bo_tpe,8,8,97,0.7752365720378516
diabetes,bo_tpe,8,8,98,0.7752365720378516
diabetes,bo_tpe,8,8,99,0.7752365720378516
diabetes,bo_tpe,8,8,100,0.7752365720378516
diabetes,pso,8,8,1,0.7687591630014661
diabetes,pso,8,8,2,0.7687591630014661
diabetes,pso,8,8,3,0.7687591630014661
diabetes,pso,8,8,4,0.7687591630014661
diabetes,pso,8,8,5,0.7687591630014661
diabetes,pso,8,8,6,0.7687591630014661
diabetes,pso,8,8,7,0.7687591630014661
diabetes,pso,8,8,8,0.7687591630014661
diabetes,pso,8,8,9,0.7687591630014661
diabetes,pso,8,8,10,0.7687591630014661
diabetes,pso,8,8,11,0.7687591630014661
diabetes,pso,8,8,12,0.7687591630014661
diabetes,pso,8,8,13,0.7687591630014661
diabetes,pso,8,8,14,0.7687591630014661
diabetes,pso,8,8,15,0.7687591630014661
diabetes,pso,8,8,16,0.7703585232573638
diabetes,pso,8,8,17,0.7703585232573638
diabetes,pso,8,8,18,0.7703585232573638
diabetes,pso,8,8,19,0.7703585232573638
diabetes,pso,8,8,20,0.7703585232573638
diabetes,pso,8,8,21,0.7703585232573638
diabetes,pso,8,8,22,0.7703585232573638
diabetes,pso,8,8,23,0.7703585232573638
diabetes,pso,8,8,24,0.7703585232573638
diabetes,pso,8,8,25,0.7703585232573638
diabetes,pso,8,8,26,0.7703585232573638
diabetes,pso,8,8,27,0.7703585232573638
diabetes,pso,8,8,28,0.7703585232573638
diabetes,pso,8,8,29,0.7703585232573638
diabetes,pso,8,8,30,0.7703585232573638
diabetes,pso,8,8,31,0.7703585232573638
diabetes,pso,8,8,32,0.7703585232573638
diabetes,pso,8,8,33,0.7703585232573638
diabetes,pso,8,8,34,0.7703585232573638
diabetes,pso,8,8,35,0.7703585232573638
diabetes,pso,8,8,36,0.7703585232573638
diabetes,pso,8,8,37,0.7703585232573638
diabetes,pso,8,8,38,0.7703585232573638
diabetes,pso,8,8,39,0.7703585232573638
diabetes,pso,8,8,40,0.7703585232573638
diabetes,pso,8,8,41,0.7703585232573638
diabetes,pso,8,8,42,0.7703585232573638
diabetes,pso,8,8,43,0.7703585232573638
diabetes,pso,8,8,44,0.7703585232573638
diabetes,pso,8,8,45,0.7703585232573638
diabetes,pso,8,8,46,0.7703585232573638
diabetes,pso,8,8,47,0.7703585232573638
diabetes,pso,8,8,48,0.7703585232573638
diabetes,pso,8,8,49,0.7703585232573638
diabetes,pso,8,8,50,0.7703585232573638
diabetes,pso,8,8,51,0.7703585232573638
diabetes,pso,8,8,52,0.7703585232573638
diabetes,pso,8,8,53,0.7703585232573638
diabetes,pso,8,8,54,0.7703585232573638
diabetes,pso,8,8,55,0.7703585232573638
diabetes,pso,8,8,56,0.7703585232573638
diabetes,pso,8,8,57,0.7703585232573638
diabetes,pso,8,8,58,0.7703585232573638
diabetes,pso,8,8,59,0.7703585232573638
diabetes,pso,8,8,60,0.7703585232573638
diabetes,pso,8,8,61,0.7703585232573638
diabetes,pso,8,8,62,0.7703585232573638
diabetes,pso,8,8,63,0.7703585232573638
diabetes,pso,8,8,64,0.7703585232573638
diabetes,pso,8,8,65,0.7703585232573638
diabetes,pso,8,8,66,0.7703585232573638
diabetes,pso,8,8,67,0.7703585232573638
diabetes,pso,8,8,68,0.7703585232573638
diabetes,pso,8,8,69,0.7703585232573638
diabetes,pso,8,8,70,0.7703585232573638
diabetes,pso,8,8,71,0.7703585232573638
diabetes,pso,8,8,72,0.7703585232573638
diabetes,pso,8,8,73,0.7703585232573638
diabetes,pso,8,8,74,0.7703585232573638
diabetes,pso,8,8,75,0.7703585232573638
diabetes,pso,8,8,76,0.7703585232573638
diabetes,pso,8,8,77,0.7703585232573638
diabetes,pso,8,8,78,0.773610555777689
diabetes,pso,8,8,79,0.773610555777689
diabetes,pso,8,8,80,0.773610555777689
diabetes,pso,8,8,81,0.773610555777689
diabetes,pso,8,8,82,0.773610555777689
diabetes,pso,8,8,83,0.773610555777689
diabetes,pso,8,8,84,0.773610555777689
diabetes,pso,8,8,85,0.773610555777689
diabetes,pso,8,8,86,0.773610555777689
diabetes,pso,8,8,87,0.773610555777689
diabetes,pso,8,8,88,0.773610555777689
diabetes,pso,8,8,89,0.773610555777689
diabetes,pso,8,8,90,0.773610555777689
diabetes,pso,8,8,91,0.773610555777689
diabetes,pso,8,8,92,0.773610555777689
diabetes,pso,8,8,93,0.773610555777689
diabetes,pso,8,8,94,0.773610555777689
diabetes,pso,8,8,95,0.773610555777689
diabetes,pso,8,8,96,0.773610555777689
diabetes,pso,8,8,97,0.773610555777689
diabetes,pso,8,8,98,0.773610555777689
diabetes,pso,8,8,99,0.773610555777689
diabetes,pso,8,8,100,0.773610555777689
diabetes,de,8,8,1,0.7720111955217913
diabetes,de,8,8,2,0.7720111955217913
diabetes,de,8,8,3,0.7720111955217913
diabetes,de,8,8,4,0.7720111955217913
diabetes,de,8,8,5,0.7720111955217913
diabetes,de,8,8,6,0.7720111955217913
diabetes,de,8,8,7,0.7720111955217913
diabetes,de,8,8,8,0.7720111955217913
diabetes,de,8,8,9,0.7720111955217913
diabetes,de,8,8,10,0.7720111955217913
diabetes,de,8,8,11,0.7720111955217913
diabetes,de,8,8,12,0.7720111955217913
diabetes,de,8,8,13,0.7720111955217913
diabetes,de,8,8,14,0.7720111955217913
diabetes,de,8,8,15,0.7720111955217913
diabetes,de,8,8,16,0.7720111955217913
diabetes,de,8,8,17,0.7720111955217913
diabetes,de,8,8,18,0.7720111955217913
diabetes,de,8,8,19,0.7720111955217913
diabetes,de,8,8,20,0.7720111955217913
diabetes,de,8,8,21,0.7720111955217913
diabetes,de,8,8,22,0.7720111955217913
diabetes,de,8,8,23,0.7720111955217913
diabetes,de,8,8,24,0.7720111955217913
diabetes,de,8,8,25,0.7720111955217913
diabetes,de,8,8,26,0.7720111955217913
diabetes,de,8,8,27,0.7736372117819539
diabetes,de,8,8,28,0.7736372117819539
diabetes,de,8,8,29,0.7736372117819539
diabetes,de,8,8,30,0.7736372117819539
diabetes,de,8,8,31,0.7736372117819539
diabetes,de,8,8,32,0.7736372117819539
diabetes,de,8,8,33,0.7736372117819539
diabetes,de,8,8,34,0.7736372117819539
diabetes,de,8,8,35,0.7736372117819539
diabetes,de,8,8,36,0.7736372117819539
diabetes,de,8,8,37,0.7736372117819539
diabetes,de,8,8,38,0.7736372117819539
diabetes,de,8,8,39,0.7736372117819539
diabetes,de,8,8,40,0.7736372117819539
diabetes,de,8,8,41,0.7736372117819539
diabetes,de,8,8,42,0.7736372117819539
diabetes,de,8,8,43,0.7736372117819539
diabetes,de,8,8,44,0.7736372117819539
diabetes,de,8,8,45,0.7736372117819539
diabetes,de,8,8,46,0.7736372117819539
diabetes,de,8,8,47,0.7736372117819539
diabetes,de,8,8,48,0.7736372117819539
diabetes,de,8,8,49,0.7736372117819539
diabetes,de,8,8,50,0.7736372117819539
diabetes,de,8,8,51,0.7736372117819539
diabetes,de,8,8,52,0.7736372117819539
diabetes,de,8,8,53,0.7736372117819539
diabetes,de,8,8,54,0.7736372117819539
diabetes,de,8,8,55,0.7736372117819539
diabetes,de,8,8,56,0.7736372117819539
diabetes,de,8,8,57,0.7736372117819539
diabetes,de,8,8,58,0.7736372117819539
diabetes,de,8,8,59,0.7736372117819539
diabetes,de,8,8,60,0.7736372117819539
diabetes,de,8,8,61,0.7736372117819539
diabetes,de,8,8,62,0.7736372117819539
diabetes,de,8,8,63,0.7736372117819539
diabetes,de,8,8,64,0.7736372117819539
diabetes,de,8,8,65,0.7736372117819539
diabetes,de,8,8,66,0.7736372117819539
diabetes,de,8,8,67,0.7736372117819539
diabetes,de,8,8,68,0.7736372117819539
diabetes,de,8,8,69,0.7736372117819539
diabetes,de,8,8,70,0.7736372117819539
diabetes,de,8,8,71,0.7736372117819539
diabetes,de,8,8,72,0.7736372117819539
diabetes,de,8,8,73,0.7736372117819539
diabetes,de,8,8,74,0.7752632280421164
diabetes,de,8,8,75,0.7752632280421164
diabetes,de,8,8,76,0.7752632280421164
diabetes,de,8,8,77,0.7752632280421164
diabetes,de,8,8,78,0.7752632280421164
diabetes,de,8,8,79,0.7752632280421164
diabetes,de,8,8,80,0.7752632280421164
diabetes,de,8,8,81,0.7752632280421164
diabetes,de,8,8,82,0.7752632280421164
diabetes,de,8,8,83,0.7752632280421164
diabetes,de,8,8,84,0.7752632280421164
diabetes,de,8,8,85,0.7752632280421164
diabetes,de,8,8,86,0.7752632280421164
diabetes,de,8,8,87,0.7752632280421164
diabetes,de,8,8,88,0.7752632280421164
diabetes,de,8,8,89,0.7752632280421164
diabetes,de,8,8,90,0.7752632280421164
diabetes,de,8,8,91,0.7752632280421164
diabetes,de,8,8,92,0.7752632280421164
diabetes,de,8,8,93,0.7752632280421164
diabetes,de,8,8,94,0.7752632280421164
diabetes,de,8,8,95,0.7752632280421164
diabetes,de,8,8,96,0.7752632280421164
diabetes,de,8,8,97,0.7752632280421164
diabetes,de,8,8,98,0.7752632280421164
diabetes,de,8,8,99,0.7752632280421164
diabetes,de,8,8,100,0.7752632280421164
diabetes,ga,8,8,1,0.7720111955217913
diabetes,ga,8,8,2,0.7720111955217913
diabetes,ga,8,8,3,0.7720111955217913
diabetes,ga,8,8,4,0.7720111955217913
diabetes,ga,8,8,5,0.7720111955217913
diabetes,ga,8,8,6,0.7720111955217913
diabetes,ga,8,8,7,0.7720111955217913
diabetes,ga,8,8,8,0.7720111955217913
diabetes,ga,8,8,9,0.7720111955217913
diabetes,ga,8,8,10,0.7720111955217913
diabetes,ga,8,8,11,0.7720111955217913
diabetes,ga,8,8,12,0.7720111955217913
diabetes,ga,8,8,13,0.7720111955217913
diabetes,ga,8,8,14,0.7720111955217913
diabetes,ga,8,8,15,0.7720111955217913
diabetes,ga,8,8,16,0.7720111955217913
diabetes,ga,8,8,17,0.7720111955217913
diabetes,ga,8,8,18,0.7720111955217913
diabetes,ga,8,8,19,0.7720111955217913
diabetes,ga,8,8,20,0.7720111955217913
diabetes,ga,8,8,21,0.7720111955217913
diabetes,ga,8,8,22,0.7720111955217913
diabetes,ga,8,8,23,0.7720111955217913
diabetes,ga,8,8,24,0.7720111955217913
diabetes,ga,8,8,25,0.7720111955217913
diabetes,ga,8,8,26,0.7720111955217913
diabetes,ga,8,8,27,0.7720111955217913
diabetes,ga,8,8,28,0.7720111955217913
diabetes,ga,8,8,29,0.7720111955217913
diabetes,ga,8,8,30,0.7720111955217913
diabetes,ga,8,8,31,0.7720111955217913
diabetes,ga,8,8,32,0.7720111955217913
diabetes,ga,8,8,33,0.7720111955217913
diabetes,ga,8,8,34,0.7720111955217913
diabetes,ga,8,8,35,0.7720111955217913
diabetes,ga,8,8,36,0.7720111955217913
diabetes,ga,8,8,37,0.7720111955217913
diabetes,ga,8,8,38,0.7720111955217913
diabetes,ga,8,8,39,0.7720111955217913
diabetes,ga,8,8,40,0.7720111955217913
diabetes,ga,8,8,41,0.7720111955217913
diabetes,ga,8,8,42,0.7720111955217913
diabetes,ga,8,8,43,0.7720111955217913
diabetes,ga,8,8,44,0.7720111955217913
diabetes,ga,8,8,45,0.7720111955217913
diabetes,ga,8,8,46,0.7720111955217913
diabetes,ga,8,8,47,0.7720111955217913
diabetes,ga,8,8,48,0.7720111955217913
diabetes,ga,8,8,49,0.7720111955217913
diabetes,ga,8,8,50,0.7720111955217913
diabetes,ga,8,8,51,0.7720111955217913
diabetes,ga,8,8,52,0.7720111955217913
diabetes,ga,8,8,53,0.7720111955217913
diabetes,ga,8,8,54,0.7720111955217913
diabetes,ga,8,8,55,0.7720111955217913
diabetes,ga,8,8,56,0.7720111955217913
diabetes,ga,8,8,57,0.7720111955217913
diabetes,ga,8,8,58,0.7720111955217913
diabetes,ga,8,8,59,0.7720111955217913
diabetes,ga,8,8,60,0.7720111955217913
diabetes,ga,8,8,61,0.7720111955217913
diabetes,ga,8,8,62,0.7720111955217913
diabetes,ga,8,8,63,0.7720111955217913
diabetes,ga,8,8,64,0.7720111955217913
diabetes,ga,8,8,65,0.7720111955217913
diabetes,ga,8,8,66,0.7720111955217913
diabetes,ga,8,8,67,0.7720111955217913
diabetes,ga,8,8,68,0.7720111955217913
diabetes,ga,8,8,69,0.7736372117819539
diabetes,ga,8,8,70,0.7736372117819539
diabetes,ga,8,8,71,0.7736372117819539
diabetes,ga,8,8,72,0.7736372117819539
diabetes,ga,8,8,73,0.7736372117819539
diabetes,ga,8,8,74,0.7736372117819539
diabetes,ga,8,8,75,0.7736372117819539
diabetes,ga,8,8,76,0.7736372117819539
diabetes,ga,8,8,77,0.7736372117819539
diabetes,ga,8,8,78,0.7736372117819539
diabetes,ga,8,8,79,0.7736372117819539
diabetes,ga,8,8,80,0.7736372117819539
diabetes,ga,8,8,81,0.7736372117819539
diabetes,ga,8,8,82,0.7736372117819539
diabetes,ga,8,8,83,0.7736372117819539
diabetes,ga,8,8,84,0.7736372117819539
diabetes,ga,8,8,85,0.7736372117819539
diabetes,ga,8,8,86,0.7736372117819539
diabetes,ga,8,8,87,0.7736372117819539
diabetes,ga,8,8,88,0.7736372117819539
diabetes,ga,8,8,89,0.7736372117819539
diabetes,ga,8,8,90,0.7736372117819539
diabetes,ga,8,8,91,0.7736372117819539
diabetes,ga,8,8,92,0.7736372117819539
diabetes,ga,8,8,93,0.7736372117819539
diabetes,ga,8,8,94,0.7736372117819539
diabetes,ga,8,8,95,0.7736372117819539
diabetes,ga,8,8,96,0.7736372117819539
diabetes,ga,8,8,97,0.7736372117819539
diabetes,ga,8,8,98,0.7736372117819539
diabetes,ga,8,8,99,0.7736372117819539
diabetes,ga,8,8,100,0.7736372117819539
diabetes,sa,8,8,1,0.7215247234439557
diabetes,sa,8,8,2,0.7215247234439557
diabetes,sa,8,8,3,0.7215247234439557
diabetes,sa,8,8,4,0.7215247234439557
diabetes,sa,8,8,5,0.7215247234439557
diabetes,sa,8,8,6,0.7215247234439557
diabetes,sa,8,8,7,0.7215247234439557
diabetes,sa,8,8,8,0.7215247234439557
diabetes,sa,8,8,9,0.7215247234439557
diabetes,sa,8,8,10,0.7215247234439557
diabetes,sa,8,8,11,0.7215247234439557
diabetes,sa,8,8,12,0.7215247234439557
diabetes,sa,8,8,13,0.7215247234439557
diabetes,sa,8,8,14,0.7215247234439557
diabetes,sa,8,8,15,0.7215247234439557
diabetes,sa,8,8,16,0.7215247234439557
diabetes,sa,8,8,17,0.7215247234439557
diabetes,sa,8,8,18,0.7215247234439557
diabetes,sa,8,8,19,0.7215247234439557
diabetes,sa,8,8,20,0.7215247234439557
diabetes,sa,8,8,21,0.7215247234439557
diabetes,sa,8,8,22,0.7524057043849126
diabetes,sa,8,8,23,0.7638278022124483
diabetes,sa,8,8,24,0.7638411302145808
diabetes,sa,8,8,25,0.7638411302145808
diabetes,sa,8,8,26,0.7638411302145808
diabetes,sa,8,8,27,0.7638411302145808
diabetes,sa,8,8,28,0.7654671464747433
diabetes,sa,8,8,29,0.7654671464747433
diabetes,sa,8,8,30,0.7654671464747433
diabetes,sa,8,8,31,0.7654671464747433
diabetes,sa,8,8,32,0.7654671464747433
diabetes,sa,8,8,33,0.7654671464747433
diabetes,sa,8,8,34,0.7654671464747433
diabetes,sa,8,8,35,0.7654671464747433
diabetes,sa,8,8,36,0.7654671464747433
diabetes,sa,8,8,37,0.7654671464747433
diabetes,sa,8,8,38,0.7654671464747433
diabetes,sa,8,8,39,0.7654671464747433
diabetes,sa,8,8,40,0.7654671464747433
diabetes,sa,8,8,41,0.7654671464747433
diabetes,sa,8,8,42,0.7654671464747433
diabetes,sa,8,8,43,0.7654671464747433
diabetes,sa,8,8,44,0.7654671464747433
diabetes,sa,8,8,45,0.7654671464747433
diabetes,sa,8,8,46,0.7719845395175264
diabetes,sa,8,8,47,0.7719845395175264
diabetes,sa,8,8,48,0.7719845395175264
diabetes,sa,8,8,49,0.7719845395175264
diabetes,sa,8,8,50,0.7719845395175264
diabetes,sa,8,8,51,0.7719845395175264
diabetes,sa,8,8,52,0.7719845395175264
diabetes,sa,8,8,53,0.7719845395175264
diabetes,sa,8,8,54,0.7719845395175264
diabetes,sa,8,8,55,0.7719845395175264
diabetes,sa,8,8,56,0.7719845395175264
diabetes,sa,8,8,57,0.7719845395175264
diabetes,sa,8,8,58,0.7719845395175264
diabetes,sa,8,8,59,0.7719845395175264
diabetes,sa,8,8,60,0.7719845395175264
diabetes,sa,8,8,61,0.7719845395175264
diabetes,sa,8,8,62,0.7719845395175264
diabetes,sa,8,8,63,0.7719845395175264
diabetes,sa,8,8,64,0.7719845395175264
diabetes,sa,8,8,65,0.7719845395175264
diabetes,sa,8,8,66,0.7719845395175264
diabetes,sa,8,8,67,0.7719845395175264
diabetes,sa,8,8,68,0.7719845395175264
diabetes,sa,8,8,69,0.7719845395175264
diabetes,sa,8,8,70,0.7719845395175264
diabetes,sa,8,8,71,0.7719845395175264
diabetes,sa,8,8,72,0.7719845395175264
diabetes,sa,8,8,73,0.7719845395175264
diabetes,sa,8,8,74,0.7719845395175264
diabetes,sa,8,8,75,0.7719845395175264
diabetes,sa,8,8,76,0.7719845395175264
diabetes,sa,8,8,77,0.7719845395175264
diabetes,sa,8,8,78,0.7719845395175264
diabetes,sa,8,8,79,0.7719845395175264
diabetes,sa,8,8,80,0.7719845395175264
diabetes,sa,8,8,81,0.7719845395175264
diabetes,sa,8,8,82,0.7719845395175264
diabetes,sa,8,8,83,0.7719845395175264
diabetes,sa,8,8,84,0.7719845395175264
diabetes,sa,8,8,85,0.7719845395175264
diabetes,sa,8,8,86,0.7719845395175264
diabetes,sa,8,8,87,0.7719845395175264
diabetes,sa,8,8,88,0.7719845395175264
diabetes,sa,8,8,89,0.7719845395175264
diabetes,sa,8,8,90,0.7719845395175264
diabetes,sa,8,8,91,0.7719845395175264
diabetes,sa,8,8,92,0.7719845395175264
diabetes,sa,8,8,93,0.7719845395175264
diabetes,sa,8,8,94,0.7719845395175264
diabetes,sa,8,8,95,0.7719845395175264
diabetes,sa,8,8,96,0.7719845395175264
diabetes,sa,8,8,97,0.7719845395175264
diabetes,sa,8,8,98,0.7719845395175264
diabetes,sa,8,8,99,0.7719845395175264
diabetes,sa,8,8,100,0.7719845395175264
diabetes,grid,9,9,1,0.6514727442356391
diabetes,grid,9,9,2,0.6514727442356391
diabetes,grid,9,9,3,0.6514727442356391
diabetes,grid,9,9,4,0.6514727442356391
diabetes,grid,9,9,5,0.6514727442356391
diabetes,grid,9,9,6,0.6514727442356391
diabetes,grid,9,9,7,0.6514727442356391
diabetes,grid,9,9,8,0.6514727442356391
diabetes,grid,9,9,9,0.6514727442356391
diabetes,grid,9,9,10,0.6514727442356391
diabetes,grid,9,9,11,0.6514727442356391
diabetes,grid,9,9,12,0.6514727442356391
diabetes,grid,9,9,13,0.6514727442356391
diabetes,grid,9,9,14,0.6514727442356391
diabetes,grid,9,9,15,0.6514727442356391
diabetes,grid,9,9,16,0.7556710649073705
diabetes,grid,9,9,17,0.7572837531654006
diabetes,grid,9,9,18,0.7572837531654006
diabetes,grid,9,9,19,0.7572837531654006
diabetes,grid,9,9,20,0.7572837531654006
diabetes,grid,9,9,21,0.7572837531654006
diabetes,grid,9,9,22,0.7572837531654006
diabetes,grid,9,9,23,0.7572837531654006
diabetes,grid,9,9,24,0.7572837531654006
diabetes,grid,9,9,25,0.771944555511129
diabetes,grid,9,9,26,0.7719578835132613
diabetes,grid,9,9,27,0.7719578835132613
diabetes,grid,9,9,28,0.7719578835132613
diabetes,grid,9,9,29,0.7719578835132613
diabetes,grid,9,9,30,0.7719578835132613
diabetes,grid,9,9,31,0.7719578835132613
diabetes,grid,9,9,32,0.7719578835132613
diabetes,grid,9,9,33,0.7719578835132613
diabetes,grid,9,9,34,0.7719578835132613
diabetes,grid,9,9,35,0.7735972277755564
diabetes,grid,9,9,36,0.7736105557776888
diabetes,grid,9,9,37,0.7736105557776888
diabetes,grid,9,9,38,0.7736105557776888
diabetes,grid,9,9,39,0.7736105557776888
diabetes,grid,9,9,40,0.7736105557776888
diabetes,grid,9,9,41,0.7736105557776888
diabetes,grid,9,9,42,0.7736105557776888
diabetes,grid,9,9,43,0.7736105557776888
diabetes,grid,9,9,44,0.7736105557776888
diabetes,grid,9,9,45,0.7736105557776888
diabetes,grid,9,9,46,0.7736105557776888
diabetes,grid,9,9,47,0.7736105557776888
diabetes,grid,9,9,48,0.7736105557776888
diabetes,grid,9,9,49,0.7736105557776888
diabetes,grid,9,9,50,0.7736105557776888
diabetes,grid,9,9,51,0.7736105557776888
diabetes,grid,9,9,52,0.7736105557776888
diabetes,grid,9,9,53,0.7736105557776888
diabetes,grid,9,9,54,0.7736105557776888
diabetes,grid,9,9,55,0.7736105557776888
diabetes,grid,9,9,56,0.7736105557776888
diabetes,grid,9,9,57,0.7736105557776888
diabetes,grid,9,9,58,0.7736105557776888
diabetes,grid,9,9,59,0.7736105557776888
diabetes,grid,9,9,60,0.7736105557776888
diabetes,grid,9,9,61,0.7736105557776888
diabetes,grid,9,9,62,0.7736105557776888
diabetes,grid,9,9,63,0.7736105557776888
diabetes,grid,9,9,64,0.775223244035719
diabetes,grid,9,9,65,0.775223244035719
diabetes,grid,9,9,66,0.775223244035719
diabetes,grid,9,9,67,0.775223244035719
diabetes,grid,9,9,68,0.775223244035719
diabetes,grid,9,9,69,0.775223244035719
diabetes,grid,9,9,70,0.775223244035719
diabetes,grid,9,9,71,0.775223244035719
diabetes,grid,9,9,72,0.775223244035719
diabetes,grid,9,9,73,0.775223244035719
diabetes,grid,9,9,74,0.775223244035719
diabetes,grid,9,9,75,0.775223244035719
diabetes,grid,9,9,76,0.775223244035719
diabetes,grid,9,9,77,0.775223244035719
diabetes,grid,9,9,78,0.775223244035719
diabetes,grid,9,9,79,0.775223244035719
diabetes,grid,9,9,80,0.775223244035719
diabetes,grid,9,9,81,0.775223244035719
diabetes,grid,9,9,82,0.775223244035719
diabetes,grid,9,9,83,0.775223244035719
diabetes,grid,9,9,84,0.775223244035719
diabetes,grid,9,9,85,0.775223244035719
diabetes,grid,9,9,86,0.775223244035719
diabetes,grid,9,9,87,0.775223244035719
diabetes,grid,9,9,88,0.775223244035719
diabetes,grid,9,9,89,0.775223244035719
diabetes,grid,9,9,90,0.775223244035719
diabetes,grid,9,9,91,0.775223244035719
diabetes,grid,9,9,92,0.775223244035719
diabetes,grid,9,9,93,0.775223244035719
diabetes,grid,9,9,94,0.775223244035719
diabetes,grid,9,9,95,0.775223244035719
diabetes,grid,9,9,96,0.775223244035719
diabetes,grid,9,9,97,0.775223244035719
diabetes,grid,9,9,98,0.775223244035719
diabetes,grid,9,9,99,0.775223244035719
diabetes,grid,9,9,100,0.775223244035719
diabetes,random,9,9,1,0.6937758230041317
diabetes,random,9,9,2,0.7394109023057444
diabetes,random,9,9,3,0.7442622950819672
diabetes,random,9,9,4,0.7442622950819672
diabetes,random,9,9,5,0.7475276556044248
diabetes,random,9,9,6,0.7475276556044248
diabetes,random,9,9,7,0.7475276556044248
diabetes,random,9,9,8,0.7475276556044248
diabetes,random,9,9,9,0.7475276556044248
diabetes,random,9,9,10,0.7475276556044248
diabetes,random,9,9,11,0.7475276556044248
diabetes,random,9,9,12,0.7475276556044248
diabetes,random,9,9,13,0.7751699320271891
diabetes,random,9,9,14,0.7751699320271891
diabetes,random,9,9,15,0.7751699320271891
diabetes,random,9,9,16,0.7751699320271891
diabetes,random,9,9,17,0.7751699320271891
diabetes,random,9,9,18,0.7751699320271891
diabetes,random,9,9,19,0.7751699320271891
diabetes,random,9,9,20,0.7751699320271891
diabetes,random,9,9,21,0.7768492602958816
diabetes,random,9,9,22,0.7768492602958816
diabetes,random,9,9,23,0.7768492602958816
diabetes,random,9,9,24,0.7768492602958816
diabetes,random,9,9,25,0.7768492602958816
diabetes,random,9,9,26,0.7768492602958816
diabetes,random,9,9,27,0.7768492602958816
diabetes,random,9,9,28,0.7768492602958816
diabetes,random,9,9,29,0.7768492602958816
diabetes,random,9,9,30,0.7768492602958816
diabetes,random,9,9,31,0.7768492602958816
diabetes,random,9,9,32,0.7768492602958816
diabetes,random,9,9,33,0.7768492602958816
diabetes,random,9,9,34,0.7768492602958816
diabetes,random,9,9,35,0.7768492602958816
diabetes,random,9,9,36,0.7768492602958816
diabetes,random,9,9,37,0.7768492602958816
diabetes,random,9,9,38,0.7768492602958816
diabetes,random,9,9,39,0.7768492602958816
diabetes,random,9,9,40,0.7768492602958816
diabetes,random,9,9,41,0.7768492602958816
diabetes,random,9,9,42,0.7768492602958816
diabetes,random,9,9,43,0.7768492602958816
diabetes,random,9,9,44,0.7768492602958816
diabetes,random,9,9,45,0.7768492602958816
diabetes,random,9,9,46,0.7768492602958816
diabetes,random,9,9,47,0.7768492602958816
diabetes,random,9,9,48,0.7768492602958816
diabetes,random,9,9,49,0.7768492602958816
diabetes,random,9,9,50,0.7768492602958816
diabetes,random,9,9,51,0.7768492602958816
diabetes,random,9,9,52,0.7768492602958816
diabetes,random,9,9,53,0.7768492602958816
diabetes,random,9,9,54,0.7768492602958816
diabetes,random,9,9,55,0.7768492602958816
diabetes,random,9,9,56,0.7768492602958816
diabetes,random,9,9,57,0.7768492602958816
diabetes,random,9,9,58,0.7768492602958816
diabetes,random,9,9,59,0.7768492602958816
diabetes,random,9,9,60,0.7768492602958816
diabetes,random,9,9,61,0.7768492602958816
diabetes,random,9,9,62,0.7768492602958816
diabetes,random,9,9,63,0.7768492602958816
diabetes,random,9,9,64,0.7768492602958816
diabetes,random,9,9,65,0.7768492602958816
diabetes,random,9,9,66,0.7768492602958816
diabetes,random,9,9,67,0.7768492602958816
diabetes,random,9,9,68,0.7768492602958816
diabetes,random,9,9,69,0.7768492602958816
diabetes,random,9,9,70,0.7768492602958816
diabetes,random,9,9,71,0.7768492602958816
diabetes,random,9,9,72,0.7768492602958816
diabetes,random,9,9,73,0.7768492602958816
diabetes,random,9,9,74,0.7768492602958816
diabetes,random,9,9,75,0.7768492602958816
diabetes,random,9,9,76,0.7768492602958816
diabetes,random,9,9,77,0.7768492602958816
diabetes,random,9,9,78,0.7768492602958816
diabetes,random,9,9,79,0.7768492602958816
diabetes,random,9,9,80,0.7768492602958816
diabetes,random,9,9,81,0.7768492602958816
diabetes,random,9,9,82,0.7768492602958816
diabetes,random,9,9,83,0.7768492602958816
diabetes,random,9,9,84,0.7768492602958816
diabetes,random,9,9,85,0.7768492602958816
diabetes,random,9,9,86,0.7768492602958816
diabetes,random,9,9,87,0.7768492602958816
diabetes,random,9,9,88,0.7768492602958816
diabetes,random,9,9,89,0.7768492602958816
diabetes,random,9,9,90,0.7768492602958816
diabetes,random,9,9,91,0.7768492602958816
diabetes,random,9,9,92,0.7768492602958816
diabetes,random,9,9,93,0.7768492602958816
diabetes,random,9,9,94,0.7768492602958816
diabetes,random,9,9,95,0.7768492602958816
diabetes,random,9,9,96,0.7768492602958816
diabetes,random,9,9,97,0.7768492602958816
diabetes,random,9,9,98,0.7768492602958816
diabetes,random,9,9,99,0.7768492602958816
diabetes,random,9,9,100,0.7768492602958816
diabetes,bo_tpe,9,9,1,0.6937758230041317
diabetes,bo_tpe,9,9,2,0.7394109023057444
diabetes,bo_tpe,9,9,3,0.7442622950819672
diabetes,bo_tpe,9,9,4,0.7442622950819672
diabetes,bo_tpe,9,9,5,0.7475276556044248
diabetes,bo_tpe,9,9,6,0.7475276556044248
diabetes,bo_tpe,9,9,7,0.7475276556044248
diabetes,bo_tpe,9,9,8,0.7475276556044248
diabetes,bo_tpe,9,9,9,0.7475276556044248
diabetes,bo_tpe,9,9,10,0.7475276556044248
diabetes,bo_tpe,9,9,11,0.7638278022124484
diabetes,bo_tpe,9,9,12,0.7638278022124484
diabetes,bo_tpe,9,9,13,0.7670798347327735
diabetes,bo_tpe,9,9,14,0.7686925229908037
diabetes,bo_tpe,9,9,15,0.7687191789950686
diabetes,bo_tpe,9,9,16,0.7687191789950686
diabetes,bo_tpe,9,9,17,0.7687191789950686
diabetes,bo_tpe,9,9,18,0.7687191789950686
diabetes,bo_tpe,9,9,19,0.7687191789950686
diabetes,bo_tpe,9,9,20,0.7703185392509663
diabetes,bo_tpe,9,9,21,0.7703185392509663
diabetes,bo_tpe,9,9,22,0.7703185392509663
diabetes,bo_tpe,9,9,23,0.7703185392509663
diabetes,bo_tpe,9,9,24,0.7703185392509663
diabetes,bo_tpe,9,9,25,0.7703185392509663
diabetes,bo_tpe,9,9,26,0.7703185392509663
diabetes,bo_tpe,9,9,27,0.7703185392509663
diabetes,bo_tpe,9,9,28,0.7703185392509663
diabetes,bo_tpe,9,9,29,0.7703185392509663
diabetes,bo_tpe,9,9,30,0.7703185392509663
diabetes,bo_tpe,9,9,31,0.7703185392509663
diabetes,bo_tpe,9,9,32,0.7703185392509663
diabetes,bo_tpe,9,9,33,0.7703185392509663
diabetes,bo_tpe,9,9,34,0.7703185392509663
diabetes,bo_tpe,9,9,35,0.7703185392509663
diabetes,bo_tpe,9,9,36,0.7703185392509663
diabetes,bo_tpe,9,9,37,0.7703185392509663
diabetes,bo_tpe,9,9,38,0.7703185392509663
diabetes,bo_tpe,9,9,39,0.7703185392509663
diabetes,bo_tpe,9,9,40,0.7703185392509663
diabetes,bo_tpe,9,9,41,0.7703185392509663
diabetes,bo_tpe,9,9,42,0.7703185392509663
diabetes,bo_tpe,9,9,43,0.7703185392509663
diabetes,bo_tpe,9,9,44,0.7703185392509663
diabetes,bo_tpe,9,9,45,0.7703185392509663
diabetes,bo_tpe,9,9,46,0.7703185392509663
diabetes,bo_tpe,9,9,47,0.7703185392509663
diabetes,bo_tpe,9,9,48,0.7703185392509663
diabetes,bo_tpe,9,9,49,0.7703185392509663
diabetes,bo_tpe,9,9,50,0.7703185392509663
diabetes,bo_tpe,9,9,51,0.7703185392509663
diabetes,bo_tpe,9,9,52,0.775223244035719
diabetes,bo_tpe,9,9,53,0.775223244035719
diabetes,bo_tpe,9,9,54,0.775223244035719
diabetes,bo_tpe,9,9,55,0.775223244035719
diabetes,bo_tpe,9,9,56,0.775223244035719
diabetes,bo_tpe,9,9,57,0.775223244035719
diabetes,bo_tpe,9,9,58,0.775223244035719
diabetes,bo_tpe,9,9,59,0.775223244035719
diabetes,bo_tpe,9,9,60,0.775223244035719
diabetes,bo_tpe,9,9,61,0.775223244035719
diabetes,bo_tpe,9,9,62,0.775223244035719
diabetes,bo_tpe,9,9,63,0.775223244035719
diabetes,bo_tpe,9,9,64,0.775223244035719
diabetes,bo_tpe,9,9,65,0.775223244035719
diabetes,bo_tpe,9,9,66,0.775223244035719
diabetes,bo_tpe,9,9,67,0.775223244035719
diabetes,bo_tpe,9,9,68,0.775223244035719
diabetes,bo_tpe,9,9,69,0.775223244035719
diabetes,bo_tpe,9,9,70,0.775223244035719
diabetes,bo_tpe,9,9,71,0.775223244035719
diabetes,bo_tpe,9,9,72,0.775223244035719
diabetes,bo_tpe,9,9,73,0.775223244035719
diabetes,bo_tpe,9,9,74,0.775223244035719
diabetes,bo_tpe,9,9,75,0.775223244035719
diabetes,bo_tpe,9,9,76,0.775223244035719
diabetes,bo_tpe,9,9,77,0.775223244035719
diabetes,bo_tpe,9,9,78,0.775223244035719
diabetes,bo_tpe,9,9,79,0.775223244035719
diabetes,bo_tpe,9,9,80,0.775223244035719
diabetes,bo_tpe,9,9,81,0.775223244035719
diabetes,bo_tpe,9,9,82,0.775223244035719
diabetes,bo_tpe,9,9,83,0.775223244035719
diabetes,bo_tpe,9,9,84,0.775223244035719
diabetes,bo_tpe,9,9,85,0.775223244035719
diabetes,bo_tpe,9,9,86,0.775223244035719
diabetes,bo_tpe,9,9,87,0.775223244035719
diabetes,bo_tpe,9,9,88,0.775223244035719
diabetes,bo_tpe,9,9,89,0.775223244035719
diabetes,bo_tpe,9,9,90,0.775223244035719
diabetes,bo_tpe,9,9,91,0.775223244035719
diabetes,bo_tpe,9,9,92,0.775223244035719
diabetes,bo_tpe,9,9,93,0.775223244035719
diabetes,bo_tpe,9,9,94,0.775223244035719
diabetes,bo_tpe,9,9,95,0.775223244035719
diabetes,bo_tpe,9,9,96,0.775223244035719
diabetes,bo_tpe,9,9,97,0.775223244035719
diabetes,bo_tpe,9,9,98,0.775223244035719
diabetes,bo_tpe,9,9,99,0.775223244035719
diabetes,bo_tpe,9,9,100,0.775223244035719
diabetes,pso,9,9,1,0.7686791949886712
diabetes,pso,9,9,2,0.7686791949886712
diabetes,pso,9,9,3,0.7686791949886712
diabetes,pso,9,9,4,0.7686791949886712
diabetes,pso,9,9,5,0.7686791949886712
diabetes,pso,9,9,6,0.7686791949886712
diabetes,pso,9,9,7,0.7686791949886712
diabetes,pso,9,9,8,0.7686791949886712
diabetes,pso,9,9,9,0.7686791949886712
diabetes,pso,9,9,10,0.7687191789950686
diabetes,pso,9,9,11,0.7687191789950686
diabetes,pso,9,9,12,0.7687191789950686
diabetes,pso,9,9,13,0.7687191789950686
diabetes,pso,9,9,14,0.7687191789950686
diabetes,pso,9,9,15,0.7687191789950686
diabetes,pso,9,9,16,0.7703318672530988
diabetes,pso,9,9,17,0.7703318672530988
diabetes,pso,9,9,18,0.7703318672530988
diabetes,pso,9,9,19,0.7703318672530988
diabetes,pso,9,9,20,0.7703318672530988
diabetes,pso,9,9,21,0.7703318672530988
diabetes,pso,9,9,22,0.7703318672530988
diabetes,pso,9,9,23,0.7703318672530988
diabetes,pso,9,9,24,0.7703318672530988
diabetes,pso,9,9,25,0.7703318672530988
diabetes,pso,9,9,26,0.7703318672530988
diabetes,pso,9,9,27,0.7703318672530988
diabetes,pso,9,9,28,0.7703318672530988
diabetes,pso,9,9,29,0.7703318672530988
diabetes,pso,9,9,30,0.7703318672530988
diabetes,pso,9,9,31,0.7703318672530988
diabetes,pso,9,9,32,0.7703318672530988
diabetes,pso,9,9,33,0.7703318672530988
diabetes,pso,9,9,34,0.7703318672530988
diabetes,pso,9,9,35,0.7703318672530988
diabetes,pso,9,9,36,0.7703318672530988
diabetes,pso,9,9,37,0.7703318672530988
diabetes,pso,9,9,38,0.7703318672530988
diabetes,pso,9,9,39,0.7703318672530988
diabetes,pso,9,9,40,0.7703318672530988
diabetes,pso,9,9,41,0.7703318672530988
diabetes,pso,9,9,42,0.7703318672530988
diabetes,pso,9,9,43,0.7703318672530988
diabetes,pso,9,9,44,0.7703318672530988
diabetes,pso,9,9,45,0.7703318672530988
diabetes,pso,9,9,46,0.7703318672530988
diabetes,pso,9,9,47,0.7703318672530988
diabetes,pso,9,9,48,0.7703318672530988
diabetes,pso,9,9,49,0.776862588298014
diabetes,pso,9,9,50,0.776862588298014
diabetes,pso,9,9,51,0.776862588298014
diabetes,pso,9,9,52,0.776862588298014
diabetes,pso,9,9,53,0.776862588298014
diabetes,pso,9,9,54,0.776862588298014
diabetes,pso,9,9,55,0.776862588298014
diabetes,pso,9,9,56,0.776862588298014
diabetes,pso,9,9,57,0.776862588298014
diabetes,pso,9,9,58,0.776862588298014
diabetes,pso,9,9,59,0.776862588298014
diabetes,pso,9,9,60,0.776862588298014
diabetes,pso,9,9,61,0.776862588298014
diabetes,pso,9,9,62,0.776862588298014
diabetes,pso,9,9,63,0.776862588298014
diabetes,pso,9,9,64,0.776862588298014
diabetes,pso,9,9,65,0.776862588298014
diabetes,pso,9,9,66,0.776862588298014
diabetes,pso,9,9,67,0.776862588298014
diabetes,pso,9,9,68,0.776862588298014
diabetes,pso,9,9,69,0.776862588298014
diabetes,pso,9,9,70,0.776862588298014
diabetes,pso,9,9,71,0.776862588298014
diabetes,pso,9,9,72,0.776862588298014
diabetes,pso,9,9,73,0.776862588298014
diabetes,pso,9,9,74,0.776862588298014
diabetes,pso,9,9,75,0.776862588298014
diabetes,pso,9,9,76,0.776862588298014
diabetes,pso,9,9,77,0.776862588298014
diabetes,pso,9,9,78,0.776862588298014
diabetes,pso,9,9,79,0.776862588298014
diabetes,pso,9,9,80,0.776862588298014
diabetes,pso,9,9,81,0.776862588298014
diabetes,pso,9,9,82,0.776862588298014
diabetes,pso,9,9,83,0.776862588298014
diabetes,pso,9,9,84,0.776862588298014
diabetes,pso,9,9,85,0.776862588298014
diabetes,pso,9,9,86,0.776862588298014
diabetes,pso,9,9,87,0.776862588298014
diabetes,pso,9,9,88,0.776862588298014
diabetes,pso,9,9,89,0.776862588298014
diabetes,pso,9,9,90,0.776862588298014
diabetes,pso,9,9,91,0.7784752765560443
diabetes,pso,9,9,92,0.7784752765560443
diabetes,pso,9,9,93,0.7784752765560443
diabetes,pso,9,9,94,0.7784752765560443
diabetes,pso,9,9,95,0.7784752765560443
diabetes,pso,9,9,96,0.7784752765560443
diabetes,pso,9,9,97,0.7784752765560443
diabetes,pso,9,9,98,0.7784752765560443
diabetes,pso,9,9,99,0.7784752765560443
diabetes,pso,9,9,100,0.7784752765560443
diabetes,de,9,9,1,0.765427162468346
diabetes,de,9,9,2,0.765427162468346
diabetes,de,9,9,3,0.765427162468346
diabetes,de,9,9,4,0.765427162468346
diabetes,de,9,9,5,0.765427162468346
diabetes,de,9,9,6,0.765427162468346
diabetes,de,9,9,7,0.765427162468346
diabetes,de,9,9,8,0.765427162468346
diabetes,de,9,9,9,0.765427162468346
diabetes,de,9,9,10,0.765427162468346
diabetes,de,9,9,11,0.765427162468346
diabetes,de,9,9,12,0.765427162468346
diabetes,de,9,9,13,0.765427162468346
diabetes,de,9,9,14,0.765427162468346
diabetes,de,9,9,15,0.765427162468346
diabetes,de,9,9,16,0.765427162468346
diabetes,de,9,9,17,0.765427162468346
diabetes,de,9,9,18,0.765427162468346
diabetes,de,9,9,19,0.765427162468346
diabetes,de,9,9,20,0.765427162468346
diabetes,de,9,9,21,0.7686925229908037
diabetes,de,9,9,22,0.7686925229908037
diabetes,de,9,9,23,0.7686925229908037
diabetes,de,9,9,24,0.7686925229908037
diabetes,de,9,9,25,0.7686925229908037
diabetes,de,9,9,26,0.7686925229908037
diabetes,de,9,9,27,0.7686925229908037
diabetes,de,9,9,28,0.7686925229908037
diabetes,de,9,9,29,0.7686925229908037
diabetes,de,9,9,30,0.7686925229908037
diabetes,de,9,9,31,0.7686925229908037
diabetes,de,9,9,32,0.7719578835132613
diabetes,de,9,9,33,0.7719578835132613
diabetes,de,9,9,34,0.7719578835132613
diabetes,de,9,9,35,0.7719578835132613
diabetes,de,9,9,36,0.7719578835132614
diabetes,de,9,9,37,0.7719578835132614
diabetes,de,9,9,38,0.7719578835132614
diabetes,de,9,9,39,0.7719578835132614
diabetes,de,9,9,40,0.7719712115153938
diabetes,de,9,9,41,0.7719712115153938
diabetes,de,9,9,42,0.7719712115153938
diabetes,de,9,9,43,0.7719712115153938
diabetes,de,9,9,44,0.7719712115153938
diabetes,de,9,9,45,0.7719712115153938
diabetes,de,9,9,46,0.7719712115153938
diabetes,de,9,9,47,0.7719712115153938
diabetes,de,9,9,48,0.7719712115153938
diabetes,de,9,9,49,0.7719712115153938
diabetes,de,9,9,50,0.7719712115153938
diabetes,de,9,9,51,0.7719712115153938
diabetes,de,9,9,52,0.7719712115153938
diabetes,de,9,9,53,0.7719712115153938
diabetes,de,9,9,54,0.7719712115153938
diabetes,de,9,9,55,0.7719712115153938
diabetes,de,9,9,56,0.7719712115153938
diabetes,de,9,9,57,0.7719712115153938
diabetes,de,9,9,58,0.7719712115153938
diabetes,de,9,9,59,0.7719712115153938
diabetes,de,9,9,60,0.7719712115153938
diabetes,de,9,9,61,0.7719712115153938
diabetes,de,9,9,62,0.7719712115153938
diabetes,de,9,9,63,0.7719712115153938
diabetes,de,9,9,64,0.7719712115153938
diabetes,de,9,9,65,0.7719712115153938
diabetes,de,9,9,66,0.7719712115153938
diabetes,de,9,9,67,0.7735972277755564
diabetes,de,9,9,68,0.7735972277755564
diabetes,de,9,9,69,0.7735972277755564
diabetes,de,9,9,70,0.7735972277755564
diabetes,de,9,9,71,0.7735972277755564
diabetes,de,9,9,72,0.7735972277755564
diabetes,de,9,9,73,0.7735972277755564
diabetes,de,9,9,74,0.7735972277755564
diabetes,de,9,9,75,0.7735972277755564
diabetes,de,9,9,76,0.7735972277755564
diabetes,de,9,9,77,0.7735972277755564
diabetes,de,9,9,78,0.7735972277755564
diabetes,de,9,9,79,0.7735972277755564
diabetes,de,9,9,80,0.7735972277755564
diabetes,de,9,9,81,0.7735972277755564
diabetes,de,9,9,82,0.7735972277755564
diabetes,de,9,9,83,0.7735972277755564
diabetes,de,9,9,84,0.7735972277755564
diabetes,de,9,9,85,0.7735972277755564
diabetes,de,9,9,86,0.7735972277755564
diabetes,de,9,9,87,0.7735972277755564
diabetes,de,9,9,88,0.7735972277755564
diabetes,de,9,9,89,0.7735972277755564
diabetes,de,9,9,90,0.7735972277755564
diabetes,de,9,9,91,0.7735972277755564
diabetes,de,9,9,92,0.7735972277755564
diabetes,de,9,9,93,0.7735972277755564
diabetes,de,9,9,94,0.7735972277755564
diabetes,de,9,9,95,0.7735972277755564
diabetes,de,9,9,96,0.7735972277755564
diabetes,de,9,9,97,0.7735972277755564
diabetes,de,9,9,98,0.7735972277755564
diabetes,de,9,9,99,0.7735972277755564
diabetes,de,9,9,100,0.7735972277755564
diabetes,ga,9,9,1,0.765427162468346
diabetes,ga,9,9,2,0.765427162468346
diabetes,ga,9,9,3,0.765427162468346
diabetes,ga,9,9,4,0.765427162468346
diabetes,ga,9,9,5,0.765427162468346
diabetes,ga,9,9,6,0.765427162468346
diabetes,ga,9,9,7,0.765427162468346
diabetes,ga,9,9,8,0.765427162468346
diabetes,ga,9,9,9,0.765427162468346
diabetes,ga,9,9,10,0.765427162468346
diabetes,ga,9,9,11,0.765427162468346
diabetes,ga,9,9,12,0.765427162468346
diabetes,ga,9,9,13,0.765427162468346
diabetes,ga,9,9,14,0.765427162468346
diabetes,ga,9,9,15,0.765427162468346
diabetes,ga,9,9,16,0.765427162468346
diabetes,ga,9,9,17,0.765427162468346
diabetes,ga,9,9,18,0.765427162468346
diabetes,ga,9,9,19,0.765427162468346
diabetes,ga,9,9,20,0.765427162468346
diabetes,ga,9,9,21,0.765427162468346
diabetes,ga,9,9,22,0.765427162468346
diabetes,ga,9,9,23,0.765427162468346
diabetes,ga,9,9,24,0.765427162468346
diabetes,ga,9,9,25,0.765453818472611
diabetes,ga,9,9,26,0.765453818472611
diabetes,ga,9,9,27,0.765453818472611
diabetes,ga,9,9,28,0.765453818472611
diabetes,ga,9,9,29,0.765453818472611
diabetes,ga,9,9,30,0.765453818472611
diabetes,ga,9,9,31,0.7735972277755565
diabetes,ga,9,9,32,0.7735972277755565
diabetes,ga,9,9,33,0.7735972277755565
diabetes,ga,9,9,34,0.7735972277755565
diabetes,ga,9,9,35,0.7735972277755565
diabetes,ga,9,9,36,0.7735972277755565
diabetes,ga,9,9,37,0.7735972277755565
diabetes,ga,9,9,38,0.7735972277755565
diabetes,ga,9,9,39,0.7735972277755565
diabetes,ga,9,9,40,0.7735972277755565
diabetes,ga,9,9,41,0.7735972277755565
diabetes,ga,9,9,42,0.7735972277755565
diabetes,ga,9,9,43,0.7735972277755565
diabetes,ga,9,9,44,0.7735972277755565
diabetes,ga,9,9,45,0.7735972277755565
diabetes,ga,9,9,46,0.7735972277755565
diabetes,ga,9,9,47,0.7735972277755565
diabetes,ga,9,9,48,0.7735972277755565
diabetes,ga,9,9,49,0.7735972277755565
diabetes,ga,9,9,50,0.7735972277755565
diabetes,ga,9,9,51,0.7735972277755565
diabetes,ga,9,9,52,0.7735972277755565
diabetes,ga,9,9,53,0.7735972277755565
diabetes,ga,9,9,54,0.7735972277755565
diabetes,ga,9,9,55,0.7735972277755565
diabetes,ga,9,9,56,0.7735972277755565
diabetes,ga,9,9,57,0.7735972277755565
diabetes,ga,9,9,58,0.7735972277755565
diabetes,ga,9,9,59,0.7735972277755565
diabetes,ga,9,9,60,0.7735972277755565
diabetes,ga,9,9,61,0.7735972277755565
diabetes,ga,9,9,62,0.7735972277755565
diabetes,ga,9,9,63,0.7735972277755565
diabetes,ga,9,9,64,0.7735972277755565
diabetes,ga,9,9,65,0.7735972277755565
diabetes,ga,9,9,66,0.7735972277755565
diabetes,ga,9,9,67,0.7735972277755565
diabetes,ga,9,9,68,0.7735972277755565
diabetes,ga,9,9,69,0.7735972277755565
diabetes,ga,9,9,70,0.7735972277755565
diabetes,ga,9,9,71,0.7735972277755565
diabetes,ga,9,9,72,0.7735972277755565
diabetes,ga,9,9,73,0.7735972277755565
diabetes,ga,9,9,74,0.7735972277755565
diabetes,ga,9,9,75,0.7735972277755565
diabetes,ga,9,9,76,0.7735972277755565
diabetes,ga,9,9,77,0.7735972277755565
diabetes,ga,9,9,78,0.7735972277755565
diabetes,ga,9,9,79,0.7735972277755565
diabetes,ga,9,9,80,0.7735972277755565
diabetes,ga,9,9,81,0.7735972277755565
diabetes,ga,9,9,82,0.7735972277755565
diabetes,ga,9,9,83,0.7735972277755565
diabetes,ga,9,9,84,0.7735972277755565
diabetes,ga,9,9,85,0.7735972277755565
diabetes,ga,9,9,86,0.7735972277755565
diabetes,ga,9,9,87,0.7735972277755565
diabetes,ga,9,9,88,0.7735972277755565
diabetes,ga,9,9,89,0.7735972277755565
diabetes,ga,9,9,90,0.7735972277755565
diabetes,ga,9,9,91,0.7735972277755565
diabetes,ga,9,9,92,0.7735972277755565
diabetes,ga,9,9,93,0.7735972277755565
diabetes,ga,9,9,94,0.775223244035719
diabetes,ga,9,9,95,0.775223244035719
diabetes,ga,9,9,96,0.775223244035719
diabetes,ga,9,9,97,0.775223244035719
diabetes,ga,9,9,98,0.775223244035719
diabetes,ga,9,9,99,0.775223244035719
diabetes,ga,9,9,100,0.775223244035719
diabetes,sa,9,9,1,0.6937758230041317
diabetes,sa,9,9,2,0.6937758230041317
diabetes,sa,9,9,3,0.6937758230041317
diabetes,sa,9,9,4,0.6937758230041317
diabetes,sa,9,9,5,0.6937758230041317
diabetes,sa,9,9,6,0.6937758230041317
diabetes,sa,9,9,7,0.6937758230041317
diabetes,sa,9,9,8,0.6937758230041317
diabetes,sa,9,9,9,0.6937758230041317
diabetes,sa,9,9,10,0.6937758230041317
diabetes,sa,9,9,11,0.6937758230041317
diabetes,sa,9,9,12,0.6937758230041317
diabetes,sa,9,9,13,0.6937758230041317
diabetes,sa,9,9,14,0.6937758230041317
diabetes,sa,9,9,15,0.6937758230041317
diabetes,sa,9,9,16,0.6937758230041317
diabetes,sa,9,9,17,0.6937758230041317
diabetes,sa,9,9,18,0.6937758230041317
diabetes,sa,9,9,19,0.6970411835265894
diabetes,sa,9,9,20,0.6970545115287219
diabetes,sa,9,9,21,0.6970545115287219
diabetes,sa,9,9,22,0.6970545115287219
diabetes,sa,9,9,23,0.6970545115287219
diabetes,sa,9,9,24,0.7117019858723177
diabetes,sa,9,9,25,0.7279488204718112
diabetes,sa,9,9,26,0.7279488204718112
diabetes,sa,9,9,27,0.7279488204718112
diabetes,sa,9,9,28,0.7279488204718112
diabetes,sa,9,9,29,0.7279488204718112
diabetes,sa,9,9,30,0.7279488204718112
diabetes,sa,9,9,31,0.767093162734906
diabetes,sa,9,9,32,0.7687191789950686
diabetes,sa,9,9,33,0.7735705717712915
diabetes,sa,9,9,34,0.7735705717712915
diabetes,sa,9,9,35,0.7735705717712915
diabetes,sa,9,9,36,0.7768492602958816
diabetes,sa,9,9,37,0.7768492602958816
diabetes,sa,9,9,38,0.7768492602958816
diabetes,sa,9,9,39,0.7768492602958816
diabetes,sa,9,9,40,0.7768492602958816
diabetes,sa,9,9,41,0.7768492602958816
diabetes,sa,9,9,42,0.7768492602958816
diabetes,sa,9,9,43,0.7768492602958816
diabetes,sa,9,9,44,0.7768492602958816
diabetes,sa,9,9,45,0.7768492602958816
diabetes,sa,9,9,46,0.7768492602958816
diabetes,sa,9,9,47,0.7768492602958816
diabetes,sa,9,9,48,0.7768492602958816
diabetes,sa,9,9,49,0.7768492602958816
diabetes,sa,9,9,50,0.7768492602958816
diabetes,sa,9,9,51,0.7768492602958816
diabetes,sa,9,9,52,0.7768492602958816
diabetes,sa,9,9,53,0.7768492602958816
diabetes,sa,9,9,54,0.7768492602958816
diabetes,sa,9,9,55,0.7768492602958816
diabetes,sa,9,9,56,0.7768492602958816
diabetes,sa,9,9,57,0.7768492602958816
diabetes,sa,9,9,58,0.7768492602958816
diabetes,sa,9,9,59,0.7768492602958816
diabetes,sa,9,9,60,0.7768492602958816
diabetes,sa,9,9,61,0.7768492602958816
diabetes,sa,9,9,62,0.7768492602958816
diabetes,sa,9,9,63,0.7768492602958816
diabetes,sa,9,9,64,0.7768492602958816
diabetes,sa,9,9,65,0.7784752765560443
diabetes,sa,9,9,66,0.7784752765560443
diabetes,sa,9,9,67,0.7784752765560443
diabetes,sa,9,9,68,0.7784752765560443
diabetes,sa,9,9,69,0.7784752765560443
diabetes,sa,9,9,70,0.7784752765560443
diabetes,sa,9,9,71,0.7784752765560443
diabetes,sa,9,9,72,0.7784752765560443
diabetes,sa,9,9,73,0.7784752765560443
diabetes,sa,9,9,74,0.7784752765560443
diabetes,sa,9,9,75,0.7784752765560443
diabetes,sa,9,9,76,0.7784752765560443
diabetes,sa,9,9,77,0.7784752765560443
diabetes,sa,9,9,78,0.7784752765560443
diabetes,sa,9,9,79,0.7784752765560443
diabetes,sa,9,9,80,0.7784752765560443
diabetes,sa,9,9,81,0.7784752765560443
diabetes,sa,9,9,82,0.7784752765560443
diabetes,sa,9,9,83,0.7784752765560443
diabetes,sa,9,9,84,0.7784752765560443
diabetes,sa,9,9,85,0.7784752765560443
diabetes,sa,9,9,86,0.7784752765560443
diabetes,sa,9,9,87,0.7784752765560443
diabetes,sa,9,9,88,0.7784752765560443
diabetes,sa,9,9,89,0.7784752765560443
diabetes,sa,9,9,90,0.7784752765560443
diabetes,sa,9,9,91,0.7784752765560443
diabetes,sa,9,9,92,0.7784752765560443
diabetes,sa,9,9,93,0.7784752765560443
diabetes,sa,9,9,94,0.7784752765560443
diabetes,sa,9,9,95,0.7784752765560443
diabetes,sa,9,9,96,0.7784752765560443
diabetes,sa,9,9,97,0.7784752765560443
diabetes,sa,9,9,98,0.7784752765560443
diabetes,sa,9,9,99,0.7784752765560443
diabetes,sa,9,9,100,0.7784752765560443
diabetes,grid,10,10,1,0.6514727442356391
diabetes,grid,10,10,2,0.6514727442356391
diabetes,grid,10,10,3,0.6514727442356391
diabetes,grid,10,10,4,0.6514727442356391
diabetes,grid,10,10,5,0.6514727442356391
diabetes,grid,10,10,6,0.6514727442356391
diabetes,grid,10,10,7,0.6514727442356391
diabetes,grid,10,10,8,0.6514727442356391
diabetes,grid,10,10,9,0.6514727442356391
diabetes,grid,10,10,10,0.6514727442356391
diabetes,grid,10,10,11,0.6514727442356391
diabetes,grid,10,10,12,0.6514727442356391
diabetes,grid,10,10,13,0.6514727442356391
diabetes,grid,10,10,14,0.6514727442356391
diabetes,grid,10,10,15,0.6514860722377716
diabetes,grid,10,10,16,0.7491669998667201
diabetes,grid,10,10,17,0.7556444089031054
diabetes,grid,10,10,18,0.7556444089031054
diabetes,grid,10,10,19,0.7556444089031054
diabetes,grid,10,10,20,0.7556444089031054
diabetes,grid,10,10,21,0.7556444089031054
diabetes,grid,10,10,22,0.7556444089031054
diabetes,grid,10,10,23,0.7556444089031054
diabetes,grid,10,10,24,0.7556444089031054
diabetes,grid,10,10,25,0.7572570971611355
diabetes,grid,10,10,26,0.7751299480207916
diabetes,grid,10,10,27,0.7751299480207916
diabetes,grid,10,10,28,0.7751299480207916
diabetes,grid,10,10,29,0.7751299480207916
diabetes,grid,10,10,30,0.7751299480207916
diabetes,grid,10,10,31,0.7751299480207916
diabetes,grid,10,10,32,0.7751299480207916
diabetes,grid,10,10,33,0.7751299480207916
diabetes,grid,10,10,34,0.7751299480207916
diabetes,grid,10,10,35,0.7751299480207916
diabetes,grid,10,10,36,0.7751299480207916
diabetes,grid,10,10,37,0.7751299480207916
diabetes,grid,10,10,38,0.7751299480207916
diabetes,grid,10,10,39,0.7751299480207916
diabetes,grid,10,10,40,0.7751299480207916
diabetes,grid,10,10,41,0.7751299480207916
diabetes,grid,10,10,42,0.7751299480207916
diabetes,grid,10,10,43,0.7751299480207916
diabetes,grid,10,10,44,0.7751299480207916
diabetes,grid,10,10,45,0.7751699320271891
diabetes,grid,10,10,46,0.7751699320271891
diabetes,grid,10,10,47,0.7751699320271891
diabetes,grid,10,10,48,0.7751699320271891
diabetes,grid,10,10,49,0.7751699320271891
diabetes,grid,10,10,50,0.7751699320271891
diabetes,grid,10,10,51,0.7751699320271891
diabetes,grid,10,10,52,0.7751699320271891
diabetes,grid,10,10,53,0.7751699320271891
diabetes,grid,10,10,54,0.7751699320271891
diabetes,grid,10,10,55,0.7751699320271891
diabetes,grid,10,10,56,0.7751699320271891
diabetes,grid,10,10,57,0.7751699320271891
diabetes,grid,10,10,58,0.7751699320271891
diabetes,grid,10,10,59,0.7751699320271891
diabetes,grid,10,10,60,0.7751699320271891
diabetes,grid,10,10,61,0.7751699320271891
diabetes,grid,10,10,62,0.7751699320271891
diabetes,grid,10,10,63,0.7751699320271891
diabetes,grid,10,10,64,0.7751699320271891
diabetes,grid,10,10,65,0.7751699320271891
diabetes,grid,10,10,66,0.7751699320271891
diabetes,grid,10,10,67,0.7751699320271891
diabetes,grid,10,10,68,0.7751699320271891
diabetes,grid,10,10,69,0.7751699320271891
diabetes,grid,10,10,70,0.7751699320271891
diabetes,grid,10,10,71,0.7751699320271891
diabetes,grid,10,10,72,0.7751699320271891
diabetes,grid,10,10,73,0.7751699320271891
diabetes,grid,10,10,74,0.7751699320271891
diabetes,grid,10,10,75,0.7751699320271891
diabetes,grid,10,10,76,0.7751699320271891
diabetes,grid,10,10,77,0.7751699320271891
diabetes,grid,10,10,78,0.7751699320271891
diabetes,grid,10,10,79,0.7751699320271891
diabetes,grid,10,10,80,0.7751699320271891
diabetes,grid,10,10,81,0.7751699320271891
diabetes,grid,10,10,82,0.7751699320271891
diabetes,grid,10,10,83,0.7751699320271891
diabetes,grid,10,10,84,0.7751699320271891
diabetes,grid,10,10,85,0.7751699320271891
diabetes,grid,10,10,86,0.7751699320271891
diabetes,grid,10,10,87,0.7751699320271891
diabetes,grid,10,10,88,0.7751699320271891
diabetes,grid,10,10,89,0.7751699320271891
diabetes,grid,10,10,90,0.7751699320271891
diabetes,grid,10,10,91,0.7751699320271891
diabetes,grid,10,10,92,0.7751699320271891
diabetes,grid,10,10,93,0.7751699320271891
diabetes,grid,10,10,94,0.7751699320271891
diabetes,grid,10,10,95,0.7751699320271891
diabetes,grid,10,10,96,0.7751699320271891
diabetes,grid,10,10,97,0.7751699320271891
diabetes,grid,10,10,98,0.7751699320271891
diabetes,grid,10,10,99,0.7751699320271891
diabetes,grid,10,10,100,0.7751699320271891
diabetes,random,10,10,1,0.682353725176596
diabetes,random,10,10,2,0.7572304411568707
diabetes,random,10,10,3,0.7572304411568707
diabetes,random,10,10,4,0.7572304411568707
diabetes,random,10,10,5,0.7572304411568707
diabetes,random,10,10,6,0.7572304411568707
diabetes,random,10,10,7,0.7572304411568707
diabetes,random,10,10,8,0.7572304411568707
diabetes,random,10,10,9,0.7572304411568707
diabetes,random,10,10,10,0.7572304411568707
diabetes,random,10,10,11,0.7572304411568707
diabetes,random,10,10,12,0.7572304411568707
diabetes,random,10,10,13,0.7621351459416233
diabetes,random,10,10,14,0.7621351459416233
diabetes,random,10,10,15,0.7767826202852193
diabetes,random,10,10,16,0.7767826202852193
diabetes,random,10,10,17,0.7767826202852193
diabetes,random,10,10,18,0.7767826202852193
diabetes,random,10,10,19,0.7767826202852193
diabetes,random,10,10,20,0.7767826202852193
diabetes,random,10,10,21,0.7767826202852193
diabetes,random,10,10,22,0.7767826202852193
diabetes,random,10,10,23,0.7767826202852193
diabetes,random,10,10,24,0.7767826202852193
diabetes,random,10,10,25,0.7767826202852193
diabetes,random,10,10,26,0.7767826202852193
diabetes,random,10,10,27,0.7767826202852193
diabetes,random,10,10,28,0.7767826202852193
diabetes,random,10,10,29,0.7767826202852193
diabetes,random,10,10,30,0.7767826202852193
diabetes,random,10,10,31,0.7767826202852193
diabetes,random,10,10,32,0.7767826202852193
diabetes,random,10,10,33,0.7767826202852193
diabetes,random,10,10,34,0.7767826202852193
diabetes,random,10,10,35,0.7767826202852193
diabetes,random,10,10,36,0.7767826202852193
diabetes,random,10,10,37,0.7767826202852193
diabetes,random,10,10,38,0.7767826202852193
diabetes,random,10,10,39,0.7767826202852193
diabetes,random,10,10,40,0.7767826202852193
diabetes,random,10,10,41,0.7767826202852193
diabetes,random,10,10,42,0.7767826202852193
diabetes,random,10,10,43,0.7767826202852193
diabetes,random,10,10,44,0.7767826202852193
diabetes,random,10,10,45,0.7767826202852193
diabetes,random,10,10,46,0.7767826202852193
diabetes,random,10,10,47,0.7767826202852193
diabetes,random,10,10,48,0.7767826202852193
diabetes,random,10,10,49,0.7767826202852193
diabetes,random,10,10,50,0.7767826202852193
diabetes,random,10,10,51,0.7767826202852193
diabetes,random,10,10,52,0.7767826202852193
diabetes,random,10,10,53,0.7767826202852193
diabetes,random,10,10,54,0.7767826202852193
diabetes,random,10,10,55,0.7767826202852193
diabetes,random,10,10,56,0.7767826202852193
diabetes,random,10,10,57,0.7767959482873517
diabetes,random,10,10,58,0.7767959482873517
diabetes,random,10,10,59,0.7767959482873517
diabetes,random,10,10,60,0.7767959482873517
diabetes,random,10,10,61,0.7767959482873517
diabetes,random,10,10,62,0.7767959482873517
diabetes,random,10,10,63,0.7767959482873517
diabetes,random,10,10,64,0.7767959482873517
diabetes,random,10,10,65,0.7767959482873517
diabetes,random,10,10,66,0.7767959482873517
diabetes,random,10,10,67,0.7767959482873517
diabetes,random,10,10,68,0.7767959482873517
diabetes,random,10,10,69,0.7767959482873517
diabetes,random,10,10,70,0.7767959482873517
diabetes,random,10,10,71,0.7767959482873517
diabetes,random,10,10,72,0.7767959482873517
diabetes,random,10,10,73,0.7767959482873517
diabetes,random,10,10,74,0.7767959482873517
diabetes,random,10,10,75,0.7767959482873517
diabetes,random,10,10,76,0.7767959482873517
diabetes,random,10,10,77,0.7767959482873517
diabetes,random,10,10,78,0.7767959482873517
diabetes,random,10,10,79,0.7767959482873517
diabetes,random,10,10,80,0.7767959482873517
diabetes,random,10,10,81,0.7767959482873517
diabetes,random,10,10,82,0.7767959482873517
diabetes,random,10,10,83,0.7767959482873517
diabetes,random,10,10,84,0.7767959482873517
diabetes,random,10,10,85,0.7767959482873517
diabetes,random,10,10,86,0.7767959482873517
diabetes,random,10,10,87,0.7767959482873517
diabetes,random,10,10,88,0.7767959482873517
diabetes,random,10,10,89,0.7767959482873517
diabetes,random,10,10,90,0.7767959482873517
diabetes,random,10,10,91,0.7767959482873517
diabetes,random,10,10,92,0.7767959482873517
diabetes,random,10,10,93,0.7767959482873517
diabetes,random,10,10,94,0.7767959482873517
diabetes,random,10,10,95,0.7767959482873517
diabetes,random,10,10,96,0.7767959482873517
diabetes,random,10,10,97,0.7767959482873517
diabetes,random,10,10,98,0.7767959482873517
diabetes,random,10,10,99,0.7767959482873517
diabetes,random,10,10,100,0.7767959482873517
diabetes,bo_tpe,10,10,1,0.682353725176596
diabetes,bo_tpe,10,10,2,0.7572304411568707
diabetes,bo_tpe,10,10,3,0.7572304411568707
diabetes,bo_tpe,10,10,4,0.7572304411568707
diabetes,bo_tpe,10,10,5,0.7572304411568707
diabetes,bo_tpe,10,10,6,0.7572304411568707
diabetes,bo_tpe,10,10,7,0.7572304411568707
diabetes,bo_tpe,10,10,8,0.7572304411568707
diabetes,bo_tpe,10,10,9,0.7572304411568707
diabetes,bo_tpe,10,10,10,0.7572304411568707
diabetes,bo_tpe,10,10,11,0.7572304411568707
diabetes,bo_tpe,10,10,12,0.7702385712381714
diabetes,bo_tpe,10,10,13,0.7702385712381714
diabetes,bo_tpe,10,10,14,0.7702385712381714
diabetes,bo_tpe,10,10,15,0.7702385712381714
diabetes,bo_tpe,10,10,16,0.7702385712381714
diabetes,bo_tpe,10,10,17,0.7702385712381714
diabetes,bo_tpe,10,10,18,0.7702385712381714
diabetes,bo_tpe,10,10,19,0.7702385712381714
diabetes,bo_tpe,10,10,20,0.7702385712381714
diabetes,bo_tpe,10,10,21,0.7702385712381714
diabetes,bo_tpe,10,10,22,0.7702385712381714
diabetes,bo_tpe,10,10,23,0.7702918832467013
diabetes,bo_tpe,10,10,24,0.7702918832467013
diabetes,bo_tpe,10,10,25,0.7702918832467013
diabetes,bo_tpe,10,10,26,0.7702918832467013
diabetes,bo_tpe,10,10,27,0.7702918832467013
diabetes,bo_tpe,10,10,28,0.7702918832467013
diabetes,bo_tpe,10,10,29,0.7702918832467013
diabetes,bo_tpe,10,10,30,0.7702918832467013
diabetes,bo_tpe,10,10,31,0.7702918832467013
diabetes,bo_tpe,10,10,32,0.7702918832467013
diabetes,bo_tpe,10,10,33,0.7702918832467013
diabetes,bo_tpe,10,10,34,0.7702918832467013
diabetes,bo_tpe,10,10,35,0.7702918832467013
diabetes,bo_tpe,10,10,36,0.7702918832467013
diabetes,bo_tpe,10,10,37,0.7702918832467013
diabetes,bo_tpe,10,10,38,0.7702918832467013
diabetes,bo_tpe,10,10,39,0.771864587498334
diabetes,bo_tpe,10,10,40,0.771864587498334
diabetes,bo_tpe,10,10,41,0.771864587498334
diabetes,bo_tpe,10,10,42,0.7735039317606291
diabetes,bo_tpe,10,10,43,0.7735039317606291
diabetes,bo_tpe,10,10,44,0.7735039317606291
diabetes,bo_tpe,10,10,45,0.7735039317606291
diabetes,bo_tpe,10,10,46,0.7751299480207916
diabetes,bo_tpe,10,10,47,0.7751299480207916
diabetes,bo_tpe,10,10,48,0.7751299480207916
diabetes,bo_tpe,10,10,49,0.7751299480207916
diabetes,bo_tpe,10,10,50,0.7751299480207916
diabetes,bo_tpe,10,10,51,0.7751299480207916
diabetes,bo_tpe,10,10,52,0.7751299480207916
diabetes,bo_tpe,10,10,53,0.7751299480207916
diabetes,bo_tpe,10,10,54,0.7751299480207916
diabetes,bo_tpe,10,10,55,0.7751299480207916
diabetes,bo_tpe,10,10,56,0.7751299480207916
diabetes,bo_tpe,10,10,57,0.7751299480207916
diabetes,bo_tpe,10,10,58,0.7751299480207916
diabetes,bo_tpe,10,10,59,0.7751299480207916
diabetes,bo_tpe,10,10,60,0.7751299480207916
diabetes,bo_tpe,10,10,61,0.7751299480207916
diabetes,bo_tpe,10,10,62,0.7751299480207916
diabetes,bo_tpe,10,10,63,0.7767959482873517
diabetes,bo_tpe,10,10,64,0.7767959482873517
diabetes,bo_tpe,10,10,65,0.7767959482873517
diabetes,bo_tpe,10,10,66,0.7767959482873517
diabetes,bo_tpe,10,10,67,0.7767959482873517
diabetes,bo_tpe,10,10,68,0.7767959482873517
diabetes,bo_tpe,10,10,69,0.7767959482873517
diabetes,bo_tpe,10,10,70,0.7767959482873517
diabetes,bo_tpe,10,10,71,0.7767959482873517
diabetes,bo_tpe,10,10,72,0.7767959482873517
diabetes,bo_tpe,10,10,73,0.7767959482873517
diabetes,bo_tpe,10,10,74,0.7767959482873517
diabetes,bo_tpe,10,10,75,0.7767959482873517
diabetes,bo_tpe,10,10,76,0.7767959482873517
diabetes,bo_tpe,10,10,77,0.7767959482873517
diabetes,bo_tpe,10,10,78,0.7784086365453817
diabetes,bo_tpe,10,10,79,0.7784086365453817
diabetes,bo_tpe,10,10,80,0.7784086365453817
diabetes,bo_tpe,10,10,81,0.7784086365453817
diabetes,bo_tpe,10,10,82,0.7784086365453817
diabetes,bo_tpe,10,10,83,0.7784086365453817
diabetes,bo_tpe,10,10,84,0.7784086365453817
diabetes,bo_tpe,10,10,85,0.7784086365453817
diabetes,bo_tpe,10,10,86,0.7784086365453817
diabetes,bo_tpe,10,10,87,0.7784086365453817
diabetes,bo_tpe,10,10,88,0.7784086365453817
diabetes,bo_tpe,10,10,89,0.7784086365453817
diabetes,bo_tpe,10,10,90,0.7784086365453817
diabetes,bo_tpe,10,10,91,0.7784086365453817
diabetes,bo_tpe,10,10,92,0.7784086365453817
diabetes,bo_tpe,10,10,93,0.7784086365453817
diabetes,bo_tpe,10,10,94,0.7784086365453817
diabetes,bo_tpe,10,10,95,0.7784086365453817
diabetes,bo_tpe,10,10,96,0.7784086365453817
diabetes,bo_tpe,10,10,97,0.7784086365453817
diabetes,bo_tpe,10,10,98,0.7784086365453817
diabetes,bo_tpe,10,10,99,0.7784086365453817
diabetes,bo_tpe,10,10,100,0.7784086365453817
diabetes,pso,10,10,1,0.7702785552445688
diabetes,pso,10,10,2,0.7702785552445688
diabetes,pso,10,10,3,0.7702785552445688
diabetes,pso,10,10,4,0.7702785552445688
diabetes,pso,10,10,5,0.7702785552445688
diabetes,pso,10,10,6,0.7702785552445688
diabetes,pso,10,10,7,0.7702785552445688
diabetes,pso,10,10,8,0.7702785552445688
diabetes,pso,10,10,9,0.7702785552445688
diabetes,pso,10,10,10,0.7767959482873519
diabetes,pso,10,10,11,0.7767959482873519
diabetes,pso,10,10,12,0.7767959482873519
diabetes,pso,10,10,13,0.7767959482873519
diabetes,pso,10,10,14,0.7767959482873519
diabetes,pso,10,10,15,0.7767959482873519
diabetes,pso,10,10,16,0.7816473410635746
diabetes,pso,10,10,17,0.7816473410635746
diabetes,pso,10,10,18,0.7816473410635746
diabetes,pso,10,10,19,0.7816473410635746
diabetes,pso,10,10,20,0.7816473410635746
diabetes,pso,10,10,21,0.7816473410635746
diabetes,pso,10,10,22,0.7816473410635746
diabetes,pso,10,10,23,0.7816473410635746
diabetes,pso,10,10,24,0.7816473410635746
diabetes,pso,10,10,25,0.7816473410635746
diabetes,pso,10,10,26,0.7816473410635746
diabetes,pso,10,10,27,0.7816473410635746
diabetes,pso,10,10,28,0.7816473410635746
diabetes,pso,10,10,29,0.7816473410635746
diabetes,pso,10,10,30,0.7816473410635746
diabetes,pso,10,10,31,0.7816473410635746
diabetes,pso,10,10,32,0.7816473410635746
diabetes,pso,10,10,33,0.7816473410635746
diabetes,pso,10,10,34,0.7816473410635746
diabetes,pso,10,10,35,0.7816473410635746
diabetes,pso,10,10,36,0.7816473410635746
diabetes,pso,10,10,37,0.7816473410635746
diabetes,pso,10,10,38,0.7816473410635746
diabetes,pso,10,10,39,0.7816473410635746
diabetes,pso,10,10,40,0.7816473410635746
diabetes,pso,10,10,41,0.7816473410635746
diabetes,pso,10,10,42,0.7816473410635746
diabetes,pso,10,10,43,0.7816473410635746
diabetes,pso,10,10,44,0.7816473410635746
diabetes,pso,10,10,45,0.7816473410635746
diabetes,pso,10,10,46,0.7816473410635746
diabetes,pso,10,10,47,0.7816473410635746
diabetes,pso,10,10,48,0.7816473410635746
diabetes,pso,10,10,49,0.7816473410635746
diabetes,pso,10,10,50,0.7816473410635746
diabetes,pso,10,10,51,0.7816473410635746
diabetes,pso,10,10,52,0.7816473410635746
diabetes,pso,10,10,53,0.7816473410635746
diabetes,pso,10,10,54,0.7816473410635746
diabetes,pso,10,10,55,0.7816473410635746
diabetes,pso,10,10,56,0.7816473410635746
diabetes,pso,10,10,57,0.7816473410635746
diabetes,pso,10,10,58,0.7816473410635746
diabetes,pso,10,10,59,0.7816473410635746
diabetes,pso,10,10,60,0.7816473410635746
diabetes,pso,10,10,61,0.7816473410635746
diabetes,pso,10,10,62,0.7816473410635746
diabetes,pso,10,10,63,0.7816473410635746
diabetes,pso,10,10,64,0.7816473410635746
diabetes,pso,10,10,65,0.7816473410635746
diabetes,pso,10,10,66,0.7816473410635746
diabetes,pso,10,10,67,0.7816473410635746
diabetes,pso,10,10,68,0.7816473410635746
diabetes,pso,10,10,69,0.7816473410635746
diabetes,pso,10,10,70,0.7816473410635746
diabetes,pso,10,10,71,0.7816473410635746
diabetes,pso,10,10,72,0.7816473410635746
diabetes,pso,10,10,73,0.7816473410635746
diabetes,pso,10,10,74,0.7816473410635746
diabetes,pso,10,10,75,0.7816473410635746
diabetes,pso,10,10,76,0.7816473410635746
diabetes,pso,10,10,77,0.7816473410635746
diabetes,pso,10,10,78,0.7816473410635746
diabetes,pso,10,10,79,0.7816473410635746
diabetes,pso,10,10,80,0.7816473410635746
diabetes,pso,10,10,81,0.7816473410635746
diabetes,pso,10,10,82,0.7816473410635746
diabetes,pso,10,10,83,0.7816473410635746
diabetes,pso,10,10,84,0.7816473410635746
diabetes,pso,10,10,85,0.7816473410635746
diabetes,pso,10,10,86,0.7816473410635746
diabetes,pso,10,10,87,0.7816473410635746
diabetes,pso,10,10,88,0.7816473410635746
diabetes,pso,10,10,89,0.7816473410635746
diabetes,pso,10,10,90,0.7816473410635746
diabetes,pso,10,10,91,0.7816473410635746
diabetes,pso,10,10,92,0.7816473410635746
diabetes,pso,10,10,93,0.7816473410635746
diabetes,pso,10,10,94,0.7816473410635746
diabetes,pso,10,10,95,0.7816473410635746
diabetes,pso,10,10,96,0.7816473410635746
diabetes,pso,10,10,97,0.7816473410635746
diabetes,pso,10,10,98,0.7816473410635746
diabetes,pso,10,10,99,0.7816473410635746
diabetes,pso,10,10,100,0.7816473410635746
diabetes,de,10,10,1,0.7637211781953884
diabetes,de,10,10,2,0.7637211781953884
diabetes,de,10,10,3,0.7637211781953884
diabetes,de,10,10,4,0.7637211781953884
diabetes,de,10,10,5,0.7637211781953884
diabetes,de,10,10,6,0.7637211781953884
diabetes,de,10,10,7,0.7637211781953884
diabetes,de,10,10,8,0.7637211781953884
diabetes,de,10,10,9,0.7637211781953884
diabetes,de,10,10,10,0.7637611622017859
diabetes,de,10,10,11,0.7637611622017859
diabetes,de,10,10,12,0.7637611622017859
diabetes,de,10,10,13,0.7702518992403039
diabetes,de,10,10,14,0.7702518992403039
diabetes,de,10,10,15,0.7702518992403039
diabetes,de,10,10,16,0.7702518992403039
diabetes,de,10,10,17,0.7702518992403039
diabetes,de,10,10,18,0.7702518992403039
diabetes,de,10,10,19,0.7702518992403039
diabetes,de,10,10,20,0.7702518992403039
diabetes,de,10,10,21,0.7702652272424364
diabetes,de,10,10,22,0.7702652272424364
diabetes,de,10,10,23,0.7702652272424364
diabetes,de,10,10,24,0.7702652272424364
diabetes,de,10,10,25,0.7702652272424364
diabetes,de,10,10,26,0.7751699320271891
diabetes,de,10,10,27,0.7751699320271891
diabetes,de,10,10,28,0.7751699320271891
diabetes,de,10,10,29,0.7751699320271891
diabetes,de,10,10,30,0.7751699320271891
diabetes,de,10,10,31,0.7751699320271891
diabetes,de,10,10,32,0.7751699320271891
diabetes,de,10,10,33,0.7751699320271891
diabetes,de,10,10,34,0.7751699320271891
diabetes,de,10,10,35,0.7767826202852193
diabetes,de,10,10,36,0.7767826202852193
diabetes,de,10,10,37,0.7767826202852193
diabetes,de,10,10,38,0.7767826202852193
diabetes,de,10,10,39,0.7767826202852193
diabetes,de,10,10,40,0.7767826202852193
diabetes,de,10,10,41,0.7767826202852193
diabetes,de,10,10,42,0.7767826202852193
diabetes,de,10,10,43,0.7767826202852193
diabetes,de,10,10,44,0.7767826202852193
diabetes,de,10,10,45,0.7767826202852193
diabetes,de,10,10,46,0.7767826202852193
diabetes,de,10,10,47,0.7767826202852193
diabetes,de,10,10,48,0.7767826202852193
diabetes,de,10,10,49,0.7767826202852193
diabetes,de,10,10,50,0.7767826202852193
diabetes,de,10,10,51,0.7767826202852193
diabetes,de,10,10,52,0.7767826202852193
diabetes,de,10,10,53,0.7767826202852193
diabetes,de,10,10,54,0.7767826202852193
diabetes,de,10,10,55,0.7767826202852193
diabetes,de,10,10,56,0.7767826202852193
diabetes,de,10,10,57,0.7767826202852193
diabetes,de,10,10,58,0.7767826202852193
diabetes,de,10,10,59,0.7767826202852193
diabetes,de,10,10,60,0.7767826202852193
diabetes,de,10,10,61,0.7767826202852193
diabetes,de,10,10,62,0.7767826202852193
diabetes,de,10,10,63,0.7767826202852193
diabetes,de,10,10,64,0.7767826202852193
diabetes,de,10,10,65,0.7767826202852193
diabetes,de,10,10,66,0.7767826202852193
diabetes,de,10,10,67,0.7767826202852193
diabetes,de,10,10,68,0.7767826202852193
diabetes,de,10,10,69,0.7784086365453818
diabetes,de,10,10,70,0.7784086365453818
diabetes,de,10,10,71,0.7784086365453818
diabetes,de,10,10,72,0.7784086365453818
diabetes,de,10,10,73,0.7784086365453818
diabetes,de,10,10,74,0.7784086365453818
diabetes,de,10,10,75,0.7784086365453818
diabetes,de,10,10,76,0.7784086365453818
diabetes,de,10,10,77,0.7784086365453818
diabetes,de,10,10,78,0.7784086365453818
diabetes,de,10,10,79,0.7784086365453818
diabetes,de,10,10,80,0.7784086365453818
diabetes,de,10,10,81,0.7784086365453818
diabetes,de,10,10,82,0.7784086365453818
diabetes,de,10,10,83,0.7784086365453818
diabetes,de,10,10,84,0.7784086365453818
diabetes,de,10,10,85,0.7784086365453818
diabetes,de,10,10,86,0.7784086365453818
diabetes,de,10,10,87,0.7784086365453818
diabetes,de,10,10,88,0.7784086365453818
diabetes,de,10,10,89,0.7784086365453818
diabetes,de,10,10,90,0.7784086365453818
diabetes,de,10,10,91,0.7784086365453818
diabetes,de,10,10,92,0.7784086365453818
diabetes,de,10,10,93,0.7784086365453818
diabetes,de,10,10,94,0.7784086365453818
diabetes,de,10,10,95,0.7784086365453818
diabetes,de,10,10,96,0.7784086365453818
diabetes,de,10,10,97,0.7784086365453818
diabetes,de,10,10,98,0.7784086365453818
diabetes,de,10,10,99,0.7784086365453818
diabetes,de,10,10,100,0.7784086365453818
diabetes,ga,10,10,1,0.7637211781953884
diabetes,ga,10,10,2,0.7637211781953884
diabetes,ga,10,10,3,0.7637211781953884
diabetes,ga,10,10,4,0.7637211781953884
diabetes,ga,10,10,5,0.7637211781953884
diabetes,ga,10,10,6,0.7637211781953884
diabetes,ga,10,10,7,0.7637211781953884
diabetes,ga,10,10,8,0.7637211781953884
diabetes,ga,10,10,9,0.7637211781953884
diabetes,ga,10,10,10,0.7637611622017859
diabetes,ga,10,10,11,0.7637611622017859
diabetes,ga,10,10,12,0.7637611622017859
diabetes,ga,10,10,13,0.7702518992403039
diabetes,ga,10,10,14,0.7702518992403039
diabetes,ga,10,10,15,0.7702518992403039
diabetes,ga,10,10,16,0.7702518992403039
diabetes,ga,10,10,17,0.7702518992403039
diabetes,ga,10,10,18,0.7702518992403039
diabetes,ga,10,10,19,0.7702518992403039
diabetes,ga,10,10,20,0.7702518992403039
diabetes,ga,10,10,21,0.7702518992403039
diabetes,ga,10,10,22,0.7702518992403039
diabetes,ga,10,10,23,0.7702518992403039
diabetes,ga,10,10,24,0.7751566040250566
diabetes,ga,10,10,25,0.7751566040250566
diabetes,ga,10,10,26,0.7751566040250566
diabetes,ga,10,10,27,0.7751566040250566
diabetes,ga,10,10,28,0.7751566040250566
diabetes,ga,10,10,29,0.7751566040250566
diabetes,ga,10,10,30,0.7751566040250566
diabetes,ga,10,10,31,0.7767959482873517
diabetes,ga,10,10,32,0.7767959482873517
diabetes,ga,10,10,33,0.7767959482873517
diabetes,ga,10,10,34,0.7767959482873517
diabetes,ga,10,10,35,0.7767959482873517
diabetes,ga,10,10,36,0.7767959482873517
diabetes,ga,10,10,37,0.7767959482873517
diabetes,ga,10,10,38,0.7767959482873517
diabetes,ga,10,10,39,0.7767959482873517
diabetes,ga,10,10,40,0.7767959482873517
diabetes,ga,10,10,41,0.7767959482873517
diabetes,ga,10,10,42,0.7767959482873517
diabetes,ga,10,10,43,0.7767959482873517
diabetes,ga,10,10,44,0.7767959482873517
diabetes,ga,10,10,45,0.7767959482873517
diabetes,ga,10,10,46,0.7767959482873517
diabetes,ga,10,10,47,0.7767959482873517
diabetes,ga,10,10,48,0.7767959482873517
diabetes,ga,10,10,49,0.7767959482873517
diabetes,ga,10,10,50,0.7767959482873517
diabetes,ga,10,10,51,0.7767959482873517
diabetes,ga,10,10,52,0.7784219645475143
diabetes,ga,10,10,53,0.7784219645475143
diabetes,ga,10,10,54,0.7784219645475143
diabetes,ga,10,10,55,0.7784219645475143
diabetes,ga,10,10,56,0.7784219645475143
diabetes,ga,10,10,57,0.7784219645475143
diabetes,ga,10,10,58,0.7784219645475143
diabetes,ga,10,10,59,0.7784219645475143
diabetes,ga,10,10,60,0.7784219645475143
diabetes,ga,10,10,61,0.7784219645475143
diabetes,ga,10,10,62,0.7784219645475143
diabetes,ga,10,10,63,0.7784219645475143
diabetes,ga,10,10,64,0.7784219645475143
diabetes,ga,10,10,65,0.7784219645475143
diabetes,ga,10,10,66,0.7784219645475143
diabetes,ga,10,10,67,0.7784219645475143
diabetes,ga,10,10,68,0.7784219645475143
diabetes,ga,10,10,69,0.7784219645475143
diabetes,ga,10,10,70,0.7784219645475143
diabetes,ga,10,10,71,0.7784219645475143
diabetes,ga,10,10,72,0.7784219645475143
diabetes,ga,10,10,73,0.7784219645475143
diabetes,ga,10,10,74,0.7784219645475143
diabetes,ga,10,10,75,0.7784219645475143
diabetes,ga,10,10,76,0.7784219645475143
diabetes,ga,10,10,77,0.7784219645475143
diabetes,ga,10,10,78,0.7784219645475143
diabetes,ga,10,10,79,0.7784219645475143
diabetes,ga,10,10,80,0.7784219645475143
diabetes,ga,10,10,81,0.7784219645475143
diabetes,ga,10,10,82,0.7784219645475143
diabetes,ga,10,10,83,0.7784219645475143
diabetes,ga,10,10,84,0.7784219645475143
diabetes,ga,10,10,85,0.7784219645475143
diabetes,ga,10,10,86,0.7784219645475143
diabetes,ga,10,10,87,0.7784219645475143
diabetes,ga,10,10,88,0.7784219645475143
diabetes,ga,10,10,89,0.7784219645475143
diabetes,ga,10,10,90,0.7784219645475143
diabetes,ga,10,10,91,0.7784219645475143
diabetes,ga,10,10,92,0.7784219645475143
diabetes,ga,10,10,93,0.7784219645475143
diabetes,ga,10,10,94,0.7784219645475143
diabetes,ga,10,10,95,0.7784219645475143
diabetes,ga,10,10,96,0.7784219645475143
diabetes,ga,10,10,97,0.7784219645475143
diabetes,ga,10,10,98,0.7784219645475143
diabetes,ga,10,10,99,0.7784219645475143
diabetes,ga,10,10,100,0.7784219645475143
diabetes,sa,10,10,1,0.682353725176596
diabetes,sa,10,10,2,0.682353725176596
diabetes,sa,10,10,3,0.682353725176596
diabetes,sa,10,10,4,0.682353725176596
diabetes,sa,10,10,5,0.682353725176596
diabetes,sa,10,10,6,0.682353725176596
diabetes,sa,10,10,7,0.682353725176596
diabetes,sa,10,10,8,0.682353725176596
diabetes,sa,10,10,9,0.682353725176596
diabetes,sa,10,10,10,0.682353725176596
diabetes,sa,10,10,11,0.6839930694388912
diabetes,sa,10,10,12,0.6839930694388912
diabetes,sa,10,10,13,0.6839930694388912
diabetes,sa,10,10,14,0.6839930694388912
diabetes,sa,10,10,15,0.6839930694388912
diabetes,sa,10,10,16,0.6839930694388912
diabetes,sa,10,10,17,0.6839930694388912
diabetes,sa,10,10,18,0.6839930694388912
diabetes,sa,10,10,19,0.6839930694388912
diabetes,sa,10,10,20,0.6839930694388912
diabetes,sa,10,10,21,0.6839930694388912
diabetes,sa,10,10,22,0.7034519525523125
diabetes,sa,10,10,23,0.7442223110755698
diabetes,sa,10,10,24,0.7442223110755698
diabetes,sa,10,10,25,0.7474743435958949
diabetes,sa,10,10,26,0.7474743435958949
diabetes,sa,10,10,27,0.7474743435958949
diabetes,sa,10,10,28,0.7686525389844062
diabetes,sa,10,10,29,0.7686525389844062
diabetes,sa,10,10,30,0.7686525389844062
diabetes,sa,10,10,31,0.7686525389844062
diabetes,sa,10,10,32,0.7686525389844062
diabetes,sa,10,10,33,0.7686525389844062
diabetes,sa,10,10,34,0.7686525389844062
diabetes,sa,10,10,35,0.7686525389844062
diabetes,sa,10,10,36,0.7686525389844062
diabetes,sa,10,10,37,0.7784219645475143
diabetes,sa,10,10,38,0.7784219645475143
diabetes,sa,10,10,39,0.7784219645475143
diabetes,sa,10,10,40,0.7784219645475143
diabetes,sa,10,10,41,0.7784219645475143
diabetes,sa,10,10,42,0.7784219645475143
diabetes,sa,10,10,43,0.7784219645475143
diabetes,sa,10,10,44,0.7784219645475143
diabetes,sa,10,10,45,0.7784219645475143
diabetes,sa,10,10,46,0.7784219645475143
diabetes,sa,10,10,47,0.7784219645475143
diabetes,sa,10,10,48,0.7784219645475143
diabetes,sa,10,10,49,0.7784219645475143
diabetes,sa,10,10,50,0.7784219645475143
diabetes,sa,10,10,51,0.7784219645475143
diabetes,sa,10,10,52,0.7784219645475143
diabetes,sa,10,10,53,0.7784219645475143
diabetes,sa,10,10,54,0.7784219645475143
diabetes,sa,10,10,55,0.7784219645475143
diabetes,sa,10,10,56,0.7784219645475143
diabetes,sa,10,10,57,0.7784219645475143
diabetes,sa,10,10,58,0.7784219645475143
diabetes,sa,10,10,59,0.7784219645475143
diabetes,sa,10,10,60,0.7784219645475143
diabetes,sa,10,10,61,0.7784219645475143
diabetes,sa,10,10,62,0.7784219645475143
diabetes,sa,10,10,63,0.7784219645475143
diabetes,sa,10,10,64,0.7784219645475143
diabetes,sa,10,10,65,0.7784219645475143
diabetes,sa,10,10,66,0.7784219645475143
diabetes,sa,10,10,67,0.7784219645475143
diabetes,sa,10,10,68,0.7784219645475143
diabetes,sa,10,10,69,0.7784219645475143
diabetes,sa,10,10,70,0.7784219645475143
diabetes,sa,10,10,71,0.7784219645475143
diabetes,sa,10,10,72,0.7784219645475143
diabetes,sa,10,10,73,0.7784219645475143
diabetes,sa,10,10,74,0.7784219645475143
diabetes,sa,10,10,75,0.7784219645475143
diabetes,sa,10,10,76,0.7784219645475143
diabetes,sa,10,10,77,0.7784219645475143
diabetes,sa,10,10,78,0.7784219645475143
diabetes,sa,10,10,79,0.7784219645475143
diabetes,sa,10,10,80,0.7784219645475143
diabetes,sa,10,10,81,0.7784219645475143
diabetes,sa,10,10,82,0.7784219645475143
diabetes,sa,10,10,83,0.7784219645475143
diabetes,sa,10,10,84,0.7784219645475143
diabetes,sa,10,10,85,0.7784219645475143
diabetes,sa,10,10,86,0.7784219645475143
diabetes,sa,10,10,87,0.7784219645475143
diabetes,sa,10,10,88,0.7784219645475143
diabetes,sa,10,10,89,0.7784219645475143
diabetes,sa,10,10,90,0.7784219645475143
diabetes,sa,10,10,91,0.7784219645475143
diabetes,sa,10,10,92,0.7784219645475143
diabetes,sa,10,10,93,0.7784219645475143
diabetes,sa,10,10,94,0.7784219645475143
diabetes,sa,10,10,95,0.7784219645475143
diabetes,sa,10,10,96,0.7784219645475143
diabetes,sa,10,10,97,0.7784219645475143
diabetes,sa,10,10,98,0.7784219645475143
diabetes,sa,10,10,99,0.7784219645475143
diabetes,sa,10,10,100,0.7784219645475143
diabetes,grid,11,11,1,0.6514727442356391
diabetes,grid,11,11,2,0.6514727442356391
diabetes,grid,11,11,3,0.6514727442356391
diabetes,grid,11,11,4,0.6514727442356391
diabetes,grid,11,11,5,0.6514727442356391
diabetes,grid,11,11,6,0.6514727442356391
diabetes,grid,11,11,7,0.6514727442356391
diabetes,grid,11,11,8,0.6514727442356391
diabetes,grid,11,11,9,0.6514727442356391
diabetes,grid,11,11,10,0.6514727442356391
diabetes,grid,11,11,11,0.6514727442356391
diabetes,grid,11,11,12,0.6514727442356391
diabetes,grid,11,11,13,0.6514727442356391
diabetes,grid,11,11,14,0.6514727442356391
diabetes,grid,11,11,15,0.6514727442356391
diabetes,grid,11,11,16,0.7703585232573638
diabetes,grid,11,11,17,0.7703585232573638
diabetes,grid,11,11,18,0.7703585232573638
diabetes,grid,11,11,19,0.7703585232573638
diabetes,grid,11,11,20,0.7703585232573638
diabetes,grid,11,11,21,0.7703585232573638
diabetes,grid,11,11,22,0.7703585232573638
diabetes,grid,11,11,23,0.7703585232573638
diabetes,grid,11,11,24,0.7703585232573638
diabetes,grid,11,11,25,0.7703585232573638
diabetes,grid,11,11,26,0.7736372117819539
diabetes,grid,11,11,27,0.7752632280421164
diabetes,grid,11,11,28,0.7752632280421164
diabetes,grid,11,11,29,0.7752632280421164
diabetes,grid,11,11,30,0.7752632280421164
diabetes,grid,11,11,31,0.7752632280421164
diabetes,grid,11,11,32,0.7752632280421164
diabetes,grid,11,11,33,0.7752632280421164
diabetes,grid,11,11,34,0.7752632280421164
diabetes,grid,11,11,35,0.7752632280421164
diabetes,grid,11,11,36,0.7752632280421164
diabetes,grid,11,11,37,0.7768892443022791
diabetes,grid,11,11,38,0.7768892443022791
diabetes,grid,11,11,39,0.7768892443022791
diabetes,grid,11,11,40,0.7768892443022791
diabetes,grid,11,11,41,0.7768892443022791
diabetes,grid,11,11,42,0.7768892443022791
diabetes,grid,11,11,43,0.7768892443022791
diabetes,grid,11,11,44,0.7768892443022791
diabetes,grid,11,11,45,0.7768892443022791
diabetes,grid,11,11,46,0.7768892443022791
diabetes,grid,11,11,47,0.7768892443022791
diabetes,grid,11,11,48,0.7768892443022791
diabetes,grid,11,11,49,0.7768892443022791
diabetes,grid,11,11,50,0.7768892443022791
diabetes,grid,11,11,51,0.7768892443022791
diabetes,grid,11,11,52,0.7768892443022791
diabetes,grid,11,11,53,0.7768892443022791
diabetes,grid,11,11,54,0.7801279488204719
diabetes,grid,11,11,55,0.7801279488204719
diabetes,grid,11,11,56,0.7801279488204719
diabetes,grid,11,11,57,0.7801279488204719
diabetes,grid,11,11,58,0.7801279488204719
diabetes,grid,11,11,59,0.7801279488204719
diabetes,grid,11,11,60,0.7801279488204719
diabetes,grid,11,11,61,0.7801279488204719
diabetes,grid,11,11,62,0.7801279488204719
diabetes,grid,11,11,63,0.7801279488204719
diabetes,grid,11,11,64,0.7801279488204719
diabetes,grid,11,11,65,0.7801279488204719
diabetes,grid,11,11,66,0.7801279488204719
diabetes,grid,11,11,67,0.7801279488204719
diabetes,grid,11,11,68,0.7801279488204719
diabetes,grid,11,11,69,0.7801279488204719
diabetes,grid,11,11,70,0.7801279488204719
diabetes,grid,11,11,71,0.7801279488204719
diabetes,grid,11,11,72,0.7801279488204719
diabetes,grid,11,11,73,0.7801279488204719
diabetes,grid,11,11,74,0.7801279488204719
diabetes,grid,11,11,75,0.7801279488204719
diabetes,grid,11,11,76,0.7801279488204719
diabetes,grid,11,11,77,0.7801279488204719
diabetes,grid,11,11,78,0.7801279488204719
diabetes,grid,11,11,79,0.7801279488204719
diabetes,grid,11,11,80,0.7801279488204719
diabetes,grid,11,11,81,0.7801279488204719
diabetes,grid,11,11,82,0.7801279488204719
diabetes,grid,11,11,83,0.7801279488204719
diabetes,grid,11,11,84,0.7801279488204719
diabetes,grid,11,11,85,0.7801279488204719
diabetes,grid,11,11,86,0.7801279488204719
diabetes,grid,11,11,87,0.7801279488204719
diabetes,grid,11,11,88,0.7801279488204719
diabetes,grid,11,11,89,0.7801279488204719
diabetes,grid,11,11,90,0.7801279488204719
diabetes,grid,11,11,91,0.7801279488204719
diabetes,grid,11,11,92,0.7801279488204719
diabetes,grid,11,11,93,0.7801279488204719
diabetes,grid,11,11,94,0.7801279488204719
diabetes,grid,11,11,95,0.7801279488204719
diabetes,grid,11,11,96,0.7801279488204719
diabetes,grid,11,11,97,0.7801279488204719
diabetes,grid,11,11,98,0.7801279488204719
diabetes,grid,11,11,99,0.7801279488204719
diabetes,grid,11,11,100,0.7801279488204719
diabetes,random,11,11,1,0.6921231507397041
diabetes,random,11,11,2,0.7703851792616285
diabetes,random,11,11,3,0.7703851792616285
diabetes,random,11,11,4,0.7703851792616285
diabetes,random,11,11,5,0.7703851792616285
diabetes,random,11,11,6,0.7703851792616285
diabetes,random,11,11,7,0.7703851792616285
diabetes,random,11,11,8,0.7703851792616285
diabetes,random,11,11,9,0.7703851792616285
diabetes,random,11,11,10,0.7703851792616285
diabetes,random,11,11,11,0.7703851792616285
diabetes,random,11,11,12,0.7703851792616285
diabetes,random,11,11,13,0.7752099160335866
diabetes,random,11,11,14,0.7752099160335866
diabetes,random,11,11,15,0.7752099160335866
diabetes,random,11,11,16,0.7752099160335866
diabetes,random,11,11,17,0.7752099160335866
diabetes,random,11,11,18,0.7752099160335866
diabetes,random,11,11,19,0.7752099160335866
diabetes,random,11,11,20,0.7752099160335866
diabetes,random,11,11,21,0.7752632280421166
diabetes,random,11,11,22,0.7752632280421166
diabetes,random,11,11,23,0.7752632280421166
diabetes,random,11,11,24,0.7752632280421166
diabetes,random,11,11,25,0.7752632280421166
diabetes,random,11,11,26,0.7752632280421166
diabetes,random,11,11,27,0.7817672930827669
diabetes,random,11,11,28,0.7817672930827669
diabetes,random,11,11,29,0.7817672930827669
diabetes,random,11,11,30,0.7817672930827669
diabetes,random,11,11,31,0.7817672930827669
diabetes,random,11,11,32,0.7817672930827669
diabetes,random,11,11,33,0.7817672930827669
diabetes,random,11,11,34,0.7817672930827669
diabetes,random,11,11,35,0.7817672930827669
diabetes,random,11,11,36,0.7817672930827669
diabetes,random,11,11,37,0.7817672930827669
diabetes,random,11,11,38,0.7817672930827669
diabetes,random,11,11,39,0.7817672930827669
diabetes,random,11,11,40,0.7817672930827669
diabetes,random,11,11,41,0.7817672930827669
diabetes,random,11,11,42,0.7817672930827669
diabetes,random,11,11,43,0.7817672930827669
diabetes,random,11,11,44,0.7817672930827669
diabetes,random,11,11,45,0.7817672930827669
diabetes,random,11,11,46,0.7817672930827669
diabetes,random,11,11,47,0.7817672930827669
diabetes,random,11,11,48,0.7817672930827669
diabetes,random,11,11,49,0.7817672930827669
diabetes,random,11,11,50,0.7817672930827669
diabetes,random,11,11,51,0.7817672930827669
diabetes,random,11,11,52,0.7817672930827669
diabetes,random,11,11,53,0.7817672930827669
diabetes,random,11,11,54,0.7817672930827669
diabetes,random,11,11,55,0.7817672930827669
diabetes,random,11,11,56,0.7817672930827669
diabetes,random,11,11,57,0.7817672930827669
diabetes,random,11,11,58,0.7817672930827669
diabetes,random,11,11,59,0.7817672930827669
diabetes,random,11,11,60,0.7817672930827669
diabetes,random,11,11,61,0.7817672930827669
diabetes,random,11,11,62,0.7817672930827669
diabetes,random,11,11,63,0.7817672930827669
diabetes,random,11,11,64,0.7817672930827669
diabetes,random,11,11,65,0.7817672930827669
diabetes,random,11,11,66,0.7817672930827669
diabetes,random,11,11,67,0.7817672930827669
diabetes,random,11,11,68,0.7817672930827669
diabetes,random,11,11,69,0.7817672930827669
diabetes,random,11,11,70,0.7817672930827669
diabetes,random,11,11,71,0.7817672930827669
diabetes,random,11,11,72,0.7817672930827669
diabetes,random,11,11,73,0.7817672930827669
diabetes,random,11,11,74,0.7817672930827669
diabetes,random,11,11,75,0.7817672930827669
diabetes,random,11,11,76,0.7817672930827669
diabetes,random,11,11,77,0.7817672930827669
diabetes,random,11,11,78,0.7817672930827669
diabetes,random,11,11,79,0.7817672930827669
diabetes,random,11,11,80,0.7817672930827669
diabetes,random,11,11,81,0.7817672930827669
diabetes,random,11,11,82,0.7817672930827669
diabetes,random,11,11,83,0.7817672930827669
diabetes,random,11,11,84,0.7817672930827669
diabetes,random,11,11,85,0.7817672930827669
diabetes,random,11,11,86,0.7817672930827669
diabetes,random,11,11,87,0.7817672930827669
diabetes,random,11,11,88,0.7817672930827669
diabetes,random,11,11,89,0.7817672930827669
diabetes,random,11,11,90,0.7817672930827669
diabetes,random,11,11,91,0.7817672930827669
diabetes,random,11,11,92,0.7817672930827669
diabetes,random,11,11,93,0.7817672930827669
diabetes,random,11,11,94,0.7817672930827669
diabetes,random,11,11,95,0.7817672930827669
diabetes,random,11,11,96,0.7817672930827669
diabetes,random,11,11,97,0.7817672930827669
diabetes,random,11,11,98,0.7817672930827669
diabetes,random,11,11,99,0.7817672930827669
diabetes,random,11,11,100,0.7817672930827669
diabetes,bo_tpe,11,11,1,0.6921231507397041
diabetes,bo_tpe,11,11,2,0.7703851792616285
diabetes,bo_tpe,11,11,3,0.7703851792616285
diabetes,bo_tpe,11,11,4,0.7703851792616285
diabetes,bo_tpe,11,11,5,0.7703851792616285
diabetes,bo_tpe,11,11,6,0.7703851792616285
diabetes,bo_tpe,11,11,7,0.7703851792616285
diabetes,bo_tpe,11,11,8,0.7703851792616285
diabetes,bo_tpe,11,11,9,0.7703851792616285
diabetes,bo_tpe,11,11,10,0.7703851792616285
diabetes,bo_tpe,11,11,11,0.7703851792616285
diabetes,bo_tpe,11,11,12,0.773610555777689
diabetes,bo_tpe,11,11,13,0.773610555777689
diabetes,bo_tpe,11,11,14,0.773610555777689
diabetes,bo_tpe,11,11,15,0.773610555777689
diabetes,bo_tpe,11,11,16,0.773610555777689
diabetes,bo_tpe,11,11,17,0.773610555777689
diabetes,bo_tpe,11,11,18,0.773610555777689
diabetes,bo_tpe,11,11,19,0.773610555777689
diabetes,bo_tpe,11,11,20,0.773610555777689
diabetes,bo_tpe,11,11,21,0.773610555777689
diabetes,bo_tpe,11,11,22,0.773610555777689
diabetes,bo_tpe,11,11,23,0.773610555777689
diabetes,bo_tpe,11,11,24,0.773610555777689
diabetes,bo_tpe,11,11,25,0.773610555777689
diabetes,bo_tpe,11,11,26,0.773610555777689
diabetes,bo_tpe,11,11,27,0.773610555777689
diabetes,bo_tpe,11,11,28,0.773610555777689
diabetes,bo_tpe,11,11,29,0.773610555777689
diabetes,bo_tpe,11,11,30,0.773610555777689
diabetes,bo_tpe,11,11,31,0.773610555777689
diabetes,bo_tpe,11,11,32,0.773610555777689
diabetes,bo_tpe,11,11,33,0.773610555777689
diabetes,bo_tpe,11,11,34,0.773610555777689
diabetes,bo_tpe,11,11,35,0.773610555777689
diabetes,bo_tpe,11,11,36,0.773610555777689
diabetes,bo_tpe,11,11,37,0.773610555777689
diabetes,bo_tpe,11,11,38,0.773610555777689
diabetes,bo_tpe,11,11,39,0.773610555777689
diabetes,bo_tpe,11,11,40,0.773610555777689
diabetes,bo_tpe,11,11,41,0.773610555777689
diabetes,bo_tpe,11,11,42,0.7752765560442489
diabetes,bo_tpe,11,11,43,0.7768625882980142
diabetes,bo_tpe,11,11,44,0.7768625882980142
diabetes,bo_tpe,11,11,45,0.7768759163001466
diabetes,bo_tpe,11,11,46,0.7768759163001466
diabetes,bo_tpe,11,11,47,0.7768759163001466
diabetes,bo_tpe,11,11,48,0.7768759163001466
diabetes,bo_tpe,11,11,49,0.7768759163001466
diabetes,bo_tpe,11,11,50,0.7768759163001466
diabetes,bo_tpe,11,11,51,0.7768759163001466
diabetes,bo_tpe,11,11,52,0.7768759163001466
diabetes,bo_tpe,11,11,53,0.7817672930827669
diabetes,bo_tpe,11,11,54,0.7817672930827669
diabetes,bo_tpe,11,11,55,0.7817672930827669
diabetes,bo_tpe,11,11,56,0.7817672930827669
diabetes,bo_tpe,11,11,57,0.7817672930827669
diabetes,bo_tpe,11,11,58,0.7817672930827669
diabetes,bo_tpe,11,11,59,0.7817672930827669
diabetes,bo_tpe,11,11,60,0.7817672930827669
diabetes,bo_tpe,11,11,61,0.7817672930827669
diabetes,bo_tpe,11,11,62,0.7817672930827669
diabetes,bo_tpe,11,11,63,0.7817672930827669
diabetes,bo_tpe,11,11,64,0.7817672930827669
diabetes,bo_tpe,11,11,65,0.7817672930827669
diabetes,bo_tpe,11,11,66,0.7817672930827669
diabetes,bo_tpe,11,11,67,0.7817672930827669
diabetes,bo_tpe,11,11,68,0.7817672930827669
diabetes,bo_tpe,11,11,69,0.7817672930827669
diabetes,bo_tpe,11,11,70,0.7817672930827669
diabetes,bo_tpe,11,11,71,0.7817672930827669
diabetes,bo_tpe,11,11,72,0.7817672930827669
diabetes,bo_tpe,11,11,73,0.7817672930827669
diabetes,bo_tpe,11,11,74,0.7817672930827669
diabetes,bo_tpe,11,11,75,0.7817672930827669
diabetes,bo_tpe,11,11,76,0.7817672930827669
diabetes,bo_tpe,11,11,77,0.7817672930827669
diabetes,bo_tpe,11,11,78,0.7817672930827669
diabetes,bo_tpe,11,11,79,0.7817672930827669
diabetes,bo_tpe,11,11,80,0.7817672930827669
diabetes,bo_tpe,11,11,81,0.7817672930827669
diabetes,bo_tpe,11,11,82,0.7817672930827669
diabetes,bo_tpe,11,11,83,0.7817672930827669
diabetes,bo_tpe,11,11,84,0.7817672930827669
diabetes,bo_tpe,11,11,85,0.7817672930827669
diabetes,bo_tpe,11,11,86,0.7817672930827669
diabetes,bo_tpe,11,11,87,0.7817672930827669
diabetes,bo_tpe,11,11,88,0.7817672930827669
diabetes,bo_tpe,11,11,89,0.7817672930827669
diabetes,bo_tpe,11,11,90,0.7817672930827669
diabetes,bo_tpe,11,11,91,0.7817672930827669
diabetes,bo_tpe,11,11,92,0.7817672930827669
diabetes,bo_tpe,11,11,93,0.7817672930827669
diabetes,bo_tpe,11,11,94,0.7817672930827669
diabetes,bo_tpe,11,11,95,0.7817672930827669
diabetes,bo_tpe,11,11,96,0.7817672930827669
diabetes,bo_tpe,11,11,97,0.7817672930827669
diabetes,bo_tpe,11,11,98,0.7817672930827669
diabetes,bo_tpe,11,11,99,0.7817672930827669
diabetes,bo_tpe,11,11,100,0.7817672930827669
diabetes,pso,11,11,1,0.7768759163001466
diabetes,pso,11,11,2,0.7768759163001466
diabetes,pso,11,11,3,0.7768759163001466
diabetes,pso,11,11,4,0.7768759163001466
diabetes,pso,11,11,5,0.7768759163001466
diabetes,pso,11,11,6,0.7768759163001466
diabetes,pso,11,11,7,0.7768759163001466
diabetes,pso,11,11,8,0.7768759163001466
diabetes,pso,11,11,9,0.7768759163001466
diabetes,pso,11,11,10,0.7768759163001466
diabetes,pso,11,11,11,0.7768759163001466
diabetes,pso,11,11,12,0.7768759163001466
diabetes,pso,11,11,13,0.7768759163001466
diabetes,pso,11,11,14,0.7768759163001466
diabetes,pso,11,11,15,0.7768759163001466
diabetes,pso,11,11,16,0.7768759163001466
diabetes,pso,11,11,17,0.7768759163001466
diabetes,pso,11,11,18,0.7768759163001466
diabetes,pso,11,11,19,0.7768759163001466
diabetes,pso,11,11,20,0.7768759163001466
diabetes,pso,11,11,21,0.7768759163001466
diabetes,pso,11,11,22,0.7785152605624417
diabetes,pso,11,11,23,0.7785152605624417
diabetes,pso,11,11,24,0.7785152605624417
diabetes,pso,11,11,25,0.7785152605624417
diabetes,pso,11,11,26,0.7785152605624417
diabetes,pso,11,11,27,0.7785152605624417
diabetes,pso,11,11,28,0.7785152605624417
diabetes,pso,11,11,29,0.7785152605624417
diabetes,pso,11,11,30,0.7785152605624417
diabetes,pso,11,11,31,0.7785152605624417
diabetes,pso,11,11,32,0.7785152605624417
diabetes,pso,11,11,33,0.7785152605624417
diabetes,pso,11,11,34,0.7785152605624417
diabetes,pso,11,11,35,0.7785152605624417
diabetes,pso,11,11,36,0.7785152605624417
diabetes,pso,11,11,37,0.7785152605624417
diabetes,pso,11,11,38,0.7785152605624417
diabetes,pso,11,11,39,0.7785152605624417
diabetes,pso,11,11,40,0.7817672930827669
diabetes,pso,11,11,41,0.7817672930827669
diabetes,pso,11,11,42,0.7817672930827669
diabetes,pso,11,11,43,0.7817672930827669
diabetes,pso,11,11,44,0.7817672930827669
diabetes,pso,11,11,45,0.7817672930827669
diabetes,pso,11,11,46,0.7817672930827669
diabetes,pso,11,11,47,0.7817672930827669
diabetes,pso,11,11,48,0.7817672930827669
diabetes,pso,11,11,49,0.7817672930827669
diabetes,pso,11,11,50,0.7817672930827669
diabetes,pso,11,11,51,0.7817672930827669
diabetes,pso,11,11,52,0.7817672930827669
diabetes,pso,11,11,53,0.7817672930827669
diabetes,pso,11,11,54,0.7817672930827669
diabetes,pso,11,11,55,0.7817672930827669
diabetes,pso,11,11,56,0.7817672930827669
diabetes,pso,11,11,57,0.7817672930827669
diabetes,pso,11,11,58,0.7817672930827669
diabetes,pso,11,11,59,0.7817672930827669
diabetes,pso,11,11,60,0.7817672930827669
diabetes,pso,11,11,61,0.7817672930827669
diabetes,pso,11,11,62,0.7817672930827669
diabetes,pso,11,11,63,0.7817672930827669
diabetes,pso,11,11,64,0.7817672930827669
diabetes,pso,11,11,65,0.7817672930827669
diabetes,pso,11,11,66,0.7817672930827669
diabetes,pso,11,11,67,0.7817672930827669
diabetes,pso,11,11,68,0.7817672930827669
diabetes,pso,11,11,69,0.7817672930827669
diabetes,pso,11,11,70,0.7817672930827669
diabetes,pso,11,11,71,0.7817672930827669
diabetes,pso,11,11,72,0.7817672930827669
diabetes,pso,11,11,73,0.7817672930827669
diabetes,pso,11,11,74,0.7817672930827669
diabetes,pso,11,11,75,0.7817672930827669
diabetes,pso,11,11,76,0.7817672930827669
diabetes,pso,11,11,77,0.7817672930827669
diabetes,pso,11,11,78,0.7817672930827669
diabetes,pso,11,11,79,0.7817672930827669
diabetes,pso,11,11,80,0.7817672930827669
diabetes,pso,11,11,81,0.7817672930827669
diabetes,pso,11,11,82,0.7817672930827669
diabetes,pso,11,11,83,0.7817672930827669
diabetes,pso,11,11,84,0.7817672930827669
diabetes,pso,11,11,85,0.7817672930827669
diabetes,pso,11,11,86,0.7817672930827669
diabetes,pso,11,11,87,0.7817672930827669
diabetes,pso,11,11,88,0.7817672930827669
diabetes,pso,11,11,89,0.7817672930827669
diabetes,pso,11,11,90,0.7817672930827669
diabetes,pso,11,11,91,0.7817672930827669
diabetes,pso,11,11,92,0.7817672930827669
diabetes,pso,11,11,93,0.7817672930827669
diabetes,pso,11,11,94,0.7817672930827669
diabetes,pso,11,11,95,0.7817672930827669
diabetes,pso,11,11,96,0.7817672930827669
diabetes,pso,11,11,97,0.7817672930827669
diabetes,pso,11,11,98,0.7817672930827669
diabetes,pso,11,11,99,0.7817672930827669
diabetes,pso,11,11,100,0.7817672930827669
diabetes,de,11,11,1,0.7752499000399841
diabetes,de,11,11,2,0.7752499000399841
diabetes,de,11,11,3,0.7752499000399841
diabetes,de,11,11,4,0.7752499000399841
diabetes,de,11,11,5,0.7752499000399841
diabetes,de,11,11,6,0.7752499000399841
diabetes,de,11,11,7,0.7752499000399841
diabetes,de,11,11,8,0.7752499000399841
diabetes,de,11,11,9,0.7752499000399841
diabetes,de,11,11,10,0.7752499000399841
diabetes,de,11,11,11,0.7752499000399841
diabetes,de,11,11,12,0.7752499000399841
diabetes,de,11,11,13,0.7752499000399841
diabetes,de,11,11,14,0.7752499000399841
diabetes,de,11,11,15,0.7752499000399841
diabetes,de,11,11,16,0.7752499000399841
diabetes,de,11,11,17,0.7752499000399841
diabetes,de,11,11,18,0.7752499000399841
diabetes,de,11,11,19,0.7752499000399841
diabetes,de,11,11,20,0.7752499000399841
diabetes,de,11,11,21,0.7801412768226043
diabetes,de,11,11,22,0.7801412768226043
diabetes,de,11,11,23,0.7801412768226043
diabetes,de,11,11,24,0.7801412768226043
diabetes,de,11,11,25,0.7801412768226043
diabetes,de,11,11,26,0.7801412768226043
diabetes,de,11,11,27,0.783406637345062
diabetes,de,11,11,28,0.783406637345062
diabetes,de,11,11,29,0.783406637345062
diabetes,de,11,11,30,0.783406637345062
diabetes,de,11,11,31,0.783406637345062
diabetes,de,11,11,32,0.783406637345062
diabetes,de,11,11,33,0.783406637345062
diabetes,de,11,11,34,0.783406637345062
diabetes,de,11,11,35,0.783406637345062
diabetes,de,11,11,36,0.783406637345062
diabetes,de,11,11,37,0.783406637345062
diabetes,de,11,11,38,0.783406637345062
diabetes,de,11,11,39,0.783406637345062
diabetes,de,11,11,40,0.783406637345062
diabetes,de,11,11,41,0.783406637345062
diabetes,de,11,11,42,0.783406637345062
diabetes,de,11,11,43,0.783406637345062
diabetes,de,11,11,44,0.783406637345062
diabetes,de,11,11,45,0.783406637345062
diabetes,de,11,11,46,0.783406637345062
diabetes,de,11,11,47,0.783406637345062
diabetes,de,11,11,48,0.783406637345062
diabetes,de,11,11,49,0.783406637345062
diabetes,de,11,11,50,0.783406637345062
diabetes,de,11,11,51,0.783406637345062
diabetes,de,11,11,52,0.783406637345062
diabetes,de,11,11,53,0.783406637345062
diabetes,de,11,11,54,0.783406637345062
diabetes,de,11,11,55,0.783406637345062
diabetes,de,11,11,56,0.783406637345062
diabetes,de,11,11,57,0.783406637345062
diabetes,de,11,11,58,0.783406637345062
diabetes,de,11,11,59,0.783406637345062
diabetes,de,11,11,60,0.783406637345062
diabetes,de,11,11,61,0.783406637345062
diabetes,de,11,11,62,0.783406637345062
diabetes,de,11,11,63,0.783406637345062
diabetes,de,11,11,64,0.783406637345062
diabetes,de,11,11,65,0.783406637345062
diabetes,de,11,11,66,0.783406637345062
diabetes,de,11,11,67,0.783406637345062
diabetes,de,11,11,68,0.783406637345062
diabetes,de,11,11,69,0.783406637345062
diabetes,de,11,11,70,0.783406637345062
diabetes,de,11,11,71,0.783406637345062
diabetes,de,11,11,72,0.783406637345062
diabetes,de,11,11,73,0.783406637345062
diabetes,de,11,11,74,0.783406637345062
diabetes,de,11,11,75,0.783406637345062
diabetes,de,11,11,76,0.783406637345062
diabetes,de,11,11,77,0.783406637345062
diabetes,de,11,11,78,0.783406637345062
diabetes,de,11,11,79,0.783406637345062
diabetes,de,11,11,80,0.783406637345062
diabetes,de,11,11,81,0.783406637345062
diabetes,de,11,11,82,0.783406637345062
diabetes,de,11,11,83,0.783406637345062
diabetes,de,11,11,84,0.783406637345062
diabetes,de,11,11,85,0.783406637345062
diabetes,de,11,11,86,0.783406637345062
diabetes,de,11,11,87,0.783406637345062
diabetes,de,11,11,88,0.783406637345062
diabetes,de,11,11,89,0.783406637345062
diabetes,de,11,11,90,0.783406637345062
diabetes,de,11,11,91,0.783406637345062
diabetes,de,11,11,92,0.783406637345062
diabetes,de,11,11,93,0.783406637345062
diabetes,de,11,11,94,0.783406637345062
diabetes,de,11,11,95,0.783406637345062
diabetes,de,11,11,96,0.783406637345062
diabetes,de,11,11,97,0.783406637345062
diabetes,de,11,11,98,0.783406637345062
diabetes,de,11,11,99,0.783406637345062
diabetes,de,11,11,100,0.783406637345062
diabetes,ga,11,11,1,0.7752499000399841
diabetes,ga,11,11,2,0.7752499000399841
diabetes,ga,11,11,3,0.7752499000399841
diabetes,ga,11,11,4,0.7752499000399841
diabetes,ga,11,11,5,0.7752499000399841
diabetes,ga,11,11,6,0.7752499000399841
diabetes,ga,11,11,7,0.7752499000399841
diabetes,ga,11,11,8,0.7752499000399841
diabetes,ga,11,11,9,0.7752499000399841
diabetes,ga,11,11,10,0.7752499000399841
diabetes,ga,11,11,11,0.7752499000399841
diabetes,ga,11,11,12,0.7752499000399841
diabetes,ga,11,11,13,0.7752499000399841
diabetes,ga,11,11,14,0.7752499000399841
diabetes,ga,11,11,15,0.7752499000399841
diabetes,ga,11,11,16,0.7752499000399841
diabetes,ga,11,11,17,0.7752499000399841
diabetes,ga,11,11,18,0.7752499000399841
diabetes,ga,11,11,19,0.7752499000399841
diabetes,ga,11,11,20,0.7752499000399841
diabetes,ga,11,11,21,0.7752499000399841
diabetes,ga,11,11,22,0.7752499000399841
diabetes,ga,11,11,23,0.7752499000399841
diabetes,ga,11,11,24,0.7752499000399841
diabetes,ga,11,11,25,0.7752499000399841
diabetes,ga,11,11,26,0.7769025723044115
diabetes,ga,11,11,27,0.7817672930827668
diabetes,ga,11,11,28,0.7817672930827668
diabetes,ga,11,11,29,0.7817672930827668
diabetes,ga,11,11,30,0.7817672930827668
diabetes,ga,11,11,31,0.7817672930827668
diabetes,ga,11,11,32,0.7817672930827668
diabetes,ga,11,11,33,0.7817672930827668
diabetes,ga,11,11,34,0.7817672930827668
diabetes,ga,11,11,35,0.7817672930827668
diabetes,ga,11,11,36,0.7817672930827668
diabetes,ga,11,11,37,0.7817672930827668
diabetes,ga,11,11,38,0.7817672930827668
diabetes,ga,11,11,39,0.7817672930827668
diabetes,ga,11,11,40,0.7817672930827668
diabetes,ga,11,11,41,0.7817672930827668
diabetes,ga,11,11,42,0.7817672930827668
diabetes,ga,11,11,43,0.7817672930827668
diabetes,ga,11,11,44,0.7817672930827668
diabetes,ga,11,11,45,0.7817672930827668
diabetes,ga,11,11,46,0.7817672930827668
diabetes,ga,11,11,47,0.7817672930827668
diabetes,ga,11,11,48,0.7817672930827668
diabetes,ga,11,11,49,0.7817672930827668
diabetes,ga,11,11,50,0.7817672930827668
diabetes,ga,11,11,51,0.7817672930827668
diabetes,ga,11,11,52,0.7817672930827668
diabetes,ga,11,11,53,0.7817672930827668
diabetes,ga,11,11,54,0.7817672930827668
diabetes,ga,11,11,55,0.7817672930827668
diabetes,ga,11,11,56,0.7817672930827668
diabetes,ga,11,11,57,0.7817672930827668
diabetes,ga,11,11,58,0.7817672930827668
diabetes,ga,11,11,59,0.7817672930827668
diabetes,ga,11,11,60,0.7817672930827668
diabetes,ga,11,11,61,0.7817672930827668
diabetes,ga,11,11,62,0.7817672930827668
diabetes,ga,11,11,63,0.7817672930827668
diabetes,ga,11,11,64,0.7817672930827668
diabetes,ga,11,11,65,0.7817672930827668
diabetes,ga,11,11,66,0.7817672930827668
diabetes,ga,11,11,67,0.7817672930827668
diabetes,ga,11,11,68,0.7817672930827668
diabetes,ga,11,11,69,0.7817672930827668
diabetes,ga,11,11,70,0.7817672930827668
diabetes,ga,11,11,71,0.7817672930827668
diabetes,ga,11,11,72,0.7817672930827668
diabetes,ga,11,11,73,0.7817672930827668
diabetes,ga,11,11,74,0.7817672930827668
diabetes,ga,11,11,75,0.7817672930827668
diabetes,ga,11,11,76,0.7817672930827668
diabetes,ga,11,11,77,0.7817672930827668
diabetes,ga,11,11,78,0.7817672930827668
diabetes,ga,11,11,79,0.7817672930827668
diabetes,ga,11,11,80,0.7817672930827668
diabetes,ga,11,11,81,0.7817672930827668
diabetes,ga,11,11,82,0.7817672930827668
diabetes,ga,11,11,83,0.7817672930827668
diabetes,ga,11,11,84,0.7817672930827668
diabetes,ga,11,11,85,0.7817672930827668
diabetes,ga,11,11,86,0.7817672930827668
diabetes,ga,11,11,87,0.7817672930827668
diabetes,ga,11,11,88,0.7817672930827668
diabetes,ga,11,11,89,0.7817672930827668
diabetes,ga,11,11,90,0.7817672930827668
diabetes,ga,11,11,91,0.7817672930827668
diabetes,ga,11,11,92,0.7817672930827668
diabetes,ga,11,11,93,0.7817672930827668
diabetes,ga,11,11,94,0.7817672930827668
diabetes,ga,11,11,95,0.7817672930827668
diabetes,ga,11,11,96,0.7817672930827668
diabetes,ga,11,11,97,0.7817672930827668
diabetes,ga,11,11,98,0.7817672930827668
diabetes,ga,11,11,99,0.7817672930827668
diabetes,ga,11,11,100,0.7817672930827668
diabetes,sa,11,11,1,0.6921231507397041
diabetes,sa,11,11,2,0.6921231507397041
diabetes,sa,11,11,3,0.6921231507397041
diabetes,sa,11,11,4,0.6921231507397041
diabetes,sa,11,11,5,0.6921231507397041
diabetes,sa,11,11,6,0.6921231507397041
diabetes,sa,11,11,7,0.6921231507397041
diabetes,sa,11,11,8,0.6921231507397041
diabetes,sa,11,11,9,0.6921231507397041
diabetes,sa,11,11,10,0.6921231507397041
diabetes,sa,11,11,11,0.6921231507397041
diabetes,sa,11,11,12,0.6953485272557643
diabetes,sa,11,11,13,0.6953485272557643
diabetes,sa,11,11,14,0.6953485272557643
diabetes,sa,11,11,15,0.6953485272557643
diabetes,sa,11,11,16,0.6953485272557643
diabetes,sa,11,11,17,0.6953485272557643
diabetes,sa,11,11,18,0.7133679861388778
diabetes,sa,11,11,19,0.7133679861388778
diabetes,sa,11,11,20,0.74922031187525
diabetes,sa,11,11,21,0.74922031187525
diabetes,sa,11,11,22,0.7736505397840864
diabetes,sa,11,11,23,0.7736505397840864
diabetes,sa,11,11,24,0.7736505397840864
diabetes,sa,11,11,25,0.7736505397840864
diabetes,sa,11,11,26,0.7736505397840864
diabetes,sa,11,11,27,0.7736505397840864
diabetes,sa,11,11,28,0.7736505397840864
diabetes,sa,11,11,29,0.7817672930827669
diabetes,sa,11,11,30,0.7817672930827669
diabetes,sa,11,11,31,0.7817672930827669
diabetes,sa,11,11,32,0.7817672930827669
diabetes,sa,11,11,33,0.7817672930827669
diabetes,sa,11,11,34,0.7817672930827669
diabetes,sa,11,11,35,0.7817672930827669
diabetes,sa,11,11,36,0.7817672930827669
diabetes,sa,11,11,37,0.7817672930827669
diabetes,sa,11,11,38,0.7817672930827669
diabetes,sa,11,11,39,0.7817672930827669
diabetes,sa,11,11,40,0.7817672930827669
diabetes,sa,11,11,41,0.7817672930827669
diabetes,sa,11,11,42,0.7817672930827669
diabetes,sa,11,11,43,0.7817672930827669
diabetes,sa,11,11,44,0.7817672930827669
diabetes,sa,11,11,45,0.7817672930827669
diabetes,sa,11,11,46,0.7817672930827669
diabetes,sa,11,11,47,0.7817672930827669
diabetes,sa,11,11,48,0.7817672930827669
diabetes,sa,11,11,49,0.7817939490870318
diabetes,sa,11,11,50,0.7817939490870318
diabetes,sa,11,11,51,0.7817939490870318
diabetes,sa,11,11,52,0.7817939490870318
diabetes,sa,11,11,53,0.7817939490870318
diabetes,sa,11,11,54,0.7817939490870318
diabetes,sa,11,11,55,0.7817939490870318
diabetes,sa,11,11,56,0.7817939490870318
diabetes,sa,11,11,57,0.7817939490870318
diabetes,sa,11,11,58,0.783406637345062
diabetes,sa,11,11,59,0.783406637345062
diabetes,sa,11,11,60,0.783406637345062
diabetes,sa,11,11,61,0.783406637345062
diabetes,sa,11,11,62,0.783406637345062
diabetes,sa,11,11,63,0.783406637345062
diabetes,sa,11,11,64,0.783406637345062
diabetes,sa,11,11,65,0.783406637345062
diabetes,sa,11,11,66,0.783406637345062
diabetes,sa,11,11,67,0.783406637345062
diabetes,sa,11,11,68,0.783406637345062
diabetes,sa,11,11,69,0.783406637345062
diabetes,sa,11,11,70,0.783406637345062
diabetes,sa,11,11,71,0.783406637345062
diabetes,sa,11,11,72,0.783406637345062
diabetes,sa,11,11,73,0.783406637345062
diabetes,sa,11,11,74,0.783406637345062
diabetes,sa,11,11,75,0.783406637345062
diabetes,sa,11,11,76,0.783406637345062
diabetes,sa,11,11,77,0.783406637345062
diabetes,sa,11,11,78,0.783406637345062
diabetes,sa,11,11,79,0.783406637345062
diabetes,sa,11,11,80,0.783406637345062
diabetes,sa,11,11,81,0.783406637345062
diabetes,sa,11,11,82,0.783406637345062
diabetes,sa,11,11,83,0.783406637345062
diabetes,sa,11,11,84,0.783406637345062
diabetes,sa,11,11,85,0.783406637345062
diabetes,sa,11,11,86,0.783406637345062
diabetes,sa,11,11,87,0.783406637345062
diabetes,sa,11,11,88,0.783406637345062
diabetes,sa,11,11,89,0.783406637345062
diabetes,sa,11,11,90,0.783406637345062
diabetes,sa,11,11,91,0.783406637345062
diabetes,sa,11,11,92,0.783406637345062
diabetes,sa,11,11,93,0.783406637345062
diabetes,sa,11,11,94,0.783406637345062
diabetes,sa,11,11,95,0.783406637345062
diabetes,sa,11,11,96,0.783406637345062
diabetes,sa,11,11,97,0.783406637345062
diabetes,sa,11,11,98,0.783406637345062
diabetes,sa,11,11,99,0.783406637345062
diabetes,sa,11,11,100,0.783406637345062
diabetes,grid,12,12,1,0.6514727442356391
diabetes,grid,12,12,2,0.6514727442356391
diabetes,grid,12,12,3,0.6514727442356391
diabetes,grid,12,12,4,0.6514727442356391
diabetes,grid,12,12,5,0.6514727442356391
diabetes,grid,12,12,6,0.6514727442356391
diabetes,grid,12,12,7,0.6514727442356391
diabetes,grid,12,12,8,0.6514727442356391
diabetes,grid,12,12,9,0.6514727442356391
diabetes,grid,12,12,10,0.6514727442356391
diabetes,grid,12,12,11,0.6514727442356391
diabetes,grid,12,12,12,0.6514727442356391
diabetes,grid,12,12,13,0.6514727442356391
diabetes,grid,12,12,14,0.6514727442356391
diabetes,grid,12,12,15,0.6514727442356391
diabetes,grid,12,12,16,0.7573503931760628
diabetes,grid,12,12,17,0.7573503931760628
diabetes,grid,12,12,18,0.7573503931760628
diabetes,grid,12,12,19,0.7573503931760628
diabetes,grid,12,12,20,0.7573503931760628
diabetes,grid,12,12,21,0.7573503931760628
diabetes,grid,12,12,22,0.7573503931760628
diabetes,grid,12,12,23,0.7573503931760628
diabetes,grid,12,12,24,0.7573503931760628
diabetes,grid,12,12,25,0.7573503931760628
diabetes,grid,12,12,26,0.7622151139544182
diabetes,grid,12,12,27,0.7622151139544182
diabetes,grid,12,12,28,0.7622151139544182
diabetes,grid,12,12,29,0.7622151139544182
diabetes,grid,12,12,30,0.7622151139544182
diabetes,grid,12,12,31,0.7622151139544182
diabetes,grid,12,12,32,0.7622151139544182
diabetes,grid,12,12,33,0.7622151139544182
diabetes,grid,12,12,34,0.7622151139544182
diabetes,grid,12,12,35,0.7622550979608157
diabetes,grid,12,12,36,0.7622550979608157
diabetes,grid,12,12,37,0.7622550979608157
diabetes,grid,12,12,38,0.7622550979608157
diabetes,grid,12,12,39,0.7622550979608157
diabetes,grid,12,12,40,0.7622550979608157
diabetes,grid,12,12,41,0.7622550979608157
diabetes,grid,12,12,42,0.7622550979608157
diabetes,grid,12,12,43,0.7638811142209783
diabetes,grid,12,12,44,0.7638811142209783
diabetes,grid,12,12,45,0.7638811142209783
diabetes,grid,12,12,46,0.7638811142209783
diabetes,grid,12,12,47,0.7638811142209783
diabetes,grid,12,12,48,0.7638811142209783
diabetes,grid,12,12,49,0.7638811142209783
diabetes,grid,12,12,50,0.7638811142209783
diabetes,grid,12,12,51,0.7638811142209783
diabetes,grid,12,12,52,0.7671331467413035
diabetes,grid,12,12,53,0.7671331467413035
diabetes,grid,12,12,54,0.7671331467413035
diabetes,grid,12,12,55,0.7671331467413035
diabetes,grid,12,12,56,0.7671331467413035
diabetes,grid,12,12,57,0.7671331467413035
diabetes,grid,12,12,58,0.7671331467413035
diabetes,grid,12,12,59,0.7671331467413035
diabetes,grid,12,12,60,0.7671331467413035
diabetes,grid,12,12,61,0.7687724910035986
diabetes,grid,12,12,62,0.7687724910035986
diabetes,grid,12,12,63,0.7687724910035986
diabetes,grid,12,12,64,0.7687724910035986
diabetes,grid,12,12,65,0.7687724910035986
diabetes,grid,12,12,66,0.7687724910035986
diabetes,grid,12,12,67,0.7687724910035986
diabetes,grid,12,12,68,0.7687724910035986
diabetes,grid,12,12,69,0.7687724910035986
diabetes,grid,12,12,70,0.7687724910035986
diabetes,grid,12,12,71,0.7687724910035986
diabetes,grid,12,12,72,0.7687724910035986
diabetes,grid,12,12,73,0.7687724910035986
diabetes,grid,12,12,74,0.7687724910035986
diabetes,grid,12,12,75,0.7687724910035986
diabetes,grid,12,12,76,0.7687724910035986
diabetes,grid,12,12,77,0.7687724910035986
diabetes,grid,12,12,78,0.7687724910035986
diabetes,grid,12,12,79,0.7687724910035986
diabetes,grid,12,12,80,0.7687724910035986
diabetes,grid,12,12,81,0.7687724910035986
diabetes,grid,12,12,82,0.7687724910035986
diabetes,grid,12,12,83,0.7687724910035986
diabetes,grid,12,12,84,0.7687724910035986
diabetes,grid,12,12,85,0.7687724910035986
diabetes,grid,12,12,86,0.7687724910035986
diabetes,grid,12,12,87,0.7687724910035986
diabetes,grid,12,12,88,0.7687724910035986
diabetes,grid,12,12,89,0.7687724910035986
diabetes,grid,12,12,90,0.7687724910035986
diabetes,grid,12,12,91,0.7687724910035986
diabetes,grid,12,12,92,0.7687724910035986
diabetes,grid,12,12,93,0.7687724910035986
diabetes,grid,12,12,94,0.7687724910035986
diabetes,grid,12,12,95,0.7687724910035986
diabetes,grid,12,12,96,0.7687724910035986
diabetes,grid,12,12,97,0.7687724910035986
diabetes,grid,12,12,98,0.7687724910035986
diabetes,grid,12,12,99,0.7687724910035986
diabetes,grid,12,12,100,0.7687724910035986
diabetes,random,12,12,1,0.6888844462215113
diabetes,random,12,12,2,0.759016393442623
diabetes,random,12,12,3,0.759016393442623
diabetes,random,12,12,4,0.759016393442623
diabetes,random,12,12,5,0.759016393442623
diabetes,random,12,12,6,0.759016393442623
diabetes,random,12,12,7,0.759016393442623
diabetes,random,12,12,8,0.759016393442623
diabetes,random,12,12,9,0.759016393442623
diabetes,random,12,12,10,0.759016393442623
diabetes,random,12,12,11,0.759016393442623
diabetes,random,12,12,12,0.759016393442623
diabetes,random,12,12,13,0.759016393442623
diabetes,random,12,12,14,0.759016393442623
diabetes,random,12,12,15,0.759016393442623
diabetes,random,12,12,16,0.759016393442623
diabetes,random,12,12,17,0.759016393442623
diabetes,random,12,12,18,0.759016393442623
diabetes,random,12,12,19,0.759016393442623
diabetes,random,12,12,20,0.759016393442623
diabetes,random,12,12,21,0.7606157536985206
diabetes,random,12,12,22,0.7606157536985206
diabetes,random,12,12,23,0.7606157536985206
diabetes,random,12,12,24,0.7606157536985206
diabetes,random,12,12,25,0.7638811142209783
diabetes,random,12,12,26,0.7638811142209783
diabetes,random,12,12,27,0.7638811142209783
diabetes,random,12,12,28,0.7638811142209783
diabetes,random,12,12,29,0.7655071304811408
diabetes,random,12,12,30,0.7655071304811408
diabetes,random,12,12,31,0.7655071304811408
diabetes,random,12,12,32,0.7655071304811408
diabetes,random,12,12,33,0.7655071304811408
diabetes,random,12,12,34,0.7655071304811408
diabetes,random,12,12,35,0.7655071304811408
diabetes,random,12,12,36,0.7655071304811408
diabetes,random,12,12,37,0.7655071304811408
diabetes,random,12,12,38,0.7655071304811408
diabetes,random,12,12,39,0.7655071304811408
diabetes,random,12,12,40,0.7655071304811408
diabetes,random,12,12,41,0.7655071304811408
diabetes,random,12,12,42,0.7655071304811408
diabetes,random,12,12,43,0.7655071304811408
diabetes,random,12,12,44,0.7655071304811408
diabetes,random,12,12,45,0.7655071304811408
diabetes,random,12,12,46,0.7655071304811408
diabetes,random,12,12,47,0.7655071304811408
diabetes,random,12,12,48,0.7655071304811408
diabetes,random,12,12,49,0.7655071304811408
diabetes,random,12,12,50,0.7655071304811408
diabetes,random,12,12,51,0.7655071304811408
diabetes,random,12,12,52,0.7655071304811408
diabetes,random,12,12,53,0.7655071304811408
diabetes,random,12,12,54,0.7655071304811408
diabetes,random,12,12,55,0.7655071304811408
diabetes,random,12,12,56,0.7655071304811408
diabetes,random,12,12,57,0.7655071304811408
diabetes,random,12,12,58,0.7655071304811408
diabetes,random,12,12,59,0.7655071304811408
diabetes,random,12,12,60,0.7655071304811408
diabetes,random,12,12,61,0.7655071304811409
diabetes,random,12,12,62,0.7655071304811409
diabetes,random,12,12,63,0.7655071304811409
diabetes,random,12,12,64,0.7655071304811409
diabetes,random,12,12,65,0.7655071304811409
diabetes,random,12,12,66,0.7655071304811409
diabetes,random,12,12,67,0.7655071304811409
diabetes,random,12,12,68,0.7655071304811409
diabetes,random,12,12,69,0.7655071304811409
diabetes,random,12,12,70,0.7655071304811409
diabetes,random,12,12,71,0.7655071304811409
diabetes,random,12,12,72,0.7655071304811409
diabetes,random,12,12,73,0.7655071304811409
diabetes,random,12,12,74,0.7655071304811409
diabetes,random,12,12,75,0.7655071304811409
diabetes,random,12,12,76,0.7655071304811409
diabetes,random,12,12,77,0.7655071304811409
diabetes,random,12,12,78,0.7655071304811409
diabetes,random,12,12,79,0.7655071304811409
diabetes,random,12,12,80,0.7655071304811409
diabetes,random,12,12,81,0.7655071304811409
diabetes,random,12,12,82,0.7655071304811409
diabetes,random,12,12,83,0.7655071304811409
diabetes,random,12,12,84,0.7655071304811409
diabetes,random,12,12,85,0.7655071304811409
diabetes,random,12,12,86,0.7655071304811409
diabetes,random,12,12,87,0.7655071304811409
diabetes,random,12,12,88,0.7655071304811409
diabetes,random,12,12,89,0.7655071304811409
diabetes,random,12,12,90,0.7655071304811409
diabetes,random,12,12,91,0.7655071304811409
diabetes,random,12,12,92,0.7655071304811409
diabetes,random,12,12,93,0.7655071304811409
diabetes,random,12,12,94,0.7655071304811409
diabetes,random,12,12,95,0.7655071304811409
diabetes,random,12,12,96,0.7655071304811409
diabetes,random,12,12,97,0.7655071304811409
diabetes,random,12,12,98,0.7655071304811409
diabetes,random,12,12,99,0.7655071304811409
diabetes,random,12,12,100,0.7655071304811409
diabetes,bo_tpe,12,12,1,0.6888844462215113
diabetes,bo_tpe,12,12,2,0.759016393442623
diabetes,bo_tpe,12,12,3,0.759016393442623
diabetes,bo_tpe,12,12,4,0.759016393442623
diabetes,bo_tpe,12,12,5,0.759016393442623
diabetes,bo_tpe,12,12,6,0.759016393442623
diabetes,bo_tpe,12,12,7,0.759016393442623
diabetes,bo_tpe,12,12,8,0.759016393442623
diabetes,bo_tpe,12,12,9,0.759016393442623
diabetes,bo_tpe,12,12,10,0.759016393442623
diabetes,bo_tpe,12,12,11,0.759016393442623
diabetes,bo_tpe,12,12,12,0.759016393442623
diabetes,bo_tpe,12,12,13,0.759016393442623
diabetes,bo_tpe,12,12,14,0.759016393442623
diabetes,bo_tpe,12,12,15,0.7622284419565508
diabetes,bo_tpe,12,12,16,0.7622284419565508
diabetes,bo_tpe,12,12,17,0.7638544582167132
diabetes,bo_tpe,12,12,18,0.7638544582167134
diabetes,bo_tpe,12,12,19,0.7638544582167134
diabetes,bo_tpe,12,12,20,0.7638544582167134
diabetes,bo_tpe,12,12,21,0.7638544582167134
diabetes,bo_tpe,12,12,22,0.7638544582167134
diabetes,bo_tpe,12,12,23,0.7638544582167134
diabetes,bo_tpe,12,12,24,0.7638544582167134
diabetes,bo_tpe,12,12,25,0.7638544582167134
diabetes,bo_tpe,12,12,26,0.7638544582167134
diabetes,bo_tpe,12,12,27,0.7638544582167134
diabetes,bo_tpe,12,12,28,0.7638544582167134
diabetes,bo_tpe,12,12,29,0.7638544582167134
diabetes,bo_tpe,12,12,30,0.7638544582167134
diabetes,bo_tpe,12,12,31,0.7638544582167134
diabetes,bo_tpe,12,12,32,0.7638544582167134
diabetes,bo_tpe,12,12,33,0.7638544582167134
diabetes,bo_tpe,12,12,34,0.7638544582167134
diabetes,bo_tpe,12,12,35,0.7638544582167134
diabetes,bo_tpe,12,12,36,0.7638677862188458
diabetes,bo_tpe,12,12,37,0.7638677862188458
diabetes,bo_tpe,12,12,38,0.7638677862188458
diabetes,bo_tpe,12,12,39,0.7638677862188458
diabetes,bo_tpe,12,12,40,0.7638677862188458
diabetes,bo_tpe,12,12,41,0.7638677862188458
diabetes,bo_tpe,12,12,42,0.7638677862188458
diabetes,bo_tpe,12,12,43,0.7638811142209783
diabetes,bo_tpe,12,12,44,0.7638811142209783
diabetes,bo_tpe,12,12,45,0.7638811142209783
diabetes,bo_tpe,12,12,46,0.7638811142209783
diabetes,bo_tpe,12,12,47,0.7638811142209783
diabetes,bo_tpe,12,12,48,0.7638811142209783
diabetes,bo_tpe,12,12,49,0.7638811142209783
diabetes,bo_tpe,12,12,50,0.7638811142209783
diabetes,bo_tpe,12,12,51,0.7638811142209783
diabetes,bo_tpe,12,12,52,0.7638811142209783
diabetes,bo_tpe,12,12,53,0.7638811142209783
diabetes,bo_tpe,12,12,54,0.7638811142209783
diabetes,bo_tpe,12,12,55,0.7638811142209783
diabetes,bo_tpe,12,12,56,0.7638811142209783
diabetes,bo_tpe,12,12,57,0.7638811142209783
diabetes,bo_tpe,12,12,58,0.7638811142209783
diabetes,bo_tpe,12,12,59,0.7638811142209783
diabetes,bo_tpe,12,12,60,0.7638811142209783
diabetes,bo_tpe,12,12,61,0.7638811142209783
diabetes,bo_tpe,12,12,62,0.7638811142209783
diabetes,bo_tpe,12,12,63,0.7638811142209783
diabetes,bo_tpe,12,12,64,0.7638811142209783
diabetes,bo_tpe,12,12,65,0.7638811142209783
diabetes,bo_tpe,12,12,66,0.7638811142209783
diabetes,bo_tpe,12,12,67,0.7638811142209783
diabetes,bo_tpe,12,12,68,0.7638811142209783
diabetes,bo_tpe,12,12,69,0.7638811142209783
diabetes,bo_tpe,12,12,70,0.7638811142209783
diabetes,bo_tpe,12,12,71,0.7638811142209783
diabetes,bo_tpe,12,12,72,0.7638811142209783
diabetes,bo_tpe,12,12,73,0.7638811142209783
diabetes,bo_tpe,12,12,74,0.7638811142209783
diabetes,bo_tpe,12,12,75,0.7638811142209783
diabetes,bo_tpe,12,12,76,0.7638811142209783
diabetes,bo_tpe,12,12,77,0.7638811142209783
diabetes,bo_tpe,12,12,78,0.7638811142209783
diabetes,bo_tpe,12,12,79,0.7638811142209783
diabetes,bo_tpe,12,12,80,0.7638811142209783
diabetes,bo_tpe,12,12,81,0.7638811142209783
diabetes,bo_tpe,12,12,82,0.7638811142209783
diabetes,bo_tpe,12,12,83,0.7638811142209783
diabetes,bo_tpe,12,12,84,0.7638811142209783
diabetes,bo_tpe,12,12,85,0.7638811142209783
diabetes,bo_tpe,12,12,86,0.7638811142209783
diabetes,bo_tpe,12,12,87,0.7638811142209783
diabetes,bo_tpe,12,12,88,0.7638811142209783
diabetes,bo_tpe,12,12,89,0.765480474476876
diabetes,bo_tpe,12,12,90,0.765480474476876
diabetes,bo_tpe,12,12,91,0.765480474476876
diabetes,bo_tpe,12,12,92,0.765480474476876
diabetes,bo_tpe,12,12,93,0.765480474476876
diabetes,bo_tpe,12,12,94,0.765480474476876
diabetes,bo_tpe,12,12,95,0.765480474476876
diabetes,bo_tpe,12,12,96,0.765480474476876
diabetes,bo_tpe,12,12,97,0.765480474476876
diabetes,bo_tpe,12,12,98,0.765480474476876
diabetes,bo_tpe,12,12,99,0.765480474476876
diabetes,bo_tpe,12,12,100,0.765480474476876
diabetes,pso,12,12,1,0.7606157536985206
diabetes,pso,12,12,2,0.7655204584832733
diabetes,pso,12,12,3,0.7655204584832733
diabetes,pso,12,12,4,0.7655204584832733
diabetes,pso,12,12,5,0.7655204584832733
diabetes,pso,12,12,6,0.7655204584832733
diabetes,pso,12,12,7,0.7655204584832733
diabetes,pso,12,12,8,0.7655204584832733
diabetes,pso,12,12,9,0.7655204584832733
diabetes,pso,12,12,10,0.7655204584832733
diabetes,pso,12,12,11,0.7655204584832733
diabetes,pso,12,12,12,0.7655204584832733
diabetes,pso,12,12,13,0.7655204584832733
diabetes,pso,12,12,14,0.7655204584832733
diabetes,pso,12,12,15,0.7655204584832733
diabetes,pso,12,12,16,0.7655204584832733
diabetes,pso,12,12,17,0.7655204584832733
diabetes,pso,12,12,18,0.7655204584832733
diabetes,pso,12,12,19,0.7655204584832733
diabetes,pso,12,12,20,0.7655204584832733
diabetes,pso,12,12,21,0.7655204584832733
diabetes,pso,12,12,22,0.7655204584832733
diabetes,pso,12,12,23,0.7671064907370384
diabetes,pso,12,12,24,0.7671064907370384
diabetes,pso,12,12,25,0.7687591630014661
diabetes,pso,12,12,26,0.7687591630014661
diabetes,pso,12,12,27,0.7687591630014661
diabetes,pso,12,12,28,0.7687591630014661
diabetes,pso,12,12,29,0.7687591630014661
diabetes,pso,12,12,30,0.7687591630014661
diabetes,pso,12,12,31,0.7687591630014661
diabetes,pso,12,12,32,0.7687591630014661
diabetes,pso,12,12,33,0.7687591630014661
diabetes,pso,12,12,34,0.7687591630014661
diabetes,pso,12,12,35,0.7687591630014661
diabetes,pso,12,12,36,0.7687591630014661
diabetes,pso,12,12,37,0.7687591630014661
diabetes,pso,12,12,38,0.7687591630014661
diabetes,pso,12,12,39,0.7687591630014661
diabetes,pso,12,12,40,0.7687591630014661
diabetes,pso,12,12,41,0.7687591630014661
diabetes,pso,12,12,42,0.7687591630014661
diabetes,pso,12,12,43,0.7687591630014661
diabetes,pso,12,12,44,0.7687591630014661
diabetes,pso,12,12,45,0.7687591630014661
diabetes,pso,12,12,46,0.7687591630014661
diabetes,pso,12,12,47,0.7687591630014661
diabetes,pso,12,12,48,0.7687591630014661
diabetes,pso,12,12,49,0.7687591630014661
diabetes,pso,12,12,50,0.7687591630014661
diabetes,pso,12,12,51,0.7687591630014661
diabetes,pso,12,12,52,0.7687591630014661
diabetes,pso,12,12,53,0.7687591630014661
diabetes,pso,12,12,54,0.7687591630014661
diabetes,pso,12,12,55,0.7687591630014661
diabetes,pso,12,12,56,0.7687591630014661
diabetes,pso,12,12,57,0.7687591630014661
diabetes,pso,12,12,58,0.7687591630014661
diabetes,pso,12,12,59,0.7687591630014661
diabetes,pso,12,12,60,0.7687591630014661
diabetes,pso,12,12,61,0.7687591630014661
diabetes,pso,12,12,62,0.7687591630014661
diabetes,pso,12,12,63,0.7687591630014661
diabetes,pso,12,12,64,0.7687591630014661
diabetes,pso,12,12,65,0.7687591630014661
diabetes,pso,12,12,66,0.7687591630014661
diabetes,pso,12,12,67,0.7687591630014661
diabetes,pso,12,12,68,0.7687591630014661
diabetes,pso,12,12,69,0.7687591630014661
diabetes,pso,12,12,70,0.7687591630014661
diabetes,pso,12,12,71,0.7687591630014661
diabetes,pso,12,12,72,0.7687591630014661
diabetes,pso,12,12,73,0.7687591630014661
diabetes,pso,12,12,74,0.7687591630014661
diabetes,pso,12,12,75,0.7687591630014661
diabetes,pso,12,12,76,0.7687591630014661
diabetes,pso,12,12,77,0.7687591630014661
diabetes,pso,12,12,78,0.7687591630014661
diabetes,pso,12,12,79,0.7687591630014661
diabetes,pso,12,12,80,0.7687591630014661
diabetes,pso,12,12,81,0.7687591630014661
diabetes,pso,12,12,82,0.7687591630014661
diabetes,pso,12,12,83,0.7687591630014661
diabetes,pso,12,12,84,0.7687591630014661
diabetes,pso,12,12,85,0.7687591630014661
diabetes,pso,12,12,86,0.7687591630014661
diabetes,pso,12,12,87,0.7687591630014661
diabetes,pso,12,12,88,0.7687591630014661
diabetes,pso,12,12,89,0.7687591630014661
diabetes,pso,12,12,90,0.7687591630014661
diabetes,pso,12,12,91,0.7687591630014661
diabetes,pso,12,12,92,0.7687591630014661
diabetes,pso,12,12,93,0.7687591630014661
diabetes,pso,12,12,94,0.7687591630014661
diabetes,pso,12,12,95,0.7687591630014661
diabetes,pso,12,12,96,0.7687591630014661
diabetes,pso,12,12,97,0.7687591630014661
diabetes,pso,12,12,98,0.7687591630014661
diabetes,pso,12,12,99,0.7687591630014661
diabetes,pso,12,12,100,0.7687591630014661
diabetes,de,12,12,1,0.7622417699586832
diabetes,de,12,12,2,0.7622417699586832
diabetes,de,12,12,3,0.7622417699586832
diabetes,de,12,12,4,0.7622417699586832
diabetes,de,12,12,5,0.7622417699586832
diabetes,de,12,12,6,0.7622417699586832
diabetes,de,12,12,7,0.7622417699586832
diabetes,de,12,12,8,0.7638677862188459
diabetes,de,12,12,9,0.7638677862188459
diabetes,de,12,12,10,0.7638677862188459
diabetes,de,12,12,11,0.7638677862188459
diabetes,de,12,12,12,0.7638677862188459
diabetes,de,12,12,13,0.7638677862188459
diabetes,de,12,12,14,0.7638677862188459
diabetes,de,12,12,15,0.7638677862188459
diabetes,de,12,12,16,0.7638677862188459
diabetes,de,12,12,17,0.7638677862188459
diabetes,de,12,12,18,0.767119818739171
diabetes,de,12,12,19,0.767119818739171
diabetes,de,12,12,20,0.767119818739171
diabetes,de,12,12,21,0.767119818739171
diabetes,de,12,12,22,0.767119818739171
diabetes,de,12,12,23,0.767119818739171
diabetes,de,12,12,24,0.767119818739171
diabetes,de,12,12,25,0.767119818739171
diabetes,de,12,12,26,0.767119818739171
diabetes,de,12,12,27,0.767119818739171
diabetes,de,12,12,28,0.767119818739171
diabetes,de,12,12,29,0.767119818739171
diabetes,de,12,12,30,0.767119818739171
diabetes,de,12,12,31,0.767119818739171
diabetes,de,12,12,32,0.767119818739171
diabetes,de,12,12,33,0.767119818739171
diabetes,de,12,12,34,0.767119818739171
diabetes,de,12,12,35,0.767119818739171
diabetes,de,12,12,36,0.767119818739171
diabetes,de,12,12,37,0.767119818739171
diabetes,de,12,12,38,0.767119818739171
diabetes,de,12,12,39,0.767119818739171
diabetes,de,12,12,40,0.767119818739171
diabetes,de,12,12,41,0.767119818739171
diabetes,de,12,12,42,0.767119818739171
diabetes,de,12,12,43,0.767119818739171
diabetes,de,12,12,44,0.767119818739171
diabetes,de,12,12,45,0.767119818739171
diabetes,de,12,12,46,0.767119818739171
diabetes,de,12,12,47,0.767119818739171
diabetes,de,12,12,48,0.767119818739171
diabetes,de,12,12,49,0.767119818739171
diabetes,de,12,12,50,0.767119818739171
diabetes,de,12,12,51,0.767119818739171
diabetes,de,12,12,52,0.767119818739171
diabetes,de,12,12,53,0.767119818739171
diabetes,de,12,12,54,0.767119818739171
diabetes,de,12,12,55,0.767119818739171
diabetes,de,12,12,56,0.767119818739171
diabetes,de,12,12,57,0.767119818739171
diabetes,de,12,12,58,0.767119818739171
diabetes,de,12,12,59,0.767119818739171
diabetes,de,12,12,60,0.767119818739171
diabetes,de,12,12,61,0.767119818739171
diabetes,de,12,12,62,0.767119818739171
diabetes,de,12,12,63,0.767119818739171
diabetes,de,12,12,64,0.767119818739171
diabetes,de,12,12,65,0.767119818739171
diabetes,de,12,12,66,0.767119818739171
diabetes,de,12,12,67,0.767119818739171
diabetes,de,12,12,68,0.767119818739171
diabetes,de,12,12,69,0.767119818739171
diabetes,de,12,12,70,0.767119818739171
diabetes,de,12,12,71,0.767119818739171
diabetes,de,12,12,72,0.767119818739171
diabetes,de,12,12,73,0.767119818739171
diabetes,de,12,12,74,0.767119818739171
diabetes,de,12,12,75,0.767119818739171
diabetes,de,12,12,76,0.767119818739171
diabetes,de,12,12,77,0.767119818739171
diabetes,de,12,12,78,0.767119818739171
diabetes,de,12,12,79,0.767119818739171
diabetes,de,12,12,80,0.767119818739171
diabetes,de,12,12,81,0.767119818739171
diabetes,de,12,12,82,0.767119818739171
diabetes,de,12,12,83,0.767119818739171
diabetes,de,12,12,84,0.767119818739171
diabetes,de,12,12,85,0.767119818739171
diabetes,de,12,12,86,0.767119818739171
diabetes,de,12,12,87,0.767119818739171
diabetes,de,12,12,88,0.767119818739171
diabetes,de,12,12,89,0.767119818739171
diabetes,de,12,12,90,0.767119818739171
diabetes,de,12,12,91,0.767119818739171
diabetes,de,12,12,92,0.767119818739171
diabetes,de,12,12,93,0.767119818739171
diabetes,de,12,12,94,0.767119818739171
diabetes,de,12,12,95,0.767119818739171
diabetes,de,12,12,96,0.767119818739171
diabetes,de,12,12,97,0.767119818739171
diabetes,de,12,12,98,0.767119818739171
diabetes,de,12,12,99,0.767119818739171
diabetes,de,12,12,100,0.767119818739171
diabetes,ga,12,12,1,0.7622417699586832
diabetes,ga,12,12,2,0.7622417699586832
diabetes,ga,12,12,3,0.7622417699586832
diabetes,ga,12,12,4,0.7622417699586832
diabetes,ga,12,12,5,0.7622417699586832
diabetes,ga,12,12,6,0.7622417699586832
diabetes,ga,12,12,7,0.7622417699586832
diabetes,ga,12,12,8,0.7638677862188459
diabetes,ga,12,12,9,0.7638677862188459
diabetes,ga,12,12,10,0.7638677862188459
diabetes,ga,12,12,11,0.7638677862188459
diabetes,ga,12,12,12,0.7638677862188459
diabetes,ga,12,12,13,0.7638677862188459
diabetes,ga,12,12,14,0.7638677862188459
diabetes,ga,12,12,15,0.7638677862188459
diabetes,ga,12,12,16,0.7638677862188459
diabetes,ga,12,12,17,0.7638677862188459
diabetes,ga,12,12,18,0.767119818739171
diabetes,ga,12,12,19,0.767119818739171
diabetes,ga,12,12,20,0.767119818739171
diabetes,ga,12,12,21,0.767119818739171
diabetes,ga,12,12,22,0.767119818739171
diabetes,ga,12,12,23,0.767119818739171
diabetes,ga,12,12,24,0.767119818739171
diabetes,ga,12,12,25,0.767119818739171
diabetes,ga,12,12,26,0.767119818739171
diabetes,ga,12,12,27,0.767119818739171
diabetes,ga,12,12,28,0.767119818739171
diabetes,ga,12,12,29,0.767119818739171
diabetes,ga,12,12,30,0.767119818739171
diabetes,ga,12,12,31,0.767119818739171
diabetes,ga,12,12,32,0.767119818739171
diabetes,ga,12,12,33,0.767119818739171
diabetes,ga,12,12,34,0.767119818739171
diabetes,ga,12,12,35,0.767119818739171
diabetes,ga,12,12,36,0.767119818739171
diabetes,ga,12,12,37,0.767119818739171
diabetes,ga,12,12,38,0.767119818739171
diabetes,ga,12,12,39,0.767119818739171
diabetes,ga,12,12,40,0.767119818739171
diabetes,ga,12,12,41,0.767119818739171
diabetes,ga,12,12,42,0.7671331467413035
diabetes,ga,12,12,43,0.7671331467413035
diabetes,ga,12,12,44,0.7671331467413035
diabetes,ga,12,12,45,0.7671331467413035
diabetes,ga,12,12,46,0.7671331467413035
diabetes,ga,12,12,47,0.7671331467413035
diabetes,ga,12,12,48,0.7671331467413035
diabetes,ga,12,12,49,0.7671331467413035
diabetes,ga,12,12,50,0.7671331467413035
diabetes,ga,12,12,51,0.7671331467413035
diabetes,ga,12,12,52,0.7671331467413035
diabetes,ga,12,12,53,0.7671331467413035
diabetes,ga,12,12,54,0.7671331467413035
diabetes,ga,12,12,55,0.7671331467413035
diabetes,ga,12,12,56,0.7671331467413035
diabetes,ga,12,12,57,0.7671331467413035
diabetes,ga,12,12,58,0.7671331467413035
diabetes,ga,12,12,59,0.7671331467413035
diabetes,ga,12,12,60,0.7671331467413035
diabetes,ga,12,12,61,0.7671331467413035
diabetes,ga,12,12,62,0.7671331467413035
diabetes,ga,12,12,63,0.7671331467413035
diabetes,ga,12,12,64,0.7671331467413035
diabetes,ga,12,12,65,0.7671331467413035
diabetes,ga,12,12,66,0.7671331467413035
diabetes,ga,12,12,67,0.7671331467413035
diabetes,ga,12,12,68,0.7671331467413035
diabetes,ga,12,12,69,0.7671331467413035
diabetes,ga,12,12,70,0.7671331467413035
diabetes,ga,12,12,71,0.7671331467413035
diabetes,ga,12,12,72,0.7671331467413035
diabetes,ga,12,12,73,0.7671331467413035
diabetes,ga,12,12,74,0.7671331467413035
diabetes,ga,12,12,75,0.7671331467413035
diabetes,ga,12,12,76,0.7671331467413035
diabetes,ga,12,12,77,0.7671331467413035
diabetes,ga,12,12,78,0.7671331467413035
diabetes,ga,12,12,79,0.7671331467413035
diabetes,ga,12,12,80,0.7671331467413035
diabetes,ga,12,12,81,0.7671331467413035
diabetes,ga,12,12,82,0.7671331467413035
diabetes,ga,12,12,83,0.7671331467413035
diabetes,ga,12,12,84,0.7671331467413035
diabetes,ga,12,12,85,0.7671331467413035
diabetes,ga,12,12,86,0.7671331467413035
diabetes,ga,12,12,87,0.7671331467413035
diabetes,ga,12,12,88,0.7671331467413035
diabetes,ga,12,12,89,0.7671331467413035
diabetes,ga,12,12,90,0.7671331467413035
diabetes,ga,12,12,91,0.7671331467413035
diabetes,ga,12,12,92,0.7671331467413035
diabetes,ga,12,12,93,0.7671331467413035
diabetes,ga,12,12,94,0.7671331467413035
diabetes,ga,12,12,95,0.7671331467413035
diabetes,ga,12,12,96,0.7671331467413035
diabetes,ga,12,12,97,0.7671331467413035
diabetes,ga,12,12,98,0.7671331467413035
diabetes,ga,12,12,99,0.7671331467413035
diabetes,ga,12,12,100,0.7671331467413035
diabetes,sa,12,12,1,0.6888844462215113
diabetes,sa,12,12,2,0.6888844462215113
diabetes,sa,12,12,3,0.6888844462215113
diabetes,sa,12,12,4,0.6888844462215113
diabetes,sa,12,12,5,0.6888844462215113
diabetes,sa,12,12,6,0.6888844462215113
diabetes,sa,12,12,7,0.6888844462215113
diabetes,sa,12,12,8,0.6888844462215113
diabetes,sa,12,12,9,0.6888844462215113
diabetes,sa,12,12,10,0.6888844462215113
diabetes,sa,12,12,11,0.6888844462215113
diabetes,sa,12,12,12,0.6888844462215113
diabetes,sa,12,12,13,0.6888844462215113
diabetes,sa,12,12,14,0.6888844462215113
diabetes,sa,12,12,15,0.6888844462215113
diabetes,sa,12,12,16,0.6888844462215113
diabetes,sa,12,12,17,0.6888844462215113
diabetes,sa,12,12,18,0.6888844462215113
diabetes,sa,12,12,19,0.6888844462215113
diabetes,sa,12,12,20,0.6888844462215113
diabetes,sa,12,12,21,0.6888844462215113
diabetes,sa,12,12,22,0.6888844462215113
diabetes,sa,12,12,23,0.6888844462215113
diabetes,sa,12,12,24,0.6888844462215113
diabetes,sa,12,12,25,0.6888844462215113
diabetes,sa,12,12,26,0.6888844462215113
diabetes,sa,12,12,27,0.7003465280554445
diabetes,sa,12,12,28,0.7328668532586965
diabetes,sa,12,12,29,0.7524323603891777
diabetes,sa,12,12,30,0.765480474476876
diabetes,sa,12,12,31,0.765480474476876
diabetes,sa,12,12,32,0.765480474476876
diabetes,sa,12,12,33,0.765480474476876
diabetes,sa,12,12,34,0.765480474476876
diabetes,sa,12,12,35,0.765480474476876
diabetes,sa,12,12,36,0.765480474476876
diabetes,sa,12,12,37,0.765480474476876
diabetes,sa,12,12,38,0.765480474476876
diabetes,sa,12,12,39,0.765480474476876
diabetes,sa,12,12,40,0.765480474476876
diabetes,sa,12,12,41,0.765480474476876
diabetes,sa,12,12,42,0.765480474476876
diabetes,sa,12,12,43,0.765480474476876
diabetes,sa,12,12,44,0.765480474476876
diabetes,sa,12,12,45,0.765480474476876
diabetes,sa,12,12,46,0.765480474476876
diabetes,sa,12,12,47,0.765480474476876
diabetes,sa,12,12,48,0.765480474476876
diabetes,sa,12,12,49,0.765480474476876
diabetes,sa,12,12,50,0.765480474476876
diabetes,sa,12,12,51,0.765480474476876
diabetes,sa,12,12,52,0.765480474476876
diabetes,sa,12,12,53,0.765480474476876
diabetes,sa,12,12,54,0.765480474476876
diabetes,sa,12,12,55,0.765480474476876
diabetes,sa,12,12,56,0.765480474476876
diabetes,sa,12,12,57,0.765480474476876
diabetes,sa,12,12,58,0.765480474476876
diabetes,sa,12,12,59,0.765480474476876
diabetes,sa,12,12,60,0.765480474476876
diabetes,sa,12,12,61,0.765480474476876
diabetes,sa,12,12,62,0.765480474476876
diabetes,sa,12,12,63,0.765480474476876
diabetes,sa,12,12,64,0.765480474476876
diabetes,sa,12,12,65,0.765480474476876
diabetes,sa,12,12,66,0.7655071304811409
diabetes,sa,12,12,67,0.7655071304811409
diabetes,sa,12,12,68,0.7655071304811409
diabetes,sa,12,12,69,0.7655071304811409
diabetes,sa,12,12,70,0.7655071304811409
diabetes,sa,12,12,71,0.7655071304811409
diabetes,sa,12,12,72,0.7655071304811409
diabetes,sa,12,12,73,0.7655071304811409
diabetes,sa,12,12,74,0.7655071304811409
diabetes,sa,12,12,75,0.7655071304811409
diabetes,sa,12,12,76,0.7655071304811409
diabetes,sa,12,12,77,0.7655071304811409
diabetes,sa,12,12,78,0.7655071304811409
diabetes,sa,12,12,79,0.7655071304811409
diabetes,sa,12,12,80,0.7655071304811409
diabetes,sa,12,12,81,0.7655071304811409
diabetes,sa,12,12,82,0.7655071304811409
diabetes,sa,12,12,83,0.7655071304811409
diabetes,sa,12,12,84,0.7655071304811409
diabetes,sa,12,12,85,0.7655071304811409
diabetes,sa,12,12,86,0.7655071304811409
diabetes,sa,12,12,87,0.7655071304811409
diabetes,sa,12,12,88,0.7655071304811409
diabetes,sa,12,12,89,0.7655071304811409
diabetes,sa,12,12,90,0.7655071304811409
diabetes,sa,12,12,91,0.7655071304811409
diabetes,sa,12,12,92,0.7655071304811409
diabetes,sa,12,12,93,0.7655071304811409
diabetes,sa,12,12,94,0.7655071304811409
diabetes,sa,12,12,95,0.7655071304811409
diabetes,sa,12,12,96,0.7655071304811409
diabetes,sa,12,12,97,0.7655071304811409
diabetes,sa,12,12,98,0.7655071304811409
diabetes,sa,12,12,99,0.7655071304811409
diabetes,sa,12,12,100,0.7655071304811409
diabetes,grid,13,13,1,0.6514727442356391
diabetes,grid,13,13,2,0.6514727442356391
diabetes,grid,13,13,3,0.6514727442356391
diabetes,grid,13,13,4,0.6514727442356391
diabetes,grid,13,13,5,0.6514727442356391
diabetes,grid,13,13,6,0.6514727442356391
diabetes,grid,13,13,7,0.6514727442356391
diabetes,grid,13,13,8,0.6514727442356391
diabetes,grid,13,13,9,0.6514727442356391
diabetes,grid,13,13,10,0.6514727442356391
diabetes,grid,13,13,11,0.6514727442356391
diabetes,grid,13,13,12,0.6514727442356391
diabetes,grid,13,13,13,0.6514727442356391
diabetes,grid,13,13,14,0.6514727442356391
diabetes,grid,13,13,15,0.6514727442356391
diabetes,grid,13,13,16,0.750859656137545
diabetes,grid,13,13,17,0.7654938024790084
diabetes,grid,13,13,18,0.7654938024790084
diabetes,grid,13,13,19,0.7654938024790084
diabetes,grid,13,13,20,0.7654938024790084
diabetes,grid,13,13,21,0.7654938024790084
diabetes,grid,13,13,22,0.7654938024790084
diabetes,grid,13,13,23,0.7654938024790084
diabetes,grid,13,13,24,0.7654938024790084
diabetes,grid,13,13,25,0.7687325069972012
diabetes,grid,13,13,26,0.7753165400506464
diabetes,grid,13,13,27,0.7785685725709717
diabetes,grid,13,13,28,0.7785685725709717
diabetes,grid,13,13,29,0.7785685725709717
diabetes,grid,13,13,30,0.7785685725709717
diabetes,grid,13,13,31,0.7785685725709717
diabetes,grid,13,13,32,0.7785685725709717
diabetes,grid,13,13,33,0.7785685725709717
diabetes,grid,13,13,34,0.7785685725709717
diabetes,grid,13,13,35,0.7785685725709717
diabetes,grid,13,13,36,0.7785685725709717
diabetes,grid,13,13,37,0.7785685725709717
diabetes,grid,13,13,38,0.7785685725709717
diabetes,grid,13,13,39,0.7785685725709717
diabetes,grid,13,13,40,0.7785685725709717
diabetes,grid,13,13,41,0.7785685725709717
diabetes,grid,13,13,42,0.7785685725709717
diabetes,grid,13,13,43,0.7785685725709717
diabetes,grid,13,13,44,0.7785685725709717
diabetes,grid,13,13,45,0.7785819005731041
diabetes,grid,13,13,46,0.7785819005731041
diabetes,grid,13,13,47,0.7785819005731041
diabetes,grid,13,13,48,0.7785819005731041
diabetes,grid,13,13,49,0.7785819005731041
diabetes,grid,13,13,50,0.7785819005731041
diabetes,grid,13,13,51,0.7785819005731041
diabetes,grid,13,13,52,0.7785819005731041
diabetes,grid,13,13,53,0.7785819005731041
diabetes,grid,13,13,54,0.7785819005731041
diabetes,grid,13,13,55,0.7785819005731041
diabetes,grid,13,13,56,0.7785819005731041
diabetes,grid,13,13,57,0.7785819005731041
diabetes,grid,13,13,58,0.7785819005731041
diabetes,grid,13,13,59,0.7785819005731041
diabetes,grid,13,13,60,0.7785819005731041
diabetes,grid,13,13,61,0.7785819005731041
diabetes,grid,13,13,62,0.7785819005731041
diabetes,grid,13,13,63,0.7785819005731041
diabetes,grid,13,13,64,0.7785819005731041
diabetes,grid,13,13,65,0.7785819005731041
diabetes,grid,13,13,66,0.7785819005731041
diabetes,grid,13,13,67,0.7785819005731041
diabetes,grid,13,13,68,0.7785819005731041
diabetes,grid,13,13,69,0.7785819005731041
diabetes,grid,13,13,70,0.7785819005731041
diabetes,grid,13,13,71,0.7785819005731041
diabetes,grid,13,13,72,0.7785819005731041
diabetes,grid,13,13,73,0.7785819005731041
diabetes,grid,13,13,74,0.7785819005731041
diabetes,grid,13,13,75,0.7785819005731041
diabetes,grid,13,13,76,0.7785819005731041
diabetes,grid,13,13,77,0.7785819005731041
diabetes,grid,13,13,78,0.7785819005731041
diabetes,grid,13,13,79,0.7785819005731041
diabetes,grid,13,13,80,0.7785819005731041
diabetes,grid,13,13,81,0.7785819005731041
diabetes,grid,13,13,82,0.7785819005731041
diabetes,grid,13,13,83,0.7785819005731041
diabetes,grid,13,13,84,0.7785819005731041
diabetes,grid,13,13,85,0.7785819005731041
diabetes,grid,13,13,86,0.7785819005731041
diabetes,grid,13,13,87,0.7785819005731041
diabetes,grid,13,13,88,0.7785819005731041
diabetes,grid,13,13,89,0.7785819005731041
diabetes,grid,13,13,90,0.7785819005731041
diabetes,grid,13,13,91,0.7785819005731041
diabetes,grid,13,13,92,0.7785819005731041
diabetes,grid,13,13,93,0.7785819005731041
diabetes,grid,13,13,94,0.7785819005731041
diabetes,grid,13,13,95,0.7785819005731041
diabetes,grid,13,13,96,0.7785819005731041
diabetes,grid,13,13,97,0.7785819005731041
diabetes,grid,13,13,98,0.7785819005731041
diabetes,grid,13,13,99,0.7785819005731041
diabetes,grid,13,13,100,0.7785819005731041
diabetes,random,13,13,1,0.6889644142343062
diabetes,random,13,13,2,0.7687724910035986
diabetes,random,13,13,3,0.7687724910035986
diabetes,random,13,13,4,0.7687724910035986
diabetes,random,13,13,5,0.7736638677862189
diabetes,random,13,13,6,0.7736638677862189
diabetes,random,13,13,7,0.7736638677862189
diabetes,random,13,13,8,0.7736638677862189
diabetes,random,13,13,9,0.7736638677862189
diabetes,random,13,13,10,0.7736638677862189
diabetes,random,13,13,11,0.7736638677862189
diabetes,random,13,13,12,0.7736638677862189
diabetes,random,13,13,13,0.7736638677862189
diabetes,random,13,13,14,0.7736638677862189
diabetes,random,13,13,15,0.7736638677862189
diabetes,random,13,13,16,0.7736638677862189
diabetes,random,13,13,17,0.7736638677862189
diabetes,random,13,13,18,0.7736638677862189
diabetes,random,13,13,19,0.7736638677862189
diabetes,random,13,13,20,0.7736638677862189
diabetes,random,13,13,21,0.7769292283086766
diabetes,random,13,13,22,0.7769292283086766
diabetes,random,13,13,23,0.7769292283086766
diabetes,random,13,13,24,0.7769292283086766
diabetes,random,13,13,25,0.7769292283086766
diabetes,random,13,13,26,0.7769292283086766
diabetes,random,13,13,27,0.7769292283086766
diabetes,random,13,13,28,0.7769292283086766
diabetes,random,13,13,29,0.7769292283086766
diabetes,random,13,13,30,0.7769292283086766
diabetes,random,13,13,31,0.7769292283086766
diabetes,random,13,13,32,0.7769292283086766
diabetes,random,13,13,33,0.7769292283086766
diabetes,random,13,13,34,0.7769292283086766
diabetes,random,13,13,35,0.7769292283086766
diabetes,random,13,13,36,0.7769292283086766
diabetes,random,13,13,37,0.7769292283086766
diabetes,random,13,13,38,0.7769292283086766
diabetes,random,13,13,39,0.7769292283086766
diabetes,random,13,13,40,0.7769292283086766
diabetes,random,13,13,41,0.7769292283086766
diabetes,random,13,13,42,0.7769292283086766
diabetes,random,13,13,43,0.7769292283086766
diabetes,random,13,13,44,0.7769292283086766
diabetes,random,13,13,45,0.7769292283086766
diabetes,random,13,13,46,0.7769292283086766
diabetes,random,13,13,47,0.7769292283086766
diabetes,random,13,13,48,0.7769292283086766
diabetes,random,13,13,49,0.7769292283086766
diabetes,random,13,13,50,0.7769292283086766
diabetes,random,13,13,51,0.7769292283086766
diabetes,random,13,13,52,0.7769292283086766
diabetes,random,13,13,53,0.7769292283086766
diabetes,random,13,13,54,0.7769292283086766
diabetes,random,13,13,55,0.7769292283086766
diabetes,random,13,13,56,0.7769292283086766
diabetes,random,13,13,57,0.7769292283086766
diabetes,random,13,13,58,0.7769292283086766
diabetes,random,13,13,59,0.7769292283086766
diabetes,random,13,13,60,0.7769292283086766
diabetes,random,13,13,61,0.7769292283086766
diabetes,random,13,13,62,0.7769292283086766
diabetes,random,13,13,63,0.7769292283086766
diabetes,random,13,13,64,0.7769292283086766
diabetes,random,13,13,65,0.7769292283086766
diabetes,random,13,13,66,0.7769292283086766
diabetes,random,13,13,67,0.7769292283086766
diabetes,random,13,13,68,0.7769292283086766
diabetes,random,13,13,69,0.7769292283086766
diabetes,random,13,13,70,0.7769292283086766
diabetes,random,13,13,71,0.7769292283086766
diabetes,random,13,13,72,0.7769292283086766
diabetes,random,13,13,73,0.7769292283086766
diabetes,random,13,13,74,0.7769292283086766
diabetes,random,13,13,75,0.7769292283086766
diabetes,random,13,13,76,0.7769292283086766
diabetes,random,13,13,77,0.7769292283086766
diabetes,random,13,13,78,0.7769292283086766
diabetes,random,13,13,79,0.7769292283086766
diabetes,random,13,13,80,0.7769292283086766
diabetes,random,13,13,81,0.7769292283086766
diabetes,random,13,13,82,0.7769292283086766
diabetes,random,13,13,83,0.7769292283086766
diabetes,random,13,13,84,0.7769292283086766
diabetes,random,13,13,85,0.7769292283086766
diabetes,random,13,13,86,0.7769292283086766
diabetes,random,13,13,87,0.7769292283086766
diabetes,random,13,13,88,0.7769292283086766
diabetes,random,13,13,89,0.7769292283086766
diabetes,random,13,13,90,0.7769292283086766
diabetes,random,13,13,91,0.7769292283086766
diabetes,random,13,13,92,0.7769292283086766
diabetes,random,13,13,93,0.7769292283086766
diabetes,random,13,13,94,0.7769292283086766
diabetes,random,13,13,95,0.7769292283086766
diabetes,random,13,13,96,0.7769292283086766
diabetes,random,13,13,97,0.7769292283086766
diabetes,random,13,13,98,0.7769292283086766
diabetes,random,13,13,99,0.7769292283086766
diabetes,random,13,13,100,0.7769292283086766
diabetes,bo_tpe,13,13,1,0.6889644142343062
diabetes,bo_tpe,13,13,2,0.7687724910035986
diabetes,bo_tpe,13,13,3,0.7687724910035986
diabetes,bo_tpe,13,13,4,0.7687724910035986
diabetes,bo_tpe,13,13,5,0.7736638677862189
diabetes,bo_tpe,13,13,6,0.7736638677862189
diabetes,bo_tpe,13,13,7,0.7736638677862189
diabetes,bo_tpe,13,13,8,0.7736638677862189
diabetes,bo_tpe,13,13,9,0.7736638677862189
diabetes,bo_tpe,13,13,10,0.7736638677862189
diabetes,bo_tpe,13,13,11,0.7736638677862189
diabetes,bo_tpe,13,13,12,0.7736638677862189
diabetes,bo_tpe,13,13,13,0.7736638677862189
diabetes,bo_tpe,13,13,14,0.7736638677862189
diabetes,bo_tpe,13,13,15,0.7736638677862189
diabetes,bo_tpe,13,13,16,0.7736638677862189
diabetes,bo_tpe,13,13,17,0.7736638677862189
diabetes,bo_tpe,13,13,18,0.7736638677862189
diabetes,bo_tpe,13,13,19,0.7736638677862189
diabetes,bo_tpe,13,13,20,0.776915900306544
diabetes,bo_tpe,13,13,21,0.776942556310809
diabetes,bo_tpe,13,13,22,0.776942556310809
diabetes,bo_tpe,13,13,23,0.776942556310809
diabetes,bo_tpe,13,13,24,0.7769425563108091
diabetes,bo_tpe,13,13,25,0.7769425563108091
diabetes,bo_tpe,13,13,26,0.7769425563108091
diabetes,bo_tpe,13,13,27,0.7769425563108091
diabetes,bo_tpe,13,13,28,0.7769425563108091
diabetes,bo_tpe,13,13,29,0.7769425563108091
diabetes,bo_tpe,13,13,30,0.7769425563108091
diabetes,bo_tpe,13,13,31,0.7769425563108091
diabetes,bo_tpe,13,13,32,0.7769425563108091
diabetes,bo_tpe,13,13,33,0.7769425563108091
diabetes,bo_tpe,13,13,34,0.7769425563108091
diabetes,bo_tpe,13,13,35,0.7769425563108091
diabetes,bo_tpe,13,13,36,0.7769425563108091
diabetes,bo_tpe,13,13,37,0.7769425563108091
diabetes,bo_tpe,13,13,38,0.7769425563108091
diabetes,bo_tpe,13,13,39,0.7801679328268692
diabetes,bo_tpe,13,13,40,0.7801679328268692
diabetes,bo_tpe,13,13,41,0.7801679328268692
diabetes,bo_tpe,13,13,42,0.7801679328268692
diabetes,bo_tpe,13,13,43,0.7801679328268692
diabetes,bo_tpe,13,13,44,0.7801679328268692
diabetes,bo_tpe,13,13,45,0.7801679328268692
diabetes,bo_tpe,13,13,46,0.7801679328268692
diabetes,bo_tpe,13,13,47,0.7801679328268692
diabetes,bo_tpe,13,13,48,0.7801679328268692
diabetes,bo_tpe,13,13,49,0.7801679328268692
diabetes,bo_tpe,13,13,50,0.7801679328268692
diabetes,bo_tpe,13,13,51,0.7801679328268692
diabetes,bo_tpe,13,13,52,0.7801679328268692
diabetes,bo_tpe,13,13,53,0.7801679328268692
diabetes,bo_tpe,13,13,54,0.7801679328268692
diabetes,bo_tpe,13,13,55,0.7801679328268692
diabetes,bo_tpe,13,13,56,0.7801679328268692
diabetes,bo_tpe,13,13,57,0.7801679328268692
diabetes,bo_tpe,13,13,58,0.7801679328268692
diabetes,bo_tpe,13,13,59,0.7801679328268692
diabetes,bo_tpe,13,13,60,0.7801679328268692
diabetes,bo_tpe,13,13,61,0.7801679328268692
diabetes,bo_tpe,13,13,62,0.7801679328268692
diabetes,bo_tpe,13,13,63,0.7801679328268692
diabetes,bo_tpe,13,13,64,0.7801679328268692
diabetes,bo_tpe,13,13,65,0.7801679328268692
diabetes,bo_tpe,13,13,66,0.7801679328268692
diabetes,bo_tpe,13,13,67,0.7801679328268692
diabetes,bo_tpe,13,13,68,0.7801679328268692
diabetes,bo_tpe,13,13,69,0.7801679328268692
diabetes,bo_tpe,13,13,70,0.7801679328268692
diabetes,bo_tpe,13,13,71,0.7801679328268692
diabetes,bo_tpe,13,13,72,0.7801679328268692
diabetes,bo_tpe,13,13,73,0.7801679328268692
diabetes,bo_tpe,13,13,74,0.7801679328268692
diabetes,bo_tpe,13,13,75,0.7801679328268692
diabetes,bo_tpe,13,13,76,0.7801679328268692
diabetes,bo_tpe,13,13,77,0.7801679328268692
diabetes,bo_tpe,13,13,78,0.7801679328268692
diabetes,bo_tpe,13,13,79,0.7801679328268692
diabetes,bo_tpe,13,13,80,0.7801679328268692
diabetes,bo_tpe,13,13,81,0.7801679328268692
diabetes,bo_tpe,13,13,82,0.7801679328268692
diabetes,bo_tpe,13,13,83,0.7801679328268692
diabetes,bo_tpe,13,13,84,0.7801679328268692
diabetes,bo_tpe,13,13,85,0.7801679328268692
diabetes,bo_tpe,13,13,86,0.7801679328268692
diabetes,bo_tpe,13,13,87,0.7801679328268692
diabetes,bo_tpe,13,13,88,0.7801679328268692
diabetes,bo_tpe,13,13,89,0.7801679328268692
diabetes,bo_tpe,13,13,90,0.7801679328268692
diabetes,bo_tpe,13,13,91,0.7801679328268692
diabetes,bo_tpe,13,13,92,0.7801679328268692
diabetes,bo_tpe,13,13,93,0.7801679328268692
diabetes,bo_tpe,13,13,94,0.7801679328268692
diabetes,bo_tpe,13,13,95,0.7801679328268692
diabetes,bo_tpe,13,13,96,0.7801679328268692
diabetes,bo_tpe,13,13,97,0.7801679328268692
diabetes,bo_tpe,13,13,98,0.7801679328268692
diabetes,bo_tpe,13,13,99,0.7801679328268692
diabetes,bo_tpe,13,13,100,0.7801679328268692
diabetes,pso,13,13,1,0.7736771957883513
diabetes,pso,13,13,2,0.7736771957883513
diabetes,pso,13,13,3,0.7736771957883513
diabetes,pso,13,13,4,0.7736771957883513
diabetes,pso,13,13,5,0.7736771957883513
diabetes,pso,13,13,6,0.7736771957883513
diabetes,pso,13,13,7,0.7736771957883513
diabetes,pso,13,13,8,0.7736771957883513
diabetes,pso,13,13,9,0.7736771957883513
diabetes,pso,13,13,10,0.7736771957883513
diabetes,pso,13,13,11,0.7736771957883513
diabetes,pso,13,13,12,0.7736771957883513
diabetes,pso,13,13,13,0.7736771957883513
diabetes,pso,13,13,14,0.7736771957883513
diabetes,pso,13,13,15,0.7736771957883513
diabetes,pso,13,13,16,0.7736771957883513
diabetes,pso,13,13,17,0.7736771957883513
diabetes,pso,13,13,18,0.7736771957883513
diabetes,pso,13,13,19,0.7736771957883513
diabetes,pso,13,13,20,0.7736771957883513
diabetes,pso,13,13,21,0.7736771957883513
diabetes,pso,13,13,22,0.7736771957883513
diabetes,pso,13,13,23,0.7736771957883513
diabetes,pso,13,13,24,0.7736771957883513
diabetes,pso,13,13,25,0.7736771957883513
diabetes,pso,13,13,26,0.7736771957883513
diabetes,pso,13,13,27,0.7736771957883513
diabetes,pso,13,13,28,0.7736771957883513
diabetes,pso,13,13,29,0.7736771957883513
diabetes,pso,13,13,30,0.7736771957883513
diabetes,pso,13,13,31,0.7736771957883513
diabetes,pso,13,13,32,0.7736771957883513
diabetes,pso,13,13,33,0.7736771957883513
diabetes,pso,13,13,34,0.7736771957883513
diabetes,pso,13,13,35,0.7736771957883513
diabetes,pso,13,13,36,0.7736771957883513
diabetes,pso,13,13,37,0.7736771957883513
diabetes,pso,13,13,38,0.7736771957883513
diabetes,pso,13,13,39,0.7736771957883513
diabetes,pso,13,13,40,0.7736771957883513
diabetes,pso,13,13,41,0.7736771957883513
diabetes,pso,13,13,42,0.7736771957883513
diabetes,pso,13,13,43,0.7769425563108091
diabetes,pso,13,13,44,0.7769425563108091
diabetes,pso,13,13,45,0.7769425563108091
diabetes,pso,13,13,46,0.7769425563108091
diabetes,pso,13,13,47,0.7769425563108091
diabetes,pso,13,13,48,0.7769425563108091
diabetes,pso,13,13,49,0.7769425563108091
diabetes,pso,13,13,50,0.7769425563108091
diabetes,pso,13,13,51,0.7769425563108091
diabetes,pso,13,13,52,0.7769425563108091
diabetes,pso,13,13,53,0.7769425563108091
diabetes,pso,13,13,54,0.7769425563108091
diabetes,pso,13,13,55,0.7769425563108091
diabetes,pso,13,13,56,0.7769425563108091
diabetes,pso,13,13,57,0.7769425563108091
diabetes,pso,13,13,58,0.7769425563108091
diabetes,pso,13,13,59,0.7769425563108091
diabetes,pso,13,13,60,0.7769425563108091
diabetes,pso,13,13,61,0.7769425563108091
diabetes,pso,13,13,62,0.7769425563108091
diabetes,pso,13,13,63,0.7769425563108091
diabetes,pso,13,13,64,0.7769425563108091
diabetes,pso,13,13,65,0.7769425563108091
diabetes,pso,13,13,66,0.7769425563108091
diabetes,pso,13,13,67,0.7769425563108091
diabetes,pso,13,13,68,0.7769425563108091
diabetes,pso,13,13,69,0.7769425563108091
diabetes,pso,13,13,70,0.7769425563108091
diabetes,pso,13,13,71,0.7769425563108091
diabetes,pso,13,13,72,0.7769425563108091
diabetes,pso,13,13,73,0.7769425563108091
diabetes,pso,13,13,74,0.7769425563108091
diabetes,pso,13,13,75,0.7785685725709717
diabetes,pso,13,13,76,0.7785685725709717
diabetes,pso,13,13,77,0.7785685725709717
diabetes,pso,13,13,78,0.7785685725709717
diabetes,pso,13,13,79,0.7785685725709717
diabetes,pso,13,13,80,0.7785685725709717
diabetes,pso,13,13,81,0.7785685725709717
diabetes,pso,13,13,82,0.7785685725709717
diabetes,pso,13,13,83,0.7785685725709717
diabetes,pso,13,13,84,0.7818206050912969
diabetes,pso,13,13,85,0.7818206050912969
diabetes,pso,13,13,86,0.7818206050912969
diabetes,pso,13,13,87,0.7818206050912969
diabetes,pso,13,13,88,0.7818206050912969
diabetes,pso,13,13,89,0.7818206050912969
diabetes,pso,13,13,90,0.7818206050912969
diabetes,pso,13,13,91,0.7818206050912969
diabetes,pso,13,13,92,0.7818206050912969
diabetes,pso,13,13,93,0.7818206050912969
diabetes,pso,13,13,94,0.7818206050912969
diabetes,pso,13,13,95,0.7818206050912969
diabetes,pso,13,13,96,0.7818206050912969
diabetes,pso,13,13,97,0.7818206050912969
diabetes,pso,13,13,98,0.7818206050912969
diabetes,pso,13,13,99,0.7818206050912969
diabetes,pso,13,13,100,0.7818206050912969
diabetes,de,13,13,1,0.7736771957883513
diabetes,de,13,13,2,0.7736771957883513
diabetes,de,13,13,3,0.7736771957883513
diabetes,de,13,13,4,0.7736771957883513
diabetes,de,13,13,5,0.7736771957883513
diabetes,de,13,13,6,0.7736771957883513
diabetes,de,13,13,7,0.7736771957883513
diabetes,de,13,13,8,0.7736771957883513
diabetes,de,13,13,9,0.7736771957883513
diabetes,de,13,13,10,0.7752765560442489
diabetes,de,13,13,11,0.7752765560442489
diabetes,de,13,13,12,0.7752765560442489
diabetes,de,13,13,13,0.7752765560442489
diabetes,de,13,13,14,0.7752765560442489
diabetes,de,13,13,15,0.7752765560442489
diabetes,de,13,13,16,0.7752765560442489
diabetes,de,13,13,17,0.7752765560442489
diabetes,de,13,13,18,0.7752765560442489
diabetes,de,13,13,19,0.7752765560442489
diabetes,de,13,13,20,0.7752765560442489
diabetes,de,13,13,21,0.7752765560442489
diabetes,de,13,13,22,0.7752765560442489
diabetes,de,13,13,23,0.7752765560442489
diabetes,de,13,13,24,0.7752765560442489
diabetes,de,13,13,25,0.7753165400506464
diabetes,de,13,13,26,0.7753165400506464
diabetes,de,13,13,27,0.7753165400506464
diabetes,de,13,13,28,0.7753165400506464
diabetes,de,13,13,29,0.7753165400506464
diabetes,de,13,13,30,0.7753165400506464
diabetes,de,13,13,31,0.7753165400506464
diabetes,de,13,13,32,0.7753165400506464
diabetes,de,13,13,33,0.7753165400506464
diabetes,de,13,13,34,0.7753165400506464
diabetes,de,13,13,35,0.7753165400506464
diabetes,de,13,13,36,0.7753165400506464
diabetes,de,13,13,37,0.7753165400506464
diabetes,de,13,13,38,0.7753165400506464
diabetes,de,13,13,39,0.7753165400506464
diabetes,de,13,13,40,0.7753165400506464
diabetes,de,13,13,41,0.7753165400506464
diabetes,de,13,13,42,0.7753165400506464
diabetes,de,13,13,43,0.7753165400506464
diabetes,de,13,13,44,0.7753165400506464
diabetes,de,13,13,45,0.7753165400506464
diabetes,de,13,13,46,0.7753165400506464
diabetes,de,13,13,47,0.7753165400506464
diabetes,de,13,13,48,0.7753165400506464
diabetes,de,13,13,49,0.7753165400506464
diabetes,de,13,13,50,0.7753165400506464
diabetes,de,13,13,51,0.7753165400506464
diabetes,de,13,13,52,0.7753165400506464
diabetes,de,13,13,53,0.7753165400506464
diabetes,de,13,13,54,0.7753165400506464
diabetes,de,13,13,55,0.7753165400506464
diabetes,de,13,13,56,0.7753165400506464
diabetes,de,13,13,57,0.7753165400506464
diabetes,de,13,13,58,0.7753165400506464
diabetes,de,13,13,59,0.7753165400506464
diabetes,de,13,13,60,0.7753165400506464
diabetes,de,13,13,61,0.7753165400506464
diabetes,de,13,13,62,0.7753165400506464
diabetes,de,13,13,63,0.7753165400506464
diabetes,de,13,13,64,0.7753165400506464
diabetes,de,13,13,65,0.776942556310809
diabetes,de,13,13,66,0.776942556310809
diabetes,de,13,13,67,0.776942556310809
diabetes,de,13,13,68,0.776942556310809
diabetes,de,13,13,69,0.776942556310809
diabetes,de,13,13,70,0.7785685725709717
diabetes,de,13,13,71,0.7785685725709717
diabetes,de,13,13,72,0.7785685725709717
diabetes,de,13,13,73,0.7785685725709717
diabetes,de,13,13,74,0.7785685725709717
diabetes,de,13,13,75,0.7785685725709717
diabetes,de,13,13,76,0.7785685725709717
diabetes,de,13,13,77,0.7785685725709717
diabetes,de,13,13,78,0.7785685725709717
diabetes,de,13,13,79,0.7785685725709717
diabetes,de,13,13,80,0.7785685725709717
diabetes,de,13,13,81,0.7785685725709717
diabetes,de,13,13,82,0.7785685725709717
diabetes,de,13,13,83,0.7785685725709717
diabetes,de,13,13,84,0.7785685725709717
diabetes,de,13,13,85,0.7785685725709717
diabetes,de,13,13,86,0.7785685725709717
diabetes,de,13,13,87,0.7785685725709717
diabetes,de,13,13,88,0.7785685725709717
diabetes,de,13,13,89,0.7785685725709717
diabetes,de,13,13,90,0.7785685725709717
diabetes,de,13,13,91,0.7785685725709717
diabetes,de,13,13,92,0.7785685725709717
diabetes,de,13,13,93,0.7785685725709717
diabetes,de,13,13,94,0.7785685725709717
diabetes,de,13,13,95,0.7785685725709717
diabetes,de,13,13,96,0.7801945888311341
diabetes,de,13,13,97,0.7801945888311341
diabetes,de,13,13,98,0.7801945888311341
diabetes,de,13,13,99,0.7801945888311341
diabetes,de,13,13,100,0.7801945888311341
diabetes,ga,13,13,1,0.7736771957883513
diabetes,ga,13,13,2,0.7736771957883513
diabetes,ga,13,13,3,0.7736771957883513
diabetes,ga,13,13,4,0.7736771957883513
diabetes,ga,13,13,5,0.7736771957883513
diabetes,ga,13,13,6,0.7736771957883513
diabetes,ga,13,13,7,0.7736771957883513
diabetes,ga,13,13,8,0.7736771957883513
diabetes,ga,13,13,9,0.7736771957883513
diabetes,ga,13,13,10,0.7752765560442489
diabetes,ga,13,13,11,0.7752765560442489
diabetes,ga,13,13,12,0.7752765560442489
diabetes,ga,13,13,13,0.7752765560442489
diabetes,ga,13,13,14,0.7752765560442489
diabetes,ga,13,13,15,0.7752765560442489
diabetes,ga,13,13,16,0.7752765560442489
diabetes,ga,13,13,17,0.7752765560442489
diabetes,ga,13,13,18,0.7752765560442489
diabetes,ga,13,13,19,0.7752765560442489
diabetes,ga,13,13,20,0.7752765560442489
diabetes,ga,13,13,21,0.7752765560442489
diabetes,ga,13,13,22,0.7752765560442489
diabetes,ga,13,13,23,0.7752765560442489
diabetes,ga,13,13,24,0.7752765560442489
diabetes,ga,13,13,25,0.7752765560442489
diabetes,ga,13,13,26,0.7752765560442489
diabetes,ga,13,13,27,0.7752765560442489
diabetes,ga,13,13,28,0.7752765560442489
diabetes,ga,13,13,29,0.7752765560442489
diabetes,ga,13,13,30,0.7752765560442489
diabetes,ga,13,13,31,0.7752765560442489
diabetes,ga,13,13,32,0.7752765560442489
diabetes,ga,13,13,33,0.7752765560442489
diabetes,ga,13,13,34,0.7769292283086766
diabetes,ga,13,13,35,0.7769292283086766
diabetes,ga,13,13,36,0.7769292283086766
diabetes,ga,13,13,37,0.7785552445688391
diabetes,ga,13,13,38,0.7785552445688391
diabetes,ga,13,13,39,0.7785552445688391
diabetes,ga,13,13,40,0.7785552445688391
diabetes,ga,13,13,41,0.7785552445688391
diabetes,ga,13,13,42,0.7785552445688391
diabetes,ga,13,13,43,0.7785552445688391
diabetes,ga,13,13,44,0.7785552445688391
diabetes,ga,13,13,45,0.7785552445688391
diabetes,ga,13,13,46,0.7785552445688391
diabetes,ga,13,13,47,0.7785552445688391
diabetes,ga,13,13,48,0.7785552445688391
diabetes,ga,13,13,49,0.7785552445688391
diabetes,ga,13,13,50,0.7785552445688391
diabetes,ga,13,13,51,0.7785552445688391
diabetes,ga,13,13,52,0.7785552445688391
diabetes,ga,13,13,53,0.7785552445688391
diabetes,ga,13,13,54,0.7785552445688391
diabetes,ga,13,13,55,0.7785552445688391
diabetes,ga,13,13,56,0.7785552445688391
diabetes,ga,13,13,57,0.7785552445688391
diabetes,ga,13,13,58,0.7785552445688391
diabetes,ga,13,13,59,0.7785552445688391
diabetes,ga,13,13,60,0.7785552445688391
diabetes,ga,13,13,61,0.7785552445688391
diabetes,ga,13,13,62,0.7785552445688391
diabetes,ga,13,13,63,0.7785552445688391
diabetes,ga,13,13,64,0.7785552445688391
diabetes,ga,13,13,65,0.7785552445688391
diabetes,ga,13,13,66,0.7785552445688391
diabetes,ga,13,13,67,0.7785552445688391
diabetes,ga,13,13,68,0.7785552445688391
diabetes,ga,13,13,69,0.7785552445688391
diabetes,ga,13,13,70,0.7785552445688391
diabetes,ga,13,13,71,0.7785552445688391
diabetes,ga,13,13,72,0.7785552445688391
diabetes,ga,13,13,73,0.7785552445688391
diabetes,ga,13,13,74,0.7785552445688391
diabetes,ga,13,13,75,0.7785552445688391
diabetes,ga,13,13,76,0.7785552445688391
diabetes,ga,13,13,77,0.7785552445688391
diabetes,ga,13,13,78,0.7785552445688391
diabetes,ga,13,13,79,0.7785552445688391
diabetes,ga,13,13,80,0.7785552445688391
diabetes,ga,13,13,81,0.7785552445688391
diabetes,ga,13,13,82,0.7785552445688391
diabetes,ga,13,13,83,0.7785552445688391
diabetes,ga,13,13,84,0.7785552445688391
diabetes,ga,13,13,85,0.7785552445688391
diabetes,ga,13,13,86,0.7785552445688391
diabetes,ga,13,13,87,0.7785552445688391
diabetes,ga,13,13,88,0.7785552445688391
diabetes,ga,13,13,89,0.7785552445688391
diabetes,ga,13,13,90,0.7785552445688391
diabetes,ga,13,13,91,0.7785552445688391
diabetes,ga,13,13,92,0.7785552445688391
diabetes,ga,13,13,93,0.7785552445688391
diabetes,ga,13,13,94,0.7785552445688391
diabetes,ga,13,13,95,0.7785552445688391
diabetes,ga,13,13,96,0.7785552445688391
diabetes,ga,13,13,97,0.7785552445688391
diabetes,ga,13,13,98,0.7785552445688391
diabetes,ga,13,13,99,0.7785552445688391
diabetes,ga,13,13,100,0.7785552445688391
diabetes,sa,13,13,1,0.6889644142343062
diabetes,sa,13,13,2,0.6889644142343062
diabetes,sa,13,13,3,0.6889644142343062
diabetes,sa,13,13,4,0.6889644142343062
diabetes,sa,13,13,5,0.6889644142343062
diabetes,sa,13,13,6,0.6889644142343062
diabetes,sa,13,13,7,0.6889644142343062
diabetes,sa,13,13,8,0.6889644142343062
diabetes,sa,13,13,9,0.6889644142343062
diabetes,sa,13,13,10,0.6889644142343062
diabetes,sa,13,13,11,0.6890043982407038
diabetes,sa,13,13,12,0.6890043982407038
diabetes,sa,13,13,13,0.6890043982407038
diabetes,sa,13,13,14,0.6890043982407038
diabetes,sa,13,13,15,0.6890043982407038
diabetes,sa,13,13,16,0.6890043982407038
diabetes,sa,13,13,17,0.6890043982407038
diabetes,sa,13,13,18,0.692229774756764
diabetes,sa,13,13,19,0.692229774756764
diabetes,sa,13,13,20,0.692229774756764
diabetes,sa,13,13,21,0.7068639210982274
diabetes,sa,13,13,22,0.7638811142209783
diabetes,sa,13,13,23,0.7704118352658936
diabetes,sa,13,13,24,0.7704118352658936
diabetes,sa,13,13,25,0.7752898840463814
diabetes,sa,13,13,26,0.7785552445688391
diabetes,sa,13,13,27,0.7785552445688391
diabetes,sa,13,13,28,0.7785552445688391
diabetes,sa,13,13,29,0.7785552445688391
diabetes,sa,13,13,30,0.7785552445688391
diabetes,sa,13,13,31,0.7785552445688391
diabetes,sa,13,13,32,0.7785552445688391
diabetes,sa,13,13,33,0.7785552445688391
diabetes,sa,13,13,34,0.7785552445688391
diabetes,sa,13,13,35,0.7785552445688391
diabetes,sa,13,13,36,0.7785552445688391
diabetes,sa,13,13,37,0.7785552445688391
diabetes,sa,13,13,38,0.7785552445688391
diabetes,sa,13,13,39,0.7785552445688391
diabetes,sa,13,13,40,0.7785552445688391
diabetes,sa,13,13,41,0.7785552445688391
diabetes,sa,13,13,42,0.7785552445688391
diabetes,sa,13,13,43,0.7785552445688391
diabetes,sa,13,13,44,0.7785552445688391
diabetes,sa,13,13,45,0.7785552445688391
diabetes,sa,13,13,46,0.7785552445688391
diabetes,sa,13,13,47,0.7785552445688391
diabetes,sa,13,13,48,0.7785552445688391
diabetes,sa,13,13,49,0.7785552445688391
diabetes,sa,13,13,50,0.7785552445688391
diabetes,sa,13,13,51,0.7785552445688391
diabetes,sa,13,13,52,0.7785552445688391
diabetes,sa,13,13,53,0.7785552445688391
diabetes,sa,13,13,54,0.7785552445688391
diabetes,sa,13,13,55,0.7801812608290019
diabetes,sa,13,13,56,0.7801812608290019
diabetes,sa,13,13,57,0.7801812608290019
diabetes,sa,13,13,58,0.7801812608290019
diabetes,sa,13,13,59,0.7801812608290019
diabetes,sa,13,13,60,0.7801812608290019
diabetes,sa,13,13,61,0.7801812608290019
diabetes,sa,13,13,62,0.7801812608290019
diabetes,sa,13,13,63,0.7801812608290019
diabetes,sa,13,13,64,0.7801812608290019
diabetes,sa,13,13,65,0.7801812608290019
diabetes,sa,13,13,66,0.7801812608290019
diabetes,sa,13,13,67,0.7801812608290019
diabetes,sa,13,13,68,0.7801812608290019
diabetes,sa,13,13,69,0.7801812608290019
diabetes,sa,13,13,70,0.7801812608290019
diabetes,sa,13,13,71,0.7801812608290019
diabetes,sa,13,13,72,0.7801812608290019
diabetes,sa,13,13,73,0.7801812608290019
diabetes,sa,13,13,74,0.7801812608290019
diabetes,sa,13,13,75,0.7801812608290019
diabetes,sa,13,13,76,0.7801812608290019
diabetes,sa,13,13,77,0.7801812608290019
diabetes,sa,13,13,78,0.7801812608290019
diabetes,sa,13,13,79,0.7801812608290019
diabetes,sa,13,13,80,0.7801812608290019
diabetes,sa,13,13,81,0.7801812608290019
diabetes,sa,13,13,82,0.7801812608290019
diabetes,sa,13,13,83,0.7801812608290019
diabetes,sa,13,13,84,0.7801812608290019
diabetes,sa,13,13,85,0.7801812608290019
diabetes,sa,13,13,86,0.7801812608290019
diabetes,sa,13,13,87,0.7801812608290019
diabetes,sa,13,13,88,0.7801812608290019
diabetes,sa,13,13,89,0.7801812608290019
diabetes,sa,13,13,90,0.7801812608290019
diabetes,sa,13,13,91,0.7801812608290019
diabetes,sa,13,13,92,0.7801812608290019
diabetes,sa,13,13,93,0.7801812608290019
diabetes,sa,13,13,94,0.7801812608290019
diabetes,sa,13,13,95,0.7801812608290019
diabetes,sa,13,13,96,0.7801812608290019
diabetes,sa,13,13,97,0.7801812608290019
diabetes,sa,13,13,98,0.7801812608290019
diabetes,sa,13,13,99,0.7801812608290019
diabetes,sa,13,13,100,0.7801812608290019
diabetes,grid,14,14,1,0.6514727442356391
diabetes,grid,14,14,2,0.6514727442356391
diabetes,grid,14,14,3,0.6514727442356391
diabetes,grid,14,14,4,0.6514727442356391
diabetes,grid,14,14,5,0.6514727442356391
diabetes,grid,14,14,6,0.6514727442356391
diabetes,grid,14,14,7,0.6514727442356391
diabetes,grid,14,14,8,0.6514727442356391
diabetes,grid,14,14,9,0.6514727442356391
diabetes,grid,14,14,10,0.6514727442356391
diabetes,grid,14,14,11,0.6514727442356391
diabetes,grid,14,14,12,0.6514727442356391
diabetes,grid,14,14,13,0.6514727442356391
diabetes,grid,14,14,14,0.6514727442356391
diabetes,grid,14,14,15,0.6514727442356391
diabetes,grid,14,14,16,0.7540983606557378
diabetes,grid,14,14,17,0.7540983606557378
diabetes,grid,14,14,18,0.7540983606557378
diabetes,grid,14,14,19,0.7540983606557378
diabetes,grid,14,14,20,0.7540983606557378
diabetes,grid,14,14,21,0.7540983606557378
diabetes,grid,14,14,22,0.7540983606557378
diabetes,grid,14,14,23,0.7540983606557378
diabetes,grid,14,14,24,0.7540983606557378
diabetes,grid,14,14,25,0.765453818472611
diabetes,grid,14,14,26,0.765453818472611
diabetes,grid,14,14,27,0.7687458349993336
diabetes,grid,14,14,28,0.7687458349993336
diabetes,grid,14,14,29,0.7687458349993336
diabetes,grid,14,14,30,0.7687458349993336
diabetes,grid,14,14,31,0.7687458349993336
diabetes,grid,14,14,32,0.7687458349993336
diabetes,grid,14,14,33,0.7687458349993336
diabetes,grid,14,14,34,0.7687458349993336
diabetes,grid,14,14,35,0.7687458349993336
diabetes,grid,14,14,36,0.7687858190057311
diabetes,grid,14,14,37,0.7687858190057311
diabetes,grid,14,14,38,0.7687858190057311
diabetes,grid,14,14,39,0.7687858190057311
diabetes,grid,14,14,40,0.7687858190057311
diabetes,grid,14,14,41,0.7687858190057311
diabetes,grid,14,14,42,0.7687858190057311
diabetes,grid,14,14,43,0.7687858190057311
diabetes,grid,14,14,44,0.7687858190057311
diabetes,grid,14,14,45,0.7687858190057311
diabetes,grid,14,14,46,0.7687858190057311
diabetes,grid,14,14,47,0.7687858190057311
diabetes,grid,14,14,48,0.7687858190057311
diabetes,grid,14,14,49,0.7687858190057311
diabetes,grid,14,14,50,0.7687858190057311
diabetes,grid,14,14,51,0.7687858190057311
diabetes,grid,14,14,52,0.7687858190057311
diabetes,grid,14,14,53,0.7687858190057311
diabetes,grid,14,14,54,0.7719978675196588
diabetes,grid,14,14,55,0.7720111955217913
diabetes,grid,14,14,56,0.7720111955217913
diabetes,grid,14,14,57,0.7720111955217913
diabetes,grid,14,14,58,0.7720111955217913
diabetes,grid,14,14,59,0.7720111955217913
diabetes,grid,14,14,60,0.7720111955217913
diabetes,grid,14,14,61,0.7720111955217913
diabetes,grid,14,14,62,0.7720111955217913
diabetes,grid,14,14,63,0.7720111955217913
diabetes,grid,14,14,64,0.7720111955217913
diabetes,grid,14,14,65,0.7720111955217913
diabetes,grid,14,14,66,0.7720111955217913
diabetes,grid,14,14,67,0.7720111955217913
diabetes,grid,14,14,68,0.7720111955217913
diabetes,grid,14,14,69,0.7720111955217913
diabetes,grid,14,14,70,0.7720111955217913
diabetes,grid,14,14,71,0.7720111955217913
diabetes,grid,14,14,72,0.7720111955217913
diabetes,grid,14,14,73,0.7720111955217913
diabetes,grid,14,14,74,0.7720111955217913
diabetes,grid,14,14,75,0.7720111955217913
diabetes,grid,14,14,76,0.7720111955217913
diabetes,grid,14,14,77,0.7720111955217913
diabetes,grid,14,14,78,0.7720111955217913
diabetes,grid,14,14,79,0.7720111955217913
diabetes,grid,14,14,80,0.7720111955217913
diabetes,grid,14,14,81,0.7720111955217913
diabetes,grid,14,14,82,0.7720111955217913
diabetes,grid,14,14,83,0.7720111955217913
diabetes,grid,14,14,84,0.7720111955217913
diabetes,grid,14,14,85,0.7720111955217913
diabetes,grid,14,14,86,0.7720111955217913
diabetes,grid,14,14,87,0.7720111955217913
diabetes,grid,14,14,88,0.7720111955217913
diabetes,grid,14,14,89,0.7720111955217913
diabetes,grid,14,14,90,0.7720111955217913
diabetes,grid,14,14,91,0.7720111955217913
diabetes,grid,14,14,92,0.7720111955217913
diabetes,grid,14,14,93,0.7720111955217913
diabetes,grid,14,14,94,0.7720111955217913
diabetes,grid,14,14,95,0.7720111955217913
diabetes,grid,14,14,96,0.7720111955217913
diabetes,grid,14,14,97,0.7720111955217913
diabetes,grid,14,14,98,0.7720111955217913
diabetes,grid,14,14,99,0.7720111955217913
diabetes,grid,14,14,100,0.7720111955217913
diabetes,random,14,14,1,0.6971478075436492
diabetes,random,14,14,2,0.7622950819672132
diabetes,random,14,14,3,0.7703985072637611
diabetes,random,14,14,4,0.7703985072637611
diabetes,random,14,14,5,0.7703985072637611
diabetes,random,14,14,6,0.7703985072637611
diabetes,random,14,14,7,0.7703985072637611
diabetes,random,14,14,8,0.7703985072637611
diabetes,random,14,14,9,0.7703985072637611
diabetes,random,14,14,10,0.7703985072637611
diabetes,random,14,14,11,0.7703985072637611
diabetes,random,14,14,12,0.7703985072637611
diabetes,random,14,14,13,0.7703985072637611
diabetes,random,14,14,14,0.7703985072637611
diabetes,random,14,14,15,0.7703985072637611
diabetes,random,14,14,16,0.7703985072637611
diabetes,random,14,14,17,0.7703985072637611
diabetes,random,14,14,18,0.7703985072637611
diabetes,random,14,14,19,0.7703985072637611
diabetes,random,14,14,20,0.7703985072637611
diabetes,random,14,14,21,0.7703985072637611
diabetes,random,14,14,22,0.7703985072637611
diabetes,random,14,14,23,0.7703985072637611
diabetes,random,14,14,24,0.7703985072637611
diabetes,random,14,14,25,0.7703985072637611
diabetes,random,14,14,26,0.7703985072637611
diabetes,random,14,14,27,0.7703985072637611
diabetes,random,14,14,28,0.7703985072637611
diabetes,random,14,14,29,0.7703985072637611
diabetes,random,14,14,30,0.7703985072637611
diabetes,random,14,14,31,0.7703985072637611
diabetes,random,14,14,32,0.7703985072637611
diabetes,random,14,14,33,0.7703985072637611
diabetes,random,14,14,34,0.7703985072637611
diabetes,random,14,14,35,0.7703985072637611
diabetes,random,14,14,36,0.7703985072637611
diabetes,random,14,14,37,0.7703985072637611
diabetes,random,14,14,38,0.7703985072637611
diabetes,random,14,14,39,0.7703985072637611
diabetes,random,14,14,40,0.7703985072637611
diabetes,random,14,14,41,0.7703985072637611
diabetes,random,14,14,42,0.7703985072637611
diabetes,random,14,14,43,0.7703985072637611
diabetes,random,14,14,44,0.7703985072637611
diabetes,random,14,14,45,0.7703985072637611
diabetes,random,14,14,46,0.7703985072637611
diabetes,random,14,14,47,0.7703985072637611
diabetes,random,14,14,48,0.7703985072637611
diabetes,random,14,14,49,0.7703985072637611
diabetes,random,14,14,50,0.7703985072637611
diabetes,random,14,14,51,0.7703985072637611
diabetes,random,14,14,52,0.7703985072637611
diabetes,random,14,14,53,0.7736505397840864
diabetes,random,14,14,54,0.7736505397840864
diabetes,random,14,14,55,0.7736505397840864
diabetes,random,14,14,56,0.7736505397840864
diabetes,random,14,14,57,0.7736505397840864
diabetes,random,14,14,58,0.7736505397840864
diabetes,random,14,14,59,0.7736505397840864
diabetes,random,14,14,60,0.7736505397840864
diabetes,random,14,14,61,0.7736505397840864
diabetes,random,14,14,62,0.7736505397840864
diabetes,random,14,14,63,0.7736505397840864
diabetes,random,14,14,64,0.7736505397840864
diabetes,random,14,14,65,0.7736505397840864
diabetes,random,14,14,66,0.7736505397840864
diabetes,random,14,14,67,0.7736505397840864
diabetes,random,14,14,68,0.7736505397840864
diabetes,random,14,14,69,0.7736505397840864
diabetes,random,14,14,70,0.7736505397840864
diabetes,random,14,14,71,0.7736505397840864
diabetes,random,14,14,72,0.7736505397840864
diabetes,random,14,14,73,0.7736505397840864
diabetes,random,14,14,74,0.7736505397840864
diabetes,random,14,14,75,0.7736505397840864
diabetes,random,14,14,76,0.7736505397840864
diabetes,random,14,14,77,0.7736505397840864
diabetes,random,14,14,78,0.7736505397840864
diabetes,random,14,14,79,0.7736505397840864
diabetes,random,14,14,80,0.7736505397840864
diabetes,random,14,14,81,0.7736505397840864
diabetes,random,14,14,82,0.7736505397840864
diabetes,random,14,14,83,0.7736505397840864
diabetes,random,14,14,84,0.7736505397840864
diabetes,random,14,14,85,0.7736505397840864
diabetes,random,14,14,86,0.7736505397840864
diabetes,random,14,14,87,0.7736505397840864
diabetes,random,14,14,88,0.7736505397840864
diabetes,random,14,14,89,0.7736505397840864
diabetes,random,14,14,90,0.7736505397840864
diabetes,random,14,14,91,0.7736505397840864
diabetes,random,14,14,92,0.7736505397840864
diabetes,random,14,14,93,0.7736505397840864
diabetes,random,14,14,94,0.7736505397840864
diabetes,random,14,14,95,0.7736505397840864
diabetes,random,14,14,96,0.7736505397840864
diabetes,random,14,14,97,0.7736505397840864
diabetes,random,14,14,98,0.7736505397840864
diabetes,random,14,14,99,0.7736505397840864
diabetes,random,14,14,100,0.7736505397840864
diabetes,bo_tpe,14,14,1,0.6971478075436492
diabetes,bo_tpe,14,14,2,0.7622950819672132
diabetes,bo_tpe,14,14,3,0.7703985072637611
diabetes,bo_tpe,14,14,4,0.7703985072637611
diabetes,bo_tpe,14,14,5,0.7703985072637611
diabetes,bo_tpe,14,14,6,0.7703985072637611
diabetes,bo_tpe,14,14,7,0.7703985072637611
diabetes,bo_tpe,14,14,8,0.7703985072637611
diabetes,bo_tpe,14,14,9,0.7703985072637611
diabetes,bo_tpe,14,14,10,0.7703985072637611
diabetes,bo_tpe,14,14,11,0.7703985072637611
diabetes,bo_tpe,14,14,12,0.7703985072637611
diabetes,bo_tpe,14,14,13,0.7703985072637611
diabetes,bo_tpe,14,14,14,0.7703985072637611
diabetes,bo_tpe,14,14,15,0.7703985072637611
diabetes,bo_tpe,14,14,16,0.7703985072637611
diabetes,bo_tpe,14,14,17,0.7703985072637611
diabetes,bo_tpe,14,14,18,0.7703985072637611
diabetes,bo_tpe,14,14,19,0.7703985072637611
diabetes,bo_tpe,14,14,20,0.7703985072637611
diabetes,bo_tpe,14,14,21,0.7703985072637611
diabetes,bo_tpe,14,14,22,0.7703985072637611
diabetes,bo_tpe,14,14,23,0.7703985072637611
diabetes,bo_tpe,14,14,24,0.7703985072637611
diabetes,bo_tpe,14,14,25,0.7703985072637611
diabetes,bo_tpe,14,14,26,0.7703985072637611
diabetes,bo_tpe,14,14,27,0.7703985072637611
diabetes,bo_tpe,14,14,28,0.7703985072637611
diabetes,bo_tpe,14,14,29,0.7703985072637611
diabetes,bo_tpe,14,14,30,0.7703985072637611
diabetes,bo_tpe,14,14,31,0.7703985072637611
diabetes,bo_tpe,14,14,32,0.7703985072637611
diabetes,bo_tpe,14,14,33,0.7703985072637611
diabetes,bo_tpe,14,14,34,0.7703985072637611
diabetes,bo_tpe,14,14,35,0.7720111955217913
diabetes,bo_tpe,14,14,36,0.7720111955217913
diabetes,bo_tpe,14,14,37,0.7720111955217913
diabetes,bo_tpe,14,14,38,0.7720111955217913
diabetes,bo_tpe,14,14,39,0.7720111955217913
diabetes,bo_tpe,14,14,40,0.7720111955217913
diabetes,bo_tpe,14,14,41,0.7720111955217913
diabetes,bo_tpe,14,14,42,0.7720111955217913
diabetes,bo_tpe,14,14,43,0.7720111955217913
diabetes,bo_tpe,14,14,44,0.7720111955217913
diabetes,bo_tpe,14,14,45,0.7720111955217913
diabetes,bo_tpe,14,14,46,0.7720111955217913
diabetes,bo_tpe,14,14,47,0.7720111955217913
diabetes,bo_tpe,14,14,48,0.7720111955217913
diabetes,bo_tpe,14,14,49,0.7720111955217913
diabetes,bo_tpe,14,14,50,0.7720111955217913
diabetes,bo_tpe,14,14,51,0.7720111955217913
diabetes,bo_tpe,14,14,52,0.7720111955217913
diabetes,bo_tpe,14,14,53,0.7720111955217913
diabetes,bo_tpe,14,14,54,0.7720111955217913
diabetes,bo_tpe,14,14,55,0.7720111955217913
diabetes,bo_tpe,14,14,56,0.7720111955217913
diabetes,bo_tpe,14,14,57,0.7720111955217913
diabetes,bo_tpe,14,14,58,0.7720111955217913
diabetes,bo_tpe,14,14,59,0.7720111955217913
diabetes,bo_tpe,14,14,60,0.7720111955217913
diabetes,bo_tpe,14,14,61,0.7720111955217913
diabetes,bo_tpe,14,14,62,0.7720111955217913
diabetes,bo_tpe,14,14,63,0.7720111955217913
diabetes,bo_tpe,14,14,64,0.7736905237904839
diabetes,bo_tpe,14,14,65,0.7736905237904839
diabetes,bo_tpe,14,14,66,0.7736905237904839
diabetes,bo_tpe,14,14,67,0.7736905237904839
diabetes,bo_tpe,14,14,68,0.7736905237904839
diabetes,bo_tpe,14,14,69,0.7736905237904839
diabetes,bo_tpe,14,14,70,0.7736905237904839
diabetes,bo_tpe,14,14,71,0.7736905237904839
diabetes,bo_tpe,14,14,72,0.7736905237904839
diabetes,bo_tpe,14,14,73,0.7736905237904839
diabetes,bo_tpe,14,14,74,0.7736905237904839
diabetes,bo_tpe,14,14,75,0.7736905237904839
diabetes,bo_tpe,14,14,76,0.7736905237904839
diabetes,bo_tpe,14,14,77,0.7736905237904839
diabetes,bo_tpe,14,14,78,0.7736905237904839
diabetes,bo_tpe,14,14,79,0.7736905237904839
diabetes,bo_tpe,14,14,80,0.7736905237904839
diabetes,bo_tpe,14,14,81,0.7736905237904839
diabetes,bo_tpe,14,14,82,0.7736905237904839
diabetes,bo_tpe,14,14,83,0.7736905237904839
diabetes,bo_tpe,14,14,84,0.7736905237904839
diabetes,bo_tpe,14,14,85,0.7736905237904839
diabetes,bo_tpe,14,14,86,0.7736905237904839
diabetes,bo_tpe,14,14,87,0.7736905237904839
diabetes,bo_tpe,14,14,88,0.7736905237904839
diabetes,bo_tpe,14,14,89,0.7736905237904839
diabetes,bo_tpe,14,14,90,0.7736905237904839
diabetes,bo_tpe,14,14,91,0.7736905237904839
diabetes,bo_tpe,14,14,92,0.7736905237904839
diabetes,bo_tpe,14,14,93,0.7736905237904839
diabetes,bo_tpe,14,14,94,0.7736905237904839
diabetes,bo_tpe,14,14,95,0.7736905237904839
diabetes,bo_tpe,14,14,96,0.7736905237904839
diabetes,bo_tpe,14,14,97,0.7736905237904839
diabetes,bo_tpe,14,14,98,0.7736905237904839
diabetes,bo_tpe,14,14,99,0.7736905237904839
diabetes,bo_tpe,14,14,100,0.7736905237904839
diabetes,pso,14,14,1,0.7703585232573638
diabetes,pso,14,14,2,0.7703585232573638
diabetes,pso,14,14,3,0.7703585232573638
diabetes,pso,14,14,4,0.7703585232573638
diabetes,pso,14,14,5,0.7703585232573638
diabetes,pso,14,14,6,0.7703585232573638
diabetes,pso,14,14,7,0.7703585232573638
diabetes,pso,14,14,8,0.7703585232573638
diabetes,pso,14,14,9,0.7703585232573638
diabetes,pso,14,14,10,0.7703585232573638
diabetes,pso,14,14,11,0.7703585232573638
diabetes,pso,14,14,12,0.7703585232573638
diabetes,pso,14,14,13,0.7703585232573638
diabetes,pso,14,14,14,0.7703585232573638
diabetes,pso,14,14,15,0.7703585232573638
diabetes,pso,14,14,16,0.7703585232573638
diabetes,pso,14,14,17,0.7703585232573638
diabetes,pso,14,14,18,0.7703585232573638
diabetes,pso,14,14,19,0.7703585232573638
diabetes,pso,14,14,20,0.7736238837798214
diabetes,pso,14,14,21,0.7736238837798214
diabetes,pso,14,14,22,0.7736238837798214
diabetes,pso,14,14,23,0.7736238837798214
diabetes,pso,14,14,24,0.7736238837798214
diabetes,pso,14,14,25,0.7736238837798214
diabetes,pso,14,14,26,0.7736238837798214
diabetes,pso,14,14,27,0.7736238837798214
diabetes,pso,14,14,28,0.7736238837798214
diabetes,pso,14,14,29,0.7736238837798214
diabetes,pso,14,14,30,0.7736238837798214
diabetes,pso,14,14,31,0.7736238837798214
diabetes,pso,14,14,32,0.7736238837798214
diabetes,pso,14,14,33,0.7736238837798214
diabetes,pso,14,14,34,0.7736238837798214
diabetes,pso,14,14,35,0.7736238837798214
diabetes,pso,14,14,36,0.7736238837798214
diabetes,pso,14,14,37,0.7736238837798214
diabetes,pso,14,14,38,0.7736238837798214
diabetes,pso,14,14,39,0.7736238837798214
diabetes,pso,14,14,40,0.7736238837798214
diabetes,pso,14,14,41,0.7736238837798214
diabetes,pso,14,14,42,0.7736238837798214
diabetes,pso,14,14,43,0.7736238837798214
diabetes,pso,14,14,44,0.7736238837798214
diabetes,pso,14,14,45,0.7736238837798214
diabetes,pso,14,14,46,0.7736238837798214
diabetes,pso,14,14,47,0.7736238837798214
diabetes,pso,14,14,48,0.7736238837798214
diabetes,pso,14,14,49,0.7736238837798214
diabetes,pso,14,14,50,0.7736238837798214
diabetes,pso,14,14,51,0.7736238837798214
diabetes,pso,14,14,52,0.7736238837798214
diabetes,pso,14,14,53,0.7736238837798214
diabetes,pso,14,14,54,0.7736238837798214
diabetes,pso,14,14,55,0.7736238837798214
diabetes,pso,14,14,56,0.7736238837798214
diabetes,pso,14,14,57,0.7736238837798214
diabetes,pso,14,14,58,0.7736238837798214
diabetes,pso,14,14,59,0.7736238837798214
diabetes,pso,14,14,60,0.7736238837798214
diabetes,pso,14,14,61,0.7736238837798214
diabetes,pso,14,14,62,0.7736238837798214
diabetes,pso,14,14,63,0.7736238837798214
diabetes,pso,14,14,64,0.7736238837798214
diabetes,pso,14,14,65,0.7736238837798214
diabetes,pso,14,14,66,0.7736238837798214
diabetes,pso,14,14,67,0.7736238837798214
diabetes,pso,14,14,68,0.7736238837798214
diabetes,pso,14,14,69,0.7736238837798214
diabetes,pso,14,14,70,0.7736238837798214
diabetes,pso,14,14,71,0.7736238837798214
diabetes,pso,14,14,72,0.7736238837798214
diabetes,pso,14,14,73,0.7736238837798214
diabetes,pso,14,14,74,0.7736238837798214
diabetes,pso,14,14,75,0.7736238837798214
diabetes,pso,14,14,76,0.7736238837798214
diabetes,pso,14,14,77,0.7736238837798214
diabetes,pso,14,14,78,0.7736238837798214
diabetes,pso,14,14,79,0.7736238837798214
diabetes,pso,14,14,80,0.7736238837798214
diabetes,pso,14,14,81,0.7736238837798214
diabetes,pso,14,14,82,0.7736238837798214
diabetes,pso,14,14,83,0.7736238837798214
diabetes,pso,14,14,84,0.7736238837798214
diabetes,pso,14,14,85,0.7736238837798214
diabetes,pso,14,14,86,0.7736238837798214
diabetes,pso,14,14,87,0.7736238837798214
diabetes,pso,14,14,88,0.7736238837798214
diabetes,pso,14,14,89,0.7736238837798214
diabetes,pso,14,14,90,0.7736238837798214
diabetes,pso,14,14,91,0.7736238837798214
diabetes,pso,14,14,92,0.7736238837798214
diabetes,pso,14,14,93,0.7736238837798214
diabetes,pso,14,14,94,0.7736238837798214
diabetes,pso,14,14,95,0.7736238837798214
diabetes,pso,14,14,96,0.7736238837798214
diabetes,pso,14,14,97,0.7736238837798214
diabetes,pso,14,14,98,0.7736238837798214
diabetes,pso,14,14,99,0.7736238837798214
diabetes,pso,14,14,100,0.7736238837798214
diabetes,de,14,14,1,0.7703585232573638
diabetes,de,14,14,2,0.7703585232573638
diabetes,de,14,14,3,0.7703585232573638
diabetes,de,14,14,4,0.7703585232573638
diabetes,de,14,14,5,0.7703585232573638
diabetes,de,14,14,6,0.7703585232573638
diabetes,de,14,14,7,0.7703585232573638
diabetes,de,14,14,8,0.7703585232573638
diabetes,de,14,14,9,0.7703585232573638
diabetes,de,14,14,10,0.7703585232573638
diabetes,de,14,14,11,0.7703585232573638
diabetes,de,14,14,12,0.7703585232573638
diabetes,de,14,14,13,0.7703585232573638
diabetes,de,14,14,14,0.7703585232573638
diabetes,de,14,14,15,0.7703585232573638
diabetes,de,14,14,16,0.7703585232573638
diabetes,de,14,14,17,0.7703585232573638
diabetes,de,14,14,18,0.7703585232573638
diabetes,de,14,14,19,0.7703585232573638
diabetes,de,14,14,20,0.7703585232573638
diabetes,de,14,14,21,0.7703718512594963
diabetes,de,14,14,22,0.7703718512594963
diabetes,de,14,14,23,0.7703718512594963
diabetes,de,14,14,24,0.7703718512594963
diabetes,de,14,14,25,0.7703718512594963
diabetes,de,14,14,26,0.7703718512594963
diabetes,de,14,14,27,0.7719978675196588
diabetes,de,14,14,28,0.7719978675196588
diabetes,de,14,14,29,0.7719978675196588
diabetes,de,14,14,30,0.7719978675196588
diabetes,de,14,14,31,0.7719978675196588
diabetes,de,14,14,32,0.7719978675196588
diabetes,de,14,14,33,0.7719978675196588
diabetes,de,14,14,34,0.7719978675196588
diabetes,de,14,14,35,0.7719978675196588
diabetes,de,14,14,36,0.7719978675196588
diabetes,de,14,14,37,0.7719978675196588
diabetes,de,14,14,38,0.7719978675196588
diabetes,de,14,14,39,0.7719978675196588
diabetes,de,14,14,40,0.7719978675196588
diabetes,de,14,14,41,0.7719978675196588
diabetes,de,14,14,42,0.7719978675196588
diabetes,de,14,14,43,0.7719978675196588
diabetes,de,14,14,44,0.7719978675196588
diabetes,de,14,14,45,0.7719978675196588
diabetes,de,14,14,46,0.7719978675196588
diabetes,de,14,14,47,0.7719978675196588
diabetes,de,14,14,48,0.7719978675196588
diabetes,de,14,14,49,0.7719978675196588
diabetes,de,14,14,50,0.7719978675196588
diabetes,de,14,14,51,0.7719978675196588
diabetes,de,14,14,52,0.7719978675196588
diabetes,de,14,14,53,0.7719978675196588
diabetes,de,14,14,54,0.7719978675196588
diabetes,de,14,14,55,0.7719978675196588
diabetes,de,14,14,56,0.7719978675196588
diabetes,de,14,14,57,0.7719978675196588
diabetes,de,14,14,58,0.7719978675196588
diabetes,de,14,14,59,0.7719978675196588
diabetes,de,14,14,60,0.7719978675196588
diabetes,de,14,14,61,0.7719978675196588
diabetes,de,14,14,62,0.7719978675196588
diabetes,de,14,14,63,0.7719978675196588
diabetes,de,14,14,64,0.7719978675196588
diabetes,de,14,14,65,0.7719978675196588
diabetes,de,14,14,66,0.7719978675196588
diabetes,de,14,14,67,0.7719978675196588
diabetes,de,14,14,68,0.7719978675196588
diabetes,de,14,14,69,0.7719978675196588
diabetes,de,14,14,70,0.7719978675196588
diabetes,de,14,14,71,0.7719978675196588
diabetes,de,14,14,72,0.7719978675196588
diabetes,de,14,14,73,0.7719978675196588
diabetes,de,14,14,74,0.7719978675196588
diabetes,de,14,14,75,0.7719978675196588
diabetes,de,14,14,76,0.7719978675196588
diabetes,de,14,14,77,0.7719978675196588
diabetes,de,14,14,78,0.7719978675196588
diabetes,de,14,14,79,0.7719978675196588
diabetes,de,14,14,80,0.7719978675196588
diabetes,de,14,14,81,0.7719978675196588
diabetes,de,14,14,82,0.7719978675196588
diabetes,de,14,14,83,0.7719978675196588
diabetes,de,14,14,84,0.7719978675196588
diabetes,de,14,14,85,0.7719978675196588
diabetes,de,14,14,86,0.7719978675196588
diabetes,de,14,14,87,0.7719978675196588
diabetes,de,14,14,88,0.7719978675196588
diabetes,de,14,14,89,0.7719978675196588
diabetes,de,14,14,90,0.7719978675196588
diabetes,de,14,14,91,0.7719978675196588
diabetes,de,14,14,92,0.7719978675196588
diabetes,de,14,14,93,0.7719978675196588
diabetes,de,14,14,94,0.7719978675196588
diabetes,de,14,14,95,0.7719978675196588
diabetes,de,14,14,96,0.7719978675196588
diabetes,de,14,14,97,0.7719978675196588
diabetes,de,14,14,98,0.7719978675196588
diabetes,de,14,14,99,0.7719978675196588
diabetes,de,14,14,100,0.7719978675196588
diabetes,ga,14,14,1,0.7703585232573638
diabetes,ga,14,14,2,0.7703585232573638
diabetes,ga,14,14,3,0.7703585232573638
diabetes,ga,14,14,4,0.7703585232573638
diabetes,ga,14,14,5,0.7703585232573638
diabetes,ga,14,14,6,0.7703585232573638
diabetes,ga,14,14,7,0.7703585232573638
diabetes,ga,14,14,8,0.7703585232573638
diabetes,ga,14,14,9,0.7703585232573638
diabetes,ga,14,14,10,0.7703585232573638
diabetes,ga,14,14,11,0.7703585232573638
diabetes,ga,14,14,12,0.7703585232573638
diabetes,ga,14,14,13,0.7703585232573638
diabetes,ga,14,14,14,0.7703585232573638
diabetes,ga,14,14,15,0.7703585232573638
diabetes,ga,14,14,16,0.7703585232573638
diabetes,ga,14,14,17,0.7703585232573638
diabetes,ga,14,14,18,0.7703585232573638
diabetes,ga,14,14,19,0.7703585232573638
diabetes,ga,14,14,20,0.7703585232573638
diabetes,ga,14,14,21,0.7703585232573638
diabetes,ga,14,14,22,0.7703585232573638
diabetes,ga,14,14,23,0.7703585232573638
diabetes,ga,14,14,24,0.7703585232573638
diabetes,ga,14,14,25,0.7703585232573638
diabetes,ga,14,14,26,0.7703585232573638
diabetes,ga,14,14,27,0.7703585232573638
diabetes,ga,14,14,28,0.7703585232573638
diabetes,ga,14,14,29,0.7703585232573638
diabetes,ga,14,14,30,0.7703585232573638
diabetes,ga,14,14,31,0.7703585232573638
diabetes,ga,14,14,32,0.7703585232573638
diabetes,ga,14,14,33,0.7703585232573638
diabetes,ga,14,14,34,0.7703585232573638
diabetes,ga,14,14,35,0.7703718512594963
diabetes,ga,14,14,36,0.7703718512594963
diabetes,ga,14,14,37,0.7703718512594963
diabetes,ga,14,14,38,0.7703718512594963
diabetes,ga,14,14,39,0.7703718512594963
diabetes,ga,14,14,40,0.7703718512594963
diabetes,ga,14,14,41,0.7703718512594963
diabetes,ga,14,14,42,0.7703718512594963
diabetes,ga,14,14,43,0.7703718512594963
diabetes,ga,14,14,44,0.7703718512594963
diabetes,ga,14,14,45,0.7703718512594963
diabetes,ga,14,14,46,0.7703718512594963
diabetes,ga,14,14,47,0.7703718512594963
diabetes,ga,14,14,48,0.7703718512594963
diabetes,ga,14,14,49,0.7703718512594963
diabetes,ga,14,14,50,0.7703718512594963
diabetes,ga,14,14,51,0.7703718512594963
diabetes,ga,14,14,52,0.7703718512594963
diabetes,ga,14,14,53,0.7703718512594963
diabetes,ga,14,14,54,0.7703718512594963
diabetes,ga,14,14,55,0.7703718512594963
diabetes,ga,14,14,56,0.7703851792616286
diabetes,ga,14,14,57,0.7703851792616286
diabetes,ga,14,14,58,0.7703851792616286
diabetes,ga,14,14,59,0.7703851792616286
diabetes,ga,14,14,60,0.7703851792616286
diabetes,ga,14,14,61,0.7703851792616286
diabetes,ga,14,14,62,0.7719845395175262
diabetes,ga,14,14,63,0.7719845395175262
diabetes,ga,14,14,64,0.7719845395175262
diabetes,ga,14,14,65,0.7719845395175262
diabetes,ga,14,14,66,0.7719845395175262
diabetes,ga,14,14,67,0.7719845395175262
diabetes,ga,14,14,68,0.7719845395175262
diabetes,ga,14,14,69,0.7719845395175262
diabetes,ga,14,14,70,0.7719845395175262
diabetes,ga,14,14,71,0.7719845395175262
diabetes,ga,14,14,72,0.7719845395175262
diabetes,ga,14,14,73,0.7736238837798214
diabetes,ga,14,14,74,0.7736238837798214
diabetes,ga,14,14,75,0.7736238837798214
diabetes,ga,14,14,76,0.7736238837798214
diabetes,ga,14,14,77,0.7736238837798214
diabetes,ga,14,14,78,0.7736372117819539
diabetes,ga,14,14,79,0.7736372117819539
diabetes,ga,14,14,80,0.7736372117819539
diabetes,ga,14,14,81,0.7736372117819539
diabetes,ga,14,14,82,0.7736372117819539
diabetes,ga,14,14,83,0.7736372117819539
diabetes,ga,14,14,84,0.7736372117819539
diabetes,ga,14,14,85,0.7736372117819539
diabetes,ga,14,14,86,0.7736372117819539
diabetes,ga,14,14,87,0.7736372117819539
diabetes,ga,14,14,88,0.7736372117819539
diabetes,ga,14,14,89,0.7736372117819539
diabetes,ga,14,14,90,0.7736372117819539
diabetes,ga,14,14,91,0.7736372117819539
diabetes,ga,14,14,92,0.7736372117819539
diabetes,ga,14,14,93,0.7736372117819539
diabetes,ga,14,14,94,0.7736372117819539
diabetes,ga,14,14,95,0.7736372117819539
diabetes,ga,14,14,96,0.7736372117819539
diabetes,ga,14,14,97,0.7736372117819539
diabetes,ga,14,14,98,0.7736372117819539
diabetes,ga,14,14,99,0.7736372117819539
diabetes,ga,14,14,100,0.7736372117819539
diabetes,sa,14,14,1,0.6971478075436492
diabetes,sa,14,14,2,0.6971478075436492
diabetes,sa,14,14,3,0.6971478075436492
diabetes,sa,14,14,4,0.6971478075436492
diabetes,sa,14,14,5,0.6971478075436492
diabetes,sa,14,14,6,0.6971478075436492
diabetes,sa,14,14,7,0.6971478075436492
diabetes,sa,14,14,8,0.6971478075436492
diabetes,sa,14,14,9,0.6971478075436492
diabetes,sa,14,14,10,0.6971478075436492
diabetes,sa,14,14,11,0.6971478075436492
diabetes,sa,14,14,12,0.6971478075436492
diabetes,sa,14,14,13,0.6971478075436492
diabetes,sa,14,14,14,0.6971478075436492
diabetes,sa,14,14,15,0.6971478075436492
diabetes,sa,14,14,16,0.6971478075436492
diabetes,sa,14,14,17,0.6971478075436492
diabetes,sa,14,14,18,0.6971478075436492
diabetes,sa,14,14,19,0.7020391843262694
diabetes,sa,14,14,20,0.7020391843262694
diabetes,sa,14,14,21,0.7020391843262694
diabetes,sa,14,14,22,0.7020391843262694
diabetes,sa,14,14,23,0.7020391843262694
diabetes,sa,14,14,24,0.7020391843262694
diabetes,sa,14,14,25,0.7540850326536053
diabetes,sa,14,14,26,0.7540850326536053
diabetes,sa,14,14,27,0.7540850326536053
diabetes,sa,14,14,28,0.7540850326536053
diabetes,sa,14,14,29,0.7573370651739304
diabetes,sa,14,14,30,0.7703718512594963
diabetes,sa,14,14,31,0.7719978675196588
diabetes,sa,14,14,32,0.7719978675196588
diabetes,sa,14,14,33,0.7719978675196588
diabetes,sa,14,14,34,0.7719978675196588
diabetes,sa,14,14,35,0.7719978675196588
diabetes,sa,14,14,36,0.7719978675196588
diabetes,sa,14,14,37,0.7719978675196588
diabetes,sa,14,14,38,0.7719978675196588
diabetes,sa,14,14,39,0.7719978675196588
diabetes,sa,14,14,40,0.7719978675196588
diabetes,sa,14,14,41,0.7719978675196588
diabetes,sa,14,14,42,0.7719978675196588
diabetes,sa,14,14,43,0.7719978675196588
diabetes,sa,14,14,44,0.7719978675196588
diabetes,sa,14,14,45,0.7719978675196588
diabetes,sa,14,14,46,0.7719978675196588
diabetes,sa,14,14,47,0.7719978675196588
diabetes,sa,14,14,48,0.7719978675196588
diabetes,sa,14,14,49,0.7719978675196588
diabetes,sa,14,14,50,0.7719978675196588
diabetes,sa,14,14,51,0.7719978675196588
diabetes,sa,14,14,52,0.7719978675196588
diabetes,sa,14,14,53,0.7719978675196588
diabetes,sa,14,14,54,0.7719978675196588
diabetes,sa,14,14,55,0.7719978675196588
diabetes,sa,14,14,56,0.7719978675196588
diabetes,sa,14,14,57,0.7719978675196588
diabetes,sa,14,14,58,0.7719978675196588
diabetes,sa,14,14,59,0.7719978675196588
diabetes,sa,14,14,60,0.7719978675196588
diabetes,sa,14,14,61,0.7719978675196588
diabetes,sa,14,14,62,0.7719978675196588
diabetes,sa,14,14,63,0.7719978675196588
diabetes,sa,14,14,64,0.7719978675196588
diabetes,sa,14,14,65,0.7720111955217913
diabetes,sa,14,14,66,0.7720111955217913
diabetes,sa,14,14,67,0.7736372117819539
diabetes,sa,14,14,68,0.7736372117819539
diabetes,sa,14,14,69,0.7736372117819539
diabetes,sa,14,14,70,0.7736372117819539
diabetes,sa,14,14,71,0.7736372117819539
diabetes,sa,14,14,72,0.7736372117819539
diabetes,sa,14,14,73,0.7736372117819539
diabetes,sa,14,14,74,0.7736372117819539
diabetes,sa,14,14,75,0.7736372117819539
diabetes,sa,14,14,76,0.7736372117819539
diabetes,sa,14,14,77,0.7736372117819539
diabetes,sa,14,14,78,0.7736372117819539
diabetes,sa,14,14,79,0.7736372117819539
diabetes,sa,14,14,80,0.7736372117819539
diabetes,sa,14,14,81,0.7736372117819539
diabetes,sa,14,14,82,0.7736372117819539
diabetes,sa,14,14,83,0.7736372117819539
diabetes,sa,14,14,84,0.7736372117819539
diabetes,sa,14,14,85,0.7736372117819539
diabetes,sa,14,14,86,0.7736372117819539
diabetes,sa,14,14,87,0.7736372117819539
diabetes,sa,14,14,88,0.7736372117819539
diabetes,sa,14,14,89,0.7736372117819539
diabetes,sa,14,14,90,0.7736372117819539
diabetes,sa,14,14,91,0.7736372117819539
diabetes,sa,14,14,92,0.7736372117819539
diabetes,sa,14,14,93,0.7736372117819539
diabetes,sa,14,14,94,0.7736372117819539
diabetes,sa,14,14,95,0.7736372117819539
diabetes,sa,14,14,96,0.7736372117819539
diabetes,sa,14,14,97,0.7736372117819539
diabetes,sa,14,14,98,0.7736372117819539
diabetes,sa,14,14,99,0.7736372117819539
diabetes,sa,14,14,100,0.7736372117819539
diabetes,grid,15,15,1,0.6514727442356391
diabetes,grid,15,15,2,0.6514727442356391
diabetes,grid,15,15,3,0.6514727442356391
diabetes,grid,15,15,4,0.6514727442356391
diabetes,grid,15,15,5,0.6514727442356391
diabetes,grid,15,15,6,0.6514727442356391
diabetes,grid,15,15,7,0.6514727442356391
diabetes,grid,15,15,8,0.6514727442356391
diabetes,grid,15,15,9,0.6514727442356391
diabetes,grid,15,15,10,0.6514727442356391
diabetes,grid,15,15,11,0.6514727442356391
diabetes,grid,15,15,12,0.6514727442356391
diabetes,grid,15,15,13,0.6514727442356391
diabetes,grid,15,15,14,0.6514727442356391
diabetes,grid,15,15,15,0.6514727442356391
diabetes,grid,15,15,16,0.7606024256963881
diabetes,grid,15,15,17,0.7606024256963881
diabetes,grid,15,15,18,0.7606024256963881
diabetes,grid,15,15,19,0.7606024256963881
diabetes,grid,15,15,20,0.7606024256963881
diabetes,grid,15,15,21,0.7606024256963881
diabetes,grid,15,15,22,0.7606024256963881
diabetes,grid,15,15,23,0.7606024256963881
diabetes,grid,15,15,24,0.7606024256963881
diabetes,grid,15,15,25,0.7719845395175262
diabetes,grid,15,15,26,0.7719845395175262
diabetes,grid,15,15,27,0.7769025723044115
diabetes,grid,15,15,28,0.7769025723044115
diabetes,grid,15,15,29,0.7769025723044115
diabetes,grid,15,15,30,0.7769025723044115
diabetes,grid,15,15,31,0.7769025723044115
diabetes,grid,15,15,32,0.7769025723044115
diabetes,grid,15,15,33,0.7769025723044115
diabetes,grid,15,15,34,0.7769025723044115
diabetes,grid,15,15,35,0.7769025723044115
diabetes,grid,15,15,36,0.7769025723044115
diabetes,grid,15,15,37,0.7769025723044115
diabetes,grid,15,15,38,0.7769025723044115
diabetes,grid,15,15,39,0.7769025723044115
diabetes,grid,15,15,40,0.7769025723044115
diabetes,grid,15,15,41,0.7769025723044115
diabetes,grid,15,15,42,0.7769025723044115
diabetes,grid,15,15,43,0.7769025723044115
diabetes,grid,15,15,44,0.7769025723044115
diabetes,grid,15,15,45,0.7769025723044115
diabetes,grid,15,15,46,0.7769025723044115
diabetes,grid,15,15,47,0.7769025723044115
diabetes,grid,15,15,48,0.7769025723044115
diabetes,grid,15,15,49,0.7769025723044115
diabetes,grid,15,15,50,0.7769025723044115
diabetes,grid,15,15,51,0.7769025723044115
diabetes,grid,15,15,52,0.7769025723044115
diabetes,grid,15,15,53,0.7769025723044115
diabetes,grid,15,15,54,0.7769025723044115
diabetes,grid,15,15,55,0.7769025723044115
diabetes,grid,15,15,56,0.7769025723044115
diabetes,grid,15,15,57,0.7769025723044115
diabetes,grid,15,15,58,0.7769025723044115
diabetes,grid,15,15,59,0.7769025723044115
diabetes,grid,15,15,60,0.7769025723044115
diabetes,grid,15,15,61,0.7769025723044115
diabetes,grid,15,15,62,0.776915900306544
diabetes,grid,15,15,63,0.776915900306544
diabetes,grid,15,15,64,0.776915900306544
diabetes,grid,15,15,65,0.776915900306544
diabetes,grid,15,15,66,0.776915900306544
diabetes,grid,15,15,67,0.776915900306544
diabetes,grid,15,15,68,0.776915900306544
diabetes,grid,15,15,69,0.776915900306544
diabetes,grid,15,15,70,0.776915900306544
diabetes,grid,15,15,71,0.776915900306544
diabetes,grid,15,15,72,0.776915900306544
diabetes,grid,15,15,73,0.776915900306544
diabetes,grid,15,15,74,0.776915900306544
diabetes,grid,15,15,75,0.776915900306544
diabetes,grid,15,15,76,0.776915900306544
diabetes,grid,15,15,77,0.776915900306544
diabetes,grid,15,15,78,0.776915900306544
diabetes,grid,15,15,79,0.776915900306544
diabetes,grid,15,15,80,0.776915900306544
diabetes,grid,15,15,81,0.776915900306544
diabetes,grid,15,15,82,0.776915900306544
diabetes,grid,15,15,83,0.776915900306544
diabetes,grid,15,15,84,0.776915900306544
diabetes,grid,15,15,85,0.776915900306544
diabetes,grid,15,15,86,0.776915900306544
diabetes,grid,15,15,87,0.776915900306544
diabetes,grid,15,15,88,0.776915900306544
diabetes,grid,15,15,89,0.776915900306544
diabetes,grid,15,15,90,0.776915900306544
diabetes,grid,15,15,91,0.776915900306544
diabetes,grid,15,15,92,0.776915900306544
diabetes,grid,15,15,93,0.776915900306544
diabetes,grid,15,15,94,0.776915900306544
diabetes,grid,15,15,95,0.776915900306544
diabetes,grid,15,15,96,0.776915900306544
diabetes,grid,15,15,97,0.776915900306544
diabetes,grid,15,15,98,0.776915900306544
diabetes,grid,15,15,99,0.776915900306544
diabetes,grid,15,15,100,0.776915900306544
diabetes,random,15,15,1,0.6937758230041318
diabetes,random,15,15,2,0.750859656137545
diabetes,random,15,15,3,0.750859656137545
diabetes,random,15,15,4,0.750859656137545
diabetes,random,15,15,5,0.750859656137545
diabetes,random,15,15,6,0.750859656137545
diabetes,random,15,15,7,0.750859656137545
diabetes,random,15,15,8,0.750859656137545
diabetes,random,15,15,9,0.750859656137545
diabetes,random,15,15,10,0.750859656137545
diabetes,random,15,15,11,0.750859656137545
diabetes,random,15,15,12,0.750859656137545
diabetes,random,15,15,13,0.7703318672530988
diabetes,random,15,15,14,0.7703318672530988
diabetes,random,15,15,15,0.7703985072637611
diabetes,random,15,15,16,0.7703985072637611
diabetes,random,15,15,17,0.7703985072637611
diabetes,random,15,15,18,0.7703985072637611
diabetes,random,15,15,19,0.7703985072637611
diabetes,random,15,15,20,0.7703985072637611
diabetes,random,15,15,21,0.7768892443022791
diabetes,random,15,15,22,0.7768892443022791
diabetes,random,15,15,23,0.7768892443022791
diabetes,random,15,15,24,0.7768892443022791
diabetes,random,15,15,25,0.7768892443022791
diabetes,random,15,15,26,0.7768892443022791
diabetes,random,15,15,27,0.7768892443022791
diabetes,random,15,15,28,0.7768892443022791
diabetes,random,15,15,29,0.7768892443022791
diabetes,random,15,15,30,0.7768892443022791
diabetes,random,15,15,31,0.7768892443022791
diabetes,random,15,15,32,0.7768892443022791
diabetes,random,15,15,33,0.7768892443022791
diabetes,random,15,15,34,0.7768892443022791
diabetes,random,15,15,35,0.7768892443022791
diabetes,random,15,15,36,0.7768892443022791
diabetes,random,15,15,37,0.7768892443022791
diabetes,random,15,15,38,0.7768892443022791
diabetes,random,15,15,39,0.7768892443022791
diabetes,random,15,15,40,0.7768892443022791
diabetes,random,15,15,41,0.7768892443022791
diabetes,random,15,15,42,0.7768892443022791
diabetes,random,15,15,43,0.7768892443022791
diabetes,random,15,15,44,0.7768892443022791
diabetes,random,15,15,45,0.7768892443022791
diabetes,random,15,15,46,0.7768892443022791
diabetes,random,15,15,47,0.7768892443022791
diabetes,random,15,15,48,0.7768892443022791
diabetes,random,15,15,49,0.7768892443022791
diabetes,random,15,15,50,0.7768892443022791
diabetes,random,15,15,51,0.7768892443022791
diabetes,random,15,15,52,0.7768892443022791
diabetes,random,15,15,53,0.7768892443022791
diabetes,random,15,15,54,0.7768892443022791
diabetes,random,15,15,55,0.7768892443022791
diabetes,random,15,15,56,0.7768892443022791
diabetes,random,15,15,57,0.7768892443022791
diabetes,random,15,15,58,0.7768892443022791
diabetes,random,15,15,59,0.7768892443022791
diabetes,random,15,15,60,0.7768892443022791
diabetes,random,15,15,61,0.7768892443022791
diabetes,random,15,15,62,0.7768892443022791
diabetes,random,15,15,63,0.7768892443022791
diabetes,random,15,15,64,0.7768892443022791
diabetes,random,15,15,65,0.7768892443022791
diabetes,random,15,15,66,0.7768892443022791
diabetes,random,15,15,67,0.7768892443022791
diabetes,random,15,15,68,0.7768892443022791
diabetes,random,15,15,69,0.7768892443022791
diabetes,random,15,15,70,0.7768892443022791
diabetes,random,15,15,71,0.7768892443022791
diabetes,random,15,15,72,0.7768892443022791
diabetes,random,15,15,73,0.7768892443022791
diabetes,random,15,15,74,0.7768892443022791
diabetes,random,15,15,75,0.7768892443022791
diabetes,random,15,15,76,0.7768892443022791
diabetes,random,15,15,77,0.7768892443022791
diabetes,random,15,15,78,0.7768892443022791
diabetes,random,15,15,79,0.7768892443022791
diabetes,random,15,15,80,0.7768892443022791
diabetes,random,15,15,81,0.7768892443022791
diabetes,random,15,15,82,0.7768892443022791
diabetes,random,15,15,83,0.7768892443022791
diabetes,random,15,15,84,0.7768892443022791
diabetes,random,15,15,85,0.7768892443022791
diabetes,random,15,15,86,0.7768892443022791
diabetes,random,15,15,87,0.7768892443022791
diabetes,random,15,15,88,0.7768892443022791
diabetes,random,15,15,89,0.7768892443022791
diabetes,random,15,15,90,0.7768892443022791
diabetes,random,15,15,91,0.7768892443022791
diabetes,random,15,15,92,0.7768892443022791
diabetes,random,15,15,93,0.7768892443022791
diabetes,random,15,15,94,0.7768892443022791
diabetes,random,15,15,95,0.7768892443022791
diabetes,random,15,15,96,0.7768892443022791
diabetes,random,15,15,97,0.7768892443022791
diabetes,random,15,15,98,0.7768892443022791
diabetes,random,15,15,99,0.7768892443022791
diabetes,random,15,15,100,0.7768892443022791
diabetes,bo_tpe,15,15,1,0.6937758230041318
diabetes,bo_tpe,15,15,2,0.750859656137545
diabetes,bo_tpe,15,15,3,0.750859656137545
diabetes,bo_tpe,15,15,4,0.750859656137545
diabetes,bo_tpe,15,15,5,0.750859656137545
diabetes,bo_tpe,15,15,6,0.750859656137545
diabetes,bo_tpe,15,15,7,0.750859656137545
diabetes,bo_tpe,15,15,8,0.750859656137545
diabetes,bo_tpe,15,15,9,0.750859656137545
diabetes,bo_tpe,15,15,10,0.750859656137545
diabetes,bo_tpe,15,15,11,0.750859656137545
diabetes,bo_tpe,15,15,12,0.7752499000399841
diabetes,bo_tpe,15,15,13,0.7752499000399841
diabetes,bo_tpe,15,15,14,0.7752499000399841
diabetes,bo_tpe,15,15,15,0.7752499000399841
diabetes,bo_tpe,15,15,16,0.7752632280421164
diabetes,bo_tpe,15,15,17,0.7769025723044116
diabetes,bo_tpe,15,15,18,0.7769025723044116
diabetes,bo_tpe,15,15,19,0.7769025723044116
diabetes,bo_tpe,15,15,20,0.7769025723044116
diabetes,bo_tpe,15,15,21,0.7769025723044116
diabetes,bo_tpe,15,15,22,0.7769025723044116
diabetes,bo_tpe,15,15,23,0.7769025723044116
diabetes,bo_tpe,15,15,24,0.7769025723044116
diabetes,bo_tpe,15,15,25,0.7769025723044116
diabetes,bo_tpe,15,15,26,0.7769025723044116
diabetes,bo_tpe,15,15,27,0.7769025723044116
diabetes,bo_tpe,15,15,28,0.7769025723044116
diabetes,bo_tpe,15,15,29,0.7769025723044116
diabetes,bo_tpe,15,15,30,0.7769025723044116
diabetes,bo_tpe,15,15,31,0.7769025723044116
diabetes,bo_tpe,15,15,32,0.7769025723044116
diabetes,bo_tpe,15,15,33,0.7769025723044116
diabetes,bo_tpe,15,15,34,0.7769025723044116
diabetes,bo_tpe,15,15,35,0.7769025723044116
diabetes,bo_tpe,15,15,36,0.7769025723044116
diabetes,bo_tpe,15,15,37,0.7769025723044116
diabetes,bo_tpe,15,15,38,0.7769025723044116
diabetes,bo_tpe,15,15,39,0.7769025723044116
diabetes,bo_tpe,15,15,40,0.7769025723044116
diabetes,bo_tpe,15,15,41,0.7769025723044116
diabetes,bo_tpe,15,15,42,0.7769025723044116
diabetes,bo_tpe,15,15,43,0.7769025723044116
diabetes,bo_tpe,15,15,44,0.7785285885645742
diabetes,bo_tpe,15,15,45,0.7785285885645742
diabetes,bo_tpe,15,15,46,0.7785285885645742
diabetes,bo_tpe,15,15,47,0.7785285885645742
diabetes,bo_tpe,15,15,48,0.7785285885645742
diabetes,bo_tpe,15,15,49,0.7785285885645742
diabetes,bo_tpe,15,15,50,0.7785285885645742
diabetes,bo_tpe,15,15,51,0.7785285885645742
diabetes,bo_tpe,15,15,52,0.7785285885645742
diabetes,bo_tpe,15,15,53,0.7785285885645742
diabetes,bo_tpe,15,15,54,0.7785285885645742
diabetes,bo_tpe,15,15,55,0.7785285885645742
diabetes,bo_tpe,15,15,56,0.7785285885645742
diabetes,bo_tpe,15,15,57,0.7785285885645742
diabetes,bo_tpe,15,15,58,0.7785285885645742
diabetes,bo_tpe,15,15,59,0.7785285885645742
diabetes,bo_tpe,15,15,60,0.7785285885645742
diabetes,bo_tpe,15,15,61,0.7785285885645742
diabetes,bo_tpe,15,15,62,0.7785285885645742
diabetes,bo_tpe,15,15,63,0.7785285885645742
diabetes,bo_tpe,15,15,64,0.7785285885645742
diabetes,bo_tpe,15,15,65,0.7785285885645742
diabetes,bo_tpe,15,15,66,0.7785285885645742
diabetes,bo_tpe,15,15,67,0.7785285885645742
diabetes,bo_tpe,15,15,68,0.7785285885645742
diabetes,bo_tpe,15,15,69,0.7785285885645742
diabetes,bo_tpe,15,15,70,0.7785285885645742
diabetes,bo_tpe,15,15,71,0.7785552445688392
diabetes,bo_tpe,15,15,72,0.7785552445688392
diabetes,bo_tpe,15,15,73,0.7785552445688392
diabetes,bo_tpe,15,15,74,0.7785552445688392
diabetes,bo_tpe,15,15,75,0.7785552445688392
diabetes,bo_tpe,15,15,76,0.7785552445688392
diabetes,bo_tpe,15,15,77,0.7785552445688392
diabetes,bo_tpe,15,15,78,0.7785552445688392
diabetes,bo_tpe,15,15,79,0.7785552445688392
diabetes,bo_tpe,15,15,80,0.7785552445688392
diabetes,bo_tpe,15,15,81,0.7785552445688392
diabetes,bo_tpe,15,15,82,0.7785552445688392
diabetes,bo_tpe,15,15,83,0.7785552445688392
diabetes,bo_tpe,15,15,84,0.7785552445688392
diabetes,bo_tpe,15,15,85,0.7785552445688392
diabetes,bo_tpe,15,15,86,0.7785552445688392
diabetes,bo_tpe,15,15,87,0.7785552445688392
diabetes,bo_tpe,15,15,88,0.7785552445688392
diabetes,bo_tpe,15,15,89,0.7785552445688392
diabetes,bo_tpe,15,15,90,0.7785552445688392
diabetes,bo_tpe,15,15,91,0.7785552445688392
diabetes,bo_tpe,15,15,92,0.7785552445688392
diabetes,bo_tpe,15,15,93,0.7785552445688392
diabetes,bo_tpe,15,15,94,0.7785552445688392
diabetes,bo_tpe,15,15,95,0.7785552445688392
diabetes,bo_tpe,15,15,96,0.7785552445688392
diabetes,bo_tpe,15,15,97,0.7785552445688392
diabetes,bo_tpe,15,15,98,0.7785552445688392
diabetes,bo_tpe,15,15,99,0.7785552445688392
diabetes,bo_tpe,15,15,100,0.7785552445688392
diabetes,pso,15,15,1,0.7736638677862189
diabetes,pso,15,15,2,0.7736638677862189
diabetes,pso,15,15,3,0.7736638677862189
diabetes,pso,15,15,4,0.7736638677862189
diabetes,pso,15,15,5,0.7736638677862189
diabetes,pso,15,15,6,0.7736638677862189
diabetes,pso,15,15,7,0.7736638677862189
diabetes,pso,15,15,8,0.7736638677862189
diabetes,pso,15,15,9,0.7736638677862189
diabetes,pso,15,15,10,0.7736638677862189
diabetes,pso,15,15,11,0.7736638677862189
diabetes,pso,15,15,12,0.7736638677862189
diabetes,pso,15,15,13,0.7736638677862189
diabetes,pso,15,15,14,0.7736638677862189
diabetes,pso,15,15,15,0.7736638677862189
diabetes,pso,15,15,16,0.7736638677862189
diabetes,pso,15,15,17,0.7736638677862189
diabetes,pso,15,15,18,0.7736638677862189
diabetes,pso,15,15,19,0.7736638677862189
diabetes,pso,15,15,20,0.7752898840463814
diabetes,pso,15,15,21,0.7752898840463814
diabetes,pso,15,15,22,0.7752898840463814
diabetes,pso,15,15,23,0.7752898840463814
diabetes,pso,15,15,24,0.7752898840463814
diabetes,pso,15,15,25,0.7752898840463814
diabetes,pso,15,15,26,0.7752898840463814
diabetes,pso,15,15,27,0.7752898840463814
diabetes,pso,15,15,28,0.7752898840463814
diabetes,pso,15,15,29,0.7752898840463814
diabetes,pso,15,15,30,0.7752898840463814
diabetes,pso,15,15,31,0.7752898840463814
diabetes,pso,15,15,32,0.7752898840463814
diabetes,pso,15,15,33,0.7752898840463814
diabetes,pso,15,15,34,0.7752898840463814
diabetes,pso,15,15,35,0.7752898840463814
diabetes,pso,15,15,36,0.7752898840463814
diabetes,pso,15,15,37,0.7752898840463814
diabetes,pso,15,15,38,0.7752898840463814
diabetes,pso,15,15,39,0.7752898840463814
diabetes,pso,15,15,40,0.7752898840463814
diabetes,pso,15,15,41,0.7752898840463814
diabetes,pso,15,15,42,0.7752898840463814
diabetes,pso,15,15,43,0.7752898840463814
diabetes,pso,15,15,44,0.7752898840463814
diabetes,pso,15,15,45,0.7752898840463814
diabetes,pso,15,15,46,0.7752898840463814
diabetes,pso,15,15,47,0.7752898840463814
diabetes,pso,15,15,48,0.7752898840463814
diabetes,pso,15,15,49,0.7752898840463814
diabetes,pso,15,15,50,0.7752898840463814
diabetes,pso,15,15,51,0.7752898840463814
diabetes,pso,15,15,52,0.7752898840463814
diabetes,pso,15,15,53,0.7752898840463814
diabetes,pso,15,15,54,0.7752898840463814
diabetes,pso,15,15,55,0.7752898840463814
diabetes,pso,15,15,56,0.7752898840463814
diabetes,pso,15,15,57,0.7752898840463814
diabetes,pso,15,15,58,0.7752898840463814
diabetes,pso,15,15,59,0.7752898840463814
diabetes,pso,15,15,60,0.7752898840463814
diabetes,pso,15,15,61,0.7752898840463814
diabetes,pso,15,15,62,0.7752898840463814
diabetes,pso,15,15,63,0.7752898840463814
diabetes,pso,15,15,64,0.7752898840463814
diabetes,pso,15,15,65,0.7752898840463814
diabetes,pso,15,15,66,0.7752898840463814
diabetes,pso,15,15,67,0.7752898840463814
diabetes,pso,15,15,68,0.7752898840463814
diabetes,pso,15,15,69,0.7752898840463814
diabetes,pso,15,15,70,0.7752898840463814
diabetes,pso,15,15,71,0.7752898840463814
diabetes,pso,15,15,72,0.7752898840463814
diabetes,pso,15,15,73,0.7752898840463814
diabetes,pso,15,15,74,0.7752898840463814
diabetes,pso,15,15,75,0.7752898840463814
diabetes,pso,15,15,76,0.7752898840463814
diabetes,pso,15,15,77,0.7752898840463814
diabetes,pso,15,15,78,0.7752898840463814
diabetes,pso,15,15,79,0.7752898840463814
diabetes,pso,15,15,80,0.7752898840463814
diabetes,pso,15,15,81,0.7752898840463814
diabetes,pso,15,15,82,0.7752898840463814
diabetes,pso,15,15,83,0.7752898840463814
diabetes,pso,15,15,84,0.7752898840463814
diabetes,pso,15,15,85,0.7752898840463814
diabetes,pso,15,15,86,0.7752898840463814
diabetes,pso,15,15,87,0.7752898840463814
diabetes,pso,15,15,88,0.7752898840463814
diabetes,pso,15,15,89,0.7752898840463814
diabetes,pso,15,15,90,0.7752898840463814
diabetes,pso,15,15,91,0.7752898840463814
diabetes,pso,15,15,92,0.7752898840463814
diabetes,pso,15,15,93,0.7752898840463814
diabetes,pso,15,15,94,0.7752898840463814
diabetes,pso,15,15,95,0.7752898840463814
diabetes,pso,15,15,96,0.7752898840463814
diabetes,pso,15,15,97,0.7752898840463814
diabetes,pso,15,15,98,0.7752898840463814
diabetes,pso,15,15,99,0.7752898840463814
diabetes,pso,15,15,100,0.776915900306544
diabetes,de,15,15,1,0.7753032120485139
diabetes,de,15,15,2,0.7753032120485139
diabetes,de,15,15,3,0.7753032120485139
diabetes,de,15,15,4,0.7753032120485139
diabetes,de,15,15,5,0.7753032120485139
diabetes,de,15,15,6,0.7753032120485139
diabetes,de,15,15,7,0.7753032120485139
diabetes,de,15,15,8,0.7753032120485139
diabetes,de,15,15,9,0.7753032120485139
diabetes,de,15,15,10,0.7753032120485139
diabetes,de,15,15,11,0.7753032120485139
diabetes,de,15,15,12,0.7753032120485139
diabetes,de,15,15,13,0.7753032120485139
diabetes,de,15,15,14,0.7753032120485139
diabetes,de,15,15,15,0.7753032120485139
diabetes,de,15,15,16,0.7753032120485139
diabetes,de,15,15,17,0.7753032120485139
diabetes,de,15,15,18,0.7753032120485139
diabetes,de,15,15,19,0.7753032120485139
diabetes,de,15,15,20,0.7753032120485139
diabetes,de,15,15,21,0.7753032120485139
diabetes,de,15,15,22,0.7753032120485139
diabetes,de,15,15,23,0.7753032120485139
diabetes,de,15,15,24,0.7753032120485139
diabetes,de,15,15,25,0.7753032120485139
diabetes,de,15,15,26,0.7753032120485139
diabetes,de,15,15,27,0.7769425563108091
diabetes,de,15,15,28,0.7769425563108091
diabetes,de,15,15,29,0.7769425563108091
diabetes,de,15,15,30,0.7769425563108091
diabetes,de,15,15,31,0.7769425563108091
diabetes,de,15,15,32,0.7785019325603093
diabetes,de,15,15,33,0.7785019325603093
diabetes,de,15,15,34,0.7785019325603093
diabetes,de,15,15,35,0.7785019325603093
diabetes,de,15,15,36,0.7785019325603093
diabetes,de,15,15,37,0.7785019325603093
diabetes,de,15,15,38,0.7785019325603093
diabetes,de,15,15,39,0.7785019325603093
diabetes,de,15,15,40,0.7785019325603093
diabetes,de,15,15,41,0.7785019325603093
diabetes,de,15,15,42,0.7785019325603093
diabetes,de,15,15,43,0.7785019325603093
diabetes,de,15,15,44,0.7785019325603093
diabetes,de,15,15,45,0.7785019325603093
diabetes,de,15,15,46,0.7785019325603093
diabetes,de,15,15,47,0.7785019325603093
diabetes,de,15,15,48,0.7785019325603093
diabetes,de,15,15,49,0.7785019325603093
diabetes,de,15,15,50,0.7785019325603093
diabetes,de,15,15,51,0.7785019325603093
diabetes,de,15,15,52,0.7785019325603093
diabetes,de,15,15,53,0.7785019325603093
diabetes,de,15,15,54,0.7785019325603093
diabetes,de,15,15,55,0.7785019325603093
diabetes,de,15,15,56,0.7785019325603093
diabetes,de,15,15,57,0.7785019325603093
diabetes,de,15,15,58,0.7785019325603093
diabetes,de,15,15,59,0.7785019325603093
diabetes,de,15,15,60,0.7785019325603093
diabetes,de,15,15,61,0.7785019325603093
diabetes,de,15,15,62,0.7785019325603093
diabetes,de,15,15,63,0.7785019325603093
diabetes,de,15,15,64,0.7785019325603093
diabetes,de,15,15,65,0.7785019325603093
diabetes,de,15,15,66,0.7785019325603093
diabetes,de,15,15,67,0.7785019325603093
diabetes,de,15,15,68,0.7785019325603093
diabetes,de,15,15,69,0.7785019325603093
diabetes,de,15,15,70,0.7785285885645742
diabetes,de,15,15,71,0.7785285885645742
diabetes,de,15,15,72,0.7785285885645742
diabetes,de,15,15,73,0.7785285885645742
diabetes,de,15,15,74,0.7785285885645742
diabetes,de,15,15,75,0.7785285885645742
diabetes,de,15,15,76,0.7785285885645742
diabetes,de,15,15,77,0.7785285885645742
diabetes,de,15,15,78,0.7785285885645742
diabetes,de,15,15,79,0.7785285885645742
diabetes,de,15,15,80,0.7785285885645742
diabetes,de,15,15,81,0.7785285885645742
diabetes,de,15,15,82,0.7785285885645742
diabetes,de,15,15,83,0.7785285885645742
diabetes,de,15,15,84,0.7785285885645742
diabetes,de,15,15,85,0.7785285885645742
diabetes,de,15,15,86,0.7785285885645742
diabetes,de,15,15,87,0.7785285885645742
diabetes,de,15,15,88,0.7785285885645742
diabetes,de,15,15,89,0.7785285885645742
diabetes,de,15,15,90,0.7785285885645742
diabetes,de,15,15,91,0.7785285885645742
diabetes,de,15,15,92,0.7785285885645742
diabetes,de,15,15,93,0.7785285885645742
diabetes,de,15,15,94,0.7785285885645742
diabetes,de,15,15,95,0.7785285885645742
diabetes,de,15,15,96,0.7785285885645742
diabetes,de,15,15,97,0.7785285885645742
diabetes,de,15,15,98,0.7785285885645742
diabetes,de,15,15,99,0.7785285885645742
diabetes,de,15,15,100,0.7785285885645742
diabetes,ga,15,15,1,0.7753032120485139
diabetes,ga,15,15,2,0.7753032120485139
diabetes,ga,15,15,3,0.7753032120485139
diabetes,ga,15,15,4,0.7753032120485139
diabetes,ga,15,15,5,0.7753032120485139
diabetes,ga,15,15,6,0.7753032120485139
diabetes,ga,15,15,7,0.7753032120485139
diabetes,ga,15,15,8,0.7753032120485139
diabetes,ga,15,15,9,0.7753032120485139
diabetes,ga,15,15,10,0.7753032120485139
diabetes,ga,15,15,11,0.7753032120485139
diabetes,ga,15,15,12,0.7753032120485139
diabetes,ga,15,15,13,0.7753032120485139
diabetes,ga,15,15,14,0.7753032120485139
diabetes,ga,15,15,15,0.7753032120485139
diabetes,ga,15,15,16,0.7753032120485139
diabetes,ga,15,15,17,0.7753032120485139
diabetes,ga,15,15,18,0.7753032120485139
diabetes,ga,15,15,19,0.7753032120485139
diabetes,ga,15,15,20,0.7753032120485139
diabetes,ga,15,15,21,0.7753032120485139
diabetes,ga,15,15,22,0.7753032120485139
diabetes,ga,15,15,23,0.7753032120485139
diabetes,ga,15,15,24,0.7753032120485139
diabetes,ga,15,15,25,0.7753032120485139
diabetes,ga,15,15,26,0.7753032120485139
diabetes,ga,15,15,27,0.7753032120485139
diabetes,ga,15,15,28,0.7753032120485139
diabetes,ga,15,15,29,0.7753032120485139
diabetes,ga,15,15,30,0.7753032120485139
diabetes,ga,15,15,31,0.7753032120485139
diabetes,ga,15,15,32,0.7753032120485139
diabetes,ga,15,15,33,0.7753032120485139
diabetes,ga,15,15,34,0.7753032120485139
diabetes,ga,15,15,35,0.776915900306544
diabetes,ga,15,15,36,0.776915900306544
diabetes,ga,15,15,37,0.776915900306544
diabetes,ga,15,15,38,0.776915900306544
diabetes,ga,15,15,39,0.776915900306544
diabetes,ga,15,15,40,0.776915900306544
diabetes,ga,15,15,41,0.776915900306544
diabetes,ga,15,15,42,0.776915900306544
diabetes,ga,15,15,43,0.776915900306544
diabetes,ga,15,15,44,0.776915900306544
diabetes,ga,15,15,45,0.776915900306544
diabetes,ga,15,15,46,0.7769292283086766
diabetes,ga,15,15,47,0.7769292283086766
diabetes,ga,15,15,48,0.7769292283086766
diabetes,ga,15,15,49,0.7769292283086766
diabetes,ga,15,15,50,0.7769292283086766
diabetes,ga,15,15,51,0.7769292283086766
diabetes,ga,15,15,52,0.7769292283086766
diabetes,ga,15,15,53,0.7769292283086766
diabetes,ga,15,15,54,0.7769292283086766
diabetes,ga,15,15,55,0.7769292283086766
diabetes,ga,15,15,56,0.7769292283086766
diabetes,ga,15,15,57,0.7769292283086766
diabetes,ga,15,15,58,0.7769292283086766
diabetes,ga,15,15,59,0.7769292283086766
diabetes,ga,15,15,60,0.7769292283086766
diabetes,ga,15,15,61,0.7769292283086766
diabetes,ga,15,15,62,0.7769292283086766
diabetes,ga,15,15,63,0.7769292283086766
diabetes,ga,15,15,64,0.7769292283086766
diabetes,ga,15,15,65,0.7769292283086766
diabetes,ga,15,15,66,0.7769292283086766
diabetes,ga,15,15,67,0.7769292283086766
diabetes,ga,15,15,68,0.7769292283086766
diabetes,ga,15,15,69,0.7769292283086766
diabetes,ga,15,15,70,0.7769292283086766
diabetes,ga,15,15,71,0.7785552445688391
diabetes,ga,15,15,72,0.7785552445688391
diabetes,ga,15,15,73,0.7785552445688391
diabetes,ga,15,15,74,0.7785552445688391
diabetes,ga,15,15,75,0.7785552445688391
diabetes,ga,15,15,76,0.7785552445688391
diabetes,ga,15,15,77,0.7785552445688391
diabetes,ga,15,15,78,0.7785552445688391
diabetes,ga,15,15,79,0.7785552445688391
diabetes,ga,15,15,80,0.7785552445688391
diabetes,ga,15,15,81,0.7785552445688391
diabetes,ga,15,15,82,0.7785552445688391
diabetes,ga,15,15,83,0.7785552445688391
diabetes,ga,15,15,84,0.7785552445688391
diabetes,ga,15,15,85,0.7785552445688391
diabetes,ga,15,15,86,0.7785552445688391
diabetes,ga,15,15,87,0.7785552445688391
diabetes,ga,15,15,88,0.7785552445688391
diabetes,ga,15,15,89,0.7785552445688391
diabetes,ga,15,15,90,0.7785552445688391
diabetes,ga,15,15,91,0.7785552445688391
diabetes,ga,15,15,92,0.7785552445688391
diabetes,ga,15,15,93,0.7785552445688391
diabetes,ga,15,15,94,0.7785552445688391
diabetes,ga,15,15,95,0.7785552445688391
diabetes,ga,15,15,96,0.7785552445688391
diabetes,ga,15,15,97,0.7785552445688391
diabetes,ga,15,15,98,0.7785552445688391
diabetes,ga,15,15,99,0.7785552445688391
diabetes,ga,15,15,100,0.7785552445688391
diabetes,sa,15,15,1,0.6937758230041318
diabetes,sa,15,15,2,0.6937758230041318
diabetes,sa,15,15,3,0.6937758230041318
diabetes,sa,15,15,4,0.6937758230041318
diabetes,sa,15,15,5,0.6937758230041318
diabetes,sa,15,15,6,0.6937758230041318
diabetes,sa,15,15,7,0.6937758230041318
diabetes,sa,15,15,8,0.6937758230041318
diabetes,sa,15,15,9,0.6937758230041318
diabetes,sa,15,15,10,0.6937758230041318
diabetes,sa,15,15,11,0.6937758230041318
diabetes,sa,15,15,12,0.6937758230041318
diabetes,sa,15,15,13,0.6937758230041318
diabetes,sa,15,15,14,0.6937758230041318
diabetes,sa,15,15,15,0.6937758230041318
diabetes,sa,15,15,16,0.6937758230041318
diabetes,sa,15,15,17,0.6937758230041318
diabetes,sa,15,15,18,0.6954284952685591
diabetes,sa,15,15,19,0.6954284952685591
diabetes,sa,15,15,20,0.6954284952685591
diabetes,sa,15,15,21,0.6954284952685591
diabetes,sa,15,15,22,0.6954284952685591
diabetes,sa,15,15,23,0.7508463281354125
diabetes,sa,15,15,24,0.7508463281354125
diabetes,sa,15,15,25,0.7508463281354125
diabetes,sa,15,15,26,0.7508463281354125
diabetes,sa,15,15,27,0.7508463281354125
diabetes,sa,15,15,28,0.7687591630014661
diabetes,sa,15,15,29,0.7720245235239238
diabetes,sa,15,15,30,0.7720378515260563
diabetes,sa,15,15,31,0.7752898840463814
diabetes,sa,15,15,32,0.7752898840463814
diabetes,sa,15,15,33,0.7752898840463814
diabetes,sa,15,15,34,0.7752898840463814
diabetes,sa,15,15,35,0.7752898840463814
diabetes,sa,15,15,36,0.7752898840463814
diabetes,sa,15,15,37,0.7752898840463814
diabetes,sa,15,15,38,0.7752898840463814
diabetes,sa,15,15,39,0.7752898840463814
diabetes,sa,15,15,40,0.7752898840463814
diabetes,sa,15,15,41,0.7752898840463814
diabetes,sa,15,15,42,0.7752898840463814
diabetes,sa,15,15,43,0.7752898840463814
diabetes,sa,15,15,44,0.7752898840463814
diabetes,sa,15,15,45,0.7752898840463814
diabetes,sa,15,15,46,0.7752898840463814
diabetes,sa,15,15,47,0.7752898840463814
diabetes,sa,15,15,48,0.7752898840463814
diabetes,sa,15,15,49,0.7752898840463814
diabetes,sa,15,15,50,0.7752898840463814
diabetes,sa,15,15,51,0.7752898840463814
diabetes,sa,15,15,52,0.7752898840463814
diabetes,sa,15,15,53,0.7752898840463814
diabetes,sa,15,15,54,0.776915900306544
diabetes,sa,15,15,55,0.776915900306544
diabetes,sa,15,15,56,0.7801812608290017
diabetes,sa,15,15,57,0.7801812608290017
diabetes,sa,15,15,58,0.7801812608290017
diabetes,sa,15,15,59,0.7801812608290017
diabetes,sa,15,15,60,0.7801812608290017
diabetes,sa,15,15,61,0.7801812608290017
diabetes,sa,15,15,62,0.7801812608290017
diabetes,sa,15,15,63,0.7801812608290017
diabetes,sa,15,15,64,0.7801812608290017
diabetes,sa,15,15,65,0.7801812608290017
diabetes,sa,15,15,66,0.7801812608290017
diabetes,sa,15,15,67,0.7801812608290017
diabetes,sa,15,15,68,0.7801812608290017
diabetes,sa,15,15,69,0.7801812608290017
diabetes,sa,15,15,70,0.7801812608290017
diabetes,sa,15,15,71,0.7801812608290017
diabetes,sa,15,15,72,0.7801812608290017
diabetes,sa,15,15,73,0.7801812608290017
diabetes,sa,15,15,74,0.7801812608290017
diabetes,sa,15,15,75,0.7801812608290017
diabetes,sa,15,15,76,0.7801812608290017
diabetes,sa,15,15,77,0.7801812608290017
diabetes,sa,15,15,78,0.7801812608290017
diabetes,sa,15,15,79,0.7801812608290017
diabetes,sa,15,15,80,0.7801812608290017
diabetes,sa,15,15,81,0.7801812608290017
diabetes,sa,15,15,82,0.7801812608290017
diabetes,sa,15,15,83,0.7801812608290017
diabetes,sa,15,15,84,0.7801812608290017
diabetes,sa,15,15,85,0.7801812608290017
diabetes,sa,15,15,86,0.7801812608290017
diabetes,sa,15,15,87,0.7801812608290017
diabetes,sa,15,15,88,0.7801812608290017
diabetes,sa,15,15,89,0.7801812608290017
diabetes,sa,15,15,90,0.7801812608290017
diabetes,sa,15,15,91,0.7801812608290017
diabetes,sa,15,15,92,0.7801812608290017
diabetes,sa,15,15,93,0.7801812608290017
diabetes,sa,15,15,94,0.783406637345062
diabetes,sa,15,15,95,0.783406637345062
diabetes,sa,15,15,96,0.783406637345062
diabetes,sa,15,15,97,0.783406637345062
diabetes,sa,15,15,98,0.783406637345062
diabetes,sa,15,15,99,0.783406637345062
diabetes,sa,15,15,100,0.783406637345062
diabetes,grid,16,16,1,0.6514727442356391
diabetes,grid,16,16,2,0.6514727442356391
diabetes,grid,16,16,3,0.6514727442356391
diabetes,grid,16,16,4,0.6514727442356391
diabetes,grid,16,16,5,0.6514727442356391
diabetes,grid,16,16,6,0.6514727442356391
diabetes,grid,16,16,7,0.6514727442356391
diabetes,grid,16,16,8,0.6514727442356391
diabetes,grid,16,16,9,0.6514727442356391
diabetes,grid,16,16,10,0.6514727442356391
diabetes,grid,16,16,11,0.6514727442356391
diabetes,grid,16,16,12,0.6514727442356391
diabetes,grid,16,16,13,0.6514727442356391
diabetes,grid,16,16,14,0.6514727442356391
diabetes,grid,16,16,15,0.6514727442356391
diabetes,grid,16,16,16,0.7589764094362256
diabetes,grid,16,16,17,0.7589764094362256
diabetes,grid,16,16,18,0.7589764094362256
diabetes,grid,16,16,19,0.7589764094362256
diabetes,grid,16,16,20,0.7589764094362256
diabetes,grid,16,16,21,0.7589764094362256
diabetes,grid,16,16,22,0.7589764094362256
diabetes,grid,16,16,23,0.7589764094362256
diabetes,grid,16,16,24,0.7589764094362256
diabetes,grid,16,16,25,0.7638544582167134
diabetes,grid,16,16,26,0.765453818472611
diabetes,grid,16,16,27,0.7720111955217913
diabetes,grid,16,16,28,0.7720111955217913
diabetes,grid,16,16,29,0.7720111955217913
diabetes,grid,16,16,30,0.7720111955217913
diabetes,grid,16,16,31,0.7720111955217913
diabetes,grid,16,16,32,0.7720111955217913
diabetes,grid,16,16,33,0.7720111955217913
diabetes,grid,16,16,34,0.7720111955217913
diabetes,grid,16,16,35,0.7736238837798213
diabetes,grid,16,16,36,0.7736238837798213
diabetes,grid,16,16,37,0.7736238837798213
diabetes,grid,16,16,38,0.7736238837798213
diabetes,grid,16,16,39,0.7736238837798213
diabetes,grid,16,16,40,0.7736238837798213
diabetes,grid,16,16,41,0.7736238837798213
diabetes,grid,16,16,42,0.7736238837798213
diabetes,grid,16,16,43,0.7736238837798213
diabetes,grid,16,16,44,0.7736238837798213
diabetes,grid,16,16,45,0.7736238837798213
diabetes,grid,16,16,46,0.7736238837798213
diabetes,grid,16,16,47,0.7736238837798213
diabetes,grid,16,16,48,0.7736238837798213
diabetes,grid,16,16,49,0.7736238837798213
diabetes,grid,16,16,50,0.7736238837798213
diabetes,grid,16,16,51,0.7736238837798213
diabetes,grid,16,16,52,0.7736238837798213
diabetes,grid,16,16,53,0.7736238837798213
diabetes,grid,16,16,54,0.7752765560442489
diabetes,grid,16,16,55,0.7752765560442489
diabetes,grid,16,16,56,0.7752765560442489
diabetes,grid,16,16,57,0.7752765560442489
diabetes,grid,16,16,58,0.7752765560442489
diabetes,grid,16,16,59,0.7752765560442489
diabetes,grid,16,16,60,0.7752765560442489
diabetes,grid,16,16,61,0.7752765560442489
diabetes,grid,16,16,62,0.7752765560442489
diabetes,grid,16,16,63,0.7752765560442489
diabetes,grid,16,16,64,0.7752765560442489
diabetes,grid,16,16,65,0.7752765560442489
diabetes,grid,16,16,66,0.7752765560442489
diabetes,grid,16,16,67,0.7752765560442489
diabetes,grid,16,16,68,0.7752765560442489
diabetes,grid,16,16,69,0.7752765560442489
diabetes,grid,16,16,70,0.7752765560442489
diabetes,grid,16,16,71,0.7752765560442489
diabetes,grid,16,16,72,0.7752765560442489
diabetes,grid,16,16,73,0.7752765560442489
diabetes,grid,16,16,74,0.7752765560442489
diabetes,grid,16,16,75,0.7752765560442489
diabetes,grid,16,16,76,0.7752765560442489
diabetes,grid,16,16,77,0.7752765560442489
diabetes,grid,16,16,78,0.7752765560442489
diabetes,grid,16,16,79,0.7752765560442489
diabetes,grid,16,16,80,0.7752765560442489
diabetes,grid,16,16,81,0.7752765560442489
diabetes,grid,16,16,82,0.7752765560442489
diabetes,grid,16,16,83,0.7752765560442489
diabetes,grid,16,16,84,0.7752765560442489
diabetes,grid,16,16,85,0.7752765560442489
diabetes,grid,16,16,86,0.7752765560442489
diabetes,grid,16,16,87,0.7752765560442489
diabetes,grid,16,16,88,0.7752765560442489
diabetes,grid,16,16,89,0.7752765560442489
diabetes,grid,16,16,90,0.7752765560442489
diabetes,grid,16,16,91,0.7752765560442489
diabetes,grid,16,16,92,0.7752765560442489
diabetes,grid,16,16,93,0.7752765560442489
diabetes,grid,16,16,94,0.7752765560442489
diabetes,grid,16,16,95,0.7752765560442489
diabetes,grid,16,16,96,0.7752765560442489
diabetes,grid,16,16,97,0.7752765560442489
diabetes,grid,16,16,98,0.7752765560442489
diabetes,grid,16,16,99,0.7752765560442489
diabetes,grid,16,16,100,0.7752765560442489
diabetes,random,16,16,1,0.7166066906570705
diabetes,random,16,16,2,0.7606157536985206
diabetes,random,16,16,3,0.7606157536985206
diabetes,random,16,16,4,0.7606157536985206
diabetes,random,16,16,5,0.7655071304811408
diabetes,random,16,16,6,0.7655071304811408
diabetes,random,16,16,7,0.7655071304811408
diabetes,random,16,16,8,0.7655071304811408
diabetes,random,16,16,9,0.7655071304811408
diabetes,random,16,16,10,0.7655071304811408
diabetes,random,16,16,11,0.7655071304811408
diabetes,random,16,16,12,0.7655071304811408
diabetes,random,16,16,13,0.767093162734906
diabetes,random,16,16,14,0.767093162734906
diabetes,random,16,16,15,0.767093162734906
diabetes,random,16,16,16,0.767093162734906
diabetes,random,16,16,17,0.767093162734906
diabetes,random,16,16,18,0.767093162734906
diabetes,random,16,16,19,0.767093162734906
diabetes,random,16,16,20,0.767093162734906
diabetes,random,16,16,21,0.7703851792616287
diabetes,random,16,16,22,0.7703851792616287
diabetes,random,16,16,23,0.7703851792616287
diabetes,random,16,16,24,0.7703851792616287
diabetes,random,16,16,25,0.7703851792616287
diabetes,random,16,16,26,0.7703851792616287
diabetes,random,16,16,27,0.7703851792616287
diabetes,random,16,16,28,0.7703851792616287
diabetes,random,16,16,29,0.7703851792616287
diabetes,random,16,16,30,0.7703851792616287
diabetes,random,16,16,31,0.7703851792616287
diabetes,random,16,16,32,0.7703851792616287
diabetes,random,16,16,33,0.7703851792616287
diabetes,random,16,16,34,0.7703851792616287
diabetes,random,16,16,35,0.7703851792616287
diabetes,random,16,16,36,0.7703851792616287
diabetes,random,16,16,37,0.7703851792616287
diabetes,random,16,16,38,0.7703851792616287
diabetes,random,16,16,39,0.7703851792616287
diabetes,random,16,16,40,0.7703851792616287
diabetes,random,16,16,41,0.7703851792616287
diabetes,random,16,16,42,0.7703851792616287
diabetes,random,16,16,43,0.7703851792616287
diabetes,random,16,16,44,0.7703851792616287
diabetes,random,16,16,45,0.7703851792616287
diabetes,random,16,16,46,0.7703851792616287
diabetes,random,16,16,47,0.7703851792616287
diabetes,random,16,16,48,0.7703851792616287
diabetes,random,16,16,49,0.7703851792616287
diabetes,random,16,16,50,0.7703851792616287
diabetes,random,16,16,51,0.7720111955217913
diabetes,random,16,16,52,0.7720111955217913
diabetes,random,16,16,53,0.7720111955217913
diabetes,random,16,16,54,0.7720111955217913
diabetes,random,16,16,55,0.7720111955217913
diabetes,random,16,16,56,0.7720111955217913
diabetes,random,16,16,57,0.7720111955217913
diabetes,random,16,16,58,0.7720111955217913
diabetes,random,16,16,59,0.7720111955217913
diabetes,random,16,16,60,0.7720111955217913
diabetes,random,16,16,61,0.7720111955217913
diabetes,random,16,16,62,0.7720111955217913
diabetes,random,16,16,63,0.7720111955217913
diabetes,random,16,16,64,0.7720111955217913
diabetes,random,16,16,65,0.7720111955217913
diabetes,random,16,16,66,0.7720111955217913
diabetes,random,16,16,67,0.7720111955217913
diabetes,random,16,16,68,0.7720111955217913
diabetes,random,16,16,69,0.7720111955217913
diabetes,random,16,16,70,0.7720111955217913
diabetes,random,16,16,71,0.7720111955217913
diabetes,random,16,16,72,0.7720111955217913
diabetes,random,16,16,73,0.7720111955217913
diabetes,random,16,16,74,0.7720111955217913
diabetes,random,16,16,75,0.7720111955217913
diabetes,random,16,16,76,0.7720111955217913
diabetes,random,16,16,77,0.7736238837798214
diabetes,random,16,16,78,0.7736238837798214
diabetes,random,16,16,79,0.7736238837798214
diabetes,random,16,16,80,0.7736238837798214
diabetes,random,16,16,81,0.7736238837798214
diabetes,random,16,16,82,0.7736238837798214
diabetes,random,16,16,83,0.7736238837798214
diabetes,random,16,16,84,0.7736238837798214
diabetes,random,16,16,85,0.7736238837798214
diabetes,random,16,16,86,0.7736238837798214
diabetes,random,16,16,87,0.7736238837798214
diabetes,random,16,16,88,0.7736238837798214
diabetes,random,16,16,89,0.7736238837798214
diabetes,random,16,16,90,0.7736238837798214
diabetes,random,16,16,91,0.7736238837798215
diabetes,random,16,16,92,0.7736238837798215
diabetes,random,16,16,93,0.7736238837798215
diabetes,random,16,16,94,0.7736238837798215
diabetes,random,16,16,95,0.7736238837798215
diabetes,random,16,16,96,0.7736238837798215
diabetes,random,16,16,97,0.7736238837798215
diabetes,random,16,16,98,0.7736238837798215
diabetes,random,16,16,99,0.7736238837798215
diabetes,random,16,16,100,0.7736238837798215
diabetes,bo_tpe,16,16,1,0.7166066906570705
diabetes,bo_tpe,16,16,2,0.7606157536985206
diabetes,bo_tpe,16,16,3,0.7606157536985206
diabetes,bo_tpe,16,16,4,0.7606157536985206
diabetes,bo_tpe,16,16,5,0.7655071304811408
diabetes,bo_tpe,16,16,6,0.7655071304811408
diabetes,bo_tpe,16,16,7,0.7655071304811408
diabetes,bo_tpe,16,16,8,0.7655071304811408
diabetes,bo_tpe,16,16,9,0.7655071304811408
diabetes,bo_tpe,16,16,10,0.7655071304811408
diabetes,bo_tpe,16,16,11,0.7655071304811408
diabetes,bo_tpe,16,16,12,0.7655071304811408
diabetes,bo_tpe,16,16,13,0.7655071304811408
diabetes,bo_tpe,16,16,14,0.7655071304811408
diabetes,bo_tpe,16,16,15,0.7655071304811408
diabetes,bo_tpe,16,16,16,0.7687458349993337
diabetes,bo_tpe,16,16,17,0.7687458349993337
diabetes,bo_tpe,16,16,18,0.7687591630014661
diabetes,bo_tpe,16,16,19,0.7687591630014661
diabetes,bo_tpe,16,16,20,0.7687591630014661
diabetes,bo_tpe,16,16,21,0.7687591630014661
diabetes,bo_tpe,16,16,22,0.7687591630014661
diabetes,bo_tpe,16,16,23,0.7687591630014661
diabetes,bo_tpe,16,16,24,0.7687591630014661
diabetes,bo_tpe,16,16,25,0.7687591630014661
diabetes,bo_tpe,16,16,26,0.7687591630014661
diabetes,bo_tpe,16,16,27,0.7687591630014661
diabetes,bo_tpe,16,16,28,0.7687591630014661
diabetes,bo_tpe,16,16,29,0.7687591630014661
diabetes,bo_tpe,16,16,30,0.7687591630014661
diabetes,bo_tpe,16,16,31,0.7687591630014661
diabetes,bo_tpe,16,16,32,0.7687591630014661
diabetes,bo_tpe,16,16,33,0.7687591630014661
diabetes,bo_tpe,16,16,34,0.7687591630014661
diabetes,bo_tpe,16,16,35,0.7687591630014661
diabetes,bo_tpe,16,16,36,0.7687591630014661
diabetes,bo_tpe,16,16,37,0.7687591630014661
diabetes,bo_tpe,16,16,38,0.7687591630014661
diabetes,bo_tpe,16,16,39,0.7687591630014661
diabetes,bo_tpe,16,16,40,0.7687591630014661
diabetes,bo_tpe,16,16,41,0.7687591630014661
diabetes,bo_tpe,16,16,42,0.7687591630014661
diabetes,bo_tpe,16,16,43,0.7687591630014661
diabetes,bo_tpe,16,16,44,0.7719978675196588
diabetes,bo_tpe,16,16,45,0.7719978675196588
diabetes,bo_tpe,16,16,46,0.7719978675196588
diabetes,bo_tpe,16,16,47,0.7719978675196588
diabetes,bo_tpe,16,16,48,0.7719978675196588
diabetes,bo_tpe,16,16,49,0.7719978675196588
diabetes,bo_tpe,16,16,50,0.7719978675196588
diabetes,bo_tpe,16,16,51,0.7719978675196588
diabetes,bo_tpe,16,16,52,0.7720111955217913
diabetes,bo_tpe,16,16,53,0.7720111955217913
diabetes,bo_tpe,16,16,54,0.7720111955217913
diabetes,bo_tpe,16,16,55,0.7720111955217913
diabetes,bo_tpe,16,16,56,0.7720111955217913
diabetes,bo_tpe,16,16,57,0.7720111955217913
diabetes,bo_tpe,16,16,58,0.7720111955217913
diabetes,bo_tpe,16,16,59,0.7720111955217913
diabetes,bo_tpe,16,16,60,0.7720111955217913
diabetes,bo_tpe,16,16,61,0.7720111955217913
diabetes,bo_tpe,16,16,62,0.7736505397840864
diabetes,bo_tpe,16,16,63,0.7736505397840864
diabetes,bo_tpe,16,16,64,0.7736505397840864
diabetes,bo_tpe,16,16,65,0.7736505397840864
diabetes,bo_tpe,16,16,66,0.7736505397840864
diabetes,bo_tpe,16,16,67,0.7736505397840864
diabetes,bo_tpe,16,16,68,0.7736505397840864
diabetes,bo_tpe,16,16,69,0.7736505397840864
diabetes,bo_tpe,16,16,70,0.7736505397840864
diabetes,bo_tpe,16,16,71,0.7736505397840864
diabetes,bo_tpe,16,16,72,0.7736505397840864
diabetes,bo_tpe,16,16,73,0.7736505397840864
diabetes,bo_tpe,16,16,74,0.7736505397840864
diabetes,bo_tpe,16,16,75,0.7736505397840864
diabetes,bo_tpe,16,16,76,0.7736505397840864
diabetes,bo_tpe,16,16,77,0.7736505397840864
diabetes,bo_tpe,16,16,78,0.7736505397840864
diabetes,bo_tpe,16,16,79,0.7736505397840864
diabetes,bo_tpe,16,16,80,0.7736505397840864
diabetes,bo_tpe,16,16,81,0.7736505397840864
diabetes,bo_tpe,16,16,82,0.7736505397840864
diabetes,bo_tpe,16,16,83,0.7736505397840864
diabetes,bo_tpe,16,16,84,0.7736505397840864
diabetes,bo_tpe,16,16,85,0.7736505397840864
diabetes,bo_tpe,16,16,86,0.7736505397840864
diabetes,bo_tpe,16,16,87,0.7736505397840864
diabetes,bo_tpe,16,16,88,0.7736505397840864
diabetes,bo_tpe,16,16,89,0.7736505397840864
diabetes,bo_tpe,16,16,90,0.7736505397840864
diabetes,bo_tpe,16,16,91,0.7736505397840864
diabetes,bo_tpe,16,16,92,0.7736505397840864
diabetes,bo_tpe,16,16,93,0.7736505397840864
diabetes,bo_tpe,16,16,94,0.7736505397840864
diabetes,bo_tpe,16,16,95,0.7736505397840864
diabetes,bo_tpe,16,16,96,0.7736505397840864
diabetes,bo_tpe,16,16,97,0.7736505397840864
diabetes,bo_tpe,16,16,98,0.7736505397840864
diabetes,bo_tpe,16,16,99,0.7736505397840864
diabetes,bo_tpe,16,16,100,0.7736505397840864
diabetes,pso,16,16,1,0.7720111955217913
diabetes,pso,16,16,2,0.7720111955217913
diabetes,pso,16,16,3,0.7720111955217913
diabetes,pso,16,16,4,0.7720111955217913
diabetes,pso,16,16,5,0.7720111955217913
diabetes,pso,16,16,6,0.7720111955217913
diabetes,pso,16,16,7,0.7720111955217913
diabetes,pso,16,16,8,0.7720111955217913
diabetes,pso,16,16,9,0.7720111955217913
diabetes,pso,16,16,10,0.7720111955217913
diabetes,pso,16,16,11,0.7720111955217913
diabetes,pso,16,16,12,0.7720111955217913
diabetes,pso,16,16,13,0.7720111955217913
diabetes,pso,16,16,14,0.7736505397840864
diabetes,pso,16,16,15,0.7736505397840864
diabetes,pso,16,16,16,0.7736505397840864
diabetes,pso,16,16,17,0.7736505397840864
diabetes,pso,16,16,18,0.7736505397840864
diabetes,pso,16,16,19,0.7736505397840864
diabetes,pso,16,16,20,0.7736505397840864
diabetes,pso,16,16,21,0.7736505397840864
diabetes,pso,16,16,22,0.7736505397840864
diabetes,pso,16,16,23,0.7736505397840864
diabetes,pso,16,16,24,0.7736505397840864
diabetes,pso,16,16,25,0.7736505397840864
diabetes,pso,16,16,26,0.7736505397840864
diabetes,pso,16,16,27,0.7736505397840864
diabetes,pso,16,16,28,0.7736505397840864
diabetes,pso,16,16,29,0.7736505397840864
diabetes,pso,16,16,30,0.7736505397840864
diabetes,pso,16,16,31,0.7736505397840864
diabetes,pso,16,16,32,0.7736505397840864
diabetes,pso,16,16,33,0.7736505397840864
diabetes,pso,16,16,34,0.7736505397840864
diabetes,pso,16,16,35,0.7736505397840864
diabetes,pso,16,16,36,0.7736505397840864
diabetes,pso,16,16,37,0.7736505397840864
diabetes,pso,16,16,38,0.7736505397840864
diabetes,pso,16,16,39,0.7736505397840864
diabetes,pso,16,16,40,0.7736505397840864
diabetes,pso,16,16,41,0.7736505397840864
diabetes,pso,16,16,42,0.7736505397840864
diabetes,pso,16,16,43,0.7736505397840864
diabetes,pso,16,16,44,0.7736505397840864
diabetes,pso,16,16,45,0.7736505397840864
diabetes,pso,16,16,46,0.7736505397840864
diabetes,pso,16,16,47,0.7736505397840864
diabetes,pso,16,16,48,0.7736505397840864
diabetes,pso,16,16,49,0.7736505397840864
diabetes,pso,16,16,50,0.7736505397840864
diabetes,pso,16,16,51,0.7736505397840864
diabetes,pso,16,16,52,0.7736505397840864
diabetes,pso,16,16,53,0.7736505397840864
diabetes,pso,16,16,54,0.7736505397840864
diabetes,pso,16,16,55,0.7736505397840864
diabetes,pso,16,16,56,0.7736505397840864
diabetes,pso,16,16,57,0.7736505397840864
diabetes,pso,16,16,58,0.7736505397840864
diabetes,pso,16,16,59,0.7736505397840864
diabetes,pso,16,16,60,0.7736505397840864
diabetes,pso,16,16,61,0.7736505397840864
diabetes,pso,16,16,62,0.7736505397840864
diabetes,pso,16,16,63,0.7736505397840864
diabetes,pso,16,16,64,0.7736505397840864
diabetes,pso,16,16,65,0.7736505397840864
diabetes,pso,16,16,66,0.7736505397840864
diabetes,pso,16,16,67,0.7736505397840864
diabetes,pso,16,16,68,0.7736505397840864
diabetes,pso,16,16,69,0.7736505397840864
diabetes,pso,16,16,70,0.7736505397840864
diabetes,pso,16,16,71,0.7736505397840864
diabetes,pso,16,16,72,0.7752765560442489
diabetes,pso,16,16,73,0.7752765560442489
diabetes,pso,16,16,74,0.7752765560442489
diabetes,pso,16,16,75,0.7752765560442489
diabetes,pso,16,16,76,0.7752765560442489
diabetes,pso,16,16,77,0.7752765560442489
diabetes,pso,16,16,78,0.7752765560442489
diabetes,pso,16,16,79,0.7752765560442489
diabetes,pso,16,16,80,0.7752765560442489
diabetes,pso,16,16,81,0.7752765560442489
diabetes,pso,16,16,82,0.7752765560442489
diabetes,pso,16,16,83,0.7752765560442489
diabetes,pso,16,16,84,0.7752765560442489
diabetes,pso,16,16,85,0.7752765560442489
diabetes,pso,16,16,86,0.7752765560442489
diabetes,pso,16,16,87,0.7752765560442489
diabetes,pso,16,16,88,0.7752765560442489
diabetes,pso,16,16,89,0.7752765560442489
diabetes,pso,16,16,90,0.7752765560442489
diabetes,pso,16,16,91,0.7752765560442489
diabetes,pso,16,16,92,0.7752765560442489
diabetes,pso,16,16,93,0.7752765560442489
diabetes,pso,16,16,94,0.7752765560442489
diabetes,pso,16,16,95,0.7752765560442489
diabetes,pso,16,16,96,0.7752765560442489
diabetes,pso,16,16,97,0.7752765560442489
diabetes,pso,16,16,98,0.7752765560442489
diabetes,pso,16,16,99,0.7752765560442489
diabetes,pso,16,16,100,0.7752765560442489
diabetes,de,16,16,1,0.7736505397840864
diabetes,de,16,16,2,0.7736505397840864
diabetes,de,16,16,3,0.7736505397840864
diabetes,de,16,16,4,0.7736505397840864
diabetes,de,16,16,5,0.7736505397840864
diabetes,de,16,16,6,0.7736505397840864
diabetes,de,16,16,7,0.7736505397840864
diabetes,de,16,16,8,0.7736505397840864
diabetes,de,16,16,9,0.7736505397840864
diabetes,de,16,16,10,0.7736505397840864
diabetes,de,16,16,11,0.7736505397840864
diabetes,de,16,16,12,0.7736505397840864
diabetes,de,16,16,13,0.7736505397840864
diabetes,de,16,16,14,0.7736505397840864
diabetes,de,16,16,15,0.7736505397840864
diabetes,de,16,16,16,0.7736505397840864
diabetes,de,16,16,17,0.7736505397840864
diabetes,de,16,16,18,0.7736505397840864
diabetes,de,16,16,19,0.7736505397840864
diabetes,de,16,16,20,0.7736505397840864
diabetes,de,16,16,21,0.7736505397840864
diabetes,de,16,16,22,0.7736505397840864
diabetes,de,16,16,23,0.7736505397840864
diabetes,de,16,16,24,0.7736505397840864
diabetes,de,16,16,25,0.7736505397840864
diabetes,de,16,16,26,0.7736505397840864
diabetes,de,16,16,27,0.7736505397840864
diabetes,de,16,16,28,0.7736505397840864
diabetes,de,16,16,29,0.7736505397840864
diabetes,de,16,16,30,0.7736505397840864
diabetes,de,16,16,31,0.7736505397840864
diabetes,de,16,16,32,0.7768759163001466
diabetes,de,16,16,33,0.7768759163001466
diabetes,de,16,16,34,0.7768759163001466
diabetes,de,16,16,35,0.7768759163001466
diabetes,de,16,16,36,0.7768759163001466
diabetes,de,16,16,37,0.7768759163001466
diabetes,de,16,16,38,0.7768759163001466
diabetes,de,16,16,39,0.7768759163001466
diabetes,de,16,16,40,0.7768759163001466
diabetes,de,16,16,41,0.7768759163001466
diabetes,de,16,16,42,0.7768759163001466
diabetes,de,16,16,43,0.7768759163001466
diabetes,de,16,16,44,0.7768759163001466
diabetes,de,16,16,45,0.7768759163001466
diabetes,de,16,16,46,0.7768759163001466
diabetes,de,16,16,47,0.7768759163001466
diabetes,de,16,16,48,0.7768759163001466
diabetes,de,16,16,49,0.7768759163001466
diabetes,de,16,16,50,0.7768759163001466
diabetes,de,16,16,51,0.7768759163001466
diabetes,de,16,16,52,0.7768759163001466
diabetes,de,16,16,53,0.7768759163001466
diabetes,de,16,16,54,0.7768759163001466
diabetes,de,16,16,55,0.7768759163001466
diabetes,de,16,16,56,0.7768759163001466
diabetes,de,16,16,57,0.7768759163001466
diabetes,de,16,16,58,0.7768759163001466
diabetes,de,16,16,59,0.7768759163001466
diabetes,de,16,16,60,0.7768759163001466
diabetes,de,16,16,61,0.7768759163001466
diabetes,de,16,16,62,0.7768759163001466
diabetes,de,16,16,63,0.7768759163001466
diabetes,de,16,16,64,0.7768759163001466
diabetes,de,16,16,65,0.7768759163001466
diabetes,de,16,16,66,0.7768759163001466
diabetes,de,16,16,67,0.7768759163001466
diabetes,de,16,16,68,0.7768759163001466
diabetes,de,16,16,69,0.7768759163001466
diabetes,de,16,16,70,0.7768759163001466
diabetes,de,16,16,71,0.7768759163001466
diabetes,de,16,16,72,0.7768759163001466
diabetes,de,16,16,73,0.7768759163001466
diabetes,de,16,16,74,0.7768759163001466
diabetes,de,16,16,75,0.7768759163001466
diabetes,de,16,16,76,0.7768759163001466
diabetes,de,16,16,77,0.7768759163001466
diabetes,de,16,16,78,0.7768759163001466
diabetes,de,16,16,79,0.7768759163001466
diabetes,de,16,16,80,0.7768759163001466
diabetes,de,16,16,81,0.7768759163001466
diabetes,de,16,16,82,0.7768759163001466
diabetes,de,16,16,83,0.7768759163001466
diabetes,de,16,16,84,0.7768759163001466
diabetes,de,16,16,85,0.7768759163001466
diabetes,de,16,16,86,0.7768759163001466
diabetes,de,16,16,87,0.7768759163001466
diabetes,de,16,16,88,0.7768759163001466
diabetes,de,16,16,89,0.7768759163001466
diabetes,de,16,16,90,0.7768759163001466
diabetes,de,16,16,91,0.7768759163001466
diabetes,de,16,16,92,0.7768759163001466
diabetes,de,16,16,93,0.7768759163001466
diabetes,de,16,16,94,0.7768759163001466
diabetes,de,16,16,95,0.7768759163001466
diabetes,de,16,16,96,0.7768759163001466
diabetes,de,16,16,97,0.7768759163001466
diabetes,de,16,16,98,0.7768759163001466
diabetes,de,16,16,99,0.7768759163001466
diabetes,de,16,16,100,0.7768759163001466
diabetes,ga,16,16,1,0.7736505397840864
diabetes,ga,16,16,2,0.7736505397840864
diabetes,ga,16,16,3,0.7736505397840864
diabetes,ga,16,16,4,0.7736505397840864
diabetes,ga,16,16,5,0.7736505397840864
diabetes,ga,16,16,6,0.7736505397840864
diabetes,ga,16,16,7,0.7736505397840864
diabetes,ga,16,16,8,0.7736505397840864
diabetes,ga,16,16,9,0.7736505397840864
diabetes,ga,16,16,10,0.7736505397840864
diabetes,ga,16,16,11,0.7736505397840864
diabetes,ga,16,16,12,0.7736505397840864
diabetes,ga,16,16,13,0.7736505397840864
diabetes,ga,16,16,14,0.7736505397840864
diabetes,ga,16,16,15,0.7736505397840864
diabetes,ga,16,16,16,0.7736505397840864
diabetes,ga,16,16,17,0.7736505397840864
diabetes,ga,16,16,18,0.7736505397840864
diabetes,ga,16,16,19,0.7736505397840864
diabetes,ga,16,16,20,0.7736505397840864
diabetes,ga,16,16,21,0.7736505397840864
diabetes,ga,16,16,22,0.7736505397840864
diabetes,ga,16,16,23,0.7736505397840864
diabetes,ga,16,16,24,0.7736505397840864
diabetes,ga,16,16,25,0.7736505397840864
diabetes,ga,16,16,26,0.7736505397840864
diabetes,ga,16,16,27,0.7736505397840864
diabetes,ga,16,16,28,0.7736505397840864
diabetes,ga,16,16,29,0.7736505397840864
diabetes,ga,16,16,30,0.7736505397840864
diabetes,ga,16,16,31,0.7736505397840864
diabetes,ga,16,16,32,0.7736505397840864
diabetes,ga,16,16,33,0.7736505397840864
diabetes,ga,16,16,34,0.7736505397840864
diabetes,ga,16,16,35,0.7736505397840864
diabetes,ga,16,16,36,0.7736505397840864
diabetes,ga,16,16,37,0.7736505397840864
diabetes,ga,16,16,38,0.7736505397840864
diabetes,ga,16,16,39,0.7736505397840864
diabetes,ga,16,16,40,0.7736505397840864
diabetes,ga,16,16,41,0.7736505397840864
diabetes,ga,16,16,42,0.7736505397840864
diabetes,ga,16,16,43,0.7736505397840864
diabetes,ga,16,16,44,0.7736505397840864
diabetes,ga,16,16,45,0.7736505397840864
diabetes,ga,16,16,46,0.7736505397840864
diabetes,ga,16,16,47,0.7736505397840864
diabetes,ga,16,16,48,0.7736505397840864
diabetes,ga,16,16,49,0.7736505397840864
diabetes,ga,16,16,50,0.7736505397840864
diabetes,ga,16,16,51,0.7736505397840864
diabetes,ga,16,16,52,0.7736505397840864
diabetes,ga,16,16,53,0.7736505397840864
diabetes,ga,16,16,54,0.7736505397840864
diabetes,ga,16,16,55,0.7736505397840864
diabetes,ga,16,16,56,0.7736505397840864
diabetes,ga,16,16,57,0.7736505397840864
diabetes,ga,16,16,58,0.7736505397840864
diabetes,ga,16,16,59,0.7736505397840864
diabetes,ga,16,16,60,0.7736505397840864
diabetes,ga,16,16,61,0.7736505397840864
diabetes,ga,16,16,62,0.7736505397840864
diabetes,ga,16,16,63,0.7736505397840864
diabetes,ga,16,16,64,0.7736505397840864
diabetes,ga,16,16,65,0.7736505397840864
diabetes,ga,16,16,66,0.7736505397840864
diabetes,ga,16,16,67,0.7736505397840864
diabetes,ga,16,16,68,0.7736505397840864
diabetes,ga,16,16,69,0.7736505397840864
diabetes,ga,16,16,70,0.7736505397840864
diabetes,ga,16,16,71,0.7736505397840864
diabetes,ga,16,16,72,0.7736505397840864
diabetes,ga,16,16,73,0.7736505397840864
diabetes,ga,16,16,74,0.7736505397840864
diabetes,ga,16,16,75,0.7736505397840864
diabetes,ga,16,16,76,0.7736505397840864
diabetes,ga,16,16,77,0.7736505397840864
diabetes,ga,16,16,78,0.7736505397840864
diabetes,ga,16,16,79,0.7736505397840864
diabetes,ga,16,16,80,0.7736505397840864
diabetes,ga,16,16,81,0.7736505397840864
diabetes,ga,16,16,82,0.7736505397840864
diabetes,ga,16,16,83,0.7736505397840864
diabetes,ga,16,16,84,0.7736505397840864
diabetes,ga,16,16,85,0.7736505397840864
diabetes,ga,16,16,86,0.7736505397840864
diabetes,ga,16,16,87,0.7736505397840864
diabetes,ga,16,16,88,0.7736505397840864
diabetes,ga,16,16,89,0.7736505397840864
diabetes,ga,16,16,90,0.7736505397840864
diabetes,ga,16,16,91,0.7736505397840864
diabetes,ga,16,16,92,0.7736505397840864
diabetes,ga,16,16,93,0.7736505397840864
diabetes,ga,16,16,94,0.7736505397840864
diabetes,ga,16,16,95,0.7736505397840864
diabetes,ga,16,16,96,0.7736505397840864
diabetes,ga,16,16,97,0.7736505397840864
diabetes,ga,16,16,98,0.7736505397840864
diabetes,ga,16,16,99,0.7736505397840864
diabetes,ga,16,16,100,0.7736505397840864
diabetes,sa,16,16,1,0.7166066906570705
diabetes,sa,16,16,2,0.7166066906570705
diabetes,sa,16,16,3,0.7166066906570705
diabetes,sa,16,16,4,0.7166066906570705
diabetes,sa,16,16,5,0.7166066906570705
diabetes,sa,16,16,6,0.7166066906570705
diabetes,sa,16,16,7,0.7166066906570705
diabetes,sa,16,16,8,0.7166066906570705
diabetes,sa,16,16,9,0.7166066906570705
diabetes,sa,16,16,10,0.7166066906570705
diabetes,sa,16,16,11,0.7166066906570705
diabetes,sa,16,16,12,0.7166066906570705
diabetes,sa,16,16,13,0.7166066906570705
diabetes,sa,16,16,14,0.7166066906570705
diabetes,sa,16,16,15,0.7166066906570705
diabetes,sa,16,16,16,0.7166066906570705
diabetes,sa,16,16,17,0.7166066906570705
diabetes,sa,16,16,18,0.7166066906570705
diabetes,sa,16,16,19,0.7166066906570705
diabetes,sa,16,16,20,0.7166066906570705
diabetes,sa,16,16,21,0.7166066906570705
diabetes,sa,16,16,22,0.7166066906570705
diabetes,sa,16,16,23,0.7264161002265761
diabetes,sa,16,16,24,0.7655071304811408
diabetes,sa,16,16,25,0.7655071304811408
diabetes,sa,16,16,26,0.7655071304811408
diabetes,sa,16,16,27,0.7655071304811408
diabetes,sa,16,16,28,0.7655071304811408
diabetes,sa,16,16,29,0.7655071304811408
diabetes,sa,16,16,30,0.7655071304811408
diabetes,sa,16,16,31,0.7655071304811408
diabetes,sa,16,16,32,0.767119818739171
diabetes,sa,16,16,33,0.767119818739171
diabetes,sa,16,16,34,0.767119818739171
diabetes,sa,16,16,35,0.767119818739171
diabetes,sa,16,16,36,0.767119818739171
diabetes,sa,16,16,37,0.767119818739171
diabetes,sa,16,16,38,0.767119818739171
diabetes,sa,16,16,39,0.767119818739171
diabetes,sa,16,16,40,0.767119818739171
diabetes,sa,16,16,41,0.767119818739171
diabetes,sa,16,16,42,0.767119818739171
diabetes,sa,16,16,43,0.767119818739171
diabetes,sa,16,16,44,0.767119818739171
diabetes,sa,16,16,45,0.767119818739171
diabetes,sa,16,16,46,0.767119818739171
diabetes,sa,16,16,47,0.767119818739171
diabetes,sa,16,16,48,0.767119818739171
diabetes,sa,16,16,49,0.767119818739171
diabetes,sa,16,16,50,0.767119818739171
diabetes,sa,16,16,51,0.767119818739171
diabetes,sa,16,16,52,0.767119818739171
diabetes,sa,16,16,53,0.767119818739171
diabetes,sa,16,16,54,0.767119818739171
diabetes,sa,16,16,55,0.767119818739171
diabetes,sa,16,16,56,0.767119818739171
diabetes,sa,16,16,57,0.767119818739171
diabetes,sa,16,16,58,0.767119818739171
diabetes,sa,16,16,59,0.767119818739171
diabetes,sa,16,16,60,0.767119818739171
diabetes,sa,16,16,61,0.767119818739171
diabetes,sa,16,16,62,0.767119818739171
diabetes,sa,16,16,63,0.767119818739171
diabetes,sa,16,16,64,0.767119818739171
diabetes,sa,16,16,65,0.767119818739171
diabetes,sa,16,16,66,0.767119818739171
diabetes,sa,16,16,67,0.767119818739171
diabetes,sa,16,16,68,0.767119818739171
diabetes,sa,16,16,69,0.767119818739171
diabetes,sa,16,16,70,0.767119818739171
diabetes,sa,16,16,71,0.767119818739171
diabetes,sa,16,16,72,0.7687325069972012
diabetes,sa,16,16,73,0.7719978675196588
diabetes,sa,16,16,74,0.7719978675196588
diabetes,sa,16,16,75,0.7719978675196588
diabetes,sa,16,16,76,0.7719978675196588
diabetes,sa,16,16,77,0.7752499000399841
diabetes,sa,16,16,78,0.7752499000399841
diabetes,sa,16,16,79,0.7752499000399841
diabetes,sa,16,16,80,0.7752499000399841
diabetes,sa,16,16,81,0.7752499000399841
diabetes,sa,16,16,82,0.7752499000399841
diabetes,sa,16,16,83,0.7752499000399841
diabetes,sa,16,16,84,0.7752499000399841
diabetes,sa,16,16,85,0.7752499000399841
diabetes,sa,16,16,86,0.7752499000399841
diabetes,sa,16,16,87,0.7752499000399841
diabetes,sa,16,16,88,0.7752499000399841
diabetes,sa,16,16,89,0.7752499000399841
diabetes,sa,16,16,90,0.7752499000399841
diabetes,sa,16,16,91,0.7752499000399841
diabetes,sa,16,16,92,0.7752499000399841
diabetes,sa,16,16,93,0.7752499000399841
diabetes,sa,16,16,94,0.7752499000399841
diabetes,sa,16,16,95,0.7752499000399841
diabetes,sa,16,16,96,0.7752499000399841
diabetes,sa,16,16,97,0.7752499000399841
diabetes,sa,16,16,98,0.7752499000399841
diabetes,sa,16,16,99,0.7752499000399841
diabetes,sa,16,16,100,0.7752499000399841
diabetes,grid,17,17,1,0.6514727442356391
diabetes,grid,17,17,2,0.6514727442356391
diabetes,grid,17,17,3,0.6514727442356391
diabetes,grid,17,17,4,0.6514727442356391
diabetes,grid,17,17,5,0.6514727442356391
diabetes,grid,17,17,6,0.6514727442356391
diabetes,grid,17,17,7,0.6514727442356391
diabetes,grid,17,17,8,0.6514727442356391
diabetes,grid,17,17,9,0.6514727442356391
diabetes,grid,17,17,10,0.6514727442356391
diabetes,grid,17,17,11,0.6514727442356391
diabetes,grid,17,17,12,0.6514727442356391
diabetes,grid,17,17,13,0.6514727442356391
diabetes,grid,17,17,14,0.6514727442356391
diabetes,grid,17,17,15,0.6514727442356391
diabetes,grid,17,17,16,0.7606024256963881
diabetes,grid,17,17,17,0.7606024256963881
diabetes,grid,17,17,18,0.7606024256963881
diabetes,grid,17,17,19,0.7606024256963881
diabetes,grid,17,17,20,0.7606024256963881
diabetes,grid,17,17,21,0.7606024256963881
diabetes,grid,17,17,22,0.7606024256963881
diabetes,grid,17,17,23,0.7606024256963881
diabetes,grid,17,17,24,0.7606024256963881
diabetes,grid,17,17,25,0.7703718512594963
diabetes,grid,17,17,26,0.7703718512594963
diabetes,grid,17,17,27,0.7703718512594963
diabetes,grid,17,17,28,0.7703718512594963
diabetes,grid,17,17,29,0.7703718512594963
diabetes,grid,17,17,30,0.7703718512594963
diabetes,grid,17,17,31,0.7703718512594963
diabetes,grid,17,17,32,0.7703718512594963
diabetes,grid,17,17,33,0.7703718512594963
diabetes,grid,17,17,34,0.7703718512594963
diabetes,grid,17,17,35,0.7703718512594963
diabetes,grid,17,17,36,0.7720111955217913
diabetes,grid,17,17,37,0.7720111955217913
diabetes,grid,17,17,38,0.7720111955217913
diabetes,grid,17,17,39,0.7720111955217913
diabetes,grid,17,17,40,0.7720111955217913
diabetes,grid,17,17,41,0.7720111955217913
diabetes,grid,17,17,42,0.7720111955217913
diabetes,grid,17,17,43,0.7720111955217913
diabetes,grid,17,17,44,0.7720111955217913
diabetes,grid,17,17,45,0.7736238837798215
diabetes,grid,17,17,46,0.7736238837798215
diabetes,grid,17,17,47,0.7736238837798215
diabetes,grid,17,17,48,0.7736238837798215
diabetes,grid,17,17,49,0.7736238837798215
diabetes,grid,17,17,50,0.7736238837798215
diabetes,grid,17,17,51,0.7736238837798215
diabetes,grid,17,17,52,0.7736238837798215
diabetes,grid,17,17,53,0.7736238837798215
diabetes,grid,17,17,54,0.7736238837798215
diabetes,grid,17,17,55,0.7736238837798215
diabetes,grid,17,17,56,0.7736238837798215
diabetes,grid,17,17,57,0.7736238837798215
diabetes,grid,17,17,58,0.7736238837798215
diabetes,grid,17,17,59,0.7736238837798215
diabetes,grid,17,17,60,0.7736238837798215
diabetes,grid,17,17,61,0.7736238837798215
diabetes,grid,17,17,62,0.7736238837798215
diabetes,grid,17,17,63,0.7736238837798215
diabetes,grid,17,17,64,0.7736238837798215
diabetes,grid,17,17,65,0.7736238837798215
diabetes,grid,17,17,66,0.7736238837798215
diabetes,grid,17,17,67,0.7736238837798215
diabetes,grid,17,17,68,0.7736238837798215
diabetes,grid,17,17,69,0.7736238837798215
diabetes,grid,17,17,70,0.7736238837798215
diabetes,grid,17,17,71,0.7736238837798215
diabetes,grid,17,17,72,0.7736238837798215
diabetes,grid,17,17,73,0.7736238837798215
diabetes,grid,17,17,74,0.7736238837798215
diabetes,grid,17,17,75,0.7736238837798215
diabetes,grid,17,17,76,0.7736238837798215
diabetes,grid,17,17,77,0.7736238837798215
diabetes,grid,17,17,78,0.7736238837798215
diabetes,grid,17,17,79,0.7736238837798215
diabetes,grid,17,17,80,0.7736238837798215
diabetes,grid,17,17,81,0.7736238837798215
diabetes,grid,17,17,82,0.7736238837798215
diabetes,grid,17,17,83,0.7736238837798215
diabetes,grid,17,17,84,0.7736238837798215
diabetes,grid,17,17,85,0.7736238837798215
diabetes,grid,17,17,86,0.7736238837798215
diabetes,grid,17,17,87,0.7736238837798215
diabetes,grid,17,17,88,0.7736238837798215
diabetes,grid,17,17,89,0.7736238837798215
diabetes,grid,17,17,90,0.7736238837798215
diabetes,grid,17,17,91,0.7736238837798215
diabetes,grid,17,17,92,0.7736238837798215
diabetes,grid,17,17,93,0.7736238837798215
diabetes,grid,17,17,94,0.7736238837798215
diabetes,grid,17,17,95,0.7736238837798215
diabetes,grid,17,17,96,0.7736238837798215
diabetes,grid,17,17,97,0.7736238837798215
diabetes,grid,17,17,98,0.7736238837798215
diabetes,grid,17,17,99,0.7736238837798215
diabetes,grid,17,17,100,0.7736238837798215
diabetes,random,17,17,1,0.6938291350126616
diabetes,random,17,17,2,0.7459816073570572
diabetes,random,17,17,3,0.7459816073570572
diabetes,random,17,17,4,0.7459816073570572
diabetes,random,17,17,5,0.7460215913634546
diabetes,random,17,17,6,0.7460215913634546
diabetes,random,17,17,7,0.7460215913634546
diabetes,random,17,17,8,0.7460215913634546
diabetes,random,17,17,9,0.7460215913634546
diabetes,random,17,17,10,0.7460215913634546
diabetes,random,17,17,11,0.7460215913634546
diabetes,random,17,17,12,0.7460215913634546
diabetes,random,17,17,13,0.7589764094362256
diabetes,random,17,17,14,0.7589764094362256
diabetes,random,17,17,15,0.768732506997201
diabetes,random,17,17,16,0.768732506997201
diabetes,random,17,17,17,0.768732506997201
diabetes,random,17,17,18,0.768732506997201
diabetes,random,17,17,19,0.768732506997201
diabetes,random,17,17,20,0.768732506997201
diabetes,random,17,17,21,0.7687591630014661
diabetes,random,17,17,22,0.7687591630014661
diabetes,random,17,17,23,0.7687591630014661
diabetes,random,17,17,24,0.7687591630014661
diabetes,random,17,17,25,0.7703851792616286
diabetes,random,17,17,26,0.7703851792616286
diabetes,random,17,17,27,0.7703851792616286
diabetes,random,17,17,28,0.7703851792616286
diabetes,random,17,17,29,0.7736238837798215
diabetes,random,17,17,30,0.7736238837798215
diabetes,random,17,17,31,0.7736238837798215
diabetes,random,17,17,32,0.7736238837798215
diabetes,random,17,17,33,0.7736238837798215
diabetes,random,17,17,34,0.7736238837798215
diabetes,random,17,17,35,0.7736238837798215
diabetes,random,17,17,36,0.7736238837798215
diabetes,random,17,17,37,0.7736238837798215
diabetes,random,17,17,38,0.7736238837798215
diabetes,random,17,17,39,0.7736238837798215
diabetes,random,17,17,40,0.7736238837798215
diabetes,random,17,17,41,0.7736238837798215
diabetes,random,17,17,42,0.7736238837798215
diabetes,random,17,17,43,0.7736238837798215
diabetes,random,17,17,44,0.7736238837798215
diabetes,random,17,17,45,0.7736238837798215
diabetes,random,17,17,46,0.7736238837798215
diabetes,random,17,17,47,0.7736238837798215
diabetes,random,17,17,48,0.7736238837798215
diabetes,random,17,17,49,0.7736238837798215
diabetes,random,17,17,50,0.7736238837798215
diabetes,random,17,17,51,0.7736238837798215
diabetes,random,17,17,52,0.7736238837798215
diabetes,random,17,17,53,0.7818072770891644
diabetes,random,17,17,54,0.7818072770891644
diabetes,random,17,17,55,0.7818072770891644
diabetes,random,17,17,56,0.7818072770891644
diabetes,random,17,17,57,0.7818072770891644
diabetes,random,17,17,58,0.7818072770891644
diabetes,random,17,17,59,0.7818072770891644
diabetes,random,17,17,60,0.7818072770891644
diabetes,random,17,17,61,0.7818072770891644
diabetes,random,17,17,62,0.7818072770891644
diabetes,random,17,17,63,0.7818072770891644
diabetes,random,17,17,64,0.7818072770891644
diabetes,random,17,17,65,0.7818072770891644
diabetes,random,17,17,66,0.7818072770891644
diabetes,random,17,17,67,0.7818072770891644
diabetes,random,17,17,68,0.7818072770891644
diabetes,random,17,17,69,0.7818072770891644
diabetes,random,17,17,70,0.7818072770891644
diabetes,random,17,17,71,0.7818072770891644
diabetes,random,17,17,72,0.7818072770891644
diabetes,random,17,17,73,0.7818072770891644
diabetes,random,17,17,74,0.7818072770891644
diabetes,random,17,17,75,0.7818072770891644
diabetes,random,17,17,76,0.7818072770891644
diabetes,random,17,17,77,0.7818072770891644
diabetes,random,17,17,78,0.7818072770891644
diabetes,random,17,17,79,0.7818072770891644
diabetes,random,17,17,80,0.7818072770891644
diabetes,random,17,17,81,0.7818072770891644
diabetes,random,17,17,82,0.7818072770891644
diabetes,random,17,17,83,0.7818072770891644
diabetes,random,17,17,84,0.7818072770891644
diabetes,random,17,17,85,0.7818072770891644
diabetes,random,17,17,86,0.7818072770891644
diabetes,random,17,17,87,0.7818072770891644
diabetes,random,17,17,88,0.7818072770891644
diabetes,random,17,17,89,0.7818072770891644
diabetes,random,17,17,90,0.7818072770891644
diabetes,random,17,17,91,0.7818072770891644
diabetes,random,17,17,92,0.7818072770891644
diabetes,random,17,17,93,0.7818072770891644
diabetes,random,17,17,94,0.7818072770891644
diabetes,random,17,17,95,0.7818072770891644
diabetes,random,17,17,96,0.7818072770891644
diabetes,random,17,17,97,0.7818072770891644
diabetes,random,17,17,98,0.7818072770891644
diabetes,random,17,17,99,0.7818072770891644
diabetes,random,17,17,100,0.7818072770891644
diabetes,bo_tpe,17,17,1,0.6938291350126616
diabetes,bo_tpe,17,17,2,0.7459816073570572
diabetes,bo_tpe,17,17,3,0.7459816073570572
diabetes,bo_tpe,17,17,4,0.7459816073570572
diabetes,bo_tpe,17,17,5,0.7460215913634546
diabetes,bo_tpe,17,17,6,0.7460215913634546
diabetes,bo_tpe,17,17,7,0.7460215913634546
diabetes,bo_tpe,17,17,8,0.7460215913634546
diabetes,bo_tpe,17,17,9,0.7460215913634546
diabetes,bo_tpe,17,17,10,0.7460215913634546
diabetes,bo_tpe,17,17,11,0.773610555777689
diabetes,bo_tpe,17,17,12,0.773610555777689
diabetes,bo_tpe,17,17,13,0.773610555777689
diabetes,bo_tpe,17,17,14,0.773610555777689
diabetes,bo_tpe,17,17,15,0.773610555777689
diabetes,bo_tpe,17,17,16,0.773610555777689
diabetes,bo_tpe,17,17,17,0.773610555777689
diabetes,bo_tpe,17,17,18,0.773610555777689
diabetes,bo_tpe,17,17,19,0.773610555777689
diabetes,bo_tpe,17,17,20,0.773610555777689
diabetes,bo_tpe,17,17,21,0.7736238837798214
diabetes,bo_tpe,17,17,22,0.7736238837798215
diabetes,bo_tpe,17,17,23,0.7736238837798215
diabetes,bo_tpe,17,17,24,0.7736238837798215
diabetes,bo_tpe,17,17,25,0.7736238837798215
diabetes,bo_tpe,17,17,26,0.7736238837798215
diabetes,bo_tpe,17,17,27,0.7736238837798215
diabetes,bo_tpe,17,17,28,0.7736238837798215
diabetes,bo_tpe,17,17,29,0.7736238837798215
diabetes,bo_tpe,17,17,30,0.7736238837798215
diabetes,bo_tpe,17,17,31,0.7736238837798215
diabetes,bo_tpe,17,17,32,0.7736238837798215
diabetes,bo_tpe,17,17,33,0.7736238837798215
diabetes,bo_tpe,17,17,34,0.7736238837798215
diabetes,bo_tpe,17,17,35,0.7736238837798215
diabetes,bo_tpe,17,17,36,0.7752499000399841
diabetes,bo_tpe,17,17,37,0.7752499000399841
diabetes,bo_tpe,17,17,38,0.7752499000399841
diabetes,bo_tpe,17,17,39,0.7752499000399841
diabetes,bo_tpe,17,17,40,0.7752499000399841
diabetes,bo_tpe,17,17,41,0.7752499000399841
diabetes,bo_tpe,17,17,42,0.7752499000399841
diabetes,bo_tpe,17,17,43,0.7752499000399841
diabetes,bo_tpe,17,17,44,0.7752499000399841
diabetes,bo_tpe,17,17,45,0.7752499000399841
diabetes,bo_tpe,17,17,46,0.7752499000399841
diabetes,bo_tpe,17,17,47,0.7752499000399841
diabetes,bo_tpe,17,17,48,0.7752499000399841
diabetes,bo_tpe,17,17,49,0.7752499000399841
diabetes,bo_tpe,17,17,50,0.7752499000399841
diabetes,bo_tpe,17,17,51,0.7752499000399841
diabetes,bo_tpe,17,17,52,0.7752499000399841
diabetes,bo_tpe,17,17,53,0.7752499000399841
diabetes,bo_tpe,17,17,54,0.7752499000399841
diabetes,bo_tpe,17,17,55,0.7752499000399841
diabetes,bo_tpe,17,17,56,0.7752499000399841
diabetes,bo_tpe,17,17,57,0.7752499000399841
diabetes,bo_tpe,17,17,58,0.7752499000399841
diabetes,bo_tpe,17,17,59,0.7785019325603092
diabetes,bo_tpe,17,17,60,0.7785019325603092
diabetes,bo_tpe,17,17,61,0.7785019325603092
diabetes,bo_tpe,17,17,62,0.7785019325603092
diabetes,bo_tpe,17,17,63,0.7785019325603092
diabetes,bo_tpe,17,17,64,0.7785019325603092
diabetes,bo_tpe,17,17,65,0.7785019325603092
diabetes,bo_tpe,17,17,66,0.7785019325603092
diabetes,bo_tpe,17,17,67,0.7785019325603092
diabetes,bo_tpe,17,17,68,0.7785019325603092
diabetes,bo_tpe,17,17,69,0.7785019325603092
diabetes,bo_tpe,17,17,70,0.7785019325603092
diabetes,bo_tpe,17,17,71,0.7785019325603092
diabetes,bo_tpe,17,17,72,0.7785019325603092
diabetes,bo_tpe,17,17,73,0.7785019325603092
diabetes,bo_tpe,17,17,74,0.7785019325603092
diabetes,bo_tpe,17,17,75,0.7785019325603092
diabetes,bo_tpe,17,17,76,0.7785019325603092
diabetes,bo_tpe,17,17,77,0.7785019325603092
diabetes,bo_tpe,17,17,78,0.7785019325603092
diabetes,bo_tpe,17,17,79,0.7785019325603092
diabetes,bo_tpe,17,17,80,0.7785019325603092
diabetes,bo_tpe,17,17,81,0.7785019325603092
diabetes,bo_tpe,17,17,82,0.7785019325603092
diabetes,bo_tpe,17,17,83,0.7785019325603092
diabetes,bo_tpe,17,17,84,0.7785019325603092
diabetes,bo_tpe,17,17,85,0.7785019325603092
diabetes,bo_tpe,17,17,86,0.7785019325603092
diabetes,bo_tpe,17,17,87,0.7785019325603092
diabetes,bo_tpe,17,17,88,0.7785019325603092
diabetes,bo_tpe,17,17,89,0.7785019325603092
diabetes,bo_tpe,17,17,90,0.7785019325603092
diabetes,bo_tpe,17,17,91,0.7785019325603092
diabetes,bo_tpe,17,17,92,0.7785019325603092
diabetes,bo_tpe,17,17,93,0.7785019325603092
diabetes,bo_tpe,17,17,94,0.7785019325603092
diabetes,bo_tpe,17,17,95,0.7785019325603092
diabetes,bo_tpe,17,17,96,0.7785019325603092
diabetes,bo_tpe,17,17,97,0.7785019325603092
diabetes,bo_tpe,17,17,98,0.7785019325603092
diabetes,bo_tpe,17,17,99,0.7785019325603092
diabetes,bo_tpe,17,17,100,0.7785019325603092
diabetes,pso,17,17,1,0.773610555777689
diabetes,pso,17,17,2,0.773610555777689
diabetes,pso,17,17,3,0.773610555777689
diabetes,pso,17,17,4,0.773610555777689
diabetes,pso,17,17,5,0.773610555777689
diabetes,pso,17,17,6,0.773610555777689
diabetes,pso,17,17,7,0.773610555777689
diabetes,pso,17,17,8,0.773610555777689
diabetes,pso,17,17,9,0.773610555777689
diabetes,pso,17,17,10,0.773610555777689
diabetes,pso,17,17,11,0.773610555777689
diabetes,pso,17,17,12,0.773610555777689
diabetes,pso,17,17,13,0.773610555777689
diabetes,pso,17,17,14,0.7768759163001466
diabetes,pso,17,17,15,0.7768759163001466
diabetes,pso,17,17,16,0.7768759163001466
diabetes,pso,17,17,17,0.7768759163001466
diabetes,pso,17,17,18,0.7768759163001466
diabetes,pso,17,17,19,0.7768759163001466
diabetes,pso,17,17,20,0.7768759163001466
diabetes,pso,17,17,21,0.7768759163001466
diabetes,pso,17,17,22,0.7768759163001466
diabetes,pso,17,17,23,0.7768759163001466
diabetes,pso,17,17,24,0.7768759163001466
diabetes,pso,17,17,25,0.7768759163001466
diabetes,pso,17,17,26,0.7768759163001466
diabetes,pso,17,17,27,0.7768759163001466
diabetes,pso,17,17,28,0.7768759163001466
diabetes,pso,17,17,29,0.7768759163001466
diabetes,pso,17,17,30,0.7768759163001466
diabetes,pso,17,17,31,0.7768759163001466
diabetes,pso,17,17,32,0.7768759163001466
diabetes,pso,17,17,33,0.7768759163001466
diabetes,pso,17,17,34,0.7768759163001466
diabetes,pso,17,17,35,0.7768759163001466
diabetes,pso,17,17,36,0.7768759163001466
diabetes,pso,17,17,37,0.7768759163001466
diabetes,pso,17,17,38,0.7768759163001466
diabetes,pso,17,17,39,0.7768759163001466
diabetes,pso,17,17,40,0.7768759163001466
diabetes,pso,17,17,41,0.7768759163001466
diabetes,pso,17,17,42,0.7768759163001466
diabetes,pso,17,17,43,0.7768759163001466
diabetes,pso,17,17,44,0.7768759163001466
diabetes,pso,17,17,45,0.7768759163001466
diabetes,pso,17,17,46,0.7768759163001466
diabetes,pso,17,17,47,0.7768759163001466
diabetes,pso,17,17,48,0.7768759163001466
diabetes,pso,17,17,49,0.7768759163001466
diabetes,pso,17,17,50,0.7768759163001466
diabetes,pso,17,17,51,0.7768759163001466
diabetes,pso,17,17,52,0.7768759163001466
diabetes,pso,17,17,53,0.7768759163001466
diabetes,pso,17,17,54,0.7768759163001466
diabetes,pso,17,17,55,0.7768759163001466
diabetes,pso,17,17,56,0.7768759163001466
diabetes,pso,17,17,57,0.7768759163001466
diabetes,pso,17,17,58,0.7768759163001466
diabetes,pso,17,17,59,0.7768759163001466
diabetes,pso,17,17,60,0.7768759163001466
diabetes,pso,17,17,61,0.7768759163001466
diabetes,pso,17,17,62,0.7768759163001466
diabetes,pso,17,17,63,0.7768759163001466
diabetes,pso,17,17,64,0.7768759163001466
diabetes,pso,17,17,65,0.7768759163001466
diabetes,pso,17,17,66,0.7768759163001466
diabetes,pso,17,17,67,0.7768759163001466
diabetes,pso,17,17,68,0.7768759163001466
diabetes,pso,17,17,69,0.7768759163001466
diabetes,pso,17,17,70,0.7768759163001466
diabetes,pso,17,17,71,0.7768759163001466
diabetes,pso,17,17,72,0.7768759163001466
diabetes,pso,17,17,73,0.7768759163001466
diabetes,pso,17,17,74,0.7768759163001466
diabetes,pso,17,17,75,0.7768759163001466
diabetes,pso,17,17,76,0.7768759163001466
diabetes,pso,17,17,77,0.7768759163001466
diabetes,pso,17,17,78,0.7768759163001466
diabetes,pso,17,17,79,0.7768759163001466
diabetes,pso,17,17,80,0.7768759163001466
diabetes,pso,17,17,81,0.7768759163001466
diabetes,pso,17,17,82,0.7768759163001466
diabetes,pso,17,17,83,0.7768759163001466
diabetes,pso,17,17,84,0.7768759163001466
diabetes,pso,17,17,85,0.7768759163001466
diabetes,pso,17,17,86,0.7768759163001466
diabetes,pso,17,17,87,0.7768759163001466
diabetes,pso,17,17,88,0.7768759163001466
diabetes,pso,17,17,89,0.7768759163001466
diabetes,pso,17,17,90,0.7768759163001466
diabetes,pso,17,17,91,0.7768759163001466
diabetes,pso,17,17,92,0.7768759163001466
diabetes,pso,17,17,93,0.7768759163001466
diabetes,pso,17,17,94,0.7768759163001466
diabetes,pso,17,17,95,0.7768759163001466
diabetes,pso,17,17,96,0.7768759163001466
diabetes,pso,17,17,97,0.7768759163001466
diabetes,pso,17,17,98,0.7768759163001466
diabetes,pso,17,17,99,0.7768759163001466
diabetes,pso,17,17,100,0.7768759163001466
diabetes,de,17,17,1,0.7768759163001466
diabetes,de,17,17,2,0.7768759163001466
diabetes,de,17,17,3,0.7768759163001466
diabetes,de,17,17,4,0.7768759163001466
diabetes,de,17,17,5,0.7768759163001466
diabetes,de,17,17,6,0.7768759163001466
diabetes,de,17,17,7,0.7768759163001466
diabetes,de,17,17,8,0.7768759163001466
diabetes,de,17,17,9,0.7768759163001466
diabetes,de,17,17,10,0.7768759163001466
diabetes,de,17,17,11,0.7768759163001466
diabetes,de,17,17,12,0.7768759163001466
diabetes,de,17,17,13,0.7768759163001466
diabetes,de,17,17,14,0.7768759163001466
diabetes,de,17,17,15,0.7768759163001466
diabetes,de,17,17,16,0.7768759163001466
diabetes,de,17,17,17,0.7768759163001466
diabetes,de,17,17,18,0.7768759163001466
diabetes,de,17,17,19,0.7768759163001466
diabetes,de,17,17,20,0.7768759163001466
diabetes,de,17,17,21,0.7768759163001466
diabetes,de,17,17,22,0.7768759163001466
diabetes,de,17,17,23,0.7768759163001466
diabetes,de,17,17,24,0.7768759163001466
diabetes,de,17,17,25,0.7768759163001466
diabetes,de,17,17,26,0.7768759163001466
diabetes,de,17,17,27,0.7768759163001466
diabetes,de,17,17,28,0.7768759163001466
diabetes,de,17,17,29,0.7768759163001466
diabetes,de,17,17,30,0.7768759163001466
diabetes,de,17,17,31,0.7768759163001466
diabetes,de,17,17,32,0.7768759163001466
diabetes,de,17,17,33,0.7768759163001466
diabetes,de,17,17,34,0.7768759163001466
diabetes,de,17,17,35,0.7768759163001466
diabetes,de,17,17,36,0.7768759163001466
diabetes,de,17,17,37,0.7768759163001466
diabetes,de,17,17,38,0.7768759163001466
diabetes,de,17,17,39,0.7768759163001466
diabetes,de,17,17,40,0.7768759163001466
diabetes,de,17,17,41,0.7768759163001466
diabetes,de,17,17,42,0.7768759163001466
diabetes,de,17,17,43,0.7768759163001466
diabetes,de,17,17,44,0.7768759163001466
diabetes,de,17,17,45,0.7768759163001466
diabetes,de,17,17,46,0.7768759163001466
diabetes,de,17,17,47,0.7768759163001466
diabetes,de,17,17,48,0.7768759163001466
diabetes,de,17,17,49,0.7768759163001466
diabetes,de,17,17,50,0.7768759163001466
diabetes,de,17,17,51,0.7768759163001466
diabetes,de,17,17,52,0.7768759163001466
diabetes,de,17,17,53,0.7768759163001466
diabetes,de,17,17,54,0.7768759163001466
diabetes,de,17,17,55,0.7768759163001466
diabetes,de,17,17,56,0.7768759163001466
diabetes,de,17,17,57,0.7768759163001466
diabetes,de,17,17,58,0.7768759163001466
diabetes,de,17,17,59,0.7768759163001466
diabetes,de,17,17,60,0.7768759163001466
diabetes,de,17,17,61,0.7768759163001466
diabetes,de,17,17,62,0.7768759163001466
diabetes,de,17,17,63,0.7768759163001466
diabetes,de,17,17,64,0.7768759163001466
diabetes,de,17,17,65,0.7768759163001466
diabetes,de,17,17,66,0.7768759163001466
diabetes,de,17,17,67,0.7768759163001466
diabetes,de,17,17,68,0.7768759163001466
diabetes,de,17,17,69,0.7768759163001466
diabetes,de,17,17,70,0.7768759163001466
diabetes,de,17,17,71,0.7768759163001466
diabetes,de,17,17,72,0.7768759163001466
diabetes,de,17,17,73,0.7768759163001466
diabetes,de,17,17,74,0.7768759163001466
diabetes,de,17,17,75,0.7768759163001466
diabetes,de,17,17,76,0.7768759163001466
diabetes,de,17,17,77,0.7768759163001466
diabetes,de,17,17,78,0.7768759163001466
diabetes,de,17,17,79,0.7768759163001466
diabetes,de,17,17,80,0.7768759163001466
diabetes,de,17,17,81,0.7768759163001466
diabetes,de,17,17,82,0.7768759163001466
diabetes,de,17,17,83,0.7768759163001466
diabetes,de,17,17,84,0.7768759163001466
diabetes,de,17,17,85,0.7768759163001466
diabetes,de,17,17,86,0.7768759163001466
diabetes,de,17,17,87,0.7768759163001466
diabetes,de,17,17,88,0.7768759163001466
diabetes,de,17,17,89,0.7768759163001466
diabetes,de,17,17,90,0.7768759163001466
diabetes,de,17,17,91,0.7768759163001466
diabetes,de,17,17,92,0.7768759163001466
diabetes,de,17,17,93,0.7768759163001466
diabetes,de,17,17,94,0.7768759163001466
diabetes,de,17,17,95,0.7768759163001466
diabetes,de,17,17,96,0.7768759163001466
diabetes,de,17,17,97,0.7768759163001466
diabetes,de,17,17,98,0.7768759163001466
diabetes,de,17,17,99,0.7768759163001466
diabetes,de,17,17,100,0.7768759163001466
diabetes,ga,17,17,1,0.7768759163001466
diabetes,ga,17,17,2,0.7768759163001466
diabetes,ga,17,17,3,0.7768759163001466
diabetes,ga,17,17,4,0.7768759163001466
diabetes,ga,17,17,5,0.7768759163001466
diabetes,ga,17,17,6,0.7768759163001466
diabetes,ga,17,17,7,0.7768759163001466
diabetes,ga,17,17,8,0.7768759163001466
diabetes,ga,17,17,9,0.7768759163001466
diabetes,ga,17,17,10,0.7768759163001466
diabetes,ga,17,17,11,0.7768759163001466
diabetes,ga,17,17,12,0.7768759163001466
diabetes,ga,17,17,13,0.7768759163001466
diabetes,ga,17,17,14,0.7768759163001466
diabetes,ga,17,17,15,0.7768759163001466
diabetes,ga,17,17,16,0.7768759163001466
diabetes,ga,17,17,17,0.7768759163001466
diabetes,ga,17,17,18,0.7768759163001466
diabetes,ga,17,17,19,0.7768759163001466
diabetes,ga,17,17,20,0.7768759163001466
diabetes,ga,17,17,21,0.7768759163001466
diabetes,ga,17,17,22,0.7768759163001466
diabetes,ga,17,17,23,0.7768759163001466
diabetes,ga,17,17,24,0.7768759163001466
diabetes,ga,17,17,25,0.7768759163001466
diabetes,ga,17,17,26,0.7768759163001466
diabetes,ga,17,17,27,0.7768759163001466
diabetes,ga,17,17,28,0.7768759163001466
diabetes,ga,17,17,29,0.7768759163001466
diabetes,ga,17,17,30,0.7768759163001466
diabetes,ga,17,17,31,0.7768759163001466
diabetes,ga,17,17,32,0.7768759163001466
diabetes,ga,17,17,33,0.7768759163001466
diabetes,ga,17,17,34,0.7768759163001466
diabetes,ga,17,17,35,0.7768759163001466
diabetes,ga,17,17,36,0.7768759163001466
diabetes,ga,17,17,37,0.7768759163001466
diabetes,ga,17,17,38,0.7768759163001466
diabetes,ga,17,17,39,0.7768759163001466
diabetes,ga,17,17,40,0.7768759163001466
diabetes,ga,17,17,41,0.7768759163001466
diabetes,ga,17,17,42,0.7768759163001466
diabetes,ga,17,17,43,0.7768759163001466
diabetes,ga,17,17,44,0.7768759163001466
diabetes,ga,17,17,45,0.7768759163001466
diabetes,ga,17,17,46,0.7768759163001466
diabetes,ga,17,17,47,0.7768759163001466
diabetes,ga,17,17,48,0.7768759163001466
diabetes,ga,17,17,49,0.7768759163001466
diabetes,ga,17,17,50,0.7768759163001466
diabetes,ga,17,17,51,0.7768759163001466
diabetes,ga,17,17,52,0.7768759163001466
diabetes,ga,17,17,53,0.7768759163001466
diabetes,ga,17,17,54,0.7768759163001466
diabetes,ga,17,17,55,0.7768759163001466
diabetes,ga,17,17,56,0.7768759163001466
diabetes,ga,17,17,57,0.7768759163001466
diabetes,ga,17,17,58,0.7768759163001466
diabetes,ga,17,17,59,0.7768759163001466
diabetes,ga,17,17,60,0.7768759163001466
diabetes,ga,17,17,61,0.7768759163001466
diabetes,ga,17,17,62,0.7768759163001466
diabetes,ga,17,17,63,0.7768759163001466
diabetes,ga,17,17,64,0.7768759163001466
diabetes,ga,17,17,65,0.7768759163001466
diabetes,ga,17,17,66,0.7768759163001466
diabetes,ga,17,17,67,0.7768759163001466
diabetes,ga,17,17,68,0.7768759163001466
diabetes,ga,17,17,69,0.7768759163001466
diabetes,ga,17,17,70,0.7768759163001466
diabetes,ga,17,17,71,0.7768759163001466
diabetes,ga,17,17,72,0.7768759163001466
diabetes,ga,17,17,73,0.7768759163001466
diabetes,ga,17,17,74,0.7768759163001466
diabetes,ga,17,17,75,0.7768759163001466
diabetes,ga,17,17,76,0.7768759163001466
diabetes,ga,17,17,77,0.7768759163001466
diabetes,ga,17,17,78,0.7768759163001466
diabetes,ga,17,17,79,0.7768759163001466
diabetes,ga,17,17,80,0.7768759163001466
diabetes,ga,17,17,81,0.7768759163001466
diabetes,ga,17,17,82,0.7768759163001466
diabetes,ga,17,17,83,0.7768759163001466
diabetes,ga,17,17,84,0.7768759163001466
diabetes,ga,17,17,85,0.7768759163001466
diabetes,ga,17,17,86,0.7768759163001466
diabetes,ga,17,17,87,0.7768759163001466
diabetes,ga,17,17,88,0.7768759163001466
diabetes,ga,17,17,89,0.7768759163001466
diabetes,ga,17,17,90,0.7768759163001466
diabetes,ga,17,17,91,0.7768759163001466
diabetes,ga,17,17,92,0.7768759163001466
diabetes,ga,17,17,93,0.7768759163001466
diabetes,ga,17,17,94,0.7768759163001466
diabetes,ga,17,17,95,0.7768759163001466
diabetes,ga,17,17,96,0.7768759163001466
diabetes,ga,17,17,97,0.7768759163001466
diabetes,ga,17,17,98,0.7768759163001466
diabetes,ga,17,17,99,0.7768759163001466
diabetes,ga,17,17,100,0.7768759163001466
diabetes,sa,17,17,1,0.6938291350126616
diabetes,sa,17,17,2,0.6938291350126616
diabetes,sa,17,17,3,0.6938291350126616
diabetes,sa,17,17,4,0.6938291350126616
diabetes,sa,17,17,5,0.6938291350126616
diabetes,sa,17,17,6,0.6938291350126616
diabetes,sa,17,17,7,0.6938291350126616
diabetes,sa,17,17,8,0.6938291350126616
diabetes,sa,17,17,9,0.6938291350126616
diabetes,sa,17,17,10,0.6938291350126616
diabetes,sa,17,17,11,0.6938291350126616
diabetes,sa,17,17,12,0.6938291350126616
diabetes,sa,17,17,13,0.6938291350126616
diabetes,sa,17,17,14,0.6938291350126616
diabetes,sa,17,17,15,0.6938291350126616
diabetes,sa,17,17,16,0.6938291350126616
diabetes,sa,17,17,17,0.6938291350126616
diabetes,sa,17,17,18,0.6954951352792216
diabetes,sa,17,17,19,0.6954951352792216
diabetes,sa,17,17,20,0.6987471677995469
diabetes,sa,17,17,21,0.6987471677995469
diabetes,sa,17,17,22,0.6987471677995469
diabetes,sa,17,17,23,0.6987471677995469
diabetes,sa,17,17,24,0.7248167399706783
diabetes,sa,17,17,25,0.7248167399706783
diabetes,sa,17,17,26,0.7248167399706783
diabetes,sa,17,17,27,0.7248167399706783
diabetes,sa,17,17,28,0.7248167399706783
diabetes,sa,17,17,29,0.765480474476876
diabetes,sa,17,17,30,0.7736238837798215
diabetes,sa,17,17,31,0.7736238837798215
diabetes,sa,17,17,32,0.7736238837798215
diabetes,sa,17,17,33,0.7736238837798215
diabetes,sa,17,17,34,0.7736238837798215
diabetes,sa,17,17,35,0.7736238837798215
diabetes,sa,17,17,36,0.7736238837798215
diabetes,sa,17,17,37,0.7736238837798215
diabetes,sa,17,17,38,0.7736238837798215
diabetes,sa,17,17,39,0.7736238837798215
diabetes,sa,17,17,40,0.7736238837798215
diabetes,sa,17,17,41,0.7736238837798215
diabetes,sa,17,17,42,0.7736238837798215
diabetes,sa,17,17,43,0.7736238837798215
diabetes,sa,17,17,44,0.7736238837798215
diabetes,sa,17,17,45,0.7736238837798215
diabetes,sa,17,17,46,0.7752499000399841
diabetes,sa,17,17,47,0.7752499000399841
diabetes,sa,17,17,48,0.7752499000399841
diabetes,sa,17,17,49,0.7752499000399841
diabetes,sa,17,17,50,0.7752499000399841
diabetes,sa,17,17,51,0.7752499000399841
diabetes,sa,17,17,52,0.7752499000399841
diabetes,sa,17,17,53,0.7752499000399841
diabetes,sa,17,17,54,0.7752499000399841
diabetes,sa,17,17,55,0.7752499000399841
diabetes,sa,17,17,56,0.7752499000399841
diabetes,sa,17,17,57,0.7752499000399841
diabetes,sa,17,17,58,0.7752499000399841
diabetes,sa,17,17,59,0.7752499000399841
diabetes,sa,17,17,60,0.7752499000399841
diabetes,sa,17,17,61,0.7752499000399841
diabetes,sa,17,17,62,0.7752499000399841
diabetes,sa,17,17,63,0.7752499000399841
diabetes,sa,17,17,64,0.7752499000399841
diabetes,sa,17,17,65,0.7752499000399841
diabetes,sa,17,17,66,0.7752499000399841
diabetes,sa,17,17,67,0.7752499000399841
diabetes,sa,17,17,68,0.7752499000399841
diabetes,sa,17,17,69,0.7752499000399841
diabetes,sa,17,17,70,0.7752499000399841
diabetes,sa,17,17,71,0.7752499000399841
diabetes,sa,17,17,72,0.7752499000399841
diabetes,sa,17,17,73,0.7752499000399841
diabetes,sa,17,17,74,0.7752499000399841
diabetes,sa,17,17,75,0.7752499000399841
diabetes,sa,17,17,76,0.7752499000399841
diabetes,sa,17,17,77,0.7752499000399841
diabetes,sa,17,17,78,0.7752499000399841
diabetes,sa,17,17,79,0.7752499000399841
diabetes,sa,17,17,80,0.7752499000399841
diabetes,sa,17,17,81,0.7752499000399841
diabetes,sa,17,17,82,0.7768759163001466
diabetes,sa,17,17,83,0.7768759163001466
diabetes,sa,17,17,84,0.7768759163001466
diabetes,sa,17,17,85,0.7768759163001466
diabetes,sa,17,17,86,0.7768759163001466
diabetes,sa,17,17,87,0.7768759163001466
diabetes,sa,17,17,88,0.7768759163001466
diabetes,sa,17,17,89,0.7768759163001466
diabetes,sa,17,17,90,0.7768759163001466
diabetes,sa,17,17,91,0.7768759163001466
diabetes,sa,17,17,92,0.7768759163001466
diabetes,sa,17,17,93,0.7768759163001466
diabetes,sa,17,17,94,0.7768759163001466
diabetes,sa,17,17,95,0.7768759163001466
diabetes,sa,17,17,96,0.7768759163001466
diabetes,sa,17,17,97,0.7768759163001466
diabetes,sa,17,17,98,0.7768759163001466
diabetes,sa,17,17,99,0.7768759163001466
diabetes,sa,17,17,100,0.7768759163001466
diabetes,grid,18,18,1,0.6514727442356391
diabetes,grid,18,18,2,0.6514727442356391
diabetes,grid,18,18,3,0.6514727442356391
diabetes,grid,18,18,4,0.6514727442356391
diabetes,grid,18,18,5,0.6514727442356391
diabetes,grid,18,18,6,0.6514727442356391
diabetes,grid,18,18,7,0.6514727442356391
diabetes,grid,18,18,8,0.6514727442356391
diabetes,grid,18,18,9,0.6514727442356391
diabetes,grid,18,18,10,0.6514727442356391
diabetes,grid,18,18,11,0.6514727442356391
diabetes,grid,18,18,12,0.6514727442356391
diabetes,grid,18,18,13,0.6514727442356391
diabetes,grid,18,18,14,0.6514727442356391
diabetes,grid,18,18,15,0.6514727442356391
diabetes,grid,18,18,16,0.7638811142209783
diabetes,grid,18,18,17,0.7638811142209783
diabetes,grid,18,18,18,0.7638811142209783
diabetes,grid,18,18,19,0.7638811142209783
diabetes,grid,18,18,20,0.7638811142209783
diabetes,grid,18,18,21,0.7638811142209783
diabetes,grid,18,18,22,0.7638811142209783
diabetes,grid,18,18,23,0.7638811142209783
diabetes,grid,18,18,24,0.7638811142209783
diabetes,grid,18,18,25,0.7655071304811409
diabetes,grid,18,18,26,0.7703318672530988
diabetes,grid,18,18,27,0.7703318672530988
diabetes,grid,18,18,28,0.7703318672530988
diabetes,grid,18,18,29,0.7703318672530988
diabetes,grid,18,18,30,0.7703318672530988
diabetes,grid,18,18,31,0.7703318672530988
diabetes,grid,18,18,32,0.7703318672530988
diabetes,grid,18,18,33,0.7703318672530988
diabetes,grid,18,18,34,0.7703318672530988
diabetes,grid,18,18,35,0.7703318672530988
diabetes,grid,18,18,36,0.7703318672530988
diabetes,grid,18,18,37,0.7703318672530988
diabetes,grid,18,18,38,0.7703318672530988
diabetes,grid,18,18,39,0.7703318672530988
diabetes,grid,18,18,40,0.7703318672530988
diabetes,grid,18,18,41,0.7703318672530988
diabetes,grid,18,18,42,0.7703318672530988
diabetes,grid,18,18,43,0.7703318672530988
diabetes,grid,18,18,44,0.7703318672530988
diabetes,grid,18,18,45,0.7703318672530988
diabetes,grid,18,18,46,0.7703318672530988
diabetes,grid,18,18,47,0.7703318672530988
diabetes,grid,18,18,48,0.7703318672530988
diabetes,grid,18,18,49,0.7703318672530988
diabetes,grid,18,18,50,0.7703318672530988
diabetes,grid,18,18,51,0.7703318672530988
diabetes,grid,18,18,52,0.7703318672530988
diabetes,grid,18,18,53,0.7703318672530988
diabetes,grid,18,18,54,0.7703318672530988
diabetes,grid,18,18,55,0.7703318672530988
diabetes,grid,18,18,56,0.7703318672530988
diabetes,grid,18,18,57,0.7703318672530988
diabetes,grid,18,18,58,0.7703318672530988
diabetes,grid,18,18,59,0.7703318672530988
diabetes,grid,18,18,60,0.7703318672530988
diabetes,grid,18,18,61,0.7703318672530988
diabetes,grid,18,18,62,0.7703318672530988
diabetes,grid,18,18,63,0.7703318672530988
diabetes,grid,18,18,64,0.7703318672530988
diabetes,grid,18,18,65,0.7703318672530988
diabetes,grid,18,18,66,0.7703318672530988
diabetes,grid,18,18,67,0.7703318672530988
diabetes,grid,18,18,68,0.7703318672530988
diabetes,grid,18,18,69,0.7703318672530988
diabetes,grid,18,18,70,0.7703318672530988
diabetes,grid,18,18,71,0.7703318672530988
diabetes,grid,18,18,72,0.7703318672530988
diabetes,grid,18,18,73,0.7703318672530988
diabetes,grid,18,18,74,0.7703318672530988
diabetes,grid,18,18,75,0.7703318672530988
diabetes,grid,18,18,76,0.7703318672530988
diabetes,grid,18,18,77,0.7703318672530988
diabetes,grid,18,18,78,0.7703318672530988
diabetes,grid,18,18,79,0.7703318672530988
diabetes,grid,18,18,80,0.7703318672530988
diabetes,grid,18,18,81,0.7703318672530988
diabetes,grid,18,18,82,0.7703318672530988
diabetes,grid,18,18,83,0.7703718512594963
diabetes,grid,18,18,84,0.7703718512594963
diabetes,grid,18,18,85,0.7703718512594963
diabetes,grid,18,18,86,0.7703718512594963
diabetes,grid,18,18,87,0.7703718512594963
diabetes,grid,18,18,88,0.7703718512594963
diabetes,grid,18,18,89,0.7703718512594963
diabetes,grid,18,18,90,0.7703718512594963
diabetes,grid,18,18,91,0.7703718512594963
diabetes,grid,18,18,92,0.7703718512594963
diabetes,grid,18,18,93,0.7703718512594963
diabetes,grid,18,18,94,0.7703718512594963
diabetes,grid,18,18,95,0.7703718512594963
diabetes,grid,18,18,96,0.7703718512594963
diabetes,grid,18,18,97,0.7703718512594963
diabetes,grid,18,18,98,0.7703718512594963
diabetes,grid,18,18,99,0.7703718512594963
diabetes,grid,18,18,100,0.7703718512594963
diabetes,random,18,18,1,0.7035585765693723
diabetes,random,18,18,2,0.7605624416899907
diabetes,random,18,18,3,0.7605624416899907
diabetes,random,18,18,4,0.7605624416899907
diabetes,random,18,18,5,0.7605624416899907
diabetes,random,18,18,6,0.7605624416899907
diabetes,random,18,18,7,0.7605624416899907
diabetes,random,18,18,8,0.7605624416899907
diabetes,random,18,18,9,0.7605624416899907
diabetes,random,18,18,10,0.7605624416899907
diabetes,random,18,18,11,0.7605624416899907
diabetes,random,18,18,12,0.7605624416899907
diabetes,random,18,18,13,0.767119818739171
diabetes,random,18,18,14,0.767119818739171
diabetes,random,18,18,15,0.7703585232573638
diabetes,random,18,18,16,0.7703585232573638
diabetes,random,18,18,17,0.7703585232573638
diabetes,random,18,18,18,0.7703585232573638
diabetes,random,18,18,19,0.7703585232573638
diabetes,random,18,18,20,0.7703585232573638
diabetes,random,18,18,21,0.7703585232573638
diabetes,random,18,18,22,0.7703585232573638
diabetes,random,18,18,23,0.7703585232573638
diabetes,random,18,18,24,0.7703585232573638
diabetes,random,18,18,25,0.7703718512594963
diabetes,random,18,18,26,0.7703718512594963
diabetes,random,18,18,27,0.7703718512594963
diabetes,random,18,18,28,0.7703718512594963
diabetes,random,18,18,29,0.7703718512594963
diabetes,random,18,18,30,0.7703718512594963
diabetes,random,18,18,31,0.7703718512594963
diabetes,random,18,18,32,0.7703718512594963
diabetes,random,18,18,33,0.7703718512594963
diabetes,random,18,18,34,0.7703718512594963
diabetes,random,18,18,35,0.7703718512594963
diabetes,random,18,18,36,0.7703718512594963
diabetes,random,18,18,37,0.7703718512594963
diabetes,random,18,18,38,0.7703718512594963
diabetes,random,18,18,39,0.7703718512594963
diabetes,random,18,18,40,0.7703718512594963
diabetes,random,18,18,41,0.7703718512594963
diabetes,random,18,18,42,0.7703718512594963
diabetes,random,18,18,43,0.7703718512594963
diabetes,random,18,18,44,0.7703718512594963
diabetes,random,18,18,45,0.7703718512594963
diabetes,random,18,18,46,0.7703718512594963
diabetes,random,18,18,47,0.7703718512594963
diabetes,random,18,18,48,0.7703718512594963
diabetes,random,18,18,49,0.7703718512594963
diabetes,random,18,18,50,0.7703718512594963
diabetes,random,18,18,51,0.7703718512594963
diabetes,random,18,18,52,0.7703718512594963
diabetes,random,18,18,53,0.7703718512594963
diabetes,random,18,18,54,0.7703718512594963
diabetes,random,18,18,55,0.7703718512594963
diabetes,random,18,18,56,0.7703718512594963
diabetes,random,18,18,57,0.7703718512594963
diabetes,random,18,18,58,0.7703718512594963
diabetes,random,18,18,59,0.7703718512594963
diabetes,random,18,18,60,0.7703718512594963
diabetes,random,18,18,61,0.7703718512594963
diabetes,random,18,18,62,0.7703718512594963
diabetes,random,18,18,63,0.7703718512594963
diabetes,random,18,18,64,0.7703718512594963
diabetes,random,18,18,65,0.7703718512594963
diabetes,random,18,18,66,0.7703718512594963
diabetes,random,18,18,67,0.7703718512594963
diabetes,random,18,18,68,0.7703718512594963
diabetes,random,18,18,69,0.7703718512594963
diabetes,random,18,18,70,0.7703718512594963
diabetes,random,18,18,71,0.7703718512594963
diabetes,random,18,18,72,0.7703718512594963
diabetes,random,18,18,73,0.7703718512594963
diabetes,random,18,18,74,0.7703718512594963
diabetes,random,18,18,75,0.7703718512594963
diabetes,random,18,18,76,0.7703718512594963
diabetes,random,18,18,77,0.7703718512594963
diabetes,random,18,18,78,0.7703718512594963
diabetes,random,18,18,79,0.7703718512594963
diabetes,random,18,18,80,0.7703718512594963
diabetes,random,18,18,81,0.7703718512594963
diabetes,random,18,18,82,0.7703718512594963
diabetes,random,18,18,83,0.7703718512594963
diabetes,random,18,18,84,0.7703718512594963
diabetes,random,18,18,85,0.7703718512594963
diabetes,random,18,18,86,0.7703718512594963
diabetes,random,18,18,87,0.7703718512594963
diabetes,random,18,18,88,0.7703718512594963
diabetes,random,18,18,89,0.7703718512594963
diabetes,random,18,18,90,0.7703718512594963
diabetes,random,18,18,91,0.7703718512594963
diabetes,random,18,18,92,0.7703718512594963
diabetes,random,18,18,93,0.7703718512594963
diabetes,random,18,18,94,0.7703718512594963
diabetes,random,18,18,95,0.7703718512594963
diabetes,random,18,18,96,0.7703718512594963
diabetes,random,18,18,97,0.7703718512594963
diabetes,random,18,18,98,0.7703718512594963
diabetes,random,18,18,99,0.7703718512594963
diabetes,random,18,18,100,0.7703718512594963
diabetes,bo_tpe,18,18,1,0.7035585765693723
diabetes,bo_tpe,18,18,2,0.7605624416899907
diabetes,bo_tpe,18,18,3,0.7605624416899907
diabetes,bo_tpe,18,18,4,0.7605624416899907
diabetes,bo_tpe,18,18,5,0.7605624416899907
diabetes,bo_tpe,18,18,6,0.7605624416899907
diabetes,bo_tpe,18,18,7,0.7605624416899907
diabetes,bo_tpe,18,18,8,0.7605624416899907
diabetes,bo_tpe,18,18,9,0.7605624416899907
diabetes,bo_tpe,18,18,10,0.7605624416899907
diabetes,bo_tpe,18,18,11,0.7605624416899907
diabetes,bo_tpe,18,18,12,0.7605624416899907
diabetes,bo_tpe,18,18,13,0.7605624416899907
diabetes,bo_tpe,18,18,14,0.7638011462081834
diabetes,bo_tpe,18,18,15,0.7638011462081834
diabetes,bo_tpe,18,18,16,0.7638011462081834
diabetes,bo_tpe,18,18,17,0.7638011462081834
diabetes,bo_tpe,18,18,18,0.7638011462081834
diabetes,bo_tpe,18,18,19,0.7638011462081834
diabetes,bo_tpe,18,18,20,0.7638011462081834
diabetes,bo_tpe,18,18,21,0.7638011462081834
diabetes,bo_tpe,18,18,22,0.7638011462081834
diabetes,bo_tpe,18,18,23,0.7638011462081834
diabetes,bo_tpe,18,18,24,0.7638011462081834
diabetes,bo_tpe,18,18,25,0.7687724910035986
diabetes,bo_tpe,18,18,26,0.7687724910035986
diabetes,bo_tpe,18,18,27,0.7687724910035986
diabetes,bo_tpe,18,18,28,0.7687724910035986
diabetes,bo_tpe,18,18,29,0.7687724910035986
diabetes,bo_tpe,18,18,30,0.7687724910035986
diabetes,bo_tpe,18,18,31,0.7687724910035986
diabetes,bo_tpe,18,18,32,0.7719978675196588
diabetes,bo_tpe,18,18,33,0.7752365720378516
diabetes,bo_tpe,18,18,34,0.7752365720378516
diabetes,bo_tpe,18,18,35,0.7752365720378516
diabetes,bo_tpe,18,18,36,0.7752365720378516
diabetes,bo_tpe,18,18,37,0.7752365720378516
diabetes,bo_tpe,18,18,38,0.7752365720378516
diabetes,bo_tpe,18,18,39,0.7752365720378516
diabetes,bo_tpe,18,18,40,0.7752365720378516
diabetes,bo_tpe,18,18,41,0.7752365720378516
diabetes,bo_tpe,18,18,42,0.7752365720378516
diabetes,bo_tpe,18,18,43,0.7752365720378516
diabetes,bo_tpe,18,18,44,0.7752365720378516
diabetes,bo_tpe,18,18,45,0.7752365720378516
diabetes,bo_tpe,18,18,46,0.7752365720378516
diabetes,bo_tpe,18,18,47,0.7752365720378516
diabetes,bo_tpe,18,18,48,0.7752365720378516
diabetes,bo_tpe,18,18,49,0.7752365720378516
diabetes,bo_tpe,18,18,50,0.7752365720378516
diabetes,bo_tpe,18,18,51,0.7752365720378516
diabetes,bo_tpe,18,18,52,0.7752365720378516
diabetes,bo_tpe,18,18,53,0.7752365720378516
diabetes,bo_tpe,18,18,54,0.7752365720378516
diabetes,bo_tpe,18,18,55,0.7752365720378516
diabetes,bo_tpe,18,18,56,0.7752365720378516
diabetes,bo_tpe,18,18,57,0.7752365720378516
diabetes,bo_tpe,18,18,58,0.7752365720378516
diabetes,bo_tpe,18,18,59,0.7752365720378516
diabetes,bo_tpe,18,18,60,0.7752365720378516
diabetes,bo_tpe,18,18,61,0.7752365720378516
diabetes,bo_tpe,18,18,62,0.7752365720378516
diabetes,bo_tpe,18,18,63,0.7752365720378516
diabetes,bo_tpe,18,18,64,0.7752365720378516
diabetes,bo_tpe,18,18,65,0.7752365720378516
diabetes,bo_tpe,18,18,66,0.7752365720378516
diabetes,bo_tpe,18,18,67,0.7752365720378516
diabetes,bo_tpe,18,18,68,0.7752365720378516
diabetes,bo_tpe,18,18,69,0.7752365720378516
diabetes,bo_tpe,18,18,70,0.7752365720378516
diabetes,bo_tpe,18,18,71,0.7752365720378516
diabetes,bo_tpe,18,18,72,0.7752365720378516
diabetes,bo_tpe,18,18,73,0.7752365720378516
diabetes,bo_tpe,18,18,74,0.7752365720378516
diabetes,bo_tpe,18,18,75,0.7752365720378516
diabetes,bo_tpe,18,18,76,0.7752365720378516
diabetes,bo_tpe,18,18,77,0.7752365720378516
diabetes,bo_tpe,18,18,78,0.7752365720378516
diabetes,bo_tpe,18,18,79,0.7752365720378516
diabetes,bo_tpe,18,18,80,0.7752365720378516
diabetes,bo_tpe,18,18,81,0.7752365720378516
diabetes,bo_tpe,18,18,82,0.7752365720378516
diabetes,bo_tpe,18,18,83,0.7752365720378516
diabetes,bo_tpe,18,18,84,0.7752365720378516
diabetes,bo_tpe,18,18,85,0.7752365720378516
diabetes,bo_tpe,18,18,86,0.7752365720378516
diabetes,bo_tpe,18,18,87,0.7752365720378516
diabetes,bo_tpe,18,18,88,0.7752365720378516
diabetes,bo_tpe,18,18,89,0.7752365720378516
diabetes,bo_tpe,18,18,90,0.7752365720378516
diabetes,bo_tpe,18,18,91,0.7752365720378516
diabetes,bo_tpe,18,18,92,0.7752365720378516
diabetes,bo_tpe,18,18,93,0.7752365720378516
diabetes,bo_tpe,18,18,94,0.7752365720378516
diabetes,bo_tpe,18,18,95,0.7752365720378516
diabetes,bo_tpe,18,18,96,0.7752365720378516
diabetes,bo_tpe,18,18,97,0.7752365720378516
diabetes,bo_tpe,18,18,98,0.7752365720378516
diabetes,bo_tpe,18,18,99,0.7752365720378516
diabetes,bo_tpe,18,18,100,0.7752365720378516
diabetes,pso,18,18,1,0.7605624416899907
diabetes,pso,18,18,2,0.7605624416899907
diabetes,pso,18,18,3,0.7638411302145809
diabetes,pso,18,18,4,0.7638411302145809
diabetes,pso,18,18,5,0.7638411302145809
diabetes,pso,18,18,6,0.7638411302145809
diabetes,pso,18,18,7,0.7671464747434359
diabetes,pso,18,18,8,0.7671464747434359
diabetes,pso,18,18,9,0.7671464747434359
diabetes,pso,18,18,10,0.7671464747434359
diabetes,pso,18,18,11,0.7671464747434359
diabetes,pso,18,18,12,0.7671464747434359
diabetes,pso,18,18,13,0.7671464747434359
diabetes,pso,18,18,14,0.7671464747434359
diabetes,pso,18,18,15,0.7671464747434359
diabetes,pso,18,18,16,0.7703318672530988
diabetes,pso,18,18,17,0.7703318672530988
diabetes,pso,18,18,18,0.7703318672530988
diabetes,pso,18,18,19,0.7703318672530988
diabetes,pso,18,18,20,0.7703318672530988
diabetes,pso,18,18,21,0.7703718512594963
diabetes,pso,18,18,22,0.7703718512594963
diabetes,pso,18,18,23,0.7703718512594963
diabetes,pso,18,18,24,0.7703718512594963
diabetes,pso,18,18,25,0.7703718512594963
diabetes,pso,18,18,26,0.7703718512594963
diabetes,pso,18,18,27,0.7703718512594963
diabetes,pso,18,18,28,0.7703718512594963
diabetes,pso,18,18,29,0.7703718512594963
diabetes,pso,18,18,30,0.7703718512594963
diabetes,pso,18,18,31,0.7703718512594963
diabetes,pso,18,18,32,0.7703718512594963
diabetes,pso,18,18,33,0.7703718512594963
diabetes,pso,18,18,34,0.7703718512594963
diabetes,pso,18,18,35,0.7703718512594963
diabetes,pso,18,18,36,0.7703718512594963
diabetes,pso,18,18,37,0.7703718512594963
diabetes,pso,18,18,38,0.7703718512594963
diabetes,pso,18,18,39,0.7703718512594963
diabetes,pso,18,18,40,0.7703718512594963
diabetes,pso,18,18,41,0.7703718512594963
diabetes,pso,18,18,42,0.7703718512594963
diabetes,pso,18,18,43,0.7703718512594963
diabetes,pso,18,18,44,0.7703718512594963
diabetes,pso,18,18,45,0.7703718512594963
diabetes,pso,18,18,46,0.7703718512594963
diabetes,pso,18,18,47,0.7703718512594963
diabetes,pso,18,18,48,0.7703718512594963
diabetes,pso,18,18,49,0.7703718512594963
diabetes,pso,18,18,50,0.7703718512594963
diabetes,pso,18,18,51,0.7703718512594963
diabetes,pso,18,18,52,0.7703718512594963
diabetes,pso,18,18,53,0.7703718512594963
diabetes,pso,18,18,54,0.7703718512594963
diabetes,pso,18,18,55,0.7703718512594963
diabetes,pso,18,18,56,0.7703718512594963
diabetes,pso,18,18,57,0.7703718512594963
diabetes,pso,18,18,58,0.7703718512594963
diabetes,pso,18,18,59,0.7703718512594963
diabetes,pso,18,18,60,0.7703718512594963
diabetes,pso,18,18,61,0.7703718512594963
diabetes,pso,18,18,62,0.7703718512594963
diabetes,pso,18,18,63,0.7703718512594963
diabetes,pso,18,18,64,0.7703718512594963
diabetes,pso,18,18,65,0.7703718512594963
diabetes,pso,18,18,66,0.7703718512594963
diabetes,pso,18,18,67,0.7703718512594963
diabetes,pso,18,18,68,0.7703718512594963
diabetes,pso,18,18,69,0.7703718512594963
diabetes,pso,18,18,70,0.7703718512594963
diabetes,pso,18,18,71,0.7703718512594963
diabetes,pso,18,18,72,0.7703718512594963
diabetes,pso,18,18,73,0.7703718512594963
diabetes,pso,18,18,74,0.7703718512594963
diabetes,pso,18,18,75,0.7703718512594963
diabetes,pso,18,18,76,0.7703718512594963
diabetes,pso,18,18,77,0.7703718512594963
diabetes,pso,18,18,78,0.7703718512594963
diabetes,pso,18,18,79,0.7703718512594963
diabetes,pso,18,18,80,0.7703718512594963
diabetes,pso,18,18,81,0.7703718512594963
diabetes,pso,18,18,82,0.7703718512594963
diabetes,pso,18,18,83,0.7703718512594963
diabetes,pso,18,18,84,0.7703718512594963
diabetes,pso,18,18,85,0.7703718512594963
diabetes,pso,18,18,86,0.7703718512594963
diabetes,pso,18,18,87,0.7703718512594963
diabetes,pso,18,18,88,0.7703718512594963
diabetes,pso,18,18,89,0.7703718512594963
diabetes,pso,18,18,90,0.7703718512594963
diabetes,pso,18,18,91,0.7703718512594963
diabetes,pso,18,18,92,0.7703718512594963
diabetes,pso,18,18,93,0.7703718512594963
diabetes,pso,18,18,94,0.7703718512594963
diabetes,pso,18,18,95,0.7703718512594963
diabetes,pso,18,18,96,0.7703718512594963
diabetes,pso,18,18,97,0.7703718512594963
diabetes,pso,18,18,98,0.7703718512594963
diabetes,pso,18,18,99,0.7703718512594963
diabetes,pso,18,18,100,0.7703718512594963
diabetes,de,18,18,1,0.7605624416899907
diabetes,de,18,18,2,0.7605624416899907
diabetes,de,18,18,3,0.7605624416899907
diabetes,de,18,18,4,0.7605624416899907
diabetes,de,18,18,5,0.7605624416899907
diabetes,de,18,18,6,0.7605624416899907
diabetes,de,18,18,7,0.7605624416899907
diabetes,de,18,18,8,0.7605624416899907
diabetes,de,18,18,9,0.7605624416899907
diabetes,de,18,18,10,0.7605624416899907
diabetes,de,18,18,11,0.7605624416899907
diabetes,de,18,18,12,0.7605624416899907
diabetes,de,18,18,13,0.765480474476876
diabetes,de,18,18,14,0.765480474476876
diabetes,de,18,18,15,0.765480474476876
diabetes,de,18,18,16,0.765480474476876
diabetes,de,18,18,17,0.765480474476876
diabetes,de,18,18,18,0.765480474476876
diabetes,de,18,18,19,0.765480474476876
diabetes,de,18,18,20,0.765480474476876
diabetes,de,18,18,21,0.765480474476876
diabetes,de,18,18,22,0.765480474476876
diabetes,de,18,18,23,0.765480474476876
diabetes,de,18,18,24,0.765480474476876
diabetes,de,18,18,25,0.765480474476876
diabetes,de,18,18,26,0.765480474476876
diabetes,de,18,18,27,0.765480474476876
diabetes,de,18,18,28,0.765480474476876
diabetes,de,18,18,29,0.765480474476876
diabetes,de,18,18,30,0.765480474476876
diabetes,de,18,18,31,0.765480474476876
diabetes,de,18,18,32,0.7654938024790084
diabetes,de,18,18,33,0.7654938024790084
diabetes,de,18,18,34,0.7654938024790084
diabetes,de,18,18,35,0.7671064907370384
diabetes,de,18,18,36,0.7671064907370384
diabetes,de,18,18,37,0.7671064907370384
diabetes,de,18,18,38,0.7671064907370384
diabetes,de,18,18,39,0.7671064907370384
diabetes,de,18,18,40,0.7671064907370384
diabetes,de,18,18,41,0.7671064907370384
diabetes,de,18,18,42,0.7671064907370384
diabetes,de,18,18,43,0.7671064907370384
diabetes,de,18,18,44,0.7671064907370384
diabetes,de,18,18,45,0.7687325069972012
diabetes,de,18,18,46,0.7687325069972012
diabetes,de,18,18,47,0.7687325069972012
diabetes,de,18,18,48,0.7687325069972012
diabetes,de,18,18,49,0.7687325069972012
diabetes,de,18,18,50,0.7687325069972012
diabetes,de,18,18,51,0.7687325069972012
diabetes,de,18,18,52,0.7687325069972012
diabetes,de,18,18,53,0.7687325069972012
diabetes,de,18,18,54,0.7687325069972012
diabetes,de,18,18,55,0.7687325069972012
diabetes,de,18,18,56,0.7687325069972012
diabetes,de,18,18,57,0.7687325069972012
diabetes,de,18,18,58,0.7687325069972012
diabetes,de,18,18,59,0.7687325069972012
diabetes,de,18,18,60,0.7703985072637611
diabetes,de,18,18,61,0.7703985072637611
diabetes,de,18,18,62,0.7703985072637611
diabetes,de,18,18,63,0.7703985072637611
diabetes,de,18,18,64,0.7703985072637611
diabetes,de,18,18,65,0.7703985072637611
diabetes,de,18,18,66,0.7703985072637611
diabetes,de,18,18,67,0.7703985072637611
diabetes,de,18,18,68,0.7703985072637611
diabetes,de,18,18,69,0.7703985072637611
diabetes,de,18,18,70,0.7703985072637611
diabetes,de,18,18,71,0.7703985072637611
diabetes,de,18,18,72,0.7703985072637611
diabetes,de,18,18,73,0.7703985072637611
diabetes,de,18,18,74,0.7703985072637611
diabetes,de,18,18,75,0.7703985072637611
diabetes,de,18,18,76,0.7703985072637611
diabetes,de,18,18,77,0.7703985072637611
diabetes,de,18,18,78,0.7703985072637611
diabetes,de,18,18,79,0.7703985072637611
diabetes,de,18,18,80,0.7703985072637611
diabetes,de,18,18,81,0.7703985072637611
diabetes,de,18,18,82,0.7703985072637611
diabetes,de,18,18,83,0.7703985072637611
diabetes,de,18,18,84,0.7703985072637611
diabetes,de,18,18,85,0.7703985072637611
diabetes,de,18,18,86,0.7703985072637611
diabetes,de,18,18,87,0.7703985072637611
diabetes,de,18,18,88,0.7703985072637611
diabetes,de,18,18,89,0.7703985072637611
diabetes,de,18,18,90,0.7703985072637611
diabetes,de,18,18,91,0.7703985072637611
diabetes,de,18,18,92,0.7703985072637611
diabetes,de,18,18,93,0.7703985072637611
diabetes,de,18,18,94,0.7703985072637611
diabetes,de,18,18,95,0.7703985072637611
diabetes,de,18,18,96,0.7703985072637611
diabetes,de,18,18,97,0.7703985072637611
diabetes,de,18,18,98,0.7703985072637611
diabetes,de,18,18,99,0.7703985072637611
diabetes,de,18,18,100,0.7703985072637611
diabetes,ga,18,18,1,0.7605624416899907
diabetes,ga,18,18,2,0.7605624416899907
diabetes,ga,18,18,3,0.7605624416899907
diabetes,ga,18,18,4,0.7605624416899907
diabetes,ga,18,18,5,0.7605624416899907
diabetes,ga,18,18,6,0.7605624416899907
diabetes,ga,18,18,7,0.7605624416899907
diabetes,ga,18,18,8,0.7605624416899907
diabetes,ga,18,18,9,0.7605624416899907
diabetes,ga,18,18,10,0.7605624416899907
diabetes,ga,18,18,11,0.7605624416899907
diabetes,ga,18,18,12,0.7605624416899907
diabetes,ga,18,18,13,0.765480474476876
diabetes,ga,18,18,14,0.765480474476876
diabetes,ga,18,18,15,0.765480474476876
diabetes,ga,18,18,16,0.765480474476876
diabetes,ga,18,18,17,0.765480474476876
diabetes,ga,18,18,18,0.765480474476876
diabetes,ga,18,18,19,0.765480474476876
diabetes,ga,18,18,20,0.765480474476876
diabetes,ga,18,18,21,0.765480474476876
diabetes,ga,18,18,22,0.765480474476876
diabetes,ga,18,18,23,0.765480474476876
diabetes,ga,18,18,24,0.765480474476876
diabetes,ga,18,18,25,0.765480474476876
diabetes,ga,18,18,26,0.765480474476876
diabetes,ga,18,18,27,0.765480474476876
diabetes,ga,18,18,28,0.765480474476876
diabetes,ga,18,18,29,0.765480474476876
diabetes,ga,18,18,30,0.765480474476876
diabetes,ga,18,18,31,0.7671064907370384
diabetes,ga,18,18,32,0.7671064907370384
diabetes,ga,18,18,33,0.7671064907370384
diabetes,ga,18,18,34,0.7671064907370384
diabetes,ga,18,18,35,0.7671064907370384
diabetes,ga,18,18,36,0.7671064907370384
diabetes,ga,18,18,37,0.7671064907370384
diabetes,ga,18,18,38,0.7671064907370384
diabetes,ga,18,18,39,0.7671064907370384
diabetes,ga,18,18,40,0.7671064907370384
diabetes,ga,18,18,41,0.7671064907370384
diabetes,ga,18,18,42,0.7671064907370384
diabetes,ga,18,18,43,0.7671064907370384
diabetes,ga,18,18,44,0.7671064907370384
diabetes,ga,18,18,45,0.7671064907370384
diabetes,ga,18,18,46,0.7687724910035986
diabetes,ga,18,18,47,0.7687724910035986
diabetes,ga,18,18,48,0.7687724910035986
diabetes,ga,18,18,49,0.7687724910035986
diabetes,ga,18,18,50,0.7687724910035986
diabetes,ga,18,18,51,0.7687724910035986
diabetes,ga,18,18,52,0.7687724910035986
diabetes,ga,18,18,53,0.7687724910035986
diabetes,ga,18,18,54,0.7687724910035986
diabetes,ga,18,18,55,0.7687724910035986
diabetes,ga,18,18,56,0.7687724910035986
diabetes,ga,18,18,57,0.7687724910035986
diabetes,ga,18,18,58,0.7687724910035986
diabetes,ga,18,18,59,0.7687724910035986
diabetes,ga,18,18,60,0.7687724910035986
diabetes,ga,18,18,61,0.7687724910035986
diabetes,ga,18,18,62,0.7687724910035986
diabetes,ga,18,18,63,0.7687724910035986
diabetes,ga,18,18,64,0.7687724910035986
diabetes,ga,18,18,65,0.7687724910035986
diabetes,ga,18,18,66,0.7687724910035986
diabetes,ga,18,18,67,0.7687724910035986
diabetes,ga,18,18,68,0.7687724910035986
diabetes,ga,18,18,69,0.7687724910035986
diabetes,ga,18,18,70,0.7687724910035986
diabetes,ga,18,18,71,0.7687724910035986
diabetes,ga,18,18,72,0.7687724910035986
diabetes,ga,18,18,73,0.7687724910035986
diabetes,ga,18,18,74,0.7687724910035986
diabetes,ga,18,18,75,0.7687724910035986
diabetes,ga,18,18,76,0.7687724910035986
diabetes,ga,18,18,77,0.7687724910035986
diabetes,ga,18,18,78,0.7687724910035986
diabetes,ga,18,18,79,0.7687724910035986
diabetes,ga,18,18,80,0.7687724910035986
diabetes,ga,18,18,81,0.7687724910035986
diabetes,ga,18,18,82,0.7687724910035986
diabetes,ga,18,18,83,0.7687724910035986
diabetes,ga,18,18,84,0.7687724910035986
diabetes,ga,18,18,85,0.7687724910035986
diabetes,ga,18,18,86,0.7720245235239238
diabetes,ga,18,18,87,0.7720245235239238
diabetes,ga,18,18,88,0.7720245235239238
diabetes,ga,18,18,89,0.7720245235239238
diabetes,ga,18,18,90,0.7720245235239238
diabetes,ga,18,18,91,0.7720245235239238
diabetes,ga,18,18,92,0.7720245235239238
diabetes,ga,18,18,93,0.7720245235239238
diabetes,ga,18,18,94,0.7720245235239238
diabetes,ga,18,18,95,0.7720245235239238
diabetes,ga,18,18,96,0.7720245235239238
diabetes,ga,18,18,97,0.7720245235239238
diabetes,ga,18,18,98,0.7720245235239238
diabetes,ga,18,18,99,0.7720245235239238
diabetes,ga,18,18,100,0.7720245235239238
diabetes,sa,18,18,1,0.7035585765693723
diabetes,sa,18,18,2,0.7035585765693723
diabetes,sa,18,18,3,0.7035585765693723
diabetes,sa,18,18,4,0.7035585765693723
diabetes,sa,18,18,5,0.7035585765693723
diabetes,sa,18,18,6,0.7035585765693723
diabetes,sa,18,18,7,0.7035585765693723
diabetes,sa,18,18,8,0.7035585765693723
diabetes,sa,18,18,9,0.7035585765693723
diabetes,sa,18,18,10,0.7035585765693723
diabetes,sa,18,18,11,0.7035585765693723
diabetes,sa,18,18,12,0.7035585765693723
diabetes,sa,18,18,13,0.7035585765693723
diabetes,sa,18,18,14,0.7051712648274023
diabetes,sa,18,18,15,0.7100493136078903
diabetes,sa,18,18,16,0.7100493136078903
diabetes,sa,18,18,17,0.7100493136078903
diabetes,sa,18,18,18,0.7100493136078903
diabetes,sa,18,18,19,0.7100493136078903
diabetes,sa,18,18,20,0.7100493136078903
diabetes,sa,18,18,21,0.7100493136078903
diabetes,sa,18,18,22,0.7100493136078903
diabetes,sa,18,18,23,0.7100493136078903
diabetes,sa,18,18,24,0.7100493136078903
diabetes,sa,18,18,25,0.7100493136078903
diabetes,sa,18,18,26,0.7100493136078903
diabetes,sa,18,18,27,0.7100493136078903
diabetes,sa,18,18,28,0.7100493136078903
diabetes,sa,18,18,29,0.7556577369052379
diabetes,sa,18,18,30,0.7556710649073703
diabetes,sa,18,18,31,0.7556710649073703
diabetes,sa,18,18,32,0.7556710649073703
diabetes,sa,18,18,33,0.7556710649073703
diabetes,sa,18,18,34,0.7638411302145808
diabetes,sa,18,18,35,0.7638411302145808
diabetes,sa,18,18,36,0.7638411302145808
diabetes,sa,18,18,37,0.7638411302145808
diabetes,sa,18,18,38,0.7638411302145808
diabetes,sa,18,18,39,0.7638411302145808
diabetes,sa,18,18,40,0.7638411302145808
diabetes,sa,18,18,41,0.7638411302145808
diabetes,sa,18,18,42,0.7638411302145808
diabetes,sa,18,18,43,0.7638411302145808
diabetes,sa,18,18,44,0.7638411302145808
diabetes,sa,18,18,45,0.7638411302145808
diabetes,sa,18,18,46,0.7638411302145808
diabetes,sa,18,18,47,0.765480474476876
diabetes,sa,18,18,48,0.765480474476876
diabetes,sa,18,18,49,0.765480474476876
diabetes,sa,18,18,50,0.765480474476876
diabetes,sa,18,18,51,0.765480474476876
diabetes,sa,18,18,52,0.765480474476876
diabetes,sa,18,18,53,0.765480474476876
diabetes,sa,18,18,54,0.765480474476876
diabetes,sa,18,18,55,0.765480474476876
diabetes,sa,18,18,56,0.765480474476876
diabetes,sa,18,18,57,0.765480474476876
diabetes,sa,18,18,58,0.765480474476876
diabetes,sa,18,18,59,0.765480474476876
diabetes,sa,18,18,60,0.765480474476876
diabetes,sa,18,18,61,0.765480474476876
diabetes,sa,18,18,62,0.765480474476876
diabetes,sa,18,18,63,0.765480474476876
diabetes,sa,18,18,64,0.765480474476876
diabetes,sa,18,18,65,0.7687325069972012
diabetes,sa,18,18,66,0.7687325069972012
diabetes,sa,18,18,67,0.7687325069972012
diabetes,sa,18,18,68,0.7687325069972012
diabetes,sa,18,18,69,0.7687325069972012
diabetes,sa,18,18,70,0.7687325069972012
diabetes,sa,18,18,71,0.7687325069972012
diabetes,sa,18,18,72,0.7719978675196588
diabetes,sa,18,18,73,0.7719978675196588
diabetes,sa,18,18,74,0.7719978675196588
diabetes,sa,18,18,75,0.7719978675196588
diabetes,sa,18,18,76,0.7719978675196588
diabetes,sa,18,18,77,0.7719978675196588
diabetes,sa,18,18,78,0.7719978675196588
diabetes,sa,18,18,79,0.7719978675196588
diabetes,sa,18,18,80,0.7719978675196588
diabetes,sa,18,18,81,0.7719978675196588
diabetes,sa,18,18,82,0.7719978675196588
diabetes,sa,18,18,83,0.7719978675196588
diabetes,sa,18,18,84,0.7719978675196588
diabetes,sa,18,18,85,0.7719978675196588
diabetes,sa,18,18,86,0.7719978675196588
diabetes,sa,18,18,87,0.7719978675196588
diabetes,sa,18,18,88,0.7719978675196588
diabetes,sa,18,18,89,0.7719978675196588
diabetes,sa,18,18,90,0.7719978675196588
diabetes,sa,18,18,91,0.7719978675196588
diabetes,sa,18,18,92,0.7719978675196588
diabetes,sa,18,18,93,0.7719978675196588
diabetes,sa,18,18,94,0.7719978675196588
diabetes,sa,18,18,95,0.7719978675196588
diabetes,sa,18,18,96,0.7719978675196588
diabetes,sa,18,18,97,0.7719978675196588
diabetes,sa,18,18,98,0.7719978675196588
diabetes,sa,18,18,99,0.7719978675196588
diabetes,sa,18,18,100,0.7719978675196588
diabetes,grid,19,19,1,0.6514727442356391
diabetes,grid,19,19,2,0.6514727442356391
diabetes,grid,19,19,3,0.6514727442356391
diabetes,grid,19,19,4,0.6514727442356391
diabetes,grid,19,19,5,0.6514727442356391
diabetes,grid,19,19,6,0.6514727442356391
diabetes,grid,19,19,7,0.6514727442356391
diabetes,grid,19,19,8,0.6514727442356391
diabetes,grid,19,19,9,0.6514727442356391
diabetes,grid,19,19,10,0.6514727442356391
diabetes,grid,19,19,11,0.6514727442356391
diabetes,grid,19,19,12,0.6514727442356391
diabetes,grid,19,19,13,0.6514727442356391
diabetes,grid,19,19,14,0.6514727442356391
diabetes,grid,19,19,15,0.6514727442356391
diabetes,grid,19,19,16,0.7475809676129548
diabetes,grid,19,19,17,0.7475809676129548
diabetes,grid,19,19,18,0.7475809676129548
diabetes,grid,19,19,19,0.7475809676129548
diabetes,grid,19,19,20,0.7475809676129548
diabetes,grid,19,19,21,0.7475809676129548
diabetes,grid,19,19,22,0.7475809676129548
diabetes,grid,19,19,23,0.7475809676129548
diabetes,grid,19,19,24,0.7475809676129548
diabetes,grid,19,19,25,0.7556843929095028
diabetes,grid,19,19,26,0.7573104091696655
diabetes,grid,19,19,27,0.7573104091696655
diabetes,grid,19,19,28,0.7573104091696655
diabetes,grid,19,19,29,0.7573104091696655
diabetes,grid,19,19,30,0.7573104091696655
diabetes,grid,19,19,31,0.7573104091696655
diabetes,grid,19,19,32,0.7573104091696655
diabetes,grid,19,19,33,0.7573104091696655
diabetes,grid,19,19,34,0.7605757696921231
diabetes,grid,19,19,35,0.7622151139544182
diabetes,grid,19,19,36,0.7622151139544182
diabetes,grid,19,19,37,0.7622151139544182
diabetes,grid,19,19,38,0.7622151139544182
diabetes,grid,19,19,39,0.7622151139544182
diabetes,grid,19,19,40,0.7622151139544182
diabetes,grid,19,19,41,0.7622151139544182
diabetes,grid,19,19,42,0.7622151139544182
diabetes,grid,19,19,43,0.7622151139544182
diabetes,grid,19,19,44,0.7622151139544182
diabetes,grid,19,19,45,0.7622151139544182
diabetes,grid,19,19,46,0.7622151139544182
diabetes,grid,19,19,47,0.7622151139544182
diabetes,grid,19,19,48,0.7622151139544182
diabetes,grid,19,19,49,0.7622151139544182
diabetes,grid,19,19,50,0.7622151139544182
diabetes,grid,19,19,51,0.7622151139544182
diabetes,grid,19,19,52,0.7622151139544182
diabetes,grid,19,19,53,0.7622151139544182
diabetes,grid,19,19,54,0.7622151139544182
diabetes,grid,19,19,55,0.7622151139544182
diabetes,grid,19,19,56,0.7622151139544182
diabetes,grid,19,19,57,0.7622151139544182
diabetes,grid,19,19,58,0.7622151139544182
diabetes,grid,19,19,59,0.7622151139544182
diabetes,grid,19,19,60,0.7622151139544182
diabetes,grid,19,19,61,0.7622151139544182
diabetes,grid,19,19,62,0.7622151139544182
diabetes,grid,19,19,63,0.7622151139544182
diabetes,grid,19,19,64,0.7622151139544182
diabetes,grid,19,19,65,0.7622151139544182
diabetes,grid,19,19,66,0.7622151139544182
diabetes,grid,19,19,67,0.7622151139544182
diabetes,grid,19,19,68,0.7622151139544182
diabetes,grid,19,19,69,0.7622151139544182
diabetes,grid,19,19,70,0.7622151139544182
diabetes,grid,19,19,71,0.7622151139544182
diabetes,grid,19,19,72,0.7622151139544182
diabetes,grid,19,19,73,0.7622151139544182
diabetes,grid,19,19,74,0.7622151139544182
diabetes,grid,19,19,75,0.7622151139544182
diabetes,grid,19,19,76,0.7622151139544182
diabetes,grid,19,19,77,0.7622151139544182
diabetes,grid,19,19,78,0.7622151139544182
diabetes,grid,19,19,79,0.7622151139544182
diabetes,grid,19,19,80,0.7622151139544182
diabetes,grid,19,19,81,0.7622151139544182
diabetes,grid,19,19,82,0.7622151139544182
diabetes,grid,19,19,83,0.7622151139544182
diabetes,grid,19,19,84,0.7622151139544182
diabetes,grid,19,19,85,0.7622151139544182
diabetes,grid,19,19,86,0.7622151139544182
diabetes,grid,19,19,87,0.7622151139544182
diabetes,grid,19,19,88,0.7622151139544182
diabetes,grid,19,19,89,0.7622151139544182
diabetes,grid,19,19,90,0.7622151139544182
diabetes,grid,19,19,91,0.7622151139544182
diabetes,grid,19,19,92,0.7622151139544182
diabetes,grid,19,19,93,0.7622151139544182
diabetes,grid,19,19,94,0.7622151139544182
diabetes,grid,19,19,95,0.7622151139544182
diabetes,grid,19,19,96,0.7622151139544182
diabetes,grid,19,19,97,0.7622151139544182
diabetes,grid,19,19,98,0.7622151139544182
diabetes,grid,19,19,99,0.7622151139544182
diabetes,grid,19,19,100,0.7622151139544182
diabetes,random,19,19,1,0.6823403971744636
diabetes,random,19,19,2,0.7524057043849126
diabetes,random,19,19,3,0.7524057043849126
diabetes,random,19,19,4,0.7524057043849126
diabetes,random,19,19,5,0.7524057043849128
diabetes,random,19,19,6,0.7524057043849128
diabetes,random,19,19,7,0.7524057043849128
diabetes,random,19,19,8,0.7524057043849128
diabetes,random,19,19,9,0.7524057043849128
diabetes,random,19,19,10,0.7524057043849128
diabetes,random,19,19,11,0.7524057043849128
diabetes,random,19,19,12,0.7524057043849128
diabetes,random,19,19,13,0.7622284419565508
diabetes,random,19,19,14,0.7622284419565508
diabetes,random,19,19,15,0.7622284419565508
diabetes,random,19,19,16,0.7622284419565508
diabetes,random,19,19,17,0.7622284419565508
diabetes,random,19,19,18,0.7622284419565508
diabetes,random,19,19,19,0.7622284419565508
diabetes,random,19,19,20,0.7622284419565508
diabetes,random,19,19,21,0.7622284419565508
diabetes,random,19,19,22,0.7622284419565508
diabetes,random,19,19,23,0.7622284419565508
diabetes,random,19,19,24,0.7622284419565508
diabetes,random,19,19,25,0.7622284419565508
diabetes,random,19,19,26,0.7622284419565508
diabetes,random,19,19,27,0.7622284419565508
diabetes,random,19,19,28,0.7622284419565508
diabetes,random,19,19,29,0.7622284419565508
diabetes,random,19,19,30,0.7622284419565508
diabetes,random,19,19,31,0.7622284419565508
diabetes,random,19,19,32,0.7622284419565508
diabetes,random,19,19,33,0.7622284419565508
diabetes,random,19,19,34,0.7622284419565508
diabetes,random,19,19,35,0.7622284419565508
diabetes,random,19,19,36,0.7622284419565508
diabetes,random,19,19,37,0.7622284419565508
diabetes,random,19,19,38,0.7622284419565508
diabetes,random,19,19,39,0.7622284419565508
diabetes,random,19,19,40,0.7622284419565508
diabetes,random,19,19,41,0.7622284419565508
diabetes,random,19,19,42,0.7622284419565508
diabetes,random,19,19,43,0.7622284419565508
diabetes,random,19,19,44,0.7622284419565508
diabetes,random,19,19,45,0.7622284419565508
diabetes,random,19,19,46,0.7622284419565508
diabetes,random,19,19,47,0.7622284419565508
diabetes,random,19,19,48,0.7622284419565508
diabetes,random,19,19,49,0.7622284419565508
diabetes,random,19,19,50,0.7622284419565508
diabetes,random,19,19,51,0.7622284419565508
diabetes,random,19,19,52,0.7622284419565508
diabetes,random,19,19,53,0.7622284419565508
diabetes,random,19,19,54,0.7622284419565508
diabetes,random,19,19,55,0.7622284419565508
diabetes,random,19,19,56,0.7622284419565508
diabetes,random,19,19,57,0.7622284419565508
diabetes,random,19,19,58,0.7622284419565508
diabetes,random,19,19,59,0.7622284419565508
diabetes,random,19,19,60,0.7622284419565508
diabetes,random,19,19,61,0.7622284419565508
diabetes,random,19,19,62,0.7622284419565508
diabetes,random,19,19,63,0.7622284419565508
diabetes,random,19,19,64,0.7622284419565508
diabetes,random,19,19,65,0.7622284419565508
diabetes,random,19,19,66,0.7622284419565508
diabetes,random,19,19,67,0.7622284419565508
diabetes,random,19,19,68,0.7622284419565508
diabetes,random,19,19,69,0.7622284419565508
diabetes,random,19,19,70,0.7622284419565508
diabetes,random,19,19,71,0.7622284419565508
diabetes,random,19,19,72,0.7622284419565508
diabetes,random,19,19,73,0.7622284419565508
diabetes,random,19,19,74,0.7622284419565508
diabetes,random,19,19,75,0.7622284419565508
diabetes,random,19,19,76,0.7622284419565508
diabetes,random,19,19,77,0.7622284419565508
diabetes,random,19,19,78,0.7622284419565508
diabetes,random,19,19,79,0.7622284419565508
diabetes,random,19,19,80,0.7622284419565508
diabetes,random,19,19,81,0.7622284419565508
diabetes,random,19,19,82,0.7622284419565508
diabetes,random,19,19,83,0.7622284419565508
diabetes,random,19,19,84,0.7622284419565508
diabetes,random,19,19,85,0.7622284419565508
diabetes,random,19,19,86,0.7622284419565508
diabetes,random,19,19,87,0.7622284419565508
diabetes,random,19,19,88,0.7622284419565508
diabetes,random,19,19,89,0.7622284419565508
diabetes,random,19,19,90,0.7622284419565508
diabetes,random,19,19,91,0.7622284419565508
diabetes,random,19,19,92,0.7622284419565508
diabetes,random,19,19,93,0.7622284419565508
diabetes,random,19,19,94,0.7622284419565508
diabetes,random,19,19,95,0.7622284419565508
diabetes,random,19,19,96,0.7622284419565508
diabetes,random,19,19,97,0.7622284419565508
diabetes,random,19,19,98,0.7622284419565508
diabetes,random,19,19,99,0.7622284419565508
diabetes,random,19,19,100,0.7622284419565508
diabetes,bo_tpe,19,19,1,0.6823403971744636
diabetes,bo_tpe,19,19,2,0.7524057043849126
diabetes,bo_tpe,19,19,3,0.7524057043849126
diabetes,bo_tpe,19,19,4,0.7524057043849126
diabetes,bo_tpe,19,19,5,0.7524057043849128
diabetes,bo_tpe,19,19,6,0.7524057043849128
diabetes,bo_tpe,19,19,7,0.7524057043849128
diabetes,bo_tpe,19,19,8,0.7524057043849128
diabetes,bo_tpe,19,19,9,0.7524057043849128
diabetes,bo_tpe,19,19,10,0.7524057043849128
diabetes,bo_tpe,19,19,11,0.7589230974276956
diabetes,bo_tpe,19,19,12,0.7589364254298281
diabetes,bo_tpe,19,19,13,0.7589364254298281
diabetes,bo_tpe,19,19,14,0.7589364254298281
diabetes,bo_tpe,19,19,15,0.7638411302145809
diabetes,bo_tpe,19,19,16,0.7638411302145809
diabetes,bo_tpe,19,19,17,0.7638411302145809
diabetes,bo_tpe,19,19,18,0.7638411302145809
diabetes,bo_tpe,19,19,19,0.7638411302145809
diabetes,bo_tpe,19,19,20,0.7638411302145809
diabetes,bo_tpe,19,19,21,0.7638411302145809
diabetes,bo_tpe,19,19,22,0.7638411302145809
diabetes,bo_tpe,19,19,23,0.7638411302145809
diabetes,bo_tpe,19,19,24,0.7638411302145809
diabetes,bo_tpe,19,19,25,0.7638411302145809
diabetes,bo_tpe,19,19,26,0.7638411302145809
diabetes,bo_tpe,19,19,27,0.7638411302145809
diabetes,bo_tpe,19,19,28,0.7638411302145809
diabetes,bo_tpe,19,19,29,0.7638411302145809
diabetes,bo_tpe,19,19,30,0.7638411302145809
diabetes,bo_tpe,19,19,31,0.7638411302145809
diabetes,bo_tpe,19,19,32,0.7638411302145809
diabetes,bo_tpe,19,19,33,0.7638411302145809
diabetes,bo_tpe,19,19,34,0.7638411302145809
diabetes,bo_tpe,19,19,35,0.7638411302145809
diabetes,bo_tpe,19,19,36,0.7638411302145809
diabetes,bo_tpe,19,19,37,0.7638411302145809
diabetes,bo_tpe,19,19,38,0.7638411302145809
diabetes,bo_tpe,19,19,39,0.7638411302145809
diabetes,bo_tpe,19,19,40,0.7638411302145809
diabetes,bo_tpe,19,19,41,0.7638411302145809
diabetes,bo_tpe,19,19,42,0.7638411302145809
diabetes,bo_tpe,19,19,43,0.7638411302145809
diabetes,bo_tpe,19,19,44,0.7638411302145809
diabetes,bo_tpe,19,19,45,0.7638411302145809
diabetes,bo_tpe,19,19,46,0.7638411302145809
diabetes,bo_tpe,19,19,47,0.7638411302145809
diabetes,bo_tpe,19,19,48,0.7638411302145809
diabetes,bo_tpe,19,19,49,0.7638411302145809
diabetes,bo_tpe,19,19,50,0.7638411302145809
diabetes,bo_tpe,19,19,51,0.7638411302145809
diabetes,bo_tpe,19,19,52,0.7638411302145809
diabetes,bo_tpe,19,19,53,0.7638411302145809
diabetes,bo_tpe,19,19,54,0.7638411302145809
diabetes,bo_tpe,19,19,55,0.7638411302145809
diabetes,bo_tpe,19,19,56,0.7638411302145809
diabetes,bo_tpe,19,19,57,0.7638411302145809
diabetes,bo_tpe,19,19,58,0.7638411302145809
diabetes,bo_tpe,19,19,59,0.7638411302145809
diabetes,bo_tpe,19,19,60,0.7638411302145809
diabetes,bo_tpe,19,19,61,0.7654671464747435
diabetes,bo_tpe,19,19,62,0.7671064907370386
diabetes,bo_tpe,19,19,63,0.7671064907370386
diabetes,bo_tpe,19,19,64,0.7671064907370386
diabetes,bo_tpe,19,19,65,0.7671064907370386
diabetes,bo_tpe,19,19,66,0.7671064907370386
diabetes,bo_tpe,19,19,67,0.7671064907370386
diabetes,bo_tpe,19,19,68,0.7671064907370386
diabetes,bo_tpe,19,19,69,0.7671064907370386
diabetes,bo_tpe,19,19,70,0.7671064907370386
diabetes,bo_tpe,19,19,71,0.7671064907370386
diabetes,bo_tpe,19,19,72,0.7671064907370386
diabetes,bo_tpe,19,19,73,0.7671064907370386
diabetes,bo_tpe,19,19,74,0.7671064907370386
diabetes,bo_tpe,19,19,75,0.7671064907370386
diabetes,bo_tpe,19,19,76,0.7671064907370386
diabetes,bo_tpe,19,19,77,0.7671064907370386
diabetes,bo_tpe,19,19,78,0.7671064907370386
diabetes,bo_tpe,19,19,79,0.7671064907370386
diabetes,bo_tpe,19,19,80,0.7671064907370386
diabetes,bo_tpe,19,19,81,0.7671064907370386
diabetes,bo_tpe,19,19,82,0.7671064907370386
diabetes,bo_tpe,19,19,83,0.7671064907370386
diabetes,bo_tpe,19,19,84,0.7671064907370386
diabetes,bo_tpe,19,19,85,0.7671064907370386
diabetes,bo_tpe,19,19,86,0.7671064907370386
diabetes,bo_tpe,19,19,87,0.7671064907370386
diabetes,bo_tpe,19,19,88,0.7671064907370386
diabetes,bo_tpe,19,19,89,0.7671064907370386
diabetes,bo_tpe,19,19,90,0.7671064907370386
diabetes,bo_tpe,19,19,91,0.7671064907370386
diabetes,bo_tpe,19,19,92,0.7671064907370386
diabetes,bo_tpe,19,19,93,0.7671064907370386
diabetes,bo_tpe,19,19,94,0.7671064907370386
diabetes,bo_tpe,19,19,95,0.7671064907370386
diabetes,bo_tpe,19,19,96,0.7671064907370386
diabetes,bo_tpe,19,19,97,0.7671064907370386
diabetes,bo_tpe,19,19,98,0.7671064907370386
diabetes,bo_tpe,19,19,99,0.7671064907370386
diabetes,bo_tpe,19,19,100,0.7671064907370386
diabetes,pso,19,19,1,0.7540583766493403
diabetes,pso,19,19,2,0.757350393176063
diabetes,pso,19,19,3,0.757350393176063
diabetes,pso,19,19,4,0.757350393176063
diabetes,pso,19,19,5,0.757350393176063
diabetes,pso,19,19,6,0.757350393176063
diabetes,pso,19,19,7,0.7589364254298281
diabetes,pso,19,19,8,0.7589364254298281
diabetes,pso,19,19,9,0.7589364254298281
diabetes,pso,19,19,10,0.7589364254298281
diabetes,pso,19,19,11,0.7589364254298281
diabetes,pso,19,19,12,0.7589364254298281
diabetes,pso,19,19,13,0.7589364254298281
diabetes,pso,19,19,14,0.7589364254298281
diabetes,pso,19,19,15,0.7589364254298281
diabetes,pso,19,19,16,0.7589364254298281
diabetes,pso,19,19,17,0.7589364254298281
diabetes,pso,19,19,18,0.7589364254298281
diabetes,pso,19,19,19,0.7589364254298281
diabetes,pso,19,19,20,0.7589364254298281
diabetes,pso,19,19,21,0.7589364254298281
diabetes,pso,19,19,22,0.7589364254298281
diabetes,pso,19,19,23,0.7589364254298281
diabetes,pso,19,19,24,0.7589364254298281
diabetes,pso,19,19,25,0.7589364254298281
diabetes,pso,19,19,26,0.7589364254298281
diabetes,pso,19,19,27,0.7589364254298281
diabetes,pso,19,19,28,0.7589364254298281
diabetes,pso,19,19,29,0.7589364254298281
diabetes,pso,19,19,30,0.7589364254298281
diabetes,pso,19,19,31,0.7589364254298281
diabetes,pso,19,19,32,0.7589364254298281
diabetes,pso,19,19,33,0.7589364254298281
diabetes,pso,19,19,34,0.7589364254298281
diabetes,pso,19,19,35,0.7589364254298281
diabetes,pso,19,19,36,0.7589364254298281
diabetes,pso,19,19,37,0.7589364254298281
diabetes,pso,19,19,38,0.7589364254298281
diabetes,pso,19,19,39,0.7589364254298281
diabetes,pso,19,19,40,0.7605757696921231
diabetes,pso,19,19,41,0.7605757696921231
diabetes,pso,19,19,42,0.7605757696921231
diabetes,pso,19,19,43,0.7605757696921231
diabetes,pso,19,19,44,0.7605757696921231
diabetes,pso,19,19,45,0.7605757696921231
diabetes,pso,19,19,46,0.7605757696921231
diabetes,pso,19,19,47,0.7605757696921231
diabetes,pso,19,19,48,0.7605757696921231
diabetes,pso,19,19,49,0.7605757696921231
diabetes,pso,19,19,50,0.7605757696921231
diabetes,pso,19,19,51,0.7605757696921231
diabetes,pso,19,19,52,0.7605757696921231
diabetes,pso,19,19,53,0.7605757696921231
diabetes,pso,19,19,54,0.7605757696921231
diabetes,pso,19,19,55,0.7605757696921231
diabetes,pso,19,19,56,0.7605757696921231
diabetes,pso,19,19,57,0.7605757696921231
diabetes,pso,19,19,58,0.7605757696921231
diabetes,pso,19,19,59,0.7605757696921231
diabetes,pso,19,19,60,0.7605757696921231
diabetes,pso,19,19,61,0.7605757696921231
diabetes,pso,19,19,62,0.7605757696921231
diabetes,pso,19,19,63,0.7605757696921231
diabetes,pso,19,19,64,0.7605757696921231
diabetes,pso,19,19,65,0.7605757696921231
diabetes,pso,19,19,66,0.7605757696921231
diabetes,pso,19,19,67,0.7605757696921231
diabetes,pso,19,19,68,0.7605757696921231
diabetes,pso,19,19,69,0.7605757696921231
diabetes,pso,19,19,70,0.7605757696921231
diabetes,pso,19,19,71,0.7605757696921231
diabetes,pso,19,19,72,0.7605757696921231
diabetes,pso,19,19,73,0.7605757696921231
diabetes,pso,19,19,74,0.7605757696921231
diabetes,pso,19,19,75,0.7605757696921231
diabetes,pso,19,19,76,0.7605757696921231
diabetes,pso,19,19,77,0.7605757696921231
diabetes,pso,19,19,78,0.7605757696921231
diabetes,pso,19,19,79,0.7605757696921231
diabetes,pso,19,19,80,0.7605757696921231
diabetes,pso,19,19,81,0.7605757696921231
diabetes,pso,19,19,82,0.7605757696921231
diabetes,pso,19,19,83,0.7605757696921231
diabetes,pso,19,19,84,0.7605757696921231
diabetes,pso,19,19,85,0.7605757696921231
diabetes,pso,19,19,86,0.7605757696921231
diabetes,pso,19,19,87,0.7605757696921231
diabetes,pso,19,19,88,0.7605757696921231
diabetes,pso,19,19,89,0.7605757696921231
diabetes,pso,19,19,90,0.7605757696921231
diabetes,pso,19,19,91,0.7605757696921231
diabetes,pso,19,19,92,0.7605757696921231
diabetes,pso,19,19,93,0.7605757696921231
diabetes,pso,19,19,94,0.7605757696921231
diabetes,pso,19,19,95,0.7605757696921231
diabetes,pso,19,19,96,0.7605757696921231
diabetes,pso,19,19,97,0.7605757696921231
diabetes,pso,19,19,98,0.7605757696921231
diabetes,pso,19,19,99,0.7605757696921231
diabetes,pso,19,19,100,0.7605757696921231
diabetes,de,19,19,1,0.7573104091696655
diabetes,de,19,19,2,0.7573104091696655
diabetes,de,19,19,3,0.7573104091696655
diabetes,de,19,19,4,0.7573104091696655
diabetes,de,19,19,5,0.7573104091696655
diabetes,de,19,19,6,0.7573104091696655
diabetes,de,19,19,7,0.7589364254298281
diabetes,de,19,19,8,0.7605624416899907
diabetes,de,19,19,9,0.7605624416899907
diabetes,de,19,19,10,0.7605624416899907
diabetes,de,19,19,11,0.7605624416899907
diabetes,de,19,19,12,0.7605624416899907
diabetes,de,19,19,13,0.7605624416899907
diabetes,de,19,19,14,0.7605624416899907
diabetes,de,19,19,15,0.7605624416899907
diabetes,de,19,19,16,0.7605624416899907
diabetes,de,19,19,17,0.7605624416899907
diabetes,de,19,19,18,0.7605757696921231
diabetes,de,19,19,19,0.7605757696921231
diabetes,de,19,19,20,0.7605757696921231
diabetes,de,19,19,21,0.7605757696921231
diabetes,de,19,19,22,0.7605757696921231
diabetes,de,19,19,23,0.7605757696921231
diabetes,de,19,19,24,0.7605757696921231
diabetes,de,19,19,25,0.7605757696921231
diabetes,de,19,19,26,0.7605757696921231
diabetes,de,19,19,27,0.7605757696921231
diabetes,de,19,19,28,0.7605757696921231
diabetes,de,19,19,29,0.7605757696921231
diabetes,de,19,19,30,0.7605757696921231
diabetes,de,19,19,31,0.7605757696921231
diabetes,de,19,19,32,0.7605757696921231
diabetes,de,19,19,33,0.7605757696921231
diabetes,de,19,19,34,0.7605757696921231
diabetes,de,19,19,35,0.7605757696921231
diabetes,de,19,19,36,0.7605757696921231
diabetes,de,19,19,37,0.7605757696921231
diabetes,de,19,19,38,0.7605757696921231
diabetes,de,19,19,39,0.7605757696921231
diabetes,de,19,19,40,0.7605757696921231
diabetes,de,19,19,41,0.7605757696921231
diabetes,de,19,19,42,0.7605757696921231
diabetes,de,19,19,43,0.7605757696921231
diabetes,de,19,19,44,0.7605757696921231
diabetes,de,19,19,45,0.7605757696921231
diabetes,de,19,19,46,0.7605757696921231
diabetes,de,19,19,47,0.7605757696921231
diabetes,de,19,19,48,0.7605757696921231
diabetes,de,19,19,49,0.7621618019458885
diabetes,de,19,19,50,0.7621618019458885
diabetes,de,19,19,51,0.7621618019458885
diabetes,de,19,19,52,0.7621618019458885
diabetes,de,19,19,53,0.7621618019458885
diabetes,de,19,19,54,0.7621618019458885
diabetes,de,19,19,55,0.7621618019458885
diabetes,de,19,19,56,0.7621618019458885
diabetes,de,19,19,57,0.7621618019458885
diabetes,de,19,19,58,0.7621618019458885
diabetes,de,19,19,59,0.7621618019458885
diabetes,de,19,19,60,0.7621618019458885
diabetes,de,19,19,61,0.7621618019458885
diabetes,de,19,19,62,0.7621618019458885
diabetes,de,19,19,63,0.7621618019458885
diabetes,de,19,19,64,0.7621618019458885
diabetes,de,19,19,65,0.7638677862188459
diabetes,de,19,19,66,0.7638677862188459
diabetes,de,19,19,67,0.7638677862188459
diabetes,de,19,19,68,0.7638677862188459
diabetes,de,19,19,69,0.7638677862188459
diabetes,de,19,19,70,0.7638677862188459
diabetes,de,19,19,71,0.7638677862188459
diabetes,de,19,19,72,0.7638677862188459
diabetes,de,19,19,73,0.7638677862188459
diabetes,de,19,19,74,0.7638677862188459
diabetes,de,19,19,75,0.7638677862188459
diabetes,de,19,19,76,0.7638677862188459
diabetes,de,19,19,77,0.7638677862188459
diabetes,de,19,19,78,0.7638677862188459
diabetes,de,19,19,79,0.7638677862188459
diabetes,de,19,19,80,0.7638677862188459
diabetes,de,19,19,81,0.7638677862188459
diabetes,de,19,19,82,0.7638677862188459
diabetes,de,19,19,83,0.7638677862188459
diabetes,de,19,19,84,0.7638677862188459
diabetes,de,19,19,85,0.7638677862188459
diabetes,de,19,19,86,0.7638677862188459
diabetes,de,19,19,87,0.7687191789950687
diabetes,de,19,19,88,0.7687191789950687
diabetes,de,19,19,89,0.7687191789950687
diabetes,de,19,19,90,0.7687191789950687
diabetes,de,19,19,91,0.7687191789950687
diabetes,de,19,19,92,0.7687191789950687
diabetes,de,19,19,93,0.7687191789950687
diabetes,de,19,19,94,0.7687191789950687
diabetes,de,19,19,95,0.7687191789950687
diabetes,de,19,19,96,0.7687191789950687
diabetes,de,19,19,97,0.7687191789950687
diabetes,de,19,19,98,0.7687191789950687
diabetes,de,19,19,99,0.7687191789950687
diabetes,de,19,19,100,0.7687191789950687
diabetes,ga,19,19,1,0.7573104091696655
diabetes,ga,19,19,2,0.7573104091696655
diabetes,ga,19,19,3,0.7573104091696655
diabetes,ga,19,19,4,0.7573104091696655
diabetes,ga,19,19,5,0.7573104091696655
diabetes,ga,19,19,6,0.7573104091696655
diabetes,ga,19,19,7,0.7589364254298281
diabetes,ga,19,19,8,0.7605624416899907
diabetes,ga,19,19,9,0.7605624416899907
diabetes,ga,19,19,10,0.7605624416899907
diabetes,ga,19,19,11,0.7605624416899907
diabetes,ga,19,19,12,0.7605624416899907
diabetes,ga,19,19,13,0.7605624416899907
diabetes,ga,19,19,14,0.7605624416899907
diabetes,ga,19,19,15,0.7605624416899907
diabetes,ga,19,19,16,0.7605624416899907
diabetes,ga,19,19,17,0.7605624416899907
diabetes,ga,19,19,18,0.7605757696921231
diabetes,ga,19,19,19,0.7605757696921231
diabetes,ga,19,19,20,0.7605757696921231
diabetes,ga,19,19,21,0.7605757696921231
diabetes,ga,19,19,22,0.7605757696921231
diabetes,ga,19,19,23,0.7605757696921231
diabetes,ga,19,19,24,0.7605757696921231
diabetes,ga,19,19,25,0.7605757696921231
diabetes,ga,19,19,26,0.7605757696921231
diabetes,ga,19,19,27,0.7605757696921231
diabetes,ga,19,19,28,0.7605757696921231
diabetes,ga,19,19,29,0.7605757696921231
diabetes,ga,19,19,30,0.7605757696921231
diabetes,ga,19,19,31,0.7605757696921231
diabetes,ga,19,19,32,0.7605757696921231
diabetes,ga,19,19,33,0.7605757696921231
diabetes,ga,19,19,34,0.7605757696921231
diabetes,ga,19,19,35,0.7605757696921231
diabetes,ga,19,19,36,0.7605757696921231
diabetes,ga,19,19,37,0.7622017859522857
diabetes,ga,19,19,38,0.7622017859522857
diabetes,ga,19,19,39,0.7622017859522857
diabetes,ga,19,19,40,0.7622017859522857
diabetes,ga,19,19,41,0.7622017859522857
diabetes,ga,19,19,42,0.7622017859522857
diabetes,ga,19,19,43,0.7622017859522857
diabetes,ga,19,19,44,0.7638411302145809
diabetes,ga,19,19,45,0.7638411302145809
diabetes,ga,19,19,46,0.7638411302145809
diabetes,ga,19,19,47,0.7638411302145809
diabetes,ga,19,19,48,0.7638411302145809
diabetes,ga,19,19,49,0.7638411302145809
diabetes,ga,19,19,50,0.7638411302145809
diabetes,ga,19,19,51,0.7638411302145809
diabetes,ga,19,19,52,0.7638411302145809
diabetes,ga,19,19,53,0.7638411302145809
diabetes,ga,19,19,54,0.7638411302145809
diabetes,ga,19,19,55,0.7638411302145809
diabetes,ga,19,19,56,0.7638411302145809
diabetes,ga,19,19,57,0.7638411302145809
diabetes,ga,19,19,58,0.7638411302145809
diabetes,ga,19,19,59,0.7638411302145809
diabetes,ga,19,19,60,0.7638411302145809
diabetes,ga,19,19,61,0.7638411302145809
diabetes,ga,19,19,62,0.7638411302145809
diabetes,ga,19,19,63,0.7638411302145809
diabetes,ga,19,19,64,0.7638411302145809
diabetes,ga,19,19,65,0.7638411302145809
diabetes,ga,19,19,66,0.7638411302145809
diabetes,ga,19,19,67,0.7638411302145809
diabetes,ga,19,19,68,0.7638411302145809
diabetes,ga,19,19,69,0.7638411302145809
diabetes,ga,19,19,70,0.7638411302145809
diabetes,ga,19,19,71,0.7638411302145809
diabetes,ga,19,19,72,0.7638411302145809
diabetes,ga,19,19,73,0.7638411302145809
diabetes,ga,19,19,74,0.7638411302145809
diabetes,ga,19,19,75,0.7638411302145809
diabetes,ga,19,19,76,0.7638411302145809
diabetes,ga,19,19,77,0.7638411302145809
diabetes,ga,19,19,78,0.7654671464747435
diabetes,ga,19,19,79,0.7654671464747435
diabetes,ga,19,19,80,0.7654671464747435
diabetes,ga,19,19,81,0.7654671464747435
diabetes,ga,19,19,82,0.7654671464747435
diabetes,ga,19,19,83,0.7654671464747435
diabetes,ga,19,19,84,0.7654671464747435
diabetes,ga,19,19,85,0.7654671464747435
diabetes,ga,19,19,86,0.7654671464747435
diabetes,ga,19,19,87,0.7654671464747435
diabetes,ga,19,19,88,0.7654671464747435
diabetes,ga,19,19,89,0.7654671464747435
diabetes,ga,19,19,90,0.7654671464747435
diabetes,ga,19,19,91,0.7654671464747435
diabetes,ga,19,19,92,0.7654671464747435
diabetes,ga,19,19,93,0.7654671464747435
diabetes,ga,19,19,94,0.7654671464747435
diabetes,ga,19,19,95,0.7654671464747435
diabetes,ga,19,19,96,0.7654671464747435
diabetes,ga,19,19,97,0.7654671464747435
diabetes,ga,19,19,98,0.7654671464747435
diabetes,ga,19,19,99,0.7654671464747435
diabetes,ga,19,19,100,0.7654671464747435
diabetes,sa,19,19,1,0.6823403971744636
diabetes,sa,19,19,2,0.6823403971744636
diabetes,sa,19,19,3,0.6823403971744636
diabetes,sa,19,19,4,0.6823403971744636
diabetes,sa,19,19,5,0.6823403971744636
diabetes,sa,19,19,6,0.6823403971744636
diabetes,sa,19,19,7,0.6823403971744636
diabetes,sa,19,19,8,0.6823403971744636
diabetes,sa,19,19,9,0.6823403971744636
diabetes,sa,19,19,10,0.6823403971744636
diabetes,sa,19,19,11,0.6823403971744636
diabetes,sa,19,19,12,0.6823403971744636
diabetes,sa,19,19,13,0.6823403971744636
diabetes,sa,19,19,14,0.6823403971744636
diabetes,sa,19,19,15,0.6823403971744636
diabetes,sa,19,19,16,0.6823403971744636
diabetes,sa,19,19,17,0.6823403971744636
diabetes,sa,19,19,18,0.6823403971744636
diabetes,sa,19,19,19,0.6823537251765959
diabetes,sa,19,19,20,0.6823537251765959
diabetes,sa,19,19,21,0.6856057576969212
diabetes,sa,19,19,22,0.6856057576969212
diabetes,sa,19,19,23,0.6986538717846196
diabetes,sa,19,19,24,0.7002399040383847
diabetes,sa,19,19,25,0.7426629348260696
diabetes,sa,19,19,26,0.7426629348260696
diabetes,sa,19,19,27,0.7426629348260696
diabetes,sa,19,19,28,0.7426629348260696
diabetes,sa,19,19,29,0.7426629348260696
diabetes,sa,19,19,30,0.7540850326536053
diabetes,sa,19,19,31,0.7589630814340931
diabetes,sa,19,19,32,0.7589630814340931
diabetes,sa,19,19,33,0.7589630814340931
diabetes,sa,19,19,34,0.7589630814340931
diabetes,sa,19,19,35,0.7589630814340931
diabetes,sa,19,19,36,0.7589630814340931
diabetes,sa,19,19,37,0.7589630814340931
diabetes,sa,19,19,38,0.7589630814340931
diabetes,sa,19,19,39,0.7589630814340931
diabetes,sa,19,19,40,0.7589630814340931
diabetes,sa,19,19,41,0.7589630814340931
diabetes,sa,19,19,42,0.7589630814340931
diabetes,sa,19,19,43,0.7589630814340931
diabetes,sa,19,19,44,0.7589630814340931
diabetes,sa,19,19,45,0.7589630814340931
diabetes,sa,19,19,46,0.7589630814340931
diabetes,sa,19,19,47,0.7589630814340931
diabetes,sa,19,19,48,0.7589630814340931
diabetes,sa,19,19,49,0.7589630814340931
diabetes,sa,19,19,50,0.7589630814340931
diabetes,sa,19,19,51,0.7589630814340931
diabetes,sa,19,19,52,0.7589630814340931
diabetes,sa,19,19,53,0.7589630814340931
diabetes,sa,19,19,54,0.7605491136878582
diabetes,sa,19,19,55,0.7605491136878582
diabetes,sa,19,19,56,0.7605491136878582
diabetes,sa,19,19,57,0.7605491136878582
diabetes,sa,19,19,58,0.7605491136878582
diabetes,sa,19,19,59,0.7605491136878582
diabetes,sa,19,19,60,0.7605491136878582
diabetes,sa,19,19,61,0.7605491136878582
diabetes,sa,19,19,62,0.7605491136878582
diabetes,sa,19,19,63,0.7605491136878582
diabetes,sa,19,19,64,0.7605491136878582
diabetes,sa,19,19,65,0.7605491136878582
diabetes,sa,19,19,66,0.7605491136878582
diabetes,sa,19,19,67,0.7605491136878582
diabetes,sa,19,19,68,0.7605491136878582
diabetes,sa,19,19,69,0.7605757696921231
diabetes,sa,19,19,70,0.7605757696921231
diabetes,sa,19,19,71,0.7605757696921231
diabetes,sa,19,19,72,0.7605757696921231
diabetes,sa,19,19,73,0.7605757696921231
diabetes,sa,19,19,74,0.7605757696921231
diabetes,sa,19,19,75,0.7605757696921231
diabetes,sa,19,19,76,0.7605757696921231
diabetes,sa,19,19,77,0.7605757696921231
diabetes,sa,19,19,78,0.7605757696921231
diabetes,sa,19,19,79,0.7605757696921231
diabetes,sa,19,19,80,0.7605757696921231
diabetes,sa,19,19,81,0.7605757696921231
diabetes,sa,19,19,82,0.7605757696921231
diabetes,sa,19,19,83,0.7605757696921231
diabetes,sa,19,19,84,0.7605757696921231
diabetes,sa,19,19,85,0.7605757696921231
diabetes,sa,19,19,86,0.7605757696921231
diabetes,sa,19,19,87,0.7605757696921231
diabetes,sa,19,19,88,0.7605757696921231
diabetes,sa,19,19,89,0.7605757696921231
diabetes,sa,19,19,90,0.7605757696921231
diabetes,sa,19,19,91,0.7605757696921231
diabetes,sa,19,19,92,0.7605757696921231
diabetes,sa,19,19,93,0.7605757696921231
diabetes,sa,19,19,94,0.7605757696921231
diabetes,sa,19,19,95,0.7605757696921231
diabetes,sa,19,19,96,0.7605757696921231
diabetes,sa,19,19,97,0.7605757696921231
diabetes,sa,19,19,98,0.7605757696921231
diabetes,sa,19,19,99,0.7605757696921231
diabetes,sa,19,19,100,0.7605757696921231
diabetes,grid,20,20,1,0.6514727442356391
diabetes,grid,20,20,2,0.6514727442356391
diabetes,grid,20,20,3,0.6514727442356391
diabetes,grid,20,20,4,0.6514727442356391
diabetes,grid,20,20,5,0.6514727442356391
diabetes,grid,20,20,6,0.6514727442356391
diabetes,grid,20,20,7,0.6514727442356391
diabetes,grid,20,20,8,0.6514727442356391
diabetes,grid,20,20,9,0.6514727442356391
diabetes,grid,20,20,10,0.6514727442356391
diabetes,grid,20,20,11,0.6514727442356391
diabetes,grid,20,20,12,0.6514727442356391
diabetes,grid,20,20,13,0.6514727442356391
diabetes,grid,20,20,14,0.6514727442356391
diabetes,grid,20,20,15,0.6530987604958016
diabetes,grid,20,20,16,0.7573370651739304
diabetes,grid,20,20,17,0.7573370651739304
diabetes,grid,20,20,18,0.7573370651739304
diabetes,grid,20,20,19,0.7573370651739304
diabetes,grid,20,20,20,0.7573370651739304
diabetes,grid,20,20,21,0.7573370651739304
diabetes,grid,20,20,22,0.7573370651739304
diabetes,grid,20,20,23,0.7573370651739304
diabetes,grid,20,20,24,0.7573370651739304
diabetes,grid,20,20,25,0.7622550979608157
diabetes,grid,20,20,26,0.7736505397840863
diabetes,grid,20,20,27,0.7736505397840863
diabetes,grid,20,20,28,0.7736505397840863
diabetes,grid,20,20,29,0.7736505397840863
diabetes,grid,20,20,30,0.7736505397840863
diabetes,grid,20,20,31,0.7736505397840863
diabetes,grid,20,20,32,0.7736505397840863
diabetes,grid,20,20,33,0.7736505397840863
diabetes,grid,20,20,34,0.7736505397840863
diabetes,grid,20,20,35,0.7736505397840863
diabetes,grid,20,20,36,0.7736505397840863
diabetes,grid,20,20,37,0.7736505397840863
diabetes,grid,20,20,38,0.7736505397840863
diabetes,grid,20,20,39,0.7736505397840863
diabetes,grid,20,20,40,0.7736505397840863
diabetes,grid,20,20,41,0.7736505397840863
diabetes,grid,20,20,42,0.7736505397840863
diabetes,grid,20,20,43,0.7736505397840863
diabetes,grid,20,20,44,0.7736505397840863
diabetes,grid,20,20,45,0.7769025723044115
diabetes,grid,20,20,46,0.7769025723044115
diabetes,grid,20,20,47,0.7769025723044115
diabetes,grid,20,20,48,0.7769025723044115
diabetes,grid,20,20,49,0.7769025723044115
diabetes,grid,20,20,50,0.7769025723044115
diabetes,grid,20,20,51,0.7769025723044115
diabetes,grid,20,20,52,0.7769025723044115
diabetes,grid,20,20,53,0.7769025723044115
diabetes,grid,20,20,54,0.7769025723044115
diabetes,grid,20,20,55,0.7769025723044115
diabetes,grid,20,20,56,0.7769025723044115
diabetes,grid,20,20,57,0.7769025723044115
diabetes,grid,20,20,58,0.7769025723044115
diabetes,grid,20,20,59,0.7769025723044115
diabetes,grid,20,20,60,0.7769025723044115
diabetes,grid,20,20,61,0.7769025723044115
diabetes,grid,20,20,62,0.7769025723044115
diabetes,grid,20,20,63,0.7769025723044115
diabetes,grid,20,20,64,0.7769025723044115
diabetes,grid,20,20,65,0.7769025723044115
diabetes,grid,20,20,66,0.7769025723044115
diabetes,grid,20,20,67,0.7769025723044115
diabetes,grid,20,20,68,0.7769025723044115
diabetes,grid,20,20,69,0.7769025723044115
diabetes,grid,20,20,70,0.7769025723044115
diabetes,grid,20,20,71,0.7769025723044115
diabetes,grid,20,20,72,0.7769025723044115
diabetes,grid,20,20,73,0.7769025723044115
diabetes,grid,20,20,74,0.7769025723044115
diabetes,grid,20,20,75,0.7769025723044115
diabetes,grid,20,20,76,0.7769025723044115
diabetes,grid,20,20,77,0.7769025723044115
diabetes,grid,20,20,78,0.7769025723044115
diabetes,grid,20,20,79,0.7769025723044115
diabetes,grid,20,20,80,0.7769025723044115
diabetes,grid,20,20,81,0.7769025723044115
diabetes,grid,20,20,82,0.7769025723044115
diabetes,grid,20,20,83,0.7769025723044115
diabetes,grid,20,20,84,0.7769025723044115
diabetes,grid,20,20,85,0.7769025723044115
diabetes,grid,20,20,86,0.7769025723044115
diabetes,grid,20,20,87,0.7769025723044115
diabetes,grid,20,20,88,0.7769025723044115
diabetes,grid,20,20,89,0.7769025723044115
diabetes,grid,20,20,90,0.7769025723044115
diabetes,grid,20,20,91,0.7769025723044115
diabetes,grid,20,20,92,0.7769025723044115
diabetes,grid,20,20,93,0.7769025723044115
diabetes,grid,20,20,94,0.7769025723044115
diabetes,grid,20,20,95,0.7769025723044115
diabetes,grid,20,20,96,0.7769025723044115
diabetes,grid,20,20,97,0.7769025723044115
diabetes,grid,20,20,98,0.7769025723044115
diabetes,grid,20,20,99,0.7769025723044115
diabetes,grid,20,20,100,0.7769025723044115
diabetes,random,20,20,1,0.7101159536185525
diabetes,random,20,20,2,0.7540717046514728
diabetes,random,20,20,3,0.7605757696921231
diabetes,random,20,20,4,0.7605757696921231
diabetes,random,20,20,5,0.7605757696921231
diabetes,random,20,20,6,0.7605757696921231
diabetes,random,20,20,7,0.7605757696921231
diabetes,random,20,20,8,0.7605757696921231
diabetes,random,20,20,9,0.7605757696921231
diabetes,random,20,20,10,0.7605757696921231
diabetes,random,20,20,11,0.7605757696921231
diabetes,random,20,20,12,0.7605757696921231
diabetes,random,20,20,13,0.7671331467413035
diabetes,random,20,20,14,0.7671331467413035
diabetes,random,20,20,15,0.7703985072637611
diabetes,random,20,20,16,0.7703985072637611
diabetes,random,20,20,17,0.7703985072637611
diabetes,random,20,20,18,0.7703985072637611
diabetes,random,20,20,19,0.7703985072637611
diabetes,random,20,20,20,0.7703985072637611
diabetes,random,20,20,21,0.7720245235239237
diabetes,random,20,20,22,0.7720245235239237
diabetes,random,20,20,23,0.7720245235239237
diabetes,random,20,20,24,0.7720245235239237
diabetes,random,20,20,25,0.7720245235239237
diabetes,random,20,20,26,0.7720245235239237
diabetes,random,20,20,27,0.7769025723044116
diabetes,random,20,20,28,0.7769025723044116
diabetes,random,20,20,29,0.7769025723044116
diabetes,random,20,20,30,0.7769025723044116
diabetes,random,20,20,31,0.7769025723044116
diabetes,random,20,20,32,0.7769025723044116
diabetes,random,20,20,33,0.7769025723044116
diabetes,random,20,20,34,0.7769025723044116
diabetes,random,20,20,35,0.7769025723044116
diabetes,random,20,20,36,0.7769025723044116
diabetes,random,20,20,37,0.7769025723044116
diabetes,random,20,20,38,0.7769025723044116
diabetes,random,20,20,39,0.7769025723044116
diabetes,random,20,20,40,0.7769025723044116
diabetes,random,20,20,41,0.7769025723044116
diabetes,random,20,20,42,0.7769025723044116
diabetes,random,20,20,43,0.7769025723044116
diabetes,random,20,20,44,0.7769025723044116
diabetes,random,20,20,45,0.7769025723044116
diabetes,random,20,20,46,0.7769025723044116
diabetes,random,20,20,47,0.7769025723044116
diabetes,random,20,20,48,0.7769025723044116
diabetes,random,20,20,49,0.7769025723044116
diabetes,random,20,20,50,0.7769025723044116
diabetes,random,20,20,51,0.7769025723044116
diabetes,random,20,20,52,0.7769025723044116
diabetes,random,20,20,53,0.7769025723044116
diabetes,random,20,20,54,0.7769025723044116
diabetes,random,20,20,55,0.7769025723044116
diabetes,random,20,20,56,0.7769025723044116
diabetes,random,20,20,57,0.7769025723044116
diabetes,random,20,20,58,0.7769025723044116
diabetes,random,20,20,59,0.7769025723044116
diabetes,random,20,20,60,0.7769025723044116
diabetes,random,20,20,61,0.7769025723044116
diabetes,random,20,20,62,0.7769025723044116
diabetes,random,20,20,63,0.7769025723044116
diabetes,random,20,20,64,0.7769025723044116
diabetes,random,20,20,65,0.7769025723044116
diabetes,random,20,20,66,0.7769025723044116
diabetes,random,20,20,67,0.7769025723044116
diabetes,random,20,20,68,0.7769025723044116
diabetes,random,20,20,69,0.7769025723044116
diabetes,random,20,20,70,0.7769025723044116
diabetes,random,20,20,71,0.7769025723044116
diabetes,random,20,20,72,0.7769025723044116
diabetes,random,20,20,73,0.7769025723044116
diabetes,random,20,20,74,0.7769025723044116
diabetes,random,20,20,75,0.7769025723044116
diabetes,random,20,20,76,0.7769025723044116
diabetes,random,20,20,77,0.7769025723044116
diabetes,random,20,20,78,0.7769025723044116
diabetes,random,20,20,79,0.7769025723044116
diabetes,random,20,20,80,0.7769025723044116
diabetes,random,20,20,81,0.7769025723044116
diabetes,random,20,20,82,0.7769025723044116
diabetes,random,20,20,83,0.7769025723044116
diabetes,random,20,20,84,0.7769025723044116
diabetes,random,20,20,85,0.7769025723044116
diabetes,random,20,20,86,0.7769025723044116
diabetes,random,20,20,87,0.7769025723044116
diabetes,random,20,20,88,0.7769025723044116
diabetes,random,20,20,89,0.7769025723044116
diabetes,random,20,20,90,0.7769025723044116
diabetes,random,20,20,91,0.7769025723044116
diabetes,random,20,20,92,0.7769025723044116
diabetes,random,20,20,93,0.7769025723044116
diabetes,random,20,20,94,0.7769025723044116
diabetes,random,20,20,95,0.7769025723044116
diabetes,random,20,20,96,0.7769025723044116
diabetes,random,20,20,97,0.7769025723044116
diabetes,random,20,20,98,0.7769025723044116
diabetes,random,20,20,99,0.7769025723044116
diabetes,random,20,20,100,0.7769025723044116
diabetes,bo_tpe,20,20,1,0.7101159536185525
diabetes,bo_tpe,20,20,2,0.7540717046514728
diabetes,bo_tpe,20,20,3,0.7605757696921231
diabetes,bo_tpe,20,20,4,0.7605757696921231
diabetes,bo_tpe,20,20,5,0.7605757696921231
diabetes,bo_tpe,20,20,6,0.7605757696921231
diabetes,bo_tpe,20,20,7,0.7605757696921231
diabetes,bo_tpe,20,20,8,0.7605757696921231
diabetes,bo_tpe,20,20,9,0.7605757696921231
diabetes,bo_tpe,20,20,10,0.7605757696921231
diabetes,bo_tpe,20,20,11,0.7605757696921231
diabetes,bo_tpe,20,20,12,0.7605757696921231
diabetes,bo_tpe,20,20,13,0.7605757696921231
diabetes,bo_tpe,20,20,14,0.7605757696921231
diabetes,bo_tpe,20,20,15,0.7654938024790084
diabetes,bo_tpe,20,20,16,0.7654938024790084
diabetes,bo_tpe,20,20,17,0.7654938024790084
diabetes,bo_tpe,20,20,18,0.7654938024790084
diabetes,bo_tpe,20,20,19,0.7654938024790084
diabetes,bo_tpe,20,20,20,0.7671331467413035
diabetes,bo_tpe,20,20,21,0.7736638677862187
diabetes,bo_tpe,20,20,22,0.7736638677862187
diabetes,bo_tpe,20,20,23,0.7736638677862187
diabetes,bo_tpe,20,20,24,0.7736638677862187
diabetes,bo_tpe,20,20,25,0.7736638677862187
diabetes,bo_tpe,20,20,26,0.7736638677862187
diabetes,bo_tpe,20,20,27,0.7736638677862187
diabetes,bo_tpe,20,20,28,0.7736638677862187
diabetes,bo_tpe,20,20,29,0.7736638677862187
diabetes,bo_tpe,20,20,30,0.7736638677862187
diabetes,bo_tpe,20,20,31,0.7736638677862187
diabetes,bo_tpe,20,20,32,0.7736638677862187
diabetes,bo_tpe,20,20,33,0.7736638677862187
diabetes,bo_tpe,20,20,34,0.7752765560442489
diabetes,bo_tpe,20,20,35,0.7752765560442489
diabetes,bo_tpe,20,20,36,0.7752765560442489
diabetes,bo_tpe,20,20,37,0.7752765560442489
diabetes,bo_tpe,20,20,38,0.7752765560442489
diabetes,bo_tpe,20,20,39,0.7752765560442489
diabetes,bo_tpe,20,20,40,0.7752765560442489
diabetes,bo_tpe,20,20,41,0.7752765560442489
diabetes,bo_tpe,20,20,42,0.7752765560442489
diabetes,bo_tpe,20,20,43,0.7752765560442489
diabetes,bo_tpe,20,20,44,0.7752765560442489
diabetes,bo_tpe,20,20,45,0.7752765560442489
diabetes,bo_tpe,20,20,46,0.7752765560442489
diabetes,bo_tpe,20,20,47,0.7752765560442489
diabetes,bo_tpe,20,20,48,0.7752765560442489
diabetes,bo_tpe,20,20,49,0.7752765560442489
diabetes,bo_tpe,20,20,50,0.7752765560442489
diabetes,bo_tpe,20,20,51,0.7752765560442489
diabetes,bo_tpe,20,20,52,0.7752765560442489
diabetes,bo_tpe,20,20,53,0.7752765560442489
diabetes,bo_tpe,20,20,54,0.7752765560442489
diabetes,bo_tpe,20,20,55,0.7752765560442489
diabetes,bo_tpe,20,20,56,0.7752765560442489
diabetes,bo_tpe,20,20,57,0.7752765560442489
diabetes,bo_tpe,20,20,58,0.7752765560442489
diabetes,bo_tpe,20,20,59,0.7752765560442489
diabetes,bo_tpe,20,20,60,0.7752765560442489
diabetes,bo_tpe,20,20,61,0.7752765560442489
diabetes,bo_tpe,20,20,62,0.7752765560442489
diabetes,bo_tpe,20,20,63,0.7752765560442489
diabetes,bo_tpe,20,20,64,0.7752765560442489
diabetes,bo_tpe,20,20,65,0.7752765560442489
diabetes,bo_tpe,20,20,66,0.7752765560442489
diabetes,bo_tpe,20,20,67,0.7752765560442489
diabetes,bo_tpe,20,20,68,0.7752765560442489
diabetes,bo_tpe,20,20,69,0.7752765560442489
diabetes,bo_tpe,20,20,70,0.7752765560442489
diabetes,bo_tpe,20,20,71,0.7752765560442489
diabetes,bo_tpe,20,20,72,0.7752765560442489
diabetes,bo_tpe,20,20,73,0.7752765560442489
diabetes,bo_tpe,20,20,74,0.7752765560442489
diabetes,bo_tpe,20,20,75,0.7752765560442489
diabetes,bo_tpe,20,20,76,0.7752765560442489
diabetes,bo_tpe,20,20,77,0.7752765560442489
diabetes,bo_tpe,20,20,78,0.7752765560442489
diabetes,bo_tpe,20,20,79,0.7752765560442489
diabetes,bo_tpe,20,20,80,0.7752765560442489
diabetes,bo_tpe,20,20,81,0.7752765560442489
diabetes,bo_tpe,20,20,82,0.7752765560442489
diabetes,bo_tpe,20,20,83,0.7752765560442489
diabetes,bo_tpe,20,20,84,0.7752765560442489
diabetes,bo_tpe,20,20,85,0.7752765560442489
diabetes,bo_tpe,20,20,86,0.7752765560442489
diabetes,bo_tpe,20,20,87,0.7752765560442489
diabetes,bo_tpe,20,20,88,0.7752765560442489
diabetes,bo_tpe,20,20,89,0.7752765560442489
diabetes,bo_tpe,20,20,90,0.7752765560442489
diabetes,bo_tpe,20,20,91,0.7752765560442489
diabetes,bo_tpe,20,20,92,0.7752765560442489
diabetes,bo_tpe,20,20,93,0.7752765560442489
diabetes,bo_tpe,20,20,94,0.7752765560442489
diabetes,bo_tpe,20,20,95,0.7752765560442489
diabetes,bo_tpe,20,20,96,0.7752765560442489
diabetes,bo_tpe,20,20,97,0.7752765560442489
diabetes,bo_tpe,20,20,98,0.7752765560442489
diabetes,bo_tpe,20,20,99,0.7752765560442489
diabetes,bo_tpe,20,20,100,0.7752765560442489
diabetes,pso,20,20,1,0.7687724910035986
diabetes,pso,20,20,2,0.7687724910035986
diabetes,pso,20,20,3,0.7687724910035986
diabetes,pso,20,20,4,0.7687724910035986
diabetes,pso,20,20,5,0.7687724910035986
diabetes,pso,20,20,6,0.7687724910035986
diabetes,pso,20,20,7,0.7687724910035986
diabetes,pso,20,20,8,0.7687724910035986
diabetes,pso,20,20,9,0.7687724910035986
diabetes,pso,20,20,10,0.7752765560442489
diabetes,pso,20,20,11,0.7752765560442489
diabetes,pso,20,20,12,0.7752765560442489
diabetes,pso,20,20,13,0.7752765560442489
diabetes,pso,20,20,14,0.7752765560442489
diabetes,pso,20,20,15,0.7752765560442489
diabetes,pso,20,20,16,0.7769025723044115
diabetes,pso,20,20,17,0.7769025723044115
diabetes,pso,20,20,18,0.7769025723044115
diabetes,pso,20,20,19,0.7769025723044115
diabetes,pso,20,20,20,0.7769025723044115
diabetes,pso,20,20,21,0.7769025723044115
diabetes,pso,20,20,22,0.7769025723044115
diabetes,pso,20,20,23,0.7769025723044115
diabetes,pso,20,20,24,0.7769025723044115
diabetes,pso,20,20,25,0.7769025723044115
diabetes,pso,20,20,26,0.7769025723044115
diabetes,pso,20,20,27,0.7769025723044115
diabetes,pso,20,20,28,0.7769025723044115
diabetes,pso,20,20,29,0.7769025723044115
diabetes,pso,20,20,30,0.7769025723044115
diabetes,pso,20,20,31,0.7769025723044115
diabetes,pso,20,20,32,0.7769025723044115
diabetes,pso,20,20,33,0.7769025723044115
diabetes,pso,20,20,34,0.7769025723044115
diabetes,pso,20,20,35,0.7769025723044115
diabetes,pso,20,20,36,0.7769025723044115
diabetes,pso,20,20,37,0.7769025723044115
diabetes,pso,20,20,38,0.7769025723044115
diabetes,pso,20,20,39,0.7769025723044115
diabetes,pso,20,20,40,0.7769025723044115
diabetes,pso,20,20,41,0.7769025723044115
diabetes,pso,20,20,42,0.7769025723044115
diabetes,pso,20,20,43,0.7769025723044115
diabetes,pso,20,20,44,0.7769025723044115
diabetes,pso,20,20,45,0.7769025723044115
diabetes,pso,20,20,46,0.7769025723044115
diabetes,pso,20,20,47,0.7769025723044115
diabetes,pso,20,20,48,0.7769025723044115
diabetes,pso,20,20,49,0.7769025723044115
diabetes,pso,20,20,50,0.7769025723044115
diabetes,pso,20,20,51,0.7769025723044115
diabetes,pso,20,20,52,0.7769025723044115
diabetes,pso,20,20,53,0.7769025723044115
diabetes,pso,20,20,54,0.7769025723044115
diabetes,pso,20,20,55,0.7769025723044115
diabetes,pso,20,20,56,0.7769025723044115
diabetes,pso,20,20,57,0.7769025723044115
diabetes,pso,20,20,58,0.7769025723044115
diabetes,pso,20,20,59,0.7769025723044115
diabetes,pso,20,20,60,0.7769025723044115
diabetes,pso,20,20,61,0.7769025723044115
diabetes,pso,20,20,62,0.7769025723044115
diabetes,pso,20,20,63,0.7769025723044115
diabetes,pso,20,20,64,0.7769025723044115
diabetes,pso,20,20,65,0.7769025723044115
diabetes,pso,20,20,66,0.7769025723044115
diabetes,pso,20,20,67,0.7769025723044115
diabetes,pso,20,20,68,0.7769025723044115
diabetes,pso,20,20,69,0.7769025723044115
diabetes,pso,20,20,70,0.7769025723044115
diabetes,pso,20,20,71,0.7769025723044115
diabetes,pso,20,20,72,0.7769025723044115
diabetes,pso,20,20,73,0.7769025723044115
diabetes,pso,20,20,74,0.7769025723044115
diabetes,pso,20,20,75,0.7769025723044115
diabetes,pso,20,20,76,0.7769025723044115
diabetes,pso,20,20,77,0.7769025723044115
diabetes,pso,20,20,78,0.7769025723044115
diabetes,pso,20,20,79,0.7769025723044115
diabetes,pso,20,20,80,0.7769025723044115
diabetes,pso,20,20,81,0.7769025723044115
diabetes,pso,20,20,82,0.7769025723044115
diabetes,pso,20,20,83,0.7769025723044115
diabetes,pso,20,20,84,0.7769025723044115
diabetes,pso,20,20,85,0.7769025723044115
diabetes,pso,20,20,86,0.7769025723044115
diabetes,pso,20,20,87,0.7769025723044115
diabetes,pso,20,20,88,0.7769025723044115
diabetes,pso,20,20,89,0.7769025723044115
diabetes,pso,20,20,90,0.7769025723044115
diabetes,pso,20,20,91,0.7769025723044115
diabetes,pso,20,20,92,0.7769025723044115
diabetes,pso,20,20,93,0.7769025723044115
diabetes,pso,20,20,94,0.7769025723044115
diabetes,pso,20,20,95,0.7769025723044115
diabetes,pso,20,20,96,0.7769025723044115
diabetes,pso,20,20,97,0.7769025723044115
diabetes,pso,20,20,98,0.7769025723044115
diabetes,pso,20,20,99,0.7769025723044115
diabetes,pso,20,20,100,0.7769025723044115
diabetes,de,20,20,1,0.7687858190057311
diabetes,de,20,20,2,0.7687858190057311
diabetes,de,20,20,3,0.7687858190057311
diabetes,de,20,20,4,0.7687858190057311
diabetes,de,20,20,5,0.7687858190057311
diabetes,de,20,20,6,0.7687858190057311
diabetes,de,20,20,7,0.7687858190057311
diabetes,de,20,20,8,0.7687858190057311
diabetes,de,20,20,9,0.7687858190057311
diabetes,de,20,20,10,0.7687858190057311
diabetes,de,20,20,11,0.7687858190057311
diabetes,de,20,20,12,0.7687858190057311
diabetes,de,20,20,13,0.7687858190057311
diabetes,de,20,20,14,0.7687858190057311
diabetes,de,20,20,15,0.7687858190057311
diabetes,de,20,20,16,0.7687858190057311
diabetes,de,20,20,17,0.7687858190057311
diabetes,de,20,20,18,0.7687858190057311
diabetes,de,20,20,19,0.7687858190057311
diabetes,de,20,20,20,0.7687858190057311
diabetes,de,20,20,21,0.7703985072637611
diabetes,de,20,20,22,0.7703985072637611
diabetes,de,20,20,23,0.7703985072637611
diabetes,de,20,20,24,0.7703985072637611
diabetes,de,20,20,25,0.7703985072637611
diabetes,de,20,20,26,0.7703985072637611
diabetes,de,20,20,27,0.7752765560442489
diabetes,de,20,20,28,0.7752765560442489
diabetes,de,20,20,29,0.7752765560442489
diabetes,de,20,20,30,0.7752765560442489
diabetes,de,20,20,31,0.7752765560442489
diabetes,de,20,20,32,0.7752765560442489
diabetes,de,20,20,33,0.7752765560442489
diabetes,de,20,20,34,0.7752765560442489
diabetes,de,20,20,35,0.7752765560442489
diabetes,de,20,20,36,0.7752765560442489
diabetes,de,20,20,37,0.7752765560442489
diabetes,de,20,20,38,0.7752765560442489
diabetes,de,20,20,39,0.7752765560442489
diabetes,de,20,20,40,0.7752765560442489
diabetes,de,20,20,41,0.7752765560442489
diabetes,de,20,20,42,0.7752765560442489
diabetes,de,20,20,43,0.7752765560442489
diabetes,de,20,20,44,0.7752765560442489
diabetes,de,20,20,45,0.7752765560442489
diabetes,de,20,20,46,0.7752765560442489
diabetes,de,20,20,47,0.7752765560442489
diabetes,de,20,20,48,0.7752765560442489
diabetes,de,20,20,49,0.7752765560442489
diabetes,de,20,20,50,0.7752765560442489
diabetes,de,20,20,51,0.7752765560442489
diabetes,de,20,20,52,0.7752765560442489
diabetes,de,20,20,53,0.7752765560442489
diabetes,de,20,20,54,0.7752765560442489
diabetes,de,20,20,55,0.7752765560442489
diabetes,de,20,20,56,0.7752765560442489
diabetes,de,20,20,57,0.7752765560442489
diabetes,de,20,20,58,0.7752765560442489
diabetes,de,20,20,59,0.7752765560442489
diabetes,de,20,20,60,0.7752765560442489
diabetes,de,20,20,61,0.7752765560442489
diabetes,de,20,20,62,0.7752765560442489
diabetes,de,20,20,63,0.7752765560442489
diabetes,de,20,20,64,0.7752765560442489
diabetes,de,20,20,65,0.7752765560442489
diabetes,de,20,20,66,0.7752765560442489
diabetes,de,20,20,67,0.7752765560442489
diabetes,de,20,20,68,0.7752765560442489
diabetes,de,20,20,69,0.7752765560442489
diabetes,de,20,20,70,0.7752765560442489
diabetes,de,20,20,71,0.7752765560442489
diabetes,de,20,20,72,0.7752765560442489
diabetes,de,20,20,73,0.7752765560442489
diabetes,de,20,20,74,0.7752765560442489
diabetes,de,20,20,75,0.7752765560442489
diabetes,de,20,20,76,0.7752765560442489
diabetes,de,20,20,77,0.7752765560442489
diabetes,de,20,20,78,0.7752765560442489
diabetes,de,20,20,79,0.7752765560442489
diabetes,de,20,20,80,0.7752765560442489
diabetes,de,20,20,81,0.7752765560442489
diabetes,de,20,20,82,0.7752765560442489
diabetes,de,20,20,83,0.7752765560442489
diabetes,de,20,20,84,0.7752765560442489
diabetes,de,20,20,85,0.7752765560442489
diabetes,de,20,20,86,0.7752765560442489
diabetes,de,20,20,87,0.7769025723044115
diabetes,de,20,20,88,0.7769025723044115
diabetes,de,20,20,89,0.7769025723044115
diabetes,de,20,20,90,0.7769025723044115
diabetes,de,20,20,91,0.7769025723044115
diabetes,de,20,20,92,0.7769025723044115
diabetes,de,20,20,93,0.7769025723044115
diabetes,de,20,20,94,0.7769025723044115
diabetes,de,20,20,95,0.7769025723044115
diabetes,de,20,20,96,0.7769025723044115
diabetes,de,20,20,97,0.7769025723044115
diabetes,de,20,20,98,0.7769025723044115
diabetes,de,20,20,99,0.7769025723044115
diabetes,de,20,20,100,0.7769025723044115
diabetes,ga,20,20,1,0.7687858190057311
diabetes,ga,20,20,2,0.7687858190057311
diabetes,ga,20,20,3,0.7687858190057311
diabetes,ga,20,20,4,0.7687858190057311
diabetes,ga,20,20,5,0.7687858190057311
diabetes,ga,20,20,6,0.7687858190057311
diabetes,ga,20,20,7,0.7687858190057311
diabetes,ga,20,20,8,0.7687858190057311
diabetes,ga,20,20,9,0.7687858190057311
diabetes,ga,20,20,10,0.7687858190057311
diabetes,ga,20,20,11,0.7687858190057311
diabetes,ga,20,20,12,0.7687858190057311
diabetes,ga,20,20,13,0.7687858190057311
diabetes,ga,20,20,14,0.7687858190057311
diabetes,ga,20,20,15,0.7687858190057311
diabetes,ga,20,20,16,0.7687858190057311
diabetes,ga,20,20,17,0.7687858190057311
diabetes,ga,20,20,18,0.7687858190057311
diabetes,ga,20,20,19,0.7687858190057311
diabetes,ga,20,20,20,0.7687858190057311
diabetes,ga,20,20,21,0.7687858190057311
diabetes,ga,20,20,22,0.7687858190057311
diabetes,ga,20,20,23,0.7687858190057311
diabetes,ga,20,20,24,0.7720245235239237
diabetes,ga,20,20,25,0.7720245235239237
diabetes,ga,20,20,26,0.7720245235239237
diabetes,ga,20,20,27,0.7720245235239237
diabetes,ga,20,20,28,0.7720245235239237
diabetes,ga,20,20,29,0.7720245235239237
diabetes,ga,20,20,30,0.7720245235239237
diabetes,ga,20,20,31,0.7720245235239237
diabetes,ga,20,20,32,0.7720245235239237
diabetes,ga,20,20,33,0.7720245235239237
diabetes,ga,20,20,34,0.7720245235239237
diabetes,ga,20,20,35,0.7720245235239237
diabetes,ga,20,20,36,0.7720245235239237
diabetes,ga,20,20,37,0.7720245235239237
diabetes,ga,20,20,38,0.7720245235239237
diabetes,ga,20,20,39,0.7720245235239237
diabetes,ga,20,20,40,0.7720245235239237
diabetes,ga,20,20,41,0.7720245235239237
diabetes,ga,20,20,42,0.7720245235239237
diabetes,ga,20,20,43,0.7720245235239238
diabetes,ga,20,20,44,0.7720245235239238
diabetes,ga,20,20,45,0.7720245235239238
diabetes,ga,20,20,46,0.7720245235239238
diabetes,ga,20,20,47,0.7720245235239238
diabetes,ga,20,20,48,0.7720378515260563
diabetes,ga,20,20,49,0.7720378515260563
diabetes,ga,20,20,50,0.7720378515260563
diabetes,ga,20,20,51,0.7720378515260563
diabetes,ga,20,20,52,0.7720378515260563
diabetes,ga,20,20,53,0.7720378515260563
diabetes,ga,20,20,54,0.7720378515260563
diabetes,ga,20,20,55,0.7720378515260563
diabetes,ga,20,20,56,0.7720378515260563
diabetes,ga,20,20,57,0.7720378515260563
diabetes,ga,20,20,58,0.7720378515260563
diabetes,ga,20,20,59,0.7720378515260563
diabetes,ga,20,20,60,0.7720378515260563
diabetes,ga,20,20,61,0.7720378515260563
diabetes,ga,20,20,62,0.7720378515260563
diabetes,ga,20,20,63,0.7720378515260563
diabetes,ga,20,20,64,0.7720378515260563
diabetes,ga,20,20,65,0.7720378515260563
diabetes,ga,20,20,66,0.7720378515260563
diabetes,ga,20,20,67,0.7720378515260563
diabetes,ga,20,20,68,0.7720378515260563
diabetes,ga,20,20,69,0.7720378515260563
diabetes,ga,20,20,70,0.7720378515260563
diabetes,ga,20,20,71,0.7720378515260563
diabetes,ga,20,20,72,0.7769025723044115
diabetes,ga,20,20,73,0.7769025723044115
diabetes,ga,20,20,74,0.7769025723044115
diabetes,ga,20,20,75,0.7769025723044115
diabetes,ga,20,20,76,0.7769025723044115
diabetes,ga,20,20,77,0.7769025723044115
diabetes,ga,20,20,78,0.7769025723044115
diabetes,ga,20,20,79,0.7769025723044115
diabetes,ga,20,20,80,0.7769025723044115
diabetes,ga,20,20,81,0.7769025723044115
diabetes,ga,20,20,82,0.7769025723044115
diabetes,ga,20,20,83,0.7769025723044115
diabetes,ga,20,20,84,0.7769025723044115
diabetes,ga,20,20,85,0.7769025723044115
diabetes,ga,20,20,86,0.7769025723044115
diabetes,ga,20,20,87,0.7769025723044115
diabetes,ga,20,20,88,0.7769025723044115
diabetes,ga,20,20,89,0.7769025723044115
diabetes,ga,20,20,90,0.7769025723044115
diabetes,ga,20,20,91,0.7769025723044115
diabetes,ga,20,20,92,0.7769025723044115
diabetes,ga,20,20,93,0.7769025723044115
diabetes,ga,20,20,94,0.7769025723044115
diabetes,ga,20,20,95,0.7769025723044115
diabetes,ga,20,20,96,0.7769025723044115
diabetes,ga,20,20,97,0.7769025723044115
diabetes,ga,20,20,98,0.7769025723044115
diabetes,ga,20,20,99,0.7769025723044115
diabetes,ga,20,20,100,0.7769025723044115
diabetes,sa,20,20,1,0.7101159536185525
diabetes,sa,20,20,2,0.7101159536185525
diabetes,sa,20,20,3,0.7101159536185525
diabetes,sa,20,20,4,0.7101159536185525
diabetes,sa,20,20,5,0.7101159536185525
diabetes,sa,20,20,6,0.7101159536185525
diabetes,sa,20,20,7,0.7101159536185525
diabetes,sa,20,20,8,0.7101159536185525
diabetes,sa,20,20,9,0.7101159536185525
diabetes,sa,20,20,10,0.7101159536185525
diabetes,sa,20,20,11,0.7101159536185525
diabetes,sa,20,20,12,0.7101159536185525
diabetes,sa,20,20,13,0.7101159536185525
diabetes,sa,20,20,14,0.7101159536185525
diabetes,sa,20,20,15,0.7101159536185525
diabetes,sa,20,20,16,0.7101159536185525
diabetes,sa,20,20,17,0.7101159536185525
diabetes,sa,20,20,18,0.7101159536185525
diabetes,sa,20,20,19,0.7101159536185525
diabetes,sa,20,20,20,0.7101159536185525
diabetes,sa,20,20,21,0.7556843929095028
diabetes,sa,20,20,22,0.7589764094362254
diabetes,sa,20,20,23,0.7720245235239237
diabetes,sa,20,20,24,0.7720245235239237
diabetes,sa,20,20,25,0.7720245235239237
diabetes,sa,20,20,26,0.7720245235239237
diabetes,sa,20,20,27,0.7720245235239237
diabetes,sa,20,20,28,0.7720245235239237
diabetes,sa,20,20,29,0.7720245235239237
diabetes,sa,20,20,30,0.7720245235239237
diabetes,sa,20,20,31,0.7720245235239237
diabetes,sa,20,20,32,0.7720245235239237
diabetes,sa,20,20,33,0.7720245235239237
diabetes,sa,20,20,34,0.7720245235239237
diabetes,sa,20,20,35,0.7720245235239237
diabetes,sa,20,20,36,0.7720245235239237
diabetes,sa,20,20,37,0.7720245235239237
diabetes,sa,20,20,38,0.7752765560442489
diabetes,sa,20,20,39,0.7752765560442489
diabetes,sa,20,20,40,0.7752765560442489
diabetes,sa,20,20,41,0.7752765560442489
diabetes,sa,20,20,42,0.7752765560442489
diabetes,sa,20,20,43,0.7752765560442489
diabetes,sa,20,20,44,0.7752765560442489
diabetes,sa,20,20,45,0.7752765560442489
diabetes,sa,20,20,46,0.7752765560442489
diabetes,sa,20,20,47,0.7752765560442489
diabetes,sa,20,20,48,0.7752765560442489
diabetes,sa,20,20,49,0.7752765560442489
diabetes,sa,20,20,50,0.7752765560442489
diabetes,sa,20,20,51,0.7752765560442489
diabetes,sa,20,20,52,0.7752765560442489
diabetes,sa,20,20,53,0.7752765560442489
diabetes,sa,20,20,54,0.7769025723044115
diabetes,sa,20,20,55,0.7769025723044115
diabetes,sa,20,20,56,0.7769025723044115
diabetes,sa,20,20,57,0.7769025723044115
diabetes,sa,20,20,58,0.7769025723044115
diabetes,sa,20,20,59,0.7769025723044115
diabetes,sa,20,20,60,0.7769025723044115
diabetes,sa,20,20,61,0.7769025723044115
diabetes,sa,20,20,62,0.7769025723044115
diabetes,sa,20,20,63,0.7769025723044115
diabetes,sa,20,20,64,0.7769025723044115
diabetes,sa,20,20,65,0.7769025723044115
diabetes,sa,20,20,66,0.7769025723044115
diabetes,sa,20,20,67,0.7769025723044115
diabetes,sa,20,20,68,0.7769025723044115
diabetes,sa,20,20,69,0.7769025723044115
diabetes,sa,20,20,70,0.7769025723044115
diabetes,sa,20,20,71,0.7769025723044115
diabetes,sa,20,20,72,0.7769025723044115
diabetes,sa,20,20,73,0.7769025723044115
diabetes,sa,20,20,74,0.7769025723044115
diabetes,sa,20,20,75,0.7769025723044115
diabetes,sa,20,20,76,0.7769025723044115
diabetes,sa,20,20,77,0.7769025723044115
diabetes,sa,20,20,78,0.7769025723044115
diabetes,sa,20,20,79,0.7769025723044115
diabetes,sa,20,20,80,0.7769025723044115
diabetes,sa,20,20,81,0.7769025723044115
diabetes,sa,20,20,82,0.7769025723044115
diabetes,sa,20,20,83,0.7769025723044115
diabetes,sa,20,20,84,0.7769025723044115
diabetes,sa,20,20,85,0.7769025723044115
diabetes,sa,20,20,86,0.7769025723044115
diabetes,sa,20,20,87,0.7769025723044115
diabetes,sa,20,20,88,0.7769025723044115
diabetes,sa,20,20,89,0.7769025723044115
diabetes,sa,20,20,90,0.7769025723044115
diabetes,sa,20,20,91,0.7769025723044115
diabetes,sa,20,20,92,0.7769025723044115
diabetes,sa,20,20,93,0.7769025723044115
diabetes,sa,20,20,94,0.7769025723044115
diabetes,sa,20,20,95,0.7769025723044115
diabetes,sa,20,20,96,0.7769025723044115
diabetes,sa,20,20,97,0.7769025723044115
diabetes,sa,20,20,98,0.7769025723044115
diabetes,sa,20,20,99,0.7769025723044115
diabetes,sa,20,20,100,0.7769025723044115
diabetes,grid,21,21,1,0.6514727442356391
diabetes,grid,21,21,2,0.6514727442356391
diabetes,grid,21,21,3,0.6514727442356391
diabetes,grid,21,21,4,0.6514727442356391
diabetes,grid,21,21,5,0.6514727442356391
diabetes,grid,21,21,6,0.6514727442356391
diabetes,grid,21,21,7,0.6514727442356391
diabetes,grid,21,21,8,0.6514727442356391
diabetes,grid,21,21,9,0.6514727442356391
diabetes,grid,21,21,10,0.6514727442356391
diabetes,grid,21,21,11,0.6514727442356391
diabetes,grid,21,21,12,0.6514727442356391
diabetes,grid,21,21,13,0.6514727442356391
diabetes,grid,21,21,14,0.6514727442356391
diabetes,grid,21,21,15,0.6514727442356391
diabetes,grid,21,21,16,0.7541516726642676
diabetes,grid,21,21,17,0.7541516726642676
diabetes,grid,21,21,18,0.7541516726642676
diabetes,grid,21,21,19,0.7541516726642676
diabetes,grid,21,21,20,0.7541516726642676
diabetes,grid,21,21,21,0.7541516726642676
diabetes,grid,21,21,22,0.7541516726642676
diabetes,grid,21,21,23,0.7541516726642676
diabetes,grid,21,21,24,0.7541516726642676
diabetes,grid,21,21,25,0.7655604424896707
diabetes,grid,21,21,26,0.7655604424896707
diabetes,grid,21,21,27,0.7687724910035986
diabetes,grid,21,21,28,0.7687724910035986
diabetes,grid,21,21,29,0.7687724910035986
diabetes,grid,21,21,30,0.7687724910035986
diabetes,grid,21,21,31,0.7687724910035986
diabetes,grid,21,21,32,0.7687724910035986
diabetes,grid,21,21,33,0.7687724910035986
diabetes,grid,21,21,34,0.7687991470078634
diabetes,grid,21,21,35,0.7687991470078634
diabetes,grid,21,21,36,0.7687991470078634
diabetes,grid,21,21,37,0.7687991470078634
diabetes,grid,21,21,38,0.7687991470078634
diabetes,grid,21,21,39,0.7687991470078634
diabetes,grid,21,21,40,0.7687991470078634
diabetes,grid,21,21,41,0.7687991470078634
diabetes,grid,21,21,42,0.7687991470078634
diabetes,grid,21,21,43,0.7687991470078634
diabetes,grid,21,21,44,0.7687991470078634
diabetes,grid,21,21,45,0.7687991470078634
diabetes,grid,21,21,46,0.7687991470078634
diabetes,grid,21,21,47,0.7687991470078634
diabetes,grid,21,21,48,0.7687991470078634
diabetes,grid,21,21,49,0.7687991470078634
diabetes,grid,21,21,50,0.7687991470078634
diabetes,grid,21,21,51,0.7687991470078634
diabetes,grid,21,21,52,0.7687991470078634
diabetes,grid,21,21,53,0.7687991470078634
diabetes,grid,21,21,54,0.7687991470078634
diabetes,grid,21,21,55,0.7687991470078634
diabetes,grid,21,21,56,0.7687991470078634
diabetes,grid,21,21,57,0.7687991470078634
diabetes,grid,21,21,58,0.7687991470078634
diabetes,grid,21,21,59,0.7687991470078634
diabetes,grid,21,21,60,0.7687991470078634
diabetes,grid,21,21,61,0.7687991470078634
diabetes,grid,21,21,62,0.7687991470078634
diabetes,grid,21,21,63,0.7687991470078634
diabetes,grid,21,21,64,0.7687991470078634
diabetes,grid,21,21,65,0.7687991470078634
diabetes,grid,21,21,66,0.7687991470078634
diabetes,grid,21,21,67,0.7687991470078634
diabetes,grid,21,21,68,0.7687991470078634
diabetes,grid,21,21,69,0.7687991470078634
diabetes,grid,21,21,70,0.7687991470078634
diabetes,grid,21,21,71,0.7687991470078634
diabetes,grid,21,21,72,0.7687991470078634
diabetes,grid,21,21,73,0.7687991470078634
diabetes,grid,21,21,74,0.7687991470078634
diabetes,grid,21,21,75,0.7687991470078634
diabetes,grid,21,21,76,0.7687991470078634
diabetes,grid,21,21,77,0.7687991470078634
diabetes,grid,21,21,78,0.7687991470078634
diabetes,grid,21,21,79,0.7687991470078634
diabetes,grid,21,21,80,0.7687991470078634
diabetes,grid,21,21,81,0.7687991470078634
diabetes,grid,21,21,82,0.7687991470078634
diabetes,grid,21,21,83,0.7687991470078634
diabetes,grid,21,21,84,0.7687991470078634
diabetes,grid,21,21,85,0.7687991470078634
diabetes,grid,21,21,86,0.7687991470078634
diabetes,grid,21,21,87,0.7687991470078634
diabetes,grid,21,21,88,0.7687991470078634
diabetes,grid,21,21,89,0.7687991470078634
diabetes,grid,21,21,90,0.7687991470078634
diabetes,grid,21,21,91,0.7687991470078634
diabetes,grid,21,21,92,0.7687991470078634
diabetes,grid,21,21,93,0.7687991470078634
diabetes,grid,21,21,94,0.7687991470078634
diabetes,grid,21,21,95,0.7687991470078634
diabetes,grid,21,21,96,0.7687991470078634
diabetes,grid,21,21,97,0.7687991470078634
diabetes,grid,21,21,98,0.7687991470078634
diabetes,grid,21,21,99,0.7687991470078634
diabetes,grid,21,21,100,0.7687991470078634
diabetes,random,21,21,1,0.6987071837931494
diabetes,random,21,21,2,0.7687325069972012
diabetes,random,21,21,3,0.7687325069972012
diabetes,random,21,21,4,0.7687325069972012
diabetes,random,21,21,5,0.7687325069972012
diabetes,random,21,21,6,0.7687325069972012
diabetes,random,21,21,7,0.7687325069972012
diabetes,random,21,21,8,0.7687325069972012
diabetes,random,21,21,9,0.7687325069972012
diabetes,random,21,21,10,0.7687325069972012
diabetes,random,21,21,11,0.7687325069972012
diabetes,random,21,21,12,0.7687325069972012
diabetes,random,21,21,13,0.7687325069972012
diabetes,random,21,21,14,0.7687325069972012
diabetes,random,21,21,15,0.7687325069972012
diabetes,random,21,21,16,0.7687325069972012
diabetes,random,21,21,17,0.7687325069972012
diabetes,random,21,21,18,0.7687325069972012
diabetes,random,21,21,19,0.7687325069972012
diabetes,random,21,21,20,0.7687325069972012
diabetes,random,21,21,21,0.7687325069972012
diabetes,random,21,21,22,0.7687325069972012
diabetes,random,21,21,23,0.7687325069972012
diabetes,random,21,21,24,0.7687325069972012
diabetes,random,21,21,25,0.7687858190057311
diabetes,random,21,21,26,0.7687858190057311
diabetes,random,21,21,27,0.7687858190057311
diabetes,random,21,21,28,0.7687858190057311
diabetes,random,21,21,29,0.7687858190057311
diabetes,random,21,21,30,0.7687858190057311
diabetes,random,21,21,31,0.7687858190057311
diabetes,random,21,21,32,0.7687858190057311
diabetes,random,21,21,33,0.7687858190057311
diabetes,random,21,21,34,0.7687858190057311
diabetes,random,21,21,35,0.7687858190057311
diabetes,random,21,21,36,0.7687858190057311
diabetes,random,21,21,37,0.7687858190057311
diabetes,random,21,21,38,0.7687858190057311
diabetes,random,21,21,39,0.7687858190057311
diabetes,random,21,21,40,0.7687858190057311
diabetes,random,21,21,41,0.7687858190057311
diabetes,random,21,21,42,0.7687858190057311
diabetes,random,21,21,43,0.7687858190057311
diabetes,random,21,21,44,0.7687858190057311
diabetes,random,21,21,45,0.7687858190057311
diabetes,random,21,21,46,0.7687858190057311
diabetes,random,21,21,47,0.7687858190057311
diabetes,random,21,21,48,0.7687858190057311
diabetes,random,21,21,49,0.7687858190057311
diabetes,random,21,21,50,0.7687858190057311
diabetes,random,21,21,51,0.7687858190057311
diabetes,random,21,21,52,0.7687858190057311
diabetes,random,21,21,53,0.7687858190057311
diabetes,random,21,21,54,0.7687858190057311
diabetes,random,21,21,55,0.7687858190057311
diabetes,random,21,21,56,0.7687858190057311
diabetes,random,21,21,57,0.7687858190057311
diabetes,random,21,21,58,0.7687858190057311
diabetes,random,21,21,59,0.7687858190057311
diabetes,random,21,21,60,0.7687858190057311
diabetes,random,21,21,61,0.7703585232573638
diabetes,random,21,21,62,0.7703585232573638
diabetes,random,21,21,63,0.7703585232573638
diabetes,random,21,21,64,0.7703585232573638
diabetes,random,21,21,65,0.7703585232573638
diabetes,random,21,21,66,0.7703585232573638
diabetes,random,21,21,67,0.7703585232573638
diabetes,random,21,21,68,0.7703585232573638
diabetes,random,21,21,69,0.7703585232573638
diabetes,random,21,21,70,0.7703585232573638
diabetes,random,21,21,71,0.7703585232573638
diabetes,random,21,21,72,0.7703585232573638
diabetes,random,21,21,73,0.7703585232573638
diabetes,random,21,21,74,0.7703585232573638
diabetes,random,21,21,75,0.7703585232573638
diabetes,random,21,21,76,0.7703585232573638
diabetes,random,21,21,77,0.7703585232573638
diabetes,random,21,21,78,0.7703585232573638
diabetes,random,21,21,79,0.7703585232573638
diabetes,random,21,21,80,0.7703585232573638
diabetes,random,21,21,81,0.7703585232573638
diabetes,random,21,21,82,0.7703585232573638
diabetes,random,21,21,83,0.7703585232573638
diabetes,random,21,21,84,0.7703585232573638
diabetes,random,21,21,85,0.7703585232573638
diabetes,random,21,21,86,0.7703585232573638
diabetes,random,21,21,87,0.7703585232573638
diabetes,random,21,21,88,0.7703585232573638
diabetes,random,21,21,89,0.7703585232573638
diabetes,random,21,21,90,0.7703585232573638
diabetes,random,21,21,91,0.7703585232573638
diabetes,random,21,21,92,0.7703585232573638
diabetes,random,21,21,93,0.7703585232573638
diabetes,random,21,21,94,0.7703585232573638
diabetes,random,21,21,95,0.7703585232573638
diabetes,random,21,21,96,0.7703585232573638
diabetes,random,21,21,97,0.7703585232573638
diabetes,random,21,21,98,0.7703585232573638
diabetes,random,21,21,99,0.7703585232573638
diabetes,random,21,21,100,0.7703585232573638
diabetes,bo_tpe,21,21,1,0.6987071837931494
diabetes,bo_tpe,21,21,2,0.7687325069972012
diabetes,bo_tpe,21,21,3,0.7687325069972012
diabetes,bo_tpe,21,21,4,0.7687325069972012
diabetes,bo_tpe,21,21,5,0.7687325069972012
diabetes,bo_tpe,21,21,6,0.7687325069972012
diabetes,bo_tpe,21,21,7,0.7687325069972012
diabetes,bo_tpe,21,21,8,0.7687325069972012
diabetes,bo_tpe,21,21,9,0.7687325069972012
diabetes,bo_tpe,21,21,10,0.7687325069972012
diabetes,bo_tpe,21,21,11,0.7687325069972012
diabetes,bo_tpe,21,21,12,0.7687325069972012
diabetes,bo_tpe,21,21,13,0.7687325069972012
diabetes,bo_tpe,21,21,14,0.7687325069972012
diabetes,bo_tpe,21,21,15,0.7687325069972012
diabetes,bo_tpe,21,21,16,0.7687325069972012
diabetes,bo_tpe,21,21,17,0.7687325069972012
diabetes,bo_tpe,21,21,18,0.7687325069972012
diabetes,bo_tpe,21,21,19,0.7687325069972012
diabetes,bo_tpe,21,21,20,0.7687325069972012
diabetes,bo_tpe,21,21,21,0.7687325069972012
diabetes,bo_tpe,21,21,22,0.7687325069972012
diabetes,bo_tpe,21,21,23,0.7687325069972012
diabetes,bo_tpe,21,21,24,0.7687325069972012
diabetes,bo_tpe,21,21,25,0.7687325069972012
diabetes,bo_tpe,21,21,26,0.7687591630014661
diabetes,bo_tpe,21,21,27,0.7687591630014661
diabetes,bo_tpe,21,21,28,0.7687591630014661
diabetes,bo_tpe,21,21,29,0.7687591630014661
diabetes,bo_tpe,21,21,30,0.7687591630014661
diabetes,bo_tpe,21,21,31,0.7687591630014661
diabetes,bo_tpe,21,21,32,0.7687591630014661
diabetes,bo_tpe,21,21,33,0.7687591630014661
diabetes,bo_tpe,21,21,34,0.7687591630014661
diabetes,bo_tpe,21,21,35,0.7687591630014661
diabetes,bo_tpe,21,21,36,0.7687591630014661
diabetes,bo_tpe,21,21,37,0.7687591630014661
diabetes,bo_tpe,21,21,38,0.7687591630014661
diabetes,bo_tpe,21,21,39,0.7687591630014661
diabetes,bo_tpe,21,21,40,0.7687591630014661
diabetes,bo_tpe,21,21,41,0.7687591630014661
diabetes,bo_tpe,21,21,42,0.7687591630014661
diabetes,bo_tpe,21,21,43,0.7687591630014661
diabetes,bo_tpe,21,21,44,0.7687591630014661
diabetes,bo_tpe,21,21,45,0.7687591630014661
diabetes,bo_tpe,21,21,46,0.7687591630014661
diabetes,bo_tpe,21,21,47,0.7687591630014661
diabetes,bo_tpe,21,21,48,0.7687591630014661
diabetes,bo_tpe,21,21,49,0.7687591630014661
diabetes,bo_tpe,21,21,50,0.7687591630014661
diabetes,bo_tpe,21,21,51,0.7687591630014661
diabetes,bo_tpe,21,21,52,0.7687591630014661
diabetes,bo_tpe,21,21,53,0.7687591630014661
diabetes,bo_tpe,21,21,54,0.7687591630014661
diabetes,bo_tpe,21,21,55,0.7687591630014661
diabetes,bo_tpe,21,21,56,0.7687591630014661
diabetes,bo_tpe,21,21,57,0.7687591630014661
diabetes,bo_tpe,21,21,58,0.7687591630014661
diabetes,bo_tpe,21,21,59,0.7687591630014661
diabetes,bo_tpe,21,21,60,0.7687591630014661
diabetes,bo_tpe,21,21,61,0.7687591630014661
diabetes,bo_tpe,21,21,62,0.7687591630014661
diabetes,bo_tpe,21,21,63,0.7687591630014661
diabetes,bo_tpe,21,21,64,0.7687591630014661
diabetes,bo_tpe,21,21,65,0.7687591630014661
diabetes,bo_tpe,21,21,66,0.7703851792616286
diabetes,bo_tpe,21,21,67,0.7703851792616286
diabetes,bo_tpe,21,21,68,0.7703851792616286
diabetes,bo_tpe,21,21,69,0.7703851792616286
diabetes,bo_tpe,21,21,70,0.7703851792616286
diabetes,bo_tpe,21,21,71,0.7703851792616286
diabetes,bo_tpe,21,21,72,0.7703851792616286
diabetes,bo_tpe,21,21,73,0.7703851792616286
diabetes,bo_tpe,21,21,74,0.7703851792616286
diabetes,bo_tpe,21,21,75,0.7703851792616286
diabetes,bo_tpe,21,21,76,0.7703851792616286
diabetes,bo_tpe,21,21,77,0.7703851792616286
diabetes,bo_tpe,21,21,78,0.7703851792616286
diabetes,bo_tpe,21,21,79,0.7703851792616286
diabetes,bo_tpe,21,21,80,0.7703851792616286
diabetes,bo_tpe,21,21,81,0.7703851792616286
diabetes,bo_tpe,21,21,82,0.7703851792616286
diabetes,bo_tpe,21,21,83,0.7703851792616286
diabetes,bo_tpe,21,21,84,0.7703851792616286
diabetes,bo_tpe,21,21,85,0.7703851792616286
diabetes,bo_tpe,21,21,86,0.7703851792616286
diabetes,bo_tpe,21,21,87,0.7703851792616286
diabetes,bo_tpe,21,21,88,0.7703851792616286
diabetes,bo_tpe,21,21,89,0.7703851792616286
diabetes,bo_tpe,21,21,90,0.7703851792616286
diabetes,bo_tpe,21,21,91,0.7703851792616286
diabetes,bo_tpe,21,21,92,0.7703851792616286
diabetes,bo_tpe,21,21,93,0.7703851792616286
diabetes,bo_tpe,21,21,94,0.7703851792616286
diabetes,bo_tpe,21,21,95,0.7703851792616286
diabetes,bo_tpe,21,21,96,0.7703851792616286
diabetes,bo_tpe,21,21,97,0.7703851792616286
diabetes,bo_tpe,21,21,98,0.7703851792616286
diabetes,bo_tpe,21,21,99,0.7703851792616286
diabetes,bo_tpe,21,21,100,0.7703851792616286
diabetes,pso,21,21,1,0.7687591630014661
diabetes,pso,21,21,2,0.7687591630014661
diabetes,pso,21,21,3,0.7687591630014661
diabetes,pso,21,21,4,0.7687591630014661
diabetes,pso,21,21,5,0.7687591630014661
diabetes,pso,21,21,6,0.7687591630014661
diabetes,pso,21,21,7,0.7704251632680261
diabetes,pso,21,21,8,0.7704251632680261
diabetes,pso,21,21,9,0.7704251632680261
diabetes,pso,21,21,10,0.7704251632680261
diabetes,pso,21,21,11,0.7704251632680261
diabetes,pso,21,21,12,0.7704251632680261
diabetes,pso,21,21,13,0.7704251632680261
diabetes,pso,21,21,14,0.7704251632680261
diabetes,pso,21,21,15,0.7704251632680261
diabetes,pso,21,21,16,0.7704251632680261
diabetes,pso,21,21,17,0.7704251632680261
diabetes,pso,21,21,18,0.7704251632680261
diabetes,pso,21,21,19,0.7704251632680261
diabetes,pso,21,21,20,0.7704251632680261
diabetes,pso,21,21,21,0.7704251632680261
diabetes,pso,21,21,22,0.7704251632680261
diabetes,pso,21,21,23,0.7704251632680261
diabetes,pso,21,21,24,0.7704251632680261
diabetes,pso,21,21,25,0.7704251632680261
diabetes,pso,21,21,26,0.7704251632680261
diabetes,pso,21,21,27,0.7704251632680261
diabetes,pso,21,21,28,0.7704251632680261
diabetes,pso,21,21,29,0.7704251632680261
diabetes,pso,21,21,30,0.7704251632680261
diabetes,pso,21,21,31,0.7704251632680261
diabetes,pso,21,21,32,0.7704251632680261
diabetes,pso,21,21,33,0.7704251632680261
diabetes,pso,21,21,34,0.7704251632680261
diabetes,pso,21,21,35,0.7704251632680261
diabetes,pso,21,21,36,0.7704251632680261
diabetes,pso,21,21,37,0.7704251632680261
diabetes,pso,21,21,38,0.7704251632680261
diabetes,pso,21,21,39,0.7704251632680261
diabetes,pso,21,21,40,0.7704251632680261
diabetes,pso,21,21,41,0.7704251632680261
diabetes,pso,21,21,42,0.7704251632680261
diabetes,pso,21,21,43,0.7704251632680261
diabetes,pso,21,21,44,0.7704251632680261
diabetes,pso,21,21,45,0.7704251632680261
diabetes,pso,21,21,46,0.7704251632680261
diabetes,pso,21,21,47,0.7704251632680261
diabetes,pso,21,21,48,0.7704251632680261
diabetes,pso,21,21,49,0.7704251632680261
diabetes,pso,21,21,50,0.7704251632680261
diabetes,pso,21,21,51,0.7704251632680261
diabetes,pso,21,21,52,0.7704251632680261
diabetes,pso,21,21,53,0.7704251632680261
diabetes,pso,21,21,54,0.7704251632680261
diabetes,pso,21,21,55,0.7704251632680261
diabetes,pso,21,21,56,0.7704251632680261
diabetes,pso,21,21,57,0.7704251632680261
diabetes,pso,21,21,58,0.7704251632680261
diabetes,pso,21,21,59,0.7704251632680261
diabetes,pso,21,21,60,0.7704251632680261
diabetes,pso,21,21,61,0.7704251632680261
diabetes,pso,21,21,62,0.7704251632680261
diabetes,pso,21,21,63,0.7704251632680261
diabetes,pso,21,21,64,0.7704251632680261
diabetes,pso,21,21,65,0.7704251632680261
diabetes,pso,21,21,66,0.7704251632680261
diabetes,pso,21,21,67,0.7704251632680261
diabetes,pso,21,21,68,0.7704251632680261
diabetes,pso,21,21,69,0.7704251632680261
diabetes,pso,21,21,70,0.7704251632680261
diabetes,pso,21,21,71,0.7704251632680261
diabetes,pso,21,21,72,0.7704251632680261
diabetes,pso,21,21,73,0.7704251632680261
diabetes,pso,21,21,74,0.7704251632680261
diabetes,pso,21,21,75,0.7704251632680261
diabetes,pso,21,21,76,0.7704251632680261
diabetes,pso,21,21,77,0.7704251632680261
diabetes,pso,21,21,78,0.7704251632680261
diabetes,pso,21,21,79,0.7704251632680261
diabetes,pso,21,21,80,0.7704251632680261
diabetes,pso,21,21,81,0.7704251632680261
diabetes,pso,21,21,82,0.7704251632680261
diabetes,pso,21,21,83,0.7704251632680261
diabetes,pso,21,21,84,0.7704251632680261
diabetes,pso,21,21,85,0.7704251632680261
diabetes,pso,21,21,86,0.7704251632680261
diabetes,pso,21,21,87,0.7704251632680261
diabetes,pso,21,21,88,0.7704251632680261
diabetes,pso,21,21,89,0.7704251632680261
diabetes,pso,21,21,90,0.7704251632680261
diabetes,pso,21,21,91,0.7704251632680261
diabetes,pso,21,21,92,0.7704251632680261
diabetes,pso,21,21,93,0.7704251632680261
diabetes,pso,21,21,94,0.7704251632680261
diabetes,pso,21,21,95,0.7704251632680261
diabetes,pso,21,21,96,0.7704251632680261
diabetes,pso,21,21,97,0.7704251632680261
diabetes,pso,21,21,98,0.7704251632680261
diabetes,pso,21,21,99,0.7704251632680261
diabetes,pso,21,21,100,0.7704251632680261
diabetes,de,21,21,1,0.7655071304811409
diabetes,de,21,21,2,0.7655071304811409
diabetes,de,21,21,3,0.7655071304811409
diabetes,de,21,21,4,0.7655071304811409
diabetes,de,21,21,5,0.7655071304811409
diabetes,de,21,21,6,0.7655071304811409
diabetes,de,21,21,7,0.7655071304811409
diabetes,de,21,21,8,0.7655071304811409
diabetes,de,21,21,9,0.7655071304811409
diabetes,de,21,21,10,0.7655071304811409
diabetes,de,21,21,11,0.7655071304811409
diabetes,de,21,21,12,0.7655071304811409
diabetes,de,21,21,13,0.7655071304811409
diabetes,de,21,21,14,0.7655071304811409
diabetes,de,21,21,15,0.7655071304811409
diabetes,de,21,21,16,0.7655071304811409
diabetes,de,21,21,17,0.7655071304811409
diabetes,de,21,21,18,0.7655071304811409
diabetes,de,21,21,19,0.7655071304811409
diabetes,de,21,21,20,0.7655071304811409
diabetes,de,21,21,21,0.767146474743436
diabetes,de,21,21,22,0.767146474743436
diabetes,de,21,21,23,0.767146474743436
diabetes,de,21,21,24,0.767146474743436
diabetes,de,21,21,25,0.767146474743436
diabetes,de,21,21,26,0.767146474743436
diabetes,de,21,21,27,0.767146474743436
diabetes,de,21,21,28,0.767146474743436
diabetes,de,21,21,29,0.767146474743436
diabetes,de,21,21,30,0.767146474743436
diabetes,de,21,21,31,0.767146474743436
diabetes,de,21,21,32,0.767146474743436
diabetes,de,21,21,33,0.767146474743436
diabetes,de,21,21,34,0.767146474743436
diabetes,de,21,21,35,0.767146474743436
diabetes,de,21,21,36,0.767146474743436
diabetes,de,21,21,37,0.767146474743436
diabetes,de,21,21,38,0.767146474743436
diabetes,de,21,21,39,0.767146474743436
diabetes,de,21,21,40,0.767146474743436
diabetes,de,21,21,41,0.7687591630014661
diabetes,de,21,21,42,0.7687591630014661
diabetes,de,21,21,43,0.7687591630014661
diabetes,de,21,21,44,0.7687591630014661
diabetes,de,21,21,45,0.7687591630014661
diabetes,de,21,21,46,0.7687591630014661
diabetes,de,21,21,47,0.7687591630014661
diabetes,de,21,21,48,0.7687591630014661
diabetes,de,21,21,49,0.7687591630014661
diabetes,de,21,21,50,0.7687591630014661
diabetes,de,21,21,51,0.7687591630014661
diabetes,de,21,21,52,0.7687591630014661
diabetes,de,21,21,53,0.7687591630014661
diabetes,de,21,21,54,0.7687591630014661
diabetes,de,21,21,55,0.7687591630014661
diabetes,de,21,21,56,0.7687591630014661
diabetes,de,21,21,57,0.7687591630014661
diabetes,de,21,21,58,0.7687591630014661
diabetes,de,21,21,59,0.7687591630014661
diabetes,de,21,21,60,0.7687591630014661
diabetes,de,21,21,61,0.7687591630014661
diabetes,de,21,21,62,0.7687591630014661
diabetes,de,21,21,63,0.7687591630014661
diabetes,de,21,21,64,0.7687591630014661
diabetes,de,21,21,65,0.7687591630014661
diabetes,de,21,21,66,0.7687591630014661
diabetes,de,21,21,67,0.7687591630014661
diabetes,de,21,21,68,0.7687591630014661
diabetes,de,21,21,69,0.7687591630014661
diabetes,de,21,21,70,0.7687591630014661
diabetes,de,21,21,71,0.7687591630014661
diabetes,de,21,21,72,0.7687591630014661
diabetes,de,21,21,73,0.7687724910035986
diabetes,de,21,21,74,0.7687724910035986
diabetes,de,21,21,75,0.7687724910035986
diabetes,de,21,21,76,0.7687724910035986
diabetes,de,21,21,77,0.7687724910035986
diabetes,de,21,21,78,0.7687724910035986
diabetes,de,21,21,79,0.7687724910035986
diabetes,de,21,21,80,0.7687724910035986
diabetes,de,21,21,81,0.7687724910035986
diabetes,de,21,21,82,0.7687724910035986
diabetes,de,21,21,83,0.7687724910035986
diabetes,de,21,21,84,0.7687724910035986
diabetes,de,21,21,85,0.7703851792616286
diabetes,de,21,21,86,0.7703851792616286
diabetes,de,21,21,87,0.7703851792616286
diabetes,de,21,21,88,0.7703851792616286
diabetes,de,21,21,89,0.7703851792616286
diabetes,de,21,21,90,0.7703851792616286
diabetes,de,21,21,91,0.7703851792616286
diabetes,de,21,21,92,0.7703851792616286
diabetes,de,21,21,93,0.7703851792616286
diabetes,de,21,21,94,0.7703851792616286
diabetes,de,21,21,95,0.7703851792616286
diabetes,de,21,21,96,0.7703851792616286
diabetes,de,21,21,97,0.7703851792616286
diabetes,de,21,21,98,0.7703851792616286
diabetes,de,21,21,99,0.7703851792616286
diabetes,de,21,21,100,0.7703851792616286
diabetes,ga,21,21,1,0.7655071304811409
diabetes,ga,21,21,2,0.7655071304811409
diabetes,ga,21,21,3,0.7655071304811409
diabetes,ga,21,21,4,0.7655071304811409
diabetes,ga,21,21,5,0.7655071304811409
diabetes,ga,21,21,6,0.7655071304811409
diabetes,ga,21,21,7,0.7655071304811409
diabetes,ga,21,21,8,0.7655071304811409
diabetes,ga,21,21,9,0.7655071304811409
diabetes,ga,21,21,10,0.7655071304811409
diabetes,ga,21,21,11,0.7655071304811409
diabetes,ga,21,21,12,0.7655071304811409
diabetes,ga,21,21,13,0.7655071304811409
diabetes,ga,21,21,14,0.7655071304811409
diabetes,ga,21,21,15,0.7655071304811409
diabetes,ga,21,21,16,0.7655071304811409
diabetes,ga,21,21,17,0.7655071304811409
diabetes,ga,21,21,18,0.7655071304811409
diabetes,ga,21,21,19,0.7655071304811409
diabetes,ga,21,21,20,0.7655071304811409
diabetes,ga,21,21,21,0.7655071304811409
diabetes,ga,21,21,22,0.7655071304811409
diabetes,ga,21,21,23,0.7655071304811409
diabetes,ga,21,21,24,0.7703985072637611
diabetes,ga,21,21,25,0.7703985072637611
diabetes,ga,21,21,26,0.7703985072637611
diabetes,ga,21,21,27,0.7703985072637611
diabetes,ga,21,21,28,0.7703985072637611
diabetes,ga,21,21,29,0.7703985072637611
diabetes,ga,21,21,30,0.7703985072637611
diabetes,ga,21,21,31,0.7703985072637611
diabetes,ga,21,21,32,0.7703985072637611
diabetes,ga,21,21,33,0.7703985072637611
diabetes,ga,21,21,34,0.7703985072637611
diabetes,ga,21,21,35,0.7703985072637611
diabetes,ga,21,21,36,0.7703985072637611
diabetes,ga,21,21,37,0.7703985072637611
diabetes,ga,21,21,38,0.7703985072637611
diabetes,ga,21,21,39,0.7703985072637611
diabetes,ga,21,21,40,0.7703985072637611
diabetes,ga,21,21,41,0.7703985072637611
diabetes,ga,21,21,42,0.7703985072637611
diabetes,ga,21,21,43,0.7703985072637611
diabetes,ga,21,21,44,0.7703985072637611
diabetes,ga,21,21,45,0.7703985072637611
diabetes,ga,21,21,46,0.7703985072637611
diabetes,ga,21,21,47,0.7703985072637611
diabetes,ga,21,21,48,0.7703985072637611
diabetes,ga,21,21,49,0.7703985072637611
diabetes,ga,21,21,50,0.7703985072637611
diabetes,ga,21,21,51,0.7703985072637611
diabetes,ga,21,21,52,0.7703985072637611
diabetes,ga,21,21,53,0.7703985072637611
diabetes,ga,21,21,54,0.7703985072637611
diabetes,ga,21,21,55,0.7703985072637611
diabetes,ga,21,21,56,0.7703985072637611
diabetes,ga,21,21,57,0.7703985072637611
diabetes,ga,21,21,58,0.7703985072637611
diabetes,ga,21,21,59,0.7703985072637611
diabetes,ga,21,21,60,0.7703985072637611
diabetes,ga,21,21,61,0.7703985072637611
diabetes,ga,21,21,62,0.7703985072637611
diabetes,ga,21,21,63,0.7703985072637611
diabetes,ga,21,21,64,0.7703985072637611
diabetes,ga,21,21,65,0.7703985072637611
diabetes,ga,21,21,66,0.7703985072637611
diabetes,ga,21,21,67,0.7703985072637611
diabetes,ga,21,21,68,0.7703985072637611
diabetes,ga,21,21,69,0.7703985072637611
diabetes,ga,21,21,70,0.7703985072637611
diabetes,ga,21,21,71,0.7703985072637611
diabetes,ga,21,21,72,0.7703985072637611
diabetes,ga,21,21,73,0.7703985072637611
diabetes,ga,21,21,74,0.7703985072637611
diabetes,ga,21,21,75,0.7703985072637611
diabetes,ga,21,21,76,0.7703985072637611
diabetes,ga,21,21,77,0.7703985072637611
diabetes,ga,21,21,78,0.7703985072637611
diabetes,ga,21,21,79,0.7703985072637611
diabetes,ga,21,21,80,0.7703985072637611
diabetes,ga,21,21,81,0.7703985072637611
diabetes,ga,21,21,82,0.7703985072637611
diabetes,ga,21,21,83,0.7703985072637611
diabetes,ga,21,21,84,0.7703985072637611
diabetes,ga,21,21,85,0.7703985072637611
diabetes,ga,21,21,86,0.7703985072637611
diabetes,ga,21,21,87,0.7703985072637611
diabetes,ga,21,21,88,0.7703985072637611
diabetes,ga,21,21,89,0.7703985072637611
diabetes,ga,21,21,90,0.7703985072637611
diabetes,ga,21,21,91,0.7703985072637611
diabetes,ga,21,21,92,0.7703985072637611
diabetes,ga,21,21,93,0.7703985072637611
diabetes,ga,21,21,94,0.7703985072637611
diabetes,ga,21,21,95,0.7703985072637611
diabetes,ga,21,21,96,0.7703985072637611
diabetes,ga,21,21,97,0.7703985072637611
diabetes,ga,21,21,98,0.7703985072637611
diabetes,ga,21,21,99,0.7703985072637611
diabetes,ga,21,21,100,0.7703985072637611
diabetes,sa,21,21,1,0.6987071837931494
diabetes,sa,21,21,2,0.6987071837931494
diabetes,sa,21,21,3,0.6987071837931494
diabetes,sa,21,21,4,0.6987071837931494
diabetes,sa,21,21,5,0.6987071837931494
diabetes,sa,21,21,6,0.6987071837931494
diabetes,sa,21,21,7,0.6987071837931494
diabetes,sa,21,21,8,0.6987071837931494
diabetes,sa,21,21,9,0.6987071837931494
diabetes,sa,21,21,10,0.6987071837931494
diabetes,sa,21,21,11,0.6987071837931494
diabetes,sa,21,21,12,0.6987071837931494
diabetes,sa,21,21,13,0.6987071837931494
diabetes,sa,21,21,14,0.6987071837931494
diabetes,sa,21,21,15,0.6987071837931494
diabetes,sa,21,21,16,0.6987071837931494
diabetes,sa,21,21,17,0.6987071837931494
diabetes,sa,21,21,18,0.6987071837931494
diabetes,sa,21,21,19,0.6987071837931494
diabetes,sa,21,21,20,0.6987071837931494
diabetes,sa,21,21,21,0.6987071837931494
diabetes,sa,21,21,22,0.6987071837931494
diabetes,sa,21,21,23,0.6987071837931494
diabetes,sa,21,21,24,0.6987071837931494
diabetes,sa,21,21,25,0.6987071837931494
diabetes,sa,21,21,26,0.6987071837931494
diabetes,sa,21,21,27,0.6987071837931494
diabetes,sa,21,21,28,0.6987071837931494
diabetes,sa,21,21,29,0.6987071837931494
diabetes,sa,21,21,30,0.6987071837931494
diabetes,sa,21,21,31,0.6987071837931494
diabetes,sa,21,21,32,0.6987071837931494
diabetes,sa,21,21,33,0.6987071837931494
diabetes,sa,21,21,34,0.6987071837931494
diabetes,sa,21,21,35,0.7557243769159003
diabetes,sa,21,21,36,0.7557243769159003
diabetes,sa,21,21,37,0.7557243769159003
diabetes,sa,21,21,38,0.7557243769159003
diabetes,sa,21,21,39,0.7557243769159003
diabetes,sa,21,21,40,0.7557243769159003
diabetes,sa,21,21,41,0.7557243769159003
diabetes,sa,21,21,42,0.7605890976942556
diabetes,sa,21,21,43,0.7622550979608157
diabetes,sa,21,21,44,0.7622550979608157
diabetes,sa,21,21,45,0.7622550979608157
diabetes,sa,21,21,46,0.7622550979608157
diabetes,sa,21,21,47,0.7622550979608157
diabetes,sa,21,21,48,0.7622550979608157
diabetes,sa,21,21,49,0.7622550979608157
diabetes,sa,21,21,50,0.7622550979608157
diabetes,sa,21,21,51,0.7622550979608157
diabetes,sa,21,21,52,0.7622550979608157
diabetes,sa,21,21,53,0.7622550979608157
diabetes,sa,21,21,54,0.7622550979608157
diabetes,sa,21,21,55,0.7622550979608157
diabetes,sa,21,21,56,0.7622550979608157
diabetes,sa,21,21,57,0.7622550979608157
diabetes,sa,21,21,58,0.7638677862188459
diabetes,sa,21,21,59,0.7655204584832733
diabetes,sa,21,21,60,0.7655204584832733
diabetes,sa,21,21,61,0.7655204584832733
diabetes,sa,21,21,62,0.7655204584832733
diabetes,sa,21,21,63,0.7655204584832733
diabetes,sa,21,21,64,0.7655204584832733
diabetes,sa,21,21,65,0.7655204584832733
diabetes,sa,21,21,66,0.7655204584832733
diabetes,sa,21,21,67,0.7655204584832733
diabetes,sa,21,21,68,0.7671331467413035
diabetes,sa,21,21,69,0.7671331467413035
diabetes,sa,21,21,70,0.7671331467413035
diabetes,sa,21,21,71,0.7671331467413035
diabetes,sa,21,21,72,0.7687724910035986
diabetes,sa,21,21,73,0.7687724910035986
diabetes,sa,21,21,74,0.7687724910035986
diabetes,sa,21,21,75,0.7687724910035986
diabetes,sa,21,21,76,0.7687724910035986
diabetes,sa,21,21,77,0.7703985072637611
diabetes,sa,21,21,78,0.7703985072637611
diabetes,sa,21,21,79,0.7703985072637611
diabetes,sa,21,21,80,0.7703985072637611
diabetes,sa,21,21,81,0.7703985072637611
diabetes,sa,21,21,82,0.7703985072637611
diabetes,sa,21,21,83,0.7720245235239238
diabetes,sa,21,21,84,0.7720245235239238
diabetes,sa,21,21,85,0.7720245235239238
diabetes,sa,21,21,86,0.7720245235239238
diabetes,sa,21,21,87,0.7720245235239238
diabetes,sa,21,21,88,0.7720245235239238
diabetes,sa,21,21,89,0.7720245235239238
diabetes,sa,21,21,90,0.7720245235239238
diabetes,sa,21,21,91,0.7720245235239238
diabetes,sa,21,21,92,0.7720245235239238
diabetes,sa,21,21,93,0.7720245235239238
diabetes,sa,21,21,94,0.7720245235239238
diabetes,sa,21,21,95,0.7720245235239238
diabetes,sa,21,21,96,0.7720245235239238
diabetes,sa,21,21,97,0.7720245235239238
diabetes,sa,21,21,98,0.7720245235239238
diabetes,sa,21,21,99,0.7720245235239238
diabetes,sa,21,21,100,0.7720245235239238
diabetes,grid,22,22,1,0.6514727442356391
diabetes,grid,22,22,2,0.6514727442356391
diabetes,grid,22,22,3,0.6514727442356391
diabetes,grid,22,22,4,0.6514727442356391
diabetes,grid,22,22,5,0.6514727442356391
diabetes,grid,22,22,6,0.6514727442356391
diabetes,grid,22,22,7,0.6514727442356391
diabetes,grid,22,22,8,0.6514727442356391
diabetes,grid,22,22,9,0.6514727442356391
diabetes,grid,22,22,10,0.6514727442356391
diabetes,grid,22,22,11,0.6514727442356391
diabetes,grid,22,22,12,0.6514727442356391
diabetes,grid,22,22,13,0.6514727442356391
diabetes,grid,22,22,14,0.6514727442356391
diabetes,grid,22,22,15,0.6514727442356391
diabetes,grid,22,22,16,0.757270425163268
diabetes,grid,22,22,17,0.757270425163268
diabetes,grid,22,22,18,0.757270425163268
diabetes,grid,22,22,19,0.757270425163268
diabetes,grid,22,22,20,0.757270425163268
diabetes,grid,22,22,21,0.757270425163268
diabetes,grid,22,22,22,0.757270425163268
diabetes,grid,22,22,23,0.757270425163268
diabetes,grid,22,22,24,0.757270425163268
diabetes,grid,22,22,25,0.757270425163268
diabetes,grid,22,22,26,0.765427162468346
diabetes,grid,22,22,27,0.765427162468346
diabetes,grid,22,22,28,0.765427162468346
diabetes,grid,22,22,29,0.765427162468346
diabetes,grid,22,22,30,0.765427162468346
diabetes,grid,22,22,31,0.765427162468346
diabetes,grid,22,22,32,0.765427162468346
diabetes,grid,22,22,33,0.765427162468346
diabetes,grid,22,22,34,0.765427162468346
diabetes,grid,22,22,35,0.7686791949886713
diabetes,grid,22,22,36,0.7687058509929362
diabetes,grid,22,22,37,0.7687058509929362
diabetes,grid,22,22,38,0.7687058509929362
diabetes,grid,22,22,39,0.7687058509929362
diabetes,grid,22,22,40,0.7687058509929362
diabetes,grid,22,22,41,0.7687058509929362
diabetes,grid,22,22,42,0.7687058509929362
diabetes,grid,22,22,43,0.7687058509929362
diabetes,grid,22,22,44,0.7687058509929362
diabetes,grid,22,22,45,0.7687058509929362
diabetes,grid,22,22,46,0.7687058509929362
diabetes,grid,22,22,47,0.7687058509929362
diabetes,grid,22,22,48,0.7687058509929362
diabetes,grid,22,22,49,0.7687058509929362
diabetes,grid,22,22,50,0.7687058509929362
diabetes,grid,22,22,51,0.7687058509929362
diabetes,grid,22,22,52,0.7687058509929362
diabetes,grid,22,22,53,0.7687058509929362
diabetes,grid,22,22,54,0.7687058509929362
diabetes,grid,22,22,55,0.7687058509929362
diabetes,grid,22,22,56,0.7703052112488338
diabetes,grid,22,22,57,0.7703052112488338
diabetes,grid,22,22,58,0.7703052112488338
diabetes,grid,22,22,59,0.7703052112488338
diabetes,grid,22,22,60,0.7703052112488338
diabetes,grid,22,22,61,0.7703052112488338
diabetes,grid,22,22,62,0.7703052112488338
diabetes,grid,22,22,63,0.7703052112488338
diabetes,grid,22,22,64,0.7703052112488338
diabetes,grid,22,22,65,0.7703052112488338
diabetes,grid,22,22,66,0.7703052112488338
diabetes,grid,22,22,67,0.7703052112488338
diabetes,grid,22,22,68,0.7703052112488338
diabetes,grid,22,22,69,0.7703052112488338
diabetes,grid,22,22,70,0.7703052112488338
diabetes,grid,22,22,71,0.7703052112488338
diabetes,grid,22,22,72,0.7703052112488338
diabetes,grid,22,22,73,0.7703052112488338
diabetes,grid,22,22,74,0.7703052112488338
diabetes,grid,22,22,75,0.7703052112488338
diabetes,grid,22,22,76,0.7703052112488338
diabetes,grid,22,22,77,0.7703052112488338
diabetes,grid,22,22,78,0.7703052112488338
diabetes,grid,22,22,79,0.7703052112488338
diabetes,grid,22,22,80,0.7703052112488338
diabetes,grid,22,22,81,0.7703052112488338
diabetes,grid,22,22,82,0.7703052112488338
diabetes,grid,22,22,83,0.7703052112488338
diabetes,grid,22,22,84,0.7703052112488338
diabetes,grid,22,22,85,0.7703052112488338
diabetes,grid,22,22,86,0.7703052112488338
diabetes,grid,22,22,87,0.7703052112488338
diabetes,grid,22,22,88,0.7703052112488338
diabetes,grid,22,22,89,0.7703052112488338
diabetes,grid,22,22,90,0.7703052112488338
diabetes,grid,22,22,91,0.7703052112488338
diabetes,grid,22,22,92,0.7703052112488338
diabetes,grid,22,22,93,0.7703052112488338
diabetes,grid,22,22,94,0.7703052112488338
diabetes,grid,22,22,95,0.7703052112488338
diabetes,grid,22,22,96,0.7703052112488338
diabetes,grid,22,22,97,0.7703052112488338
diabetes,grid,22,22,98,0.7703052112488338
diabetes,grid,22,22,99,0.7703052112488338
diabetes,grid,22,22,100,0.7703052112488338
diabetes,random,22,22,1,0.7117153138744502
diabetes,random,22,22,2,0.7638011462081834
diabetes,random,22,22,3,0.7638011462081834
diabetes,random,22,22,4,0.7638011462081834
diabetes,random,22,22,5,0.7638011462081834
diabetes,random,22,22,6,0.7638011462081834
diabetes,random,22,22,7,0.7638011462081834
diabetes,random,22,22,8,0.7638011462081834
diabetes,random,22,22,9,0.7638011462081834
diabetes,random,22,22,10,0.7638011462081834
diabetes,random,22,22,11,0.7638011462081834
diabetes,random,22,22,12,0.7638011462081834
diabetes,random,22,22,13,0.7638011462081834
diabetes,random,22,22,14,0.7638011462081834
diabetes,random,22,22,15,0.7654005064640811
diabetes,random,22,22,16,0.7654005064640811
diabetes,random,22,22,17,0.7654005064640811
diabetes,random,22,22,18,0.7654005064640811
diabetes,random,22,22,19,0.7654005064640811
diabetes,random,22,22,20,0.7654005064640811
diabetes,random,22,22,21,0.7670531787285086
diabetes,random,22,22,22,0.7670531787285086
diabetes,random,22,22,23,0.7670531787285086
diabetes,random,22,22,24,0.7670531787285086
diabetes,random,22,22,25,0.7670531787285086
diabetes,random,22,22,26,0.7670531787285086
diabetes,random,22,22,27,0.7670531787285086
diabetes,random,22,22,28,0.7670531787285086
diabetes,random,22,22,29,0.7670531787285086
diabetes,random,22,22,30,0.7670531787285086
diabetes,random,22,22,31,0.7670531787285086
diabetes,random,22,22,32,0.7670531787285086
diabetes,random,22,22,33,0.7670531787285086
diabetes,random,22,22,34,0.7670531787285086
diabetes,random,22,22,35,0.7670531787285086
diabetes,random,22,22,36,0.7670531787285086
diabetes,random,22,22,37,0.7670531787285086
diabetes,random,22,22,38,0.7670531787285086
diabetes,random,22,22,39,0.7670531787285086
diabetes,random,22,22,40,0.7670531787285086
diabetes,random,22,22,41,0.7686791949886713
diabetes,random,22,22,42,0.7686791949886713
diabetes,random,22,22,43,0.7686791949886713
diabetes,random,22,22,44,0.7686791949886713
diabetes,random,22,22,45,0.7686791949886713
diabetes,random,22,22,46,0.7686791949886713
diabetes,random,22,22,47,0.7686791949886713
diabetes,random,22,22,48,0.7686791949886713
diabetes,random,22,22,49,0.7686791949886713
diabetes,random,22,22,50,0.7686791949886713
diabetes,random,22,22,51,0.7686791949886713
diabetes,random,22,22,52,0.7686791949886713
diabetes,random,22,22,53,0.7686791949886713
diabetes,random,22,22,54,0.7687191789950686
diabetes,random,22,22,55,0.7687191789950686
diabetes,random,22,22,56,0.7687191789950686
diabetes,random,22,22,57,0.7687191789950686
diabetes,random,22,22,58,0.7687191789950686
diabetes,random,22,22,59,0.7687191789950686
diabetes,random,22,22,60,0.7687191789950686
diabetes,random,22,22,61,0.7687191789950686
diabetes,random,22,22,62,0.7687191789950686
diabetes,random,22,22,63,0.7687191789950686
diabetes,random,22,22,64,0.7687191789950686
diabetes,random,22,22,65,0.7687191789950686
diabetes,random,22,22,66,0.7687191789950686
diabetes,random,22,22,67,0.7687191789950686
diabetes,random,22,22,68,0.7687191789950686
diabetes,random,22,22,69,0.7687191789950686
diabetes,random,22,22,70,0.7687191789950686
diabetes,random,22,22,71,0.7687191789950686
diabetes,random,22,22,72,0.7687191789950686
diabetes,random,22,22,73,0.7687191789950686
diabetes,random,22,22,74,0.7687191789950686
diabetes,random,22,22,75,0.7687191789950686
diabetes,random,22,22,76,0.7687191789950686
diabetes,random,22,22,77,0.7687191789950686
diabetes,random,22,22,78,0.7687191789950686
diabetes,random,22,22,79,0.7687191789950686
diabetes,random,22,22,80,0.7687191789950686
diabetes,random,22,22,81,0.7687191789950686
diabetes,random,22,22,82,0.7687191789950686
diabetes,random,22,22,83,0.7687191789950686
diabetes,random,22,22,84,0.7687191789950686
diabetes,random,22,22,85,0.7687191789950686
diabetes,random,22,22,86,0.7687191789950686
diabetes,random,22,22,87,0.7687191789950686
diabetes,random,22,22,88,0.7687191789950686
diabetes,random,22,22,89,0.7687191789950686
diabetes,random,22,22,90,0.7687191789950686
diabetes,random,22,22,91,0.7687191789950686
diabetes,random,22,22,92,0.7687191789950686
diabetes,random,22,22,93,0.7687191789950686
diabetes,random,22,22,94,0.7687191789950686
diabetes,random,22,22,95,0.7687191789950686
diabetes,random,22,22,96,0.7687191789950686
diabetes,random,22,22,97,0.7687191789950686
diabetes,random,22,22,98,0.7687191789950686
diabetes,random,22,22,99,0.7687191789950686
diabetes,random,22,22,100,0.7687191789950686
diabetes,bo_tpe,22,22,1,0.7117153138744502
diabetes,bo_tpe,22,22,2,0.7638011462081834
diabetes,bo_tpe,22,22,3,0.7638011462081834
diabetes,bo_tpe,22,22,4,0.7638011462081834
diabetes,bo_tpe,22,22,5,0.7638011462081834
diabetes,bo_tpe,22,22,6,0.7638011462081834
diabetes,bo_tpe,22,22,7,0.7638011462081834
diabetes,bo_tpe,22,22,8,0.7638011462081834
diabetes,bo_tpe,22,22,9,0.7638011462081834
diabetes,bo_tpe,22,22,10,0.7638011462081834
diabetes,bo_tpe,22,22,11,0.7638011462081834
diabetes,bo_tpe,22,22,12,0.7638011462081834
diabetes,bo_tpe,22,22,13,0.7638011462081834
diabetes,bo_tpe,22,22,14,0.7638011462081834
diabetes,bo_tpe,22,22,15,0.7638011462081834
diabetes,bo_tpe,22,22,16,0.7638011462081834
diabetes,bo_tpe,22,22,17,0.7638011462081834
diabetes,bo_tpe,22,22,18,0.7638011462081834
diabetes,bo_tpe,22,22,19,0.7638011462081834
diabetes,bo_tpe,22,22,20,0.7638011462081834
diabetes,bo_tpe,22,22,21,0.7670265227242437
diabetes,bo_tpe,22,22,22,0.7702785552445689
diabetes,bo_tpe,22,22,23,0.7702785552445689
diabetes,bo_tpe,22,22,24,0.7702785552445689
diabetes,bo_tpe,22,22,25,0.7702785552445689
diabetes,bo_tpe,22,22,26,0.7702785552445689
diabetes,bo_tpe,22,22,27,0.7702785552445689
diabetes,bo_tpe,22,22,28,0.7702785552445689
diabetes,bo_tpe,22,22,29,0.7702785552445689
diabetes,bo_tpe,22,22,30,0.7702785552445689
diabetes,bo_tpe,22,22,31,0.7702785552445689
diabetes,bo_tpe,22,22,32,0.7702785552445689
diabetes,bo_tpe,22,22,33,0.7702785552445689
diabetes,bo_tpe,22,22,34,0.7702785552445689
diabetes,bo_tpe,22,22,35,0.7702785552445689
diabetes,bo_tpe,22,22,36,0.7702785552445689
diabetes,bo_tpe,22,22,37,0.7702785552445689
diabetes,bo_tpe,22,22,38,0.7702785552445689
diabetes,bo_tpe,22,22,39,0.7702785552445689
diabetes,bo_tpe,22,22,40,0.7702785552445689
diabetes,bo_tpe,22,22,41,0.7702785552445689
diabetes,bo_tpe,22,22,42,0.7702785552445689
diabetes,bo_tpe,22,22,43,0.7702785552445689
diabetes,bo_tpe,22,22,44,0.7702785552445689
diabetes,bo_tpe,22,22,45,0.7702785552445689
diabetes,bo_tpe,22,22,46,0.7702785552445689
diabetes,bo_tpe,22,22,47,0.7702785552445689
diabetes,bo_tpe,22,22,48,0.7702785552445689
diabetes,bo_tpe,22,22,49,0.7702785552445689
diabetes,bo_tpe,22,22,50,0.7702785552445689
diabetes,bo_tpe,22,22,51,0.7702785552445689
diabetes,bo_tpe,22,22,52,0.7702785552445689
diabetes,bo_tpe,22,22,53,0.7702785552445689
diabetes,bo_tpe,22,22,54,0.7702785552445689
diabetes,bo_tpe,22,22,55,0.7702785552445689
diabetes,bo_tpe,22,22,56,0.7702785552445689
diabetes,bo_tpe,22,22,57,0.7702785552445689
diabetes,bo_tpe,22,22,58,0.7702785552445689
diabetes,bo_tpe,22,22,59,0.7702785552445689
diabetes,bo_tpe,22,22,60,0.7702785552445689
diabetes,bo_tpe,22,22,61,0.7702785552445689
diabetes,bo_tpe,22,22,62,0.7702785552445689
diabetes,bo_tpe,22,22,63,0.7702785552445689
diabetes,bo_tpe,22,22,64,0.7702785552445689
diabetes,bo_tpe,22,22,65,0.7702785552445689
diabetes,bo_tpe,22,22,66,0.7702785552445689
diabetes,bo_tpe,22,22,67,0.7702785552445689
diabetes,bo_tpe,22,22,68,0.7702785552445689
diabetes,bo_tpe,22,22,69,0.7702785552445689
diabetes,bo_tpe,22,22,70,0.7702785552445689
diabetes,bo_tpe,22,22,71,0.7702785552445689
diabetes,bo_tpe,22,22,72,0.7702785552445689
diabetes,bo_tpe,22,22,73,0.7702785552445689
diabetes,bo_tpe,22,22,74,0.7702785552445689
diabetes,bo_tpe,22,22,75,0.7702785552445689
diabetes,bo_tpe,22,22,76,0.7702785552445689
diabetes,bo_tpe,22,22,77,0.7702785552445689
diabetes,bo_tpe,22,22,78,0.7702785552445689
diabetes,bo_tpe,22,22,79,0.7702785552445689
diabetes,bo_tpe,22,22,80,0.7702785552445689
diabetes,bo_tpe,22,22,81,0.7702785552445689
diabetes,bo_tpe,22,22,82,0.7702785552445689
diabetes,bo_tpe,22,22,83,0.7702785552445689
diabetes,bo_tpe,22,22,84,0.7702785552445689
diabetes,bo_tpe,22,22,85,0.7702785552445689
diabetes,bo_tpe,22,22,86,0.7702785552445689
diabetes,bo_tpe,22,22,87,0.7702785552445689
diabetes,bo_tpe,22,22,88,0.7702785552445689
diabetes,bo_tpe,22,22,89,0.7702785552445689
diabetes,bo_tpe,22,22,90,0.7702785552445689
diabetes,bo_tpe,22,22,91,0.7702785552445689
diabetes,bo_tpe,22,22,92,0.7702785552445689
diabetes,bo_tpe,22,22,93,0.7702785552445689
diabetes,bo_tpe,22,22,94,0.7702785552445689
diabetes,bo_tpe,22,22,95,0.7702785552445689
diabetes,bo_tpe,22,22,96,0.7702785552445689
diabetes,bo_tpe,22,22,97,0.7702785552445689
diabetes,bo_tpe,22,22,98,0.7702785552445689
diabetes,bo_tpe,22,22,99,0.7702785552445689
diabetes,bo_tpe,22,22,100,0.7702785552445689
diabetes,pso,22,22,1,0.7670265227242437
diabetes,pso,22,22,2,0.7670531787285086
diabetes,pso,22,22,3,0.7670531787285086
diabetes,pso,22,22,4,0.7670531787285086
diabetes,pso,22,22,5,0.7670531787285086
diabetes,pso,22,22,6,0.7670531787285086
diabetes,pso,22,22,7,0.7670531787285086
diabetes,pso,22,22,8,0.7670531787285086
diabetes,pso,22,22,9,0.7670531787285086
diabetes,pso,22,22,10,0.7670531787285086
diabetes,pso,22,22,11,0.7670531787285086
diabetes,pso,22,22,12,0.7670531787285086
diabetes,pso,22,22,13,0.7670531787285086
diabetes,pso,22,22,14,0.7670531787285086
diabetes,pso,22,22,15,0.7670531787285086
diabetes,pso,22,22,16,0.7670531787285086
diabetes,pso,22,22,17,0.7670531787285086
diabetes,pso,22,22,18,0.7670531787285086
diabetes,pso,22,22,19,0.7670531787285086
diabetes,pso,22,22,20,0.7670531787285086
diabetes,pso,22,22,21,0.7670531787285086
diabetes,pso,22,22,22,0.7670531787285086
diabetes,pso,22,22,23,0.7670531787285086
diabetes,pso,22,22,24,0.7670531787285086
diabetes,pso,22,22,25,0.7670531787285086
diabetes,pso,22,22,26,0.7670531787285086
diabetes,pso,22,22,27,0.7670531787285086
diabetes,pso,22,22,28,0.7670531787285086
diabetes,pso,22,22,29,0.7670531787285086
diabetes,pso,22,22,30,0.7670531787285086
diabetes,pso,22,22,31,0.7670531787285086
diabetes,pso,22,22,32,0.7670531787285086
diabetes,pso,22,22,33,0.7670531787285086
diabetes,pso,22,22,34,0.7670531787285086
diabetes,pso,22,22,35,0.7670531787285086
diabetes,pso,22,22,36,0.7686791949886712
diabetes,pso,22,22,37,0.7686791949886712
diabetes,pso,22,22,38,0.7686791949886712
diabetes,pso,22,22,39,0.7686791949886712
diabetes,pso,22,22,40,0.7686791949886712
diabetes,pso,22,22,41,0.7686791949886712
diabetes,pso,22,22,42,0.7686791949886712
diabetes,pso,22,22,43,0.7686791949886712
diabetes,pso,22,22,44,0.7686791949886712
diabetes,pso,22,22,45,0.7686791949886712
diabetes,pso,22,22,46,0.7686791949886712
diabetes,pso,22,22,47,0.7686791949886712
diabetes,pso,22,22,48,0.7686791949886712
diabetes,pso,22,22,49,0.7686791949886712
diabetes,pso,22,22,50,0.7686791949886713
diabetes,pso,22,22,51,0.7686791949886713
diabetes,pso,22,22,52,0.7686791949886713
diabetes,pso,22,22,53,0.7686791949886713
diabetes,pso,22,22,54,0.7686791949886713
diabetes,pso,22,22,55,0.7686791949886713
diabetes,pso,22,22,56,0.7686791949886713
diabetes,pso,22,22,57,0.7686791949886713
diabetes,pso,22,22,58,0.7686791949886713
diabetes,pso,22,22,59,0.7686791949886713
diabetes,pso,22,22,60,0.7686791949886713
diabetes,pso,22,22,61,0.7686791949886713
diabetes,pso,22,22,62,0.7686791949886713
diabetes,pso,22,22,63,0.7686791949886713
diabetes,pso,22,22,64,0.7686791949886713
diabetes,pso,22,22,65,0.7686791949886713
diabetes,pso,22,22,66,0.7686791949886713
diabetes,pso,22,22,67,0.7686791949886713
diabetes,pso,22,22,68,0.7686791949886713
diabetes,pso,22,22,69,0.7686791949886713
diabetes,pso,22,22,70,0.7686791949886713
diabetes,pso,22,22,71,0.7686791949886713
diabetes,pso,22,22,72,0.7686791949886713
diabetes,pso,22,22,73,0.7686791949886713
diabetes,pso,22,22,74,0.7686791949886713
diabetes,pso,22,22,75,0.7686791949886713
diabetes,pso,22,22,76,0.7686791949886713
diabetes,pso,22,22,77,0.7686791949886713
diabetes,pso,22,22,78,0.7686791949886713
diabetes,pso,22,22,79,0.7686791949886713
diabetes,pso,22,22,80,0.7686791949886713
diabetes,pso,22,22,81,0.7686791949886713
diabetes,pso,22,22,82,0.7686791949886713
diabetes,pso,22,22,83,0.7686791949886713
diabetes,pso,22,22,84,0.7686791949886713
diabetes,pso,22,22,85,0.7686791949886713
diabetes,pso,22,22,86,0.7703052112488338
diabetes,pso,22,22,87,0.7703052112488338
diabetes,pso,22,22,88,0.7703052112488338
diabetes,pso,22,22,89,0.7703052112488338
diabetes,pso,22,22,90,0.7703052112488338
diabetes,pso,22,22,91,0.7703052112488338
diabetes,pso,22,22,92,0.7703052112488338
diabetes,pso,22,22,93,0.7703052112488338
diabetes,pso,22,22,94,0.7703052112488338
diabetes,pso,22,22,95,0.7703052112488338
diabetes,pso,22,22,96,0.7703052112488338
diabetes,pso,22,22,97,0.7703052112488338
diabetes,pso,22,22,98,0.7703052112488338
diabetes,pso,22,22,99,0.7703052112488338
diabetes,pso,22,22,100,0.7703052112488338
diabetes,de,22,22,1,0.7670265227242437
diabetes,de,22,22,2,0.7670265227242437
diabetes,de,22,22,3,0.7670265227242437
diabetes,de,22,22,4,0.7670265227242437
diabetes,de,22,22,5,0.7670265227242437
diabetes,de,22,22,6,0.7670265227242437
diabetes,de,22,22,7,0.7670265227242437
diabetes,de,22,22,8,0.7670265227242437
diabetes,de,22,22,9,0.7670265227242437
diabetes,de,22,22,10,0.7670265227242437
diabetes,de,22,22,11,0.7670265227242437
diabetes,de,22,22,12,0.7670265227242437
diabetes,de,22,22,13,0.7670265227242437
diabetes,de,22,22,14,0.7670265227242437
diabetes,de,22,22,15,0.7670265227242437
diabetes,de,22,22,16,0.7670265227242437
diabetes,de,22,22,17,0.7670265227242437
diabetes,de,22,22,18,0.7670265227242437
diabetes,de,22,22,19,0.7670265227242437
diabetes,de,22,22,20,0.7670265227242437
diabetes,de,22,22,21,0.7670265227242437
diabetes,de,22,22,22,0.7670265227242437
diabetes,de,22,22,23,0.7702785552445688
diabetes,de,22,22,24,0.7702785552445688
diabetes,de,22,22,25,0.7702785552445688
diabetes,de,22,22,26,0.7702785552445688
diabetes,de,22,22,27,0.7702785552445688
diabetes,de,22,22,28,0.7702785552445688
diabetes,de,22,22,29,0.7702785552445688
diabetes,de,22,22,30,0.7702785552445688
diabetes,de,22,22,31,0.7702785552445688
diabetes,de,22,22,32,0.7702785552445688
diabetes,de,22,22,33,0.7702785552445688
diabetes,de,22,22,34,0.7702785552445688
diabetes,de,22,22,35,0.7702785552445688
diabetes,de,22,22,36,0.7702785552445688
diabetes,de,22,22,37,0.7702785552445688
diabetes,de,22,22,38,0.7702785552445688
diabetes,de,22,22,39,0.7702785552445688
diabetes,de,22,22,40,0.7702785552445688
diabetes,de,22,22,41,0.7702785552445688
diabetes,de,22,22,42,0.7702785552445688
diabetes,de,22,22,43,0.7702785552445688
diabetes,de,22,22,44,0.7702785552445688
diabetes,de,22,22,45,0.7702785552445688
diabetes,de,22,22,46,0.7702785552445688
diabetes,de,22,22,47,0.7702785552445688
diabetes,de,22,22,48,0.7702785552445688
diabetes,de,22,22,49,0.7702785552445688
diabetes,de,22,22,50,0.7702785552445688
diabetes,de,22,22,51,0.7702785552445688
diabetes,de,22,22,52,0.7702785552445688
diabetes,de,22,22,53,0.7702785552445688
diabetes,de,22,22,54,0.7702785552445688
diabetes,de,22,22,55,0.7702785552445688
diabetes,de,22,22,56,0.7702785552445688
diabetes,de,22,22,57,0.7702785552445688
diabetes,de,22,22,58,0.7702785552445688
diabetes,de,22,22,59,0.7702785552445688
diabetes,de,22,22,60,0.7702785552445688
diabetes,de,22,22,61,0.7702785552445688
diabetes,de,22,22,62,0.7702785552445688
diabetes,de,22,22,63,0.7702785552445688
diabetes,de,22,22,64,0.7702785552445688
diabetes,de,22,22,65,0.7702785552445688
diabetes,de,22,22,66,0.7702785552445688
diabetes,de,22,22,67,0.7702785552445688
diabetes,de,22,22,68,0.7702785552445688
diabetes,de,22,22,69,0.7702785552445688
diabetes,de,22,22,70,0.7702785552445688
diabetes,de,22,22,71,0.7702785552445688
diabetes,de,22,22,72,0.7702785552445688
diabetes,de,22,22,73,0.7702785552445688
diabetes,de,22,22,74,0.7702785552445688
diabetes,de,22,22,75,0.7702785552445688
diabetes,de,22,22,76,0.7702785552445688
diabetes,de,22,22,77,0.7702785552445688
diabetes,de,22,22,78,0.7702785552445688
diabetes,de,22,22,79,0.7702785552445688
diabetes,de,22,22,80,0.7702785552445688
diabetes,de,22,22,81,0.7702785552445688
diabetes,de,22,22,82,0.7702785552445688
diabetes,de,22,22,83,0.7702785552445688
diabetes,de,22,22,84,0.7702785552445688
diabetes,de,22,22,85,0.7702785552445688
diabetes,de,22,22,86,0.7702785552445688
diabetes,de,22,22,87,0.7702785552445688
diabetes,de,22,22,88,0.7702785552445688
diabetes,de,22,22,89,0.7702785552445688
diabetes,de,22,22,90,0.7702785552445688
diabetes,de,22,22,91,0.7702785552445688
diabetes,de,22,22,92,0.7702785552445688
diabetes,de,22,22,93,0.7702785552445688
diabetes,de,22,22,94,0.7702785552445688
diabetes,de,22,22,95,0.7702785552445688
diabetes,de,22,22,96,0.7702785552445688
diabetes,de,22,22,97,0.7702785552445688
diabetes,de,22,22,98,0.7702785552445688
diabetes,de,22,22,99,0.7702785552445688
diabetes,de,22,22,100,0.7702785552445688
diabetes,ga,22,22,1,0.7670265227242437
diabetes,ga,22,22,2,0.7670265227242437
diabetes,ga,22,22,3,0.7670265227242437
diabetes,ga,22,22,4,0.7670265227242437
diabetes,ga,22,22,5,0.7670265227242437
diabetes,ga,22,22,6,0.7670265227242437
diabetes,ga,22,22,7,0.7670265227242437
diabetes,ga,22,22,8,0.7670265227242437
diabetes,ga,22,22,9,0.7670265227242437
diabetes,ga,22,22,10,0.7670265227242437
diabetes,ga,22,22,11,0.7670265227242437
diabetes,ga,22,22,12,0.7670265227242437
diabetes,ga,22,22,13,0.7670265227242437
diabetes,ga,22,22,14,0.7670265227242437
diabetes,ga,22,22,15,0.7670265227242437
diabetes,ga,22,22,16,0.7670265227242437
diabetes,ga,22,22,17,0.7670265227242437
diabetes,ga,22,22,18,0.7670265227242437
diabetes,ga,22,22,19,0.7670265227242437
diabetes,ga,22,22,20,0.7670265227242437
diabetes,ga,22,22,21,0.7670265227242437
diabetes,ga,22,22,22,0.7670265227242437
diabetes,ga,22,22,23,0.7670265227242437
diabetes,ga,22,22,24,0.7670265227242437
diabetes,ga,22,22,25,0.7670265227242437
diabetes,ga,22,22,26,0.7670265227242437
diabetes,ga,22,22,27,0.7670265227242437
diabetes,ga,22,22,28,0.7670265227242437
diabetes,ga,22,22,29,0.7670265227242437
diabetes,ga,22,22,30,0.7670265227242437
diabetes,ga,22,22,31,0.7670265227242437
diabetes,ga,22,22,32,0.7670265227242437
diabetes,ga,22,22,33,0.7670265227242437
diabetes,ga,22,22,34,0.7670265227242437
diabetes,ga,22,22,35,0.7670265227242437
diabetes,ga,22,22,36,0.7670265227242437
diabetes,ga,22,22,37,0.7670265227242437
diabetes,ga,22,22,38,0.7670265227242437
diabetes,ga,22,22,39,0.7670265227242437
diabetes,ga,22,22,40,0.7670265227242437
diabetes,ga,22,22,41,0.7670265227242437
diabetes,ga,22,22,42,0.7670531787285086
diabetes,ga,22,22,43,0.7702785552445688
diabetes,ga,22,22,44,0.7702785552445688
diabetes,ga,22,22,45,0.7702785552445688
diabetes,ga,22,22,46,0.7702785552445688
diabetes,ga,22,22,47,0.7702785552445688
diabetes,ga,22,22,48,0.7702785552445688
diabetes,ga,22,22,49,0.7702785552445688
diabetes,ga,22,22,50,0.7702785552445688
diabetes,ga,22,22,51,0.7702785552445688
diabetes,ga,22,22,52,0.7702785552445688
diabetes,ga,22,22,53,0.7702785552445688
diabetes,ga,22,22,54,0.7702785552445688
diabetes,ga,22,22,55,0.7702785552445688
diabetes,ga,22,22,56,0.7702785552445688
diabetes,ga,22,22,57,0.7702785552445688
diabetes,ga,22,22,58,0.7702785552445688
diabetes,ga,22,22,59,0.7702785552445688
diabetes,ga,22,22,60,0.7702785552445688
diabetes,ga,22,22,61,0.7702785552445688
diabetes,ga,22,22,62,0.7702785552445688
diabetes,ga,22,22,63,0.7702785552445688
diabetes,ga,22,22,64,0.7702785552445688
diabetes,ga,22,22,65,0.7702785552445688
diabetes,ga,22,22,66,0.7702785552445688
diabetes,ga,22,22,67,0.7702785552445688
diabetes,ga,22,22,68,0.7702785552445688
diabetes,ga,22,22,69,0.7702785552445688
diabetes,ga,22,22,70,0.7702785552445688
diabetes,ga,22,22,71,0.7702785552445688
diabetes,ga,22,22,72,0.7702785552445688
diabetes,ga,22,22,73,0.7702785552445688
diabetes,ga,22,22,74,0.7702785552445688
diabetes,ga,22,22,75,0.7702785552445688
diabetes,ga,22,22,76,0.7702785552445688
diabetes,ga,22,22,77,0.7702785552445688
diabetes,ga,22,22,78,0.7702785552445688
diabetes,ga,22,22,79,0.7702785552445688
diabetes,ga,22,22,80,0.7702785552445688
diabetes,ga,22,22,81,0.7702785552445688
diabetes,ga,22,22,82,0.7702785552445688
diabetes,ga,22,22,83,0.7702785552445688
diabetes,ga,22,22,84,0.7702785552445688
diabetes,ga,22,22,85,0.7702785552445688
diabetes,ga,22,22,86,0.7702785552445688
diabetes,ga,22,22,87,0.7702785552445688
diabetes,ga,22,22,88,0.7702785552445688
diabetes,ga,22,22,89,0.7702785552445688
diabetes,ga,22,22,90,0.7702785552445688
diabetes,ga,22,22,91,0.7702785552445688
diabetes,ga,22,22,92,0.7702785552445688
diabetes,ga,22,22,93,0.7702785552445688
diabetes,ga,22,22,94,0.7702785552445688
diabetes,ga,22,22,95,0.7702785552445688
diabetes,ga,22,22,96,0.7702785552445688
diabetes,ga,22,22,97,0.7702785552445688
diabetes,ga,22,22,98,0.7702785552445688
diabetes,ga,22,22,99,0.7702785552445688
diabetes,ga,22,22,100,0.7702785552445688
diabetes,sa,22,22,1,0.7117153138744502
diabetes,sa,22,22,2,0.7117153138744502
diabetes,sa,22,22,3,0.7117153138744502
diabetes,sa,22,22,4,0.7117153138744502
diabetes,sa,22,22,5,0.7117153138744502
diabetes,sa,22,22,6,0.7117153138744502
diabetes,sa,22,22,7,0.7117153138744502
diabetes,sa,22,22,8,0.7117153138744502
diabetes,sa,22,22,9,0.7117153138744502
diabetes,sa,22,22,10,0.7117153138744502
diabetes,sa,22,22,11,0.7117153138744502
diabetes,sa,22,22,12,0.7117153138744502
diabetes,sa,22,22,13,0.7117153138744502
diabetes,sa,22,22,14,0.7117153138744502
diabetes,sa,22,22,15,0.7117153138744502
diabetes,sa,22,22,16,0.7117153138744502
diabetes,sa,22,22,17,0.7117153138744502
diabetes,sa,22,22,18,0.7117153138744502
diabetes,sa,22,22,19,0.7117153138744502
diabetes,sa,22,22,20,0.7117153138744502
diabetes,sa,22,22,21,0.7117153138744502
diabetes,sa,22,22,22,0.7117153138744502
diabetes,sa,22,22,23,0.7117153138744502
diabetes,sa,22,22,24,0.7117153138744502
diabetes,sa,22,22,25,0.7117153138744502
diabetes,sa,22,22,26,0.7117153138744502
diabetes,sa,22,22,27,0.7117153138744502
diabetes,sa,22,22,28,0.7117153138744502
diabetes,sa,22,22,29,0.7556444089031054
diabetes,sa,22,22,30,0.7670265227242437
diabetes,sa,22,22,31,0.7670265227242437
diabetes,sa,22,22,32,0.7670265227242437
diabetes,sa,22,22,33,0.7670265227242437
diabetes,sa,22,22,34,0.7670265227242437
diabetes,sa,22,22,35,0.7670265227242437
diabetes,sa,22,22,36,0.7670265227242437
diabetes,sa,22,22,37,0.7670531787285086
diabetes,sa,22,22,38,0.7670531787285086
diabetes,sa,22,22,39,0.7670531787285086
diabetes,sa,22,22,40,0.7670531787285086
diabetes,sa,22,22,41,0.7670531787285086
diabetes,sa,22,22,42,0.7670531787285086
diabetes,sa,22,22,43,0.7670531787285086
diabetes,sa,22,22,44,0.7735838997734239
diabetes,sa,22,22,45,0.7735838997734239
diabetes,sa,22,22,46,0.7735838997734239
diabetes,sa,22,22,47,0.7735838997734239
diabetes,sa,22,22,48,0.7735838997734239
diabetes,sa,22,22,49,0.7735838997734239
diabetes,sa,22,22,50,0.7735838997734239
diabetes,sa,22,22,51,0.7735838997734239
diabetes,sa,22,22,52,0.7735838997734239
diabetes,sa,22,22,53,0.7735838997734239
diabetes,sa,22,22,54,0.7735838997734239
diabetes,sa,22,22,55,0.7735838997734239
diabetes,sa,22,22,56,0.7735838997734239
diabetes,sa,22,22,57,0.7735838997734239
diabetes,sa,22,22,58,0.7735838997734239
diabetes,sa,22,22,59,0.7735838997734239
diabetes,sa,22,22,60,0.7735838997734239
diabetes,sa,22,22,61,0.7735838997734239
diabetes,sa,22,22,62,0.7735838997734239
diabetes,sa,22,22,63,0.7735838997734239
diabetes,sa,22,22,64,0.7735838997734239
diabetes,sa,22,22,65,0.7735838997734239
diabetes,sa,22,22,66,0.7735838997734239
diabetes,sa,22,22,67,0.7735838997734239
diabetes,sa,22,22,68,0.7735838997734239
diabetes,sa,22,22,69,0.7735838997734239
diabetes,sa,22,22,70,0.7735838997734239
diabetes,sa,22,22,71,0.7735838997734239
diabetes,sa,22,22,72,0.7735838997734239
diabetes,sa,22,22,73,0.7735838997734239
diabetes,sa,22,22,74,0.7735838997734239
diabetes,sa,22,22,75,0.7735838997734239
diabetes,sa,22,22,76,0.7735838997734239
diabetes,sa,22,22,77,0.7735838997734239
diabetes,sa,22,22,78,0.7735838997734239
diabetes,sa,22,22,79,0.7735838997734239
diabetes,sa,22,22,80,0.7735838997734239
diabetes,sa,22,22,81,0.7735838997734239
diabetes,sa,22,22,82,0.7735838997734239
diabetes,sa,22,22,83,0.7735838997734239
diabetes,sa,22,22,84,0.7735838997734239
diabetes,sa,22,22,85,0.7735838997734239
diabetes,sa,22,22,86,0.7735838997734239
diabetes,sa,22,22,87,0.7735838997734239
diabetes,sa,22,22,88,0.7735838997734239
diabetes,sa,22,22,89,0.7735838997734239
diabetes,sa,22,22,90,0.7735838997734239
diabetes,sa,22,22,91,0.7735838997734239
diabetes,sa,22,22,92,0.7735838997734239
diabetes,sa,22,22,93,0.7735838997734239
diabetes,sa,22,22,94,0.7735838997734239
diabetes,sa,22,22,95,0.7735838997734239
diabetes,sa,22,22,96,0.7735838997734239
diabetes,sa,22,22,97,0.7735838997734239
diabetes,sa,22,22,98,0.7735838997734239
diabetes,sa,22,22,99,0.7735838997734239
diabetes,sa,22,22,100,0.7735838997734239
diabetes,grid,23,23,1,0.6514727442356391
diabetes,grid,23,23,2,0.6514727442356391
diabetes,grid,23,23,3,0.6514727442356391
diabetes,grid,23,23,4,0.6514727442356391
diabetes,grid,23,23,5,0.6514727442356391
diabetes,grid,23,23,6,0.6514727442356391
diabetes,grid,23,23,7,0.6514727442356391
diabetes,grid,23,23,8,0.6514727442356391
diabetes,grid,23,23,9,0.6514727442356391
diabetes,grid,23,23,10,0.6514727442356391
diabetes,grid,23,23,11,0.6514727442356391
diabetes,grid,23,23,12,0.6514727442356391
diabetes,grid,23,23,13,0.6514727442356391
diabetes,grid,23,23,14,0.6514727442356391
diabetes,grid,23,23,15,0.6514727442356391
diabetes,grid,23,23,16,0.757323737171798
diabetes,grid,23,23,17,0.757323737171798
diabetes,grid,23,23,18,0.757323737171798
diabetes,grid,23,23,19,0.757323737171798
diabetes,grid,23,23,20,0.757323737171798
diabetes,grid,23,23,21,0.757323737171798
diabetes,grid,23,23,22,0.757323737171798
diabetes,grid,23,23,23,0.757323737171798
diabetes,grid,23,23,24,0.757323737171798
diabetes,grid,23,23,25,0.765453818472611
diabetes,grid,23,23,26,0.7801012928162068
diabetes,grid,23,23,27,0.7801012928162068
diabetes,grid,23,23,28,0.7801012928162068
diabetes,grid,23,23,29,0.7801012928162068
diabetes,grid,23,23,30,0.7801012928162068
diabetes,grid,23,23,31,0.7801012928162068
diabetes,grid,23,23,32,0.7801012928162068
diabetes,grid,23,23,33,0.7801012928162068
diabetes,grid,23,23,34,0.7801012928162068
diabetes,grid,23,23,35,0.7801012928162068
diabetes,grid,23,23,36,0.7801012928162068
diabetes,grid,23,23,37,0.7801012928162068
diabetes,grid,23,23,38,0.7801012928162068
diabetes,grid,23,23,39,0.7801012928162068
diabetes,grid,23,23,40,0.7801012928162068
diabetes,grid,23,23,41,0.7801012928162068
diabetes,grid,23,23,42,0.7801012928162068
diabetes,grid,23,23,43,0.7801012928162068
diabetes,grid,23,23,44,0.7801012928162068
diabetes,grid,23,23,45,0.7801012928162068
diabetes,grid,23,23,46,0.7801012928162068
diabetes,grid,23,23,47,0.7801012928162068
diabetes,grid,23,23,48,0.7801012928162068
diabetes,grid,23,23,49,0.7801012928162068
diabetes,grid,23,23,50,0.7801012928162068
diabetes,grid,23,23,51,0.7801012928162068
diabetes,grid,23,23,52,0.7801012928162068
diabetes,grid,23,23,53,0.7801012928162068
diabetes,grid,23,23,54,0.7801012928162068
diabetes,grid,23,23,55,0.7801012928162068
diabetes,grid,23,23,56,0.7801012928162068
diabetes,grid,23,23,57,0.7801012928162068
diabetes,grid,23,23,58,0.7801012928162068
diabetes,grid,23,23,59,0.7801012928162068
diabetes,grid,23,23,60,0.7801012928162068
diabetes,grid,23,23,61,0.7801012928162068
diabetes,grid,23,23,62,0.7801012928162068
diabetes,grid,23,23,63,0.7801012928162068
diabetes,grid,23,23,64,0.7801012928162068
diabetes,grid,23,23,65,0.7801012928162068
diabetes,grid,23,23,66,0.7801012928162068
diabetes,grid,23,23,67,0.7801012928162068
diabetes,grid,23,23,68,0.7801012928162068
diabetes,grid,23,23,69,0.7801012928162068
diabetes,grid,23,23,70,0.7801012928162068
diabetes,grid,23,23,71,0.7801012928162068
diabetes,grid,23,23,72,0.7801012928162068
diabetes,grid,23,23,73,0.7801012928162068
diabetes,grid,23,23,74,0.7801012928162068
diabetes,grid,23,23,75,0.7801012928162068
diabetes,grid,23,23,76,0.7801012928162068
diabetes,grid,23,23,77,0.7801012928162068
diabetes,grid,23,23,78,0.7801012928162068
diabetes,grid,23,23,79,0.7801012928162068
diabetes,grid,23,23,80,0.7801012928162068
diabetes,grid,23,23,81,0.7801279488204719
diabetes,grid,23,23,82,0.7801279488204719
diabetes,grid,23,23,83,0.7801279488204719
diabetes,grid,23,23,84,0.7801279488204719
diabetes,grid,23,23,85,0.7801279488204719
diabetes,grid,23,23,86,0.7801279488204719
diabetes,grid,23,23,87,0.7801279488204719
diabetes,grid,23,23,88,0.7801279488204719
diabetes,grid,23,23,89,0.7801279488204719
diabetes,grid,23,23,90,0.7801279488204719
diabetes,grid,23,23,91,0.7801279488204719
diabetes,grid,23,23,92,0.7801279488204719
diabetes,grid,23,23,93,0.7801279488204719
diabetes,grid,23,23,94,0.7801279488204719
diabetes,grid,23,23,95,0.7801279488204719
diabetes,grid,23,23,96,0.7801279488204719
diabetes,grid,23,23,97,0.7801279488204719
diabetes,grid,23,23,98,0.7801279488204719
diabetes,grid,23,23,99,0.7801279488204719
diabetes,grid,23,23,100,0.7801279488204719
diabetes,random,23,23,1,0.684019725443156
diabetes,random,23,23,2,0.7768226042916168
diabetes,random,23,23,3,0.7768226042916168
diabetes,random,23,23,4,0.7768226042916168
diabetes,random,23,23,5,0.7768226042916168
diabetes,random,23,23,6,0.7768226042916168
diabetes,random,23,23,7,0.7768226042916168
diabetes,random,23,23,8,0.7768226042916168
diabetes,random,23,23,9,0.7768226042916168
diabetes,random,23,23,10,0.7768226042916168
diabetes,random,23,23,11,0.7768226042916168
diabetes,random,23,23,12,0.7768226042916168
diabetes,random,23,23,13,0.7768226042916168
diabetes,random,23,23,14,0.7768226042916168
diabetes,random,23,23,15,0.7768226042916168
diabetes,random,23,23,16,0.7768226042916168
diabetes,random,23,23,17,0.7768226042916168
diabetes,random,23,23,18,0.7768226042916168
diabetes,random,23,23,19,0.7768226042916168
diabetes,random,23,23,20,0.7768226042916168
diabetes,random,23,23,21,0.7768226042916168
diabetes,random,23,23,22,0.7768226042916168
diabetes,random,23,23,23,0.7768226042916168
diabetes,random,23,23,24,0.7768226042916168
diabetes,random,23,23,25,0.7768226042916168
diabetes,random,23,23,26,0.7768226042916168
diabetes,random,23,23,27,0.7768226042916168
diabetes,random,23,23,28,0.7768226042916168
diabetes,random,23,23,29,0.7768226042916168
diabetes,random,23,23,30,0.7768226042916168
diabetes,random,23,23,31,0.7768226042916168
diabetes,random,23,23,32,0.7768226042916168
diabetes,random,23,23,33,0.7768226042916168
diabetes,random,23,23,34,0.7768226042916168
diabetes,random,23,23,35,0.776862588298014
diabetes,random,23,23,36,0.776862588298014
diabetes,random,23,23,37,0.776862588298014
diabetes,random,23,23,38,0.776862588298014
diabetes,random,23,23,39,0.776862588298014
diabetes,random,23,23,40,0.776862588298014
diabetes,random,23,23,41,0.776862588298014
diabetes,random,23,23,42,0.776862588298014
diabetes,random,23,23,43,0.776862588298014
diabetes,random,23,23,44,0.776862588298014
diabetes,random,23,23,45,0.776862588298014
diabetes,random,23,23,46,0.776862588298014
diabetes,random,23,23,47,0.776862588298014
diabetes,random,23,23,48,0.776862588298014
diabetes,random,23,23,49,0.776862588298014
diabetes,random,23,23,50,0.776862588298014
diabetes,random,23,23,51,0.776862588298014
diabetes,random,23,23,52,0.776862588298014
diabetes,random,23,23,53,0.776862588298014
diabetes,random,23,23,54,0.776862588298014
diabetes,random,23,23,55,0.776862588298014
diabetes,random,23,23,56,0.776862588298014
diabetes,random,23,23,57,0.776862588298014
diabetes,random,23,23,58,0.776862588298014
diabetes,random,23,23,59,0.776862588298014
diabetes,random,23,23,60,0.776862588298014
diabetes,random,23,23,61,0.776862588298014
diabetes,random,23,23,62,0.776862588298014
diabetes,random,23,23,63,0.776862588298014
diabetes,random,23,23,64,0.776862588298014
diabetes,random,23,23,65,0.776862588298014
diabetes,random,23,23,66,0.776862588298014
diabetes,random,23,23,67,0.776862588298014
diabetes,random,23,23,68,0.776862588298014
diabetes,random,23,23,69,0.776862588298014
diabetes,random,23,23,70,0.776862588298014
diabetes,random,23,23,71,0.776862588298014
diabetes,random,23,23,72,0.776862588298014
diabetes,random,23,23,73,0.776862588298014
diabetes,random,23,23,74,0.776862588298014
diabetes,random,23,23,75,0.776862588298014
diabetes,random,23,23,76,0.776862588298014
diabetes,random,23,23,77,0.776862588298014
diabetes,random,23,23,78,0.776862588298014
diabetes,random,23,23,79,0.776862588298014
diabetes,random,23,23,80,0.776862588298014
diabetes,random,23,23,81,0.776862588298014
diabetes,random,23,23,82,0.776862588298014
diabetes,random,23,23,83,0.776862588298014
diabetes,random,23,23,84,0.776862588298014
diabetes,random,23,23,85,0.776862588298014
diabetes,random,23,23,86,0.776862588298014
diabetes,random,23,23,87,0.776862588298014
diabetes,random,23,23,88,0.776862588298014
diabetes,random,23,23,89,0.776862588298014
diabetes,random,23,23,90,0.776862588298014
diabetes,random,23,23,91,0.776862588298014
diabetes,random,23,23,92,0.776862588298014
diabetes,random,23,23,93,0.776862588298014
diabetes,random,23,23,94,0.776862588298014
diabetes,random,23,23,95,0.776862588298014
diabetes,random,23,23,96,0.776862588298014
diabetes,random,23,23,97,0.776862588298014
diabetes,random,23,23,98,0.776862588298014
diabetes,random,23,23,99,0.776862588298014
diabetes,random,23,23,100,0.776862588298014
diabetes,bo_tpe,23,23,1,0.684019725443156
diabetes,bo_tpe,23,23,2,0.7768226042916168
diabetes,bo_tpe,23,23,3,0.7768226042916168
diabetes,bo_tpe,23,23,4,0.7768226042916168
diabetes,bo_tpe,23,23,5,0.7768226042916168
diabetes,bo_tpe,23,23,6,0.7768226042916168
diabetes,bo_tpe,23,23,7,0.7768226042916168
diabetes,bo_tpe,23,23,8,0.7768226042916168
diabetes,bo_tpe,23,23,9,0.7768226042916168
diabetes,bo_tpe,23,23,10,0.7768226042916168
diabetes,bo_tpe,23,23,11,0.7768226042916168
diabetes,bo_tpe,23,23,12,0.7768226042916168
diabetes,bo_tpe,23,23,13,0.7768226042916168
diabetes,bo_tpe,23,23,14,0.7768226042916168
diabetes,bo_tpe,23,23,15,0.7768226042916168
diabetes,bo_tpe,23,23,16,0.7768226042916168
diabetes,bo_tpe,23,23,17,0.7768226042916168
diabetes,bo_tpe,23,23,18,0.7768226042916168
diabetes,bo_tpe,23,23,19,0.7768226042916168
diabetes,bo_tpe,23,23,20,0.7768359322937491
diabetes,bo_tpe,23,23,21,0.7768359322937491
diabetes,bo_tpe,23,23,22,0.7784619485539117
diabetes,bo_tpe,23,23,23,0.7784619485539117
diabetes,bo_tpe,23,23,24,0.7784619485539117
diabetes,bo_tpe,23,23,25,0.7784619485539117
diabetes,bo_tpe,23,23,26,0.7784619485539117
diabetes,bo_tpe,23,23,27,0.7784619485539117
diabetes,bo_tpe,23,23,28,0.7784619485539117
diabetes,bo_tpe,23,23,29,0.7784619485539117
diabetes,bo_tpe,23,23,30,0.7784619485539117
diabetes,bo_tpe,23,23,31,0.7784619485539117
diabetes,bo_tpe,23,23,32,0.7784619485539117
diabetes,bo_tpe,23,23,33,0.7784619485539117
diabetes,bo_tpe,23,23,34,0.7784619485539117
diabetes,bo_tpe,23,23,35,0.7784619485539117
diabetes,bo_tpe,23,23,36,0.7784619485539117
diabetes,bo_tpe,23,23,37,0.7784619485539117
diabetes,bo_tpe,23,23,38,0.7784619485539117
diabetes,bo_tpe,23,23,39,0.7784619485539117
diabetes,bo_tpe,23,23,40,0.7784619485539117
diabetes,bo_tpe,23,23,41,0.7784619485539117
diabetes,bo_tpe,23,23,42,0.7784619485539117
diabetes,bo_tpe,23,23,43,0.7784619485539117
diabetes,bo_tpe,23,23,44,0.7784619485539117
diabetes,bo_tpe,23,23,45,0.7784619485539117
diabetes,bo_tpe,23,23,46,0.7784619485539117
diabetes,bo_tpe,23,23,47,0.7784619485539117
diabetes,bo_tpe,23,23,48,0.7784619485539117
diabetes,bo_tpe,23,23,49,0.7784619485539117
diabetes,bo_tpe,23,23,50,0.7784619485539117
diabetes,bo_tpe,23,23,51,0.7784619485539117
diabetes,bo_tpe,23,23,52,0.7784619485539117
diabetes,bo_tpe,23,23,53,0.7784619485539117
diabetes,bo_tpe,23,23,54,0.7784619485539117
diabetes,bo_tpe,23,23,55,0.7784619485539117
diabetes,bo_tpe,23,23,56,0.7784619485539117
diabetes,bo_tpe,23,23,57,0.7784619485539117
diabetes,bo_tpe,23,23,58,0.7784619485539117
diabetes,bo_tpe,23,23,59,0.7784886045581768
diabetes,bo_tpe,23,23,60,0.7784886045581768
diabetes,bo_tpe,23,23,61,0.7784886045581768
diabetes,bo_tpe,23,23,62,0.7784886045581768
diabetes,bo_tpe,23,23,63,0.7801279488204719
diabetes,bo_tpe,23,23,64,0.7801279488204719
diabetes,bo_tpe,23,23,65,0.7801279488204719
diabetes,bo_tpe,23,23,66,0.7801279488204719
diabetes,bo_tpe,23,23,67,0.7801279488204719
diabetes,bo_tpe,23,23,68,0.7801279488204719
diabetes,bo_tpe,23,23,69,0.7801279488204719
diabetes,bo_tpe,23,23,70,0.7801279488204719
diabetes,bo_tpe,23,23,71,0.7801279488204719
diabetes,bo_tpe,23,23,72,0.7801279488204719
diabetes,bo_tpe,23,23,73,0.7801279488204719
diabetes,bo_tpe,23,23,74,0.7801279488204719
diabetes,bo_tpe,23,23,75,0.7801279488204719
diabetes,bo_tpe,23,23,76,0.7801279488204719
diabetes,bo_tpe,23,23,77,0.7801279488204719
diabetes,bo_tpe,23,23,78,0.7801279488204719
diabetes,bo_tpe,23,23,79,0.7801279488204719
diabetes,bo_tpe,23,23,80,0.7801279488204719
diabetes,bo_tpe,23,23,81,0.7801279488204719
diabetes,bo_tpe,23,23,82,0.7801279488204719
diabetes,bo_tpe,23,23,83,0.7801279488204719
diabetes,bo_tpe,23,23,84,0.7801279488204719
diabetes,bo_tpe,23,23,85,0.7801279488204719
diabetes,bo_tpe,23,23,86,0.7801279488204719
diabetes,bo_tpe,23,23,87,0.7801279488204719
diabetes,bo_tpe,23,23,88,0.7801279488204719
diabetes,bo_tpe,23,23,89,0.7801279488204719
diabetes,bo_tpe,23,23,90,0.7801279488204719
diabetes,bo_tpe,23,23,91,0.7801279488204719
diabetes,bo_tpe,23,23,92,0.7801279488204719
diabetes,bo_tpe,23,23,93,0.7801279488204719
diabetes,bo_tpe,23,23,94,0.7801279488204719
diabetes,bo_tpe,23,23,95,0.7801279488204719
diabetes,bo_tpe,23,23,96,0.7801279488204719
diabetes,bo_tpe,23,23,97,0.7801279488204719
diabetes,bo_tpe,23,23,98,0.7801279488204719
diabetes,bo_tpe,23,23,99,0.7801279488204719
diabetes,bo_tpe,23,23,100,0.7801279488204719
diabetes,pso,23,23,1,0.7703318672530988
diabetes,pso,23,23,2,0.7703318672530988
diabetes,pso,23,23,3,0.7703318672530988
diabetes,pso,23,23,4,0.7703318672530988
diabetes,pso,23,23,5,0.7703318672530988
diabetes,pso,23,23,6,0.7703318672530988
diabetes,pso,23,23,7,0.7703318672530988
diabetes,pso,23,23,8,0.7703318672530988
diabetes,pso,23,23,9,0.7703318672530988
diabetes,pso,23,23,10,0.7735838997734239
diabetes,pso,23,23,11,0.7735838997734239
diabetes,pso,23,23,12,0.7735838997734239
diabetes,pso,23,23,13,0.7735838997734239
diabetes,pso,23,23,14,0.7735838997734239
diabetes,pso,23,23,15,0.7735838997734239
diabetes,pso,23,23,16,0.7784752765560442
diabetes,pso,23,23,17,0.7784752765560442
diabetes,pso,23,23,18,0.7784752765560442
diabetes,pso,23,23,19,0.7784752765560442
diabetes,pso,23,23,20,0.7784752765560442
diabetes,pso,23,23,21,0.7784752765560442
diabetes,pso,23,23,22,0.7784752765560442
diabetes,pso,23,23,23,0.7784752765560442
diabetes,pso,23,23,24,0.7784752765560442
diabetes,pso,23,23,25,0.7784752765560442
diabetes,pso,23,23,26,0.7784752765560442
diabetes,pso,23,23,27,0.7784752765560442
diabetes,pso,23,23,28,0.7784752765560442
diabetes,pso,23,23,29,0.7784752765560442
diabetes,pso,23,23,30,0.7784752765560442
diabetes,pso,23,23,31,0.7784752765560442
diabetes,pso,23,23,32,0.7784752765560442
diabetes,pso,23,23,33,0.7784752765560442
diabetes,pso,23,23,34,0.7784752765560442
diabetes,pso,23,23,35,0.7784752765560442
diabetes,pso,23,23,36,0.7784752765560442
diabetes,pso,23,23,37,0.7784752765560442
diabetes,pso,23,23,38,0.7784752765560442
diabetes,pso,23,23,39,0.7784752765560442
diabetes,pso,23,23,40,0.7784752765560442
diabetes,pso,23,23,41,0.7784752765560442
diabetes,pso,23,23,42,0.7784752765560442
diabetes,pso,23,23,43,0.7784752765560442
diabetes,pso,23,23,44,0.7784752765560442
diabetes,pso,23,23,45,0.7784752765560442
diabetes,pso,23,23,46,0.7784752765560442
diabetes,pso,23,23,47,0.7784752765560442
diabetes,pso,23,23,48,0.7784752765560442
diabetes,pso,23,23,49,0.7833399973343995
diabetes,pso,23,23,50,0.7833399973343995
diabetes,pso,23,23,51,0.7833399973343995
diabetes,pso,23,23,52,0.7833399973343995
diabetes,pso,23,23,53,0.7833399973343995
diabetes,pso,23,23,54,0.7833399973343995
diabetes,pso,23,23,55,0.7833399973343995
diabetes,pso,23,23,56,0.7833399973343995
diabetes,pso,23,23,57,0.7833399973343995
diabetes,pso,23,23,58,0.7833399973343995
diabetes,pso,23,23,59,0.7833399973343995
diabetes,pso,23,23,60,0.7833399973343995
diabetes,pso,23,23,61,0.7833399973343995
diabetes,pso,23,23,62,0.7833399973343995
diabetes,pso,23,23,63,0.7833399973343995
diabetes,pso,23,23,64,0.7833399973343995
diabetes,pso,23,23,65,0.7833399973343995
diabetes,pso,23,23,66,0.7833399973343995
diabetes,pso,23,23,67,0.7833399973343995
diabetes,pso,23,23,68,0.7833399973343995
diabetes,pso,23,23,69,0.7833399973343995
diabetes,pso,23,23,70,0.7833399973343995
diabetes,pso,23,23,71,0.7833399973343995
diabetes,pso,23,23,72,0.7833399973343995
diabetes,pso,23,23,73,0.7833399973343995
diabetes,pso,23,23,74,0.7833399973343995
diabetes,pso,23,23,75,0.7833399973343995
diabetes,pso,23,23,76,0.7833399973343995
diabetes,pso,23,23,77,0.7833399973343995
diabetes,pso,23,23,78,0.7833399973343995
diabetes,pso,23,23,79,0.7833399973343995
diabetes,pso,23,23,80,0.7833399973343995
diabetes,pso,23,23,81,0.7833399973343995
diabetes,pso,23,23,82,0.7833399973343995
diabetes,pso,23,23,83,0.7833399973343995
diabetes,pso,23,23,84,0.7833399973343995
diabetes,pso,23,23,85,0.7833399973343995
diabetes,pso,23,23,86,0.7833399973343995
diabetes,pso,23,23,87,0.7833399973343995
diabetes,pso,23,23,88,0.7833399973343995
diabetes,pso,23,23,89,0.7833399973343995
diabetes,pso,23,23,90,0.7833399973343995
diabetes,pso,23,23,91,0.7833399973343995
diabetes,pso,23,23,92,0.7833399973343995
diabetes,pso,23,23,93,0.7833399973343995
diabetes,pso,23,23,94,0.7833399973343995
diabetes,pso,23,23,95,0.7833399973343995
diabetes,pso,23,23,96,0.7833399973343995
diabetes,pso,23,23,97,0.7833399973343995
diabetes,pso,23,23,98,0.7833666533386644
diabetes,pso,23,23,99,0.7833666533386644
diabetes,pso,23,23,100,0.7833666533386644
diabetes,de,23,23,1,0.7719578835132613
diabetes,de,23,23,2,0.7719578835132613
diabetes,de,23,23,3,0.7719578835132613
diabetes,de,23,23,4,0.7719578835132613
diabetes,de,23,23,5,0.7719578835132613
diabetes,de,23,23,6,0.775223244035719
diabetes,de,23,23,7,0.7801279488204719
diabetes,de,23,23,8,0.7801279488204719
diabetes,de,23,23,9,0.7801279488204719
diabetes,de,23,23,10,0.7801279488204719
diabetes,de,23,23,11,0.7801279488204719
diabetes,de,23,23,12,0.7801279488204719
diabetes,de,23,23,13,0.7801279488204719
diabetes,de,23,23,14,0.7801279488204719
diabetes,de,23,23,15,0.7801279488204719
diabetes,de,23,23,16,0.7801279488204719
diabetes,de,23,23,17,0.7801279488204719
diabetes,de,23,23,18,0.7801279488204719
diabetes,de,23,23,19,0.7801279488204719
diabetes,de,23,23,20,0.7801279488204719
diabetes,de,23,23,21,0.7801279488204719
diabetes,de,23,23,22,0.7801279488204719
diabetes,de,23,23,23,0.7801279488204719
diabetes,de,23,23,24,0.7801279488204719
diabetes,de,23,23,25,0.7801279488204719
diabetes,de,23,23,26,0.7801279488204719
diabetes,de,23,23,27,0.7801279488204719
diabetes,de,23,23,28,0.7801279488204719
diabetes,de,23,23,29,0.7801279488204719
diabetes,de,23,23,30,0.7801279488204719
diabetes,de,23,23,31,0.7801279488204719
diabetes,de,23,23,32,0.7801279488204719
diabetes,de,23,23,33,0.7801279488204719
diabetes,de,23,23,34,0.7801279488204719
diabetes,de,23,23,35,0.7801279488204719
diabetes,de,23,23,36,0.7801279488204719
diabetes,de,23,23,37,0.7801279488204719
diabetes,de,23,23,38,0.7801279488204719
diabetes,de,23,23,39,0.7801279488204719
diabetes,de,23,23,40,0.7801279488204719
diabetes,de,23,23,41,0.7801279488204719
diabetes,de,23,23,42,0.7801279488204719
diabetes,de,23,23,43,0.7801279488204719
diabetes,de,23,23,44,0.7801279488204719
diabetes,de,23,23,45,0.7801279488204719
diabetes,de,23,23,46,0.7801279488204719
diabetes,de,23,23,47,0.7801279488204719
diabetes,de,23,23,48,0.7801279488204719
diabetes,de,23,23,49,0.7801279488204719
diabetes,de,23,23,50,0.7801279488204719
diabetes,de,23,23,51,0.7801279488204719
diabetes,de,23,23,52,0.7801279488204719
diabetes,de,23,23,53,0.7801279488204719
diabetes,de,23,23,54,0.7801279488204719
diabetes,de,23,23,55,0.7801279488204719
diabetes,de,23,23,56,0.7801279488204719
diabetes,de,23,23,57,0.7801279488204719
diabetes,de,23,23,58,0.7801279488204719
diabetes,de,23,23,59,0.7801279488204719
diabetes,de,23,23,60,0.7801279488204719
diabetes,de,23,23,61,0.7801279488204719
diabetes,de,23,23,62,0.7801279488204719
diabetes,de,23,23,63,0.7801279488204719
diabetes,de,23,23,64,0.7801279488204719
diabetes,de,23,23,65,0.7801279488204719
diabetes,de,23,23,66,0.7801279488204719
diabetes,de,23,23,67,0.7801279488204719
diabetes,de,23,23,68,0.7801279488204719
diabetes,de,23,23,69,0.7801279488204719
diabetes,de,23,23,70,0.7801279488204719
diabetes,de,23,23,71,0.7801279488204719
diabetes,de,23,23,72,0.7801279488204719
diabetes,de,23,23,73,0.7801279488204719
diabetes,de,23,23,74,0.7801279488204719
diabetes,de,23,23,75,0.7801279488204719
diabetes,de,23,23,76,0.7801279488204719
diabetes,de,23,23,77,0.7801279488204719
diabetes,de,23,23,78,0.7801279488204719
diabetes,de,23,23,79,0.7801279488204719
diabetes,de,23,23,80,0.7801279488204719
diabetes,de,23,23,81,0.7801279488204719
diabetes,de,23,23,82,0.7801279488204719
diabetes,de,23,23,83,0.7801279488204719
diabetes,de,23,23,84,0.7801279488204719
diabetes,de,23,23,85,0.7801279488204719
diabetes,de,23,23,86,0.7801279488204719
diabetes,de,23,23,87,0.7801279488204719
diabetes,de,23,23,88,0.7801279488204719
diabetes,de,23,23,89,0.7801279488204719
diabetes,de,23,23,90,0.7801279488204719
diabetes,de,23,23,91,0.7801279488204719
diabetes,de,23,23,92,0.7801279488204719
diabetes,de,23,23,93,0.7801279488204719
diabetes,de,23,23,94,0.7801279488204719
diabetes,de,23,23,95,0.7801279488204719
diabetes,de,23,23,96,0.7801279488204719
diabetes,de,23,23,97,0.7801279488204719
diabetes,de,23,23,98,0.7801279488204719
diabetes,de,23,23,99,0.7801279488204719
diabetes,de,23,23,100,0.7801279488204719
diabetes,ga,23,23,1,0.7719578835132613
diabetes,ga,23,23,2,0.7719578835132613
diabetes,ga,23,23,3,0.7719578835132613
diabetes,ga,23,23,4,0.7719578835132613
diabetes,ga,23,23,5,0.7719578835132613
diabetes,ga,23,23,6,0.775223244035719
diabetes,ga,23,23,7,0.7801279488204719
diabetes,ga,23,23,8,0.7801279488204719
diabetes,ga,23,23,9,0.7801279488204719
diabetes,ga,23,23,10,0.7801279488204719
diabetes,ga,23,23,11,0.7801279488204719
diabetes,ga,23,23,12,0.7801279488204719
diabetes,ga,23,23,13,0.7801279488204719
diabetes,ga,23,23,14,0.7801279488204719
diabetes,ga,23,23,15,0.7801279488204719
diabetes,ga,23,23,16,0.7801279488204719
diabetes,ga,23,23,17,0.7801279488204719
diabetes,ga,23,23,18,0.7801279488204719
diabetes,ga,23,23,19,0.7801279488204719
diabetes,ga,23,23,20,0.7801279488204719
diabetes,ga,23,23,21,0.7801279488204719
diabetes,ga,23,23,22,0.7801279488204719
diabetes,ga,23,23,23,0.7801279488204719
diabetes,ga,23,23,24,0.7801279488204719
diabetes,ga,23,23,25,0.7801279488204719
diabetes,ga,23,23,26,0.7801279488204719
diabetes,ga,23,23,27,0.7801279488204719
diabetes,ga,23,23,28,0.7801279488204719
diabetes,ga,23,23,29,0.7801279488204719
diabetes,ga,23,23,30,0.7801279488204719
diabetes,ga,23,23,31,0.7801279488204719
diabetes,ga,23,23,32,0.7801279488204719
diabetes,ga,23,23,33,0.7801279488204719
diabetes,ga,23,23,34,0.7801279488204719
diabetes,ga,23,23,35,0.7801279488204719
diabetes,ga,23,23,36,0.7801279488204719
diabetes,ga,23,23,37,0.7801279488204719
diabetes,ga,23,23,38,0.7801279488204719
diabetes,ga,23,23,39,0.7801279488204719
diabetes,ga,23,23,40,0.7801279488204719
diabetes,ga,23,23,41,0.7801279488204719
diabetes,ga,23,23,42,0.7801279488204719
diabetes,ga,23,23,43,0.7801279488204719
diabetes,ga,23,23,44,0.7801279488204719
diabetes,ga,23,23,45,0.7801279488204719
diabetes,ga,23,23,46,0.7801279488204719
diabetes,ga,23,23,47,0.7801279488204719
diabetes,ga,23,23,48,0.7801279488204719
diabetes,ga,23,23,49,0.7801279488204719
diabetes,ga,23,23,50,0.7801279488204719
diabetes,ga,23,23,51,0.7801279488204719
diabetes,ga,23,23,52,0.7801279488204719
diabetes,ga,23,23,53,0.7801279488204719
diabetes,ga,23,23,54,0.7801279488204719
diabetes,ga,23,23,55,0.7801279488204719
diabetes,ga,23,23,56,0.7801279488204719
diabetes,ga,23,23,57,0.7801279488204719
diabetes,ga,23,23,58,0.7801279488204719
diabetes,ga,23,23,59,0.7801279488204719
diabetes,ga,23,23,60,0.7801279488204719
diabetes,ga,23,23,61,0.7801279488204719
diabetes,ga,23,23,62,0.7801279488204719
diabetes,ga,23,23,63,0.7801279488204719
diabetes,ga,23,23,64,0.7801279488204719
diabetes,ga,23,23,65,0.7801279488204719
diabetes,ga,23,23,66,0.7801279488204719
diabetes,ga,23,23,67,0.7801279488204719
diabetes,ga,23,23,68,0.7801279488204719
diabetes,ga,23,23,69,0.7801279488204719
diabetes,ga,23,23,70,0.7817539650806344
diabetes,ga,23,23,71,0.7817539650806344
diabetes,ga,23,23,72,0.7817539650806344
diabetes,ga,23,23,73,0.7817539650806344
diabetes,ga,23,23,74,0.7817539650806344
diabetes,ga,23,23,75,0.7817539650806344
diabetes,ga,23,23,76,0.7817539650806344
diabetes,ga,23,23,77,0.7817539650806344
diabetes,ga,23,23,78,0.7817539650806344
diabetes,ga,23,23,79,0.7817539650806344
diabetes,ga,23,23,80,0.7817539650806344
diabetes,ga,23,23,81,0.7817539650806344
diabetes,ga,23,23,82,0.7817539650806344
diabetes,ga,23,23,83,0.7817539650806344
diabetes,ga,23,23,84,0.7817539650806344
diabetes,ga,23,23,85,0.7817539650806344
diabetes,ga,23,23,86,0.7817539650806344
diabetes,ga,23,23,87,0.7817539650806344
diabetes,ga,23,23,88,0.7817539650806344
diabetes,ga,23,23,89,0.7817539650806344
diabetes,ga,23,23,90,0.7817539650806344
diabetes,ga,23,23,91,0.7817539650806344
diabetes,ga,23,23,92,0.7817539650806344
diabetes,ga,23,23,93,0.7817539650806344
diabetes,ga,23,23,94,0.7817539650806344
diabetes,ga,23,23,95,0.7817539650806344
diabetes,ga,23,23,96,0.7817539650806344
diabetes,ga,23,23,97,0.7817539650806344
diabetes,ga,23,23,98,0.7817539650806344
diabetes,ga,23,23,99,0.7817539650806344
diabetes,ga,23,23,100,0.7817539650806344
diabetes,sa,23,23,1,0.684019725443156
diabetes,sa,23,23,2,0.684019725443156
diabetes,sa,23,23,3,0.684019725443156
diabetes,sa,23,23,4,0.684019725443156
diabetes,sa,23,23,5,0.684019725443156
diabetes,sa,23,23,6,0.684019725443156
diabetes,sa,23,23,7,0.684019725443156
diabetes,sa,23,23,8,0.684019725443156
diabetes,sa,23,23,9,0.684019725443156
diabetes,sa,23,23,10,0.684019725443156
diabetes,sa,23,23,11,0.684019725443156
diabetes,sa,23,23,12,0.684019725443156
diabetes,sa,23,23,13,0.684019725443156
diabetes,sa,23,23,14,0.684019725443156
diabetes,sa,23,23,15,0.684019725443156
diabetes,sa,23,23,16,0.684019725443156
diabetes,sa,23,23,17,0.684019725443156
diabetes,sa,23,23,18,0.684019725443156
diabetes,sa,23,23,19,0.684019725443156
diabetes,sa,23,23,20,0.684019725443156
diabetes,sa,23,23,21,0.684019725443156
diabetes,sa,23,23,22,0.684019725443156
diabetes,sa,23,23,23,0.684019725443156
diabetes,sa,23,23,24,0.6840330534452885
diabetes,sa,23,23,25,0.6840330534452885
diabetes,sa,23,23,26,0.6840330534452885
diabetes,sa,23,23,27,0.6840330534452885
diabetes,sa,23,23,28,0.6856723977075836
diabetes,sa,23,23,29,0.7638411302145809
diabetes,sa,23,23,30,0.7638411302145809
diabetes,sa,23,23,31,0.7735838997734239
diabetes,sa,23,23,32,0.7735838997734239
diabetes,sa,23,23,33,0.7735838997734239
diabetes,sa,23,23,34,0.7735838997734239
diabetes,sa,23,23,35,0.7735838997734239
diabetes,sa,23,23,36,0.7735838997734239
diabetes,sa,23,23,37,0.7735838997734239
diabetes,sa,23,23,38,0.7735838997734239
diabetes,sa,23,23,39,0.7735838997734239
diabetes,sa,23,23,40,0.7735972277755564
diabetes,sa,23,23,41,0.7735972277755564
diabetes,sa,23,23,42,0.7735972277755564
diabetes,sa,23,23,43,0.7735972277755564
diabetes,sa,23,23,44,0.7735972277755564
diabetes,sa,23,23,45,0.7735972277755564
diabetes,sa,23,23,46,0.7735972277755564
diabetes,sa,23,23,47,0.7735972277755564
diabetes,sa,23,23,48,0.7735972277755564
diabetes,sa,23,23,49,0.7752099160335866
diabetes,sa,23,23,50,0.7752099160335866
diabetes,sa,23,23,51,0.7752099160335866
diabetes,sa,23,23,52,0.7752099160335866
diabetes,sa,23,23,53,0.7752099160335866
diabetes,sa,23,23,54,0.7752099160335866
diabetes,sa,23,23,55,0.7752099160335866
diabetes,sa,23,23,56,0.7752099160335866
diabetes,sa,23,23,57,0.7752099160335866
diabetes,sa,23,23,58,0.7752099160335866
diabetes,sa,23,23,59,0.776862588298014
diabetes,sa,23,23,60,0.7784886045581768
diabetes,sa,23,23,61,0.7784886045581768
diabetes,sa,23,23,62,0.7784886045581768
diabetes,sa,23,23,63,0.7784886045581768
diabetes,sa,23,23,64,0.7784886045581768
diabetes,sa,23,23,65,0.7784886045581768
diabetes,sa,23,23,66,0.7784886045581768
diabetes,sa,23,23,67,0.7784886045581768
diabetes,sa,23,23,68,0.7784886045581768
diabetes,sa,23,23,69,0.7784886045581768
diabetes,sa,23,23,70,0.7784886045581768
diabetes,sa,23,23,71,0.7784886045581768
diabetes,sa,23,23,72,0.7784886045581768
diabetes,sa,23,23,73,0.7784886045581768
diabetes,sa,23,23,74,0.7784886045581768
diabetes,sa,23,23,75,0.7784886045581768
diabetes,sa,23,23,76,0.7784886045581768
diabetes,sa,23,23,77,0.7784886045581768
diabetes,sa,23,23,78,0.7784886045581768
diabetes,sa,23,23,79,0.7784886045581768
diabetes,sa,23,23,80,0.7784886045581768
diabetes,sa,23,23,81,0.7784886045581768
diabetes,sa,23,23,82,0.7784886045581768
diabetes,sa,23,23,83,0.7784886045581768
diabetes,sa,23,23,84,0.7784886045581768
diabetes,sa,23,23,85,0.7784886045581768
diabetes,sa,23,23,86,0.7784886045581768
diabetes,sa,23,23,87,0.7817406370785018
diabetes,sa,23,23,88,0.7817406370785018
diabetes,sa,23,23,89,0.7817406370785018
diabetes,sa,23,23,90,0.7817406370785018
diabetes,sa,23,23,91,0.7817406370785018
diabetes,sa,23,23,92,0.7817406370785018
diabetes,sa,23,23,93,0.7817406370785018
diabetes,sa,23,23,94,0.7817406370785018
diabetes,sa,23,23,95,0.7817406370785018
diabetes,sa,23,23,96,0.7817406370785018
diabetes,sa,23,23,97,0.7817406370785018
diabetes,sa,23,23,98,0.7817406370785018
diabetes,sa,23,23,99,0.7817406370785018
diabetes,sa,23,23,100,0.7817406370785018
diabetes,grid,24,24,1,0.6514727442356391
diabetes,grid,24,24,2,0.6514727442356391
diabetes,grid,24,24,3,0.6514727442356391
diabetes,grid,24,24,4,0.6514727442356391
diabetes,grid,24,24,5,0.6514727442356391
diabetes,grid,24,24,6,0.6514727442356391
diabetes,grid,24,24,7,0.6514727442356391
diabetes,grid,24,24,8,0.6514727442356391
diabetes,grid,24,24,9,0.6514727442356391
diabetes,grid,24,24,10,0.6514727442356391
diabetes,grid,24,24,11,0.6514727442356391
diabetes,grid,24,24,12,0.6514727442356391
diabetes,grid,24,24,13,0.6514727442356391
diabetes,grid,24,24,14,0.6514727442356391
diabetes,grid,24,24,15,0.6514727442356391
diabetes,grid,24,24,16,0.760575769692123
diabetes,grid,24,24,17,0.760575769692123
diabetes,grid,24,24,18,0.760575769692123
diabetes,grid,24,24,19,0.760575769692123
diabetes,grid,24,24,20,0.760575769692123
diabetes,grid,24,24,21,0.760575769692123
diabetes,grid,24,24,22,0.760575769692123
diabetes,grid,24,24,23,0.760575769692123
diabetes,grid,24,24,24,0.760575769692123
diabetes,grid,24,24,25,0.7622284419565508
diabetes,grid,24,24,26,0.7687858190057311
diabetes,grid,24,24,27,0.7687858190057311
diabetes,grid,24,24,28,0.7687858190057311
diabetes,grid,24,24,29,0.7687858190057311
diabetes,grid,24,24,30,0.7687858190057311
diabetes,grid,24,24,31,0.7687858190057311
diabetes,grid,24,24,32,0.7687858190057311
diabetes,grid,24,24,33,0.7687858190057311
diabetes,grid,24,24,34,0.7687858190057311
diabetes,grid,24,24,35,0.7720911635345862
diabetes,grid,24,24,36,0.7720911635345862
diabetes,grid,24,24,37,0.7720911635345862
diabetes,grid,24,24,38,0.7720911635345862
diabetes,grid,24,24,39,0.7720911635345862
diabetes,grid,24,24,40,0.7720911635345862
diabetes,grid,24,24,41,0.7720911635345862
diabetes,grid,24,24,42,0.7720911635345862
diabetes,grid,24,24,43,0.7720911635345862
diabetes,grid,24,24,44,0.7720911635345862
diabetes,grid,24,24,45,0.7720911635345862
diabetes,grid,24,24,46,0.7720911635345862
diabetes,grid,24,24,47,0.7720911635345862
diabetes,grid,24,24,48,0.7720911635345862
diabetes,grid,24,24,49,0.7720911635345862
diabetes,grid,24,24,50,0.7720911635345862
diabetes,grid,24,24,51,0.7720911635345862
diabetes,grid,24,24,52,0.7720911635345862
diabetes,grid,24,24,53,0.7720911635345862
diabetes,grid,24,24,54,0.7720911635345862
diabetes,grid,24,24,55,0.7720911635345862
diabetes,grid,24,24,56,0.7720911635345862
diabetes,grid,24,24,57,0.7720911635345862
diabetes,grid,24,24,58,0.7720911635345862
diabetes,grid,24,24,59,0.7720911635345862
diabetes,grid,24,24,60,0.7720911635345862
diabetes,grid,24,24,61,0.7720911635345862
diabetes,grid,24,24,62,0.7720911635345862
diabetes,grid,24,24,63,0.7720911635345862
diabetes,grid,24,24,64,0.7720911635345862
diabetes,grid,24,24,65,0.7720911635345862
diabetes,grid,24,24,66,0.7720911635345862
diabetes,grid,24,24,67,0.7720911635345862
diabetes,grid,24,24,68,0.7720911635345862
diabetes,grid,24,24,69,0.7720911635345862
diabetes,grid,24,24,70,0.7720911635345862
diabetes,grid,24,24,71,0.7720911635345862
diabetes,grid,24,24,72,0.7720911635345862
diabetes,grid,24,24,73,0.7721044915367187
diabetes,grid,24,24,74,0.7721044915367187
diabetes,grid,24,24,75,0.7721044915367187
diabetes,grid,24,24,76,0.7721044915367187
diabetes,grid,24,24,77,0.7721044915367187
diabetes,grid,24,24,78,0.7721044915367187
diabetes,grid,24,24,79,0.7721044915367187
diabetes,grid,24,24,80,0.7721044915367187
diabetes,grid,24,24,81,0.7721044915367187
diabetes,grid,24,24,82,0.7737305077968812
diabetes,grid,24,24,83,0.7737305077968812
diabetes,grid,24,24,84,0.7737305077968812
diabetes,grid,24,24,85,0.7737305077968812
diabetes,grid,24,24,86,0.7737305077968812
diabetes,grid,24,24,87,0.7737305077968812
diabetes,grid,24,24,88,0.7737305077968812
diabetes,grid,24,24,89,0.7737305077968812
diabetes,grid,24,24,90,0.7737305077968812
diabetes,grid,24,24,91,0.7737305077968812
diabetes,grid,24,24,92,0.7737305077968812
diabetes,grid,24,24,93,0.7737305077968812
diabetes,grid,24,24,94,0.7737305077968812
diabetes,grid,24,24,95,0.7737305077968812
diabetes,grid,24,24,96,0.7737305077968812
diabetes,grid,24,24,97,0.7737305077968812
diabetes,grid,24,24,98,0.7737305077968812
diabetes,grid,24,24,99,0.7737305077968812
diabetes,grid,24,24,100,0.7737305077968812
diabetes,random,24,24,1,0.7019458883113423
diabetes,random,24,24,2,0.7556977209116353
diabetes,random,24,24,3,0.7556977209116353
diabetes,random,24,24,4,0.7556977209116353
diabetes,random,24,24,5,0.760629081700653
diabetes,random,24,24,6,0.760629081700653
diabetes,random,24,24,7,0.760629081700653
diabetes,random,24,24,8,0.760629081700653
diabetes,random,24,24,9,0.760629081700653
diabetes,random,24,24,10,0.760629081700653
diabetes,random,24,24,11,0.760629081700653
diabetes,random,24,24,12,0.760629081700653
diabetes,random,24,24,13,0.760629081700653
diabetes,random,24,24,14,0.760629081700653
diabetes,random,24,24,15,0.7688391310142609
diabetes,random,24,24,16,0.7688391310142609
diabetes,random,24,24,17,0.7688391310142609
diabetes,random,24,24,18,0.7688391310142609
diabetes,random,24,24,19,0.7688391310142609
diabetes,random,24,24,20,0.7688391310142609
diabetes,random,24,24,21,0.770478475276556
diabetes,random,24,24,22,0.770478475276556
diabetes,random,24,24,23,0.770478475276556
diabetes,random,24,24,24,0.770478475276556
diabetes,random,24,24,25,0.770478475276556
diabetes,random,24,24,26,0.770478475276556
diabetes,random,24,24,27,0.770478475276556
diabetes,random,24,24,28,0.770478475276556
diabetes,random,24,24,29,0.770478475276556
diabetes,random,24,24,30,0.770478475276556
diabetes,random,24,24,31,0.770478475276556
diabetes,random,24,24,32,0.770478475276556
diabetes,random,24,24,33,0.770478475276556
diabetes,random,24,24,34,0.770478475276556
diabetes,random,24,24,35,0.770478475276556
diabetes,random,24,24,36,0.770478475276556
diabetes,random,24,24,37,0.770478475276556
diabetes,random,24,24,38,0.770478475276556
diabetes,random,24,24,39,0.770478475276556
diabetes,random,24,24,40,0.770478475276556
diabetes,random,24,24,41,0.770478475276556
diabetes,random,24,24,42,0.770478475276556
diabetes,random,24,24,43,0.770478475276556
diabetes,random,24,24,44,0.770478475276556
diabetes,random,24,24,45,0.770478475276556
diabetes,random,24,24,46,0.770478475276556
diabetes,random,24,24,47,0.770478475276556
diabetes,random,24,24,48,0.770478475276556
diabetes,random,24,24,49,0.770478475276556
diabetes,random,24,24,50,0.770478475276556
diabetes,random,24,24,51,0.770478475276556
diabetes,random,24,24,52,0.770478475276556
diabetes,random,24,24,53,0.770478475276556
diabetes,random,24,24,54,0.770478475276556
diabetes,random,24,24,55,0.770478475276556
diabetes,random,24,24,56,0.770478475276556
diabetes,random,24,24,57,0.770478475276556
diabetes,random,24,24,58,0.770478475276556
diabetes,random,24,24,59,0.770478475276556
diabetes,random,24,24,60,0.770478475276556
diabetes,random,24,24,61,0.770478475276556
diabetes,random,24,24,62,0.770478475276556
diabetes,random,24,24,63,0.770478475276556
diabetes,random,24,24,64,0.770478475276556
diabetes,random,24,24,65,0.7721044915367187
diabetes,random,24,24,66,0.7721044915367187
diabetes,random,24,24,67,0.7721044915367187
diabetes,random,24,24,68,0.7721044915367187
diabetes,random,24,24,69,0.7721044915367187
diabetes,random,24,24,70,0.7721044915367187
diabetes,random,24,24,71,0.7721044915367187
diabetes,random,24,24,72,0.7721044915367187
diabetes,random,24,24,73,0.7721044915367187
diabetes,random,24,24,74,0.7721044915367187
diabetes,random,24,24,75,0.7721044915367187
diabetes,random,24,24,76,0.7721044915367187
diabetes,random,24,24,77,0.7721044915367187
diabetes,random,24,24,78,0.7721044915367187
diabetes,random,24,24,79,0.7721044915367187
diabetes,random,24,24,80,0.7721044915367187
diabetes,random,24,24,81,0.7721044915367187
diabetes,random,24,24,82,0.7721044915367187
diabetes,random,24,24,83,0.7721044915367187
diabetes,random,24,24,84,0.7721044915367187
diabetes,random,24,24,85,0.7721044915367187
diabetes,random,24,24,86,0.7721044915367187
diabetes,random,24,24,87,0.7721044915367187
diabetes,random,24,24,88,0.7737305077968812
diabetes,random,24,24,89,0.7737305077968812
diabetes,random,24,24,90,0.7737305077968812
diabetes,random,24,24,91,0.7737305077968812
diabetes,random,24,24,92,0.7737305077968812
diabetes,random,24,24,93,0.7737305077968812
diabetes,random,24,24,94,0.7737305077968812
diabetes,random,24,24,95,0.7737305077968812
diabetes,random,24,24,96,0.7737305077968812
diabetes,random,24,24,97,0.7737305077968812
diabetes,random,24,24,98,0.7737305077968812
diabetes,random,24,24,99,0.7737305077968812
diabetes,random,24,24,100,0.7737305077968812
diabetes,bo_tpe,24,24,1,0.7019458883113423
diabetes,bo_tpe,24,24,2,0.7556977209116353
diabetes,bo_tpe,24,24,3,0.7556977209116353
diabetes,bo_tpe,24,24,4,0.7556977209116353
diabetes,bo_tpe,24,24,5,0.760629081700653
diabetes,bo_tpe,24,24,6,0.760629081700653
diabetes,bo_tpe,24,24,7,0.760629081700653
diabetes,bo_tpe,24,24,8,0.760629081700653
diabetes,bo_tpe,24,24,9,0.760629081700653
diabetes,bo_tpe,24,24,10,0.760629081700653
diabetes,bo_tpe,24,24,11,0.760629081700653
diabetes,bo_tpe,24,24,12,0.760629081700653
diabetes,bo_tpe,24,24,13,0.7606690657070506
diabetes,bo_tpe,24,24,14,0.7639477542316406
diabetes,bo_tpe,24,24,15,0.7720911635345861
diabetes,bo_tpe,24,24,16,0.7753431960549115
diabetes,bo_tpe,24,24,17,0.7753431960549115
diabetes,bo_tpe,24,24,18,0.7753431960549115
diabetes,bo_tpe,24,24,19,0.7753431960549115
diabetes,bo_tpe,24,24,20,0.7753431960549115
diabetes,bo_tpe,24,24,21,0.7753431960549115
diabetes,bo_tpe,24,24,22,0.7753431960549115
diabetes,bo_tpe,24,24,23,0.7753431960549115
diabetes,bo_tpe,24,24,24,0.7753431960549115
diabetes,bo_tpe,24,24,25,0.7753431960549115
diabetes,bo_tpe,24,24,26,0.7753431960549115
diabetes,bo_tpe,24,24,27,0.7753431960549115
diabetes,bo_tpe,24,24,28,0.7753431960549115
diabetes,bo_tpe,24,24,29,0.7753431960549115
diabetes,bo_tpe,24,24,30,0.7753431960549115
diabetes,bo_tpe,24,24,31,0.7753431960549115
diabetes,bo_tpe,24,24,32,0.7753431960549115
diabetes,bo_tpe,24,24,33,0.7753431960549115
diabetes,bo_tpe,24,24,34,0.7753431960549115
diabetes,bo_tpe,24,24,35,0.7753431960549115
diabetes,bo_tpe,24,24,36,0.7753431960549115
diabetes,bo_tpe,24,24,37,0.7753431960549115
diabetes,bo_tpe,24,24,38,0.7753431960549115
diabetes,bo_tpe,24,24,39,0.7753431960549115
diabetes,bo_tpe,24,24,40,0.7753431960549115
diabetes,bo_tpe,24,24,41,0.7753431960549115
diabetes,bo_tpe,24,24,42,0.7753431960549115
diabetes,bo_tpe,24,24,43,0.7753431960549115
diabetes,bo_tpe,24,24,44,0.7753431960549115
diabetes,bo_tpe,24,24,45,0.7753431960549115
diabetes,bo_tpe,24,24,46,0.7753431960549115
diabetes,bo_tpe,24,24,47,0.7753431960549115
diabetes,bo_tpe,24,24,48,0.7753431960549115
diabetes,bo_tpe,24,24,49,0.7753431960549115
diabetes,bo_tpe,24,24,50,0.7753431960549115
diabetes,bo_tpe,24,24,51,0.7753431960549115
diabetes,bo_tpe,24,24,52,0.7753431960549115
diabetes,bo_tpe,24,24,53,0.7753431960549115
diabetes,bo_tpe,24,24,54,0.7753431960549115
diabetes,bo_tpe,24,24,55,0.7753431960549115
diabetes,bo_tpe,24,24,56,0.7753431960549115
diabetes,bo_tpe,24,24,57,0.7753431960549115
diabetes,bo_tpe,24,24,58,0.7753431960549115
diabetes,bo_tpe,24,24,59,0.7753431960549115
diabetes,bo_tpe,24,24,60,0.7753431960549115
diabetes,bo_tpe,24,24,61,0.7753431960549115
diabetes,bo_tpe,24,24,62,0.7753431960549115
diabetes,bo_tpe,24,24,63,0.7753431960549115
diabetes,bo_tpe,24,24,64,0.7753431960549115
diabetes,bo_tpe,24,24,65,0.7753431960549115
diabetes,bo_tpe,24,24,66,0.7753431960549115
diabetes,bo_tpe,24,24,67,0.7753431960549115
diabetes,bo_tpe,24,24,68,0.7753431960549115
diabetes,bo_tpe,24,24,69,0.7753431960549115
diabetes,bo_tpe,24,24,70,0.7753431960549115
diabetes,bo_tpe,24,24,71,0.7753431960549115
diabetes,bo_tpe,24,24,72,0.7753431960549115
diabetes,bo_tpe,24,24,73,0.7753431960549115
diabetes,bo_tpe,24,24,74,0.7753431960549115
diabetes,bo_tpe,24,24,75,0.776969212315074
diabetes,bo_tpe,24,24,76,0.776969212315074
diabetes,bo_tpe,24,24,77,0.776969212315074
diabetes,bo_tpe,24,24,78,0.776969212315074
diabetes,bo_tpe,24,24,79,0.776969212315074
diabetes,bo_tpe,24,24,80,0.776969212315074
diabetes,bo_tpe,24,24,81,0.776969212315074
diabetes,bo_tpe,24,24,82,0.776969212315074
diabetes,bo_tpe,24,24,83,0.776969212315074
diabetes,bo_tpe,24,24,84,0.776969212315074
diabetes,bo_tpe,24,24,85,0.776969212315074
diabetes,bo_tpe,24,24,86,0.776969212315074
diabetes,bo_tpe,24,24,87,0.776969212315074
diabetes,bo_tpe,24,24,88,0.776969212315074
diabetes,bo_tpe,24,24,89,0.776969212315074
diabetes,bo_tpe,24,24,90,0.776969212315074
diabetes,bo_tpe,24,24,91,0.776969212315074
diabetes,bo_tpe,24,24,92,0.776969212315074
diabetes,bo_tpe,24,24,93,0.776969212315074
diabetes,bo_tpe,24,24,94,0.776969212315074
diabetes,bo_tpe,24,24,95,0.776969212315074
diabetes,bo_tpe,24,24,96,0.776969212315074
diabetes,bo_tpe,24,24,97,0.776969212315074
diabetes,bo_tpe,24,24,98,0.776969212315074
diabetes,bo_tpe,24,24,99,0.776969212315074
diabetes,bo_tpe,24,24,100,0.776969212315074
diabetes,pso,24,24,1,0.7688524590163934
diabetes,pso,24,24,2,0.7688524590163934
diabetes,pso,24,24,3,0.7688524590163934
diabetes,pso,24,24,4,0.7688524590163934
diabetes,pso,24,24,5,0.7688524590163934
diabetes,pso,24,24,6,0.7688524590163934
diabetes,pso,24,24,7,0.7688524590163934
diabetes,pso,24,24,8,0.7688524590163934
diabetes,pso,24,24,9,0.7688524590163934
diabetes,pso,24,24,10,0.7753431960549115
diabetes,pso,24,24,11,0.7753431960549115
diabetes,pso,24,24,12,0.7753431960549115
diabetes,pso,24,24,13,0.7753431960549115
diabetes,pso,24,24,14,0.7753431960549115
diabetes,pso,24,24,15,0.7753431960549115
diabetes,pso,24,24,16,0.7753431960549115
diabetes,pso,24,24,17,0.7753431960549115
diabetes,pso,24,24,18,0.7753431960549115
diabetes,pso,24,24,19,0.7753431960549115
diabetes,pso,24,24,20,0.7753431960549115
diabetes,pso,24,24,21,0.7753431960549115
diabetes,pso,24,24,22,0.7753431960549115
diabetes,pso,24,24,23,0.7753431960549115
diabetes,pso,24,24,24,0.7753431960549115
diabetes,pso,24,24,25,0.7753431960549115
diabetes,pso,24,24,26,0.7753431960549115
diabetes,pso,24,24,27,0.7753431960549115
diabetes,pso,24,24,28,0.7753431960549115
diabetes,pso,24,24,29,0.7753431960549115
diabetes,pso,24,24,30,0.7753431960549115
diabetes,pso,24,24,31,0.7753431960549115
diabetes,pso,24,24,32,0.7753431960549115
diabetes,pso,24,24,33,0.7753431960549115
diabetes,pso,24,24,34,0.7753431960549115
diabetes,pso,24,24,35,0.7753431960549115
diabetes,pso,24,24,36,0.7753431960549115
diabetes,pso,24,24,37,0.7753431960549115
diabetes,pso,24,24,38,0.7753431960549115
diabetes,pso,24,24,39,0.7753431960549115
diabetes,pso,24,24,40,0.7753431960549115
diabetes,pso,24,24,41,0.7753431960549115
diabetes,pso,24,24,42,0.7753431960549115
diabetes,pso,24,24,43,0.7753431960549115
diabetes,pso,24,24,44,0.7753431960549115
diabetes,pso,24,24,45,0.7753431960549115
diabetes,pso,24,24,46,0.7753431960549115
diabetes,pso,24,24,47,0.7753431960549115
diabetes,pso,24,24,48,0.7753431960549115
diabetes,pso,24,24,49,0.7753431960549115
diabetes,pso,24,24,50,0.7753431960549115
diabetes,pso,24,24,51,0.7753431960549115
diabetes,pso,24,24,52,0.7753431960549115
diabetes,pso,24,24,53,0.7753431960549115
diabetes,pso,24,24,54,0.7753431960549115
diabetes,pso,24,24,55,0.7753431960549115
diabetes,pso,24,24,56,0.7753431960549115
diabetes,pso,24,24,57,0.7753431960549115
diabetes,pso,24,24,58,0.7753431960549115
diabetes,pso,24,24,59,0.7753431960549115
diabetes,pso,24,24,60,0.7753431960549115
diabetes,pso,24,24,61,0.7753431960549115
diabetes,pso,24,24,62,0.7753431960549115
diabetes,pso,24,24,63,0.7753431960549115
diabetes,pso,24,24,64,0.7753431960549115
diabetes,pso,24,24,65,0.7753431960549115
diabetes,pso,24,24,66,0.7753431960549115
diabetes,pso,24,24,67,0.7753431960549115
diabetes,pso,24,24,68,0.7753431960549115
diabetes,pso,24,24,69,0.7753431960549115
diabetes,pso,24,24,70,0.7753431960549115
diabetes,pso,24,24,71,0.7753431960549115
diabetes,pso,24,24,72,0.7753431960549115
diabetes,pso,24,24,73,0.7753431960549115
diabetes,pso,24,24,74,0.7753431960549115
diabetes,pso,24,24,75,0.7753431960549115
diabetes,pso,24,24,76,0.7753431960549115
diabetes,pso,24,24,77,0.7753431960549115
diabetes,pso,24,24,78,0.7753431960549115
diabetes,pso,24,24,79,0.7753431960549115
diabetes,pso,24,24,80,0.7753431960549115
diabetes,pso,24,24,81,0.7753431960549115
diabetes,pso,24,24,82,0.7753431960549115
diabetes,pso,24,24,83,0.7753431960549115
diabetes,pso,24,24,84,0.7753431960549115
diabetes,pso,24,24,85,0.7753431960549115
diabetes,pso,24,24,86,0.7753431960549115
diabetes,pso,24,24,87,0.7753431960549115
diabetes,pso,24,24,88,0.7753431960549115
diabetes,pso,24,24,89,0.7753431960549115
diabetes,pso,24,24,90,0.7753431960549115
diabetes,pso,24,24,91,0.7753431960549115
diabetes,pso,24,24,92,0.7753431960549115
diabetes,pso,24,24,93,0.7753431960549115
diabetes,pso,24,24,94,0.7753431960549115
diabetes,pso,24,24,95,0.7753431960549115
diabetes,pso,24,24,96,0.7753431960549115
diabetes,pso,24,24,97,0.7753431960549115
diabetes,pso,24,24,98,0.7753431960549115
diabetes,pso,24,24,99,0.7753431960549115
diabetes,pso,24,24,100,0.7753431960549115
diabetes,de,24,24,1,0.770478475276556
diabetes,de,24,24,2,0.770478475276556
diabetes,de,24,24,3,0.770478475276556
diabetes,de,24,24,4,0.770478475276556
diabetes,de,24,24,5,0.770478475276556
diabetes,de,24,24,6,0.770478475276556
diabetes,de,24,24,7,0.770478475276556
diabetes,de,24,24,8,0.770478475276556
diabetes,de,24,24,9,0.770478475276556
diabetes,de,24,24,10,0.770478475276556
diabetes,de,24,24,11,0.770478475276556
diabetes,de,24,24,12,0.770478475276556
diabetes,de,24,24,13,0.770478475276556
diabetes,de,24,24,14,0.770478475276556
diabetes,de,24,24,15,0.770478475276556
diabetes,de,24,24,16,0.770478475276556
diabetes,de,24,24,17,0.770478475276556
diabetes,de,24,24,18,0.770478475276556
diabetes,de,24,24,19,0.770478475276556
diabetes,de,24,24,20,0.770478475276556
diabetes,de,24,24,21,0.770478475276556
diabetes,de,24,24,22,0.770478475276556
diabetes,de,24,24,23,0.7721044915367188
diabetes,de,24,24,24,0.7721044915367188
diabetes,de,24,24,25,0.7721044915367188
diabetes,de,24,24,26,0.7721044915367188
diabetes,de,24,24,27,0.7721044915367188
diabetes,de,24,24,28,0.7721044915367188
diabetes,de,24,24,29,0.7721044915367188
diabetes,de,24,24,30,0.7721044915367188
diabetes,de,24,24,31,0.7721044915367188
diabetes,de,24,24,32,0.7721044915367188
diabetes,de,24,24,33,0.7721044915367188
diabetes,de,24,24,34,0.7721044915367188
diabetes,de,24,24,35,0.7721044915367188
diabetes,de,24,24,36,0.7721044915367188
diabetes,de,24,24,37,0.7721044915367188
diabetes,de,24,24,38,0.7721044915367188
diabetes,de,24,24,39,0.7721044915367188
diabetes,de,24,24,40,0.7721044915367188
diabetes,de,24,24,41,0.7721044915367188
diabetes,de,24,24,42,0.7721044915367188
diabetes,de,24,24,43,0.7721044915367188
diabetes,de,24,24,44,0.7721044915367188
diabetes,de,24,24,45,0.7721044915367188
diabetes,de,24,24,46,0.7721044915367188
diabetes,de,24,24,47,0.7721044915367188
diabetes,de,24,24,48,0.7721044915367188
diabetes,de,24,24,49,0.7721044915367188
diabetes,de,24,24,50,0.7721044915367188
diabetes,de,24,24,51,0.7721044915367188
diabetes,de,24,24,52,0.7721044915367188
diabetes,de,24,24,53,0.7721044915367188
diabetes,de,24,24,54,0.7721044915367188
diabetes,de,24,24,55,0.7721044915367188
diabetes,de,24,24,56,0.7721044915367188
diabetes,de,24,24,57,0.7721044915367188
diabetes,de,24,24,58,0.7721044915367188
diabetes,de,24,24,59,0.7721044915367188
diabetes,de,24,24,60,0.7721044915367188
diabetes,de,24,24,61,0.7721044915367188
diabetes,de,24,24,62,0.7721044915367188
diabetes,de,24,24,63,0.7721044915367188
diabetes,de,24,24,64,0.7721044915367188
diabetes,de,24,24,65,0.7721044915367188
diabetes,de,24,24,66,0.7721044915367188
diabetes,de,24,24,67,0.7721044915367188
diabetes,de,24,24,68,0.7721044915367188
diabetes,de,24,24,69,0.7721044915367188
diabetes,de,24,24,70,0.7721044915367188
diabetes,de,24,24,71,0.7721044915367188
diabetes,de,24,24,72,0.7721044915367188
diabetes,de,24,24,73,0.7721044915367188
diabetes,de,24,24,74,0.7721044915367188
diabetes,de,24,24,75,0.7721044915367188
diabetes,de,24,24,76,0.7721044915367188
diabetes,de,24,24,77,0.7721044915367188
diabetes,de,24,24,78,0.7721044915367188
diabetes,de,24,24,79,0.7721044915367188
diabetes,de,24,24,80,0.7721044915367188
diabetes,de,24,24,81,0.7721044915367188
diabetes,de,24,24,82,0.7721044915367188
diabetes,de,24,24,83,0.7721044915367188
diabetes,de,24,24,84,0.7721044915367188
diabetes,de,24,24,85,0.7721044915367188
diabetes,de,24,24,86,0.7721044915367188
diabetes,de,24,24,87,0.7721044915367188
diabetes,de,24,24,88,0.7721044915367188
diabetes,de,24,24,89,0.7721044915367188
diabetes,de,24,24,90,0.7721044915367188
diabetes,de,24,24,91,0.7721044915367188
diabetes,de,24,24,92,0.7721044915367188
diabetes,de,24,24,93,0.7721044915367188
diabetes,de,24,24,94,0.7721044915367188
diabetes,de,24,24,95,0.7721044915367188
diabetes,de,24,24,96,0.7721044915367188
diabetes,de,24,24,97,0.7721044915367188
diabetes,de,24,24,98,0.7721044915367188
diabetes,de,24,24,99,0.7721044915367188
diabetes,de,24,24,100,0.7721044915367188
diabetes,ga,24,24,1,0.770478475276556
diabetes,ga,24,24,2,0.770478475276556
diabetes,ga,24,24,3,0.770478475276556
diabetes,ga,24,24,4,0.770478475276556
diabetes,ga,24,24,5,0.770478475276556
diabetes,ga,24,24,6,0.770478475276556
diabetes,ga,24,24,7,0.770478475276556
diabetes,ga,24,24,8,0.770478475276556
diabetes,ga,24,24,9,0.770478475276556
diabetes,ga,24,24,10,0.770478475276556
diabetes,ga,24,24,11,0.770478475276556
diabetes,ga,24,24,12,0.770478475276556
diabetes,ga,24,24,13,0.770478475276556
diabetes,ga,24,24,14,0.770478475276556
diabetes,ga,24,24,15,0.770478475276556
diabetes,ga,24,24,16,0.770478475276556
diabetes,ga,24,24,17,0.770478475276556
diabetes,ga,24,24,18,0.770478475276556
diabetes,ga,24,24,19,0.770478475276556
diabetes,ga,24,24,20,0.770478475276556
diabetes,ga,24,24,21,0.770478475276556
diabetes,ga,24,24,22,0.770478475276556
diabetes,ga,24,24,23,0.770478475276556
diabetes,ga,24,24,24,0.770478475276556
diabetes,ga,24,24,25,0.770478475276556
diabetes,ga,24,24,26,0.770478475276556
diabetes,ga,24,24,27,0.770478475276556
diabetes,ga,24,24,28,0.770478475276556
diabetes,ga,24,24,29,0.770478475276556
diabetes,ga,24,24,30,0.770478475276556
diabetes,ga,24,24,31,0.770478475276556
diabetes,ga,24,24,32,0.770478475276556
diabetes,ga,24,24,33,0.770478475276556
diabetes,ga,24,24,34,0.770478475276556
diabetes,ga,24,24,35,0.770478475276556
diabetes,ga,24,24,36,0.770478475276556
diabetes,ga,24,24,37,0.770478475276556
diabetes,ga,24,24,38,0.770478475276556
diabetes,ga,24,24,39,0.770478475276556
diabetes,ga,24,24,40,0.770478475276556
diabetes,ga,24,24,41,0.770478475276556
diabetes,ga,24,24,42,0.770478475276556
diabetes,ga,24,24,43,0.7704784752765561
diabetes,ga,24,24,44,0.7704784752765561
diabetes,ga,24,24,45,0.7704784752765561
diabetes,ga,24,24,46,0.7704784752765561
diabetes,ga,24,24,47,0.7704784752765561
diabetes,ga,24,24,48,0.7704784752765561
diabetes,ga,24,24,49,0.7704784752765561
diabetes,ga,24,24,50,0.7721044915367187
diabetes,ga,24,24,51,0.7721044915367187
diabetes,ga,24,24,52,0.7721044915367187
diabetes,ga,24,24,53,0.7721044915367187
diabetes,ga,24,24,54,0.7721044915367187
diabetes,ga,24,24,55,0.7721044915367187
diabetes,ga,24,24,56,0.7721044915367187
diabetes,ga,24,24,57,0.7721044915367187
diabetes,ga,24,24,58,0.7721044915367187
diabetes,ga,24,24,59,0.7721044915367187
diabetes,ga,24,24,60,0.7721044915367187
diabetes,ga,24,24,61,0.7721044915367187
diabetes,ga,24,24,62,0.7721044915367187
diabetes,ga,24,24,63,0.7721044915367187
diabetes,ga,24,24,64,0.7721044915367187
diabetes,ga,24,24,65,0.7721044915367187
diabetes,ga,24,24,66,0.7721044915367187
diabetes,ga,24,24,67,0.7721044915367187
diabetes,ga,24,24,68,0.7721044915367187
diabetes,ga,24,24,69,0.7721044915367187
diabetes,ga,24,24,70,0.7721044915367187
diabetes,ga,24,24,71,0.7721044915367187
diabetes,ga,24,24,72,0.7721044915367187
diabetes,ga,24,24,73,0.7721044915367187
diabetes,ga,24,24,74,0.7721044915367187
diabetes,ga,24,24,75,0.7721044915367187
diabetes,ga,24,24,76,0.7721044915367187
diabetes,ga,24,24,77,0.7721044915367187
diabetes,ga,24,24,78,0.7721044915367187
diabetes,ga,24,24,79,0.7721044915367187
diabetes,ga,24,24,80,0.7721044915367187
diabetes,ga,24,24,81,0.7721044915367187
diabetes,ga,24,24,82,0.7721044915367187
diabetes,ga,24,24,83,0.7721044915367187
diabetes,ga,24,24,84,0.7721044915367187
diabetes,ga,24,24,85,0.7721044915367187
diabetes,ga,24,24,86,0.7721044915367187
diabetes,ga,24,24,87,0.7721044915367187
diabetes,ga,24,24,88,0.7721044915367187
diabetes,ga,24,24,89,0.7721044915367187
diabetes,ga,24,24,90,0.7721044915367187
diabetes,ga,24,24,91,0.7721044915367187
diabetes,ga,24,24,92,0.7721044915367187
diabetes,ga,24,24,93,0.7721044915367187
diabetes,ga,24,24,94,0.7721044915367187
diabetes,ga,24,24,95,0.7721044915367187
diabetes,ga,24,24,96,0.7721044915367187
diabetes,ga,24,24,97,0.7721044915367187
diabetes,ga,24,24,98,0.7721044915367187
diabetes,ga,24,24,99,0.7721044915367187
diabetes,ga,24,24,100,0.7721044915367187
diabetes,sa,24,24,1,0.7019458883113423
diabetes,sa,24,24,2,0.7019458883113423
diabetes,sa,24,24,3,0.7019458883113423
diabetes,sa,24,24,4,0.7019458883113423
diabetes,sa,24,24,5,0.7019458883113423
diabetes,sa,24,24,6,0.7019458883113423
diabetes,sa,24,24,7,0.7019458883113423
diabetes,sa,24,24,8,0.7019458883113423
diabetes,sa,24,24,9,0.7019458883113423
diabetes,sa,24,24,10,0.7019458883113423
diabetes,sa,24,24,11,0.7019458883113423
diabetes,sa,24,24,12,0.7019458883113423
diabetes,sa,24,24,13,0.7019458883113423
diabetes,sa,24,24,14,0.7019458883113423
diabetes,sa,24,24,15,0.7019458883113423
diabetes,sa,24,24,16,0.7019458883113423
diabetes,sa,24,24,17,0.7019458883113423
diabetes,sa,24,24,18,0.7019458883113423
diabetes,sa,24,24,19,0.7019458883113423
diabetes,sa,24,24,20,0.7019458883113423
diabetes,sa,24,24,21,0.7019458883113423
diabetes,sa,24,24,22,0.7019458883113423
diabetes,sa,24,24,23,0.7019458883113423
diabetes,sa,24,24,24,0.7296681327469012
diabetes,sa,24,24,25,0.7296681327469012
diabetes,sa,24,24,26,0.7296681327469012
diabetes,sa,24,24,27,0.7296681327469012
diabetes,sa,24,24,28,0.7312941490070639
diabetes,sa,24,24,29,0.7622950819672132
diabetes,sa,24,24,30,0.7671864587498335
diabetes,sa,24,24,31,0.7688391310142609
diabetes,sa,24,24,32,0.7688391310142609
diabetes,sa,24,24,33,0.7688391310142609
diabetes,sa,24,24,34,0.7688391310142609
diabetes,sa,24,24,35,0.7688391310142609
diabetes,sa,24,24,36,0.7688391310142609
diabetes,sa,24,24,37,0.7688391310142609
diabetes,sa,24,24,38,0.7688391310142609
diabetes,sa,24,24,39,0.7688391310142609
diabetes,sa,24,24,40,0.7704251632680261
diabetes,sa,24,24,41,0.7704251632680261
diabetes,sa,24,24,42,0.7704251632680261
diabetes,sa,24,24,43,0.7704251632680261
diabetes,sa,24,24,44,0.7704251632680261
diabetes,sa,24,24,45,0.7704251632680261
diabetes,sa,24,24,46,0.7704251632680261
diabetes,sa,24,24,47,0.7704251632680261
diabetes,sa,24,24,48,0.7704251632680261
diabetes,sa,24,24,49,0.7704251632680261
diabetes,sa,24,24,50,0.7704251632680261
diabetes,sa,24,24,51,0.7704251632680261
diabetes,sa,24,24,52,0.7769425563108091
diabetes,sa,24,24,53,0.7769425563108091
diabetes,sa,24,24,54,0.7769425563108091
diabetes,sa,24,24,55,0.7769425563108091
diabetes,sa,24,24,56,0.7769425563108091
diabetes,sa,24,24,57,0.7769425563108091
diabetes,sa,24,24,58,0.7769425563108091
diabetes,sa,24,24,59,0.7769425563108091
diabetes,sa,24,24,60,0.7769425563108091
diabetes,sa,24,24,61,0.7769425563108091
diabetes,sa,24,24,62,0.7769425563108091
diabetes,sa,24,24,63,0.7769425563108091
diabetes,sa,24,24,64,0.7769425563108091
diabetes,sa,24,24,65,0.7769425563108091
diabetes,sa,24,24,66,0.7769425563108091
diabetes,sa,24,24,67,0.7769425563108091
diabetes,sa,24,24,68,0.7769425563108091
diabetes,sa,24,24,69,0.7769425563108091
diabetes,sa,24,24,70,0.7769425563108091
diabetes,sa,24,24,71,0.7769425563108091
diabetes,sa,24,24,72,0.7769425563108091
diabetes,sa,24,24,73,0.7769425563108091
diabetes,sa,24,24,74,0.7769425563108091
diabetes,sa,24,24,75,0.7769425563108091
diabetes,sa,24,24,76,0.7769425563108091
diabetes,sa,24,24,77,0.7769425563108091
diabetes,sa,24,24,78,0.7769425563108091
diabetes,sa,24,24,79,0.7769425563108091
diabetes,sa,24,24,80,0.7769425563108091
diabetes,sa,24,24,81,0.7769425563108091
diabetes,sa,24,24,82,0.7769425563108091
diabetes,sa,24,24,83,0.7769425563108091
diabetes,sa,24,24,84,0.7769425563108091
diabetes,sa,24,24,85,0.7769425563108091
diabetes,sa,24,24,86,0.7769425563108091
diabetes,sa,24,24,87,0.7769425563108091
diabetes,sa,24,24,88,0.7769425563108091
diabetes,sa,24,24,89,0.7769425563108091
diabetes,sa,24,24,90,0.7769425563108091
diabetes,sa,24,24,91,0.7769425563108091
diabetes,sa,24,24,92,0.7769425563108091
diabetes,sa,24,24,93,0.7769425563108091
diabetes,sa,24,24,94,0.7769425563108091
diabetes,sa,24,24,95,0.7769425563108091
diabetes,sa,24,24,96,0.7769425563108091
diabetes,sa,24,24,97,0.7769425563108091
diabetes,sa,24,24,98,0.7769425563108091
diabetes,sa,24,24,99,0.7769425563108091
diabetes,sa,24,24,100,0.7769425563108091
diabetes,grid,25,25,1,0.6514727442356391
diabetes,grid,25,25,2,0.6514727442356391
diabetes,grid,25,25,3,0.6514727442356391
diabetes,grid,25,25,4,0.6514727442356391
diabetes,grid,25,25,5,0.6514727442356391
diabetes,grid,25,25,6,0.6514727442356391
diabetes,grid,25,25,7,0.6514727442356391
diabetes,grid,25,25,8,0.6514727442356391
diabetes,grid,25,25,9,0.6514727442356391
diabetes,grid,25,25,10,0.6514727442356391
diabetes,grid,25,25,11,0.6514727442356391
diabetes,grid,25,25,12,0.6514727442356391
diabetes,grid,25,25,13,0.6514727442356391
diabetes,grid,25,25,14,0.6514727442356391
diabetes,grid,25,25,15,0.6514727442356391
diabetes,grid,25,25,16,0.7606424097027855
diabetes,grid,25,25,17,0.7623217379714781
diabetes,grid,25,25,18,0.7623217379714781
diabetes,grid,25,25,19,0.7623217379714781
diabetes,grid,25,25,20,0.7623217379714781
diabetes,grid,25,25,21,0.7623217379714781
diabetes,grid,25,25,22,0.7623217379714781
diabetes,grid,25,25,23,0.7623217379714781
diabetes,grid,25,25,24,0.7623217379714781
diabetes,grid,25,25,25,0.7687724910035986
diabetes,grid,25,25,26,0.768812475009996
diabetes,grid,25,25,27,0.768812475009996
diabetes,grid,25,25,28,0.768812475009996
diabetes,grid,25,25,29,0.768812475009996
diabetes,grid,25,25,30,0.768812475009996
diabetes,grid,25,25,31,0.768812475009996
diabetes,grid,25,25,32,0.768812475009996
diabetes,grid,25,25,33,0.768812475009996
diabetes,grid,25,25,34,0.768812475009996
diabetes,grid,25,25,35,0.7801679328268692
diabetes,grid,25,25,36,0.7801679328268692
diabetes,grid,25,25,37,0.7801679328268692
diabetes,grid,25,25,38,0.7801679328268692
diabetes,grid,25,25,39,0.7801679328268692
diabetes,grid,25,25,40,0.7801679328268692
diabetes,grid,25,25,41,0.7801679328268692
diabetes,grid,25,25,42,0.7801679328268692
diabetes,grid,25,25,43,0.7801679328268692
diabetes,grid,25,25,44,0.7801679328268692
diabetes,grid,25,25,45,0.7801679328268692
diabetes,grid,25,25,46,0.7801679328268692
diabetes,grid,25,25,47,0.7801679328268692
diabetes,grid,25,25,48,0.7801679328268692
diabetes,grid,25,25,49,0.7801679328268692
diabetes,grid,25,25,50,0.7801679328268692
diabetes,grid,25,25,51,0.7801679328268692
diabetes,grid,25,25,52,0.7801679328268692
diabetes,grid,25,25,53,0.7801679328268692
diabetes,grid,25,25,54,0.7801945888311341
diabetes,grid,25,25,55,0.7801945888311341
diabetes,grid,25,25,56,0.7801945888311341
diabetes,grid,25,25,57,0.7801945888311341
diabetes,grid,25,25,58,0.7801945888311341
diabetes,grid,25,25,59,0.7801945888311341
diabetes,grid,25,25,60,0.7801945888311341
diabetes,grid,25,25,61,0.7801945888311341
diabetes,grid,25,25,62,0.7801945888311341
diabetes,grid,25,25,63,0.7801945888311341
diabetes,grid,25,25,64,0.7801945888311341
diabetes,grid,25,25,65,0.7801945888311341
diabetes,grid,25,25,66,0.7801945888311341
diabetes,grid,25,25,67,0.7801945888311341
diabetes,grid,25,25,68,0.7801945888311341
diabetes,grid,25,25,69,0.7801945888311341
diabetes,grid,25,25,70,0.7801945888311341
diabetes,grid,25,25,71,0.7801945888311341
diabetes,grid,25,25,72,0.7801945888311341
diabetes,grid,25,25,73,0.7801945888311341
diabetes,grid,25,25,74,0.7801945888311341
diabetes,grid,25,25,75,0.7801945888311341
diabetes,grid,25,25,76,0.7801945888311341
diabetes,grid,25,25,77,0.7801945888311341
diabetes,grid,25,25,78,0.7801945888311341
diabetes,grid,25,25,79,0.7801945888311341
diabetes,grid,25,25,80,0.7801945888311341
diabetes,grid,25,25,81,0.7801945888311341
diabetes,grid,25,25,82,0.7801945888311341
diabetes,grid,25,25,83,0.7801945888311341
diabetes,grid,25,25,84,0.7801945888311341
diabetes,grid,25,25,85,0.7801945888311341
diabetes,grid,25,25,86,0.7801945888311341
diabetes,grid,25,25,87,0.7801945888311341
diabetes,grid,25,25,88,0.7801945888311341
diabetes,grid,25,25,89,0.7801945888311341
diabetes,grid,25,25,90,0.7801945888311341
diabetes,grid,25,25,91,0.7801945888311341
diabetes,grid,25,25,92,0.7801945888311341
diabetes,grid,25,25,93,0.7801945888311341
diabetes,grid,25,25,94,0.7801945888311341
diabetes,grid,25,25,95,0.7801945888311341
diabetes,grid,25,25,96,0.7801945888311341
diabetes,grid,25,25,97,0.7801945888311341
diabetes,grid,25,25,98,0.7801945888311341
diabetes,grid,25,25,99,0.7801945888311341
diabetes,grid,25,25,100,0.7801945888311341
diabetes,random,25,25,1,0.6776489404238304
diabetes,random,25,25,2,0.7671864587498334
diabetes,random,25,25,3,0.7671997867519659
diabetes,random,25,25,4,0.7671997867519659
diabetes,random,25,25,5,0.7671997867519659
diabetes,random,25,25,6,0.7671997867519659
diabetes,random,25,25,7,0.7671997867519659
diabetes,random,25,25,8,0.7671997867519659
diabetes,random,25,25,9,0.7671997867519659
diabetes,random,25,25,10,0.7671997867519659
diabetes,random,25,25,11,0.7671997867519659
diabetes,random,25,25,12,0.7671997867519659
diabetes,random,25,25,13,0.7671997867519659
diabetes,random,25,25,14,0.7671997867519659
diabetes,random,25,25,15,0.7753298680527789
diabetes,random,25,25,16,0.7753298680527789
diabetes,random,25,25,17,0.7753298680527789
diabetes,random,25,25,18,0.7753298680527789
diabetes,random,25,25,19,0.7753298680527789
diabetes,random,25,25,20,0.7753298680527789
diabetes,random,25,25,21,0.776942556310809
diabetes,random,25,25,22,0.776942556310809
diabetes,random,25,25,23,0.776942556310809
diabetes,random,25,25,24,0.776942556310809
diabetes,random,25,25,25,0.776942556310809
diabetes,random,25,25,26,0.776942556310809
diabetes,random,25,25,27,0.7802079168332667
diabetes,random,25,25,28,0.7802079168332667
diabetes,random,25,25,29,0.7802079168332667
diabetes,random,25,25,30,0.7802079168332667
diabetes,random,25,25,31,0.7802079168332667
diabetes,random,25,25,32,0.7802079168332667
diabetes,random,25,25,33,0.7802079168332667
diabetes,random,25,25,34,0.7802079168332667
diabetes,random,25,25,35,0.7802079168332667
diabetes,random,25,25,36,0.7802079168332667
diabetes,random,25,25,37,0.7802079168332667
diabetes,random,25,25,38,0.7802079168332667
diabetes,random,25,25,39,0.7802079168332667
diabetes,random,25,25,40,0.7802079168332667
diabetes,random,25,25,41,0.7802079168332667
diabetes,random,25,25,42,0.7802079168332667
diabetes,random,25,25,43,0.7802079168332667
diabetes,random,25,25,44,0.7802079168332667
diabetes,random,25,25,45,0.7802079168332667
diabetes,random,25,25,46,0.7802079168332667
diabetes,random,25,25,47,0.7802079168332667
diabetes,random,25,25,48,0.7802079168332667
diabetes,random,25,25,49,0.7802079168332667
diabetes,random,25,25,50,0.7802079168332667
diabetes,random,25,25,51,0.7802079168332667
diabetes,random,25,25,52,0.7802079168332667
diabetes,random,25,25,53,0.7802079168332667
diabetes,random,25,25,54,0.7802079168332667
diabetes,random,25,25,55,0.7802079168332667
diabetes,random,25,25,56,0.7802079168332667
diabetes,random,25,25,57,0.7802079168332667
diabetes,random,25,25,58,0.7802079168332667
diabetes,random,25,25,59,0.7802079168332667
diabetes,random,25,25,60,0.7802079168332667
diabetes,random,25,25,61,0.7802079168332667
diabetes,random,25,25,62,0.7802079168332667
diabetes,random,25,25,63,0.7802079168332667
diabetes,random,25,25,64,0.7802079168332667
diabetes,random,25,25,65,0.7802079168332667
diabetes,random,25,25,66,0.7802079168332667
diabetes,random,25,25,67,0.7802079168332667
diabetes,random,25,25,68,0.7802079168332667
diabetes,random,25,25,69,0.7802079168332667
diabetes,random,25,25,70,0.7802079168332667
diabetes,random,25,25,71,0.7802079168332667
diabetes,random,25,25,72,0.7802079168332667
diabetes,random,25,25,73,0.7802079168332667
diabetes,random,25,25,74,0.7802079168332667
diabetes,random,25,25,75,0.7802079168332667
diabetes,random,25,25,76,0.7802079168332667
diabetes,random,25,25,77,0.7802079168332667
diabetes,random,25,25,78,0.7802079168332667
diabetes,random,25,25,79,0.7802079168332667
diabetes,random,25,25,80,0.7802079168332667
diabetes,random,25,25,81,0.7802079168332667
diabetes,random,25,25,82,0.7802079168332667
diabetes,random,25,25,83,0.7802079168332667
diabetes,random,25,25,84,0.7802079168332667
diabetes,random,25,25,85,0.7802079168332667
diabetes,random,25,25,86,0.7802079168332667
diabetes,random,25,25,87,0.7802079168332667
diabetes,random,25,25,88,0.7802079168332667
diabetes,random,25,25,89,0.7802079168332667
diabetes,random,25,25,90,0.7802079168332667
diabetes,random,25,25,91,0.7802079168332667
diabetes,random,25,25,92,0.7802079168332667
diabetes,random,25,25,93,0.7802079168332667
diabetes,random,25,25,94,0.7802079168332667
diabetes,random,25,25,95,0.7802079168332667
diabetes,random,25,25,96,0.7802079168332667
diabetes,random,25,25,97,0.7802079168332667
diabetes,random,25,25,98,0.7802079168332667
diabetes,random,25,25,99,0.7802079168332667
diabetes,random,25,25,100,0.7802079168332667
diabetes,bo_tpe,25,25,1,0.6776489404238304
diabetes,bo_tpe,25,25,2,0.7671864587498334
diabetes,bo_tpe,25,25,3,0.7671997867519659
diabetes,bo_tpe,25,25,4,0.7671997867519659
diabetes,bo_tpe,25,25,5,0.7671997867519659
diabetes,bo_tpe,25,25,6,0.7671997867519659
diabetes,bo_tpe,25,25,7,0.7671997867519659
diabetes,bo_tpe,25,25,8,0.7671997867519659
diabetes,bo_tpe,25,25,9,0.7671997867519659
diabetes,bo_tpe,25,25,10,0.7671997867519659
diabetes,bo_tpe,25,25,11,0.7671997867519659
diabetes,bo_tpe,25,25,12,0.7704384912701586
diabetes,bo_tpe,25,25,13,0.7704384912701586
diabetes,bo_tpe,25,25,14,0.7704384912701586
diabetes,bo_tpe,25,25,15,0.7736505397840863
diabetes,bo_tpe,25,25,16,0.7736505397840863
diabetes,bo_tpe,25,25,17,0.7752765560442489
diabetes,bo_tpe,25,25,18,0.7752765560442489
diabetes,bo_tpe,25,25,19,0.7752765560442489
diabetes,bo_tpe,25,25,20,0.776942556310809
diabetes,bo_tpe,25,25,21,0.776942556310809
diabetes,bo_tpe,25,25,22,0.776942556310809
diabetes,bo_tpe,25,25,23,0.776942556310809
diabetes,bo_tpe,25,25,24,0.776942556310809
diabetes,bo_tpe,25,25,25,0.776942556310809
diabetes,bo_tpe,25,25,26,0.776942556310809
diabetes,bo_tpe,25,25,27,0.776942556310809
diabetes,bo_tpe,25,25,28,0.776942556310809
diabetes,bo_tpe,25,25,29,0.776942556310809
diabetes,bo_tpe,25,25,30,0.776942556310809
diabetes,bo_tpe,25,25,31,0.776942556310809
diabetes,bo_tpe,25,25,32,0.776942556310809
diabetes,bo_tpe,25,25,33,0.7785685725709717
diabetes,bo_tpe,25,25,34,0.7785685725709717
diabetes,bo_tpe,25,25,35,0.7785685725709717
diabetes,bo_tpe,25,25,36,0.7785685725709717
diabetes,bo_tpe,25,25,37,0.7785685725709717
diabetes,bo_tpe,25,25,38,0.7801945888311342
diabetes,bo_tpe,25,25,39,0.7801945888311342
diabetes,bo_tpe,25,25,40,0.7801945888311342
diabetes,bo_tpe,25,25,41,0.7801945888311342
diabetes,bo_tpe,25,25,42,0.7801945888311342
diabetes,bo_tpe,25,25,43,0.7801945888311342
diabetes,bo_tpe,25,25,44,0.7801945888311342
diabetes,bo_tpe,25,25,45,0.7801945888311342
diabetes,bo_tpe,25,25,46,0.7801945888311342
diabetes,bo_tpe,25,25,47,0.7801945888311342
diabetes,bo_tpe,25,25,48,0.7801945888311342
diabetes,bo_tpe,25,25,49,0.7801945888311342
diabetes,bo_tpe,25,25,50,0.7801945888311342
diabetes,bo_tpe,25,25,51,0.7801945888311342
diabetes,bo_tpe,25,25,52,0.7801945888311342
diabetes,bo_tpe,25,25,53,0.7801945888311342
diabetes,bo_tpe,25,25,54,0.7801945888311342
diabetes,bo_tpe,25,25,55,0.7801945888311342
diabetes,bo_tpe,25,25,56,0.7801945888311342
diabetes,bo_tpe,25,25,57,0.7801945888311342
diabetes,bo_tpe,25,25,58,0.7801945888311342
diabetes,bo_tpe,25,25,59,0.7801945888311342
diabetes,bo_tpe,25,25,60,0.7801945888311342
diabetes,bo_tpe,25,25,61,0.7801945888311342
diabetes,bo_tpe,25,25,62,0.7801945888311342
diabetes,bo_tpe,25,25,63,0.7801945888311342
diabetes,bo_tpe,25,25,64,0.7801945888311342
diabetes,bo_tpe,25,25,65,0.7801945888311342
diabetes,bo_tpe,25,25,66,0.7801945888311342
diabetes,bo_tpe,25,25,67,0.7801945888311342
diabetes,bo_tpe,25,25,68,0.7801945888311342
diabetes,bo_tpe,25,25,69,0.7801945888311342
diabetes,bo_tpe,25,25,70,0.7801945888311342
diabetes,bo_tpe,25,25,71,0.7801945888311342
diabetes,bo_tpe,25,25,72,0.7801945888311342
diabetes,bo_tpe,25,25,73,0.7801945888311342
diabetes,bo_tpe,25,25,74,0.7801945888311342
diabetes,bo_tpe,25,25,75,0.7801945888311342
diabetes,bo_tpe,25,25,76,0.7801945888311342
diabetes,bo_tpe,25,25,77,0.7801945888311342
diabetes,bo_tpe,25,25,78,0.7801945888311342
diabetes,bo_tpe,25,25,79,0.7801945888311342
diabetes,bo_tpe,25,25,80,0.7801945888311342
diabetes,bo_tpe,25,25,81,0.7801945888311342
diabetes,bo_tpe,25,25,82,0.7801945888311342
diabetes,bo_tpe,25,25,83,0.7801945888311342
diabetes,bo_tpe,25,25,84,0.7801945888311342
diabetes,bo_tpe,25,25,85,0.7801945888311342
diabetes,bo_tpe,25,25,86,0.7801945888311342
diabetes,bo_tpe,25,25,87,0.7801945888311342
diabetes,bo_tpe,25,25,88,0.7801945888311342
diabetes,bo_tpe,25,25,89,0.7801945888311342
diabetes,bo_tpe,25,25,90,0.7801945888311342
diabetes,bo_tpe,25,25,91,0.7801945888311342
diabetes,bo_tpe,25,25,92,0.7801945888311342
diabetes,bo_tpe,25,25,93,0.7801945888311342
diabetes,bo_tpe,25,25,94,0.7801945888311342
diabetes,bo_tpe,25,25,95,0.7801945888311342
diabetes,bo_tpe,25,25,96,0.7802079168332667
diabetes,bo_tpe,25,25,97,0.7802079168332667
diabetes,bo_tpe,25,25,98,0.7802079168332667
diabetes,bo_tpe,25,25,99,0.7802079168332667
diabetes,bo_tpe,25,25,100,0.7802079168332667
diabetes,pso,25,25,1,0.775303212048514
diabetes,pso,25,25,2,0.775303212048514
diabetes,pso,25,25,3,0.775303212048514
diabetes,pso,25,25,4,0.775303212048514
diabetes,pso,25,25,5,0.775303212048514
diabetes,pso,25,25,6,0.775303212048514
diabetes,pso,25,25,7,0.775303212048514
diabetes,pso,25,25,8,0.775303212048514
diabetes,pso,25,25,9,0.775303212048514
diabetes,pso,25,25,10,0.7785819005731042
diabetes,pso,25,25,11,0.7785819005731042
diabetes,pso,25,25,12,0.7785819005731042
diabetes,pso,25,25,13,0.7785819005731042
diabetes,pso,25,25,14,0.7785819005731042
diabetes,pso,25,25,15,0.7785819005731042
diabetes,pso,25,25,16,0.7785819005731042
diabetes,pso,25,25,17,0.7785819005731042
diabetes,pso,25,25,18,0.7785819005731042
diabetes,pso,25,25,19,0.7785819005731042
diabetes,pso,25,25,20,0.7785819005731042
diabetes,pso,25,25,21,0.7785819005731042
diabetes,pso,25,25,22,0.7785819005731042
diabetes,pso,25,25,23,0.7785819005731042
diabetes,pso,25,25,24,0.7785819005731042
diabetes,pso,25,25,25,0.7785819005731042
diabetes,pso,25,25,26,0.7785819005731042
diabetes,pso,25,25,27,0.7785819005731042
diabetes,pso,25,25,28,0.7785819005731042
diabetes,pso,25,25,29,0.7785819005731042
diabetes,pso,25,25,30,0.7785819005731042
diabetes,pso,25,25,31,0.7785819005731042
diabetes,pso,25,25,32,0.7785819005731042
diabetes,pso,25,25,33,0.7785819005731042
diabetes,pso,25,25,34,0.7785819005731042
diabetes,pso,25,25,35,0.7785819005731042
diabetes,pso,25,25,36,0.7785819005731042
diabetes,pso,25,25,37,0.7785819005731042
diabetes,pso,25,25,38,0.7785819005731042
diabetes,pso,25,25,39,0.7785819005731042
diabetes,pso,25,25,40,0.7785819005731042
diabetes,pso,25,25,41,0.7785819005731042
diabetes,pso,25,25,42,0.7785819005731042
diabetes,pso,25,25,43,0.7785819005731042
diabetes,pso,25,25,44,0.7785819005731042
diabetes,pso,25,25,45,0.7785819005731042
diabetes,pso,25,25,46,0.7785819005731042
diabetes,pso,25,25,47,0.7785819005731042
diabetes,pso,25,25,48,0.7785819005731042
diabetes,pso,25,25,49,0.7785819005731042
diabetes,pso,25,25,50,0.7785819005731042
diabetes,pso,25,25,51,0.7785819005731042
diabetes,pso,25,25,52,0.7785819005731042
diabetes,pso,25,25,53,0.7785819005731042
diabetes,pso,25,25,54,0.7785819005731042
diabetes,pso,25,25,55,0.7785819005731042
diabetes,pso,25,25,56,0.7785819005731042
diabetes,pso,25,25,57,0.7785819005731042
diabetes,pso,25,25,58,0.7785819005731042
diabetes,pso,25,25,59,0.7785819005731042
diabetes,pso,25,25,60,0.7785819005731042
diabetes,pso,25,25,61,0.7785819005731042
diabetes,pso,25,25,62,0.7785819005731042
diabetes,pso,25,25,63,0.7785819005731042
diabetes,pso,25,25,64,0.7785819005731042
diabetes,pso,25,25,65,0.7785819005731042
diabetes,pso,25,25,66,0.7785819005731042
diabetes,pso,25,25,67,0.7785819005731042
diabetes,pso,25,25,68,0.7785819005731042
diabetes,pso,25,25,69,0.7785952285752366
diabetes,pso,25,25,70,0.7785952285752366
diabetes,pso,25,25,71,0.7785952285752366
diabetes,pso,25,25,72,0.7785952285752366
diabetes,pso,25,25,73,0.7785952285752366
diabetes,pso,25,25,74,0.7785952285752366
diabetes,pso,25,25,75,0.7785952285752366
diabetes,pso,25,25,76,0.7785952285752366
diabetes,pso,25,25,77,0.7785952285752366
diabetes,pso,25,25,78,0.7785952285752366
diabetes,pso,25,25,79,0.7785952285752366
diabetes,pso,25,25,80,0.7785952285752366
diabetes,pso,25,25,81,0.7785952285752366
diabetes,pso,25,25,82,0.7785952285752366
diabetes,pso,25,25,83,0.7785952285752366
diabetes,pso,25,25,84,0.7785952285752366
diabetes,pso,25,25,85,0.7785952285752366
diabetes,pso,25,25,86,0.7785952285752366
diabetes,pso,25,25,87,0.7785952285752366
diabetes,pso,25,25,88,0.7785952285752366
diabetes,pso,25,25,89,0.7785952285752366
diabetes,pso,25,25,90,0.7785952285752366
diabetes,pso,25,25,91,0.7785952285752366
diabetes,pso,25,25,92,0.7785952285752366
diabetes,pso,25,25,93,0.7785952285752366
diabetes,pso,25,25,94,0.7785952285752366
diabetes,pso,25,25,95,0.7785952285752366
diabetes,pso,25,25,96,0.7785952285752366
diabetes,pso,25,25,97,0.7785952285752366
diabetes,pso,25,25,98,0.7785952285752366
diabetes,pso,25,25,99,0.7785952285752366
diabetes,pso,25,25,100,0.7785952285752366
diabetes,de,25,25,1,0.7752898840463814
diabetes,de,25,25,2,0.7752898840463814
diabetes,de,25,25,3,0.7752898840463814
diabetes,de,25,25,4,0.7752898840463814
diabetes,de,25,25,5,0.7752898840463814
diabetes,de,25,25,6,0.7752898840463814
diabetes,de,25,25,7,0.7752898840463814
diabetes,de,25,25,8,0.7752898840463814
diabetes,de,25,25,9,0.7752898840463814
diabetes,de,25,25,10,0.7752898840463814
diabetes,de,25,25,11,0.7752898840463814
diabetes,de,25,25,12,0.7752898840463814
diabetes,de,25,25,13,0.7752898840463814
diabetes,de,25,25,14,0.7752898840463814
diabetes,de,25,25,15,0.7752898840463814
diabetes,de,25,25,16,0.7752898840463814
diabetes,de,25,25,17,0.7752898840463814
diabetes,de,25,25,18,0.7753032120485139
diabetes,de,25,25,19,0.7753032120485139
diabetes,de,25,25,20,0.7753032120485139
diabetes,de,25,25,21,0.7753032120485139
diabetes,de,25,25,22,0.7753032120485139
diabetes,de,25,25,23,0.7753032120485139
diabetes,de,25,25,24,0.7753032120485139
diabetes,de,25,25,25,0.7753032120485139
diabetes,de,25,25,26,0.7753032120485139
diabetes,de,25,25,27,0.7753032120485139
diabetes,de,25,25,28,0.7753032120485139
diabetes,de,25,25,29,0.7753032120485139
diabetes,de,25,25,30,0.7753032120485139
diabetes,de,25,25,31,0.7753032120485139
diabetes,de,25,25,32,0.7753032120485139
diabetes,de,25,25,33,0.7753032120485139
diabetes,de,25,25,34,0.7753032120485139
diabetes,de,25,25,35,0.775303212048514
diabetes,de,25,25,36,0.7769159003065441
diabetes,de,25,25,37,0.7769159003065441
diabetes,de,25,25,38,0.7769558843129414
diabetes,de,25,25,39,0.7769558843129414
diabetes,de,25,25,40,0.7801945888311341
diabetes,de,25,25,41,0.7801945888311341
diabetes,de,25,25,42,0.7801945888311341
diabetes,de,25,25,43,0.7801945888311341
diabetes,de,25,25,44,0.7801945888311341
diabetes,de,25,25,45,0.7801945888311341
diabetes,de,25,25,46,0.7801945888311341
diabetes,de,25,25,47,0.7801945888311341
diabetes,de,25,25,48,0.7801945888311341
diabetes,de,25,25,49,0.7801945888311341
diabetes,de,25,25,50,0.7801945888311341
diabetes,de,25,25,51,0.7801945888311341
diabetes,de,25,25,52,0.7801945888311341
diabetes,de,25,25,53,0.7801945888311341
diabetes,de,25,25,54,0.7801945888311341
diabetes,de,25,25,55,0.7801945888311341
diabetes,de,25,25,56,0.7801945888311341
diabetes,de,25,25,57,0.7801945888311341
diabetes,de,25,25,58,0.7801945888311341
diabetes,de,25,25,59,0.7801945888311341
diabetes,de,25,25,60,0.7801945888311341
diabetes,de,25,25,61,0.7801945888311341
diabetes,de,25,25,62,0.7801945888311341
diabetes,de,25,25,63,0.7801945888311341
diabetes,de,25,25,64,0.7801945888311341
diabetes,de,25,25,65,0.7801945888311341
diabetes,de,25,25,66,0.7801945888311341
diabetes,de,25,25,67,0.7801945888311341
diabetes,de,25,25,68,0.7801945888311341
diabetes,de,25,25,69,0.7801945888311341
diabetes,de,25,25,70,0.7801945888311341
diabetes,de,25,25,71,0.7801945888311341
diabetes,de,25,25,72,0.7801945888311341
diabetes,de,25,25,73,0.7801945888311341
diabetes,de,25,25,74,0.7801945888311341
diabetes,de,25,25,75,0.7801945888311341
diabetes,de,25,25,76,0.7801945888311341
diabetes,de,25,25,77,0.7801945888311341
diabetes,de,25,25,78,0.7801945888311341
diabetes,de,25,25,79,0.7801945888311341
diabetes,de,25,25,80,0.7801945888311341
diabetes,de,25,25,81,0.7801945888311341
diabetes,de,25,25,82,0.7801945888311341
diabetes,de,25,25,83,0.7801945888311341
diabetes,de,25,25,84,0.7801945888311341
diabetes,de,25,25,85,0.7801945888311341
diabetes,de,25,25,86,0.7801945888311341
diabetes,de,25,25,87,0.7801945888311341
diabetes,de,25,25,88,0.7801945888311341
diabetes,de,25,25,89,0.7801945888311341
diabetes,de,25,25,90,0.7801945888311341
diabetes,de,25,25,91,0.7801945888311341
diabetes,de,25,25,92,0.7801945888311341
diabetes,de,25,25,93,0.7801945888311341
diabetes,de,25,25,94,0.7801945888311341
diabetes,de,25,25,95,0.7801945888311341
diabetes,de,25,25,96,0.7801945888311341
diabetes,de,25,25,97,0.7801945888311341
diabetes,de,25,25,98,0.7801945888311341
diabetes,de,25,25,99,0.7801945888311341
diabetes,de,25,25,100,0.7801945888311341
diabetes,ga,25,25,1,0.7752898840463814
diabetes,ga,25,25,2,0.7752898840463814
diabetes,ga,25,25,3,0.7752898840463814
diabetes,ga,25,25,4,0.7752898840463814
diabetes,ga,25,25,5,0.7752898840463814
diabetes,ga,25,25,6,0.7752898840463814
diabetes,ga,25,25,7,0.7752898840463814
diabetes,ga,25,25,8,0.7752898840463814
diabetes,ga,25,25,9,0.7752898840463814
diabetes,ga,25,25,10,0.7752898840463814
diabetes,ga,25,25,11,0.7752898840463814
diabetes,ga,25,25,12,0.7752898840463814
diabetes,ga,25,25,13,0.7752898840463814
diabetes,ga,25,25,14,0.7752898840463814
diabetes,ga,25,25,15,0.7752898840463814
diabetes,ga,25,25,16,0.7752898840463814
diabetes,ga,25,25,17,0.7752898840463814
diabetes,ga,25,25,18,0.7753032120485139
diabetes,ga,25,25,19,0.7753032120485139
diabetes,ga,25,25,20,0.7753032120485139
diabetes,ga,25,25,21,0.7753032120485139
diabetes,ga,25,25,22,0.7753032120485139
diabetes,ga,25,25,23,0.7753032120485139
diabetes,ga,25,25,24,0.7769292283086766
diabetes,ga,25,25,25,0.7769292283086766
diabetes,ga,25,25,26,0.7769292283086766
diabetes,ga,25,25,27,0.7769292283086766
diabetes,ga,25,25,28,0.7769292283086766
diabetes,ga,25,25,29,0.7769292283086766
diabetes,ga,25,25,30,0.7769292283086766
diabetes,ga,25,25,31,0.7769292283086766
diabetes,ga,25,25,32,0.7769292283086766
diabetes,ga,25,25,33,0.7769292283086766
diabetes,ga,25,25,34,0.7769292283086766
diabetes,ga,25,25,35,0.7769292283086766
diabetes,ga,25,25,36,0.7769292283086766
diabetes,ga,25,25,37,0.7769292283086766
diabetes,ga,25,25,38,0.7769292283086766
diabetes,ga,25,25,39,0.7769292283086766
diabetes,ga,25,25,40,0.7769292283086766
diabetes,ga,25,25,41,0.7769292283086766
diabetes,ga,25,25,42,0.7769292283086766
diabetes,ga,25,25,43,0.7769292283086766
diabetes,ga,25,25,44,0.776969212315074
diabetes,ga,25,25,45,0.776969212315074
diabetes,ga,25,25,46,0.776969212315074
diabetes,ga,25,25,47,0.776969212315074
diabetes,ga,25,25,48,0.776969212315074
diabetes,ga,25,25,49,0.776969212315074
diabetes,ga,25,25,50,0.776969212315074
diabetes,ga,25,25,51,0.776969212315074
diabetes,ga,25,25,52,0.776969212315074
diabetes,ga,25,25,53,0.776969212315074
diabetes,ga,25,25,54,0.776969212315074
diabetes,ga,25,25,55,0.776969212315074
diabetes,ga,25,25,56,0.776969212315074
diabetes,ga,25,25,57,0.776969212315074
diabetes,ga,25,25,58,0.776969212315074
diabetes,ga,25,25,59,0.776969212315074
diabetes,ga,25,25,60,0.776969212315074
diabetes,ga,25,25,61,0.7785685725709717
diabetes,ga,25,25,62,0.7785685725709717
diabetes,ga,25,25,63,0.7785685725709717
diabetes,ga,25,25,64,0.7785685725709717
diabetes,ga,25,25,65,0.7785685725709717
diabetes,ga,25,25,66,0.7785685725709717
diabetes,ga,25,25,67,0.7785685725709717
diabetes,ga,25,25,68,0.7785685725709717
diabetes,ga,25,25,69,0.7801945888311342
diabetes,ga,25,25,70,0.7801945888311342
diabetes,ga,25,25,71,0.7801945888311342
diabetes,ga,25,25,72,0.7801945888311342
diabetes,ga,25,25,73,0.7801945888311342
diabetes,ga,25,25,74,0.7801945888311342
diabetes,ga,25,25,75,0.7801945888311342
diabetes,ga,25,25,76,0.7801945888311342
diabetes,ga,25,25,77,0.7801945888311342
diabetes,ga,25,25,78,0.7801945888311342
diabetes,ga,25,25,79,0.7801945888311342
diabetes,ga,25,25,80,0.7801945888311342
diabetes,ga,25,25,81,0.7801945888311342
diabetes,ga,25,25,82,0.7801945888311342
diabetes,ga,25,25,83,0.7801945888311342
diabetes,ga,25,25,84,0.7801945888311342
diabetes,ga,25,25,85,0.7801945888311342
diabetes,ga,25,25,86,0.7801945888311342
diabetes,ga,25,25,87,0.7801945888311342
diabetes,ga,25,25,88,0.7801945888311342
diabetes,ga,25,25,89,0.7801945888311342
diabetes,ga,25,25,90,0.7801945888311342
diabetes,ga,25,25,91,0.7801945888311342
diabetes,ga,25,25,92,0.7801945888311342
diabetes,ga,25,25,93,0.7801945888311342
diabetes,ga,25,25,94,0.7801945888311342
diabetes,ga,25,25,95,0.7801945888311342
diabetes,ga,25,25,96,0.7801945888311342
diabetes,ga,25,25,97,0.7802079168332667
diabetes,ga,25,25,98,0.7802079168332667
diabetes,ga,25,25,99,0.7802079168332667
diabetes,ga,25,25,100,0.7802079168332667
diabetes,sa,25,25,1,0.6776489404238304
diabetes,sa,25,25,2,0.6776489404238304
diabetes,sa,25,25,3,0.6776489404238304
diabetes,sa,25,25,4,0.6776489404238304
diabetes,sa,25,25,5,0.6776489404238304
diabetes,sa,25,25,6,0.6776489404238304
diabetes,sa,25,25,7,0.6776489404238304
diabetes,sa,25,25,8,0.6776489404238304
diabetes,sa,25,25,9,0.6776489404238304
diabetes,sa,25,25,10,0.6776489404238304
diabetes,sa,25,25,11,0.6776489404238304
diabetes,sa,25,25,12,0.6776489404238304
diabetes,sa,25,25,13,0.6776489404238304
diabetes,sa,25,25,14,0.6776489404238304
diabetes,sa,25,25,15,0.6776489404238304
diabetes,sa,25,25,16,0.6776489404238304
diabetes,sa,25,25,17,0.6776489404238304
diabetes,sa,25,25,18,0.6776489404238304
diabetes,sa,25,25,19,0.6776489404238304
diabetes,sa,25,25,20,0.6776489404238304
diabetes,sa,25,25,21,0.6890710382513662
diabetes,sa,25,25,22,0.7492602958816473
diabetes,sa,25,25,23,0.7737038517926162
diabetes,sa,25,25,24,0.7737038517926162
diabetes,sa,25,25,25,0.7737038517926162
diabetes,sa,25,25,26,0.7769558843129415
diabetes,sa,25,25,27,0.7769558843129415
diabetes,sa,25,25,28,0.7769558843129415
diabetes,sa,25,25,29,0.7769558843129415
diabetes,sa,25,25,30,0.7769558843129415
diabetes,sa,25,25,31,0.7769558843129415
diabetes,sa,25,25,32,0.7769558843129415
diabetes,sa,25,25,33,0.7769558843129415
diabetes,sa,25,25,34,0.7769558843129415
diabetes,sa,25,25,35,0.7769558843129415
diabetes,sa,25,25,36,0.7769558843129415
diabetes,sa,25,25,37,0.7769558843129415
diabetes,sa,25,25,38,0.7769558843129415
diabetes,sa,25,25,39,0.7769558843129415
diabetes,sa,25,25,40,0.7769558843129415
diabetes,sa,25,25,41,0.7769558843129415
diabetes,sa,25,25,42,0.7769558843129415
diabetes,sa,25,25,43,0.7769558843129415
diabetes,sa,25,25,44,0.7769558843129415
diabetes,sa,25,25,45,0.7769558843129415
diabetes,sa,25,25,46,0.7769558843129415
diabetes,sa,25,25,47,0.7769558843129415
diabetes,sa,25,25,48,0.7769558843129415
diabetes,sa,25,25,49,0.7769558843129415
diabetes,sa,25,25,50,0.7769558843129415
diabetes,sa,25,25,51,0.7769558843129415
diabetes,sa,25,25,52,0.7769558843129415
diabetes,sa,25,25,53,0.7769558843129415
diabetes,sa,25,25,54,0.7769558843129415
diabetes,sa,25,25,55,0.7769558843129415
diabetes,sa,25,25,56,0.7769558843129415
diabetes,sa,25,25,57,0.7769558843129415
diabetes,sa,25,25,58,0.7785685725709717
diabetes,sa,25,25,59,0.7785685725709717
diabetes,sa,25,25,60,0.7785685725709717
diabetes,sa,25,25,61,0.7785685725709717
diabetes,sa,25,25,62,0.7785685725709717
diabetes,sa,25,25,63,0.7785685725709717
diabetes,sa,25,25,64,0.7785685725709717
diabetes,sa,25,25,65,0.7785685725709717
diabetes,sa,25,25,66,0.7785685725709717
diabetes,sa,25,25,67,0.7785685725709717
diabetes,sa,25,25,68,0.7785685725709717
diabetes,sa,25,25,69,0.7785685725709717
diabetes,sa,25,25,70,0.7785685725709717
diabetes,sa,25,25,71,0.7785685725709717
diabetes,sa,25,25,72,0.7785685725709717
diabetes,sa,25,25,73,0.7785685725709717
diabetes,sa,25,25,74,0.7785685725709717
diabetes,sa,25,25,75,0.7785685725709717
diabetes,sa,25,25,76,0.7785685725709717
diabetes,sa,25,25,77,0.7785685725709717
diabetes,sa,25,25,78,0.7785685725709717
diabetes,sa,25,25,79,0.7785685725709717
diabetes,sa,25,25,80,0.7785685725709717
diabetes,sa,25,25,81,0.7785685725709717
diabetes,sa,25,25,82,0.7785685725709717
diabetes,sa,25,25,83,0.7785685725709717
diabetes,sa,25,25,84,0.7785685725709717
diabetes,sa,25,25,85,0.7785685725709717
diabetes,sa,25,25,86,0.7785685725709717
diabetes,sa,25,25,87,0.7785685725709717
diabetes,sa,25,25,88,0.7802212448353993
diabetes,sa,25,25,89,0.7802212448353993
diabetes,sa,25,25,90,0.7802212448353993
diabetes,sa,25,25,91,0.7802212448353993
diabetes,sa,25,25,92,0.7802212448353993
diabetes,sa,25,25,93,0.7802212448353993
diabetes,sa,25,25,94,0.7802212448353993
diabetes,sa,25,25,95,0.7802212448353993
diabetes,sa,25,25,96,0.7802212448353993
diabetes,sa,25,25,97,0.7802212448353993
diabetes,sa,25,25,98,0.7802212448353993
diabetes,sa,25,25,99,0.7802212448353993
diabetes,sa,25,25,100,0.7802212448353993
diabetes,grid,26,26,1,0.6514727442356391
diabetes,grid,26,26,2,0.6514727442356391
diabetes,grid,26,26,3,0.6514727442356391
diabetes,grid,26,26,4,0.6514727442356391
diabetes,grid,26,26,5,0.6514727442356391
diabetes,grid,26,26,6,0.6514727442356391
diabetes,grid,26,26,7,0.6514727442356391
diabetes,grid,26,26,8,0.6514727442356391
diabetes,grid,26,26,9,0.6514727442356391
diabetes,grid,26,26,10,0.6514727442356391
diabetes,grid,26,26,11,0.6514727442356391
diabetes,grid,26,26,12,0.6514727442356391
diabetes,grid,26,26,13,0.6514727442356391
diabetes,grid,26,26,14,0.6514727442356391
diabetes,grid,26,26,15,0.6530987604958016
diabetes,grid,26,26,16,0.7443289350926295
diabetes,grid,26,26,17,0.75083300013328
diabetes,grid,26,26,18,0.75083300013328
diabetes,grid,26,26,19,0.75083300013328
diabetes,grid,26,26,20,0.75083300013328
diabetes,grid,26,26,21,0.75083300013328
diabetes,grid,26,26,22,0.75083300013328
diabetes,grid,26,26,23,0.75083300013328
diabetes,grid,26,26,24,0.75083300013328
diabetes,grid,26,26,25,0.7589897374383581
diabetes,grid,26,26,26,0.765480474476876
diabetes,grid,26,26,27,0.765480474476876
diabetes,grid,26,26,28,0.765480474476876
diabetes,grid,26,26,29,0.765480474476876
diabetes,grid,26,26,30,0.765480474476876
diabetes,grid,26,26,31,0.765480474476876
diabetes,grid,26,26,32,0.765480474476876
diabetes,grid,26,26,33,0.765480474476876
diabetes,grid,26,26,34,0.7654938024790083
diabetes,grid,26,26,35,0.7654938024790083
diabetes,grid,26,26,36,0.7671331467413035
diabetes,grid,26,26,37,0.7671331467413035
diabetes,grid,26,26,38,0.7671331467413035
diabetes,grid,26,26,39,0.7671331467413035
diabetes,grid,26,26,40,0.7671331467413035
diabetes,grid,26,26,41,0.7671331467413035
diabetes,grid,26,26,42,0.7671331467413035
diabetes,grid,26,26,43,0.7671331467413035
diabetes,grid,26,26,44,0.7671331467413035
diabetes,grid,26,26,45,0.7671331467413035
diabetes,grid,26,26,46,0.7671331467413035
diabetes,grid,26,26,47,0.7671331467413035
diabetes,grid,26,26,48,0.7671331467413035
diabetes,grid,26,26,49,0.7671331467413035
diabetes,grid,26,26,50,0.7671331467413035
diabetes,grid,26,26,51,0.7671331467413035
diabetes,grid,26,26,52,0.7671331467413035
diabetes,grid,26,26,53,0.7671331467413035
diabetes,grid,26,26,54,0.7671331467413035
diabetes,grid,26,26,55,0.7671331467413035
diabetes,grid,26,26,56,0.7703585232573638
diabetes,grid,26,26,57,0.7703585232573638
diabetes,grid,26,26,58,0.7703585232573638
diabetes,grid,26,26,59,0.7703585232573638
diabetes,grid,26,26,60,0.7703585232573638
diabetes,grid,26,26,61,0.7703585232573638
diabetes,grid,26,26,62,0.7703585232573638
diabetes,grid,26,26,63,0.7703585232573638
diabetes,grid,26,26,64,0.7703585232573638
diabetes,grid,26,26,65,0.7703585232573638
diabetes,grid,26,26,66,0.7703585232573638
diabetes,grid,26,26,67,0.7703585232573638
diabetes,grid,26,26,68,0.7703585232573638
diabetes,grid,26,26,69,0.7703585232573638
diabetes,grid,26,26,70,0.7703585232573638
diabetes,grid,26,26,71,0.7703585232573638
diabetes,grid,26,26,72,0.7703585232573638
diabetes,grid,26,26,73,0.7703585232573638
diabetes,grid,26,26,74,0.7703585232573638
diabetes,grid,26,26,75,0.7703585232573638
diabetes,grid,26,26,76,0.7703585232573638
diabetes,grid,26,26,77,0.7703585232573638
diabetes,grid,26,26,78,0.7703585232573638
diabetes,grid,26,26,79,0.7703585232573638
diabetes,grid,26,26,80,0.7703585232573638
diabetes,grid,26,26,81,0.7703585232573638
diabetes,grid,26,26,82,0.7703585232573638
diabetes,grid,26,26,83,0.7703585232573638
diabetes,grid,26,26,84,0.7703585232573638
diabetes,grid,26,26,85,0.7703585232573638
diabetes,grid,26,26,86,0.7703585232573638
diabetes,grid,26,26,87,0.7703585232573638
diabetes,grid,26,26,88,0.7703585232573638
diabetes,grid,26,26,89,0.7703585232573638
diabetes,grid,26,26,90,0.7703585232573638
diabetes,grid,26,26,91,0.7703585232573638
diabetes,grid,26,26,92,0.7703585232573638
diabetes,grid,26,26,93,0.7703585232573638
diabetes,grid,26,26,94,0.7736905237904839
diabetes,grid,26,26,95,0.7736905237904839
diabetes,grid,26,26,96,0.7736905237904839
diabetes,grid,26,26,97,0.7736905237904839
diabetes,grid,26,26,98,0.7736905237904839
diabetes,grid,26,26,99,0.7736905237904839
diabetes,grid,26,26,100,0.7736905237904839
diabetes,random,26,26,1,0.6873383979741436
diabetes,random,26,26,2,0.7687325069972012
diabetes,random,26,26,3,0.7687325069972012
diabetes,random,26,26,4,0.7687325069972012
diabetes,random,26,26,5,0.7687325069972012
diabetes,random,26,26,6,0.7687325069972012
diabetes,random,26,26,7,0.7687325069972012
diabetes,random,26,26,8,0.7687325069972012
diabetes,random,26,26,9,0.7687325069972012
diabetes,random,26,26,10,0.7687325069972012
diabetes,random,26,26,11,0.7687325069972012
diabetes,random,26,26,12,0.7687325069972012
diabetes,random,26,26,13,0.7687325069972012
diabetes,random,26,26,14,0.7687325069972012
diabetes,random,26,26,15,0.7687325069972012
diabetes,random,26,26,16,0.7687325069972012
diabetes,random,26,26,17,0.7687325069972012
diabetes,random,26,26,18,0.7687325069972012
diabetes,random,26,26,19,0.7687325069972012
diabetes,random,26,26,20,0.7687325069972012
diabetes,random,26,26,21,0.7687325069972012
diabetes,random,26,26,22,0.7687325069972012
diabetes,random,26,26,23,0.7687325069972012
diabetes,random,26,26,24,0.7687325069972012
diabetes,random,26,26,25,0.7687325069972012
diabetes,random,26,26,26,0.7687325069972012
diabetes,random,26,26,27,0.7687325069972012
diabetes,random,26,26,28,0.7687325069972012
diabetes,random,26,26,29,0.7687325069972012
diabetes,random,26,26,30,0.7687325069972012
diabetes,random,26,26,31,0.7687325069972012
diabetes,random,26,26,32,0.7687325069972012
diabetes,random,26,26,33,0.7687325069972012
diabetes,random,26,26,34,0.7687325069972012
diabetes,random,26,26,35,0.7687325069972012
diabetes,random,26,26,36,0.7687325069972012
diabetes,random,26,26,37,0.7687325069972012
diabetes,random,26,26,38,0.7687325069972012
diabetes,random,26,26,39,0.7687325069972012
diabetes,random,26,26,40,0.7687325069972012
diabetes,random,26,26,41,0.7687325069972012
diabetes,random,26,26,42,0.7687325069972012
diabetes,random,26,26,43,0.7687325069972012
diabetes,random,26,26,44,0.7687325069972012
diabetes,random,26,26,45,0.7687325069972012
diabetes,random,26,26,46,0.7687325069972012
diabetes,random,26,26,47,0.7687325069972012
diabetes,random,26,26,48,0.7687325069972012
diabetes,random,26,26,49,0.7687325069972012
diabetes,random,26,26,50,0.7687325069972012
diabetes,random,26,26,51,0.7687325069972012
diabetes,random,26,26,52,0.7687325069972012
diabetes,random,26,26,53,0.7703718512594963
diabetes,random,26,26,54,0.7784886045581768
diabetes,random,26,26,55,0.7784886045581768
diabetes,random,26,26,56,0.7784886045581768
diabetes,random,26,26,57,0.7784886045581768
diabetes,random,26,26,58,0.7784886045581768
diabetes,random,26,26,59,0.7784886045581768
diabetes,random,26,26,60,0.7784886045581768
diabetes,random,26,26,61,0.7784886045581768
diabetes,random,26,26,62,0.7784886045581768
diabetes,random,26,26,63,0.7784886045581768
diabetes,random,26,26,64,0.7784886045581768
diabetes,random,26,26,65,0.7784886045581768
diabetes,random,26,26,66,0.7784886045581768
diabetes,random,26,26,67,0.7784886045581768
diabetes,random,26,26,68,0.7784886045581768
diabetes,random,26,26,69,0.7784886045581768
diabetes,random,26,26,70,0.7784886045581768
diabetes,random,26,26,71,0.7784886045581768
diabetes,random,26,26,72,0.7784886045581768
diabetes,random,26,26,73,0.7784886045581768
diabetes,random,26,26,74,0.7784886045581768
diabetes,random,26,26,75,0.7784886045581768
diabetes,random,26,26,76,0.7784886045581768
diabetes,random,26,26,77,0.7784886045581768
diabetes,random,26,26,78,0.7784886045581768
diabetes,random,26,26,79,0.7784886045581768
diabetes,random,26,26,80,0.7784886045581768
diabetes,random,26,26,81,0.7784886045581768
diabetes,random,26,26,82,0.7784886045581768
diabetes,random,26,26,83,0.7784886045581768
diabetes,random,26,26,84,0.7784886045581768
diabetes,random,26,26,85,0.7784886045581768
diabetes,random,26,26,86,0.7784886045581768
diabetes,random,26,26,87,0.7784886045581768
diabetes,random,26,26,88,0.7784886045581768
diabetes,random,26,26,89,0.7784886045581768
diabetes,random,26,26,90,0.7784886045581768
diabetes,random,26,26,91,0.7784886045581768
diabetes,random,26,26,92,0.7784886045581768
diabetes,random,26,26,93,0.7784886045581768
diabetes,random,26,26,94,0.7784886045581768
diabetes,random,26,26,95,0.7784886045581768
diabetes,random,26,26,96,0.7784886045581768
diabetes,random,26,26,97,0.7784886045581768
diabetes,random,26,26,98,0.7784886045581768
diabetes,random,26,26,99,0.7784886045581768
diabetes,random,26,26,100,0.7784886045581768
diabetes,bo_tpe,26,26,1,0.6873383979741436
diabetes,bo_tpe,26,26,2,0.7687325069972012
diabetes,bo_tpe,26,26,3,0.7687325069972012
diabetes,bo_tpe,26,26,4,0.7687325069972012
diabetes,bo_tpe,26,26,5,0.7687325069972012
diabetes,bo_tpe,26,26,6,0.7687325069972012
diabetes,bo_tpe,26,26,7,0.7687325069972012
diabetes,bo_tpe,26,26,8,0.7687325069972012
diabetes,bo_tpe,26,26,9,0.7687325069972012
diabetes,bo_tpe,26,26,10,0.7687325069972012
diabetes,bo_tpe,26,26,11,0.7687325069972012
diabetes,bo_tpe,26,26,12,0.7687325069972012
diabetes,bo_tpe,26,26,13,0.7687325069972012
diabetes,bo_tpe,26,26,14,0.7687325069972012
diabetes,bo_tpe,26,26,15,0.7687458349993335
diabetes,bo_tpe,26,26,16,0.7687458349993335
diabetes,bo_tpe,26,26,17,0.7687458349993335
diabetes,bo_tpe,26,26,18,0.7687458349993335
diabetes,bo_tpe,26,26,19,0.7687458349993335
diabetes,bo_tpe,26,26,20,0.7687458349993335
diabetes,bo_tpe,26,26,21,0.7687458349993335
diabetes,bo_tpe,26,26,22,0.7752632280421164
diabetes,bo_tpe,26,26,23,0.7752632280421164
diabetes,bo_tpe,26,26,24,0.7752632280421164
diabetes,bo_tpe,26,26,25,0.7752632280421164
diabetes,bo_tpe,26,26,26,0.7752632280421164
diabetes,bo_tpe,26,26,27,0.7752632280421164
diabetes,bo_tpe,26,26,28,0.7752632280421164
diabetes,bo_tpe,26,26,29,0.7752632280421164
diabetes,bo_tpe,26,26,30,0.7752632280421164
diabetes,bo_tpe,26,26,31,0.7752632280421164
diabetes,bo_tpe,26,26,32,0.7752632280421164
diabetes,bo_tpe,26,26,33,0.7752632280421164
diabetes,bo_tpe,26,26,34,0.7752632280421164
diabetes,bo_tpe,26,26,35,0.7752632280421164
diabetes,bo_tpe,26,26,36,0.7752632280421164
diabetes,bo_tpe,26,26,37,0.7752632280421164
diabetes,bo_tpe,26,26,38,0.7752632280421164
diabetes,bo_tpe,26,26,39,0.7752632280421164
diabetes,bo_tpe,26,26,40,0.7752632280421164
diabetes,bo_tpe,26,26,41,0.7752632280421164
diabetes,bo_tpe,26,26,42,0.7752632280421164
diabetes,bo_tpe,26,26,43,0.7752632280421164
diabetes,bo_tpe,26,26,44,0.7752632280421164
diabetes,bo_tpe,26,26,45,0.7752632280421164
diabetes,bo_tpe,26,26,46,0.7752632280421164
diabetes,bo_tpe,26,26,47,0.7752632280421164
diabetes,bo_tpe,26,26,48,0.7752632280421164
diabetes,bo_tpe,26,26,49,0.7752632280421164
diabetes,bo_tpe,26,26,50,0.7752632280421164
diabetes,bo_tpe,26,26,51,0.7752632280421164
diabetes,bo_tpe,26,26,52,0.7752632280421164
diabetes,bo_tpe,26,26,53,0.7752632280421164
diabetes,bo_tpe,26,26,54,0.7752632280421164
diabetes,bo_tpe,26,26,55,0.7752632280421164
diabetes,bo_tpe,26,26,56,0.7752632280421164
diabetes,bo_tpe,26,26,57,0.7752632280421164
diabetes,bo_tpe,26,26,58,0.7752632280421164
diabetes,bo_tpe,26,26,59,0.7752632280421164
diabetes,bo_tpe,26,26,60,0.7752632280421164
diabetes,bo_tpe,26,26,61,0.7752632280421164
diabetes,bo_tpe,26,26,62,0.7752632280421164
diabetes,bo_tpe,26,26,63,0.7752632280421164
diabetes,bo_tpe,26,26,64,0.7752632280421164
diabetes,bo_tpe,26,26,65,0.7752632280421164
diabetes,bo_tpe,26,26,66,0.7752632280421164
diabetes,bo_tpe,26,26,67,0.7752632280421164
diabetes,bo_tpe,26,26,68,0.7752632280421164
diabetes,bo_tpe,26,26,69,0.7752632280421164
diabetes,bo_tpe,26,26,70,0.7752632280421164
diabetes,bo_tpe,26,26,71,0.7752632280421164
diabetes,bo_tpe,26,26,72,0.7752632280421164
diabetes,bo_tpe,26,26,73,0.7752632280421164
diabetes,bo_tpe,26,26,74,0.7768892443022791
diabetes,bo_tpe,26,26,75,0.7768892443022791
diabetes,bo_tpe,26,26,76,0.7768892443022791
diabetes,bo_tpe,26,26,77,0.7768892443022791
diabetes,bo_tpe,26,26,78,0.7768892443022791
diabetes,bo_tpe,26,26,79,0.7768892443022791
diabetes,bo_tpe,26,26,80,0.7768892443022791
diabetes,bo_tpe,26,26,81,0.7768892443022791
diabetes,bo_tpe,26,26,82,0.7768892443022791
diabetes,bo_tpe,26,26,83,0.7768892443022791
diabetes,bo_tpe,26,26,84,0.7768892443022791
diabetes,bo_tpe,26,26,85,0.7768892443022791
diabetes,bo_tpe,26,26,86,0.7768892443022791
diabetes,bo_tpe,26,26,87,0.7768892443022791
diabetes,bo_tpe,26,26,88,0.7768892443022791
diabetes,bo_tpe,26,26,89,0.7768892443022791
diabetes,bo_tpe,26,26,90,0.7768892443022791
diabetes,bo_tpe,26,26,91,0.7768892443022791
diabetes,bo_tpe,26,26,92,0.7768892443022791
diabetes,bo_tpe,26,26,93,0.7768892443022791
diabetes,bo_tpe,26,26,94,0.7768892443022791
diabetes,bo_tpe,26,26,95,0.7768892443022791
diabetes,bo_tpe,26,26,96,0.7768892443022791
diabetes,bo_tpe,26,26,97,0.7768892443022791
diabetes,bo_tpe,26,26,98,0.7768892443022791
diabetes,bo_tpe,26,26,99,0.7768892443022791
diabetes,bo_tpe,26,26,100,0.7768892443022791
diabetes,pso,26,26,1,0.7524590163934426
diabetes,pso,26,26,2,0.7638677862188458
diabetes,pso,26,26,3,0.7638677862188458
diabetes,pso,26,26,4,0.7638677862188458
diabetes,pso,26,26,5,0.7638677862188458
diabetes,pso,26,26,6,0.7638677862188458
diabetes,pso,26,26,7,0.7655071304811408
diabetes,pso,26,26,8,0.7655071304811408
diabetes,pso,26,26,9,0.7655071304811408
diabetes,pso,26,26,10,0.7655071304811408
diabetes,pso,26,26,11,0.7655071304811408
diabetes,pso,26,26,12,0.7655071304811408
diabetes,pso,26,26,13,0.7655071304811408
diabetes,pso,26,26,14,0.7655071304811408
diabetes,pso,26,26,15,0.7655071304811408
diabetes,pso,26,26,16,0.7655071304811408
diabetes,pso,26,26,17,0.7655071304811408
diabetes,pso,26,26,18,0.7655071304811408
diabetes,pso,26,26,19,0.7655071304811408
diabetes,pso,26,26,20,0.7655071304811408
diabetes,pso,26,26,21,0.7655071304811408
diabetes,pso,26,26,22,0.7655071304811408
diabetes,pso,26,26,23,0.7655071304811408
diabetes,pso,26,26,24,0.7655071304811408
diabetes,pso,26,26,25,0.7655071304811408
diabetes,pso,26,26,26,0.7655071304811408
diabetes,pso,26,26,27,0.7655071304811408
diabetes,pso,26,26,28,0.7655071304811408
diabetes,pso,26,26,29,0.7655071304811408
diabetes,pso,26,26,30,0.7655071304811408
diabetes,pso,26,26,31,0.7655071304811408
diabetes,pso,26,26,32,0.7655071304811408
diabetes,pso,26,26,33,0.7655071304811408
diabetes,pso,26,26,34,0.7655071304811408
diabetes,pso,26,26,35,0.7655071304811408
diabetes,pso,26,26,36,0.7655071304811408
diabetes,pso,26,26,37,0.7655071304811408
diabetes,pso,26,26,38,0.7655071304811408
diabetes,pso,26,26,39,0.7655071304811408
diabetes,pso,26,26,40,0.7655071304811408
diabetes,pso,26,26,41,0.7736372117819539
diabetes,pso,26,26,42,0.7736372117819539
diabetes,pso,26,26,43,0.7736372117819539
diabetes,pso,26,26,44,0.7736372117819539
diabetes,pso,26,26,45,0.7736372117819539
diabetes,pso,26,26,46,0.7736372117819539
diabetes,pso,26,26,47,0.7736372117819539
diabetes,pso,26,26,48,0.7736372117819539
diabetes,pso,26,26,49,0.7736372117819539
diabetes,pso,26,26,50,0.7736372117819539
diabetes,pso,26,26,51,0.7736372117819539
diabetes,pso,26,26,52,0.7736372117819539
diabetes,pso,26,26,53,0.7736372117819539
diabetes,pso,26,26,54,0.7736372117819539
diabetes,pso,26,26,55,0.7736372117819539
diabetes,pso,26,26,56,0.7736372117819539
diabetes,pso,26,26,57,0.7736372117819539
diabetes,pso,26,26,58,0.7736372117819539
diabetes,pso,26,26,59,0.7736372117819539
diabetes,pso,26,26,60,0.7736372117819539
diabetes,pso,26,26,61,0.7736372117819539
diabetes,pso,26,26,62,0.7736372117819539
diabetes,pso,26,26,63,0.7736372117819539
diabetes,pso,26,26,64,0.7736372117819539
diabetes,pso,26,26,65,0.7736372117819539
diabetes,pso,26,26,66,0.7736372117819539
diabetes,pso,26,26,67,0.7736372117819539
diabetes,pso,26,26,68,0.7736372117819539
diabetes,pso,26,26,69,0.7736372117819539
diabetes,pso,26,26,70,0.7736372117819539
diabetes,pso,26,26,71,0.7736372117819539
diabetes,pso,26,26,72,0.7736372117819539
diabetes,pso,26,26,73,0.7736372117819539
diabetes,pso,26,26,74,0.7736372117819539
diabetes,pso,26,26,75,0.7736372117819539
diabetes,pso,26,26,76,0.7736372117819539
diabetes,pso,26,26,77,0.7736372117819539
diabetes,pso,26,26,78,0.7736372117819539
diabetes,pso,26,26,79,0.7736372117819539
diabetes,pso,26,26,80,0.7736372117819539
diabetes,pso,26,26,81,0.7736372117819539
diabetes,pso,26,26,82,0.7736372117819539
diabetes,pso,26,26,83,0.7736372117819539
diabetes,pso,26,26,84,0.7736372117819539
diabetes,pso,26,26,85,0.7736372117819539
diabetes,pso,26,26,86,0.7736372117819539
diabetes,pso,26,26,87,0.7736372117819539
diabetes,pso,26,26,88,0.7736372117819539
diabetes,pso,26,26,89,0.7736372117819539
diabetes,pso,26,26,90,0.7736372117819539
diabetes,pso,26,26,91,0.7736372117819539
diabetes,pso,26,26,92,0.7736372117819539
diabetes,pso,26,26,93,0.7736372117819539
diabetes,pso,26,26,94,0.7736372117819539
diabetes,pso,26,26,95,0.7736372117819539
diabetes,pso,26,26,96,0.7752632280421164
diabetes,pso,26,26,97,0.7752632280421164
diabetes,pso,26,26,98,0.7752632280421164
diabetes,pso,26,26,99,0.7752632280421164
diabetes,pso,26,26,100,0.7752632280421164
diabetes,de,26,26,1,0.7508196721311475
diabetes,de,26,26,2,0.7508196721311475
diabetes,de,26,26,3,0.7508196721311475
diabetes,de,26,26,4,0.7508196721311475
diabetes,de,26,26,5,0.7508196721311475
diabetes,de,26,26,6,0.7508196721311475
diabetes,de,26,26,7,0.7508196721311475
diabetes,de,26,26,8,0.7524057043849126
diabetes,de,26,26,9,0.7524057043849126
diabetes,de,26,26,10,0.7655071304811409
diabetes,de,26,26,11,0.7655071304811409
diabetes,de,26,26,12,0.7655071304811409
diabetes,de,26,26,13,0.7655071304811409
diabetes,de,26,26,14,0.7655071304811409
diabetes,de,26,26,15,0.7655071304811409
diabetes,de,26,26,16,0.7655071304811409
diabetes,de,26,26,17,0.7655071304811409
diabetes,de,26,26,18,0.7655071304811409
diabetes,de,26,26,19,0.7655071304811409
diabetes,de,26,26,20,0.7687991470078636
diabetes,de,26,26,21,0.7687991470078636
diabetes,de,26,26,22,0.7687991470078636
diabetes,de,26,26,23,0.7687991470078636
diabetes,de,26,26,24,0.7687991470078636
diabetes,de,26,26,25,0.7687991470078636
diabetes,de,26,26,26,0.7687991470078636
diabetes,de,26,26,27,0.7687991470078636
diabetes,de,26,26,28,0.7687991470078636
diabetes,de,26,26,29,0.7687991470078636
diabetes,de,26,26,30,0.7687991470078636
diabetes,de,26,26,31,0.7687991470078636
diabetes,de,26,26,32,0.7687991470078636
diabetes,de,26,26,33,0.7720111955217913
diabetes,de,26,26,34,0.7720111955217913
diabetes,de,26,26,35,0.7720111955217913
diabetes,de,26,26,36,0.7720111955217913
diabetes,de,26,26,37,0.7720111955217913
diabetes,de,26,26,38,0.7720111955217913
diabetes,de,26,26,39,0.7720111955217913
diabetes,de,26,26,40,0.7720111955217913
diabetes,de,26,26,41,0.7720111955217913
diabetes,de,26,26,42,0.7720111955217913
diabetes,de,26,26,43,0.7720111955217913
diabetes,de,26,26,44,0.7720111955217913
diabetes,de,26,26,45,0.7720111955217913
diabetes,de,26,26,46,0.7720111955217913
diabetes,de,26,26,47,0.7720111955217913
diabetes,de,26,26,48,0.7720111955217913
diabetes,de,26,26,49,0.7720111955217913
diabetes,de,26,26,50,0.7720111955217913
diabetes,de,26,26,51,0.7720111955217913
diabetes,de,26,26,52,0.7720111955217913
diabetes,de,26,26,53,0.7720111955217913
diabetes,de,26,26,54,0.7736771957883513
diabetes,de,26,26,55,0.7736771957883513
diabetes,de,26,26,56,0.7736771957883513
diabetes,de,26,26,57,0.7736771957883513
diabetes,de,26,26,58,0.7736771957883513
diabetes,de,26,26,59,0.7736771957883513
diabetes,de,26,26,60,0.7736771957883513
diabetes,de,26,26,61,0.7736771957883513
diabetes,de,26,26,62,0.7736771957883513
diabetes,de,26,26,63,0.7736771957883513
diabetes,de,26,26,64,0.7736771957883513
diabetes,de,26,26,65,0.7736771957883513
diabetes,de,26,26,66,0.7736771957883513
diabetes,de,26,26,67,0.7736771957883513
diabetes,de,26,26,68,0.7736771957883513
diabetes,de,26,26,69,0.7736771957883513
diabetes,de,26,26,70,0.7736771957883513
diabetes,de,26,26,71,0.7736771957883513
diabetes,de,26,26,72,0.7736771957883513
diabetes,de,26,26,73,0.7736771957883513
diabetes,de,26,26,74,0.7736771957883513
diabetes,de,26,26,75,0.7736771957883513
diabetes,de,26,26,76,0.7736771957883513
diabetes,de,26,26,77,0.7736771957883513
diabetes,de,26,26,78,0.7736771957883513
diabetes,de,26,26,79,0.7736771957883513
diabetes,de,26,26,80,0.7736771957883513
diabetes,de,26,26,81,0.7736771957883513
diabetes,de,26,26,82,0.7736771957883513
diabetes,de,26,26,83,0.7736771957883513
diabetes,de,26,26,84,0.7736771957883513
diabetes,de,26,26,85,0.7736771957883513
diabetes,de,26,26,86,0.7736771957883513
diabetes,de,26,26,87,0.7736771957883513
diabetes,de,26,26,88,0.7736771957883513
diabetes,de,26,26,89,0.7736771957883513
diabetes,de,26,26,90,0.7736771957883513
diabetes,de,26,26,91,0.7736771957883513
diabetes,de,26,26,92,0.7736771957883513
diabetes,de,26,26,93,0.7736771957883513
diabetes,de,26,26,94,0.7736771957883513
diabetes,de,26,26,95,0.7736771957883513
diabetes,de,26,26,96,0.7736771957883513
diabetes,de,26,26,97,0.7736771957883513
diabetes,de,26,26,98,0.7736771957883513
diabetes,de,26,26,99,0.7736771957883513
diabetes,de,26,26,100,0.7736771957883513
diabetes,ga,26,26,1,0.7508196721311475
diabetes,ga,26,26,2,0.7508196721311475
diabetes,ga,26,26,3,0.7508196721311475
diabetes,ga,26,26,4,0.7508196721311475
diabetes,ga,26,26,5,0.7508196721311475
diabetes,ga,26,26,6,0.7508196721311475
diabetes,ga,26,26,7,0.7508196721311475
diabetes,ga,26,26,8,0.7524057043849126
diabetes,ga,26,26,9,0.7524057043849126
diabetes,ga,26,26,10,0.7655071304811409
diabetes,ga,26,26,11,0.7655071304811409
diabetes,ga,26,26,12,0.7655071304811409
diabetes,ga,26,26,13,0.7655071304811409
diabetes,ga,26,26,14,0.7655071304811409
diabetes,ga,26,26,15,0.7655071304811409
diabetes,ga,26,26,16,0.7655071304811409
diabetes,ga,26,26,17,0.7655071304811409
diabetes,ga,26,26,18,0.7655071304811409
diabetes,ga,26,26,19,0.7655071304811409
diabetes,ga,26,26,20,0.7687991470078636
diabetes,ga,26,26,21,0.7687991470078636
diabetes,ga,26,26,22,0.7687991470078636
diabetes,ga,26,26,23,0.7687991470078636
diabetes,ga,26,26,24,0.7687991470078636
diabetes,ga,26,26,25,0.7687991470078636
diabetes,ga,26,26,26,0.768812475009996
diabetes,ga,26,26,27,0.768812475009996
diabetes,ga,26,26,28,0.768812475009996
diabetes,ga,26,26,29,0.768812475009996
diabetes,ga,26,26,30,0.768812475009996
diabetes,ga,26,26,31,0.768812475009996
diabetes,ga,26,26,32,0.768812475009996
diabetes,ga,26,26,33,0.768812475009996
diabetes,ga,26,26,34,0.7703851792616287
diabetes,ga,26,26,35,0.7703851792616287
diabetes,ga,26,26,36,0.7703851792616287
diabetes,ga,26,26,37,0.7703851792616287
diabetes,ga,26,26,38,0.7703851792616287
diabetes,ga,26,26,39,0.7703851792616287
diabetes,ga,26,26,40,0.7703851792616287
diabetes,ga,26,26,41,0.7703851792616287
diabetes,ga,26,26,42,0.7703851792616287
diabetes,ga,26,26,43,0.7720511795281888
diabetes,ga,26,26,44,0.7720511795281888
diabetes,ga,26,26,45,0.7720511795281888
diabetes,ga,26,26,46,0.7720511795281888
diabetes,ga,26,26,47,0.7720511795281888
diabetes,ga,26,26,48,0.7720511795281888
diabetes,ga,26,26,49,0.7720511795281888
diabetes,ga,26,26,50,0.7720511795281888
diabetes,ga,26,26,51,0.7720511795281888
diabetes,ga,26,26,52,0.7720511795281888
diabetes,ga,26,26,53,0.7720511795281888
diabetes,ga,26,26,54,0.7720511795281888
diabetes,ga,26,26,55,0.7720511795281888
diabetes,ga,26,26,56,0.7720511795281888
diabetes,ga,26,26,57,0.7720511795281888
diabetes,ga,26,26,58,0.7720511795281888
diabetes,ga,26,26,59,0.7720511795281888
diabetes,ga,26,26,60,0.7720511795281888
diabetes,ga,26,26,61,0.7720511795281888
diabetes,ga,26,26,62,0.7720511795281888
diabetes,ga,26,26,63,0.7720511795281888
diabetes,ga,26,26,64,0.7720511795281888
diabetes,ga,26,26,65,0.7720511795281888
diabetes,ga,26,26,66,0.7720511795281888
diabetes,ga,26,26,67,0.7720511795281888
diabetes,ga,26,26,68,0.7720511795281888
diabetes,ga,26,26,69,0.7736905237904839
diabetes,ga,26,26,70,0.7736905237904839
diabetes,ga,26,26,71,0.7736905237904839
diabetes,ga,26,26,72,0.7736905237904839
diabetes,ga,26,26,73,0.7736905237904839
diabetes,ga,26,26,74,0.7736905237904839
diabetes,ga,26,26,75,0.7736905237904839
diabetes,ga,26,26,76,0.7736905237904839
diabetes,ga,26,26,77,0.7736905237904839
diabetes,ga,26,26,78,0.7736905237904839
diabetes,ga,26,26,79,0.7736905237904839
diabetes,ga,26,26,80,0.7736905237904839
diabetes,ga,26,26,81,0.7736905237904839
diabetes,ga,26,26,82,0.7736905237904839
diabetes,ga,26,26,83,0.7736905237904839
diabetes,ga,26,26,84,0.7736905237904839
diabetes,ga,26,26,85,0.7736905237904839
diabetes,ga,26,26,86,0.7736905237904839
diabetes,ga,26,26,87,0.7736905237904839
diabetes,ga,26,26,88,0.775303212048514
diabetes,ga,26,26,89,0.775303212048514
diabetes,ga,26,26,90,0.7769292283086766
diabetes,ga,26,26,91,0.7769292283086766
diabetes,ga,26,26,92,0.7769292283086766
diabetes,ga,26,26,93,0.7769292283086766
diabetes,ga,26,26,94,0.7769292283086766
diabetes,ga,26,26,95,0.7769292283086766
diabetes,ga,26,26,96,0.7769292283086766
diabetes,ga,26,26,97,0.7769292283086766
diabetes,ga,26,26,98,0.7769292283086766
diabetes,ga,26,26,99,0.7769292283086766
diabetes,ga,26,26,100,0.7769292283086766
diabetes,sa,26,26,1,0.6873383979741436
diabetes,sa,26,26,2,0.6873383979741436
diabetes,sa,26,26,3,0.6873383979741436
diabetes,sa,26,26,4,0.6873383979741436
diabetes,sa,26,26,5,0.6873383979741436
diabetes,sa,26,26,6,0.6873383979741436
diabetes,sa,26,26,7,0.6873383979741436
diabetes,sa,26,26,8,0.6873383979741436
diabetes,sa,26,26,9,0.6873383979741436
diabetes,sa,26,26,10,0.6873383979741436
diabetes,sa,26,26,11,0.6873383979741436
diabetes,sa,26,26,12,0.6873383979741436
diabetes,sa,26,26,13,0.6873383979741436
diabetes,sa,26,26,14,0.6873383979741436
diabetes,sa,26,26,15,0.6873383979741436
diabetes,sa,26,26,16,0.6873383979741436
diabetes,sa,26,26,17,0.6873383979741436
diabetes,sa,26,26,18,0.6873383979741436
diabetes,sa,26,26,19,0.6873383979741436
diabetes,sa,26,26,20,0.6873383979741436
diabetes,sa,26,26,21,0.6889244302279087
diabetes,sa,26,26,22,0.7345728375316539
diabetes,sa,26,26,23,0.7671064907370384
diabetes,sa,26,26,24,0.7687724910035986
diabetes,sa,26,26,25,0.7736771957883513
diabetes,sa,26,26,26,0.7736771957883513
diabetes,sa,26,26,27,0.7736771957883513
diabetes,sa,26,26,28,0.7736771957883513
diabetes,sa,26,26,29,0.7736771957883513
diabetes,sa,26,26,30,0.7736771957883513
diabetes,sa,26,26,31,0.7736771957883513
diabetes,sa,26,26,32,0.7736771957883513
diabetes,sa,26,26,33,0.7736771957883513
diabetes,sa,26,26,34,0.7736771957883513
diabetes,sa,26,26,35,0.7736771957883513
diabetes,sa,26,26,36,0.7736771957883513
diabetes,sa,26,26,37,0.7736771957883513
diabetes,sa,26,26,38,0.7736771957883513
diabetes,sa,26,26,39,0.7736771957883513
diabetes,sa,26,26,40,0.7736771957883513
diabetes,sa,26,26,41,0.7736771957883513
diabetes,sa,26,26,42,0.7736771957883513
diabetes,sa,26,26,43,0.7736771957883513
diabetes,sa,26,26,44,0.7736771957883513
diabetes,sa,26,26,45,0.7736771957883513
diabetes,sa,26,26,46,0.7736771957883513
diabetes,sa,26,26,47,0.7736771957883513
diabetes,sa,26,26,48,0.7736771957883513
diabetes,sa,26,26,49,0.7736771957883513
diabetes,sa,26,26,50,0.7736771957883513
diabetes,sa,26,26,51,0.7736771957883513
diabetes,sa,26,26,52,0.7736771957883513
diabetes,sa,26,26,53,0.7736771957883513
diabetes,sa,26,26,54,0.7736771957883513
diabetes,sa,26,26,55,0.7769292283086766
diabetes,sa,26,26,56,0.7769292283086766
diabetes,sa,26,26,57,0.7769292283086766
diabetes,sa,26,26,58,0.7769292283086766
diabetes,sa,26,26,59,0.7769292283086766
diabetes,sa,26,26,60,0.7769292283086766
diabetes,sa,26,26,61,0.7769292283086766
diabetes,sa,26,26,62,0.7769292283086766
diabetes,sa,26,26,63,0.7769292283086766
diabetes,sa,26,26,64,0.7769292283086766
diabetes,sa,26,26,65,0.7769292283086766
diabetes,sa,26,26,66,0.7769292283086766
diabetes,sa,26,26,67,0.7769292283086766
diabetes,sa,26,26,68,0.7769292283086766
diabetes,sa,26,26,69,0.7769292283086766
diabetes,sa,26,26,70,0.7769292283086766
diabetes,sa,26,26,71,0.7769292283086766
diabetes,sa,26,26,72,0.7769292283086766
diabetes,sa,26,26,73,0.7769292283086766
diabetes,sa,26,26,74,0.7769292283086766
diabetes,sa,26,26,75,0.7769292283086766
diabetes,sa,26,26,76,0.7769292283086766
diabetes,sa,26,26,77,0.7769292283086766
diabetes,sa,26,26,78,0.7769292283086766
diabetes,sa,26,26,79,0.7769292283086766
diabetes,sa,26,26,80,0.7769292283086766
diabetes,sa,26,26,81,0.7769292283086766
diabetes,sa,26,26,82,0.7769292283086766
diabetes,sa,26,26,83,0.7769292283086766
diabetes,sa,26,26,84,0.7769292283086766
diabetes,sa,26,26,85,0.7769292283086766
diabetes,sa,26,26,86,0.7769292283086766
diabetes,sa,26,26,87,0.7769292283086766
diabetes,sa,26,26,88,0.7769292283086766
diabetes,sa,26,26,89,0.7769292283086766
diabetes,sa,26,26,90,0.7769292283086766
diabetes,sa,26,26,91,0.7769292283086766
diabetes,sa,26,26,92,0.7769292283086766
diabetes,sa,26,26,93,0.7769292283086766
diabetes,sa,26,26,94,0.7769292283086766
diabetes,sa,26,26,95,0.7769292283086766
diabetes,sa,26,26,96,0.7769292283086766
diabetes,sa,26,26,97,0.7769292283086766
diabetes,sa,26,26,98,0.7769292283086766
diabetes,sa,26,26,99,0.7769292283086766
diabetes,sa,26,26,100,0.7769292283086766
diabetes,grid,27,27,1,0.6514727442356391
diabetes,grid,27,27,2,0.6514727442356391
diabetes,grid,27,27,3,0.6514727442356391
diabetes,grid,27,27,4,0.6514727442356391
diabetes,grid,27,27,5,0.6514727442356391
diabetes,grid,27,27,6,0.6514727442356391
diabetes,grid,27,27,7,0.6514727442356391
diabetes,grid,27,27,8,0.6514727442356391
diabetes,grid,27,27,9,0.6514727442356391
diabetes,grid,27,27,10,0.6514727442356391
diabetes,grid,27,27,11,0.6514727442356391
diabetes,grid,27,27,12,0.6514727442356391
diabetes,grid,27,27,13,0.6514727442356391
diabetes,grid,27,27,14,0.6514727442356391
diabetes,grid,27,27,15,0.6514727442356391
diabetes,grid,27,27,16,0.7557243769159003
diabetes,grid,27,27,17,0.7557243769159003
diabetes,grid,27,27,18,0.7557243769159003
diabetes,grid,27,27,19,0.7557243769159003
diabetes,grid,27,27,20,0.7557243769159003
diabetes,grid,27,27,21,0.7557243769159003
diabetes,grid,27,27,22,0.7557243769159003
diabetes,grid,27,27,23,0.7557243769159003
diabetes,grid,27,27,24,0.7557243769159003
diabetes,grid,27,27,25,0.7687991470078634
diabetes,grid,27,27,26,0.7687991470078634
diabetes,grid,27,27,27,0.7720111955217913
diabetes,grid,27,27,28,0.7720111955217913
diabetes,grid,27,27,29,0.7720111955217913
diabetes,grid,27,27,30,0.7720111955217913
diabetes,grid,27,27,31,0.7720111955217913
diabetes,grid,27,27,32,0.7720111955217913
diabetes,grid,27,27,33,0.7720111955217913
diabetes,grid,27,27,34,0.7720111955217913
diabetes,grid,27,27,35,0.7720111955217913
diabetes,grid,27,27,36,0.7720111955217913
diabetes,grid,27,27,37,0.7720111955217913
diabetes,grid,27,27,38,0.7720111955217913
diabetes,grid,27,27,39,0.7720111955217913
diabetes,grid,27,27,40,0.7720111955217913
diabetes,grid,27,27,41,0.7720111955217913
diabetes,grid,27,27,42,0.7720111955217913
diabetes,grid,27,27,43,0.7720111955217913
diabetes,grid,27,27,44,0.7720111955217913
diabetes,grid,27,27,45,0.7720245235239237
diabetes,grid,27,27,46,0.7720245235239237
diabetes,grid,27,27,47,0.7720245235239237
diabetes,grid,27,27,48,0.7720245235239237
diabetes,grid,27,27,49,0.7720245235239237
diabetes,grid,27,27,50,0.7720245235239237
diabetes,grid,27,27,51,0.7720245235239237
diabetes,grid,27,27,52,0.7720245235239237
diabetes,grid,27,27,53,0.7720245235239237
diabetes,grid,27,27,54,0.7720245235239237
diabetes,grid,27,27,55,0.7720245235239237
diabetes,grid,27,27,56,0.7720245235239237
diabetes,grid,27,27,57,0.7720245235239237
diabetes,grid,27,27,58,0.7720245235239237
diabetes,grid,27,27,59,0.7720245235239237
diabetes,grid,27,27,60,0.7720245235239237
diabetes,grid,27,27,61,0.7720245235239237
diabetes,grid,27,27,62,0.7720245235239237
diabetes,grid,27,27,63,0.7720245235239237
diabetes,grid,27,27,64,0.7720245235239237
diabetes,grid,27,27,65,0.7720245235239237
diabetes,grid,27,27,66,0.7720245235239237
diabetes,grid,27,27,67,0.7720245235239237
diabetes,grid,27,27,68,0.7720245235239237
diabetes,grid,27,27,69,0.7720245235239237
diabetes,grid,27,27,70,0.7720245235239237
diabetes,grid,27,27,71,0.7720245235239237
diabetes,grid,27,27,72,0.7720245235239237
diabetes,grid,27,27,73,0.7720245235239237
diabetes,grid,27,27,74,0.7720245235239237
diabetes,grid,27,27,75,0.7720245235239237
diabetes,grid,27,27,76,0.7720245235239237
diabetes,grid,27,27,77,0.7720245235239237
diabetes,grid,27,27,78,0.7720245235239237
diabetes,grid,27,27,79,0.7720245235239237
diabetes,grid,27,27,80,0.7720245235239237
diabetes,grid,27,27,81,0.7720245235239237
diabetes,grid,27,27,82,0.7720511795281888
diabetes,grid,27,27,83,0.7720511795281888
diabetes,grid,27,27,84,0.7720511795281888
diabetes,grid,27,27,85,0.7720511795281888
diabetes,grid,27,27,86,0.7720511795281888
diabetes,grid,27,27,87,0.7720511795281888
diabetes,grid,27,27,88,0.7720511795281888
diabetes,grid,27,27,89,0.7720511795281888
diabetes,grid,27,27,90,0.7720511795281888
diabetes,grid,27,27,91,0.7720511795281888
diabetes,grid,27,27,92,0.7720511795281888
diabetes,grid,27,27,93,0.7720511795281888
diabetes,grid,27,27,94,0.7736372117819539
diabetes,grid,27,27,95,0.7736372117819539
diabetes,grid,27,27,96,0.7736372117819539
diabetes,grid,27,27,97,0.7736372117819539
diabetes,grid,27,27,98,0.7736372117819539
diabetes,grid,27,27,99,0.7736372117819539
diabetes,grid,27,27,100,0.7736372117819539
diabetes,random,27,27,1,0.7020125283220046
diabetes,random,27,27,2,0.7606024256963881
diabetes,random,27,27,3,0.7654938024790084
diabetes,random,27,27,4,0.7654938024790084
diabetes,random,27,27,5,0.7735972277755565
diabetes,random,27,27,6,0.7735972277755565
diabetes,random,27,27,7,0.7735972277755565
diabetes,random,27,27,8,0.7735972277755565
diabetes,random,27,27,9,0.7735972277755565
diabetes,random,27,27,10,0.7735972277755565
diabetes,random,27,27,11,0.7735972277755565
diabetes,random,27,27,12,0.7735972277755565
diabetes,random,27,27,13,0.7735972277755565
diabetes,random,27,27,14,0.7735972277755565
diabetes,random,27,27,15,0.7735972277755565
diabetes,random,27,27,16,0.7735972277755565
diabetes,random,27,27,17,0.773610555777689
diabetes,random,27,27,18,0.773610555777689
diabetes,random,27,27,19,0.773610555777689
diabetes,random,27,27,20,0.773610555777689
diabetes,random,27,27,21,0.773610555777689
diabetes,random,27,27,22,0.773610555777689
diabetes,random,27,27,23,0.773610555777689
diabetes,random,27,27,24,0.773610555777689
diabetes,random,27,27,25,0.773610555777689
diabetes,random,27,27,26,0.773610555777689
diabetes,random,27,27,27,0.773610555777689
diabetes,random,27,27,28,0.773610555777689
diabetes,random,27,27,29,0.7736771957883513
diabetes,random,27,27,30,0.7736771957883513
diabetes,random,27,27,31,0.7736771957883513
diabetes,random,27,27,32,0.7736771957883513
diabetes,random,27,27,33,0.7736771957883513
diabetes,random,27,27,34,0.7736771957883513
diabetes,random,27,27,35,0.7736771957883513
diabetes,random,27,27,36,0.7736771957883513
diabetes,random,27,27,37,0.7736771957883513
diabetes,random,27,27,38,0.7736771957883513
diabetes,random,27,27,39,0.7736771957883513
diabetes,random,27,27,40,0.7736771957883513
diabetes,random,27,27,41,0.7736771957883513
diabetes,random,27,27,42,0.7736771957883513
diabetes,random,27,27,43,0.7736771957883513
diabetes,random,27,27,44,0.7736771957883513
diabetes,random,27,27,45,0.7736771957883513
diabetes,random,27,27,46,0.7736771957883513
diabetes,random,27,27,47,0.7736771957883513
diabetes,random,27,27,48,0.7736771957883513
diabetes,random,27,27,49,0.7736771957883513
diabetes,random,27,27,50,0.7736771957883513
diabetes,random,27,27,51,0.7736771957883513
diabetes,random,27,27,52,0.7736771957883513
diabetes,random,27,27,53,0.7736771957883513
diabetes,random,27,27,54,0.7736771957883513
diabetes,random,27,27,55,0.7736771957883513
diabetes,random,27,27,56,0.7736771957883513
diabetes,random,27,27,57,0.7736771957883513
diabetes,random,27,27,58,0.7736771957883513
diabetes,random,27,27,59,0.7736771957883513
diabetes,random,27,27,60,0.7736771957883513
diabetes,random,27,27,61,0.7736771957883513
diabetes,random,27,27,62,0.7736771957883513
diabetes,random,27,27,63,0.7736771957883513
diabetes,random,27,27,64,0.7736771957883513
diabetes,random,27,27,65,0.7736771957883513
diabetes,random,27,27,66,0.7736771957883513
diabetes,random,27,27,67,0.7736771957883513
diabetes,random,27,27,68,0.7736771957883513
diabetes,random,27,27,69,0.7736771957883513
diabetes,random,27,27,70,0.7736771957883513
diabetes,random,27,27,71,0.7736771957883513
diabetes,random,27,27,72,0.7736771957883513
diabetes,random,27,27,73,0.7736771957883513
diabetes,random,27,27,74,0.7736771957883513
diabetes,random,27,27,75,0.7736771957883513
diabetes,random,27,27,76,0.7736771957883513
diabetes,random,27,27,77,0.7736771957883513
diabetes,random,27,27,78,0.7736771957883513
diabetes,random,27,27,79,0.7736771957883513
diabetes,random,27,27,80,0.7736771957883513
diabetes,random,27,27,81,0.7736771957883513
diabetes,random,27,27,82,0.7736771957883513
diabetes,random,27,27,83,0.7736771957883513
diabetes,random,27,27,84,0.7736771957883513
diabetes,random,27,27,85,0.7736771957883513
diabetes,random,27,27,86,0.7736771957883513
diabetes,random,27,27,87,0.7736771957883513
diabetes,random,27,27,88,0.7736771957883513
diabetes,random,27,27,89,0.7736771957883513
diabetes,random,27,27,90,0.7736771957883513
diabetes,random,27,27,91,0.7769025723044115
diabetes,random,27,27,92,0.7769025723044115
diabetes,random,27,27,93,0.7769025723044115
diabetes,random,27,27,94,0.7769025723044115
diabetes,random,27,27,95,0.7769025723044115
diabetes,random,27,27,96,0.7769025723044115
diabetes,random,27,27,97,0.7769025723044115
diabetes,random,27,27,98,0.7769025723044115
diabetes,random,27,27,99,0.7769025723044115
diabetes,random,27,27,100,0.7769025723044115
diabetes,bo_tpe,27,27,1,0.7020125283220046
diabetes,bo_tpe,27,27,2,0.7606024256963881
diabetes,bo_tpe,27,27,3,0.7654938024790084
diabetes,bo_tpe,27,27,4,0.7654938024790084
diabetes,bo_tpe,27,27,5,0.7735972277755565
diabetes,bo_tpe,27,27,6,0.7735972277755565
diabetes,bo_tpe,27,27,7,0.7735972277755565
diabetes,bo_tpe,27,27,8,0.7735972277755565
diabetes,bo_tpe,27,27,9,0.7735972277755565
diabetes,bo_tpe,27,27,10,0.7735972277755565
diabetes,bo_tpe,27,27,11,0.7735972277755565
diabetes,bo_tpe,27,27,12,0.7735972277755565
diabetes,bo_tpe,27,27,13,0.7735972277755565
diabetes,bo_tpe,27,27,14,0.7735972277755565
diabetes,bo_tpe,27,27,15,0.7752632280421166
diabetes,bo_tpe,27,27,16,0.7752632280421166
diabetes,bo_tpe,27,27,17,0.7752632280421166
diabetes,bo_tpe,27,27,18,0.7752632280421166
diabetes,bo_tpe,27,27,19,0.7752632280421166
diabetes,bo_tpe,27,27,20,0.7752632280421166
diabetes,bo_tpe,27,27,21,0.7752632280421166
diabetes,bo_tpe,27,27,22,0.7752632280421166
diabetes,bo_tpe,27,27,23,0.7752632280421166
diabetes,bo_tpe,27,27,24,0.7752632280421166
diabetes,bo_tpe,27,27,25,0.7752632280421166
diabetes,bo_tpe,27,27,26,0.7752632280421166
diabetes,bo_tpe,27,27,27,0.7752632280421166
diabetes,bo_tpe,27,27,28,0.7752632280421166
diabetes,bo_tpe,27,27,29,0.7752632280421166
diabetes,bo_tpe,27,27,30,0.7752632280421166
diabetes,bo_tpe,27,27,31,0.7752632280421166
diabetes,bo_tpe,27,27,32,0.7752632280421166
diabetes,bo_tpe,27,27,33,0.7752632280421166
diabetes,bo_tpe,27,27,34,0.7752632280421166
diabetes,bo_tpe,27,27,35,0.7752632280421166
diabetes,bo_tpe,27,27,36,0.7752632280421166
diabetes,bo_tpe,27,27,37,0.7752632280421166
diabetes,bo_tpe,27,27,38,0.7752632280421166
diabetes,bo_tpe,27,27,39,0.7752632280421166
diabetes,bo_tpe,27,27,40,0.7752632280421166
diabetes,bo_tpe,27,27,41,0.7752632280421166
diabetes,bo_tpe,27,27,42,0.7752632280421166
diabetes,bo_tpe,27,27,43,0.7752632280421166
diabetes,bo_tpe,27,27,44,0.7752632280421166
diabetes,bo_tpe,27,27,45,0.7752632280421166
diabetes,bo_tpe,27,27,46,0.7752632280421166
diabetes,bo_tpe,27,27,47,0.7768759163001466
diabetes,bo_tpe,27,27,48,0.7768759163001466
diabetes,bo_tpe,27,27,49,0.7768759163001466
diabetes,bo_tpe,27,27,50,0.7768759163001466
diabetes,bo_tpe,27,27,51,0.7768759163001466
diabetes,bo_tpe,27,27,52,0.7768759163001466
diabetes,bo_tpe,27,27,53,0.7768759163001466
diabetes,bo_tpe,27,27,54,0.7768759163001466
diabetes,bo_tpe,27,27,55,0.7768759163001466
diabetes,bo_tpe,27,27,56,0.7768759163001466
diabetes,bo_tpe,27,27,57,0.7768759163001466
diabetes,bo_tpe,27,27,58,0.7768759163001466
diabetes,bo_tpe,27,27,59,0.7768759163001466
diabetes,bo_tpe,27,27,60,0.7768759163001466
diabetes,bo_tpe,27,27,61,0.7768759163001466
diabetes,bo_tpe,27,27,62,0.7768759163001466
diabetes,bo_tpe,27,27,63,0.7768759163001466
diabetes,bo_tpe,27,27,64,0.7768759163001466
diabetes,bo_tpe,27,27,65,0.7768759163001466
diabetes,bo_tpe,27,27,66,0.7768759163001466
diabetes,bo_tpe,27,27,67,0.7768759163001466
diabetes,bo_tpe,27,27,68,0.7768759163001466
diabetes,bo_tpe,27,27,69,0.7768759163001466
diabetes,bo_tpe,27,27,70,0.7768759163001466
diabetes,bo_tpe,27,27,71,0.7768759163001466
diabetes,bo_tpe,27,27,72,0.7768759163001466
diabetes,bo_tpe,27,27,73,0.7768759163001466
diabetes,bo_tpe,27,27,74,0.7768759163001466
diabetes,bo_tpe,27,27,75,0.7768759163001466
diabetes,bo_tpe,27,27,76,0.7768759163001466
diabetes,bo_tpe,27,27,77,0.7768759163001466
diabetes,bo_tpe,27,27,78,0.7768759163001466
diabetes,bo_tpe,27,27,79,0.7768759163001466
diabetes,bo_tpe,27,27,80,0.7768759163001466
diabetes,bo_tpe,27,27,81,0.7768759163001466
diabetes,bo_tpe,27,27,82,0.7768759163001466
diabetes,bo_tpe,27,27,83,0.7768759163001466
diabetes,bo_tpe,27,27,84,0.7768759163001466
diabetes,bo_tpe,27,27,85,0.7768759163001466
diabetes,bo_tpe,27,27,86,0.7768759163001466
diabetes,bo_tpe,27,27,87,0.7768759163001466
diabetes,bo_tpe,27,27,88,0.7768759163001466
diabetes,bo_tpe,27,27,89,0.7768759163001466
diabetes,bo_tpe,27,27,90,0.7768759163001466
diabetes,bo_tpe,27,27,91,0.7768759163001466
diabetes,bo_tpe,27,27,92,0.7768759163001466
diabetes,bo_tpe,27,27,93,0.7768759163001466
diabetes,bo_tpe,27,27,94,0.7768759163001466
diabetes,bo_tpe,27,27,95,0.7768759163001466
diabetes,bo_tpe,27,27,96,0.7768759163001466
diabetes,bo_tpe,27,27,97,0.7768759163001466
diabetes,bo_tpe,27,27,98,0.7768759163001466
diabetes,bo_tpe,27,27,99,0.7768759163001466
diabetes,bo_tpe,27,27,100,0.7768759163001466
diabetes,pso,27,27,1,0.7704251632680261
diabetes,pso,27,27,2,0.7704251632680261
diabetes,pso,27,27,3,0.7704251632680261
diabetes,pso,27,27,4,0.7704251632680261
diabetes,pso,27,27,5,0.7704251632680261
diabetes,pso,27,27,6,0.7704251632680261
diabetes,pso,27,27,7,0.7704251632680261
diabetes,pso,27,27,8,0.7704251632680261
diabetes,pso,27,27,9,0.7704251632680261
diabetes,pso,27,27,10,0.7704251632680261
diabetes,pso,27,27,11,0.7704251632680261
diabetes,pso,27,27,12,0.7704251632680261
diabetes,pso,27,27,13,0.7704251632680261
diabetes,pso,27,27,14,0.7736771957883513
diabetes,pso,27,27,15,0.7736771957883513
diabetes,pso,27,27,16,0.7736771957883513
diabetes,pso,27,27,17,0.7736771957883513
diabetes,pso,27,27,18,0.7736771957883513
diabetes,pso,27,27,19,0.7736771957883513
diabetes,pso,27,27,20,0.7736771957883513
diabetes,pso,27,27,21,0.7736771957883513
diabetes,pso,27,27,22,0.7736771957883514
diabetes,pso,27,27,23,0.7736771957883514
diabetes,pso,27,27,24,0.7736771957883514
diabetes,pso,27,27,25,0.7736771957883514
diabetes,pso,27,27,26,0.7736771957883514
diabetes,pso,27,27,27,0.775303212048514
diabetes,pso,27,27,28,0.775303212048514
diabetes,pso,27,27,29,0.775303212048514
diabetes,pso,27,27,30,0.775303212048514
diabetes,pso,27,27,31,0.775303212048514
diabetes,pso,27,27,32,0.775303212048514
diabetes,pso,27,27,33,0.775303212048514
diabetes,pso,27,27,34,0.775303212048514
diabetes,pso,27,27,35,0.775303212048514
diabetes,pso,27,27,36,0.775303212048514
diabetes,pso,27,27,37,0.775303212048514
diabetes,pso,27,27,38,0.775303212048514
diabetes,pso,27,27,39,0.775303212048514
diabetes,pso,27,27,40,0.775303212048514
diabetes,pso,27,27,41,0.775303212048514
diabetes,pso,27,27,42,0.775303212048514
diabetes,pso,27,27,43,0.775303212048514
diabetes,pso,27,27,44,0.775303212048514
diabetes,pso,27,27,45,0.775303212048514
diabetes,pso,27,27,46,0.775303212048514
diabetes,pso,27,27,47,0.775303212048514
diabetes,pso,27,27,48,0.775303212048514
diabetes,pso,27,27,49,0.775303212048514
diabetes,pso,27,27,50,0.775303212048514
diabetes,pso,27,27,51,0.775303212048514
diabetes,pso,27,27,52,0.775303212048514
diabetes,pso,27,27,53,0.775303212048514
diabetes,pso,27,27,54,0.775303212048514
diabetes,pso,27,27,55,0.775303212048514
diabetes,pso,27,27,56,0.775303212048514
diabetes,pso,27,27,57,0.775303212048514
diabetes,pso,27,27,58,0.775303212048514
diabetes,pso,27,27,59,0.775303212048514
diabetes,pso,27,27,60,0.775303212048514
diabetes,pso,27,27,61,0.775303212048514
diabetes,pso,27,27,62,0.775303212048514
diabetes,pso,27,27,63,0.775303212048514
diabetes,pso,27,27,64,0.775303212048514
diabetes,pso,27,27,65,0.775303212048514
diabetes,pso,27,27,66,0.775303212048514
diabetes,pso,27,27,67,0.775303212048514
diabetes,pso,27,27,68,0.775303212048514
diabetes,pso,27,27,69,0.775303212048514
diabetes,pso,27,27,70,0.775303212048514
diabetes,pso,27,27,71,0.775303212048514
diabetes,pso,27,27,72,0.775303212048514
diabetes,pso,27,27,73,0.775303212048514
diabetes,pso,27,27,74,0.775303212048514
diabetes,pso,27,27,75,0.775303212048514
diabetes,pso,27,27,76,0.775303212048514
diabetes,pso,27,27,77,0.775303212048514
diabetes,pso,27,27,78,0.775303212048514
diabetes,pso,27,27,79,0.775303212048514
diabetes,pso,27,27,80,0.775303212048514
diabetes,pso,27,27,81,0.775303212048514
diabetes,pso,27,27,82,0.775303212048514
diabetes,pso,27,27,83,0.775303212048514
diabetes,pso,27,27,84,0.775303212048514
diabetes,pso,27,27,85,0.775303212048514
diabetes,pso,27,27,86,0.775303212048514
diabetes,pso,27,27,87,0.775303212048514
diabetes,pso,27,27,88,0.775303212048514
diabetes,pso,27,27,89,0.775303212048514
diabetes,pso,27,27,90,0.775303212048514
diabetes,pso,27,27,91,0.775303212048514
diabetes,pso,27,27,92,0.775303212048514
diabetes,pso,27,27,93,0.775303212048514
diabetes,pso,27,27,94,0.775303212048514
diabetes,pso,27,27,95,0.775303212048514
diabetes,pso,27,27,96,0.775303212048514
diabetes,pso,27,27,97,0.775303212048514
diabetes,pso,27,27,98,0.775303212048514
diabetes,pso,27,27,99,0.775303212048514
diabetes,pso,27,27,100,0.775303212048514
diabetes,de,27,27,1,0.7753032120485139
diabetes,de,27,27,2,0.7753032120485139
diabetes,de,27,27,3,0.7753032120485139
diabetes,de,27,27,4,0.7753032120485139
diabetes,de,27,27,5,0.7753032120485139
diabetes,de,27,27,6,0.7753032120485139
diabetes,de,27,27,7,0.7753032120485139
diabetes,de,27,27,8,0.7753032120485139
diabetes,de,27,27,9,0.7753032120485139
diabetes,de,27,27,10,0.7753032120485139
diabetes,de,27,27,11,0.7753032120485139
diabetes,de,27,27,12,0.7753032120485139
diabetes,de,27,27,13,0.7753032120485139
diabetes,de,27,27,14,0.7753032120485139
diabetes,de,27,27,15,0.7753032120485139
diabetes,de,27,27,16,0.7753032120485139
diabetes,de,27,27,17,0.7753032120485139
diabetes,de,27,27,18,0.7753032120485139
diabetes,de,27,27,19,0.7753032120485139
diabetes,de,27,27,20,0.7753032120485139
diabetes,de,27,27,21,0.7753032120485139
diabetes,de,27,27,22,0.7753032120485139
diabetes,de,27,27,23,0.7753032120485139
diabetes,de,27,27,24,0.7753032120485139
diabetes,de,27,27,25,0.7753032120485139
diabetes,de,27,27,26,0.7753032120485139
diabetes,de,27,27,27,0.7753032120485139
diabetes,de,27,27,28,0.7753032120485139
diabetes,de,27,27,29,0.7753032120485139
diabetes,de,27,27,30,0.7753032120485139
diabetes,de,27,27,31,0.7753032120485139
diabetes,de,27,27,32,0.7753032120485139
diabetes,de,27,27,33,0.7753032120485139
diabetes,de,27,27,34,0.7753032120485139
diabetes,de,27,27,35,0.7753032120485139
diabetes,de,27,27,36,0.7753032120485139
diabetes,de,27,27,37,0.7753032120485139
diabetes,de,27,27,38,0.7753032120485139
diabetes,de,27,27,39,0.7753032120485139
diabetes,de,27,27,40,0.7753032120485139
diabetes,de,27,27,41,0.7753032120485139
diabetes,de,27,27,42,0.7753032120485139
diabetes,de,27,27,43,0.7753032120485139
diabetes,de,27,27,44,0.7753032120485139
diabetes,de,27,27,45,0.7753032120485139
diabetes,de,27,27,46,0.7753032120485139
diabetes,de,27,27,47,0.7753032120485139
diabetes,de,27,27,48,0.7753032120485139
diabetes,de,27,27,49,0.7753032120485139
diabetes,de,27,27,50,0.7753032120485139
diabetes,de,27,27,51,0.7753032120485139
diabetes,de,27,27,52,0.7753032120485139
diabetes,de,27,27,53,0.7753032120485139
diabetes,de,27,27,54,0.7753032120485139
diabetes,de,27,27,55,0.7753032120485139
diabetes,de,27,27,56,0.7753032120485139
diabetes,de,27,27,57,0.7753032120485139
diabetes,de,27,27,58,0.7753032120485139
diabetes,de,27,27,59,0.7753032120485139
diabetes,de,27,27,60,0.7753032120485139
diabetes,de,27,27,61,0.7753032120485139
diabetes,de,27,27,62,0.7753032120485139
diabetes,de,27,27,63,0.7753032120485139
diabetes,de,27,27,64,0.7753032120485139
diabetes,de,27,27,65,0.7753032120485139
diabetes,de,27,27,66,0.7753032120485139
diabetes,de,27,27,67,0.7753032120485139
diabetes,de,27,27,68,0.7753032120485139
diabetes,de,27,27,69,0.7753032120485139
diabetes,de,27,27,70,0.7753032120485139
diabetes,de,27,27,71,0.7753032120485139
diabetes,de,27,27,72,0.7753032120485139
diabetes,de,27,27,73,0.7753032120485139
diabetes,de,27,27,74,0.7753032120485139
diabetes,de,27,27,75,0.7753032120485139
diabetes,de,27,27,76,0.7753032120485139
diabetes,de,27,27,77,0.7753032120485139
diabetes,de,27,27,78,0.7753032120485139
diabetes,de,27,27,79,0.7753032120485139
diabetes,de,27,27,80,0.7753032120485139
diabetes,de,27,27,81,0.7753032120485139
diabetes,de,27,27,82,0.7753032120485139
diabetes,de,27,27,83,0.7753032120485139
diabetes,de,27,27,84,0.7753032120485139
diabetes,de,27,27,85,0.7753032120485139
diabetes,de,27,27,86,0.7753032120485139
diabetes,de,27,27,87,0.7753032120485139
diabetes,de,27,27,88,0.7753032120485139
diabetes,de,27,27,89,0.7753032120485139
diabetes,de,27,27,90,0.7753032120485139
diabetes,de,27,27,91,0.7753032120485139
diabetes,de,27,27,92,0.7753032120485139
diabetes,de,27,27,93,0.7753032120485139
diabetes,de,27,27,94,0.7753032120485139
diabetes,de,27,27,95,0.7753032120485139
diabetes,de,27,27,96,0.7753032120485139
diabetes,de,27,27,97,0.7753032120485139
diabetes,de,27,27,98,0.7753032120485139
diabetes,de,27,27,99,0.7753032120485139
diabetes,de,27,27,100,0.7753032120485139
diabetes,ga,27,27,1,0.7753032120485139
diabetes,ga,27,27,2,0.7753032120485139
diabetes,ga,27,27,3,0.7753032120485139
diabetes,ga,27,27,4,0.7753032120485139
diabetes,ga,27,27,5,0.7753032120485139
diabetes,ga,27,27,6,0.7753032120485139
diabetes,ga,27,27,7,0.7753032120485139
diabetes,ga,27,27,8,0.7753032120485139
diabetes,ga,27,27,9,0.7753032120485139
diabetes,ga,27,27,10,0.7753032120485139
diabetes,ga,27,27,11,0.7753032120485139
diabetes,ga,27,27,12,0.7753032120485139
diabetes,ga,27,27,13,0.7753032120485139
diabetes,ga,27,27,14,0.7753032120485139
diabetes,ga,27,27,15,0.7753032120485139
diabetes,ga,27,27,16,0.7753032120485139
diabetes,ga,27,27,17,0.7753032120485139
diabetes,ga,27,27,18,0.7753032120485139
diabetes,ga,27,27,19,0.7753032120485139
diabetes,ga,27,27,20,0.7753032120485139
diabetes,ga,27,27,21,0.7753032120485139
diabetes,ga,27,27,22,0.7753032120485139
diabetes,ga,27,27,23,0.7753032120485139
diabetes,ga,27,27,24,0.7753032120485139
diabetes,ga,27,27,25,0.7753032120485139
diabetes,ga,27,27,26,0.7753032120485139
diabetes,ga,27,27,27,0.7753032120485139
diabetes,ga,27,27,28,0.7753032120485139
diabetes,ga,27,27,29,0.7753032120485139
diabetes,ga,27,27,30,0.7753032120485139
diabetes,ga,27,27,31,0.7753032120485139
diabetes,ga,27,27,32,0.7753032120485139
diabetes,ga,27,27,33,0.7753032120485139
diabetes,ga,27,27,34,0.7753032120485139
diabetes,ga,27,27,35,0.7753032120485139
diabetes,ga,27,27,36,0.7753032120485139
diabetes,ga,27,27,37,0.7753032120485139
diabetes,ga,27,27,38,0.7753032120485139
diabetes,ga,27,27,39,0.7753032120485139
diabetes,ga,27,27,40,0.7753032120485139
diabetes,ga,27,27,41,0.7753032120485139
diabetes,ga,27,27,42,0.7753032120485139
diabetes,ga,27,27,43,0.7753032120485139
diabetes,ga,27,27,44,0.7753032120485139
diabetes,ga,27,27,45,0.7753032120485139
diabetes,ga,27,27,46,0.7753032120485139
diabetes,ga,27,27,47,0.7753032120485139
diabetes,ga,27,27,48,0.7753032120485139
diabetes,ga,27,27,49,0.7753032120485139
diabetes,ga,27,27,50,0.7753032120485139
diabetes,ga,27,27,51,0.7753032120485139
diabetes,ga,27,27,52,0.7753032120485139
diabetes,ga,27,27,53,0.7753032120485139
diabetes,ga,27,27,54,0.7753032120485139
diabetes,ga,27,27,55,0.7753032120485139
diabetes,ga,27,27,56,0.7753032120485139
diabetes,ga,27,27,57,0.7753032120485139
diabetes,ga,27,27,58,0.7753032120485139
diabetes,ga,27,27,59,0.7753032120485139
diabetes,ga,27,27,60,0.7753032120485139
diabetes,ga,27,27,61,0.7753032120485139
diabetes,ga,27,27,62,0.7753032120485139
diabetes,ga,27,27,63,0.7753032120485139
diabetes,ga,27,27,64,0.7753032120485139
diabetes,ga,27,27,65,0.7753032120485139
diabetes,ga,27,27,66,0.7753032120485139
diabetes,ga,27,27,67,0.7753032120485139
diabetes,ga,27,27,68,0.7753032120485139
diabetes,ga,27,27,69,0.7753032120485139
diabetes,ga,27,27,70,0.7753032120485139
diabetes,ga,27,27,71,0.7753032120485139
diabetes,ga,27,27,72,0.7753032120485139
diabetes,ga,27,27,73,0.7753032120485139
diabetes,ga,27,27,74,0.7753032120485139
diabetes,ga,27,27,75,0.7753032120485139
diabetes,ga,27,27,76,0.7753032120485139
diabetes,ga,27,27,77,0.7753032120485139
diabetes,ga,27,27,78,0.7753032120485139
diabetes,ga,27,27,79,0.7753032120485139
diabetes,ga,27,27,80,0.7753032120485139
diabetes,ga,27,27,81,0.7753032120485139
diabetes,ga,27,27,82,0.7753032120485139
diabetes,ga,27,27,83,0.7753032120485139
diabetes,ga,27,27,84,0.7753032120485139
diabetes,ga,27,27,85,0.7753032120485139
diabetes,ga,27,27,86,0.7753032120485139
diabetes,ga,27,27,87,0.7753032120485139
diabetes,ga,27,27,88,0.7753032120485139
diabetes,ga,27,27,89,0.7753032120485139
diabetes,ga,27,27,90,0.7753032120485139
diabetes,ga,27,27,91,0.7753032120485139
diabetes,ga,27,27,92,0.7753032120485139
diabetes,ga,27,27,93,0.7753032120485139
diabetes,ga,27,27,94,0.7753032120485139
diabetes,ga,27,27,95,0.7753032120485139
diabetes,ga,27,27,96,0.7753032120485139
diabetes,ga,27,27,97,0.7753032120485139
diabetes,ga,27,27,98,0.7753032120485139
diabetes,ga,27,27,99,0.7753032120485139
diabetes,ga,27,27,100,0.7753032120485139
diabetes,sa,27,27,1,0.7020125283220046
diabetes,sa,27,27,2,0.7020125283220046
diabetes,sa,27,27,3,0.7020125283220046
diabetes,sa,27,27,4,0.7020125283220046
diabetes,sa,27,27,5,0.7020125283220046
diabetes,sa,27,27,6,0.7020125283220046
diabetes,sa,27,27,7,0.7020125283220046
diabetes,sa,27,27,8,0.7020125283220046
diabetes,sa,27,27,9,0.7020125283220046
diabetes,sa,27,27,10,0.7020125283220046
diabetes,sa,27,27,11,0.7020125283220046
diabetes,sa,27,27,12,0.7020125283220046
diabetes,sa,27,27,13,0.7020125283220046
diabetes,sa,27,27,14,0.7020125283220046
diabetes,sa,27,27,15,0.7020125283220046
diabetes,sa,27,27,16,0.7020125283220046
diabetes,sa,27,27,17,0.7020125283220046
diabetes,sa,27,27,18,0.7020125283220046
diabetes,sa,27,27,19,0.7020125283220046
diabetes,sa,27,27,20,0.7020125283220046
diabetes,sa,27,27,21,0.7020125283220046
diabetes,sa,27,27,22,0.7475543116086898
diabetes,sa,27,27,23,0.7638544582167134
diabetes,sa,27,27,24,0.773610555777689
diabetes,sa,27,27,25,0.773610555777689
diabetes,sa,27,27,26,0.773610555777689
diabetes,sa,27,27,27,0.773610555777689
diabetes,sa,27,27,28,0.773610555777689
diabetes,sa,27,27,29,0.773610555777689
diabetes,sa,27,27,30,0.773610555777689
diabetes,sa,27,27,31,0.773610555777689
diabetes,sa,27,27,32,0.773610555777689
diabetes,sa,27,27,33,0.773610555777689
diabetes,sa,27,27,34,0.773610555777689
diabetes,sa,27,27,35,0.775303212048514
diabetes,sa,27,27,36,0.775303212048514
diabetes,sa,27,27,37,0.775303212048514
diabetes,sa,27,27,38,0.775303212048514
diabetes,sa,27,27,39,0.775303212048514
diabetes,sa,27,27,40,0.775303212048514
diabetes,sa,27,27,41,0.775303212048514
diabetes,sa,27,27,42,0.775303212048514
diabetes,sa,27,27,43,0.775303212048514
diabetes,sa,27,27,44,0.775303212048514
diabetes,sa,27,27,45,0.775303212048514
diabetes,sa,27,27,46,0.775303212048514
diabetes,sa,27,27,47,0.775303212048514
diabetes,sa,27,27,48,0.775303212048514
diabetes,sa,27,27,49,0.775303212048514
diabetes,sa,27,27,50,0.775303212048514
diabetes,sa,27,27,51,0.775303212048514
diabetes,sa,27,27,52,0.775303212048514
diabetes,sa,27,27,53,0.775303212048514
diabetes,sa,27,27,54,0.775303212048514
diabetes,sa,27,27,55,0.775303212048514
diabetes,sa,27,27,56,0.775303212048514
diabetes,sa,27,27,57,0.775303212048514
diabetes,sa,27,27,58,0.775303212048514
diabetes,sa,27,27,59,0.775303212048514
diabetes,sa,27,27,60,0.775303212048514
diabetes,sa,27,27,61,0.775303212048514
diabetes,sa,27,27,62,0.775303212048514
diabetes,sa,27,27,63,0.775303212048514
diabetes,sa,27,27,64,0.775303212048514
diabetes,sa,27,27,65,0.775303212048514
diabetes,sa,27,27,66,0.775303212048514
diabetes,sa,27,27,67,0.775303212048514
diabetes,sa,27,27,68,0.775303212048514
diabetes,sa,27,27,69,0.775303212048514
diabetes,sa,27,27,70,0.775303212048514
diabetes,sa,27,27,71,0.775303212048514
diabetes,sa,27,27,72,0.775303212048514
diabetes,sa,27,27,73,0.775303212048514
diabetes,sa,27,27,74,0.775303212048514
diabetes,sa,27,27,75,0.775303212048514
diabetes,sa,27,27,76,0.775303212048514
diabetes,sa,27,27,77,0.775303212048514
diabetes,sa,27,27,78,0.775303212048514
diabetes,sa,27,27,79,0.775303212048514
diabetes,sa,27,27,80,0.775303212048514
diabetes,sa,27,27,81,0.775303212048514
diabetes,sa,27,27,82,0.775303212048514
diabetes,sa,27,27,83,0.775303212048514
diabetes,sa,27,27,84,0.775303212048514
diabetes,sa,27,27,85,0.775303212048514
diabetes,sa,27,27,86,0.775303212048514
diabetes,sa,27,27,87,0.775303212048514
diabetes,sa,27,27,88,0.775303212048514
diabetes,sa,27,27,89,0.775303212048514
diabetes,sa,27,27,90,0.775303212048514
diabetes,sa,27,27,91,0.775303212048514
diabetes,sa,27,27,92,0.775303212048514
diabetes,sa,27,27,93,0.775303212048514
diabetes,sa,27,27,94,0.775303212048514
diabetes,sa,27,27,95,0.775303212048514
diabetes,sa,27,27,96,0.775303212048514
diabetes,sa,27,27,97,0.775303212048514
diabetes,sa,27,27,98,0.775303212048514
diabetes,sa,27,27,99,0.775303212048514
diabetes,sa,27,27,100,0.775303212048514
diabetes,grid,28,28,1,0.6514727442356391
diabetes,grid,28,28,2,0.6514727442356391
diabetes,grid,28,28,3,0.6514727442356391
diabetes,grid,28,28,4,0.6514727442356391
diabetes,grid,28,28,5,0.6514727442356391
diabetes,grid,28,28,6,0.6514727442356391
diabetes,grid,28,28,7,0.6514727442356391
diabetes,grid,28,28,8,0.6514727442356391
diabetes,grid,28,28,9,0.6514727442356391
diabetes,grid,28,28,10,0.6514727442356391
diabetes,grid,28,28,11,0.6514727442356391
diabetes,grid,28,28,12,0.6514727442356391
diabetes,grid,28,28,13,0.6514727442356391
diabetes,grid,28,28,14,0.6514727442356391
diabetes,grid,28,28,15,0.6514727442356391
diabetes,grid,28,28,16,0.7459816073570572
diabetes,grid,28,28,17,0.7459816073570572
diabetes,grid,28,28,18,0.7459816073570572
diabetes,grid,28,28,19,0.7459816073570572
diabetes,grid,28,28,20,0.7459816073570572
diabetes,grid,28,28,21,0.7459816073570572
diabetes,grid,28,28,22,0.7459816073570572
diabetes,grid,28,28,23,0.7459816073570572
diabetes,grid,28,28,24,0.7459816073570572
diabetes,grid,28,28,25,0.7589897374383581
diabetes,grid,28,28,26,0.7589897374383581
diabetes,grid,28,28,27,0.7606024256963881
diabetes,grid,28,28,28,0.7606024256963881
diabetes,grid,28,28,29,0.7606024256963881
diabetes,grid,28,28,30,0.7606024256963881
diabetes,grid,28,28,31,0.7606024256963881
diabetes,grid,28,28,32,0.7606024256963881
diabetes,grid,28,28,33,0.7606024256963881
diabetes,grid,28,28,34,0.7606024256963881
diabetes,grid,28,28,35,0.7671331467413035
diabetes,grid,28,28,36,0.7671331467413035
diabetes,grid,28,28,37,0.7671331467413035
diabetes,grid,28,28,38,0.7671331467413035
diabetes,grid,28,28,39,0.7671331467413035
diabetes,grid,28,28,40,0.7671331467413035
diabetes,grid,28,28,41,0.7671331467413035
diabetes,grid,28,28,42,0.7671331467413035
diabetes,grid,28,28,43,0.7671331467413035
diabetes,grid,28,28,44,0.7671331467413035
diabetes,grid,28,28,45,0.7671331467413035
diabetes,grid,28,28,46,0.7671331467413035
diabetes,grid,28,28,47,0.7671331467413035
diabetes,grid,28,28,48,0.7671331467413035
diabetes,grid,28,28,49,0.7671331467413035
diabetes,grid,28,28,50,0.7671331467413035
diabetes,grid,28,28,51,0.7671331467413035
diabetes,grid,28,28,52,0.7671331467413035
diabetes,grid,28,28,53,0.7671331467413035
diabetes,grid,28,28,54,0.7671331467413035
diabetes,grid,28,28,55,0.7671331467413035
diabetes,grid,28,28,56,0.7671331467413035
diabetes,grid,28,28,57,0.7671331467413035
diabetes,grid,28,28,58,0.7671331467413035
diabetes,grid,28,28,59,0.7671331467413035
diabetes,grid,28,28,60,0.7671331467413035
diabetes,grid,28,28,61,0.7671331467413035
diabetes,grid,28,28,62,0.7671331467413035
diabetes,grid,28,28,63,0.7687191789950687
diabetes,grid,28,28,64,0.7687191789950687
diabetes,grid,28,28,65,0.7687191789950687
diabetes,grid,28,28,66,0.7687191789950687
diabetes,grid,28,28,67,0.7687191789950687
diabetes,grid,28,28,68,0.7687191789950687
diabetes,grid,28,28,69,0.7687191789950687
diabetes,grid,28,28,70,0.7687191789950687
diabetes,grid,28,28,71,0.7687191789950687
diabetes,grid,28,28,72,0.7687191789950687
diabetes,grid,28,28,73,0.7687191789950687
diabetes,grid,28,28,74,0.7687191789950687
diabetes,grid,28,28,75,0.7687191789950687
diabetes,grid,28,28,76,0.7687191789950687
diabetes,grid,28,28,77,0.7687191789950687
diabetes,grid,28,28,78,0.7687191789950687
diabetes,grid,28,28,79,0.7687191789950687
diabetes,grid,28,28,80,0.7687191789950687
diabetes,grid,28,28,81,0.7687191789950687
diabetes,grid,28,28,82,0.7703451952552312
diabetes,grid,28,28,83,0.7703451952552312
diabetes,grid,28,28,84,0.7703451952552312
diabetes,grid,28,28,85,0.7703451952552312
diabetes,grid,28,28,86,0.7703451952552312
diabetes,grid,28,28,87,0.7703451952552312
diabetes,grid,28,28,88,0.7703451952552312
diabetes,grid,28,28,89,0.7703451952552312
diabetes,grid,28,28,90,0.7703451952552312
diabetes,grid,28,28,91,0.773610555777689
diabetes,grid,28,28,92,0.773610555777689
diabetes,grid,28,28,93,0.773610555777689
diabetes,grid,28,28,94,0.773610555777689
diabetes,grid,28,28,95,0.773610555777689
diabetes,grid,28,28,96,0.773610555777689
diabetes,grid,28,28,97,0.773610555777689
diabetes,grid,28,28,98,0.773610555777689
diabetes,grid,28,28,99,0.773610555777689
diabetes,grid,28,28,100,0.773610555777689
diabetes,random,28,28,1,0.698693855791017
diabetes,random,28,28,2,0.7524456883913102
diabetes,random,28,28,3,0.7524456883913102
diabetes,random,28,28,4,0.7524456883913102
diabetes,random,28,28,5,0.7524590163934426
diabetes,random,28,28,6,0.7524590163934426
diabetes,random,28,28,7,0.7524590163934426
diabetes,random,28,28,8,0.7524590163934426
diabetes,random,28,28,9,0.7524590163934426
diabetes,random,28,28,10,0.7524590163934426
diabetes,random,28,28,11,0.7524590163934426
diabetes,random,28,28,12,0.7524590163934426
diabetes,random,28,28,13,0.7524590163934426
diabetes,random,28,28,14,0.7524590163934426
diabetes,random,28,28,15,0.7573503931760628
diabetes,random,28,28,16,0.7573503931760628
diabetes,random,28,28,17,0.7573503931760628
diabetes,random,28,28,18,0.7573503931760628
diabetes,random,28,28,19,0.7573503931760628
diabetes,random,28,28,20,0.7573503931760628
diabetes,random,28,28,21,0.7655204584832733
diabetes,random,28,28,22,0.7655204584832733
diabetes,random,28,28,23,0.7655204584832733
diabetes,random,28,28,24,0.7655204584832733
diabetes,random,28,28,25,0.7655204584832733
diabetes,random,28,28,26,0.7655204584832733
diabetes,random,28,28,27,0.7655204584832733
diabetes,random,28,28,28,0.7655204584832733
diabetes,random,28,28,29,0.7655204584832733
diabetes,random,28,28,30,0.7655204584832733
diabetes,random,28,28,31,0.7655204584832733
diabetes,random,28,28,32,0.7655204584832733
diabetes,random,28,28,33,0.7655204584832733
diabetes,random,28,28,34,0.7703451952552312
diabetes,random,28,28,35,0.7703451952552312
diabetes,random,28,28,36,0.7703451952552312
diabetes,random,28,28,37,0.7703451952552312
diabetes,random,28,28,38,0.7703451952552312
diabetes,random,28,28,39,0.7703451952552312
diabetes,random,28,28,40,0.7703451952552312
diabetes,random,28,28,41,0.7703451952552312
diabetes,random,28,28,42,0.7703451952552312
diabetes,random,28,28,43,0.7703451952552312
diabetes,random,28,28,44,0.7703451952552312
diabetes,random,28,28,45,0.7703451952552312
diabetes,random,28,28,46,0.7703451952552312
diabetes,random,28,28,47,0.7703451952552312
diabetes,random,28,28,48,0.7703451952552312
diabetes,random,28,28,49,0.7703451952552312
diabetes,random,28,28,50,0.7703451952552312
diabetes,random,28,28,51,0.7703451952552312
diabetes,random,28,28,52,0.7703451952552312
diabetes,random,28,28,53,0.7703451952552312
diabetes,random,28,28,54,0.7703451952552312
diabetes,random,28,28,55,0.7703451952552312
diabetes,random,28,28,56,0.7703451952552312
diabetes,random,28,28,57,0.7703451952552312
diabetes,random,28,28,58,0.7703451952552312
diabetes,random,28,28,59,0.7703451952552312
diabetes,random,28,28,60,0.7703451952552312
diabetes,random,28,28,61,0.7703451952552312
diabetes,random,28,28,62,0.7703451952552312
diabetes,random,28,28,63,0.7703451952552312
diabetes,random,28,28,64,0.7703451952552312
diabetes,random,28,28,65,0.7703451952552312
diabetes,random,28,28,66,0.7703451952552312
diabetes,random,28,28,67,0.7703451952552312
diabetes,random,28,28,68,0.7703451952552312
diabetes,random,28,28,69,0.7703451952552312
diabetes,random,28,28,70,0.7703451952552312
diabetes,random,28,28,71,0.7703451952552312
diabetes,random,28,28,72,0.7703451952552312
diabetes,random,28,28,73,0.7703451952552312
diabetes,random,28,28,74,0.7703451952552312
diabetes,random,28,28,75,0.7703451952552312
diabetes,random,28,28,76,0.7703451952552312
diabetes,random,28,28,77,0.7703451952552312
diabetes,random,28,28,78,0.7703451952552312
diabetes,random,28,28,79,0.7703451952552312
diabetes,random,28,28,80,0.7703451952552312
diabetes,random,28,28,81,0.7703451952552312
diabetes,random,28,28,82,0.7703451952552312
diabetes,random,28,28,83,0.7703451952552312
diabetes,random,28,28,84,0.7703451952552312
diabetes,random,28,28,85,0.7703451952552312
diabetes,random,28,28,86,0.7703451952552312
diabetes,random,28,28,87,0.7703451952552312
diabetes,random,28,28,88,0.7703451952552312
diabetes,random,28,28,89,0.7703451952552312
diabetes,random,28,28,90,0.7703451952552312
diabetes,random,28,28,91,0.7703451952552312
diabetes,random,28,28,92,0.7703451952552312
diabetes,random,28,28,93,0.7703451952552312
diabetes,random,28,28,94,0.7703451952552312
diabetes,random,28,28,95,0.7703451952552312
diabetes,random,28,28,96,0.7703451952552312
diabetes,random,28,28,97,0.7703451952552312
diabetes,random,28,28,98,0.7703451952552312
diabetes,random,28,28,99,0.7703451952552312
diabetes,random,28,28,100,0.7703451952552312
diabetes,bo_tpe,28,28,1,0.698693855791017
diabetes,bo_tpe,28,28,2,0.7524456883913102
diabetes,bo_tpe,28,28,3,0.7524456883913102
diabetes,bo_tpe,28,28,4,0.7524456883913102
diabetes,bo_tpe,28,28,5,0.7524590163934426
diabetes,bo_tpe,28,28,6,0.7524590163934426
diabetes,bo_tpe,28,28,7,0.7524590163934426
diabetes,bo_tpe,28,28,8,0.7524590163934426
diabetes,bo_tpe,28,28,9,0.7524590163934426
diabetes,bo_tpe,28,28,10,0.7524590163934426
diabetes,bo_tpe,28,28,11,0.7703451952552312
diabetes,bo_tpe,28,28,12,0.7703451952552312
diabetes,bo_tpe,28,28,13,0.7703451952552312
diabetes,bo_tpe,28,28,14,0.7703451952552312
diabetes,bo_tpe,28,28,15,0.7703451952552312
diabetes,bo_tpe,28,28,16,0.7703451952552312
diabetes,bo_tpe,28,28,17,0.7703451952552312
diabetes,bo_tpe,28,28,18,0.7703451952552312
diabetes,bo_tpe,28,28,19,0.7703451952552312
diabetes,bo_tpe,28,28,20,0.7703451952552312
diabetes,bo_tpe,28,28,21,0.7703451952552312
diabetes,bo_tpe,28,28,22,0.7719845395175262
diabetes,bo_tpe,28,28,23,0.7719845395175262
diabetes,bo_tpe,28,28,24,0.7719845395175262
diabetes,bo_tpe,28,28,25,0.7719845395175262
diabetes,bo_tpe,28,28,26,0.7719845395175262
diabetes,bo_tpe,28,28,27,0.7719845395175262
diabetes,bo_tpe,28,28,28,0.7719845395175262
diabetes,bo_tpe,28,28,29,0.7719845395175262
diabetes,bo_tpe,28,28,30,0.7719845395175262
diabetes,bo_tpe,28,28,31,0.7719845395175262
diabetes,bo_tpe,28,28,32,0.7719845395175262
diabetes,bo_tpe,28,28,33,0.7719845395175262
diabetes,bo_tpe,28,28,34,0.7719845395175262
diabetes,bo_tpe,28,28,35,0.7719845395175262
diabetes,bo_tpe,28,28,36,0.7719845395175262
diabetes,bo_tpe,28,28,37,0.7719845395175262
diabetes,bo_tpe,28,28,38,0.7719845395175262
diabetes,bo_tpe,28,28,39,0.7719845395175262
diabetes,bo_tpe,28,28,40,0.7719845395175262
diabetes,bo_tpe,28,28,41,0.7719845395175262
diabetes,bo_tpe,28,28,42,0.7719845395175262
diabetes,bo_tpe,28,28,43,0.7719845395175262
diabetes,bo_tpe,28,28,44,0.7719845395175262
diabetes,bo_tpe,28,28,45,0.7719845395175262
diabetes,bo_tpe,28,28,46,0.7719845395175262
diabetes,bo_tpe,28,28,47,0.7719845395175262
diabetes,bo_tpe,28,28,48,0.7719845395175262
diabetes,bo_tpe,28,28,49,0.7719845395175262
diabetes,bo_tpe,28,28,50,0.7719845395175262
diabetes,bo_tpe,28,28,51,0.7719845395175262
diabetes,bo_tpe,28,28,52,0.7719845395175262
diabetes,bo_tpe,28,28,53,0.7719845395175262
diabetes,bo_tpe,28,28,54,0.7719845395175262
diabetes,bo_tpe,28,28,55,0.7719845395175262
diabetes,bo_tpe,28,28,56,0.7719845395175262
diabetes,bo_tpe,28,28,57,0.7719845395175262
diabetes,bo_tpe,28,28,58,0.7719845395175262
diabetes,bo_tpe,28,28,59,0.7719845395175262
diabetes,bo_tpe,28,28,60,0.7719845395175262
diabetes,bo_tpe,28,28,61,0.7719845395175262
diabetes,bo_tpe,28,28,62,0.7719845395175262
diabetes,bo_tpe,28,28,63,0.7719845395175262
diabetes,bo_tpe,28,28,64,0.7719845395175262
diabetes,bo_tpe,28,28,65,0.7719845395175262
diabetes,bo_tpe,28,28,66,0.7719845395175262
diabetes,bo_tpe,28,28,67,0.7719845395175262
diabetes,bo_tpe,28,28,68,0.7719845395175262
diabetes,bo_tpe,28,28,69,0.7719845395175262
diabetes,bo_tpe,28,28,70,0.7719845395175262
diabetes,bo_tpe,28,28,71,0.7719845395175262
diabetes,bo_tpe,28,28,72,0.7719845395175262
diabetes,bo_tpe,28,28,73,0.7719845395175262
diabetes,bo_tpe,28,28,74,0.7719845395175262
diabetes,bo_tpe,28,28,75,0.7719845395175262
diabetes,bo_tpe,28,28,76,0.7719845395175262
diabetes,bo_tpe,28,28,77,0.7719845395175262
diabetes,bo_tpe,28,28,78,0.7719845395175262
diabetes,bo_tpe,28,28,79,0.7719845395175262
diabetes,bo_tpe,28,28,80,0.7719845395175262
diabetes,bo_tpe,28,28,81,0.7719845395175262
diabetes,bo_tpe,28,28,82,0.7719845395175262
diabetes,bo_tpe,28,28,83,0.7719845395175262
diabetes,bo_tpe,28,28,84,0.7719845395175262
diabetes,bo_tpe,28,28,85,0.7719845395175262
diabetes,bo_tpe,28,28,86,0.7719845395175262
diabetes,bo_tpe,28,28,87,0.7719845395175262
diabetes,bo_tpe,28,28,88,0.7719845395175262
diabetes,bo_tpe,28,28,89,0.7719845395175262
diabetes,bo_tpe,28,28,90,0.7719845395175262
diabetes,bo_tpe,28,28,91,0.7719845395175262
diabetes,bo_tpe,28,28,92,0.7719845395175262
diabetes,bo_tpe,28,28,93,0.7719845395175262
diabetes,bo_tpe,28,28,94,0.7719845395175262
diabetes,bo_tpe,28,28,95,0.7719845395175262
diabetes,bo_tpe,28,28,96,0.7719845395175262
diabetes,bo_tpe,28,28,97,0.7719845395175262
diabetes,bo_tpe,28,28,98,0.7719845395175262
diabetes,bo_tpe,28,28,99,0.7719845395175262
diabetes,bo_tpe,28,28,100,0.7719845395175262
diabetes,pso,28,28,1,0.7622284419565506
diabetes,pso,28,28,2,0.7622284419565506
diabetes,pso,28,28,3,0.7622284419565506
diabetes,pso,28,28,4,0.7622284419565506
diabetes,pso,28,28,5,0.7622284419565506
diabetes,pso,28,28,6,0.7622284419565506
diabetes,pso,28,28,7,0.7622284419565506
diabetes,pso,28,28,8,0.7622284419565506
diabetes,pso,28,28,9,0.7622284419565506
diabetes,pso,28,28,10,0.7622284419565506
diabetes,pso,28,28,11,0.7622284419565506
diabetes,pso,28,28,12,0.7622284419565506
diabetes,pso,28,28,13,0.7622284419565506
diabetes,pso,28,28,14,0.7622284419565506
diabetes,pso,28,28,15,0.7622284419565506
diabetes,pso,28,28,16,0.7638811142209783
diabetes,pso,28,28,17,0.7638811142209783
diabetes,pso,28,28,18,0.7638811142209783
diabetes,pso,28,28,19,0.7638811142209783
diabetes,pso,28,28,20,0.7638811142209783
diabetes,pso,28,28,21,0.7638811142209783
diabetes,pso,28,28,22,0.7638811142209783
diabetes,pso,28,28,23,0.7638811142209783
diabetes,pso,28,28,24,0.7638811142209783
diabetes,pso,28,28,25,0.7638811142209783
diabetes,pso,28,28,26,0.7638811142209783
diabetes,pso,28,28,27,0.7638811142209783
diabetes,pso,28,28,28,0.7638811142209783
diabetes,pso,28,28,29,0.7638811142209783
diabetes,pso,28,28,30,0.7638811142209783
diabetes,pso,28,28,31,0.7638811142209783
diabetes,pso,28,28,32,0.7638811142209783
diabetes,pso,28,28,33,0.7638811142209783
diabetes,pso,28,28,34,0.7638811142209783
diabetes,pso,28,28,35,0.7638811142209783
diabetes,pso,28,28,36,0.7638811142209783
diabetes,pso,28,28,37,0.7638811142209783
diabetes,pso,28,28,38,0.7638811142209783
diabetes,pso,28,28,39,0.7638811142209783
diabetes,pso,28,28,40,0.7638811142209783
diabetes,pso,28,28,41,0.7638811142209783
diabetes,pso,28,28,42,0.7638811142209783
diabetes,pso,28,28,43,0.7638811142209783
diabetes,pso,28,28,44,0.7638811142209783
diabetes,pso,28,28,45,0.7638811142209783
diabetes,pso,28,28,46,0.7638811142209783
diabetes,pso,28,28,47,0.7638811142209783
diabetes,pso,28,28,48,0.7638811142209783
diabetes,pso,28,28,49,0.7638811142209783
diabetes,pso,28,28,50,0.7638811142209783
diabetes,pso,28,28,51,0.7638811142209783
diabetes,pso,28,28,52,0.7638811142209783
diabetes,pso,28,28,53,0.7638811142209783
diabetes,pso,28,28,54,0.7638811142209783
diabetes,pso,28,28,55,0.7638811142209783
diabetes,pso,28,28,56,0.7638811142209783
diabetes,pso,28,28,57,0.7638811142209783
diabetes,pso,28,28,58,0.7638811142209783
diabetes,pso,28,28,59,0.7638811142209783
diabetes,pso,28,28,60,0.7655071304811408
diabetes,pso,28,28,61,0.7655071304811408
diabetes,pso,28,28,62,0.7655071304811408
diabetes,pso,28,28,63,0.7655071304811408
diabetes,pso,28,28,64,0.7655071304811408
diabetes,pso,28,28,65,0.7655071304811408
diabetes,pso,28,28,66,0.7655071304811408
diabetes,pso,28,28,67,0.7655071304811408
diabetes,pso,28,28,68,0.7655071304811408
diabetes,pso,28,28,69,0.7655071304811408
diabetes,pso,28,28,70,0.7655071304811408
diabetes,pso,28,28,71,0.7655071304811408
diabetes,pso,28,28,72,0.7655071304811408
diabetes,pso,28,28,73,0.7655071304811408
diabetes,pso,28,28,74,0.7655071304811408
diabetes,pso,28,28,75,0.7655071304811408
diabetes,pso,28,28,76,0.7655071304811408
diabetes,pso,28,28,77,0.767146474743436
diabetes,pso,28,28,78,0.767146474743436
diabetes,pso,28,28,79,0.767146474743436
diabetes,pso,28,28,80,0.767146474743436
diabetes,pso,28,28,81,0.7687191789950687
diabetes,pso,28,28,82,0.7687191789950687
diabetes,pso,28,28,83,0.7687191789950687
diabetes,pso,28,28,84,0.7687191789950687
diabetes,pso,28,28,85,0.7687191789950687
diabetes,pso,28,28,86,0.7687191789950687
diabetes,pso,28,28,87,0.7687191789950687
diabetes,pso,28,28,88,0.7687191789950687
diabetes,pso,28,28,89,0.7687191789950687
diabetes,pso,28,28,90,0.7687191789950687
diabetes,pso,28,28,91,0.7687191789950687
diabetes,pso,28,28,92,0.7687191789950687
diabetes,pso,28,28,93,0.7687191789950687
diabetes,pso,28,28,94,0.7687191789950687
diabetes,pso,28,28,95,0.7687191789950687
diabetes,pso,28,28,96,0.7687191789950687
diabetes,pso,28,28,97,0.7687191789950687
diabetes,pso,28,28,98,0.7687191789950687
diabetes,pso,28,28,99,0.7687191789950687
diabetes,pso,28,28,100,0.7687191789950687
diabetes,de,28,28,1,0.7622151139544181
diabetes,de,28,28,2,0.7622151139544181
diabetes,de,28,28,3,0.7622151139544181
diabetes,de,28,28,4,0.7622151139544181
diabetes,de,28,28,5,0.7622151139544181
diabetes,de,28,28,6,0.7638144742103159
diabetes,de,28,28,7,0.7670798347327736
diabetes,de,28,28,8,0.7687191789950687
diabetes,de,28,28,9,0.7687191789950687
diabetes,de,28,28,10,0.7687191789950687
diabetes,de,28,28,11,0.7687191789950687
diabetes,de,28,28,12,0.7687191789950687
diabetes,de,28,28,13,0.7687191789950687
diabetes,de,28,28,14,0.7687191789950687
diabetes,de,28,28,15,0.7687191789950687
diabetes,de,28,28,16,0.7687191789950687
diabetes,de,28,28,17,0.7687191789950687
diabetes,de,28,28,18,0.7687191789950687
diabetes,de,28,28,19,0.7687191789950687
diabetes,de,28,28,20,0.7687191789950687
diabetes,de,28,28,21,0.7687191789950687
diabetes,de,28,28,22,0.7687191789950687
diabetes,de,28,28,23,0.7687191789950687
diabetes,de,28,28,24,0.7687191789950687
diabetes,de,28,28,25,0.7687191789950687
diabetes,de,28,28,26,0.7687191789950687
diabetes,de,28,28,27,0.7687191789950687
diabetes,de,28,28,28,0.7687191789950687
diabetes,de,28,28,29,0.7687191789950687
diabetes,de,28,28,30,0.7687191789950687
diabetes,de,28,28,31,0.7703451952552312
diabetes,de,28,28,32,0.7703451952552312
diabetes,de,28,28,33,0.7703451952552312
diabetes,de,28,28,34,0.7703451952552312
diabetes,de,28,28,35,0.7703451952552312
diabetes,de,28,28,36,0.7703451952552312
diabetes,de,28,28,37,0.7703451952552312
diabetes,de,28,28,38,0.7703451952552312
diabetes,de,28,28,39,0.7703451952552312
diabetes,de,28,28,40,0.7703451952552312
diabetes,de,28,28,41,0.7703451952552312
diabetes,de,28,28,42,0.7703451952552312
diabetes,de,28,28,43,0.7703451952552312
diabetes,de,28,28,44,0.7703451952552312
diabetes,de,28,28,45,0.7703451952552312
diabetes,de,28,28,46,0.7703451952552312
diabetes,de,28,28,47,0.7703451952552312
diabetes,de,28,28,48,0.7703451952552312
diabetes,de,28,28,49,0.7703451952552312
diabetes,de,28,28,50,0.7703451952552312
diabetes,de,28,28,51,0.7703451952552312
diabetes,de,28,28,52,0.7703451952552312
diabetes,de,28,28,53,0.7703451952552312
diabetes,de,28,28,54,0.7703451952552312
diabetes,de,28,28,55,0.7703451952552312
diabetes,de,28,28,56,0.7703451952552312
diabetes,de,28,28,57,0.7703451952552312
diabetes,de,28,28,58,0.7703451952552312
diabetes,de,28,28,59,0.7703451952552312
diabetes,de,28,28,60,0.7703451952552312
diabetes,de,28,28,61,0.7703451952552312
diabetes,de,28,28,62,0.7703451952552312
diabetes,de,28,28,63,0.7703451952552312
diabetes,de,28,28,64,0.7703451952552312
diabetes,de,28,28,65,0.7703451952552312
diabetes,de,28,28,66,0.7703451952552312
diabetes,de,28,28,67,0.7703451952552312
diabetes,de,28,28,68,0.7703451952552312
diabetes,de,28,28,69,0.7703451952552312
diabetes,de,28,28,70,0.7703451952552312
diabetes,de,28,28,71,0.7703451952552312
diabetes,de,28,28,72,0.7703451952552312
diabetes,de,28,28,73,0.7703451952552312
diabetes,de,28,28,74,0.7703451952552312
diabetes,de,28,28,75,0.7703451952552312
diabetes,de,28,28,76,0.7703451952552312
diabetes,de,28,28,77,0.7703451952552312
diabetes,de,28,28,78,0.7703451952552312
diabetes,de,28,28,79,0.7703451952552312
diabetes,de,28,28,80,0.7703451952552312
diabetes,de,28,28,81,0.7703451952552312
diabetes,de,28,28,82,0.7703451952552312
diabetes,de,28,28,83,0.7703451952552312
diabetes,de,28,28,84,0.7703451952552312
diabetes,de,28,28,85,0.7703451952552312
diabetes,de,28,28,86,0.7703451952552312
diabetes,de,28,28,87,0.7703451952552312
diabetes,de,28,28,88,0.7703451952552312
diabetes,de,28,28,89,0.7703451952552312
diabetes,de,28,28,90,0.7703451952552312
diabetes,de,28,28,91,0.7703451952552312
diabetes,de,28,28,92,0.7719845395175262
diabetes,de,28,28,93,0.7719845395175262
diabetes,de,28,28,94,0.7719845395175262
diabetes,de,28,28,95,0.7719845395175262
diabetes,de,28,28,96,0.7719845395175262
diabetes,de,28,28,97,0.7719845395175262
diabetes,de,28,28,98,0.7719845395175262
diabetes,de,28,28,99,0.7719845395175262
diabetes,de,28,28,100,0.7719845395175262
diabetes,ga,28,28,1,0.7622151139544181
diabetes,ga,28,28,2,0.7622151139544181
diabetes,ga,28,28,3,0.7622151139544181
diabetes,ga,28,28,4,0.7622151139544181
diabetes,ga,28,28,5,0.7622151139544181
diabetes,ga,28,28,6,0.7638144742103159
diabetes,ga,28,28,7,0.7670798347327736
diabetes,ga,28,28,8,0.7687191789950687
diabetes,ga,28,28,9,0.7687191789950687
diabetes,ga,28,28,10,0.7687191789950687
diabetes,ga,28,28,11,0.7687191789950687
diabetes,ga,28,28,12,0.7687191789950687
diabetes,ga,28,28,13,0.7687191789950687
diabetes,ga,28,28,14,0.7687191789950687
diabetes,ga,28,28,15,0.7687191789950687
diabetes,ga,28,28,16,0.7687191789950687
diabetes,ga,28,28,17,0.7687191789950687
diabetes,ga,28,28,18,0.7687191789950687
diabetes,ga,28,28,19,0.7687191789950687
diabetes,ga,28,28,20,0.7687191789950687
diabetes,ga,28,28,21,0.7687191789950687
diabetes,ga,28,28,22,0.7687191789950687
diabetes,ga,28,28,23,0.7687191789950687
diabetes,ga,28,28,24,0.7687191789950687
diabetes,ga,28,28,25,0.7687191789950687
diabetes,ga,28,28,26,0.7687191789950687
diabetes,ga,28,28,27,0.7687191789950687
diabetes,ga,28,28,28,0.7687191789950687
diabetes,ga,28,28,29,0.7687191789950687
diabetes,ga,28,28,30,0.7687191789950687
diabetes,ga,28,28,31,0.7687191789950687
diabetes,ga,28,28,32,0.7687191789950687
diabetes,ga,28,28,33,0.7687191789950687
diabetes,ga,28,28,34,0.7687191789950687
diabetes,ga,28,28,35,0.7687191789950687
diabetes,ga,28,28,36,0.7687191789950687
diabetes,ga,28,28,37,0.7687191789950687
diabetes,ga,28,28,38,0.7687191789950687
diabetes,ga,28,28,39,0.7687191789950687
diabetes,ga,28,28,40,0.7687191789950687
diabetes,ga,28,28,41,0.7687191789950687
diabetes,ga,28,28,42,0.7687191789950687
diabetes,ga,28,28,43,0.7687191789950687
diabetes,ga,28,28,44,0.7703451952552312
diabetes,ga,28,28,45,0.7703451952552312
diabetes,ga,28,28,46,0.7703451952552312
diabetes,ga,28,28,47,0.7703451952552312
diabetes,ga,28,28,48,0.7703451952552312
diabetes,ga,28,28,49,0.7703451952552312
diabetes,ga,28,28,50,0.7703451952552312
diabetes,ga,28,28,51,0.7703451952552312
diabetes,ga,28,28,52,0.7703451952552312
diabetes,ga,28,28,53,0.7703451952552312
diabetes,ga,28,28,54,0.7703451952552312
diabetes,ga,28,28,55,0.7703451952552312
diabetes,ga,28,28,56,0.7703451952552312
diabetes,ga,28,28,57,0.7703451952552312
diabetes,ga,28,28,58,0.7703451952552312
diabetes,ga,28,28,59,0.7703451952552312
diabetes,ga,28,28,60,0.7703451952552312
diabetes,ga,28,28,61,0.7703451952552312
diabetes,ga,28,28,62,0.7703451952552312
diabetes,ga,28,28,63,0.7703451952552312
diabetes,ga,28,28,64,0.7703451952552312
diabetes,ga,28,28,65,0.7703451952552312
diabetes,ga,28,28,66,0.7703451952552312
diabetes,ga,28,28,67,0.7703451952552312
diabetes,ga,28,28,68,0.7703451952552312
diabetes,ga,28,28,69,0.7703451952552312
diabetes,ga,28,28,70,0.7703451952552312
diabetes,ga,28,28,71,0.7703451952552312
diabetes,ga,28,28,72,0.7703451952552312
diabetes,ga,28,28,73,0.7703451952552312
diabetes,ga,28,28,74,0.7703451952552312
diabetes,ga,28,28,75,0.7703451952552312
diabetes,ga,28,28,76,0.7703451952552312
diabetes,ga,28,28,77,0.7703451952552312
diabetes,ga,28,28,78,0.7703451952552312
diabetes,ga,28,28,79,0.7703451952552312
diabetes,ga,28,28,80,0.7703451952552312
diabetes,ga,28,28,81,0.7703451952552312
diabetes,ga,28,28,82,0.7703451952552312
diabetes,ga,28,28,83,0.7703451952552312
diabetes,ga,28,28,84,0.7703451952552312
diabetes,ga,28,28,85,0.7703451952552312
diabetes,ga,28,28,86,0.7703451952552312
diabetes,ga,28,28,87,0.7703451952552312
diabetes,ga,28,28,88,0.7703451952552312
diabetes,ga,28,28,89,0.7703451952552312
diabetes,ga,28,28,90,0.7703451952552312
diabetes,ga,28,28,91,0.7719712115153938
diabetes,ga,28,28,92,0.7719712115153938
diabetes,ga,28,28,93,0.7719712115153938
diabetes,ga,28,28,94,0.7719712115153938
diabetes,ga,28,28,95,0.7719712115153938
diabetes,ga,28,28,96,0.7719712115153938
diabetes,ga,28,28,97,0.7719712115153938
diabetes,ga,28,28,98,0.7719712115153938
diabetes,ga,28,28,99,0.7719712115153938
diabetes,ga,28,28,100,0.7719712115153938
diabetes,sa,28,28,1,0.698693855791017
diabetes,sa,28,28,2,0.698693855791017
diabetes,sa,28,28,3,0.698693855791017
diabetes,sa,28,28,4,0.698693855791017
diabetes,sa,28,28,5,0.698693855791017
diabetes,sa,28,28,6,0.698693855791017
diabetes,sa,28,28,7,0.698693855791017
diabetes,sa,28,28,8,0.698693855791017
diabetes,sa,28,28,9,0.698693855791017
diabetes,sa,28,28,10,0.698693855791017
diabetes,sa,28,28,11,0.698693855791017
diabetes,sa,28,28,12,0.698693855791017
diabetes,sa,28,28,13,0.698693855791017
diabetes,sa,28,28,14,0.698693855791017
diabetes,sa,28,28,15,0.698693855791017
diabetes,sa,28,28,16,0.698693855791017
diabetes,sa,28,28,17,0.698693855791017
diabetes,sa,28,28,18,0.698693855791017
diabetes,sa,28,28,19,0.698693855791017
diabetes,sa,28,28,20,0.7002399040383847
diabetes,sa,28,28,21,0.7052245768359323
diabetes,sa,28,28,22,0.7214847394375583
diabetes,sa,28,28,23,0.749193655870985
diabetes,sa,28,28,24,0.7556977209116353
diabetes,sa,28,28,25,0.7556977209116353
diabetes,sa,28,28,26,0.7556977209116353
diabetes,sa,28,28,27,0.7557510329201652
diabetes,sa,28,28,28,0.7638811142209783
diabetes,sa,28,28,29,0.7638811142209783
diabetes,sa,28,28,30,0.7638811142209783
diabetes,sa,28,28,31,0.7638811142209783
diabetes,sa,28,28,32,0.7638811142209783
diabetes,sa,28,28,33,0.7638811142209783
diabetes,sa,28,28,34,0.7638811142209783
diabetes,sa,28,28,35,0.7638811142209783
diabetes,sa,28,28,36,0.7638811142209783
diabetes,sa,28,28,37,0.7638811142209783
diabetes,sa,28,28,38,0.7638811142209783
diabetes,sa,28,28,39,0.7638811142209783
diabetes,sa,28,28,40,0.7638811142209783
diabetes,sa,28,28,41,0.7638811142209783
diabetes,sa,28,28,42,0.7638811142209783
diabetes,sa,28,28,43,0.7638811142209783
diabetes,sa,28,28,44,0.7638811142209783
diabetes,sa,28,28,45,0.7638811142209783
diabetes,sa,28,28,46,0.7638811142209783
diabetes,sa,28,28,47,0.7638811142209783
diabetes,sa,28,28,48,0.7638811142209783
diabetes,sa,28,28,49,0.7638811142209783
diabetes,sa,28,28,50,0.7638811142209783
diabetes,sa,28,28,51,0.7638811142209783
diabetes,sa,28,28,52,0.7687191789950687
diabetes,sa,28,28,53,0.7687191789950687
diabetes,sa,28,28,54,0.7687191789950687
diabetes,sa,28,28,55,0.7703451952552312
diabetes,sa,28,28,56,0.7703451952552312
diabetes,sa,28,28,57,0.7703451952552312
diabetes,sa,28,28,58,0.7703451952552312
diabetes,sa,28,28,59,0.7703451952552312
diabetes,sa,28,28,60,0.7703451952552312
diabetes,sa,28,28,61,0.7703451952552312
diabetes,sa,28,28,62,0.7703451952552312
diabetes,sa,28,28,63,0.7703451952552312
diabetes,sa,28,28,64,0.7703451952552312
diabetes,sa,28,28,65,0.7703451952552312
diabetes,sa,28,28,66,0.7703451952552312
diabetes,sa,28,28,67,0.7703451952552312
diabetes,sa,28,28,68,0.7703451952552312
diabetes,sa,28,28,69,0.7703451952552312
diabetes,sa,28,28,70,0.7703451952552312
diabetes,sa,28,28,71,0.7703451952552312
diabetes,sa,28,28,72,0.7703451952552312
diabetes,sa,28,28,73,0.7703451952552312
diabetes,sa,28,28,74,0.7703451952552312
diabetes,sa,28,28,75,0.7703451952552312
diabetes,sa,28,28,76,0.7703451952552312
diabetes,sa,28,28,77,0.7703451952552312
diabetes,sa,28,28,78,0.7703451952552312
diabetes,sa,28,28,79,0.7703451952552312
diabetes,sa,28,28,80,0.7703451952552312
diabetes,sa,28,28,81,0.7703451952552312
diabetes,sa,28,28,82,0.7703451952552312
diabetes,sa,28,28,83,0.7703451952552312
diabetes,sa,28,28,84,0.7703451952552312
diabetes,sa,28,28,85,0.7703451952552312
diabetes,sa,28,28,86,0.7703451952552312
diabetes,sa,28,28,87,0.7703451952552312
diabetes,sa,28,28,88,0.7703451952552312
diabetes,sa,28,28,89,0.7703451952552312
diabetes,sa,28,28,90,0.7703451952552312
diabetes,sa,28,28,91,0.7703451952552312
diabetes,sa,28,28,92,0.7703451952552312
diabetes,sa,28,28,93,0.7703451952552312
diabetes,sa,28,28,94,0.7703451952552312
diabetes,sa,28,28,95,0.7703451952552312
diabetes,sa,28,28,96,0.7703451952552312
diabetes,sa,28,28,97,0.7703451952552312
diabetes,sa,28,28,98,0.7703451952552312
diabetes,sa,28,28,99,0.7703451952552312
diabetes,sa,28,28,100,0.7703451952552312
diabetes,grid,29,29,1,0.6514727442356391
diabetes,grid,29,29,2,0.6514727442356391
diabetes,grid,29,29,3,0.6514727442356391
diabetes,grid,29,29,4,0.6514727442356391
diabetes,grid,29,29,5,0.6514727442356391
diabetes,grid,29,29,6,0.6514727442356391
diabetes,grid,29,29,7,0.6514727442356391
diabetes,grid,29,29,8,0.6514727442356391
diabetes,grid,29,29,9,0.6514727442356391
diabetes,grid,29,29,10,0.6514727442356391
diabetes,grid,29,29,11,0.6514727442356391
diabetes,grid,29,29,12,0.6514727442356391
diabetes,grid,29,29,13,0.6514727442356391
diabetes,grid,29,29,14,0.6514727442356391
diabetes,grid,29,29,15,0.6514727442356391
diabetes,grid,29,29,16,0.757297081167533
diabetes,grid,29,29,17,0.757297081167533
diabetes,grid,29,29,18,0.757297081167533
diabetes,grid,29,29,19,0.757297081167533
diabetes,grid,29,29,20,0.757297081167533
diabetes,grid,29,29,21,0.757297081167533
diabetes,grid,29,29,22,0.757297081167533
diabetes,grid,29,29,23,0.757297081167533
diabetes,grid,29,29,24,0.757297081167533
diabetes,grid,29,29,25,0.767093162734906
diabetes,grid,29,29,26,0.7816873250699721
diabetes,grid,29,29,27,0.7816873250699721
diabetes,grid,29,29,28,0.7816873250699721
diabetes,grid,29,29,29,0.7816873250699721
diabetes,grid,29,29,30,0.7816873250699721
diabetes,grid,29,29,31,0.7816873250699721
diabetes,grid,29,29,32,0.7816873250699721
diabetes,grid,29,29,33,0.7816873250699721
diabetes,grid,29,29,34,0.7816873250699721
diabetes,grid,29,29,35,0.7816873250699721
diabetes,grid,29,29,36,0.7816873250699721
diabetes,grid,29,29,37,0.7816873250699721
diabetes,grid,29,29,38,0.7816873250699721
diabetes,grid,29,29,39,0.7816873250699721
diabetes,grid,29,29,40,0.7816873250699721
diabetes,grid,29,29,41,0.7816873250699721
diabetes,grid,29,29,42,0.7816873250699721
diabetes,grid,29,29,43,0.7816873250699721
diabetes,grid,29,29,44,0.7816873250699721
diabetes,grid,29,29,45,0.7816873250699721
diabetes,grid,29,29,46,0.7816873250699721
diabetes,grid,29,29,47,0.7816873250699721
diabetes,grid,29,29,48,0.7816873250699721
diabetes,grid,29,29,49,0.7816873250699721
diabetes,grid,29,29,50,0.7816873250699721
diabetes,grid,29,29,51,0.7816873250699721
diabetes,grid,29,29,52,0.7816873250699721
diabetes,grid,29,29,53,0.7816873250699721
diabetes,grid,29,29,54,0.7816873250699721
diabetes,grid,29,29,55,0.7816873250699721
diabetes,grid,29,29,56,0.7816873250699721
diabetes,grid,29,29,57,0.7816873250699721
diabetes,grid,29,29,58,0.7816873250699721
diabetes,grid,29,29,59,0.7816873250699721
diabetes,grid,29,29,60,0.7816873250699721
diabetes,grid,29,29,61,0.7816873250699721
diabetes,grid,29,29,62,0.7816873250699721
diabetes,grid,29,29,63,0.7816873250699721
diabetes,grid,29,29,64,0.7816873250699721
diabetes,grid,29,29,65,0.7816873250699721
diabetes,grid,29,29,66,0.7816873250699721
diabetes,grid,29,29,67,0.7816873250699721
diabetes,grid,29,29,68,0.7816873250699721
diabetes,grid,29,29,69,0.7816873250699721
diabetes,grid,29,29,70,0.7816873250699721
diabetes,grid,29,29,71,0.7816873250699721
diabetes,grid,29,29,72,0.7816873250699721
diabetes,grid,29,29,73,0.7816873250699721
diabetes,grid,29,29,74,0.7816873250699721
diabetes,grid,29,29,75,0.7816873250699721
diabetes,grid,29,29,76,0.7816873250699721
diabetes,grid,29,29,77,0.7816873250699721
diabetes,grid,29,29,78,0.7816873250699721
diabetes,grid,29,29,79,0.7816873250699721
diabetes,grid,29,29,80,0.7816873250699721
diabetes,grid,29,29,81,0.7816873250699721
diabetes,grid,29,29,82,0.7816873250699721
diabetes,grid,29,29,83,0.7816873250699721
diabetes,grid,29,29,84,0.7816873250699721
diabetes,grid,29,29,85,0.7816873250699721
diabetes,grid,29,29,86,0.7816873250699721
diabetes,grid,29,29,87,0.7816873250699721
diabetes,grid,29,29,88,0.7816873250699721
diabetes,grid,29,29,89,0.7816873250699721
diabetes,grid,29,29,90,0.7816873250699721
diabetes,grid,29,29,91,0.7816873250699721
diabetes,grid,29,29,92,0.7816873250699721
diabetes,grid,29,29,93,0.7816873250699721
diabetes,grid,29,29,94,0.7816873250699721
diabetes,grid,29,29,95,0.7816873250699721
diabetes,grid,29,29,96,0.7816873250699721
diabetes,grid,29,29,97,0.7816873250699721
diabetes,grid,29,29,98,0.7816873250699721
diabetes,grid,29,29,99,0.7816873250699721
diabetes,grid,29,29,100,0.7816873250699721
diabetes,random,29,29,1,0.6970545115287219
diabetes,random,29,29,2,0.7589230974276956
diabetes,random,29,29,3,0.7589230974276956
diabetes,random,29,29,4,0.7589230974276956
diabetes,random,29,29,5,0.7621618019458882
diabetes,random,29,29,6,0.7621618019458882
diabetes,random,29,29,7,0.7621618019458882
diabetes,random,29,29,8,0.7621618019458882
diabetes,random,29,29,9,0.7621618019458882
diabetes,random,29,29,10,0.7621618019458882
diabetes,random,29,29,11,0.7621618019458882
diabetes,random,29,29,12,0.7621618019458882
diabetes,random,29,29,13,0.7621618019458882
diabetes,random,29,29,14,0.7621618019458882
diabetes,random,29,29,15,0.7735972277755564
diabetes,random,29,29,16,0.7735972277755564
diabetes,random,29,29,17,0.7735972277755564
diabetes,random,29,29,18,0.7735972277755564
diabetes,random,29,29,19,0.7735972277755564
diabetes,random,29,29,20,0.7735972277755564
diabetes,random,29,29,21,0.7784486205517792
diabetes,random,29,29,22,0.7784486205517792
diabetes,random,29,29,23,0.7784486205517792
diabetes,random,29,29,24,0.7784486205517792
diabetes,random,29,29,25,0.7784486205517792
diabetes,random,29,29,26,0.7784486205517792
diabetes,random,29,29,27,0.7784486205517792
diabetes,random,29,29,28,0.7784486205517792
diabetes,random,29,29,29,0.7784486205517792
diabetes,random,29,29,30,0.7784486205517792
diabetes,random,29,29,31,0.7784486205517792
diabetes,random,29,29,32,0.7784486205517792
diabetes,random,29,29,33,0.7784486205517792
diabetes,random,29,29,34,0.7784486205517792
diabetes,random,29,29,35,0.7784619485539117
diabetes,random,29,29,36,0.7784619485539117
diabetes,random,29,29,37,0.7784619485539117
diabetes,random,29,29,38,0.7784619485539117
diabetes,random,29,29,39,0.7784619485539117
diabetes,random,29,29,40,0.7784619485539117
diabetes,random,29,29,41,0.7784619485539117
diabetes,random,29,29,42,0.7784619485539117
diabetes,random,29,29,43,0.7784619485539117
diabetes,random,29,29,44,0.7784619485539117
diabetes,random,29,29,45,0.7784619485539117
diabetes,random,29,29,46,0.7784619485539117
diabetes,random,29,29,47,0.7784619485539117
diabetes,random,29,29,48,0.7784619485539117
diabetes,random,29,29,49,0.7784619485539117
diabetes,random,29,29,50,0.7784619485539117
diabetes,random,29,29,51,0.7784619485539117
diabetes,random,29,29,52,0.7784619485539117
diabetes,random,29,29,53,0.7784619485539117
diabetes,random,29,29,54,0.7784619485539117
diabetes,random,29,29,55,0.7784619485539117
diabetes,random,29,29,56,0.7784619485539117
diabetes,random,29,29,57,0.7784619485539117
diabetes,random,29,29,58,0.7784619485539117
diabetes,random,29,29,59,0.7784619485539117
diabetes,random,29,29,60,0.7784619485539117
diabetes,random,29,29,61,0.7784619485539117
diabetes,random,29,29,62,0.7784619485539117
diabetes,random,29,29,63,0.7784619485539117
diabetes,random,29,29,64,0.7784619485539117
diabetes,random,29,29,65,0.7784619485539117
diabetes,random,29,29,66,0.7784619485539117
diabetes,random,29,29,67,0.7784619485539117
diabetes,random,29,29,68,0.7784619485539117
diabetes,random,29,29,69,0.7784619485539117
diabetes,random,29,29,70,0.7784619485539117
diabetes,random,29,29,71,0.7784619485539117
diabetes,random,29,29,72,0.7784619485539117
diabetes,random,29,29,73,0.7784619485539117
diabetes,random,29,29,74,0.7784619485539117
diabetes,random,29,29,75,0.7784619485539117
diabetes,random,29,29,76,0.7784619485539117
diabetes,random,29,29,77,0.7784619485539117
diabetes,random,29,29,78,0.7784619485539117
diabetes,random,29,29,79,0.7784619485539117
diabetes,random,29,29,80,0.7784619485539117
diabetes,random,29,29,81,0.7784619485539117
diabetes,random,29,29,82,0.7784619485539117
diabetes,random,29,29,83,0.7784619485539117
diabetes,random,29,29,84,0.7784619485539117
diabetes,random,29,29,85,0.7784619485539117
diabetes,random,29,29,86,0.7784619485539117
diabetes,random,29,29,87,0.7784619485539117
diabetes,random,29,29,88,0.7784619485539117
diabetes,random,29,29,89,0.7784619485539117
diabetes,random,29,29,90,0.7784619485539117
diabetes,random,29,29,91,0.7784619485539117
diabetes,random,29,29,92,0.7784619485539117
diabetes,random,29,29,93,0.7784619485539117
diabetes,random,29,29,94,0.7784619485539117
diabetes,random,29,29,95,0.7784619485539117
diabetes,random,29,29,96,0.7784619485539117
diabetes,random,29,29,97,0.7784619485539117
diabetes,random,29,29,98,0.7784619485539117
diabetes,random,29,29,99,0.7784619485539117
diabetes,random,29,29,100,0.7784619485539117
diabetes,bo_tpe,29,29,1,0.6970545115287219
diabetes,bo_tpe,29,29,2,0.7589230974276956
diabetes,bo_tpe,29,29,3,0.7589230974276956
diabetes,bo_tpe,29,29,4,0.7589230974276956
diabetes,bo_tpe,29,29,5,0.7621618019458882
diabetes,bo_tpe,29,29,6,0.7621618019458882
diabetes,bo_tpe,29,29,7,0.7621618019458882
diabetes,bo_tpe,29,29,8,0.7621618019458882
diabetes,bo_tpe,29,29,9,0.7621618019458882
diabetes,bo_tpe,29,29,10,0.7621618019458882
diabetes,bo_tpe,29,29,11,0.7784619485539117
diabetes,bo_tpe,29,29,12,0.7784619485539117
diabetes,bo_tpe,29,29,13,0.7784619485539117
diabetes,bo_tpe,29,29,14,0.7784619485539117
diabetes,bo_tpe,29,29,15,0.7784619485539117
diabetes,bo_tpe,29,29,16,0.7784619485539117
diabetes,bo_tpe,29,29,17,0.7784619485539117
diabetes,bo_tpe,29,29,18,0.7784619485539117
diabetes,bo_tpe,29,29,19,0.7784619485539117
diabetes,bo_tpe,29,29,20,0.7784619485539117
diabetes,bo_tpe,29,29,21,0.7784619485539117
diabetes,bo_tpe,29,29,22,0.7784619485539117
diabetes,bo_tpe,29,29,23,0.7784619485539117
diabetes,bo_tpe,29,29,24,0.7784619485539117
diabetes,bo_tpe,29,29,25,0.7784619485539117
diabetes,bo_tpe,29,29,26,0.7784619485539117
diabetes,bo_tpe,29,29,27,0.7784619485539117
diabetes,bo_tpe,29,29,28,0.781713981074237
diabetes,bo_tpe,29,29,29,0.781713981074237
diabetes,bo_tpe,29,29,30,0.781713981074237
diabetes,bo_tpe,29,29,31,0.781713981074237
diabetes,bo_tpe,29,29,32,0.781713981074237
diabetes,bo_tpe,29,29,33,0.781713981074237
diabetes,bo_tpe,29,29,34,0.781713981074237
diabetes,bo_tpe,29,29,35,0.781713981074237
diabetes,bo_tpe,29,29,36,0.781713981074237
diabetes,bo_tpe,29,29,37,0.781713981074237
diabetes,bo_tpe,29,29,38,0.781713981074237
diabetes,bo_tpe,29,29,39,0.781713981074237
diabetes,bo_tpe,29,29,40,0.781713981074237
diabetes,bo_tpe,29,29,41,0.781713981074237
diabetes,bo_tpe,29,29,42,0.781713981074237
diabetes,bo_tpe,29,29,43,0.781713981074237
diabetes,bo_tpe,29,29,44,0.781713981074237
diabetes,bo_tpe,29,29,45,0.781713981074237
diabetes,bo_tpe,29,29,46,0.781713981074237
diabetes,bo_tpe,29,29,47,0.781713981074237
diabetes,bo_tpe,29,29,48,0.781713981074237
diabetes,bo_tpe,29,29,49,0.781713981074237
diabetes,bo_tpe,29,29,50,0.781713981074237
diabetes,bo_tpe,29,29,51,0.781713981074237
diabetes,bo_tpe,29,29,52,0.781713981074237
diabetes,bo_tpe,29,29,53,0.781713981074237
diabetes,bo_tpe,29,29,54,0.781713981074237
diabetes,bo_tpe,29,29,55,0.781713981074237
diabetes,bo_tpe,29,29,56,0.781713981074237
diabetes,bo_tpe,29,29,57,0.781713981074237
diabetes,bo_tpe,29,29,58,0.781713981074237
diabetes,bo_tpe,29,29,59,0.781713981074237
diabetes,bo_tpe,29,29,60,0.781713981074237
diabetes,bo_tpe,29,29,61,0.781713981074237
diabetes,bo_tpe,29,29,62,0.781713981074237
diabetes,bo_tpe,29,29,63,0.781713981074237
diabetes,bo_tpe,29,29,64,0.781713981074237
diabetes,bo_tpe,29,29,65,0.781713981074237
diabetes,bo_tpe,29,29,66,0.781713981074237
diabetes,bo_tpe,29,29,67,0.781713981074237
diabetes,bo_tpe,29,29,68,0.781713981074237
diabetes,bo_tpe,29,29,69,0.781713981074237
diabetes,bo_tpe,29,29,70,0.781713981074237
diabetes,bo_tpe,29,29,71,0.781713981074237
diabetes,bo_tpe,29,29,72,0.781713981074237
diabetes,bo_tpe,29,29,73,0.781713981074237
diabetes,bo_tpe,29,29,74,0.781713981074237
diabetes,bo_tpe,29,29,75,0.781713981074237
diabetes,bo_tpe,29,29,76,0.781713981074237
diabetes,bo_tpe,29,29,77,0.781713981074237
diabetes,bo_tpe,29,29,78,0.781713981074237
diabetes,bo_tpe,29,29,79,0.781713981074237
diabetes,bo_tpe,29,29,80,0.781713981074237
diabetes,bo_tpe,29,29,81,0.781713981074237
diabetes,bo_tpe,29,29,82,0.781713981074237
diabetes,bo_tpe,29,29,83,0.781713981074237
diabetes,bo_tpe,29,29,84,0.781713981074237
diabetes,bo_tpe,29,29,85,0.781713981074237
diabetes,bo_tpe,29,29,86,0.781713981074237
diabetes,bo_tpe,29,29,87,0.781713981074237
diabetes,bo_tpe,29,29,88,0.781713981074237
diabetes,bo_tpe,29,29,89,0.781713981074237
diabetes,bo_tpe,29,29,90,0.781713981074237
diabetes,bo_tpe,29,29,91,0.781713981074237
diabetes,bo_tpe,29,29,92,0.781713981074237
diabetes,bo_tpe,29,29,93,0.781713981074237
diabetes,bo_tpe,29,29,94,0.781713981074237
diabetes,bo_tpe,29,29,95,0.781713981074237
diabetes,bo_tpe,29,29,96,0.781713981074237
diabetes,bo_tpe,29,29,97,0.781713981074237
diabetes,bo_tpe,29,29,98,0.781713981074237
diabetes,bo_tpe,29,29,99,0.781713981074237
diabetes,bo_tpe,29,29,100,0.781713981074237
diabetes,pso,29,29,1,0.7784486205517793
diabetes,pso,29,29,2,0.7784486205517793
diabetes,pso,29,29,3,0.7784486205517793
diabetes,pso,29,29,4,0.7784486205517793
diabetes,pso,29,29,5,0.7784486205517793
diabetes,pso,29,29,6,0.7784486205517793
diabetes,pso,29,29,7,0.7784486205517793
diabetes,pso,29,29,8,0.7784486205517793
diabetes,pso,29,29,9,0.7784486205517793
diabetes,pso,29,29,10,0.7784486205517793
diabetes,pso,29,29,11,0.7784486205517793
diabetes,pso,29,29,12,0.7784486205517793
diabetes,pso,29,29,13,0.7784486205517793
diabetes,pso,29,29,14,0.7784486205517793
diabetes,pso,29,29,15,0.7784486205517793
diabetes,pso,29,29,16,0.7784486205517793
diabetes,pso,29,29,17,0.7784486205517793
diabetes,pso,29,29,18,0.7784486205517793
diabetes,pso,29,29,19,0.7784486205517793
diabetes,pso,29,29,20,0.7784486205517793
diabetes,pso,29,29,21,0.7784486205517793
diabetes,pso,29,29,22,0.7784486205517793
diabetes,pso,29,29,23,0.7784486205517793
diabetes,pso,29,29,24,0.7784486205517793
diabetes,pso,29,29,25,0.7784486205517793
diabetes,pso,29,29,26,0.7784486205517793
diabetes,pso,29,29,27,0.7784486205517793
diabetes,pso,29,29,28,0.7784486205517793
diabetes,pso,29,29,29,0.7784486205517793
diabetes,pso,29,29,30,0.7784486205517793
diabetes,pso,29,29,31,0.7784486205517793
diabetes,pso,29,29,32,0.7784486205517793
diabetes,pso,29,29,33,0.7784486205517793
diabetes,pso,29,29,34,0.7800746368119419
diabetes,pso,29,29,35,0.7800746368119419
diabetes,pso,29,29,36,0.7800746368119419
diabetes,pso,29,29,37,0.7800746368119419
diabetes,pso,29,29,38,0.7800746368119419
diabetes,pso,29,29,39,0.7800746368119419
diabetes,pso,29,29,40,0.7800746368119419
diabetes,pso,29,29,41,0.7800746368119419
diabetes,pso,29,29,42,0.7800746368119419
diabetes,pso,29,29,43,0.7800746368119419
diabetes,pso,29,29,44,0.7800746368119419
diabetes,pso,29,29,45,0.7800746368119419
diabetes,pso,29,29,46,0.7800746368119419
diabetes,pso,29,29,47,0.7800746368119419
diabetes,pso,29,29,48,0.7800746368119419
diabetes,pso,29,29,49,0.7800746368119419
diabetes,pso,29,29,50,0.7800746368119419
diabetes,pso,29,29,51,0.7800746368119419
diabetes,pso,29,29,52,0.7800746368119419
diabetes,pso,29,29,53,0.7800746368119419
diabetes,pso,29,29,54,0.7800746368119419
diabetes,pso,29,29,55,0.7800746368119419
diabetes,pso,29,29,56,0.7800746368119419
diabetes,pso,29,29,57,0.7800746368119419
diabetes,pso,29,29,58,0.7800746368119419
diabetes,pso,29,29,59,0.7800746368119419
diabetes,pso,29,29,60,0.7800746368119419
diabetes,pso,29,29,61,0.7800746368119419
diabetes,pso,29,29,62,0.7800746368119419
diabetes,pso,29,29,63,0.7800746368119419
diabetes,pso,29,29,64,0.7800746368119419
diabetes,pso,29,29,65,0.7800746368119419
diabetes,pso,29,29,66,0.7800746368119419
diabetes,pso,29,29,67,0.7800746368119419
diabetes,pso,29,29,68,0.7800746368119419
diabetes,pso,29,29,69,0.7800746368119419
diabetes,pso,29,29,70,0.7800746368119419
diabetes,pso,29,29,71,0.7800746368119419
diabetes,pso,29,29,72,0.7800746368119419
diabetes,pso,29,29,73,0.7800746368119419
diabetes,pso,29,29,74,0.7800746368119419
diabetes,pso,29,29,75,0.7800746368119419
diabetes,pso,29,29,76,0.7800746368119419
diabetes,pso,29,29,77,0.7800746368119419
diabetes,pso,29,29,78,0.7800746368119419
diabetes,pso,29,29,79,0.7800746368119419
diabetes,pso,29,29,80,0.7800746368119419
diabetes,pso,29,29,81,0.7800746368119419
diabetes,pso,29,29,82,0.7800746368119419
diabetes,pso,29,29,83,0.7800746368119419
diabetes,pso,29,29,84,0.7800746368119419
diabetes,pso,29,29,85,0.7800746368119419
diabetes,pso,29,29,86,0.7800746368119419
diabetes,pso,29,29,87,0.7800746368119419
diabetes,pso,29,29,88,0.7800746368119419
diabetes,pso,29,29,89,0.7800746368119419
diabetes,pso,29,29,90,0.7800746368119419
diabetes,pso,29,29,91,0.7800746368119419
diabetes,pso,29,29,92,0.7800746368119419
diabetes,pso,29,29,93,0.7800746368119419
diabetes,pso,29,29,94,0.7800746368119419
diabetes,pso,29,29,95,0.7800746368119419
diabetes,pso,29,29,96,0.7800746368119419
diabetes,pso,29,29,97,0.7800746368119419
diabetes,pso,29,29,98,0.7800746368119419
diabetes,pso,29,29,99,0.7800746368119419
diabetes,pso,29,29,100,0.7800746368119419
diabetes,de,29,29,1,0.7784486205517793
diabetes,de,29,29,2,0.7784486205517793
diabetes,de,29,29,3,0.7784486205517793
diabetes,de,29,29,4,0.7784486205517793
diabetes,de,29,29,5,0.7784486205517793
diabetes,de,29,29,6,0.7784486205517793
diabetes,de,29,29,7,0.7784486205517793
diabetes,de,29,29,8,0.7784486205517793
diabetes,de,29,29,9,0.7784486205517793
diabetes,de,29,29,10,0.7784486205517793
diabetes,de,29,29,11,0.7784486205517793
diabetes,de,29,29,12,0.7784486205517793
diabetes,de,29,29,13,0.7784486205517793
diabetes,de,29,29,14,0.7784486205517793
diabetes,de,29,29,15,0.7784486205517793
diabetes,de,29,29,16,0.7784486205517793
diabetes,de,29,29,17,0.7784486205517793
diabetes,de,29,29,18,0.7784486205517793
diabetes,de,29,29,19,0.7784486205517793
diabetes,de,29,29,20,0.7784486205517793
diabetes,de,29,29,21,0.7784486205517793
diabetes,de,29,29,22,0.7784486205517793
diabetes,de,29,29,23,0.7784486205517793
diabetes,de,29,29,24,0.7784486205517793
diabetes,de,29,29,25,0.7784486205517793
diabetes,de,29,29,26,0.7784486205517793
diabetes,de,29,29,27,0.7784486205517793
diabetes,de,29,29,28,0.7784486205517793
diabetes,de,29,29,29,0.7784486205517793
diabetes,de,29,29,30,0.7784486205517793
diabetes,de,29,29,31,0.7784486205517793
diabetes,de,29,29,32,0.7784486205517793
diabetes,de,29,29,33,0.7784486205517793
diabetes,de,29,29,34,0.7784486205517793
diabetes,de,29,29,35,0.7784486205517793
diabetes,de,29,29,36,0.7784486205517793
diabetes,de,29,29,37,0.7784486205517793
diabetes,de,29,29,38,0.7784486205517793
diabetes,de,29,29,39,0.7784486205517793
diabetes,de,29,29,40,0.7784486205517793
diabetes,de,29,29,41,0.7784486205517793
diabetes,de,29,29,42,0.7784486205517793
diabetes,de,29,29,43,0.7784486205517793
diabetes,de,29,29,44,0.7784486205517793
diabetes,de,29,29,45,0.7784486205517793
diabetes,de,29,29,46,0.7784486205517793
diabetes,de,29,29,47,0.7784486205517793
diabetes,de,29,29,48,0.7784486205517793
diabetes,de,29,29,49,0.7784486205517793
diabetes,de,29,29,50,0.7784486205517793
diabetes,de,29,29,51,0.7784486205517793
diabetes,de,29,29,52,0.7784486205517793
diabetes,de,29,29,53,0.7784486205517793
diabetes,de,29,29,54,0.7784486205517793
diabetes,de,29,29,55,0.7784619485539117
diabetes,de,29,29,56,0.7784619485539117
diabetes,de,29,29,57,0.7784619485539117
diabetes,de,29,29,58,0.7784619485539117
diabetes,de,29,29,59,0.7784619485539117
diabetes,de,29,29,60,0.7784619485539117
diabetes,de,29,29,61,0.7784619485539117
diabetes,de,29,29,62,0.7784619485539117
diabetes,de,29,29,63,0.7784619485539117
diabetes,de,29,29,64,0.7784619485539117
diabetes,de,29,29,65,0.7784619485539117
diabetes,de,29,29,66,0.7784619485539117
diabetes,de,29,29,67,0.7784619485539117
diabetes,de,29,29,68,0.7784619485539117
diabetes,de,29,29,69,0.7784619485539117
diabetes,de,29,29,70,0.7784619485539117
diabetes,de,29,29,71,0.7784619485539117
diabetes,de,29,29,72,0.7784619485539117
diabetes,de,29,29,73,0.7784619485539117
diabetes,de,29,29,74,0.7784619485539117
diabetes,de,29,29,75,0.7784619485539117
diabetes,de,29,29,76,0.7784619485539117
diabetes,de,29,29,77,0.7784619485539117
diabetes,de,29,29,78,0.7784619485539117
diabetes,de,29,29,79,0.7784619485539117
diabetes,de,29,29,80,0.7784619485539117
diabetes,de,29,29,81,0.7784619485539117
diabetes,de,29,29,82,0.7784619485539117
diabetes,de,29,29,83,0.7784619485539117
diabetes,de,29,29,84,0.7784619485539117
diabetes,de,29,29,85,0.7784619485539117
diabetes,de,29,29,86,0.7784619485539117
diabetes,de,29,29,87,0.7784619485539117
diabetes,de,29,29,88,0.7784619485539117
diabetes,de,29,29,89,0.7784619485539117
diabetes,de,29,29,90,0.7784619485539117
diabetes,de,29,29,91,0.7784619485539117
diabetes,de,29,29,92,0.7784619485539117
diabetes,de,29,29,93,0.7784619485539117
diabetes,de,29,29,94,0.7784619485539117
diabetes,de,29,29,95,0.7784619485539117
diabetes,de,29,29,96,0.7784619485539117
diabetes,de,29,29,97,0.7784619485539117
diabetes,de,29,29,98,0.7784619485539117
diabetes,de,29,29,99,0.7784619485539117
diabetes,de,29,29,100,0.7784619485539117
diabetes,ga,29,29,1,0.7784486205517793
diabetes,ga,29,29,2,0.7784486205517793
diabetes,ga,29,29,3,0.7784486205517793
diabetes,ga,29,29,4,0.7784486205517793
diabetes,ga,29,29,5,0.7784486205517793
diabetes,ga,29,29,6,0.7784486205517793
diabetes,ga,29,29,7,0.7784486205517793
diabetes,ga,29,29,8,0.7784486205517793
diabetes,ga,29,29,9,0.7784486205517793
diabetes,ga,29,29,10,0.7784486205517793
diabetes,ga,29,29,11,0.7784486205517793
diabetes,ga,29,29,12,0.7784486205517793
diabetes,ga,29,29,13,0.7784486205517793
diabetes,ga,29,29,14,0.7784486205517793
diabetes,ga,29,29,15,0.7784486205517793
diabetes,ga,29,29,16,0.7784486205517793
diabetes,ga,29,29,17,0.7784486205517793
diabetes,ga,29,29,18,0.7784486205517793
diabetes,ga,29,29,19,0.7784486205517793
diabetes,ga,29,29,20,0.7784486205517793
diabetes,ga,29,29,21,0.7784486205517793
diabetes,ga,29,29,22,0.7784486205517793
diabetes,ga,29,29,23,0.7784486205517793
diabetes,ga,29,29,24,0.7784619485539117
diabetes,ga,29,29,25,0.7784619485539117
diabetes,ga,29,29,26,0.7784619485539117
diabetes,ga,29,29,27,0.7784619485539117
diabetes,ga,29,29,28,0.7784619485539117
diabetes,ga,29,29,29,0.7784619485539117
diabetes,ga,29,29,30,0.7784619485539117
diabetes,ga,29,29,31,0.7784619485539117
diabetes,ga,29,29,32,0.7784619485539117
diabetes,ga,29,29,33,0.7784619485539117
diabetes,ga,29,29,34,0.7784619485539117
diabetes,ga,29,29,35,0.7784619485539117
diabetes,ga,29,29,36,0.7784619485539117
diabetes,ga,29,29,37,0.7784619485539117
diabetes,ga,29,29,38,0.7784619485539117
diabetes,ga,29,29,39,0.7784619485539117
diabetes,ga,29,29,40,0.7784619485539117
diabetes,ga,29,29,41,0.7784619485539117
diabetes,ga,29,29,42,0.7784619485539117
diabetes,ga,29,29,43,0.7784619485539117
diabetes,ga,29,29,44,0.7784619485539117
diabetes,ga,29,29,45,0.7784619485539117
diabetes,ga,29,29,46,0.7800613088098094
diabetes,ga,29,29,47,0.7800613088098094
diabetes,ga,29,29,48,0.7800613088098094
diabetes,ga,29,29,49,0.7800613088098094
diabetes,ga,29,29,50,0.7800613088098094
diabetes,ga,29,29,51,0.7800613088098094
diabetes,ga,29,29,52,0.7800613088098094
diabetes,ga,29,29,53,0.7800613088098094
diabetes,ga,29,29,54,0.7800613088098094
diabetes,ga,29,29,55,0.7800613088098094
diabetes,ga,29,29,56,0.7800613088098094
diabetes,ga,29,29,57,0.7800613088098094
diabetes,ga,29,29,58,0.7800613088098094
diabetes,ga,29,29,59,0.7800613088098094
diabetes,ga,29,29,60,0.7800613088098094
diabetes,ga,29,29,61,0.7800613088098094
diabetes,ga,29,29,62,0.7800613088098094
diabetes,ga,29,29,63,0.7800613088098094
diabetes,ga,29,29,64,0.7800613088098094
diabetes,ga,29,29,65,0.7800613088098094
diabetes,ga,29,29,66,0.7800613088098094
diabetes,ga,29,29,67,0.7800613088098094
diabetes,ga,29,29,68,0.7800613088098094
diabetes,ga,29,29,69,0.7800613088098094
diabetes,ga,29,29,70,0.7800613088098094
diabetes,ga,29,29,71,0.7800613088098094
diabetes,ga,29,29,72,0.7800613088098094
diabetes,ga,29,29,73,0.7800613088098094
diabetes,ga,29,29,74,0.7800613088098094
diabetes,ga,29,29,75,0.7800613088098094
diabetes,ga,29,29,76,0.7800613088098094
diabetes,ga,29,29,77,0.7800613088098094
diabetes,ga,29,29,78,0.7800613088098094
diabetes,ga,29,29,79,0.7800613088098094
diabetes,ga,29,29,80,0.7800613088098094
diabetes,ga,29,29,81,0.7800613088098094
diabetes,ga,29,29,82,0.7800613088098094
diabetes,ga,29,29,83,0.7800613088098094
diabetes,ga,29,29,84,0.7800613088098094
diabetes,ga,29,29,85,0.7800613088098094
diabetes,ga,29,29,86,0.7800613088098094
diabetes,ga,29,29,87,0.7800613088098094
diabetes,ga,29,29,88,0.7800613088098094
diabetes,ga,29,29,89,0.7800613088098094
diabetes,ga,29,29,90,0.7800613088098094
diabetes,ga,29,29,91,0.7800613088098094
diabetes,ga,29,29,92,0.7800613088098094
diabetes,ga,29,29,93,0.7800613088098094
diabetes,ga,29,29,94,0.7800613088098094
diabetes,ga,29,29,95,0.7800613088098094
diabetes,ga,29,29,96,0.7800613088098094
diabetes,ga,29,29,97,0.7800613088098094
diabetes,ga,29,29,98,0.7800613088098094
diabetes,ga,29,29,99,0.7800613088098094
diabetes,ga,29,29,100,0.7800613088098094
diabetes,sa,29,29,1,0.6970545115287219
diabetes,sa,29,29,2,0.6970545115287219
diabetes,sa,29,29,3,0.6970545115287219
diabetes,sa,29,29,4,0.6970545115287219
diabetes,sa,29,29,5,0.6970545115287219
diabetes,sa,29,29,6,0.6970545115287219
diabetes,sa,29,29,7,0.6970545115287219
diabetes,sa,29,29,8,0.6970545115287219
diabetes,sa,29,29,9,0.6970545115287219
diabetes,sa,29,29,10,0.6970545115287219
diabetes,sa,29,29,11,0.6970545115287219
diabetes,sa,29,29,12,0.6970545115287219
diabetes,sa,29,29,13,0.6970545115287219
diabetes,sa,29,29,14,0.6970545115287219
diabetes,sa,29,29,15,0.6970545115287219
diabetes,sa,29,29,16,0.6970545115287219
diabetes,sa,29,29,17,0.6970545115287219
diabetes,sa,29,29,18,0.6970545115287219
diabetes,sa,29,29,19,0.6970545115287219
diabetes,sa,29,29,20,0.6970545115287219
diabetes,sa,29,29,21,0.6970545115287219
diabetes,sa,29,29,22,0.6970545115287219
diabetes,sa,29,29,23,0.698667199786752
diabetes,sa,29,29,24,0.749140343862455
diabetes,sa,29,29,25,0.749140343862455
diabetes,sa,29,29,26,0.749140343862455
diabetes,sa,29,29,27,0.749140343862455
diabetes,sa,29,29,28,0.7507663601226175
diabetes,sa,29,29,29,0.7751832600293216
diabetes,sa,29,29,30,0.7751832600293216
diabetes,sa,29,29,31,0.7751832600293216
diabetes,sa,29,29,32,0.7751832600293216
diabetes,sa,29,29,33,0.7751832600293216
diabetes,sa,29,29,34,0.7751832600293216
diabetes,sa,29,29,35,0.7751832600293216
diabetes,sa,29,29,36,0.7751832600293216
diabetes,sa,29,29,37,0.7751832600293216
diabetes,sa,29,29,38,0.7751832600293216
diabetes,sa,29,29,39,0.7751832600293216
diabetes,sa,29,29,40,0.7751832600293216
diabetes,sa,29,29,41,0.7751832600293216
diabetes,sa,29,29,42,0.7751832600293216
diabetes,sa,29,29,43,0.7751832600293216
diabetes,sa,29,29,44,0.7751832600293216
diabetes,sa,29,29,45,0.7751832600293216
diabetes,sa,29,29,46,0.7751832600293216
diabetes,sa,29,29,47,0.7751832600293216
diabetes,sa,29,29,48,0.7751832600293216
diabetes,sa,29,29,49,0.7751832600293216
diabetes,sa,29,29,50,0.7751832600293216
diabetes,sa,29,29,51,0.7751832600293216
diabetes,sa,29,29,52,0.7751832600293216
diabetes,sa,29,29,53,0.7751832600293216
diabetes,sa,29,29,54,0.7751832600293216
diabetes,sa,29,29,55,0.7751832600293216
diabetes,sa,29,29,56,0.7751832600293216
diabetes,sa,29,29,57,0.7751832600293216
diabetes,sa,29,29,58,0.7751832600293216
diabetes,sa,29,29,59,0.7751832600293216
diabetes,sa,29,29,60,0.7751832600293216
diabetes,sa,29,29,61,0.7751832600293216
diabetes,sa,29,29,62,0.7752099160335866
diabetes,sa,29,29,63,0.7752099160335866
diabetes,sa,29,29,64,0.7752099160335866
diabetes,sa,29,29,65,0.7752099160335866
diabetes,sa,29,29,66,0.7752099160335866
diabetes,sa,29,29,67,0.7768359322937491
diabetes,sa,29,29,68,0.7768359322937491
diabetes,sa,29,29,69,0.7768359322937491
diabetes,sa,29,29,70,0.7768359322937491
diabetes,sa,29,29,71,0.7849660135945622
diabetes,sa,29,29,72,0.7849660135945622
diabetes,sa,29,29,73,0.7849660135945622
diabetes,sa,29,29,74,0.7849660135945622
diabetes,sa,29,29,75,0.7849660135945622
diabetes,sa,29,29,76,0.7849660135945622
diabetes,sa,29,29,77,0.7849660135945622
diabetes,sa,29,29,78,0.7849660135945622
diabetes,sa,29,29,79,0.7849660135945622
diabetes,sa,29,29,80,0.7849660135945622
diabetes,sa,29,29,81,0.7849660135945622
diabetes,sa,29,29,82,0.7849660135945622
diabetes,sa,29,29,83,0.7849660135945622
diabetes,sa,29,29,84,0.7849660135945622
diabetes,sa,29,29,85,0.7849660135945622
diabetes,sa,29,29,86,0.7849660135945622
diabetes,sa,29,29,87,0.7849660135945622
diabetes,sa,29,29,88,0.7849660135945622
diabetes,sa,29,29,89,0.7849660135945622
diabetes,sa,29,29,90,0.7849660135945622
diabetes,sa,29,29,91,0.7849660135945622
diabetes,sa,29,29,92,0.7849660135945622
diabetes,sa,29,29,93,0.7849660135945622
diabetes,sa,29,29,94,0.7849660135945622
diabetes,sa,29,29,95,0.7849660135945622
diabetes,sa,29,29,96,0.7849660135945622
diabetes,sa,29,29,97,0.7849660135945622
diabetes,sa,29,29,98,0.7849660135945622
diabetes,sa,29,29,99,0.7849660135945622
diabetes,sa,29,29,100,0.7849660135945622
