dataset,optimizer,seed,eval,best_so_far
vehicle,grid,0,1,0.2840631808278867
vehicle,grid,0,2,0.2840631808278867
vehicle,grid,0,3,0.2840631808278867
vehicle,grid,0,4,0.2840631808278867
vehicle,grid,0,5,0.2840631808278867
vehicle,grid,0,6,0.3889760348583878
vehicle,grid,0,7,0.4157298474945534
vehicle,grid,0,8,0.4157298474945534
vehicle,grid,0,9,0.4157298474945534
vehicle,grid,0,10,0.4157298474945534
vehicle,grid,0,11,0.4157298474945534
vehicle,grid,0,12,0.4157298474945534
vehicle,grid,0,13,0.4157298474945534
vehicle,grid,0,14,0.4157298474945534
vehicle,grid,0,15,0.4852505446623093
vehicle,grid,0,16,0.642004357298475
vehicle,grid,0,17,0.6686819172113289
vehicle,grid,0,18,0.6686819172113289
vehicle,grid,0,19,0.6686819172113289
vehicle,grid,0,20,0.6686819172113289
vehicle,grid,0,21,0.6686819172113289
vehicle,grid,0,22,0.6686819172113289
vehicle,grid,0,23,0.6686819172113289
vehicle,grid,0,24,0.6686819172113289
vehicle,grid,0,25,0.696764705882353
vehicle,grid,0,26,0.7308169934640523
vehicle,grid,0,27,0.7515468409586056
vehicle,grid,0,28,0.7515468409586056
vehicle,grid,0,29,0.7515468409586056
vehicle,grid,0,30,0.7515468409586056
vehicle,grid,0,31,0.7515468409586056
vehicle,grid,0,32,0.7515468409586056
vehicle,grid,0,33,0.7515468409586056
vehicle,grid,0,34,0.7515468409586056
vehicle,grid,0,35,0.7515468409586056
vehicle,grid,0,36,0.7988779956427015
vehicle,grid,0,37,0.7988779956427015
vehicle,grid,0,38,0.7988779956427015
vehicle,grid,0,39,0.7988779956427015
vehicle,grid,0,40,0.7988779956427015
vehicle,grid,0,41,0.7988779956427015
vehicle,grid,0,42,0.7988779956427015
vehicle,grid,0,43,0.7988779956427015
vehicle,grid,0,44,0.7988779956427015
vehicle,grid,0,45,0.8033224400871462
vehicle,grid,0,46,0.8181045751633986
vehicle,grid,0,47,0.8181045751633986
vehicle,grid,0,48,0.8181045751633986
vehicle,grid,0,49,0.8181045751633986
vehicle,grid,0,50,0.8181045751633986
vehicle,grid,0,51,0.8181045751633986
vehicle,grid,0,52,0.8181045751633986
vehicle,grid,0,53,0.8181045751633986
vehicle,grid,0,54,0.8181045751633986
vehicle,grid,0,55,0.834368191721133
vehicle,grid,0,56,0.8402832244008716
vehicle,grid,0,57,0.8402832244008716
vehicle,grid,0,58,0.8402832244008716
vehicle,grid,0,59,0.8402832244008716
vehicle,grid,0,60,0.8402832244008716
vehicle,grid,0,61,0.8402832244008716
vehicle,grid,0,62,0.8402832244008716
vehicle,grid,0,63,0.8402832244008716
vehicle,grid,0,64,0.8402832244008716
vehicle,grid,0,65,0.843202614379085
vehicle,grid,0,66,0.843202614379085
vehicle,grid,0,67,0.843202614379085
vehicle,grid,0,68,0.843202614379085
vehicle,grid,0,69,0.843202614379085
vehicle,grid,0,70,0.843202614379085
vehicle,grid,0,71,0.843202614379085
vehicle,grid,0,72,0.843202614379085
vehicle,grid,0,73,0.843202614379085
vehicle,grid,0,74,0.843202614379085
vehicle,grid,0,75,0.8550980392156863
vehicle,grid,0,76,0.8550980392156863
vehicle,grid,0,77,0.8550980392156863
vehicle,grid,0,78,0.8550980392156863
vehicle,grid,0,79,0.8550980392156863
vehicle,grid,0,80,0.8550980392156863
vehicle,grid,0,81,0.8550980392156863
vehicle,grid,0,82,0.8550980392156863
vehicle,grid,0,83,0.8550980392156863
vehicle,grid,0,84,0.8550980392156863
vehicle,grid,0,85,0.8550980392156863
vehicle,grid,0,86,0.8550980392156863
vehicle,grid,0,87,0.8550980392156863
vehicle,grid,0,88,0.8550980392156863
vehicle,grid,0,89,0.8550980392156863
vehicle,grid,0,90,0.8550980392156863
vehicle,grid,0,91,0.8550980392156863
vehicle,grid,0,92,0.8550980392156863
vehicle,grid,0,93,0.8550980392156863
vehicle,grid,0,94,0.8550980392156863
vehicle,grid,0,95,0.8550980392156863
vehicle,grid,0,96,0.8550980392156863
vehicle,grid,0,97,0.8550980392156863
vehicle,grid,0,98,0.8550980392156863
vehicle,grid,0,99,0.8550980392156863
vehicle,grid,0,100,0.8550980392156863
vehicle,random,0,1,0.7559694989106754
vehicle,random,0,2,0.8432461873638344
vehicle,random,0,3,0.8432461873638344
vehicle,random,0,4,0.8432461873638344
vehicle,random,0,5,0.8476797385620914
vehicle,random,0,6,0.8476797385620914
vehicle,random,0,7,0.8476797385620914
vehicle,random,0,8,0.8476797385620914
vehicle,random,0,9,0.8476797385620914
vehicle,random,0,10,0.8476797385620914
vehicle,random,0,11,0.8476797385620914
vehicle,random,0,12,0.8476797385620914
vehicle,random,0,13,0.8476797385620914
vehicle,random,0,14,0.8476797385620914
vehicle,random,0,15,0.8476797385620914
vehicle,random,0,16,0.8476797385620914
vehicle,random,0,17,0.8476797385620914
vehicle,random,0,18,0.8476797385620914
vehicle,random,0,19,0.8476797385620914
vehicle,random,0,20,0.8476797385620914
vehicle,random,0,21,0.8476797385620914
vehicle,random,0,22,0.8476797385620914
vehicle,random,0,23,0.8476797385620914
vehicle,random,0,24,0.8476797385620914
vehicle,random,0,25,0.8476797385620914
vehicle,random,0,26,0.8476797385620914
vehicle,random,0,27,0.8476797385620914
vehicle,random,0,28,0.8476797385620914
vehicle,random,0,29,0.8476797385620914
vehicle,random,0,30,0.8476797385620914
vehicle,random,0,31,0.8476797385620914
vehicle,random,0,32,0.8476797385620914
vehicle,random,0,33,0.8476797385620914
vehicle,random,0,34,0.8476797385620914
vehicle,random,0,35,0.8476797385620914
vehicle,random,0,36,0.8476797385620914
vehicle,random,0,37,0.8476797385620914
vehicle,random,0,38,0.8476797385620914
vehicle,random,0,39,0.8476797385620914
vehicle,random,0,40,0.8476797385620914
vehicle,random,0,41,0.8476797385620914
vehicle,random,0,42,0.8476797385620914
vehicle,random,0,43,0.8476797385620914
vehicle,random,0,44,0.8476797385620914
vehicle,random,0,45,0.8476797385620914
vehicle,random,0,46,0.8476797385620914
vehicle,random,0,47,0.8476797385620914
vehicle,random,0,48,0.8476797385620914
vehicle,random,0,49,0.8476797385620914
vehicle,random,0,50,0.8476797385620914
vehicle,random,0,51,0.8476797385620914
vehicle,random,0,52,0.8476797385620914
vehicle,random,0,53,0.8476797385620914
vehicle,random,0,54,0.8476797385620914
vehicle,random,0,55,0.8476797385620914
vehicle,random,0,56,0.8476797385620914
vehicle,random,0,57,0.8476797385620914
vehicle,random,0,58,0.8565468409586057
vehicle,random,0,59,0.8565468409586057
vehicle,random,0,60,0.8565468409586057
vehicle,random,0,61,0.8565468409586057
vehicle,random,0,62,0.8565468409586057
vehicle,random,0,63,0.8565468409586057
vehicle,random,0,64,0.8565468409586057
vehicle,random,0,65,0.8565468409586057
vehicle,random,0,66,0.8565468409586057
vehicle,random,0,67,0.8565468409586057
vehicle,random,0,68,0.8565468409586057
vehicle,random,0,69,0.8565468409586057
vehicle,random,0,70,0.8565468409586057
vehicle,random,0,71,0.8565468409586057
vehicle,random,0,72,0.8565468409586057
vehicle,random,0,73,0.8565468409586057
vehicle,random,0,74,0.8565468409586057
vehicle,random,0,75,0.8565468409586057
vehicle,random,0,76,0.8565468409586057
vehicle,random,0,77,0.8565468409586057
vehicle,random,0,78,0.8565468409586057
vehicle,random,0,79,0.8565468409586057
vehicle,random,0,80,0.8565468409586057
vehicle,random,0,81,0.8565468409586057
vehicle,random,0,82,0.8565468409586057
vehicle,random,0,83,0.8565468409586057
vehicle,random,0,84,0.8565468409586057
vehicle,random,0,85,0.8565468409586057
vehicle,random,0,86,0.8565468409586057
vehicle,random,0,87,0.8565468409586057
vehicle,random,0,88,0.8565468409586057
vehicle,random,0,89,0.8565468409586057
vehicle,random,0,90,0.8565468409586057
vehicle,random,0,91,0.8565468409586057
vehicle,random,0,92,0.8565468409586057
vehicle,random,0,93,0.8565468409586057
vehicle,random,0,94,0.8565468409586057
vehicle,random,0,95,0.8565468409586057
vehicle,random,0,96,0.8565468409586057
vehicle,random,0,97,0.8565468409586057
vehicle,random,0,98,0.8565468409586057
vehicle,random,0,99,0.8565468409586057
vehicle,random,0,100,0.8565468409586057
vehicle,bo_tpe,0,1,0.7559694989106754
vehicle,bo_tpe,0,2,0.8432461873638344
vehicle,bo_tpe,0,3,0.8432461873638344
vehicle,bo_tpe,0,4,0.8432461873638344
vehicle,bo_tpe,0,5,0.8476797385620914
vehicle,bo_tpe,0,6,0.8476797385620914
vehicle,bo_tpe,0,7,0.8476797385620914
vehicle,bo_tpe,0,8,0.8476797385620914
vehicle,bo_tpe,0,9,0.8476797385620914
vehicle,bo_tpe,0,10,0.8476797385620914
vehicle,bo_tpe,0,11,0.8476797385620914
vehicle,bo_tpe,0,12,0.8535729847494553
vehicle,bo_tpe,0,13,0.8535729847494553
vehicle,bo_tpe,0,14,0.8535729847494553
vehicle,bo_tpe,0,15,0.8535729847494553
vehicle,bo_tpe,0,16,0.8565359477124183
vehicle,bo_tpe,0,17,0.8565359477124183
vehicle,bo_tpe,0,18,0.8609694989106755
vehicle,bo_tpe,0,19,0.8609694989106755
vehicle,bo_tpe,0,20,0.8609694989106755
vehicle,bo_tpe,0,21,0.8609694989106755
vehicle,bo_tpe,0,22,0.8609694989106755
vehicle,bo_tpe,0,23,0.8609694989106755
vehicle,bo_tpe,0,24,0.8609694989106755
vehicle,bo_tpe,0,25,0.8609694989106755
vehicle,bo_tpe,0,26,0.8609694989106755
vehicle,bo_tpe,0,27,0.8609694989106755
vehicle,bo_tpe,0,28,0.8609694989106755
vehicle,bo_tpe,0,29,0.8609694989106755
vehicle,bo_tpe,0,30,0.8609694989106755
vehicle,bo_tpe,0,31,0.8609694989106755
vehicle,bo_tpe,0,32,0.8609694989106755
vehicle,bo_tpe,0,33,0.8609694989106755
vehicle,bo_tpe,0,34,0.8609694989106755
vehicle,bo_tpe,0,35,0.8609694989106755
vehicle,bo_tpe,0,36,0.8609694989106755
vehicle,bo_tpe,0,37,0.8609694989106755
vehicle,bo_tpe,0,38,0.8609694989106755
vehicle,bo_tpe,0,39,0.8609694989106755
vehicle,bo_tpe,0,40,0.8609694989106755
vehicle,bo_tpe,0,41,0.8609694989106755
vehicle,bo_tpe,0,42,0.8609694989106755
vehicle,bo_tpe,0,43,0.8609694989106755
vehicle,bo_tpe,0,44,0.8609694989106755
vehicle,bo_tpe,0,45,0.8609694989106755
vehicle,bo_tpe,0,46,0.8609694989106755
vehicle,bo_tpe,0,47,0.8609694989106755
vehicle,bo_tpe,0,48,0.8609694989106755
vehicle,bo_tpe,0,49,0.8609694989106755
vehicle,bo_tpe,0,50,0.8609694989106755
vehicle,bo_tpe,0,51,0.8609694989106755
vehicle,bo_tpe,0,52,0.8609694989106755
vehicle,bo_tpe,0,53,0.8610021786492374
vehicle,bo_tpe,0,54,0.8610021786492374
vehicle,bo_tpe,0,55,0.8610021786492374
vehicle,bo_tpe,0,56,0.8610021786492374
vehicle,bo_tpe,0,57,0.8610021786492374
vehicle,bo_tpe,0,58,0.8610021786492374
vehicle,bo_tpe,0,59,0.8610021786492374
vehicle,bo_tpe,0,60,0.8610021786492374
vehicle,bo_tpe,0,61,0.8610021786492374
vehicle,bo_tpe,0,62,0.8610021786492374
vehicle,bo_tpe,0,63,0.8610021786492374
vehicle,bo_tpe,0,64,0.8610021786492374
vehicle,bo_tpe,0,65,0.8610021786492374
vehicle,bo_tpe,0,66,0.8610021786492374
vehicle,bo_tpe,0,67,0.8610021786492374
vehicle,bo_tpe,0,68,0.8610021786492374
vehicle,bo_tpe,0,69,0.8610021786492374
vehicle,bo_tpe,0,70,0.8610021786492374
vehicle,bo_tpe,0,71,0.8610021786492374
vehicle,bo_tpe,0,72,0.8610021786492374
vehicle,bo_tpe,0,73,0.8610021786492374
vehicle,bo_tpe,0,74,0.8610021786492374
vehicle,bo_tpe,0,75,0.8610021786492374
vehicle,bo_tpe,0,76,0.8610021786492374
vehicle,bo_tpe,0,77,0.8610021786492374
vehicle,bo_tpe,0,78,0.8610021786492374
vehicle,bo_tpe,0,79,0.8610021786492374
vehicle,bo_tpe,0,80,0.8610021786492374
vehicle,bo_tpe,0,81,0.8610021786492374
vehicle,bo_tpe,0,82,0.8610021786492374
vehicle,bo_tpe,0,83,0.8610021786492374
vehicle,bo_tpe,0,84,0.8610021786492374
vehicle,bo_tpe,0,85,0.8610021786492374
vehicle,bo_tpe,0,86,0.8610021786492374
vehicle,bo_tpe,0,87,0.8610021786492374
vehicle,bo_tpe,0,88,0.8610021786492374
vehicle,bo_tpe,0,89,0.8610021786492374
vehicle,bo_tpe,0,90,0.8610021786492374
vehicle,bo_tpe,0,91,0.8610021786492374
vehicle,bo_tpe,0,92,0.8610021786492374
vehicle,bo_tpe,0,93,0.8610021786492374
vehicle,bo_tpe,0,94,0.8610021786492374
vehicle,bo_tpe,0,95,0.8610021786492374
vehicle,bo_tpe,0,96,0.8610021786492374
vehicle,bo_tpe,0,97,0.8610021786492374
vehicle,bo_tpe,0,98,0.8610021786492374
vehicle,bo_tpe,0,99,0.8610021786492374
vehicle,bo_tpe,0,100,0.8610021786492374
vehicle,pso,0,1,0.819553376906318
vehicle,pso,0,2,0.819553376906318
vehicle,pso,0,3,0.819553376906318
vehicle,pso,0,4,0.819553376906318
vehicle,pso,0,5,0.819553376906318
vehicle,pso,0,6,0.819553376906318
vehicle,pso,0,7,0.819553376906318
vehicle,pso,0,8,0.819553376906318
vehicle,pso,0,9,0.819553376906318
vehicle,pso,0,10,0.8195533769063182
vehicle,pso,0,11,0.8195533769063182
vehicle,pso,0,12,0.8195533769063182
vehicle,pso,0,13,0.8195533769063182
vehicle,pso,0,14,0.8195533769063182
vehicle,pso,0,15,0.8195533769063182
vehicle,pso,0,16,0.8195533769063182
vehicle,pso,0,17,0.8210566448801743
vehicle,pso,0,18,0.8210566448801743
vehicle,pso,0,19,0.8210566448801743
vehicle,pso,0,20,0.8210566448801743
vehicle,pso,0,21,0.8299128540305011
vehicle,pso,0,22,0.8299128540305011
vehicle,pso,0,23,0.8299128540305011
vehicle,pso,0,24,0.8299128540305011
vehicle,pso,0,25,0.8299128540305011
vehicle,pso,0,26,0.8299128540305011
vehicle,pso,0,27,0.8358496732026144
vehicle,pso,0,28,0.8358496732026144
vehicle,pso,0,29,0.8358496732026144
vehicle,pso,0,30,0.8358496732026144
vehicle,pso,0,31,0.8358496732026144
vehicle,pso,0,32,0.8358496732026144
vehicle,pso,0,33,0.8358496732026144
vehicle,pso,0,34,0.8565904139433552
vehicle,pso,0,35,0.8565904139433552
vehicle,pso,0,36,0.8565904139433552
vehicle,pso,0,37,0.8565904139433552
vehicle,pso,0,38,0.8565904139433552
vehicle,pso,0,39,0.8565904139433552
vehicle,pso,0,40,0.8565904139433552
vehicle,pso,0,41,0.8565904139433552
vehicle,pso,0,42,0.8565904139433552
vehicle,pso,0,43,0.8565904139433552
vehicle,pso,0,44,0.8565904139433552
vehicle,pso,0,45,0.8565904139433552
vehicle,pso,0,46,0.8565904139433552
vehicle,pso,0,47,0.8565904139433552
vehicle,pso,0,48,0.8565904139433552
vehicle,pso,0,49,0.8565904139433552
vehicle,pso,0,50,0.8565904139433552
vehicle,pso,0,51,0.8565904139433552
vehicle,pso,0,52,0.8565904139433552
vehicle,pso,0,53,0.8565904139433552
vehicle,pso,0,54,0.8565904139433552
vehicle,pso,0,55,0.8565904139433552
vehicle,pso,0,56,0.8565904139433552
vehicle,pso,0,57,0.8565904139433552
vehicle,pso,0,58,0.8565904139433552
vehicle,pso,0,59,0.8565904139433552
vehicle,pso,0,60,0.8565904139433552
vehicle,pso,0,61,0.8565904139433552
vehicle,pso,0,62,0.8565904139433552
vehicle,pso,0,63,0.8565904139433552
vehicle,pso,0,64,0.8565904139433552
vehicle,pso,0,65,0.8565904139433552
vehicle,pso,0,66,0.8565904139433552
vehicle,pso,0,67,0.8565904139433552
vehicle,pso,0,68,0.8565904139433552
vehicle,pso,0,69,0.8565904139433552
vehicle,pso,0,70,0.8565904139433552
vehicle,pso,0,71,0.8565904139433552
vehicle,pso,0,72,0.8565904139433552
vehicle,pso,0,73,0.8565904139433552
vehicle,pso,0,74,0.8565904139433552
vehicle,pso,0,75,0.8565904139433552
vehicle,pso,0,76,0.8565904139433552
vehicle,pso,0,77,0.8565904139433552
vehicle,pso,0,78,0.8565904139433552
vehicle,pso,0,79,0.8595424836601306
vehicle,pso,0,80,0.8595424836601306
vehicle,pso,0,81,0.8595424836601306
vehicle,pso,0,82,0.8595424836601306
vehicle,pso,0,83,0.8595424836601306
vehicle,pso,0,84,0.8595424836601306
vehicle,pso,0,85,0.8595424836601306
vehicle,pso,0,86,0.8595424836601306
vehicle,pso,0,87,0.8595424836601306
vehicle,pso,0,88,0.8595424836601306
vehicle,pso,0,89,0.8595424836601306
vehicle,pso,0,90,0.8595424836601306
vehicle,pso,0,91,0.8595424836601306
vehicle,pso,0,92,0.8595424836601306
vehicle,pso,0,93,0.8595424836601306
vehicle,pso,0,94,0.8610021786492374
vehicle,pso,0,95,0.8610021786492374
vehicle,pso,0,96,0.8610021786492374
vehicle,pso,0,97,0.8610021786492374
vehicle,pso,0,98,0.8610021786492374
vehicle,pso,0,99,0.8610021786492374
vehicle,pso,0,100,0.8610021786492374
vehicle,de,0,1,0.7914488017429194
vehicle,de,0,2,0.7914488017429194
vehicle,de,0,3,0.7914488017429194
vehicle,de,0,4,0.7914488017429194
vehicle,de,0,5,0.7914488017429194
vehicle,de,0,6,0.7914488017429194
vehicle,de,0,7,0.7914488017429194
vehicle,de,0,8,0.7914488017429194
vehicle,de,0,9,0.8180936819172114
vehicle,de,0,10,0.8180936819172114
vehicle,de,0,11,0.8180936819172114
vehicle,de,0,12,0.8180936819172114
vehicle,de,0,13,0.8239978213507625
vehicle,de,0,14,0.8239978213507625
vehicle,de,0,15,0.8239978213507625
vehicle,de,0,16,0.8388017429193899
vehicle,de,0,17,0.8388017429193899
vehicle,de,0,18,0.8388017429193899
vehicle,de,0,19,0.8388017429193899
vehicle,de,0,20,0.8491503267973857
vehicle,de,0,21,0.8491503267973857
vehicle,de,0,22,0.8491503267973857
vehicle,de,0,23,0.8491503267973857
vehicle,de,0,24,0.8491503267973857
vehicle,de,0,25,0.8491503267973857
vehicle,de,0,26,0.8491503267973857
vehicle,de,0,27,0.8491503267973857
vehicle,de,0,28,0.8491503267973857
vehicle,de,0,29,0.8491503267973857
vehicle,de,0,30,0.8491503267973857
vehicle,de,0,31,0.8491503267973857
vehicle,de,0,32,0.8491503267973857
vehicle,de,0,33,0.8491830065359478
vehicle,de,0,34,0.8491830065359478
vehicle,de,0,35,0.8491830065359478
vehicle,de,0,36,0.8491830065359478
vehicle,de,0,37,0.8491830065359478
vehicle,de,0,38,0.8491830065359478
vehicle,de,0,39,0.8491830065359478
vehicle,de,0,40,0.8491830065359478
vehicle,de,0,41,0.8491830065359478
vehicle,de,0,42,0.8491830065359478
vehicle,de,0,43,0.8491830065359478
vehicle,de,0,44,0.8491830065359478
vehicle,de,0,45,0.8491830065359478
vehicle,de,0,46,0.8491830065359478
vehicle,de,0,47,0.8535838779956428
vehicle,de,0,48,0.8535838779956428
vehicle,de,0,49,0.8535838779956428
vehicle,de,0,50,0.8535838779956428
vehicle,de,0,51,0.8535838779956428
vehicle,de,0,52,0.8535838779956428
vehicle,de,0,53,0.8535838779956428
vehicle,de,0,54,0.8535838779956428
vehicle,de,0,55,0.8535838779956428
vehicle,de,0,56,0.8535838779956428
vehicle,de,0,57,0.8535838779956428
vehicle,de,0,58,0.8535838779956428
vehicle,de,0,59,0.8535838779956428
vehicle,de,0,60,0.8565359477124183
vehicle,de,0,61,0.8565359477124183
vehicle,de,0,62,0.8565359477124183
vehicle,de,0,63,0.8565359477124183
vehicle,de,0,64,0.8565359477124183
vehicle,de,0,65,0.8565359477124183
vehicle,de,0,66,0.8565359477124183
vehicle,de,0,67,0.8565359477124183
vehicle,de,0,68,0.8565359477124183
vehicle,de,0,69,0.8565359477124183
vehicle,de,0,70,0.8565359477124183
vehicle,de,0,71,0.8565359477124183
vehicle,de,0,72,0.8565359477124183
vehicle,de,0,73,0.8565359477124183
vehicle,de,0,74,0.8565359477124183
vehicle,de,0,75,0.8565359477124183
vehicle,de,0,76,0.8565359477124183
vehicle,de,0,77,0.8565359477124183
vehicle,de,0,78,0.8565359477124183
vehicle,de,0,79,0.8565359477124183
vehicle,de,0,80,0.8565359477124183
vehicle,de,0,81,0.8565359477124183
vehicle,de,0,82,0.8565359477124183
vehicle,de,0,83,0.8565359477124183
vehicle,de,0,84,0.8565359477124183
vehicle,de,0,85,0.8565359477124183
vehicle,de,0,86,0.8565359477124183
vehicle,de,0,87,0.8565359477124183
vehicle,de,0,88,0.8565359477124183
vehicle,de,0,89,0.8565359477124183
vehicle,de,0,90,0.8565359477124183
vehicle,de,0,91,0.8565359477124183
vehicle,de,0,92,0.8565359477124183
vehicle,de,0,93,0.8565359477124183
vehicle,de,0,94,0.8565359477124183
vehicle,de,0,95,0.8565359477124183
vehicle,de,0,96,0.8565359477124183
vehicle,de,0,97,0.8565359477124183
vehicle,de,0,98,0.8565359477124183
vehicle,de,0,99,0.8565359477124183
vehicle,de,0,100,0.8565359477124183
vehicle,ga,0,1,0.7914488017429194
vehicle,ga,0,2,0.7914488017429194
vehicle,ga,0,3,0.7914488017429194
vehicle,ga,0,4,0.7914488017429194
vehicle,ga,0,5,0.7914488017429194
vehicle,ga,0,6,0.7914488017429194
vehicle,ga,0,7,0.7914488017429194
vehicle,ga,0,8,0.7914488017429194
vehicle,ga,0,9,0.8180936819172114
vehicle,ga,0,10,0.8180936819172114
vehicle,ga,0,11,0.8180936819172114
vehicle,ga,0,12,0.8180936819172114
vehicle,ga,0,13,0.8239978213507625
vehicle,ga,0,14,0.8239978213507625
vehicle,ga,0,15,0.8239978213507625
vehicle,ga,0,16,0.8388017429193899
vehicle,ga,0,17,0.8388017429193899
vehicle,ga,0,18,0.8388017429193899
vehicle,ga,0,19,0.8388017429193899
vehicle,ga,0,20,0.8491503267973857
vehicle,ga,0,21,0.8565141612200436
vehicle,ga,0,22,0.8565141612200436
vehicle,ga,0,23,0.8565141612200436
vehicle,ga,0,24,0.8565141612200436
vehicle,ga,0,25,0.8565141612200436
vehicle,ga,0,26,0.8565141612200436
vehicle,ga,0,27,0.8565141612200436
vehicle,ga,0,28,0.8565141612200436
vehicle,ga,0,29,0.8565141612200436
vehicle,ga,0,30,0.8565141612200436
vehicle,ga,0,31,0.8565141612200436
vehicle,ga,0,32,0.8565141612200436
vehicle,ga,0,33,0.8565141612200436
vehicle,ga,0,34,0.8565141612200436
vehicle,ga,0,35,0.8565141612200436
vehicle,ga,0,36,0.8565141612200436
vehicle,ga,0,37,0.8565141612200436
vehicle,ga,0,38,0.8565141612200436
vehicle,ga,0,39,0.8565141612200436
vehicle,ga,0,40,0.8565141612200436
vehicle,ga,0,41,0.8565141612200436
vehicle,ga,0,42,0.8565141612200436
vehicle,ga,0,43,0.8565141612200436
vehicle,ga,0,44,0.8565141612200436
vehicle,ga,0,45,0.8565141612200436
vehicle,ga,0,46,0.8565141612200436
vehicle,ga,0,47,0.8565141612200436
vehicle,ga,0,48,0.8565141612200436
vehicle,ga,0,49,0.8565141612200436
vehicle,ga,0,50,0.8565141612200436
vehicle,ga,0,51,0.8565141612200436
vehicle,ga,0,52,0.8565141612200436
vehicle,ga,0,53,0.8565141612200436
vehicle,ga,0,54,0.8565141612200436
vehicle,ga,0,55,0.8565141612200436
vehicle,ga,0,56,0.8565141612200436
vehicle,ga,0,57,0.8565141612200436
vehicle,ga,0,58,0.8565141612200436
vehicle,ga,0,59,0.8565141612200436
vehicle,ga,0,60,0.8565141612200436
vehicle,ga,0,61,0.8565141612200436
vehicle,ga,0,62,0.8565141612200436
vehicle,ga,0,63,0.8565141612200436
vehicle,ga,0,64,0.8565141612200436
vehicle,ga,0,65,0.8565141612200436
vehicle,ga,0,66,0.8565141612200436
vehicle,ga,0,67,0.8565141612200436
vehicle,ga,0,68,0.8565141612200436
vehicle,ga,0,69,0.8565141612200436
vehicle,ga,0,70,0.8565141612200436
vehicle,ga,0,71,0.8565141612200436
vehicle,ga,0,72,0.8565141612200436
vehicle,ga,0,73,0.8565141612200436
vehicle,ga,0,74,0.8565359477124183
vehicle,ga,0,75,0.8565359477124183
vehicle,ga,0,76,0.8565359477124183
vehicle,ga,0,77,0.8565359477124183
vehicle,ga,0,78,0.8565359477124183
vehicle,ga,0,79,0.8565359477124183
vehicle,ga,0,80,0.8565359477124183
vehicle,ga,0,81,0.8565359477124183
vehicle,ga,0,82,0.8565359477124183
vehicle,ga,0,83,0.8565359477124183
vehicle,ga,0,84,0.8565359477124183
vehicle,ga,0,85,0.8565359477124183
vehicle,ga,0,86,0.8565359477124183
vehicle,ga,0,87,0.8565359477124183
vehicle,ga,0,88,0.8565359477124183
vehicle,ga,0,89,0.8565359477124183
vehicle,ga,0,90,0.8565359477124183
vehicle,ga,0,91,0.8565359477124183
vehicle,ga,0,92,0.8565359477124183
vehicle,ga,0,93,0.8565359477124183
vehicle,ga,0,94,0.8565359477124183
vehicle,ga,0,95,0.8565359477124183
vehicle,ga,0,96,0.8565359477124183
vehicle,ga,0,97,0.8565359477124183
vehicle,ga,0,98,0.8565359477124183
vehicle,ga,0,99,0.8565359477124183
vehicle,ga,0,100,0.8565359477124183
vehicle,grid,1,1,0.2870261437908497
vehicle,grid,1,2,0.2870261437908497
vehicle,grid,1,3,0.2870261437908497
vehicle,grid,1,4,0.2885076252723311
vehicle,grid,1,5,0.2944335511982571
vehicle,grid,1,6,0.3742156862745098
vehicle,grid,1,7,0.3920370370370371
vehicle,grid,1,8,0.3920370370370371
vehicle,grid,1,9,0.3920370370370371
vehicle,grid,1,10,0.3920370370370371
vehicle,grid,1,11,0.3920370370370371
vehicle,grid,1,12,0.3920370370370371
vehicle,grid,1,13,0.3920370370370371
vehicle,grid,1,14,0.3920370370370371
vehicle,grid,1,15,0.4851633986928104
vehicle,grid,1,16,0.6567320261437908
vehicle,grid,1,17,0.6907407407407407
vehicle,grid,1,18,0.6907407407407407
vehicle,grid,1,19,0.6907407407407407
vehicle,grid,1,20,0.6907407407407407
vehicle,grid,1,21,0.6907407407407407
vehicle,grid,1,22,0.6907407407407407
vehicle,grid,1,23,0.6907407407407407
vehicle,grid,1,24,0.6907407407407407
vehicle,grid,1,25,0.6981481481481481
vehicle,grid,1,26,0.7395860566448802
vehicle,grid,1,27,0.7395860566448802
vehicle,grid,1,28,0.7395860566448802
vehicle,grid,1,29,0.7395860566448802
vehicle,grid,1,30,0.7395860566448802
vehicle,grid,1,31,0.7395860566448802
vehicle,grid,1,32,0.7395860566448802
vehicle,grid,1,33,0.7395860566448802
vehicle,grid,1,34,0.7395860566448802
vehicle,grid,1,35,0.7544226579520698
vehicle,grid,1,36,0.7721786492374727
vehicle,grid,1,37,0.7736492374727669
vehicle,grid,1,38,0.7736492374727669
vehicle,grid,1,39,0.7736492374727669
vehicle,grid,1,40,0.7736492374727669
vehicle,grid,1,41,0.7736492374727669
vehicle,grid,1,42,0.7736492374727669
vehicle,grid,1,43,0.7736492374727669
vehicle,grid,1,44,0.7736492374727669
vehicle,grid,1,45,0.7825490196078431
vehicle,grid,1,46,0.8225054466230937
vehicle,grid,1,47,0.8225054466230937
vehicle,grid,1,48,0.8225054466230937
vehicle,grid,1,49,0.8225054466230937
vehicle,grid,1,50,0.8225054466230937
vehicle,grid,1,51,0.8225054466230937
vehicle,grid,1,52,0.8225054466230937
vehicle,grid,1,53,0.8225054466230937
vehicle,grid,1,54,0.8225054466230937
vehicle,grid,1,55,0.8225054466230937
vehicle,grid,1,56,0.8372875816993466
vehicle,grid,1,57,0.8372875816993466
vehicle,grid,1,58,0.8372875816993466
vehicle,grid,1,59,0.8372875816993466
vehicle,grid,1,60,0.8372875816993466
vehicle,grid,1,61,0.8372875816993466
vehicle,grid,1,62,0.8372875816993466
vehicle,grid,1,63,0.8372875816993466
vehicle,grid,1,64,0.8372875816993466
vehicle,grid,1,65,0.8372984749455338
vehicle,grid,1,66,0.8372984749455338
vehicle,grid,1,67,0.8372984749455338
vehicle,grid,1,68,0.8372984749455338
vehicle,grid,1,69,0.8372984749455338
vehicle,grid,1,70,0.8372984749455338
vehicle,grid,1,71,0.8372984749455338
vehicle,grid,1,72,0.8372984749455338
vehicle,grid,1,73,0.8372984749455338
vehicle,grid,1,74,0.8372984749455338
vehicle,grid,1,75,0.8491394335511983
vehicle,grid,1,76,0.8491394335511983
vehicle,grid,1,77,0.8491394335511983
vehicle,grid,1,78,0.8491394335511983
vehicle,grid,1,79,0.8491394335511983
vehicle,grid,1,80,0.8491394335511983
vehicle,grid,1,81,0.8491394335511983
vehicle,grid,1,82,0.8491394335511983
vehicle,grid,1,83,0.8491394335511983
vehicle,grid,1,84,0.8491394335511983
vehicle,grid,1,85,0.8491394335511983
vehicle,grid,1,86,0.8491394335511983
vehicle,grid,1,87,0.8491394335511983
vehicle,grid,1,88,0.8491394335511983
vehicle,grid,1,89,0.8491394335511983
vehicle,grid,1,90,0.8491394335511983
vehicle,grid,1,91,0.8491394335511983
vehicle,grid,1,92,0.8491394335511983
vehicle,grid,1,93,0.8491394335511983
vehicle,grid,1,94,0.8491394335511983
vehicle,grid,1,95,0.8491394335511983
vehicle,grid,1,96,0.8491394335511983
vehicle,grid,1,97,0.8491394335511983
vehicle,grid,1,98,0.8491394335511983
vehicle,grid,1,99,0.8491394335511983
vehicle,grid,1,100,0.8491394335511983
vehicle,random,1,1,0.7411437908496732
vehicle,random,1,2,0.7411437908496732
vehicle,random,1,3,0.7411437908496732
vehicle,random,1,4,0.7411437908496732
vehicle,random,1,5,0.7988562091503268
vehicle,random,1,6,0.7988562091503268
vehicle,random,1,7,0.7988562091503268
vehicle,random,1,8,0.7988562091503268
vehicle,random,1,9,0.8136165577342046
vehicle,random,1,10,0.8136165577342046
vehicle,random,1,11,0.8136165577342046
vehicle,random,1,12,0.8136165577342046
vehicle,random,1,13,0.8136165577342046
vehicle,random,1,14,0.8136165577342046
vehicle,random,1,15,0.8136165577342046
vehicle,random,1,16,0.8136165577342046
vehicle,random,1,17,0.8210130718954248
vehicle,random,1,18,0.8210130718954248
vehicle,random,1,19,0.8210130718954248
vehicle,random,1,20,0.8210130718954248
vehicle,random,1,21,0.8210130718954248
vehicle,random,1,22,0.8210130718954248
vehicle,random,1,23,0.8210130718954248
vehicle,random,1,24,0.8210130718954248
vehicle,random,1,25,0.8210130718954248
vehicle,random,1,26,0.8210130718954248
vehicle,random,1,27,0.8210130718954248
vehicle,random,1,28,0.8210130718954248
vehicle,random,1,29,0.8210130718954248
vehicle,random,1,30,0.8210130718954248
vehicle,random,1,31,0.8210130718954248
vehicle,random,1,32,0.8254684095860565
vehicle,random,1,33,0.8254684095860565
vehicle,random,1,34,0.843202614379085
vehicle,random,1,35,0.843202614379085
vehicle,random,1,36,0.843202614379085
vehicle,random,1,37,0.843202614379085
vehicle,random,1,38,0.843202614379085
vehicle,random,1,39,0.843202614379085
vehicle,random,1,40,0.843202614379085
vehicle,random,1,41,0.843202614379085
vehicle,random,1,42,0.843202614379085
vehicle,random,1,43,0.843202614379085
vehicle,random,1,44,0.843202614379085
vehicle,random,1,45,0.843202614379085
vehicle,random,1,46,0.843202614379085
vehicle,random,1,47,0.843202614379085
vehicle,random,1,48,0.843202614379085
vehicle,random,1,49,0.843202614379085
vehicle,random,1,50,0.843202614379085
vehicle,random,1,51,0.843202614379085
vehicle,random,1,52,0.843202614379085
vehicle,random,1,53,0.843202614379085
vehicle,random,1,54,0.843202614379085
vehicle,random,1,55,0.843202614379085
vehicle,random,1,56,0.843202614379085
vehicle,random,1,57,0.843202614379085
vehicle,random,1,58,0.843202614379085
vehicle,random,1,59,0.843202614379085
vehicle,random,1,60,0.843202614379085
vehicle,random,1,61,0.843202614379085
vehicle,random,1,62,0.843202614379085
vehicle,random,1,63,0.843202614379085
vehicle,random,1,64,0.843202614379085
vehicle,random,1,65,0.843202614379085
vehicle,random,1,66,0.843202614379085
vehicle,random,1,67,0.843202614379085
vehicle,random,1,68,0.843202614379085
vehicle,random,1,69,0.843202614379085
vehicle,random,1,70,0.843202614379085
vehicle,random,1,71,0.843202614379085
vehicle,random,1,72,0.843202614379085
vehicle,random,1,73,0.843202614379085
vehicle,random,1,74,0.843202614379085
vehicle,random,1,75,0.843202614379085
vehicle,random,1,76,0.843202614379085
vehicle,random,1,77,0.843202614379085
vehicle,random,1,78,0.843202614379085
vehicle,random,1,79,0.843202614379085
vehicle,random,1,80,0.843202614379085
vehicle,random,1,81,0.843202614379085
vehicle,random,1,82,0.843202614379085
vehicle,random,1,83,0.843202614379085
vehicle,random,1,84,0.843202614379085
vehicle,random,1,85,0.843202614379085
vehicle,random,1,86,0.843202614379085
vehicle,random,1,87,0.843202614379085
vehicle,random,1,88,0.843202614379085
vehicle,random,1,89,0.843202614379085
vehicle,random,1,90,0.843202614379085
vehicle,random,1,91,0.843202614379085
vehicle,random,1,92,0.843202614379085
vehicle,random,1,93,0.843202614379085
vehicle,random,1,94,0.843202614379085
vehicle,random,1,95,0.843202614379085
vehicle,random,1,96,0.843202614379085
vehicle,random,1,97,0.843202614379085
vehicle,random,1,98,0.843202614379085
vehicle,random,1,99,0.843202614379085
vehicle,random,1,100,0.843202614379085
vehicle,bo_tpe,1,1,0.7411437908496732
vehicle,bo_tpe,1,2,0.7411437908496732
vehicle,bo_tpe,1,3,0.7411437908496732
vehicle,bo_tpe,1,4,0.7411437908496732
vehicle,bo_tpe,1,5,0.7988562091503268
vehicle,bo_tpe,1,6,0.7988562091503268
vehicle,bo_tpe,1,7,0.7988562091503268
vehicle,bo_tpe,1,8,0.7988562091503268
vehicle,bo_tpe,1,9,0.8136165577342046
vehicle,bo_tpe,1,10,0.8136165577342046
vehicle,bo_tpe,1,11,0.8136165577342046
vehicle,bo_tpe,1,12,0.8195642701525054
vehicle,bo_tpe,1,13,0.8550435729847494
vehicle,bo_tpe,1,14,0.8550435729847494
vehicle,bo_tpe,1,15,0.8550435729847494
vehicle,bo_tpe,1,16,0.8550435729847494
vehicle,bo_tpe,1,17,0.8550435729847494
vehicle,bo_tpe,1,18,0.8550435729847494
vehicle,bo_tpe,1,19,0.8550435729847494
vehicle,bo_tpe,1,20,0.8550435729847494
vehicle,bo_tpe,1,21,0.8550435729847494
vehicle,bo_tpe,1,22,0.8550435729847494
vehicle,bo_tpe,1,23,0.8550435729847494
vehicle,bo_tpe,1,24,0.8550435729847494
vehicle,bo_tpe,1,25,0.8550435729847494
vehicle,bo_tpe,1,26,0.8550435729847494
vehicle,bo_tpe,1,27,0.8550435729847494
vehicle,bo_tpe,1,28,0.8550435729847494
vehicle,bo_tpe,1,29,0.8550435729847494
vehicle,bo_tpe,1,30,0.8550435729847494
vehicle,bo_tpe,1,31,0.8550435729847494
vehicle,bo_tpe,1,32,0.8550435729847494
vehicle,bo_tpe,1,33,0.8550435729847494
vehicle,bo_tpe,1,34,0.8550435729847494
vehicle,bo_tpe,1,35,0.8550435729847494
vehicle,bo_tpe,1,36,0.8550435729847494
vehicle,bo_tpe,1,37,0.8550435729847494
vehicle,bo_tpe,1,38,0.8550435729847494
vehicle,bo_tpe,1,39,0.8550435729847494
vehicle,bo_tpe,1,40,0.8550435729847494
vehicle,bo_tpe,1,41,0.8550435729847494
vehicle,bo_tpe,1,42,0.8550435729847494
vehicle,bo_tpe,1,43,0.8550435729847494
vehicle,bo_tpe,1,44,0.8550435729847494
vehicle,bo_tpe,1,45,0.8550435729847494
vehicle,bo_tpe,1,46,0.8550435729847494
vehicle,bo_tpe,1,47,0.8550435729847494
vehicle,bo_tpe,1,48,0.8550435729847494
vehicle,bo_tpe,1,49,0.8550435729847494
vehicle,bo_tpe,1,50,0.8550435729847494
vehicle,bo_tpe,1,51,0.8550435729847494
vehicle,bo_tpe,1,52,0.8550435729847494
vehicle,bo_tpe,1,53,0.8550435729847494
vehicle,bo_tpe,1,54,0.8550435729847494
vehicle,bo_tpe,1,55,0.8550435729847494
vehicle,bo_tpe,1,56,0.8550435729847494
vehicle,bo_tpe,1,57,0.8550435729847494
vehicle,bo_tpe,1,58,0.8550435729847494
vehicle,bo_tpe,1,59,0.8550435729847494
vehicle,bo_tpe,1,60,0.8550435729847494
vehicle,bo_tpe,1,61,0.8550435729847494
vehicle,bo_tpe,1,62,0.8550435729847494
vehicle,bo_tpe,1,63,0.8550435729847494
vehicle,bo_tpe,1,64,0.8550435729847494
vehicle,bo_tpe,1,65,0.8550435729847494
vehicle,bo_tpe,1,66,0.8550435729847494
vehicle,bo_tpe,1,67,0.8550435729847494
vehicle,bo_tpe,1,68,0.8550435729847494
vehicle,bo_tpe,1,69,0.8550435729847494
vehicle,bo_tpe,1,70,0.8550435729847494
vehicle,bo_tpe,1,71,0.8550435729847494
vehicle,bo_tpe,1,72,0.8550435729847494
vehicle,bo_tpe,1,73,0.8550435729847494
vehicle,bo_tpe,1,74,0.8550435729847494
vehicle,bo_tpe,1,75,0.8550435729847494
vehicle,bo_tpe,1,76,0.8550435729847494
vehicle,bo_tpe,1,77,0.8550435729847494
vehicle,bo_tpe,1,78,0.8550435729847494
vehicle,bo_tpe,1,79,0.8550435729847494
vehicle,bo_tpe,1,80,0.8550435729847494
vehicle,bo_tpe,1,81,0.8550435729847494
vehicle,bo_tpe,1,82,0.8550435729847494
vehicle,bo_tpe,1,83,0.8550435729847494
vehicle,bo_tpe,1,84,0.8550435729847494
vehicle,bo_tpe,1,85,0.8550435729847494
vehicle,bo_tpe,1,86,0.8550435729847494
vehicle,bo_tpe,1,87,0.8550435729847494
vehicle,bo_tpe,1,88,0.8550435729847494
vehicle,bo_tpe,1,89,0.8550435729847494
vehicle,bo_tpe,1,90,0.8550435729847494
vehicle,bo_tpe,1,91,0.8550435729847494
vehicle,bo_tpe,1,92,0.8550435729847494
vehicle,bo_tpe,1,93,0.8550435729847494
vehicle,bo_tpe,1,94,0.8550435729847494
vehicle,bo_tpe,1,95,0.8550435729847494
vehicle,bo_tpe,1,96,0.8550435729847494
vehicle,bo_tpe,1,97,0.8550435729847494
vehicle,bo_tpe,1,98,0.8550435729847494
vehicle,bo_tpe,1,99,0.8550435729847494
vehicle,bo_tpe,1,100,0.8550435729847494
vehicle,pso,1,1,0.6819281045751634
vehicle,pso,1,2,0.6819281045751634
vehicle,pso,1,3,0.6819281045751634
vehicle,pso,1,4,0.6819281045751634
vehicle,pso,1,5,0.8284531590413945
vehicle,pso,1,6,0.8284531590413945
vehicle,pso,1,7,0.8284531590413945
vehicle,pso,1,8,0.8343246187363833
vehicle,pso,1,9,0.8343246187363833
vehicle,pso,1,10,0.8343246187363833
vehicle,pso,1,11,0.8491176470588234
vehicle,pso,1,12,0.8491176470588234
vehicle,pso,1,13,0.8491176470588234
vehicle,pso,1,14,0.8491176470588234
vehicle,pso,1,15,0.8491176470588234
vehicle,pso,1,16,0.8491176470588234
vehicle,pso,1,17,0.8491176470588234
vehicle,pso,1,18,0.8491176470588234
vehicle,pso,1,19,0.8491176470588234
vehicle,pso,1,20,0.8491176470588234
vehicle,pso,1,21,0.8491176470588234
vehicle,pso,1,22,0.8491176470588234
vehicle,pso,1,23,0.8491176470588234
vehicle,pso,1,24,0.8491176470588234
vehicle,pso,1,25,0.8505991285403051
vehicle,pso,1,26,0.8505991285403051
vehicle,pso,1,27,0.8505991285403051
vehicle,pso,1,28,0.8505991285403051
vehicle,pso,1,29,0.8505991285403051
vehicle,pso,1,30,0.8505991285403051
vehicle,pso,1,31,0.8520806100217865
vehicle,pso,1,32,0.8520806100217865
vehicle,pso,1,33,0.8520806100217865
vehicle,pso,1,34,0.8520806100217865
vehicle,pso,1,35,0.8520806100217865
vehicle,pso,1,36,0.8520806100217865
vehicle,pso,1,37,0.8520806100217865
vehicle,pso,1,38,0.8520806100217865
vehicle,pso,1,39,0.8520806100217865
vehicle,pso,1,40,0.8520806100217865
vehicle,pso,1,41,0.8520806100217865
vehicle,pso,1,42,0.8520806100217865
vehicle,pso,1,43,0.8520806100217865
vehicle,pso,1,44,0.8520806100217865
vehicle,pso,1,45,0.8520806100217865
vehicle,pso,1,46,0.8520806100217865
vehicle,pso,1,47,0.8520806100217865
vehicle,pso,1,48,0.8520806100217865
vehicle,pso,1,49,0.8520806100217865
vehicle,pso,1,50,0.8520806100217865
vehicle,pso,1,51,0.8520806100217865
vehicle,pso,1,52,0.8520806100217865
vehicle,pso,1,53,0.8520806100217865
vehicle,pso,1,54,0.8520806100217865
vehicle,pso,1,55,0.8520806100217865
vehicle,pso,1,56,0.8520806100217865
vehicle,pso,1,57,0.8520806100217865
vehicle,pso,1,58,0.8520806100217865
vehicle,pso,1,59,0.8520806100217865
vehicle,pso,1,60,0.8520915032679739
vehicle,pso,1,61,0.8520915032679739
vehicle,pso,1,62,0.8520915032679739
vehicle,pso,1,63,0.8520915032679739
vehicle,pso,1,64,0.8520915032679739
vehicle,pso,1,65,0.8550544662309368
vehicle,pso,1,66,0.8550544662309368
vehicle,pso,1,67,0.8550544662309368
vehicle,pso,1,68,0.8550544662309368
vehicle,pso,1,69,0.8550544662309368
vehicle,pso,1,70,0.8550544662309368
vehicle,pso,1,71,0.8550544662309368
vehicle,pso,1,72,0.8550544662309368
vehicle,pso,1,73,0.8550544662309368
vehicle,pso,1,74,0.8550544662309368
vehicle,pso,1,75,0.8550544662309368
vehicle,pso,1,76,0.8550544662309368
vehicle,pso,1,77,0.8550544662309368
vehicle,pso,1,78,0.8550544662309368
vehicle,pso,1,79,0.8550544662309368
vehicle,pso,1,80,0.8550544662309368
vehicle,pso,1,81,0.8550544662309368
vehicle,pso,1,82,0.8550544662309368
vehicle,pso,1,83,0.8550544662309368
vehicle,pso,1,84,0.8550544662309368
vehicle,pso,1,85,0.8550544662309368
vehicle,pso,1,86,0.8550544662309368
vehicle,pso,1,87,0.8550544662309368
vehicle,pso,1,88,0.8550544662309368
vehicle,pso,1,89,0.8550544662309368
vehicle,pso,1,90,0.8550544662309368
vehicle,pso,1,91,0.8550544662309368
vehicle,pso,1,92,0.8550544662309368
vehicle,pso,1,93,0.8550544662309368
vehicle,pso,1,94,0.8550544662309368
vehicle,pso,1,95,0.8550544662309368
vehicle,pso,1,96,0.8550544662309368
vehicle,pso,1,97,0.8550544662309368
vehicle,pso,1,98,0.8550544662309368
vehicle,pso,1,99,0.8550544662309368
vehicle,pso,1,100,0.8550544662309368
vehicle,de,1,1,0.3949455337690631
vehicle,de,1,2,0.3949455337690631
vehicle,de,1,3,0.7307298474945533
vehicle,de,1,4,0.8372875816993464
vehicle,de,1,5,0.8372875816993464
vehicle,de,1,6,0.8372875816993464
vehicle,de,1,7,0.8372875816993464
vehicle,de,1,8,0.8372875816993464
vehicle,de,1,9,0.8372875816993464
vehicle,de,1,10,0.8372875816993464
vehicle,de,1,11,0.8372875816993464
vehicle,de,1,12,0.8372875816993464
vehicle,de,1,13,0.8372875816993464
vehicle,de,1,14,0.8372875816993464
vehicle,de,1,15,0.8372875816993464
vehicle,de,1,16,0.8372875816993464
vehicle,de,1,17,0.8372875816993464
vehicle,de,1,18,0.8372875816993464
vehicle,de,1,19,0.8372875816993464
vehicle,de,1,20,0.8372875816993464
vehicle,de,1,21,0.8372875816993464
vehicle,de,1,22,0.8372875816993464
vehicle,de,1,23,0.8372875816993464
vehicle,de,1,24,0.8372875816993464
vehicle,de,1,25,0.8372984749455338
vehicle,de,1,26,0.8372984749455338
vehicle,de,1,27,0.8372984749455338
vehicle,de,1,28,0.8372984749455338
vehicle,de,1,29,0.8372984749455338
vehicle,de,1,30,0.8372984749455338
vehicle,de,1,31,0.8372984749455338
vehicle,de,1,32,0.8372984749455338
vehicle,de,1,33,0.8372984749455338
vehicle,de,1,34,0.8372984749455338
vehicle,de,1,35,0.8372984749455338
vehicle,de,1,36,0.8372984749455338
vehicle,de,1,37,0.8372984749455338
vehicle,de,1,38,0.8372984749455338
vehicle,de,1,39,0.8372984749455338
vehicle,de,1,40,0.8372984749455338
vehicle,de,1,41,0.8372984749455338
vehicle,de,1,42,0.8372984749455338
vehicle,de,1,43,0.8372984749455338
vehicle,de,1,44,0.8432135076252723
vehicle,de,1,45,0.8432135076252723
vehicle,de,1,46,0.8432135076252723
vehicle,de,1,47,0.8432135076252723
vehicle,de,1,48,0.8432135076252723
vehicle,de,1,49,0.8432135076252723
vehicle,de,1,50,0.8432135076252723
vehicle,de,1,51,0.8432135076252723
vehicle,de,1,52,0.8432135076252723
vehicle,de,1,53,0.8432135076252723
vehicle,de,1,54,0.8432135076252723
vehicle,de,1,55,0.8432135076252723
vehicle,de,1,56,0.8476470588235292
vehicle,de,1,57,0.8476470588235292
vehicle,de,1,58,0.8476470588235292
vehicle,de,1,59,0.8476470588235292
vehicle,de,1,60,0.8476470588235292
vehicle,de,1,61,0.8476470588235292
vehicle,de,1,62,0.8476470588235292
vehicle,de,1,63,0.8476470588235292
vehicle,de,1,64,0.8476470588235292
vehicle,de,1,65,0.8476470588235292
vehicle,de,1,66,0.8476470588235292
vehicle,de,1,67,0.8476470588235292
vehicle,de,1,68,0.8476470588235292
vehicle,de,1,69,0.8476470588235292
vehicle,de,1,70,0.8476470588235292
vehicle,de,1,71,0.8476470588235292
vehicle,de,1,72,0.8476470588235292
vehicle,de,1,73,0.8476470588235292
vehicle,de,1,74,0.8476470588235292
vehicle,de,1,75,0.8476470588235292
vehicle,de,1,76,0.8476470588235292
vehicle,de,1,77,0.8476470588235292
vehicle,de,1,78,0.8476470588235292
vehicle,de,1,79,0.8476470588235292
vehicle,de,1,80,0.8476470588235292
vehicle,de,1,81,0.8476470588235292
vehicle,de,1,82,0.8505991285403051
vehicle,de,1,83,0.8505991285403051
vehicle,de,1,84,0.8505991285403051
vehicle,de,1,85,0.8505991285403051
vehicle,de,1,86,0.8505991285403051
vehicle,de,1,87,0.8505991285403051
vehicle,de,1,88,0.8505991285403051
vehicle,de,1,89,0.8505991285403051
vehicle,de,1,90,0.8505991285403051
vehicle,de,1,91,0.8505991285403051
vehicle,de,1,92,0.8505991285403051
vehicle,de,1,93,0.8505991285403051
vehicle,de,1,94,0.8505991285403051
vehicle,de,1,95,0.8505991285403051
vehicle,de,1,96,0.8505991285403051
vehicle,de,1,97,0.853562091503268
vehicle,de,1,98,0.853562091503268
vehicle,de,1,99,0.853562091503268
vehicle,de,1,100,0.853562091503268
vehicle,ga,1,1,0.3949455337690631
vehicle,ga,1,2,0.3949455337690631
vehicle,ga,1,3,0.7307298474945533
vehicle,ga,1,4,0.8372875816993464
vehicle,ga,1,5,0.8372875816993464
vehicle,ga,1,6,0.8372875816993464
vehicle,ga,1,7,0.8372875816993464
vehicle,ga,1,8,0.8372875816993464
vehicle,ga,1,9,0.8372875816993464
vehicle,ga,1,10,0.8372875816993464
vehicle,ga,1,11,0.8372875816993464
vehicle,ga,1,12,0.8372875816993464
vehicle,ga,1,13,0.8372875816993464
vehicle,ga,1,14,0.8372875816993464
vehicle,ga,1,15,0.8372875816993464
vehicle,ga,1,16,0.8372875816993464
vehicle,ga,1,17,0.8372875816993464
vehicle,ga,1,18,0.8372875816993464
vehicle,ga,1,19,0.8372875816993464
vehicle,ga,1,20,0.8372875816993464
vehicle,ga,1,21,0.8372875816993464
vehicle,ga,1,22,0.8372875816993464
vehicle,ga,1,23,0.8372875816993464
vehicle,ga,1,24,0.8372875816993464
vehicle,ga,1,25,0.8372875816993464
vehicle,ga,1,26,0.8372875816993464
vehicle,ga,1,27,0.8417429193899781
vehicle,ga,1,28,0.8417429193899781
vehicle,ga,1,29,0.8417429193899781
vehicle,ga,1,30,0.8417429193899781
vehicle,ga,1,31,0.8417429193899781
vehicle,ga,1,32,0.8417429193899781
vehicle,ga,1,33,0.8417429193899781
vehicle,ga,1,34,0.8417429193899781
vehicle,ga,1,35,0.8417429193899781
vehicle,ga,1,36,0.8417429193899781
vehicle,ga,1,37,0.8417429193899781
vehicle,ga,1,38,0.8417429193899781
vehicle,ga,1,39,0.8417429193899781
vehicle,ga,1,40,0.8417429193899781
vehicle,ga,1,41,0.8417429193899781
vehicle,ga,1,42,0.8417429193899781
vehicle,ga,1,43,0.8417429193899781
vehicle,ga,1,44,0.8417429193899781
vehicle,ga,1,45,0.8417429193899781
vehicle,ga,1,46,0.8417429193899781
vehicle,ga,1,47,0.8461873638344226
vehicle,ga,1,48,0.8461873638344226
vehicle,ga,1,49,0.8461873638344226
vehicle,ga,1,50,0.8461873638344226
vehicle,ga,1,51,0.8461873638344226
vehicle,ga,1,52,0.8461873638344226
vehicle,ga,1,53,0.8461873638344226
vehicle,ga,1,54,0.8461873638344226
vehicle,ga,1,55,0.8461873638344226
vehicle,ga,1,56,0.8461873638344226
vehicle,ga,1,57,0.8461873638344226
vehicle,ga,1,58,0.8461873638344226
vehicle,ga,1,59,0.8461873638344226
vehicle,ga,1,60,0.8461873638344226
vehicle,ga,1,61,0.8461873638344226
vehicle,ga,1,62,0.8461873638344226
vehicle,ga,1,63,0.8461873638344226
vehicle,ga,1,64,0.8461873638344226
vehicle,ga,1,65,0.8461873638344226
vehicle,ga,1,66,0.8461873638344226
vehicle,ga,1,67,0.8461873638344226
vehicle,ga,1,68,0.8461873638344226
vehicle,ga,1,69,0.8506100217864925
vehicle,ga,1,70,0.8506100217864925
vehicle,ga,1,71,0.8506209150326797
vehicle,ga,1,72,0.8506209150326797
vehicle,ga,1,73,0.8506209150326797
vehicle,ga,1,74,0.8506209150326797
vehicle,ga,1,75,0.8506209150326797
vehicle,ga,1,76,0.8506209150326797
vehicle,ga,1,77,0.8506209150326797
vehicle,ga,1,78,0.8506209150326797
vehicle,ga,1,79,0.8506209150326797
vehicle,ga,1,80,0.8506209150326797
vehicle,ga,1,81,0.8506209150326797
vehicle,ga,1,82,0.8506209150326797
vehicle,ga,1,83,0.8506209150326797
vehicle,ga,1,84,0.8506209150326797
vehicle,ga,1,85,0.8506209150326797
vehicle,ga,1,86,0.8506209150326797
vehicle,ga,1,87,0.8506209150326797
vehicle,ga,1,88,0.8506209150326797
vehicle,ga,1,89,0.8506209150326797
vehicle,ga,1,90,0.8506209150326797
vehicle,ga,1,91,0.8506209150326797
vehicle,ga,1,92,0.8506209150326797
vehicle,ga,1,93,0.8506209150326797
vehicle,ga,1,94,0.8506209150326797
vehicle,ga,1,95,0.8506209150326797
vehicle,ga,1,96,0.8506209150326797
vehicle,ga,1,97,0.8506209150326797
vehicle,ga,1,98,0.8506209150326797
vehicle,ga,1,99,0.8506209150326797
vehicle,ga,1,100,0.8506209150326797
vehicle,grid,2,1,0.2870261437908497
vehicle,grid,2,2,0.2870261437908497
vehicle,grid,2,3,0.2899891067538126
vehicle,grid,2,4,0.2899891067538126
vehicle,grid,2,5,0.2914705882352941
vehicle,grid,2,6,0.3639978213507625
vehicle,grid,2,7,0.4261220043572985
vehicle,grid,2,8,0.4261220043572985
vehicle,grid,2,9,0.4261220043572985
vehicle,grid,2,10,0.4261220043572985
vehicle,grid,2,11,0.4261220043572985
vehicle,grid,2,12,0.4261220043572985
vehicle,grid,2,13,0.4261220043572985
vehicle,grid,2,14,0.4261220043572985
vehicle,grid,2,15,0.510359477124183
vehicle,grid,2,16,0.6227777777777778
vehicle,grid,2,17,0.661285403050109
vehicle,grid,2,18,0.661285403050109
vehicle,grid,2,19,0.661285403050109
vehicle,grid,2,20,0.661285403050109
vehicle,grid,2,21,0.661285403050109
vehicle,grid,2,22,0.661285403050109
vehicle,grid,2,23,0.661285403050109
vehicle,grid,2,24,0.661285403050109
vehicle,grid,2,25,0.6730827886710239
vehicle,grid,2,26,0.7441067538126361
vehicle,grid,2,27,0.766285403050109
vehicle,grid,2,28,0.766285403050109
vehicle,grid,2,29,0.766285403050109
vehicle,grid,2,30,0.766285403050109
vehicle,grid,2,31,0.766285403050109
vehicle,grid,2,32,0.766285403050109
vehicle,grid,2,33,0.766285403050109
vehicle,grid,2,34,0.766285403050109
vehicle,grid,2,35,0.766285403050109
vehicle,grid,2,36,0.8017647058823529
vehicle,grid,2,37,0.8017647058823529
vehicle,grid,2,38,0.8017647058823529
vehicle,grid,2,39,0.8017647058823529
vehicle,grid,2,40,0.8017647058823529
vehicle,grid,2,41,0.8017647058823529
vehicle,grid,2,42,0.8017647058823529
vehicle,grid,2,43,0.8017647058823529
vehicle,grid,2,44,0.8017647058823529
vehicle,grid,2,45,0.8062309368191721
vehicle,grid,2,46,0.8343464052287581
vehicle,grid,2,47,0.8343464052287581
vehicle,grid,2,48,0.8343464052287581
vehicle,grid,2,49,0.8343464052287581
vehicle,grid,2,50,0.8343464052287581
vehicle,grid,2,51,0.8343464052287581
vehicle,grid,2,52,0.8343464052287581
vehicle,grid,2,53,0.8343464052287581
vehicle,grid,2,54,0.8343464052287581
vehicle,grid,2,55,0.8343464052287581
vehicle,grid,2,56,0.8343464052287581
vehicle,grid,2,57,0.8343464052287581
vehicle,grid,2,58,0.8343464052287581
vehicle,grid,2,59,0.8343464052287581
vehicle,grid,2,60,0.8343464052287581
vehicle,grid,2,61,0.8343464052287581
vehicle,grid,2,62,0.8343464052287581
vehicle,grid,2,63,0.8343464052287581
vehicle,grid,2,64,0.8343464052287581
vehicle,grid,2,65,0.8343464052287581
vehicle,grid,2,66,0.8343464052287581
vehicle,grid,2,67,0.8343464052287581
vehicle,grid,2,68,0.8343464052287581
vehicle,grid,2,69,0.8343464052287581
vehicle,grid,2,70,0.8343464052287581
vehicle,grid,2,71,0.8343464052287581
vehicle,grid,2,72,0.8343464052287581
vehicle,grid,2,73,0.8343464052287581
vehicle,grid,2,74,0.8343464052287581
vehicle,grid,2,75,0.8357952069716774
vehicle,grid,2,76,0.8357952069716774
vehicle,grid,2,77,0.8357952069716774
vehicle,grid,2,78,0.8357952069716774
vehicle,grid,2,79,0.8357952069716774
vehicle,grid,2,80,0.8357952069716774
vehicle,grid,2,81,0.8357952069716774
vehicle,grid,2,82,0.8357952069716774
vehicle,grid,2,83,0.8357952069716774
vehicle,grid,2,84,0.8357952069716774
vehicle,grid,2,85,0.8357952069716774
vehicle,grid,2,86,0.8357952069716774
vehicle,grid,2,87,0.8357952069716774
vehicle,grid,2,88,0.8357952069716774
vehicle,grid,2,89,0.8357952069716774
vehicle,grid,2,90,0.8357952069716774
vehicle,grid,2,91,0.8357952069716774
vehicle,grid,2,92,0.8357952069716774
vehicle,grid,2,93,0.8357952069716774
vehicle,grid,2,94,0.847636165577342
vehicle,grid,2,95,0.847636165577342
vehicle,grid,2,96,0.847636165577342
vehicle,grid,2,97,0.847636165577342
vehicle,grid,2,98,0.847636165577342
vehicle,grid,2,99,0.847636165577342
vehicle,grid,2,100,0.847636165577342
vehicle,random,2,1,0.4038671023965141
vehicle,random,2,2,0.8254793028322439
vehicle,random,2,3,0.8254793028322439
vehicle,random,2,4,0.8254793028322439
vehicle,random,2,5,0.8254793028322439
vehicle,random,2,6,0.8269172113289761
vehicle,random,2,7,0.8269172113289761
vehicle,random,2,8,0.8269172113289761
vehicle,random,2,9,0.8299455337690631
vehicle,random,2,10,0.8299455337690631
vehicle,random,2,11,0.8299455337690631
vehicle,random,2,12,0.8299455337690631
vehicle,random,2,13,0.8299455337690631
vehicle,random,2,14,0.8299455337690631
vehicle,random,2,15,0.8299455337690631
vehicle,random,2,16,0.8299455337690631
vehicle,random,2,17,0.8313507625272332
vehicle,random,2,18,0.8313507625272332
vehicle,random,2,19,0.8313507625272332
vehicle,random,2,20,0.8313507625272332
vehicle,random,2,21,0.8313507625272332
vehicle,random,2,22,0.8313507625272332
vehicle,random,2,23,0.8313507625272332
vehicle,random,2,24,0.8313507625272332
vehicle,random,2,25,0.8313507625272332
vehicle,random,2,26,0.8313507625272332
vehicle,random,2,27,0.8313507625272332
vehicle,random,2,28,0.8313507625272332
vehicle,random,2,29,0.8313507625272332
vehicle,random,2,30,0.8313507625272332
vehicle,random,2,31,0.8313507625272332
vehicle,random,2,32,0.8313507625272332
vehicle,random,2,33,0.8313507625272332
vehicle,random,2,34,0.8313507625272332
vehicle,random,2,35,0.8373093681917212
vehicle,random,2,36,0.8373093681917212
vehicle,random,2,37,0.8373093681917212
vehicle,random,2,38,0.8373093681917212
vehicle,random,2,39,0.8373093681917212
vehicle,random,2,40,0.8373093681917212
vehicle,random,2,41,0.8373093681917212
vehicle,random,2,42,0.8373093681917212
vehicle,random,2,43,0.8373093681917212
vehicle,random,2,44,0.8373093681917212
vehicle,random,2,45,0.8373093681917212
vehicle,random,2,46,0.8373093681917212
vehicle,random,2,47,0.8373093681917212
vehicle,random,2,48,0.8373093681917212
vehicle,random,2,49,0.8373093681917212
vehicle,random,2,50,0.8373093681917212
vehicle,random,2,51,0.8373093681917212
vehicle,random,2,52,0.8373093681917212
vehicle,random,2,53,0.8373093681917212
vehicle,random,2,54,0.8373093681917212
vehicle,random,2,55,0.8373093681917212
vehicle,random,2,56,0.8373093681917212
vehicle,random,2,57,0.8373093681917212
vehicle,random,2,58,0.8373093681917212
vehicle,random,2,59,0.8373093681917212
vehicle,random,2,60,0.8387581699346406
vehicle,random,2,61,0.8387581699346406
vehicle,random,2,62,0.8387581699346406
vehicle,random,2,63,0.8387581699346406
vehicle,random,2,64,0.8387581699346406
vehicle,random,2,65,0.8387581699346406
vehicle,random,2,66,0.8387581699346406
vehicle,random,2,67,0.8387581699346406
vehicle,random,2,68,0.8417320261437908
vehicle,random,2,69,0.8417320261437908
vehicle,random,2,70,0.8417320261437908
vehicle,random,2,71,0.8417320261437908
vehicle,random,2,72,0.8417320261437908
vehicle,random,2,73,0.8417320261437908
vehicle,random,2,74,0.8417320261437908
vehicle,random,2,75,0.8417320261437908
vehicle,random,2,76,0.8417320261437908
vehicle,random,2,77,0.8417320261437908
vehicle,random,2,78,0.8417320261437908
vehicle,random,2,79,0.8417320261437908
vehicle,random,2,80,0.8417320261437908
vehicle,random,2,81,0.8417320261437908
vehicle,random,2,82,0.8417320261437908
vehicle,random,2,83,0.8417320261437908
vehicle,random,2,84,0.8417320261437908
vehicle,random,2,85,0.8417320261437908
vehicle,random,2,86,0.8417320261437908
vehicle,random,2,87,0.8417320261437908
vehicle,random,2,88,0.8417320261437908
vehicle,random,2,89,0.8417320261437908
vehicle,random,2,90,0.8417320261437908
vehicle,random,2,91,0.8417320261437908
vehicle,random,2,92,0.8417320261437908
vehicle,random,2,93,0.8417320261437908
vehicle,random,2,94,0.8417320261437908
vehicle,random,2,95,0.8417320261437908
vehicle,random,2,96,0.8417320261437908
vehicle,random,2,97,0.8417320261437908
vehicle,random,2,98,0.8417320261437908
vehicle,random,2,99,0.8417320261437908
vehicle,random,2,100,0.8417320261437908
vehicle,bo_tpe,2,1,0.4038671023965141
vehicle,bo_tpe,2,2,0.8254793028322439
vehicle,bo_tpe,2,3,0.8254793028322439
vehicle,bo_tpe,2,4,0.8254793028322439
vehicle,bo_tpe,2,5,0.8254793028322439
vehicle,bo_tpe,2,6,0.8269172113289761
vehicle,bo_tpe,2,7,0.8269172113289761
vehicle,bo_tpe,2,8,0.8269172113289761
vehicle,bo_tpe,2,9,0.8299455337690631
vehicle,bo_tpe,2,10,0.8299455337690631
vehicle,bo_tpe,2,11,0.8299455337690631
vehicle,bo_tpe,2,12,0.8299455337690631
vehicle,bo_tpe,2,13,0.8299455337690631
vehicle,bo_tpe,2,14,0.8372984749455338
vehicle,bo_tpe,2,15,0.8372984749455338
vehicle,bo_tpe,2,16,0.8372984749455338
vehicle,bo_tpe,2,17,0.8372984749455338
vehicle,bo_tpe,2,18,0.8372984749455338
vehicle,bo_tpe,2,19,0.8372984749455338
vehicle,bo_tpe,2,20,0.8372984749455338
vehicle,bo_tpe,2,21,0.8372984749455338
vehicle,bo_tpe,2,22,0.8372984749455338
vehicle,bo_tpe,2,23,0.8372984749455338
vehicle,bo_tpe,2,24,0.8372984749455338
vehicle,bo_tpe,2,25,0.8372984749455338
vehicle,bo_tpe,2,26,0.8372984749455338
vehicle,bo_tpe,2,27,0.8372984749455338
vehicle,bo_tpe,2,28,0.8372984749455338
vehicle,bo_tpe,2,29,0.8372984749455338
vehicle,bo_tpe,2,30,0.8372984749455338
vehicle,bo_tpe,2,31,0.8372984749455338
vehicle,bo_tpe,2,32,0.8372984749455338
vehicle,bo_tpe,2,33,0.8372984749455338
vehicle,bo_tpe,2,34,0.8372984749455338
vehicle,bo_tpe,2,35,0.8372984749455338
vehicle,bo_tpe,2,36,0.8372984749455338
vehicle,bo_tpe,2,37,0.8372984749455338
vehicle,bo_tpe,2,38,0.8372984749455338
vehicle,bo_tpe,2,39,0.8372984749455338
vehicle,bo_tpe,2,40,0.8372984749455338
vehicle,bo_tpe,2,41,0.8387472766884532
vehicle,bo_tpe,2,42,0.8387472766884532
vehicle,bo_tpe,2,43,0.8446623093681918
vehicle,bo_tpe,2,44,0.8446623093681918
vehicle,bo_tpe,2,45,0.8446623093681918
vehicle,bo_tpe,2,46,0.8446623093681918
vehicle,bo_tpe,2,47,0.8446623093681918
vehicle,bo_tpe,2,48,0.8446623093681918
vehicle,bo_tpe,2,49,0.8446623093681918
vehicle,bo_tpe,2,50,0.8446623093681918
vehicle,bo_tpe,2,51,0.8446623093681918
vehicle,bo_tpe,2,52,0.8446623093681918
vehicle,bo_tpe,2,53,0.8446623093681918
vehicle,bo_tpe,2,54,0.8446623093681918
vehicle,bo_tpe,2,55,0.8446623093681918
vehicle,bo_tpe,2,56,0.8446623093681918
vehicle,bo_tpe,2,57,0.8446623093681918
vehicle,bo_tpe,2,58,0.8446623093681918
vehicle,bo_tpe,2,59,0.8446623093681918
vehicle,bo_tpe,2,60,0.8446623093681918
vehicle,bo_tpe,2,61,0.8446623093681918
vehicle,bo_tpe,2,62,0.8446732026143791
vehicle,bo_tpe,2,63,0.8446732026143791
vehicle,bo_tpe,2,64,0.8461546840958605
vehicle,bo_tpe,2,65,0.8461546840958605
vehicle,bo_tpe,2,66,0.8461546840958605
vehicle,bo_tpe,2,67,0.8461546840958605
vehicle,bo_tpe,2,68,0.8461546840958605
vehicle,bo_tpe,2,69,0.8461546840958605
vehicle,bo_tpe,2,70,0.8461546840958605
vehicle,bo_tpe,2,71,0.8461546840958605
vehicle,bo_tpe,2,72,0.8461546840958605
vehicle,bo_tpe,2,73,0.8491067538126362
vehicle,bo_tpe,2,74,0.8491067538126362
vehicle,bo_tpe,2,75,0.8491067538126362
vehicle,bo_tpe,2,76,0.8491067538126362
vehicle,bo_tpe,2,77,0.8491067538126362
vehicle,bo_tpe,2,78,0.8491067538126362
vehicle,bo_tpe,2,79,0.8491067538126362
vehicle,bo_tpe,2,80,0.8491067538126362
vehicle,bo_tpe,2,81,0.8491067538126362
vehicle,bo_tpe,2,82,0.8491067538126362
vehicle,bo_tpe,2,83,0.8520697167755991
vehicle,bo_tpe,2,84,0.8520697167755991
vehicle,bo_tpe,2,85,0.8520697167755991
vehicle,bo_tpe,2,86,0.8520697167755991
vehicle,bo_tpe,2,87,0.8520697167755991
vehicle,bo_tpe,2,88,0.8520697167755991
vehicle,bo_tpe,2,89,0.8520697167755991
vehicle,bo_tpe,2,90,0.8520697167755991
vehicle,bo_tpe,2,91,0.8520697167755991
vehicle,bo_tpe,2,92,0.8520697167755991
vehicle,bo_tpe,2,93,0.8520697167755991
vehicle,bo_tpe,2,94,0.8520697167755991
vehicle,bo_tpe,2,95,0.8520697167755991
vehicle,bo_tpe,2,96,0.8520697167755991
vehicle,bo_tpe,2,97,0.8520697167755991
vehicle,bo_tpe,2,98,0.8520697167755991
vehicle,bo_tpe,2,99,0.8520697167755991
vehicle,bo_tpe,2,100,0.8520697167755991
vehicle,pso,2,1,0.8121786492374727
vehicle,pso,2,2,0.8150653594771242
vehicle,pso,2,3,0.8150653594771242
vehicle,pso,2,4,0.8150653594771242
vehicle,pso,2,5,0.8150653594771242
vehicle,pso,2,6,0.8150653594771242
vehicle,pso,2,7,0.8151742919389978
vehicle,pso,2,8,0.8151742919389978
vehicle,pso,2,9,0.8151742919389978
vehicle,pso,2,10,0.8151742919389978
vehicle,pso,2,11,0.8151742919389978
vehicle,pso,2,12,0.8151742919389978
vehicle,pso,2,13,0.8151742919389978
vehicle,pso,2,14,0.8151742919389978
vehicle,pso,2,15,0.8151742919389978
vehicle,pso,2,16,0.8151742919389978
vehicle,pso,2,17,0.8151742919389978
vehicle,pso,2,18,0.8151742919389978
vehicle,pso,2,19,0.8151742919389978
vehicle,pso,2,20,0.8151742919389978
vehicle,pso,2,21,0.8151742919389978
vehicle,pso,2,22,0.8372657952069718
vehicle,pso,2,23,0.8372657952069718
vehicle,pso,2,24,0.8372657952069718
vehicle,pso,2,25,0.8372657952069718
vehicle,pso,2,26,0.8373093681917212
vehicle,pso,2,27,0.8373093681917212
vehicle,pso,2,28,0.8373093681917212
vehicle,pso,2,29,0.8373093681917212
vehicle,pso,2,30,0.8373093681917212
vehicle,pso,2,31,0.8373093681917212
vehicle,pso,2,32,0.8373093681917212
vehicle,pso,2,33,0.8373093681917212
vehicle,pso,2,34,0.8373093681917212
vehicle,pso,2,35,0.8373093681917212
vehicle,pso,2,36,0.8373093681917212
vehicle,pso,2,37,0.8373093681917212
vehicle,pso,2,38,0.8373093681917212
vehicle,pso,2,39,0.8373093681917212
vehicle,pso,2,40,0.8373093681917212
vehicle,pso,2,41,0.8373093681917212
vehicle,pso,2,42,0.8373093681917212
vehicle,pso,2,43,0.8373093681917212
vehicle,pso,2,44,0.8373093681917212
vehicle,pso,2,45,0.841732026143791
vehicle,pso,2,46,0.841732026143791
vehicle,pso,2,47,0.841732026143791
vehicle,pso,2,48,0.841732026143791
vehicle,pso,2,49,0.841732026143791
vehicle,pso,2,50,0.841732026143791
vehicle,pso,2,51,0.841732026143791
vehicle,pso,2,52,0.841732026143791
vehicle,pso,2,53,0.841732026143791
vehicle,pso,2,54,0.841732026143791
vehicle,pso,2,55,0.841732026143791
vehicle,pso,2,56,0.841732026143791
vehicle,pso,2,57,0.841732026143791
vehicle,pso,2,58,0.841732026143791
vehicle,pso,2,59,0.841732026143791
vehicle,pso,2,60,0.841732026143791
vehicle,pso,2,61,0.841732026143791
vehicle,pso,2,62,0.841732026143791
vehicle,pso,2,63,0.841732026143791
vehicle,pso,2,64,0.841732026143791
vehicle,pso,2,65,0.841732026143791
vehicle,pso,2,66,0.841732026143791
vehicle,pso,2,67,0.841732026143791
vehicle,pso,2,68,0.841732026143791
vehicle,pso,2,69,0.841732026143791
vehicle,pso,2,70,0.841732026143791
vehicle,pso,2,71,0.841732026143791
vehicle,pso,2,72,0.841732026143791
vehicle,pso,2,73,0.841732026143791
vehicle,pso,2,74,0.841732026143791
vehicle,pso,2,75,0.841732026143791
vehicle,pso,2,76,0.841732026143791
vehicle,pso,2,77,0.841732026143791
vehicle,pso,2,78,0.841732026143791
vehicle,pso,2,79,0.841732026143791
vehicle,pso,2,80,0.841732026143791
vehicle,pso,2,81,0.841732026143791
vehicle,pso,2,82,0.841732026143791
vehicle,pso,2,83,0.841732026143791
vehicle,pso,2,84,0.841732026143791
vehicle,pso,2,85,0.841732026143791
vehicle,pso,2,86,0.841732026143791
vehicle,pso,2,87,0.841732026143791
vehicle,pso,2,88,0.841732026143791
vehicle,pso,2,89,0.841732026143791
vehicle,pso,2,90,0.841732026143791
vehicle,pso,2,91,0.841732026143791
vehicle,pso,2,92,0.841732026143791
vehicle,pso,2,93,0.841732026143791
vehicle,pso,2,94,0.841732026143791
vehicle,pso,2,95,0.841732026143791
vehicle,pso,2,96,0.841732026143791
vehicle,pso,2,97,0.841732026143791
vehicle,pso,2,98,0.841732026143791
vehicle,pso,2,99,0.841732026143791
vehicle,pso,2,100,0.841732026143791
vehicle,de,2,1,0.5296296296296297
vehicle,de,2,2,0.8002941176470587
vehicle,de,2,3,0.8002941176470587
vehicle,de,2,4,0.8002941176470587
vehicle,de,2,5,0.8002941176470587
vehicle,de,2,6,0.8002941176470587
vehicle,de,2,7,0.8032679738562092
vehicle,de,2,8,0.8210130718954248
vehicle,de,2,9,0.8210130718954248
vehicle,de,2,10,0.8210130718954248
vehicle,de,2,11,0.8210130718954248
vehicle,de,2,12,0.8210130718954248
vehicle,de,2,13,0.8210130718954248
vehicle,de,2,14,0.8210130718954248
vehicle,de,2,15,0.8210130718954248
vehicle,de,2,16,0.8210130718954248
vehicle,de,2,17,0.8210130718954248
vehicle,de,2,18,0.8254575163398693
vehicle,de,2,19,0.8254575163398693
vehicle,de,2,20,0.8372549019607843
vehicle,de,2,21,0.8372549019607843
vehicle,de,2,22,0.8372549019607843
vehicle,de,2,23,0.8372549019607843
vehicle,de,2,24,0.8372549019607843
vehicle,de,2,25,0.8372549019607843
vehicle,de,2,26,0.8372549019607843
vehicle,de,2,27,0.8372549019607843
vehicle,de,2,28,0.8372549019607843
vehicle,de,2,29,0.8372549019607843
vehicle,de,2,30,0.8372549019607843
vehicle,de,2,31,0.8372549019607843
vehicle,de,2,32,0.8372549019607843
vehicle,de,2,33,0.8372549019607843
vehicle,de,2,34,0.8387581699346406
vehicle,de,2,35,0.8387581699346406
vehicle,de,2,36,0.8387581699346406
vehicle,de,2,37,0.8387581699346406
vehicle,de,2,38,0.8387581699346406
vehicle,de,2,39,0.8387581699346406
vehicle,de,2,40,0.8387581699346406
vehicle,de,2,41,0.8387581699346406
vehicle,de,2,42,0.8387581699346406
vehicle,de,2,43,0.8387581699346406
vehicle,de,2,44,0.8387581699346406
vehicle,de,2,45,0.8387581699346406
vehicle,de,2,46,0.8387581699346406
vehicle,de,2,47,0.8387581699346406
vehicle,de,2,48,0.8387581699346406
vehicle,de,2,49,0.8387581699346406
vehicle,de,2,50,0.8387581699346406
vehicle,de,2,51,0.8387581699346406
vehicle,de,2,52,0.8387581699346406
vehicle,de,2,53,0.8387581699346406
vehicle,de,2,54,0.8387581699346406
vehicle,de,2,55,0.8387581699346406
vehicle,de,2,56,0.8387581699346406
vehicle,de,2,57,0.8387581699346406
vehicle,de,2,58,0.8387581699346406
vehicle,de,2,59,0.8387581699346406
vehicle,de,2,60,0.8387581699346406
vehicle,de,2,61,0.8387581699346406
vehicle,de,2,62,0.8387581699346406
vehicle,de,2,63,0.8387581699346406
vehicle,de,2,64,0.8387581699346406
vehicle,de,2,65,0.8387581699346406
vehicle,de,2,66,0.8387581699346406
vehicle,de,2,67,0.8387581699346406
vehicle,de,2,68,0.8387581699346406
vehicle,de,2,69,0.8387581699346406
vehicle,de,2,70,0.8387581699346406
vehicle,de,2,71,0.8387581699346406
vehicle,de,2,72,0.8387581699346406
vehicle,de,2,73,0.8387581699346406
vehicle,de,2,74,0.8387581699346406
vehicle,de,2,75,0.8387581699346406
vehicle,de,2,76,0.8387581699346406
vehicle,de,2,77,0.8387581699346406
vehicle,de,2,78,0.8387581699346406
vehicle,de,2,79,0.8387581699346406
vehicle,de,2,80,0.8387581699346406
vehicle,de,2,81,0.8387581699346406
vehicle,de,2,82,0.8387581699346406
vehicle,de,2,83,0.8387581699346406
vehicle,de,2,84,0.8387581699346406
vehicle,de,2,85,0.8387581699346406
vehicle,de,2,86,0.8387581699346406
vehicle,de,2,87,0.8387581699346406
vehicle,de,2,88,0.8387581699346406
vehicle,de,2,89,0.8387581699346406
vehicle,de,2,90,0.8387581699346406
vehicle,de,2,91,0.8387581699346406
vehicle,de,2,92,0.8387581699346406
vehicle,de,2,93,0.8387581699346406
vehicle,de,2,94,0.8387581699346406
vehicle,de,2,95,0.8387581699346406
vehicle,de,2,96,0.8387581699346406
vehicle,de,2,97,0.8387581699346406
vehicle,de,2,98,0.8387581699346406
vehicle,de,2,99,0.8387581699346406
vehicle,de,2,100,0.8387581699346406
vehicle,ga,2,1,0.5296296296296297
vehicle,ga,2,2,0.8002941176470587
vehicle,ga,2,3,0.8002941176470587
vehicle,ga,2,4,0.8002941176470587
vehicle,ga,2,5,0.8002941176470587
vehicle,ga,2,6,0.8002941176470587
vehicle,ga,2,7,0.8032679738562092
vehicle,ga,2,8,0.8210130718954248
vehicle,ga,2,9,0.8210130718954248
vehicle,ga,2,10,0.8210130718954248
vehicle,ga,2,11,0.8210130718954248
vehicle,ga,2,12,0.8210130718954248
vehicle,ga,2,13,0.8210130718954248
vehicle,ga,2,14,0.8210130718954248
vehicle,ga,2,15,0.8210130718954248
vehicle,ga,2,16,0.8210130718954248
vehicle,ga,2,17,0.8210130718954248
vehicle,ga,2,18,0.8254575163398693
vehicle,ga,2,19,0.8254575163398693
vehicle,ga,2,20,0.8372549019607843
vehicle,ga,2,21,0.8372549019607843
vehicle,ga,2,22,0.8372549019607843
vehicle,ga,2,23,0.8372549019607843
vehicle,ga,2,24,0.8461546840958606
vehicle,ga,2,25,0.8461546840958606
vehicle,ga,2,26,0.8461546840958606
vehicle,ga,2,27,0.8461546840958606
vehicle,ga,2,28,0.8461546840958606
vehicle,ga,2,29,0.8461546840958606
vehicle,ga,2,30,0.8461546840958606
vehicle,ga,2,31,0.8461546840958606
vehicle,ga,2,32,0.8461546840958606
vehicle,ga,2,33,0.8461546840958606
vehicle,ga,2,34,0.8461546840958606
vehicle,ga,2,35,0.8461546840958606
vehicle,ga,2,36,0.8461546840958606
vehicle,ga,2,37,0.8461546840958606
vehicle,ga,2,38,0.8461546840958606
vehicle,ga,2,39,0.8461546840958606
vehicle,ga,2,40,0.8461546840958606
vehicle,ga,2,41,0.8461546840958606
vehicle,ga,2,42,0.8461546840958606
vehicle,ga,2,43,0.8461546840958606
vehicle,ga,2,44,0.8476252723311546
vehicle,ga,2,45,0.8476252723311546
vehicle,ga,2,46,0.8476252723311546
vehicle,ga,2,47,0.8476252723311546
vehicle,ga,2,48,0.8476252723311546
vehicle,ga,2,49,0.8476252723311546
vehicle,ga,2,50,0.8476252723311546
vehicle,ga,2,51,0.8476252723311546
vehicle,ga,2,52,0.8476252723311546
vehicle,ga,2,53,0.8476252723311546
vehicle,ga,2,54,0.8476252723311546
vehicle,ga,2,55,0.8476252723311546
vehicle,ga,2,56,0.8476252723311546
vehicle,ga,2,57,0.8476252723311546
vehicle,ga,2,58,0.8476252723311546
vehicle,ga,2,59,0.8476252723311546
vehicle,ga,2,60,0.8476252723311546
vehicle,ga,2,61,0.8476252723311546
vehicle,ga,2,62,0.8476252723311546
vehicle,ga,2,63,0.8476252723311546
vehicle,ga,2,64,0.8476252723311546
vehicle,ga,2,65,0.8476252723311546
vehicle,ga,2,66,0.8476252723311546
vehicle,ga,2,67,0.8476252723311546
vehicle,ga,2,68,0.8476252723311546
vehicle,ga,2,69,0.8476252723311546
vehicle,ga,2,70,0.8476252723311546
vehicle,ga,2,71,0.8476252723311546
vehicle,ga,2,72,0.8476252723311546
vehicle,ga,2,73,0.8476252723311546
vehicle,ga,2,74,0.8476252723311546
vehicle,ga,2,75,0.8476252723311546
vehicle,ga,2,76,0.8476252723311546
vehicle,ga,2,77,0.8476252723311546
vehicle,ga,2,78,0.8476252723311546
vehicle,ga,2,79,0.8476252723311546
vehicle,ga,2,80,0.8476252723311546
vehicle,ga,2,81,0.8476252723311546
vehicle,ga,2,82,0.8476252723311546
vehicle,ga,2,83,0.8476252723311546
vehicle,ga,2,84,0.8476252723311546
vehicle,ga,2,85,0.8476252723311546
vehicle,ga,2,86,0.8476252723311546
vehicle,ga,2,87,0.8476252723311546
vehicle,ga,2,88,0.8476252723311546
vehicle,ga,2,89,0.8476252723311546
vehicle,ga,2,90,0.8476252723311546
vehicle,ga,2,91,0.8476252723311546
vehicle,ga,2,92,0.8476252723311546
vehicle,ga,2,93,0.8476252723311546
vehicle,ga,2,94,0.8476252723311546
vehicle,ga,2,95,0.8476252723311546
vehicle,ga,2,96,0.8476252723311546
vehicle,ga,2,97,0.8476252723311546
vehicle,ga,2,98,0.8476252723311546
vehicle,ga,2,99,0.8476252723311546
vehicle,ga,2,100,0.8476252723311546
vehicle,grid,3,1,0.2929520697167756
vehicle,grid,3,2,0.2929520697167756
vehicle,grid,3,3,0.29739651416122
vehicle,grid,3,4,0.3018409586056644
vehicle,grid,3,5,0.3018409586056644
vehicle,grid,3,6,0.3727777777777777
vehicle,grid,3,7,0.4186492374727669
vehicle,grid,3,8,0.4186492374727669
vehicle,grid,3,9,0.4186492374727669
vehicle,grid,3,10,0.4186492374727669
vehicle,grid,3,11,0.4186492374727669
vehicle,grid,3,12,0.4186492374727669
vehicle,grid,3,13,0.4186492374727669
vehicle,grid,3,14,0.4186492374727669
vehicle,grid,3,15,0.4910566448801742
vehicle,grid,3,16,0.6597058823529411
vehicle,grid,3,17,0.6848474945533769
vehicle,grid,3,18,0.6848474945533769
vehicle,grid,3,19,0.6848474945533769
vehicle,grid,3,20,0.6848474945533769
vehicle,grid,3,21,0.6848474945533769
vehicle,grid,3,22,0.6848474945533769
vehicle,grid,3,23,0.6848474945533769
vehicle,grid,3,24,0.6848474945533769
vehicle,grid,3,25,0.6952178649237473
vehicle,grid,3,26,0.744041394335512
vehicle,grid,3,27,0.7499782135076252
vehicle,grid,3,28,0.7499782135076252
vehicle,grid,3,29,0.7499782135076252
vehicle,grid,3,30,0.7499782135076252
vehicle,grid,3,31,0.7499782135076252
vehicle,grid,3,32,0.7499782135076252
vehicle,grid,3,33,0.7499782135076252
vehicle,grid,3,34,0.7499782135076252
vehicle,grid,3,35,0.7706535947712418
vehicle,grid,3,36,0.7899237472766885
vehicle,grid,3,37,0.7899237472766885
vehicle,grid,3,38,0.7899237472766885
vehicle,grid,3,39,0.7899237472766885
vehicle,grid,3,40,0.7899237472766885
vehicle,grid,3,41,0.7899237472766885
vehicle,grid,3,42,0.7899237472766885
vehicle,grid,3,43,0.7899237472766885
vehicle,grid,3,44,0.7899237472766885
vehicle,grid,3,45,0.8091285403050108
vehicle,grid,3,46,0.8283660130718955
vehicle,grid,3,47,0.8283660130718955
vehicle,grid,3,48,0.8283660130718955
vehicle,grid,3,49,0.8283660130718955
vehicle,grid,3,50,0.8283660130718955
vehicle,grid,3,51,0.8283660130718955
vehicle,grid,3,52,0.8283660130718955
vehicle,grid,3,53,0.8283660130718955
vehicle,grid,3,54,0.8283660130718955
vehicle,grid,3,55,0.8313180827886711
vehicle,grid,3,56,0.8342701525054466
vehicle,grid,3,57,0.8342701525054466
vehicle,grid,3,58,0.8342701525054466
vehicle,grid,3,59,0.8342701525054466
vehicle,grid,3,60,0.8342701525054466
vehicle,grid,3,61,0.8342701525054466
vehicle,grid,3,62,0.8342701525054466
vehicle,grid,3,63,0.8342701525054466
vehicle,grid,3,64,0.8342701525054466
vehicle,grid,3,65,0.8401742919389978
vehicle,grid,3,66,0.8401742919389978
vehicle,grid,3,67,0.8401742919389978
vehicle,grid,3,68,0.8401742919389978
vehicle,grid,3,69,0.8401742919389978
vehicle,grid,3,70,0.8401742919389978
vehicle,grid,3,71,0.8401742919389978
vehicle,grid,3,72,0.8401742919389978
vehicle,grid,3,73,0.8401742919389978
vehicle,grid,3,74,0.8401742919389978
vehicle,grid,3,75,0.8401742919389978
vehicle,grid,3,76,0.8401742919389978
vehicle,grid,3,77,0.8401742919389978
vehicle,grid,3,78,0.8401742919389978
vehicle,grid,3,79,0.8401742919389978
vehicle,grid,3,80,0.8401742919389978
vehicle,grid,3,81,0.8401742919389978
vehicle,grid,3,82,0.8401742919389978
vehicle,grid,3,83,0.8401742919389978
vehicle,grid,3,84,0.8401742919389978
vehicle,grid,3,85,0.8401742919389978
vehicle,grid,3,86,0.8401742919389978
vehicle,grid,3,87,0.8401742919389978
vehicle,grid,3,88,0.8401742919389978
vehicle,grid,3,89,0.8401742919389978
vehicle,grid,3,90,0.8401742919389978
vehicle,grid,3,91,0.8401742919389978
vehicle,grid,3,92,0.8401742919389978
vehicle,grid,3,93,0.8401742919389978
vehicle,grid,3,94,0.8401742919389978
vehicle,grid,3,95,0.8401742919389978
vehicle,grid,3,96,0.8401742919389978
vehicle,grid,3,97,0.8401742919389978
vehicle,grid,3,98,0.8401742919389978
vehicle,grid,3,99,0.8401742919389978
vehicle,grid,3,100,0.8401742919389978
vehicle,random,3,1,0.7662418300653594
vehicle,random,3,2,0.7662418300653594
vehicle,random,3,3,0.7662418300653594
vehicle,random,3,4,0.7662418300653594
vehicle,random,3,5,0.7662418300653594
vehicle,random,3,6,0.7662418300653594
vehicle,random,3,7,0.8180501089324619
vehicle,random,3,8,0.8180501089324619
vehicle,random,3,9,0.8180501089324619
vehicle,random,3,10,0.8180501089324619
vehicle,random,3,11,0.8180501089324619
vehicle,random,3,12,0.8180501089324619
vehicle,random,3,13,0.8180501089324619
vehicle,random,3,14,0.8180501089324619
vehicle,random,3,15,0.8180501089324619
vehicle,random,3,16,0.8180501089324619
vehicle,random,3,17,0.8180501089324619
vehicle,random,3,18,0.8180501089324619
vehicle,random,3,19,0.8268845315904139
vehicle,random,3,20,0.8268845315904139
vehicle,random,3,21,0.8268845315904139
vehicle,random,3,22,0.8268845315904139
vehicle,random,3,23,0.8268845315904139
vehicle,random,3,24,0.8268845315904139
vehicle,random,3,25,0.8268845315904139
vehicle,random,3,26,0.8268845315904139
vehicle,random,3,27,0.8268845315904139
vehicle,random,3,28,0.8268845315904139
vehicle,random,3,29,0.8268845315904139
vehicle,random,3,30,0.8268845315904139
vehicle,random,3,31,0.8268845315904139
vehicle,random,3,32,0.8268845315904139
vehicle,random,3,33,0.8268845315904139
vehicle,random,3,34,0.8268845315904139
vehicle,random,3,35,0.838769063180828
vehicle,random,3,36,0.838769063180828
vehicle,random,3,37,0.838769063180828
vehicle,random,3,38,0.838769063180828
vehicle,random,3,39,0.838769063180828
vehicle,random,3,40,0.838769063180828
vehicle,random,3,41,0.838769063180828
vehicle,random,3,42,0.838769063180828
vehicle,random,3,43,0.838769063180828
vehicle,random,3,44,0.838769063180828
vehicle,random,3,45,0.838769063180828
vehicle,random,3,46,0.838769063180828
vehicle,random,3,47,0.838769063180828
vehicle,random,3,48,0.838769063180828
vehicle,random,3,49,0.838769063180828
vehicle,random,3,50,0.838769063180828
vehicle,random,3,51,0.838769063180828
vehicle,random,3,52,0.838769063180828
vehicle,random,3,53,0.838769063180828
vehicle,random,3,54,0.838769063180828
vehicle,random,3,55,0.838769063180828
vehicle,random,3,56,0.838769063180828
vehicle,random,3,57,0.838769063180828
vehicle,random,3,58,0.838769063180828
vehicle,random,3,59,0.838769063180828
vehicle,random,3,60,0.838769063180828
vehicle,random,3,61,0.838769063180828
vehicle,random,3,62,0.838769063180828
vehicle,random,3,63,0.838769063180828
vehicle,random,3,64,0.838769063180828
vehicle,random,3,65,0.838769063180828
vehicle,random,3,66,0.838769063180828
vehicle,random,3,67,0.838769063180828
vehicle,random,3,68,0.838769063180828
vehicle,random,3,69,0.838769063180828
vehicle,random,3,70,0.838769063180828
vehicle,random,3,71,0.838769063180828
vehicle,random,3,72,0.838769063180828
vehicle,random,3,73,0.838769063180828
vehicle,random,3,74,0.838769063180828
vehicle,random,3,75,0.838769063180828
vehicle,random,3,76,0.838769063180828
vehicle,random,3,77,0.838769063180828
vehicle,random,3,78,0.838769063180828
vehicle,random,3,79,0.838769063180828
vehicle,random,3,80,0.838769063180828
vehicle,random,3,81,0.838769063180828
vehicle,random,3,82,0.838769063180828
vehicle,random,3,83,0.838769063180828
vehicle,random,3,84,0.838769063180828
vehicle,random,3,85,0.838769063180828
vehicle,random,3,86,0.838769063180828
vehicle,random,3,87,0.838769063180828
vehicle,random,3,88,0.838769063180828
vehicle,random,3,89,0.838769063180828
vehicle,random,3,90,0.838769063180828
vehicle,random,3,91,0.838769063180828
vehicle,random,3,92,0.838769063180828
vehicle,random,3,93,0.838769063180828
vehicle,random,3,94,0.838769063180828
vehicle,random,3,95,0.838769063180828
vehicle,random,3,96,0.838769063180828
vehicle,random,3,97,0.838769063180828
vehicle,random,3,98,0.838769063180828
vehicle,random,3,99,0.838769063180828
vehicle,random,3,100,0.838769063180828
vehicle,bo_tpe,3,1,0.7662418300653594
vehicle,bo_tpe,3,2,0.7662418300653594
vehicle,bo_tpe,3,3,0.7662418300653594
vehicle,bo_tpe,3,4,0.7662418300653594
vehicle,bo_tpe,3,5,0.7662418300653594
vehicle,bo_tpe,3,6,0.7662418300653594
vehicle,bo_tpe,3,7,0.8180501089324619
vehicle,bo_tpe,3,8,0.8180501089324619
vehicle,bo_tpe,3,9,0.8180501089324619
vehicle,bo_tpe,3,10,0.8180501089324619
vehicle,bo_tpe,3,11,0.8180501089324619
vehicle,bo_tpe,3,12,0.8180501089324619
vehicle,bo_tpe,3,13,0.8180501089324619
vehicle,bo_tpe,3,14,0.8180501089324619
vehicle,bo_tpe,3,15,0.8180501089324619
vehicle,bo_tpe,3,16,0.8180501089324619
vehicle,bo_tpe,3,17,0.8180501089324619
vehicle,bo_tpe,3,18,0.8343028322440087
vehicle,bo_tpe,3,19,0.8343028322440087
vehicle,bo_tpe,3,20,0.835751633986928
vehicle,bo_tpe,3,21,0.835751633986928
vehicle,bo_tpe,3,22,0.835751633986928
vehicle,bo_tpe,3,23,0.835751633986928
vehicle,bo_tpe,3,24,0.835751633986928
vehicle,bo_tpe,3,25,0.835751633986928
vehicle,bo_tpe,3,26,0.835751633986928
vehicle,bo_tpe,3,27,0.835751633986928
vehicle,bo_tpe,3,28,0.835751633986928
vehicle,bo_tpe,3,29,0.835751633986928
vehicle,bo_tpe,3,30,0.835751633986928
vehicle,bo_tpe,3,31,0.835751633986928
vehicle,bo_tpe,3,32,0.835751633986928
vehicle,bo_tpe,3,33,0.835751633986928
vehicle,bo_tpe,3,34,0.835751633986928
vehicle,bo_tpe,3,35,0.835751633986928
vehicle,bo_tpe,3,36,0.835751633986928
vehicle,bo_tpe,3,37,0.835751633986928
vehicle,bo_tpe,3,38,0.835751633986928
vehicle,bo_tpe,3,39,0.835751633986928
vehicle,bo_tpe,3,40,0.835751633986928
vehicle,bo_tpe,3,41,0.835751633986928
vehicle,bo_tpe,3,42,0.835751633986928
vehicle,bo_tpe,3,43,0.8357516339869282
vehicle,bo_tpe,3,44,0.8357516339869282
vehicle,bo_tpe,3,45,0.838714596949891
vehicle,bo_tpe,3,46,0.838714596949891
vehicle,bo_tpe,3,47,0.838714596949891
vehicle,bo_tpe,3,48,0.838714596949891
vehicle,bo_tpe,3,49,0.838714596949891
vehicle,bo_tpe,3,50,0.838714596949891
vehicle,bo_tpe,3,51,0.838714596949891
vehicle,bo_tpe,3,52,0.841677559912854
vehicle,bo_tpe,3,53,0.841677559912854
vehicle,bo_tpe,3,54,0.841677559912854
vehicle,bo_tpe,3,55,0.841677559912854
vehicle,bo_tpe,3,56,0.841677559912854
vehicle,bo_tpe,3,57,0.841677559912854
vehicle,bo_tpe,3,58,0.841677559912854
vehicle,bo_tpe,3,59,0.8431808278867102
vehicle,bo_tpe,3,60,0.8431808278867102
vehicle,bo_tpe,3,61,0.8431808278867102
vehicle,bo_tpe,3,62,0.8431808278867102
vehicle,bo_tpe,3,63,0.8431808278867102
vehicle,bo_tpe,3,64,0.8431808278867102
vehicle,bo_tpe,3,65,0.8431808278867102
vehicle,bo_tpe,3,66,0.8431808278867102
vehicle,bo_tpe,3,67,0.8431808278867102
vehicle,bo_tpe,3,68,0.8431808278867102
vehicle,bo_tpe,3,69,0.8431808278867102
vehicle,bo_tpe,3,70,0.8431808278867102
vehicle,bo_tpe,3,71,0.8431808278867102
vehicle,bo_tpe,3,72,0.8431808278867102
vehicle,bo_tpe,3,73,0.8431808278867102
vehicle,bo_tpe,3,74,0.8431808278867102
vehicle,bo_tpe,3,75,0.8431808278867102
vehicle,bo_tpe,3,76,0.8431808278867102
vehicle,bo_tpe,3,77,0.8431808278867102
vehicle,bo_tpe,3,78,0.8431808278867102
vehicle,bo_tpe,3,79,0.8431808278867102
vehicle,bo_tpe,3,80,0.8431808278867102
vehicle,bo_tpe,3,81,0.8431808278867102
vehicle,bo_tpe,3,82,0.8431808278867102
vehicle,bo_tpe,3,83,0.8431808278867102
vehicle,bo_tpe,3,84,0.8431808278867102
vehicle,bo_tpe,3,85,0.8431808278867102
vehicle,bo_tpe,3,86,0.8431808278867102
vehicle,bo_tpe,3,87,0.8431808278867102
vehicle,bo_tpe,3,88,0.8431808278867102
vehicle,bo_tpe,3,89,0.8431808278867102
vehicle,bo_tpe,3,90,0.8431808278867102
vehicle,bo_tpe,3,91,0.8431808278867102
vehicle,bo_tpe,3,92,0.8431808278867102
vehicle,bo_tpe,3,93,0.8431808278867102
vehicle,bo_tpe,3,94,0.8431808278867102
vehicle,bo_tpe,3,95,0.8431808278867102
vehicle,bo_tpe,3,96,0.8431808278867102
vehicle,bo_tpe,3,97,0.8431808278867102
vehicle,bo_tpe,3,98,0.8431808278867102
vehicle,bo_tpe,3,99,0.8431808278867102
vehicle,bo_tpe,3,100,0.8431808278867102
vehicle,pso,3,1,0.3298474945533769
vehicle,pso,3,2,0.7292374727668846
vehicle,pso,3,3,0.7292374727668846
vehicle,pso,3,4,0.7292374727668846
vehicle,pso,3,5,0.8357407407407408
vehicle,pso,3,6,0.8357407407407408
vehicle,pso,3,7,0.8357407407407408
vehicle,pso,3,8,0.8357407407407408
vehicle,pso,3,9,0.8357407407407408
vehicle,pso,3,10,0.8357625272331155
vehicle,pso,3,11,0.8357625272331155
vehicle,pso,3,12,0.8357625272331155
vehicle,pso,3,13,0.8357625272331155
vehicle,pso,3,14,0.8357625272331155
vehicle,pso,3,15,0.8357625272331155
vehicle,pso,3,16,0.8357625272331155
vehicle,pso,3,17,0.8357625272331155
vehicle,pso,3,18,0.8357625272331155
vehicle,pso,3,19,0.8387145969498911
vehicle,pso,3,20,0.8387145969498911
vehicle,pso,3,21,0.8387145969498911
vehicle,pso,3,22,0.8387145969498911
vehicle,pso,3,23,0.8387145969498911
vehicle,pso,3,24,0.8387145969498911
vehicle,pso,3,25,0.8387145969498911
vehicle,pso,3,26,0.8387145969498911
vehicle,pso,3,27,0.8387145969498911
vehicle,pso,3,28,0.8387145969498911
vehicle,pso,3,29,0.8387145969498911
vehicle,pso,3,30,0.8387145969498911
vehicle,pso,3,31,0.8446296296296296
vehicle,pso,3,32,0.8446296296296296
vehicle,pso,3,33,0.8446296296296296
vehicle,pso,3,34,0.8446296296296296
vehicle,pso,3,35,0.8446296296296296
vehicle,pso,3,36,0.8446296296296296
vehicle,pso,3,37,0.8446296296296296
vehicle,pso,3,38,0.8446296296296296
vehicle,pso,3,39,0.8446296296296296
vehicle,pso,3,40,0.8446296296296296
vehicle,pso,3,41,0.8446296296296296
vehicle,pso,3,42,0.8446296296296296
vehicle,pso,3,43,0.8446296296296296
vehicle,pso,3,44,0.8446296296296296
vehicle,pso,3,45,0.8446296296296296
vehicle,pso,3,46,0.8446296296296296
vehicle,pso,3,47,0.8446296296296296
vehicle,pso,3,48,0.8446296296296296
vehicle,pso,3,49,0.8446296296296296
vehicle,pso,3,50,0.8446296296296296
vehicle,pso,3,51,0.8446296296296296
vehicle,pso,3,52,0.8446296296296296
vehicle,pso,3,53,0.8446296296296296
vehicle,pso,3,54,0.8446296296296296
vehicle,pso,3,55,0.8446296296296296
vehicle,pso,3,56,0.8446296296296296
vehicle,pso,3,57,0.8446296296296296
vehicle,pso,3,58,0.8446296296296296
vehicle,pso,3,59,0.8446296296296296
vehicle,pso,3,60,0.8446296296296296
vehicle,pso,3,61,0.8446296296296296
vehicle,pso,3,62,0.8446296296296296
vehicle,pso,3,63,0.8446296296296296
vehicle,pso,3,64,0.8446296296296296
vehicle,pso,3,65,0.8446296296296296
vehicle,pso,3,66,0.8446296296296296
vehicle,pso,3,67,0.8446296296296296
vehicle,pso,3,68,0.8446296296296296
vehicle,pso,3,69,0.8446296296296296
vehicle,pso,3,70,0.8446296296296296
vehicle,pso,3,71,0.8446296296296296
vehicle,pso,3,72,0.8446296296296296
vehicle,pso,3,73,0.8446296296296296
vehicle,pso,3,74,0.8446296296296296
vehicle,pso,3,75,0.8446296296296296
vehicle,pso,3,76,0.8446296296296296
vehicle,pso,3,77,0.8446296296296296
vehicle,pso,3,78,0.8446296296296296
vehicle,pso,3,79,0.8446296296296296
vehicle,pso,3,80,0.8446296296296296
vehicle,pso,3,81,0.8446296296296296
vehicle,pso,3,82,0.8446296296296296
vehicle,pso,3,83,0.8446296296296296
vehicle,pso,3,84,0.8446296296296296
vehicle,pso,3,85,0.8446296296296296
vehicle,pso,3,86,0.8446296296296296
vehicle,pso,3,87,0.8446296296296296
vehicle,pso,3,88,0.8446296296296296
vehicle,pso,3,89,0.8446296296296296
vehicle,pso,3,90,0.8446296296296296
vehicle,pso,3,91,0.8446296296296296
vehicle,pso,3,92,0.8446296296296296
vehicle,pso,3,93,0.8446296296296296
vehicle,pso,3,94,0.8446296296296296
vehicle,pso,3,95,0.8446296296296296
vehicle,pso,3,96,0.8446296296296296
vehicle,pso,3,97,0.8461220043572986
vehicle,pso,3,98,0.8461220043572986
vehicle,pso,3,99,0.8461220043572986
vehicle,pso,3,100,0.8461220043572986
vehicle,de,3,1,0.29739651416122
vehicle,de,3,2,0.8209803921568628
vehicle,de,3,3,0.8209803921568628
vehicle,de,3,4,0.8209803921568628
vehicle,de,3,5,0.8209803921568628
vehicle,de,3,6,0.8209803921568628
vehicle,de,3,7,0.8209803921568628
vehicle,de,3,8,0.8209803921568628
vehicle,de,3,9,0.8209803921568628
vehicle,de,3,10,0.8269172113289761
vehicle,de,3,11,0.8269172113289761
vehicle,de,3,12,0.8269172113289761
vehicle,de,3,13,0.8269172113289761
vehicle,de,3,14,0.8269172113289761
vehicle,de,3,15,0.8269172113289761
vehicle,de,3,16,0.8269172113289761
vehicle,de,3,17,0.8269172113289761
vehicle,de,3,18,0.8269172113289761
vehicle,de,3,19,0.8269172113289761
vehicle,de,3,20,0.8269172113289761
vehicle,de,3,21,0.8269172113289761
vehicle,de,3,22,0.8269172113289761
vehicle,de,3,23,0.8269172113289761
vehicle,de,3,24,0.8269172113289761
vehicle,de,3,25,0.8269172113289761
vehicle,de,3,26,0.8269172113289761
vehicle,de,3,27,0.8269172113289761
vehicle,de,3,28,0.8269172113289761
vehicle,de,3,29,0.8269172113289761
vehicle,de,3,30,0.8269172113289761
vehicle,de,3,31,0.8269172113289761
vehicle,de,3,32,0.8269172113289761
vehicle,de,3,33,0.8269172113289761
vehicle,de,3,34,0.8269172113289761
vehicle,de,3,35,0.8269172113289761
vehicle,de,3,36,0.8269172113289761
vehicle,de,3,37,0.8269172113289761
vehicle,de,3,38,0.8269172113289761
vehicle,de,3,39,0.8269172113289761
vehicle,de,3,40,0.8313507625272332
vehicle,de,3,41,0.8313507625272332
vehicle,de,3,42,0.8313616557734205
vehicle,de,3,43,0.8313616557734205
vehicle,de,3,44,0.8313616557734205
vehicle,de,3,45,0.8313616557734205
vehicle,de,3,46,0.8313616557734205
vehicle,de,3,47,0.8313616557734205
vehicle,de,3,48,0.8313616557734205
vehicle,de,3,49,0.8313616557734205
vehicle,de,3,50,0.8313616557734205
vehicle,de,3,51,0.8313616557734205
vehicle,de,3,52,0.8313616557734205
vehicle,de,3,53,0.8313616557734205
vehicle,de,3,54,0.8313616557734205
vehicle,de,3,55,0.8313616557734205
vehicle,de,3,56,0.8313616557734205
vehicle,de,3,57,0.8313616557734205
vehicle,de,3,58,0.8313616557734205
vehicle,de,3,59,0.8313616557734205
vehicle,de,3,60,0.8313616557734205
vehicle,de,3,61,0.8313616557734205
vehicle,de,3,62,0.8313616557734205
vehicle,de,3,63,0.8372440087145969
vehicle,de,3,64,0.8372440087145969
vehicle,de,3,65,0.8401960784313726
vehicle,de,3,66,0.8401960784313726
vehicle,de,3,67,0.8401960784313726
vehicle,de,3,68,0.8401960784313726
vehicle,de,3,69,0.8401960784313726
vehicle,de,3,70,0.8401960784313726
vehicle,de,3,71,0.8401960784313726
vehicle,de,3,72,0.8401960784313726
vehicle,de,3,73,0.8401960784313726
vehicle,de,3,74,0.8401960784313726
vehicle,de,3,75,0.8401960784313726
vehicle,de,3,76,0.8401960784313726
vehicle,de,3,77,0.8401960784313726
vehicle,de,3,78,0.8401960784313726
vehicle,de,3,79,0.8401960784313726
vehicle,de,3,80,0.8401960784313726
vehicle,de,3,81,0.8401960784313726
vehicle,de,3,82,0.8401960784313726
vehicle,de,3,83,0.8401960784313726
vehicle,de,3,84,0.8401960784313726
vehicle,de,3,85,0.8401960784313726
vehicle,de,3,86,0.8401960784313726
vehicle,de,3,87,0.8401960784313726
vehicle,de,3,88,0.8401960784313726
vehicle,de,3,89,0.8401960784313726
vehicle,de,3,90,0.8401960784313726
vehicle,de,3,91,0.8401960784313726
vehicle,de,3,92,0.8401960784313726
vehicle,de,3,93,0.8401960784313726
vehicle,de,3,94,0.8401960784313726
vehicle,de,3,95,0.8401960784313726
vehicle,de,3,96,0.8401960784313726
vehicle,de,3,97,0.8401960784313726
vehicle,de,3,98,0.8416666666666666
vehicle,de,3,99,0.8416666666666666
vehicle,de,3,100,0.8416666666666666
vehicle,ga,3,1,0.29739651416122
vehicle,ga,3,2,0.8209803921568628
vehicle,ga,3,3,0.8209803921568628
vehicle,ga,3,4,0.8209803921568628
vehicle,ga,3,5,0.8209803921568628
vehicle,ga,3,6,0.8209803921568628
vehicle,ga,3,7,0.8209803921568628
vehicle,ga,3,8,0.8209803921568628
vehicle,ga,3,9,0.8209803921568628
vehicle,ga,3,10,0.8269172113289761
vehicle,ga,3,11,0.8269172113289761
vehicle,ga,3,12,0.8269172113289761
vehicle,ga,3,13,0.8269172113289761
vehicle,ga,3,14,0.8269172113289761
vehicle,ga,3,15,0.8269172113289761
vehicle,ga,3,16,0.8269172113289761
vehicle,ga,3,17,0.8269172113289761
vehicle,ga,3,18,0.8269172113289761
vehicle,ga,3,19,0.8269172113289761
vehicle,ga,3,20,0.8269172113289761
vehicle,ga,3,21,0.8269172113289761
vehicle,ga,3,22,0.8269172113289761
vehicle,ga,3,23,0.8269172113289761
vehicle,ga,3,24,0.8431481481481482
vehicle,ga,3,25,0.8431481481481482
vehicle,ga,3,26,0.8431481481481482
vehicle,ga,3,27,0.8431481481481482
vehicle,ga,3,28,0.8431481481481482
vehicle,ga,3,29,0.8431481481481482
vehicle,ga,3,30,0.8431481481481482
vehicle,ga,3,31,0.8431481481481482
vehicle,ga,3,32,0.8431481481481482
vehicle,ga,3,33,0.8431481481481482
vehicle,ga,3,34,0.8431481481481482
vehicle,ga,3,35,0.8431481481481482
vehicle,ga,3,36,0.8431481481481482
vehicle,ga,3,37,0.8431481481481482
vehicle,ga,3,38,0.8431481481481482
vehicle,ga,3,39,0.8431481481481482
vehicle,ga,3,40,0.8431481481481482
vehicle,ga,3,41,0.8431481481481482
vehicle,ga,3,42,0.8431481481481482
vehicle,ga,3,43,0.8431481481481482
vehicle,ga,3,44,0.8431481481481482
vehicle,ga,3,45,0.8431481481481482
vehicle,ga,3,46,0.8431481481481482
vehicle,ga,3,47,0.8431481481481482
vehicle,ga,3,48,0.8431481481481482
vehicle,ga,3,49,0.8431481481481482
vehicle,ga,3,50,0.8431481481481482
vehicle,ga,3,51,0.8431481481481482
vehicle,ga,3,52,0.8431481481481482
vehicle,ga,3,53,0.8431481481481482
vehicle,ga,3,54,0.8431481481481482
vehicle,ga,3,55,0.8431481481481482
vehicle,ga,3,56,0.8431481481481482
vehicle,ga,3,57,0.8431481481481482
vehicle,ga,3,58,0.8431481481481482
vehicle,ga,3,59,0.8431481481481482
vehicle,ga,3,60,0.8431481481481482
vehicle,ga,3,61,0.8431481481481482
vehicle,ga,3,62,0.8431481481481482
vehicle,ga,3,63,0.8431481481481482
vehicle,ga,3,64,0.8431481481481482
vehicle,ga,3,65,0.8431481481481482
vehicle,ga,3,66,0.8431481481481482
vehicle,ga,3,67,0.8431481481481482
vehicle,ga,3,68,0.8431481481481482
vehicle,ga,3,69,0.8431481481481482
vehicle,ga,3,70,0.8431481481481482
vehicle,ga,3,71,0.8431481481481482
vehicle,ga,3,72,0.8431481481481482
vehicle,ga,3,73,0.8431481481481482
vehicle,ga,3,74,0.8431481481481482
vehicle,ga,3,75,0.8431481481481482
vehicle,ga,3,76,0.8431481481481482
vehicle,ga,3,77,0.8431481481481482
vehicle,ga,3,78,0.8431481481481482
vehicle,ga,3,79,0.8431481481481482
vehicle,ga,3,80,0.8431481481481482
vehicle,ga,3,81,0.8431481481481482
vehicle,ga,3,82,0.8431481481481482
vehicle,ga,3,83,0.8431481481481482
vehicle,ga,3,84,0.8431481481481482
vehicle,ga,3,85,0.8431481481481482
vehicle,ga,3,86,0.8431481481481482
vehicle,ga,3,87,0.8431481481481482
vehicle,ga,3,88,0.8431481481481482
vehicle,ga,3,89,0.8431481481481482
vehicle,ga,3,90,0.8431481481481482
vehicle,ga,3,91,0.8431481481481482
vehicle,ga,3,92,0.8431481481481482
vehicle,ga,3,93,0.8431481481481482
vehicle,ga,3,94,0.8431481481481482
vehicle,ga,3,95,0.8431481481481482
vehicle,ga,3,96,0.8431481481481482
vehicle,ga,3,97,0.8431481481481482
vehicle,ga,3,98,0.8431481481481482
vehicle,ga,3,99,0.8431481481481482
vehicle,ga,3,100,0.8431481481481482
vehicle,grid,4,1,0.2959150326797385
vehicle,grid,4,2,0.2959150326797385
vehicle,grid,4,3,0.2959150326797385
vehicle,grid,4,4,0.2959150326797385
vehicle,grid,4,5,0.2959150326797385
vehicle,grid,4,6,0.3890958605664488
vehicle,grid,4,7,0.4186492374727669
vehicle,grid,4,8,0.4186492374727669
vehicle,grid,4,9,0.4186492374727669
vehicle,grid,4,10,0.4186492374727669
vehicle,grid,4,11,0.4186492374727669
vehicle,grid,4,12,0.4186492374727669
vehicle,grid,4,13,0.4186492374727669
vehicle,grid,4,14,0.4186492374727669
vehicle,grid,4,15,0.5147821350762527
vehicle,grid,4,16,0.6433986928104576
vehicle,grid,4,17,0.6715904139433551
vehicle,grid,4,18,0.6715904139433551
vehicle,grid,4,19,0.6715904139433551
vehicle,grid,4,20,0.6715904139433551
vehicle,grid,4,21,0.6715904139433551
vehicle,grid,4,22,0.6715904139433551
vehicle,grid,4,23,0.6715904139433551
vehicle,grid,4,24,0.6715904139433551
vehicle,grid,4,25,0.6878322440087146
vehicle,grid,4,26,0.7352069716775599
vehicle,grid,4,27,0.7396623093681918
vehicle,grid,4,28,0.7396623093681918
vehicle,grid,4,29,0.7396623093681918
vehicle,grid,4,30,0.7396623093681918
vehicle,grid,4,31,0.7396623093681918
vehicle,grid,4,32,0.7396623093681918
vehicle,grid,4,33,0.7396623093681918
vehicle,grid,4,34,0.7396623093681918
vehicle,grid,4,35,0.7485511982570806
vehicle,grid,4,36,0.7855337690631808
vehicle,grid,4,37,0.80619825708061
vehicle,grid,4,38,0.80619825708061
vehicle,grid,4,39,0.80619825708061
vehicle,grid,4,40,0.80619825708061
vehicle,grid,4,41,0.80619825708061
vehicle,grid,4,42,0.80619825708061
vehicle,grid,4,43,0.80619825708061
vehicle,grid,4,44,0.80619825708061
vehicle,grid,4,45,0.80619825708061
vehicle,grid,4,46,0.8195098039215687
vehicle,grid,4,47,0.8268627450980391
vehicle,grid,4,48,0.8268627450980391
vehicle,grid,4,49,0.8268627450980391
vehicle,grid,4,50,0.8268627450980391
vehicle,grid,4,51,0.8268627450980391
vehicle,grid,4,52,0.8268627450980391
vehicle,grid,4,53,0.8268627450980391
vehicle,grid,4,54,0.8268627450980391
vehicle,grid,4,55,0.8417429193899781
vehicle,grid,4,56,0.8417429193899781
vehicle,grid,4,57,0.8417429193899781
vehicle,grid,4,58,0.8417429193899781
vehicle,grid,4,59,0.8417429193899781
vehicle,grid,4,60,0.8417429193899781
vehicle,grid,4,61,0.8417429193899781
vehicle,grid,4,62,0.8417429193899781
vehicle,grid,4,63,0.8417429193899781
vehicle,grid,4,64,0.8417429193899781
vehicle,grid,4,65,0.8476470588235294
vehicle,grid,4,66,0.8549673202614378
vehicle,grid,4,67,0.8549673202614378
vehicle,grid,4,68,0.8549673202614378
vehicle,grid,4,69,0.8549673202614378
vehicle,grid,4,70,0.8549673202614378
vehicle,grid,4,71,0.8549673202614378
vehicle,grid,4,72,0.8549673202614378
vehicle,grid,4,73,0.8549673202614378
vehicle,grid,4,74,0.8549673202614378
vehicle,grid,4,75,0.8549673202614378
vehicle,grid,4,76,0.8549673202614378
vehicle,grid,4,77,0.8549673202614378
vehicle,grid,4,78,0.8549673202614378
vehicle,grid,4,79,0.8549673202614378
vehicle,grid,4,80,0.8549673202614378
vehicle,grid,4,81,0.8549673202614378
vehicle,grid,4,82,0.8549673202614378
vehicle,grid,4,83,0.8549673202614378
vehicle,grid,4,84,0.8549673202614378
vehicle,grid,4,85,0.8549673202614378
vehicle,grid,4,86,0.8549673202614378
vehicle,grid,4,87,0.8549673202614378
vehicle,grid,4,88,0.8549673202614378
vehicle,grid,4,89,0.8549673202614378
vehicle,grid,4,90,0.8549673202614378
vehicle,grid,4,91,0.8549673202614378
vehicle,grid,4,92,0.8549673202614378
vehicle,grid,4,93,0.8549673202614378
vehicle,grid,4,94,0.8549673202614378
vehicle,grid,4,95,0.8564596949891067
vehicle,grid,4,96,0.8564596949891067
vehicle,grid,4,97,0.8564596949891067
vehicle,grid,4,98,0.8564596949891067
vehicle,grid,4,99,0.8564596949891067
vehicle,grid,4,100,0.8564596949891067
vehicle,random,4,1,0.8401851851851851
vehicle,random,4,2,0.8401851851851851
vehicle,random,4,3,0.8401851851851851
vehicle,random,4,4,0.8401851851851851
vehicle,random,4,5,0.8401851851851851
vehicle,random,4,6,0.8401851851851851
vehicle,random,4,7,0.8401851851851851
vehicle,random,4,8,0.8401851851851851
vehicle,random,4,9,0.8401851851851851
vehicle,random,4,10,0.8401851851851851
vehicle,random,4,11,0.8401851851851851
vehicle,random,4,12,0.8401851851851851
vehicle,random,4,13,0.8401851851851851
vehicle,random,4,14,0.8401851851851851
vehicle,random,4,15,0.8446732026143791
vehicle,random,4,16,0.8446732026143791
vehicle,random,4,17,0.8446732026143791
vehicle,random,4,18,0.8446732026143791
vehicle,random,4,19,0.8446732026143791
vehicle,random,4,20,0.8446732026143791
vehicle,random,4,21,0.8446732026143791
vehicle,random,4,22,0.8446732026143791
vehicle,random,4,23,0.8446732026143791
vehicle,random,4,24,0.8446732026143791
vehicle,random,4,25,0.8446732026143791
vehicle,random,4,26,0.8476252723311546
vehicle,random,4,27,0.8476252723311546
vehicle,random,4,28,0.8476252723311546
vehicle,random,4,29,0.8476252723311546
vehicle,random,4,30,0.8476252723311546
vehicle,random,4,31,0.8476252723311546
vehicle,random,4,32,0.8476252723311546
vehicle,random,4,33,0.8476252723311546
vehicle,random,4,34,0.8476252723311546
vehicle,random,4,35,0.8476252723311546
vehicle,random,4,36,0.8476252723311546
vehicle,random,4,37,0.8476252723311546
vehicle,random,4,38,0.8476252723311546
vehicle,random,4,39,0.8476252723311546
vehicle,random,4,40,0.8476252723311546
vehicle,random,4,41,0.8476252723311546
vehicle,random,4,42,0.8490413943355121
vehicle,random,4,43,0.8490413943355121
vehicle,random,4,44,0.8490413943355121
vehicle,random,4,45,0.8490413943355121
vehicle,random,4,46,0.8490413943355121
vehicle,random,4,47,0.8490413943355121
vehicle,random,4,48,0.8490413943355121
vehicle,random,4,49,0.8490413943355121
vehicle,random,4,50,0.8490413943355121
vehicle,random,4,51,0.8490413943355121
vehicle,random,4,52,0.8490413943355121
vehicle,random,4,53,0.8490413943355121
vehicle,random,4,54,0.8490413943355121
vehicle,random,4,55,0.8490413943355121
vehicle,random,4,56,0.8490413943355121
vehicle,random,4,57,0.8490413943355121
vehicle,random,4,58,0.8490413943355121
vehicle,random,4,59,0.8490413943355121
vehicle,random,4,60,0.8490413943355121
vehicle,random,4,61,0.8490413943355121
vehicle,random,4,62,0.8490413943355121
vehicle,random,4,63,0.8490413943355121
vehicle,random,4,64,0.8490413943355121
vehicle,random,4,65,0.8490413943355121
vehicle,random,4,66,0.8490413943355121
vehicle,random,4,67,0.8490413943355121
vehicle,random,4,68,0.8490413943355121
vehicle,random,4,69,0.8490413943355121
vehicle,random,4,70,0.8490413943355121
vehicle,random,4,71,0.8490413943355121
vehicle,random,4,72,0.8490413943355121
vehicle,random,4,73,0.856437908496732
vehicle,random,4,74,0.856437908496732
vehicle,random,4,75,0.856437908496732
vehicle,random,4,76,0.856437908496732
vehicle,random,4,77,0.856437908496732
vehicle,random,4,78,0.856437908496732
vehicle,random,4,79,0.856437908496732
vehicle,random,4,80,0.856437908496732
vehicle,random,4,81,0.856437908496732
vehicle,random,4,82,0.856437908496732
vehicle,random,4,83,0.856437908496732
vehicle,random,4,84,0.856437908496732
vehicle,random,4,85,0.856437908496732
vehicle,random,4,86,0.856437908496732
vehicle,random,4,87,0.856437908496732
vehicle,random,4,88,0.856437908496732
vehicle,random,4,89,0.856437908496732
vehicle,random,4,90,0.856437908496732
vehicle,random,4,91,0.856437908496732
vehicle,random,4,92,0.856437908496732
vehicle,random,4,93,0.8564705882352941
vehicle,random,4,94,0.8564705882352941
vehicle,random,4,95,0.8564705882352941
vehicle,random,4,96,0.8564705882352941
vehicle,random,4,97,0.8564705882352941
vehicle,random,4,98,0.8564705882352941
vehicle,random,4,99,0.8564705882352941
vehicle,random,4,100,0.8564705882352941
vehicle,bo_tpe,4,1,0.8401851851851851
vehicle,bo_tpe,4,2,0.8401851851851851
vehicle,bo_tpe,4,3,0.8401851851851851
vehicle,bo_tpe,4,4,0.8401851851851851
vehicle,bo_tpe,4,5,0.8401851851851851
vehicle,bo_tpe,4,6,0.8401851851851851
vehicle,bo_tpe,4,7,0.8401851851851851
vehicle,bo_tpe,4,8,0.8401851851851851
vehicle,bo_tpe,4,9,0.8401851851851851
vehicle,bo_tpe,4,10,0.8401851851851851
vehicle,bo_tpe,4,11,0.8401851851851851
vehicle,bo_tpe,4,12,0.8401851851851851
vehicle,bo_tpe,4,13,0.8401851851851851
vehicle,bo_tpe,4,14,0.843148148148148
vehicle,bo_tpe,4,15,0.843148148148148
vehicle,bo_tpe,4,16,0.843148148148148
vehicle,bo_tpe,4,17,0.843148148148148
vehicle,bo_tpe,4,18,0.843148148148148
vehicle,bo_tpe,4,19,0.843148148148148
vehicle,bo_tpe,4,20,0.843148148148148
vehicle,bo_tpe,4,21,0.8505337690631807
vehicle,bo_tpe,4,22,0.8534967320261437
vehicle,bo_tpe,4,23,0.8534967320261437
vehicle,bo_tpe,4,24,0.8534967320261437
vehicle,bo_tpe,4,25,0.8534967320261437
vehicle,bo_tpe,4,26,0.8534967320261437
vehicle,bo_tpe,4,27,0.8579411764705881
vehicle,bo_tpe,4,28,0.8579411764705881
vehicle,bo_tpe,4,29,0.8579411764705881
vehicle,bo_tpe,4,30,0.8579411764705881
vehicle,bo_tpe,4,31,0.8579411764705881
vehicle,bo_tpe,4,32,0.8579411764705881
vehicle,bo_tpe,4,33,0.8579411764705881
vehicle,bo_tpe,4,34,0.8579411764705881
vehicle,bo_tpe,4,35,0.8579411764705881
vehicle,bo_tpe,4,36,0.8579411764705881
vehicle,bo_tpe,4,37,0.8579411764705881
vehicle,bo_tpe,4,38,0.8579411764705881
vehicle,bo_tpe,4,39,0.8579411764705881
vehicle,bo_tpe,4,40,0.8579411764705881
vehicle,bo_tpe,4,41,0.8579411764705881
vehicle,bo_tpe,4,42,0.8579411764705881
vehicle,bo_tpe,4,43,0.8579411764705881
vehicle,bo_tpe,4,44,0.8579411764705881
vehicle,bo_tpe,4,45,0.8579411764705881
vehicle,bo_tpe,4,46,0.8579411764705881
vehicle,bo_tpe,4,47,0.8579411764705881
vehicle,bo_tpe,4,48,0.8579411764705881
vehicle,bo_tpe,4,49,0.8579411764705881
vehicle,bo_tpe,4,50,0.8579411764705881
vehicle,bo_tpe,4,51,0.8579411764705881
vehicle,bo_tpe,4,52,0.8579411764705881
vehicle,bo_tpe,4,53,0.8579411764705881
vehicle,bo_tpe,4,54,0.8579411764705881
vehicle,bo_tpe,4,55,0.8579411764705881
vehicle,bo_tpe,4,56,0.8579411764705881
vehicle,bo_tpe,4,57,0.8579411764705881
vehicle,bo_tpe,4,58,0.8579411764705881
vehicle,bo_tpe,4,59,0.8579411764705881
vehicle,bo_tpe,4,60,0.8579411764705881
vehicle,bo_tpe,4,61,0.8579411764705881
vehicle,bo_tpe,4,62,0.8579411764705881
vehicle,bo_tpe,4,63,0.8579411764705881
vehicle,bo_tpe,4,64,0.8579411764705881
vehicle,bo_tpe,4,65,0.8579411764705881
vehicle,bo_tpe,4,66,0.8579411764705881
vehicle,bo_tpe,4,67,0.8579411764705881
vehicle,bo_tpe,4,68,0.8579411764705881
vehicle,bo_tpe,4,69,0.8579411764705881
vehicle,bo_tpe,4,70,0.8579411764705881
vehicle,bo_tpe,4,71,0.8579411764705881
vehicle,bo_tpe,4,72,0.8579411764705881
vehicle,bo_tpe,4,73,0.8579411764705881
vehicle,bo_tpe,4,74,0.8579411764705881
vehicle,bo_tpe,4,75,0.8579411764705881
vehicle,bo_tpe,4,76,0.8579411764705881
vehicle,bo_tpe,4,77,0.8579411764705881
vehicle,bo_tpe,4,78,0.8579411764705881
vehicle,bo_tpe,4,79,0.8579411764705881
vehicle,bo_tpe,4,80,0.8579411764705881
vehicle,bo_tpe,4,81,0.8579411764705881
vehicle,bo_tpe,4,82,0.8579411764705881
vehicle,bo_tpe,4,83,0.8579411764705881
vehicle,bo_tpe,4,84,0.8579411764705881
vehicle,bo_tpe,4,85,0.8579411764705881
vehicle,bo_tpe,4,86,0.8579411764705881
vehicle,bo_tpe,4,87,0.8579411764705881
vehicle,bo_tpe,4,88,0.8579411764705881
vehicle,bo_tpe,4,89,0.8579411764705881
vehicle,bo_tpe,4,90,0.8579411764705881
vehicle,bo_tpe,4,91,0.8579411764705881
vehicle,bo_tpe,4,92,0.8579411764705881
vehicle,bo_tpe,4,93,0.8579411764705881
vehicle,bo_tpe,4,94,0.8579411764705881
vehicle,bo_tpe,4,95,0.8579411764705881
vehicle,bo_tpe,4,96,0.8579411764705881
vehicle,bo_tpe,4,97,0.8579411764705881
vehicle,bo_tpe,4,98,0.8579411764705881
vehicle,bo_tpe,4,99,0.8579411764705881
vehicle,bo_tpe,4,100,0.8579411764705881
vehicle,pso,4,1,0.8520261437908495
vehicle,pso,4,2,0.8520261437908495
vehicle,pso,4,3,0.8520261437908495
vehicle,pso,4,4,0.8520261437908495
vehicle,pso,4,5,0.8520261437908495
vehicle,pso,4,6,0.8520261437908495
vehicle,pso,4,7,0.8520261437908495
vehicle,pso,4,8,0.8520261437908495
vehicle,pso,4,9,0.8520261437908495
vehicle,pso,4,10,0.8520261437908495
vehicle,pso,4,11,0.8520261437908495
vehicle,pso,4,12,0.8520261437908495
vehicle,pso,4,13,0.8520261437908495
vehicle,pso,4,14,0.8520261437908495
vehicle,pso,4,15,0.8520261437908495
vehicle,pso,4,16,0.8520261437908495
vehicle,pso,4,17,0.8520261437908495
vehicle,pso,4,18,0.8520261437908495
vehicle,pso,4,19,0.8520261437908495
vehicle,pso,4,20,0.8520261437908495
vehicle,pso,4,21,0.8520261437908495
vehicle,pso,4,22,0.8520261437908495
vehicle,pso,4,23,0.8520261437908495
vehicle,pso,4,24,0.8520261437908495
vehicle,pso,4,25,0.8520261437908495
vehicle,pso,4,26,0.8520261437908495
vehicle,pso,4,27,0.8520261437908495
vehicle,pso,4,28,0.8520261437908495
vehicle,pso,4,29,0.8520261437908495
vehicle,pso,4,30,0.8520261437908495
vehicle,pso,4,31,0.8520261437908495
vehicle,pso,4,32,0.8520261437908495
vehicle,pso,4,33,0.8520261437908495
vehicle,pso,4,34,0.8520261437908495
vehicle,pso,4,35,0.8520261437908495
vehicle,pso,4,36,0.8520261437908495
vehicle,pso,4,37,0.8520261437908495
vehicle,pso,4,38,0.8520261437908495
vehicle,pso,4,39,0.8520261437908495
vehicle,pso,4,40,0.8520261437908495
vehicle,pso,4,41,0.8520261437908495
vehicle,pso,4,42,0.8520261437908495
vehicle,pso,4,43,0.8520261437908495
vehicle,pso,4,44,0.8520261437908495
vehicle,pso,4,45,0.8520261437908495
vehicle,pso,4,46,0.8520261437908495
vehicle,pso,4,47,0.8520261437908495
vehicle,pso,4,48,0.8520261437908495
vehicle,pso,4,49,0.8520261437908495
vehicle,pso,4,50,0.8520261437908495
vehicle,pso,4,51,0.8520261437908495
vehicle,pso,4,52,0.8520261437908495
vehicle,pso,4,53,0.8520261437908495
vehicle,pso,4,54,0.8520261437908495
vehicle,pso,4,55,0.8520261437908495
vehicle,pso,4,56,0.8520261437908495
vehicle,pso,4,57,0.8520261437908495
vehicle,pso,4,58,0.8520261437908495
vehicle,pso,4,59,0.8520261437908495
vehicle,pso,4,60,0.853562091503268
vehicle,pso,4,61,0.853562091503268
vehicle,pso,4,62,0.853562091503268
vehicle,pso,4,63,0.853562091503268
vehicle,pso,4,64,0.853562091503268
vehicle,pso,4,65,0.853562091503268
vehicle,pso,4,66,0.853562091503268
vehicle,pso,4,67,0.8550435729847494
vehicle,pso,4,68,0.8550435729847494
vehicle,pso,4,69,0.8550435729847494
vehicle,pso,4,70,0.8550435729847494
vehicle,pso,4,71,0.8550435729847494
vehicle,pso,4,72,0.8550435729847494
vehicle,pso,4,73,0.8550435729847494
vehicle,pso,4,74,0.8550435729847494
vehicle,pso,4,75,0.8550435729847494
vehicle,pso,4,76,0.8550435729847494
vehicle,pso,4,77,0.8550435729847494
vehicle,pso,4,78,0.8550435729847494
vehicle,pso,4,79,0.8550435729847494
vehicle,pso,4,80,0.8550435729847494
vehicle,pso,4,81,0.8550435729847494
vehicle,pso,4,82,0.8550435729847494
vehicle,pso,4,83,0.8550435729847494
vehicle,pso,4,84,0.8550435729847494
vehicle,pso,4,85,0.8550435729847494
vehicle,pso,4,86,0.8550435729847494
vehicle,pso,4,87,0.8550435729847494
vehicle,pso,4,88,0.8550435729847494
vehicle,pso,4,89,0.8550435729847494
vehicle,pso,4,90,0.8550435729847494
vehicle,pso,4,91,0.8550435729847494
vehicle,pso,4,92,0.8550435729847494
vehicle,pso,4,93,0.8550435729847494
vehicle,pso,4,94,0.8550435729847494
vehicle,pso,4,95,0.8550435729847494
vehicle,pso,4,96,0.8550435729847494
vehicle,pso,4,97,0.8550435729847494
vehicle,pso,4,98,0.8550435729847494
vehicle,pso,4,99,0.8550435729847494
vehicle,pso,4,100,0.8550435729847494
vehicle,de,4,1,0.8431372549019608
vehicle,de,4,2,0.8431372549019608
vehicle,de,4,3,0.8431372549019608
vehicle,de,4,4,0.8431372549019608
vehicle,de,4,5,0.8431372549019608
vehicle,de,4,6,0.8505446623093682
vehicle,de,4,7,0.8505446623093682
vehicle,de,4,8,0.8505446623093682
vehicle,de,4,9,0.8505446623093682
vehicle,de,4,10,0.8505446623093682
vehicle,de,4,11,0.8505446623093682
vehicle,de,4,12,0.8505446623093682
vehicle,de,4,13,0.8505446623093682
vehicle,de,4,14,0.8505446623093682
vehicle,de,4,15,0.8505446623093682
vehicle,de,4,16,0.8505446623093682
vehicle,de,4,17,0.8505446623093682
vehicle,de,4,18,0.8505446623093682
vehicle,de,4,19,0.8505446623093682
vehicle,de,4,20,0.8505446623093682
vehicle,de,4,21,0.8505446623093682
vehicle,de,4,22,0.8505446623093682
vehicle,de,4,23,0.8505446623093682
vehicle,de,4,24,0.8505446623093682
vehicle,de,4,25,0.8505446623093682
vehicle,de,4,26,0.8505446623093682
vehicle,de,4,27,0.8505446623093682
vehicle,de,4,28,0.8505446623093682
vehicle,de,4,29,0.8505446623093682
vehicle,de,4,30,0.8505446623093682
vehicle,de,4,31,0.8505446623093682
vehicle,de,4,32,0.8505446623093682
vehicle,de,4,33,0.8505446623093682
vehicle,de,4,34,0.8505446623093682
vehicle,de,4,35,0.8505446623093682
vehicle,de,4,36,0.8505446623093682
vehicle,de,4,37,0.8505446623093682
vehicle,de,4,38,0.8505446623093682
vehicle,de,4,39,0.8505446623093682
vehicle,de,4,40,0.8505446623093682
vehicle,de,4,41,0.8505446623093682
vehicle,de,4,42,0.8505446623093682
vehicle,de,4,43,0.8505446623093682
vehicle,de,4,44,0.8505446623093682
vehicle,de,4,45,0.8505446623093682
vehicle,de,4,46,0.8505446623093682
vehicle,de,4,47,0.8505446623093682
vehicle,de,4,48,0.8505446623093682
vehicle,de,4,49,0.8505446623093682
vehicle,de,4,50,0.8505446623093682
vehicle,de,4,51,0.8549782135076253
vehicle,de,4,52,0.8549782135076253
vehicle,de,4,53,0.8549782135076253
vehicle,de,4,54,0.8549782135076253
vehicle,de,4,55,0.8549782135076253
vehicle,de,4,56,0.8549782135076253
vehicle,de,4,57,0.8549782135076253
vehicle,de,4,58,0.8549782135076253
vehicle,de,4,59,0.8549782135076253
vehicle,de,4,60,0.8549782135076253
vehicle,de,4,61,0.8549782135076253
vehicle,de,4,62,0.8549782135076253
vehicle,de,4,63,0.8549782135076253
vehicle,de,4,64,0.8550435729847494
vehicle,de,4,65,0.8550435729847494
vehicle,de,4,66,0.8550435729847494
vehicle,de,4,67,0.8550435729847494
vehicle,de,4,68,0.8550435729847494
vehicle,de,4,69,0.8550435729847494
vehicle,de,4,70,0.8550435729847494
vehicle,de,4,71,0.8550435729847494
vehicle,de,4,72,0.8550435729847494
vehicle,de,4,73,0.8550435729847494
vehicle,de,4,74,0.8550435729847494
vehicle,de,4,75,0.8550435729847494
vehicle,de,4,76,0.8550435729847494
vehicle,de,4,77,0.8550435729847494
vehicle,de,4,78,0.8550435729847494
vehicle,de,4,79,0.8550435729847494
vehicle,de,4,80,0.8550435729847494
vehicle,de,4,81,0.8550435729847494
vehicle,de,4,82,0.8550435729847494
vehicle,de,4,83,0.8550435729847494
vehicle,de,4,84,0.8550435729847494
vehicle,de,4,85,0.8550435729847494
vehicle,de,4,86,0.8550435729847494
vehicle,de,4,87,0.8550435729847494
vehicle,de,4,88,0.8550435729847494
vehicle,de,4,89,0.8550435729847494
vehicle,de,4,90,0.8550435729847494
vehicle,de,4,91,0.8550435729847494
vehicle,de,4,92,0.8550435729847494
vehicle,de,4,93,0.8550435729847494
vehicle,de,4,94,0.8550435729847494
vehicle,de,4,95,0.8550435729847494
vehicle,de,4,96,0.8550435729847494
vehicle,de,4,97,0.8550435729847494
vehicle,de,4,98,0.8550435729847494
vehicle,de,4,99,0.8550435729847494
vehicle,de,4,100,0.8550435729847494
vehicle,ga,4,1,0.8431372549019608
vehicle,ga,4,2,0.8431372549019608
vehicle,ga,4,3,0.8431372549019608
vehicle,ga,4,4,0.8431372549019608
vehicle,ga,4,5,0.8431372549019608
vehicle,ga,4,6,0.8505446623093682
vehicle,ga,4,7,0.8505446623093682
vehicle,ga,4,8,0.8505446623093682
vehicle,ga,4,9,0.8505446623093682
vehicle,ga,4,10,0.8505446623093682
vehicle,ga,4,11,0.8505446623093682
vehicle,ga,4,12,0.8505446623093682
vehicle,ga,4,13,0.8505446623093682
vehicle,ga,4,14,0.8505446623093682
vehicle,ga,4,15,0.8505446623093682
vehicle,ga,4,16,0.8505446623093682
vehicle,ga,4,17,0.8505446623093682
vehicle,ga,4,18,0.8505446623093682
vehicle,ga,4,19,0.8505446623093682
vehicle,ga,4,20,0.8505446623093682
vehicle,ga,4,21,0.8505446623093682
vehicle,ga,4,22,0.8505446623093682
vehicle,ga,4,23,0.8505446623093682
vehicle,ga,4,24,0.8505446623093682
vehicle,ga,4,25,0.8505446623093682
vehicle,ga,4,26,0.8505446623093682
vehicle,ga,4,27,0.8505446623093682
vehicle,ga,4,28,0.8505446623093682
vehicle,ga,4,29,0.8505446623093682
vehicle,ga,4,30,0.8505446623093682
vehicle,ga,4,31,0.8505446623093682
vehicle,ga,4,32,0.8505446623093682
vehicle,ga,4,33,0.8505446623093682
vehicle,ga,4,34,0.8505446623093682
vehicle,ga,4,35,0.8505446623093682
vehicle,ga,4,36,0.8505446623093682
vehicle,ga,4,37,0.8505446623093682
vehicle,ga,4,38,0.8505446623093682
vehicle,ga,4,39,0.8505446623093682
vehicle,ga,4,40,0.8505446623093682
vehicle,ga,4,41,0.8505446623093682
vehicle,ga,4,42,0.8505446623093682
vehicle,ga,4,43,0.8505446623093682
vehicle,ga,4,44,0.8505446623093682
vehicle,ga,4,45,0.8505446623093682
vehicle,ga,4,46,0.8505446623093682
vehicle,ga,4,47,0.8505446623093682
vehicle,ga,4,48,0.8505446623093682
vehicle,ga,4,49,0.8505446623093682
vehicle,ga,4,50,0.8505446623093682
vehicle,ga,4,51,0.8505446623093682
vehicle,ga,4,52,0.8505446623093682
vehicle,ga,4,53,0.8505446623093682
vehicle,ga,4,54,0.8505446623093682
vehicle,ga,4,55,0.8579411764705881
vehicle,ga,4,56,0.8579411764705881
vehicle,ga,4,57,0.8579411764705881
vehicle,ga,4,58,0.8579411764705881
vehicle,ga,4,59,0.8579411764705881
vehicle,ga,4,60,0.8579411764705881
vehicle,ga,4,61,0.8579411764705881
vehicle,ga,4,62,0.8579411764705881
vehicle,ga,4,63,0.8579411764705881
vehicle,ga,4,64,0.8579411764705881
vehicle,ga,4,65,0.8579411764705881
vehicle,ga,4,66,0.8579411764705881
vehicle,ga,4,67,0.8579411764705881
vehicle,ga,4,68,0.8579411764705881
vehicle,ga,4,69,0.8579411764705881
vehicle,ga,4,70,0.8579411764705881
vehicle,ga,4,71,0.8579411764705881
vehicle,ga,4,72,0.8579411764705881
vehicle,ga,4,73,0.8579411764705881
vehicle,ga,4,74,0.8579411764705881
vehicle,ga,4,75,0.8579411764705881
vehicle,ga,4,76,0.8579411764705881
vehicle,ga,4,77,0.8579411764705881
vehicle,ga,4,78,0.8579411764705881
vehicle,ga,4,79,0.8579411764705881
vehicle,ga,4,80,0.8579411764705881
vehicle,ga,4,81,0.8579411764705881
vehicle,ga,4,82,0.8579411764705881
vehicle,ga,4,83,0.8579411764705881
vehicle,ga,4,84,0.8579411764705881
vehicle,ga,4,85,0.8579411764705881
vehicle,ga,4,86,0.8579411764705881
vehicle,ga,4,87,0.8579411764705881
vehicle,ga,4,88,0.8579411764705881
vehicle,ga,4,89,0.8579411764705881
vehicle,ga,4,90,0.8579411764705881
vehicle,ga,4,91,0.8579411764705881
vehicle,ga,4,92,0.8579411764705881
vehicle,ga,4,93,0.8579411764705881
vehicle,ga,4,94,0.8579411764705881
vehicle,ga,4,95,0.8579411764705881
vehicle,ga,4,96,0.8579411764705881
vehicle,ga,4,97,0.8579411764705881
vehicle,ga,4,98,0.8579411764705881
vehicle,ga,4,99,0.8579411764705881
vehicle,ga,4,100,0.8579411764705881
vehicle,grid,5,1,0.2840631808278867
vehicle,grid,5,2,0.2840631808278867
vehicle,grid,5,3,0.2840631808278867
vehicle,grid,5,4,0.2840631808278867
vehicle,grid,5,5,0.2840631808278867
vehicle,grid,5,6,0.3875708061002177
vehicle,grid,5,7,0.434880174291939
vehicle,grid,5,8,0.434880174291939
vehicle,grid,5,9,0.434880174291939
vehicle,grid,5,10,0.434880174291939
vehicle,grid,5,11,0.434880174291939
vehicle,grid,5,12,0.434880174291939
vehicle,grid,5,13,0.434880174291939
vehicle,grid,5,14,0.434880174291939
vehicle,grid,5,15,0.4940087145969498
vehicle,grid,5,16,0.6419607843137255
vehicle,grid,5,17,0.661230936819172
vehicle,grid,5,18,0.661230936819172
vehicle,grid,5,19,0.661230936819172
vehicle,grid,5,20,0.661230936819172
vehicle,grid,5,21,0.661230936819172
vehicle,grid,5,22,0.661230936819172
vehicle,grid,5,23,0.661230936819172
vehicle,grid,5,24,0.661230936819172
vehicle,grid,5,25,0.6759694989106754
vehicle,grid,5,26,0.726318082788671
vehicle,grid,5,27,0.7471132897603486
vehicle,grid,5,28,0.7471132897603486
vehicle,grid,5,29,0.7471132897603486
vehicle,grid,5,30,0.7471132897603486
vehicle,grid,5,31,0.7471132897603486
vehicle,grid,5,32,0.7471132897603486
vehicle,grid,5,33,0.7471132897603486
vehicle,grid,5,34,0.7471132897603486
vehicle,grid,5,35,0.7471132897603486
vehicle,grid,5,36,0.7752287581699346
vehicle,grid,5,37,0.7796078431372548
vehicle,grid,5,38,0.7796078431372548
vehicle,grid,5,39,0.7796078431372548
vehicle,grid,5,40,0.7796078431372548
vehicle,grid,5,41,0.7796078431372548
vehicle,grid,5,42,0.7796078431372548
vehicle,grid,5,43,0.7796078431372548
vehicle,grid,5,44,0.7796078431372548
vehicle,grid,5,45,0.7796078431372548
vehicle,grid,5,46,0.8239651416122005
vehicle,grid,5,47,0.8239651416122005
vehicle,grid,5,48,0.8239651416122005
vehicle,grid,5,49,0.8239651416122005
vehicle,grid,5,50,0.8239651416122005
vehicle,grid,5,51,0.8239651416122005
vehicle,grid,5,52,0.8239651416122005
vehicle,grid,5,53,0.8239651416122005
vehicle,grid,5,54,0.8239651416122005
vehicle,grid,5,55,0.8239651416122005
vehicle,grid,5,56,0.8387581699346406
vehicle,grid,5,57,0.8387581699346406
vehicle,grid,5,58,0.8387581699346406
vehicle,grid,5,59,0.8387581699346406
vehicle,grid,5,60,0.8387581699346406
vehicle,grid,5,61,0.8387581699346406
vehicle,grid,5,62,0.8387581699346406
vehicle,grid,5,63,0.8387581699346406
vehicle,grid,5,64,0.8387581699346406
vehicle,grid,5,65,0.8402287581699346
vehicle,grid,5,66,0.8402287581699346
vehicle,grid,5,67,0.8402287581699346
vehicle,grid,5,68,0.8402287581699346
vehicle,grid,5,69,0.8402287581699346
vehicle,grid,5,70,0.8402287581699346
vehicle,grid,5,71,0.8402287581699346
vehicle,grid,5,72,0.8402287581699346
vehicle,grid,5,73,0.8402287581699346
vehicle,grid,5,74,0.8402287581699346
vehicle,grid,5,75,0.8491067538126362
vehicle,grid,5,76,0.8491067538126362
vehicle,grid,5,77,0.8491067538126362
vehicle,grid,5,78,0.8491067538126362
vehicle,grid,5,79,0.8491067538126362
vehicle,grid,5,80,0.8491067538126362
vehicle,grid,5,81,0.8491067538126362
vehicle,grid,5,82,0.8491067538126362
vehicle,grid,5,83,0.8491067538126362
vehicle,grid,5,84,0.8491067538126362
vehicle,grid,5,85,0.8491067538126362
vehicle,grid,5,86,0.8491067538126362
vehicle,grid,5,87,0.8491067538126362
vehicle,grid,5,88,0.8491067538126362
vehicle,grid,5,89,0.8491067538126362
vehicle,grid,5,90,0.8491067538126362
vehicle,grid,5,91,0.8491067538126362
vehicle,grid,5,92,0.8491067538126362
vehicle,grid,5,93,0.8491067538126362
vehicle,grid,5,94,0.8550108932461875
vehicle,grid,5,95,0.8550108932461875
vehicle,grid,5,96,0.8550108932461875
vehicle,grid,5,97,0.8550108932461875
vehicle,grid,5,98,0.8550108932461875
vehicle,grid,5,99,0.8550108932461875
vehicle,grid,5,100,0.8550108932461875
vehicle,random,5,1,0.4231154684095861
vehicle,random,5,2,0.4231154684095861
vehicle,random,5,3,0.8239760348583879
vehicle,random,5,4,0.8239760348583879
vehicle,random,5,5,0.8239760348583879
vehicle,random,5,6,0.8239760348583879
vehicle,random,5,7,0.8239760348583879
vehicle,random,5,8,0.8283877995642701
vehicle,random,5,9,0.8283877995642701
vehicle,random,5,10,0.8283877995642701
vehicle,random,5,11,0.8283877995642701
vehicle,random,5,12,0.8283877995642701
vehicle,random,5,13,0.8283877995642701
vehicle,random,5,14,0.8283877995642701
vehicle,random,5,15,0.8283877995642701
vehicle,random,5,16,0.8283877995642701
vehicle,random,5,17,0.8283877995642701
vehicle,random,5,18,0.8283877995642701
vehicle,random,5,19,0.8283877995642701
vehicle,random,5,20,0.8283877995642701
vehicle,random,5,21,0.8283877995642701
vehicle,random,5,22,0.8283877995642701
vehicle,random,5,23,0.8283877995642701
vehicle,random,5,24,0.8505991285403051
vehicle,random,5,25,0.8505991285403051
vehicle,random,5,26,0.8505991285403051
vehicle,random,5,27,0.8505991285403051
vehicle,random,5,28,0.8505991285403051
vehicle,random,5,29,0.8505991285403051
vehicle,random,5,30,0.8505991285403051
vehicle,random,5,31,0.8505991285403051
vehicle,random,5,32,0.8505991285403051
vehicle,random,5,33,0.8505991285403051
vehicle,random,5,34,0.8505991285403051
vehicle,random,5,35,0.8505991285403051
vehicle,random,5,36,0.8505991285403051
vehicle,random,5,37,0.8505991285403051
vehicle,random,5,38,0.8505991285403051
vehicle,random,5,39,0.8505991285403051
vehicle,random,5,40,0.8505991285403051
vehicle,random,5,41,0.8505991285403051
vehicle,random,5,42,0.8505991285403051
vehicle,random,5,43,0.8505991285403051
vehicle,random,5,44,0.8505991285403051
vehicle,random,5,45,0.8505991285403051
vehicle,random,5,46,0.8505991285403051
vehicle,random,5,47,0.8505991285403051
vehicle,random,5,48,0.8505991285403051
vehicle,random,5,49,0.8505991285403051
vehicle,random,5,50,0.8505991285403051
vehicle,random,5,51,0.8505991285403051
vehicle,random,5,52,0.8505991285403051
vehicle,random,5,53,0.8505991285403051
vehicle,random,5,54,0.8505991285403051
vehicle,random,5,55,0.8505991285403051
vehicle,random,5,56,0.8505991285403051
vehicle,random,5,57,0.8505991285403051
vehicle,random,5,58,0.8505991285403051
vehicle,random,5,59,0.8505991285403051
vehicle,random,5,60,0.8505991285403051
vehicle,random,5,61,0.8505991285403051
vehicle,random,5,62,0.8505991285403051
vehicle,random,5,63,0.8505991285403051
vehicle,random,5,64,0.8505991285403051
vehicle,random,5,65,0.8505991285403051
vehicle,random,5,66,0.8505991285403051
vehicle,random,5,67,0.8505991285403051
vehicle,random,5,68,0.8505991285403051
vehicle,random,5,69,0.8505991285403051
vehicle,random,5,70,0.8505991285403051
vehicle,random,5,71,0.8505991285403051
vehicle,random,5,72,0.8505991285403051
vehicle,random,5,73,0.8505991285403051
vehicle,random,5,74,0.8505991285403051
vehicle,random,5,75,0.8505991285403051
vehicle,random,5,76,0.8505991285403051
vehicle,random,5,77,0.8505991285403051
vehicle,random,5,78,0.8505991285403051
vehicle,random,5,79,0.8505991285403051
vehicle,random,5,80,0.8505991285403051
vehicle,random,5,81,0.8505991285403051
vehicle,random,5,82,0.8505991285403051
vehicle,random,5,83,0.8505991285403051
vehicle,random,5,84,0.8505991285403051
vehicle,random,5,85,0.8505991285403051
vehicle,random,5,86,0.8505991285403051
vehicle,random,5,87,0.8505991285403051
vehicle,random,5,88,0.8505991285403051
vehicle,random,5,89,0.8505991285403051
vehicle,random,5,90,0.8505991285403051
vehicle,random,5,91,0.8505991285403051
vehicle,random,5,92,0.8505991285403051
vehicle,random,5,93,0.8505991285403051
vehicle,random,5,94,0.8505991285403051
vehicle,random,5,95,0.8505991285403051
vehicle,random,5,96,0.8505991285403051
vehicle,random,5,97,0.8505991285403051
vehicle,random,5,98,0.8505991285403051
vehicle,random,5,99,0.8505991285403051
vehicle,random,5,100,0.8505991285403051
vehicle,bo_tpe,5,1,0.4231154684095861
vehicle,bo_tpe,5,2,0.4231154684095861
vehicle,bo_tpe,5,3,0.8239760348583879
vehicle,bo_tpe,5,4,0.8239760348583879
vehicle,bo_tpe,5,5,0.8239760348583879
vehicle,bo_tpe,5,6,0.8239760348583879
vehicle,bo_tpe,5,7,0.8239760348583879
vehicle,bo_tpe,5,8,0.8283877995642701
vehicle,bo_tpe,5,9,0.8283877995642701
vehicle,bo_tpe,5,10,0.8283877995642701
vehicle,bo_tpe,5,11,0.8283877995642701
vehicle,bo_tpe,5,12,0.8283877995642701
vehicle,bo_tpe,5,13,0.841732026143791
vehicle,bo_tpe,5,14,0.841732026143791
vehicle,bo_tpe,5,15,0.841732026143791
vehicle,bo_tpe,5,16,0.841732026143791
vehicle,bo_tpe,5,17,0.841732026143791
vehicle,bo_tpe,5,18,0.841732026143791
vehicle,bo_tpe,5,19,0.847636165577342
vehicle,bo_tpe,5,20,0.847636165577342
vehicle,bo_tpe,5,21,0.847636165577342
vehicle,bo_tpe,5,22,0.847636165577342
vehicle,bo_tpe,5,23,0.847636165577342
vehicle,bo_tpe,5,24,0.847636165577342
vehicle,bo_tpe,5,25,0.847636165577342
vehicle,bo_tpe,5,26,0.847636165577342
vehicle,bo_tpe,5,27,0.847636165577342
vehicle,bo_tpe,5,28,0.847636165577342
vehicle,bo_tpe,5,29,0.8491394335511983
vehicle,bo_tpe,5,30,0.8491394335511983
vehicle,bo_tpe,5,31,0.8491394335511983
vehicle,bo_tpe,5,32,0.8535403050108933
vehicle,bo_tpe,5,33,0.8535403050108933
vehicle,bo_tpe,5,34,0.8535403050108933
vehicle,bo_tpe,5,35,0.8535403050108933
vehicle,bo_tpe,5,36,0.8535403050108933
vehicle,bo_tpe,5,37,0.8535403050108933
vehicle,bo_tpe,5,38,0.8535403050108933
vehicle,bo_tpe,5,39,0.8535403050108933
vehicle,bo_tpe,5,40,0.8535403050108933
vehicle,bo_tpe,5,41,0.8535403050108933
vehicle,bo_tpe,5,42,0.8535403050108933
vehicle,bo_tpe,5,43,0.8565032679738561
vehicle,bo_tpe,5,44,0.8565032679738561
vehicle,bo_tpe,5,45,0.8565032679738561
vehicle,bo_tpe,5,46,0.8565032679738561
vehicle,bo_tpe,5,47,0.8565032679738561
vehicle,bo_tpe,5,48,0.8565032679738561
vehicle,bo_tpe,5,49,0.8565032679738561
vehicle,bo_tpe,5,50,0.8565032679738561
vehicle,bo_tpe,5,51,0.8565032679738561
vehicle,bo_tpe,5,52,0.8565032679738561
vehicle,bo_tpe,5,53,0.8565032679738561
vehicle,bo_tpe,5,54,0.8565032679738561
vehicle,bo_tpe,5,55,0.8579956427015251
vehicle,bo_tpe,5,56,0.8579956427015251
vehicle,bo_tpe,5,57,0.8609477124183007
vehicle,bo_tpe,5,58,0.8609477124183007
vehicle,bo_tpe,5,59,0.8609477124183007
vehicle,bo_tpe,5,60,0.8609477124183007
vehicle,bo_tpe,5,61,0.8609477124183007
vehicle,bo_tpe,5,62,0.8609477124183007
vehicle,bo_tpe,5,63,0.8609477124183007
vehicle,bo_tpe,5,64,0.8609477124183007
vehicle,bo_tpe,5,65,0.8609477124183007
vehicle,bo_tpe,5,66,0.8609477124183007
vehicle,bo_tpe,5,67,0.8609477124183007
vehicle,bo_tpe,5,68,0.8609477124183007
vehicle,bo_tpe,5,69,0.8609477124183007
vehicle,bo_tpe,5,70,0.8609477124183007
vehicle,bo_tpe,5,71,0.8609477124183007
vehicle,bo_tpe,5,72,0.8609477124183007
vehicle,bo_tpe,5,73,0.8609477124183007
vehicle,bo_tpe,5,74,0.8609477124183007
vehicle,bo_tpe,5,75,0.8609477124183007
vehicle,bo_tpe,5,76,0.8609477124183007
vehicle,bo_tpe,5,77,0.8609477124183007
vehicle,bo_tpe,5,78,0.8609477124183007
vehicle,bo_tpe,5,79,0.8609477124183007
vehicle,bo_tpe,5,80,0.8609477124183007
vehicle,bo_tpe,5,81,0.8609477124183007
vehicle,bo_tpe,5,82,0.8609477124183007
vehicle,bo_tpe,5,83,0.8609477124183007
vehicle,bo_tpe,5,84,0.8609477124183007
vehicle,bo_tpe,5,85,0.8609477124183007
vehicle,bo_tpe,5,86,0.8609477124183007
vehicle,bo_tpe,5,87,0.8609477124183007
vehicle,bo_tpe,5,88,0.8609477124183007
vehicle,bo_tpe,5,89,0.8609477124183007
vehicle,bo_tpe,5,90,0.8609477124183007
vehicle,bo_tpe,5,91,0.8609477124183007
vehicle,bo_tpe,5,92,0.8609477124183007
vehicle,bo_tpe,5,93,0.8609477124183007
vehicle,bo_tpe,5,94,0.8609477124183007
vehicle,bo_tpe,5,95,0.8609477124183007
vehicle,bo_tpe,5,96,0.8609477124183007
vehicle,bo_tpe,5,97,0.8609477124183007
vehicle,bo_tpe,5,98,0.8609477124183007
vehicle,bo_tpe,5,99,0.8609477124183007
vehicle,bo_tpe,5,100,0.8609477124183007
vehicle,pso,5,1,0.804727668845316
vehicle,pso,5,2,0.804727668845316
vehicle,pso,5,3,0.804727668845316
vehicle,pso,5,4,0.804727668845316
vehicle,pso,5,5,0.804727668845316
vehicle,pso,5,6,0.804727668845316
vehicle,pso,5,7,0.804727668845316
vehicle,pso,5,8,0.804727668845316
vehicle,pso,5,9,0.804727668845316
vehicle,pso,5,10,0.804727668845316
vehicle,pso,5,11,0.804727668845316
vehicle,pso,5,12,0.8269389978213508
vehicle,pso,5,13,0.8269389978213508
vehicle,pso,5,14,0.8269389978213508
vehicle,pso,5,15,0.8269389978213508
vehicle,pso,5,16,0.8269389978213508
vehicle,pso,5,17,0.8269389978213508
vehicle,pso,5,18,0.849106753812636
vehicle,pso,5,19,0.849106753812636
vehicle,pso,5,20,0.849106753812636
vehicle,pso,5,21,0.849106753812636
vehicle,pso,5,22,0.849106753812636
vehicle,pso,5,23,0.849106753812636
vehicle,pso,5,24,0.849106753812636
vehicle,pso,5,25,0.849106753812636
vehicle,pso,5,26,0.849106753812636
vehicle,pso,5,27,0.849106753812636
vehicle,pso,5,28,0.849106753812636
vehicle,pso,5,29,0.849106753812636
vehicle,pso,5,30,0.849106753812636
vehicle,pso,5,31,0.8565359477124183
vehicle,pso,5,32,0.8565359477124183
vehicle,pso,5,33,0.8565359477124183
vehicle,pso,5,34,0.8565359477124183
vehicle,pso,5,35,0.8565359477124183
vehicle,pso,5,36,0.8565359477124183
vehicle,pso,5,37,0.8565359477124183
vehicle,pso,5,38,0.8565359477124183
vehicle,pso,5,39,0.8565359477124183
vehicle,pso,5,40,0.8565359477124183
vehicle,pso,5,41,0.8565359477124183
vehicle,pso,5,42,0.8565359477124183
vehicle,pso,5,43,0.8565359477124183
vehicle,pso,5,44,0.8565359477124183
vehicle,pso,5,45,0.8565359477124183
vehicle,pso,5,46,0.8565359477124183
vehicle,pso,5,47,0.8565359477124183
vehicle,pso,5,48,0.8565359477124183
vehicle,pso,5,49,0.8565359477124183
vehicle,pso,5,50,0.8565359477124183
vehicle,pso,5,51,0.8565359477124183
vehicle,pso,5,52,0.8565359477124183
vehicle,pso,5,53,0.8565359477124183
vehicle,pso,5,54,0.8565359477124183
vehicle,pso,5,55,0.8565359477124183
vehicle,pso,5,56,0.8565359477124183
vehicle,pso,5,57,0.8565359477124183
vehicle,pso,5,58,0.8565359477124183
vehicle,pso,5,59,0.8565359477124183
vehicle,pso,5,60,0.8565359477124183
vehicle,pso,5,61,0.8565359477124183
vehicle,pso,5,62,0.8565359477124183
vehicle,pso,5,63,0.8565359477124183
vehicle,pso,5,64,0.8565359477124183
vehicle,pso,5,65,0.8594662309368191
vehicle,pso,5,66,0.8594662309368191
vehicle,pso,5,67,0.8594662309368191
vehicle,pso,5,68,0.8594662309368191
vehicle,pso,5,69,0.8594662309368191
vehicle,pso,5,70,0.8594662309368191
vehicle,pso,5,71,0.8594662309368191
vehicle,pso,5,72,0.8594662309368191
vehicle,pso,5,73,0.8594662309368191
vehicle,pso,5,74,0.8594662309368191
vehicle,pso,5,75,0.8594662309368191
vehicle,pso,5,76,0.8594662309368191
vehicle,pso,5,77,0.8594662309368191
vehicle,pso,5,78,0.8594662309368191
vehicle,pso,5,79,0.8594662309368191
vehicle,pso,5,80,0.8594662309368191
vehicle,pso,5,81,0.8594662309368191
vehicle,pso,5,82,0.8594662309368191
vehicle,pso,5,83,0.8594662309368191
vehicle,pso,5,84,0.8594662309368193
vehicle,pso,5,85,0.8594662309368193
vehicle,pso,5,86,0.8594662309368193
vehicle,pso,5,87,0.8594662309368193
vehicle,pso,5,88,0.8594662309368193
vehicle,pso,5,89,0.8594662309368193
vehicle,pso,5,90,0.8594662309368193
vehicle,pso,5,91,0.8594662309368193
vehicle,pso,5,92,0.8594662309368193
vehicle,pso,5,93,0.8594662309368193
vehicle,pso,5,94,0.8594662309368193
vehicle,pso,5,95,0.8594662309368193
vehicle,pso,5,96,0.8594662309368193
vehicle,pso,5,97,0.8594662309368193
vehicle,pso,5,98,0.8594662309368193
vehicle,pso,5,99,0.8594771241830065
vehicle,pso,5,100,0.8594771241830065
vehicle,de,5,1,0.6982352941176471
vehicle,de,5,2,0.7603376906318082
vehicle,de,5,3,0.7603376906318082
vehicle,de,5,4,0.7603376906318082
vehicle,de,5,5,0.7603376906318082
vehicle,de,5,6,0.7825599128540305
vehicle,de,5,7,0.7825599128540305
vehicle,de,5,8,0.7825599128540305
vehicle,de,5,9,0.7825599128540305
vehicle,de,5,10,0.7825599128540305
vehicle,de,5,11,0.7825599128540305
vehicle,de,5,12,0.7914161220043573
vehicle,de,5,13,0.7914161220043573
vehicle,de,5,14,0.7914161220043573
vehicle,de,5,15,0.7914161220043573
vehicle,de,5,16,0.7914161220043573
vehicle,de,5,17,0.7958605664488017
vehicle,de,5,18,0.7958605664488017
vehicle,de,5,19,0.8328431372549019
vehicle,de,5,20,0.8328431372549019
vehicle,de,5,21,0.8328431372549019
vehicle,de,5,22,0.8328431372549019
vehicle,de,5,23,0.8328431372549019
vehicle,de,5,24,0.8328431372549019
vehicle,de,5,25,0.8328431372549019
vehicle,de,5,26,0.8328431372549019
vehicle,de,5,27,0.8328431372549019
vehicle,de,5,28,0.8328431372549019
vehicle,de,5,29,0.8328431372549019
vehicle,de,5,30,0.8328431372549019
vehicle,de,5,31,0.8328431372549019
vehicle,de,5,32,0.8328431372549019
vehicle,de,5,33,0.8328431372549019
vehicle,de,5,34,0.8328431372549019
vehicle,de,5,35,0.8328431372549019
vehicle,de,5,36,0.846165577342048
vehicle,de,5,37,0.8506100217864925
vehicle,de,5,38,0.8506100217864925
vehicle,de,5,39,0.8506100217864925
vehicle,de,5,40,0.8506100217864925
vehicle,de,5,41,0.8506100217864925
vehicle,de,5,42,0.8506100217864925
vehicle,de,5,43,0.8506100217864925
vehicle,de,5,44,0.8506100217864925
vehicle,de,5,45,0.8506100217864925
vehicle,de,5,46,0.8506100217864925
vehicle,de,5,47,0.8506100217864925
vehicle,de,5,48,0.8506100217864925
vehicle,de,5,49,0.8506100217864925
vehicle,de,5,50,0.8506100217864925
vehicle,de,5,51,0.8506100217864925
vehicle,de,5,52,0.8506100217864925
vehicle,de,5,53,0.8506100217864925
vehicle,de,5,54,0.8506100217864925
vehicle,de,5,55,0.8506100217864925
vehicle,de,5,56,0.8565359477124183
vehicle,de,5,57,0.8565359477124183
vehicle,de,5,58,0.8565359477124183
vehicle,de,5,59,0.8565359477124183
vehicle,de,5,60,0.8565359477124183
vehicle,de,5,61,0.8565359477124183
vehicle,de,5,62,0.8565359477124183
vehicle,de,5,63,0.8565359477124183
vehicle,de,5,64,0.8565359477124183
vehicle,de,5,65,0.8579956427015251
vehicle,de,5,66,0.8579956427015251
vehicle,de,5,67,0.8579956427015251
vehicle,de,5,68,0.8579956427015251
vehicle,de,5,69,0.8579956427015251
vehicle,de,5,70,0.8579956427015251
vehicle,de,5,71,0.8579956427015251
vehicle,de,5,72,0.8579956427015251
vehicle,de,5,73,0.8579956427015251
vehicle,de,5,74,0.8579956427015251
vehicle,de,5,75,0.8579956427015251
vehicle,de,5,76,0.8594662309368193
vehicle,de,5,77,0.8594662309368193
vehicle,de,5,78,0.8594662309368193
vehicle,de,5,79,0.8594662309368193
vehicle,de,5,80,0.8594662309368193
vehicle,de,5,81,0.8594662309368193
vehicle,de,5,82,0.8594662309368193
vehicle,de,5,83,0.8594662309368193
vehicle,de,5,84,0.8594662309368193
vehicle,de,5,85,0.8594662309368193
vehicle,de,5,86,0.8594662309368193
vehicle,de,5,87,0.8594662309368193
vehicle,de,5,88,0.8594662309368193
vehicle,de,5,89,0.8594662309368193
vehicle,de,5,90,0.8594662309368193
vehicle,de,5,91,0.8594662309368193
vehicle,de,5,92,0.8594662309368193
vehicle,de,5,93,0.8594662309368193
vehicle,de,5,94,0.8594662309368193
vehicle,de,5,95,0.8594662309368193
vehicle,de,5,96,0.8594662309368193
vehicle,de,5,97,0.8594662309368193
vehicle,de,5,98,0.8594662309368193
vehicle,de,5,99,0.8594662309368193
vehicle,de,5,100,0.8594662309368193
vehicle,ga,5,1,0.6982352941176471
vehicle,ga,5,2,0.7603376906318082
vehicle,ga,5,3,0.7603376906318082
vehicle,ga,5,4,0.7603376906318082
vehicle,ga,5,5,0.7603376906318082
vehicle,ga,5,6,0.7825599128540305
vehicle,ga,5,7,0.7825599128540305
vehicle,ga,5,8,0.7825599128540305
vehicle,ga,5,9,0.7825599128540305
vehicle,ga,5,10,0.7825599128540305
vehicle,ga,5,11,0.7825599128540305
vehicle,ga,5,12,0.7914161220043573
vehicle,ga,5,13,0.7914161220043573
vehicle,ga,5,14,0.7914161220043573
vehicle,ga,5,15,0.7914161220043573
vehicle,ga,5,16,0.7914161220043573
vehicle,ga,5,17,0.7958605664488017
vehicle,ga,5,18,0.7958605664488017
vehicle,ga,5,19,0.8328431372549019
vehicle,ga,5,20,0.8328431372549019
vehicle,ga,5,21,0.8328431372549019
vehicle,ga,5,22,0.8328431372549019
vehicle,ga,5,23,0.8328431372549019
vehicle,ga,5,24,0.8328431372549019
vehicle,ga,5,25,0.8328431372549019
vehicle,ga,5,26,0.8328431372549019
vehicle,ga,5,27,0.8328431372549019
vehicle,ga,5,28,0.8328431372549019
vehicle,ga,5,29,0.8328431372549019
vehicle,ga,5,30,0.8343137254901961
vehicle,ga,5,31,0.8343137254901961
vehicle,ga,5,32,0.8343137254901961
vehicle,ga,5,33,0.8343137254901961
vehicle,ga,5,34,0.8343137254901961
vehicle,ga,5,35,0.8343137254901961
vehicle,ga,5,36,0.8343137254901961
vehicle,ga,5,37,0.8343137254901961
vehicle,ga,5,38,0.8343137254901961
vehicle,ga,5,39,0.8343137254901961
vehicle,ga,5,40,0.8343137254901961
vehicle,ga,5,41,0.8343137254901961
vehicle,ga,5,42,0.8343137254901961
vehicle,ga,5,43,0.8343137254901961
vehicle,ga,5,44,0.8343137254901961
vehicle,ga,5,45,0.8343137254901961
vehicle,ga,5,46,0.8343137254901961
vehicle,ga,5,47,0.8343137254901961
vehicle,ga,5,48,0.8343137254901961
vehicle,ga,5,49,0.8343137254901961
vehicle,ga,5,50,0.8343137254901961
vehicle,ga,5,51,0.8343137254901961
vehicle,ga,5,52,0.8343137254901961
vehicle,ga,5,53,0.8343137254901961
vehicle,ga,5,54,0.8343137254901961
vehicle,ga,5,55,0.8343137254901961
vehicle,ga,5,56,0.8343137254901961
vehicle,ga,5,57,0.8343137254901961
vehicle,ga,5,58,0.8343137254901961
vehicle,ga,5,59,0.8387799564270152
vehicle,ga,5,60,0.8387799564270152
vehicle,ga,5,61,0.840239651416122
vehicle,ga,5,62,0.8402505446623094
vehicle,ga,5,63,0.8402505446623094
vehicle,ga,5,64,0.8402505446623094
vehicle,ga,5,65,0.8402505446623094
vehicle,ga,5,66,0.8402505446623094
vehicle,ga,5,67,0.8402505446623094
vehicle,ga,5,68,0.8402505446623094
vehicle,ga,5,69,0.8402505446623094
vehicle,ga,5,70,0.8402505446623094
vehicle,ga,5,71,0.8402505446623094
vehicle,ga,5,72,0.8402505446623094
vehicle,ga,5,73,0.8402505446623094
vehicle,ga,5,74,0.8402505446623094
vehicle,ga,5,75,0.8402505446623094
vehicle,ga,5,76,0.8402505446623094
vehicle,ga,5,77,0.8491176470588236
vehicle,ga,5,78,0.8491176470588236
vehicle,ga,5,79,0.8491176470588236
vehicle,ga,5,80,0.8491176470588236
vehicle,ga,5,81,0.8491176470588236
vehicle,ga,5,82,0.8491176470588236
vehicle,ga,5,83,0.8505991285403051
vehicle,ga,5,84,0.8505991285403051
vehicle,ga,5,85,0.8505991285403051
vehicle,ga,5,86,0.8505991285403051
vehicle,ga,5,87,0.8505991285403051
vehicle,ga,5,88,0.8505991285403051
vehicle,ga,5,89,0.8505991285403051
vehicle,ga,5,90,0.8505991285403051
vehicle,ga,5,91,0.8505991285403051
vehicle,ga,5,92,0.8505991285403051
vehicle,ga,5,93,0.8505991285403051
vehicle,ga,5,94,0.8505991285403051
vehicle,ga,5,95,0.8505991285403051
vehicle,ga,5,96,0.8505991285403051
vehicle,ga,5,97,0.8505991285403051
vehicle,ga,5,98,0.8505991285403051
vehicle,ga,5,99,0.8505991285403051
vehicle,ga,5,100,0.8505991285403051
vehicle,grid,6,1,0.294433551198257
vehicle,grid,6,2,0.2959150326797385
vehicle,grid,6,3,0.2988779956427015
vehicle,grid,6,4,0.300359477124183
vehicle,grid,6,5,0.300359477124183
vehicle,grid,6,6,0.3610130718954248
vehicle,grid,6,7,0.3979738562091502
vehicle,grid,6,8,0.3979738562091502
vehicle,grid,6,9,0.3979738562091502
vehicle,grid,6,10,0.3979738562091502
vehicle,grid,6,11,0.3979738562091502
vehicle,grid,6,12,0.3979738562091502
vehicle,grid,6,13,0.3979738562091502
vehicle,grid,6,14,0.3979738562091502
vehicle,grid,6,15,0.5296078431372548
vehicle,grid,6,16,0.6257516339869281
vehicle,grid,6,17,0.6641721132897603
vehicle,grid,6,18,0.6641721132897603
vehicle,grid,6,19,0.6641721132897603
vehicle,grid,6,20,0.6641721132897603
vehicle,grid,6,21,0.6641721132897603
vehicle,grid,6,22,0.6641721132897603
vehicle,grid,6,23,0.6641721132897603
vehicle,grid,6,24,0.6641721132897603
vehicle,grid,6,25,0.6923093681917212
vehicle,grid,6,26,0.7470588235294118
vehicle,grid,6,27,0.7470588235294118
vehicle,grid,6,28,0.7470588235294118
vehicle,grid,6,29,0.7470588235294118
vehicle,grid,6,30,0.7470588235294118
vehicle,grid,6,31,0.7470588235294118
vehicle,grid,6,32,0.7470588235294118
vehicle,grid,6,33,0.7470588235294118
vehicle,grid,6,34,0.7470588235294118
vehicle,grid,6,35,0.7529738562091504
vehicle,grid,6,36,0.7692265795206972
vehicle,grid,6,37,0.7766122004357298
vehicle,grid,6,38,0.7766122004357298
vehicle,grid,6,39,0.7766122004357298
vehicle,grid,6,40,0.7766122004357298
vehicle,grid,6,41,0.7766122004357298
vehicle,grid,6,42,0.7766122004357298
vehicle,grid,6,43,0.7766122004357298
vehicle,grid,6,44,0.7766122004357298
vehicle,grid,6,45,0.795838779956427
vehicle,grid,6,46,0.8239869281045751
vehicle,grid,6,47,0.8239869281045751
vehicle,grid,6,48,0.8239869281045751
vehicle,grid,6,49,0.8239869281045751
vehicle,grid,6,50,0.8239869281045751
vehicle,grid,6,51,0.8239869281045751
vehicle,grid,6,52,0.8239869281045751
vehicle,grid,6,53,0.8239869281045751
vehicle,grid,6,54,0.8239869281045751
vehicle,grid,6,55,0.8269172113289759
vehicle,grid,6,56,0.8328649237472767
vehicle,grid,6,57,0.8328649237472767
vehicle,grid,6,58,0.8328649237472767
vehicle,grid,6,59,0.8328649237472767
vehicle,grid,6,60,0.8328649237472767
vehicle,grid,6,61,0.8328649237472767
vehicle,grid,6,62,0.8328649237472767
vehicle,grid,6,63,0.8328649237472767
vehicle,grid,6,64,0.8328649237472767
vehicle,grid,6,65,0.8402396514161221
vehicle,grid,6,66,0.8402396514161221
vehicle,grid,6,67,0.8402396514161221
vehicle,grid,6,68,0.8402396514161221
vehicle,grid,6,69,0.8402396514161221
vehicle,grid,6,70,0.8402396514161221
vehicle,grid,6,71,0.8402396514161221
vehicle,grid,6,72,0.8402396514161221
vehicle,grid,6,73,0.8402396514161221
vehicle,grid,6,74,0.8431917211328976
vehicle,grid,6,75,0.8431917211328976
vehicle,grid,6,76,0.8431917211328976
vehicle,grid,6,77,0.8431917211328976
vehicle,grid,6,78,0.8431917211328976
vehicle,grid,6,79,0.8431917211328976
vehicle,grid,6,80,0.8431917211328976
vehicle,grid,6,81,0.8431917211328976
vehicle,grid,6,82,0.8431917211328976
vehicle,grid,6,83,0.8431917211328976
vehicle,grid,6,84,0.8447167755991286
vehicle,grid,6,85,0.8447167755991286
vehicle,grid,6,86,0.8447167755991286
vehicle,grid,6,87,0.8447167755991286
vehicle,grid,6,88,0.8447167755991286
vehicle,grid,6,89,0.8447167755991286
vehicle,grid,6,90,0.8447167755991286
vehicle,grid,6,91,0.8447167755991286
vehicle,grid,6,92,0.8447167755991286
vehicle,grid,6,93,0.8447167755991286
vehicle,grid,6,94,0.8447167755991286
vehicle,grid,6,95,0.8447167755991286
vehicle,grid,6,96,0.8447167755991286
vehicle,grid,6,97,0.8447167755991286
vehicle,grid,6,98,0.8447167755991286
vehicle,grid,6,99,0.8447167755991286
vehicle,grid,6,100,0.8447167755991286
vehicle,random,6,1,0.8461873638344226
vehicle,random,6,2,0.8461873638344226
vehicle,random,6,3,0.8461873638344226
vehicle,random,6,4,0.8461873638344226
vehicle,random,6,5,0.8461873638344226
vehicle,random,6,6,0.8461873638344226
vehicle,random,6,7,0.8461873638344226
vehicle,random,6,8,0.8461873638344226
vehicle,random,6,9,0.8461873638344226
vehicle,random,6,10,0.8461873638344226
vehicle,random,6,11,0.8461873638344226
vehicle,random,6,12,0.8461873638344226
vehicle,random,6,13,0.8461873638344226
vehicle,random,6,14,0.8461873638344226
vehicle,random,6,15,0.8461873638344226
vehicle,random,6,16,0.8461873638344226
vehicle,random,6,17,0.8461873638344226
vehicle,random,6,18,0.8461873638344226
vehicle,random,6,19,0.8461873638344226
vehicle,random,6,20,0.8461873638344226
vehicle,random,6,21,0.8461873638344226
vehicle,random,6,22,0.8461873638344226
vehicle,random,6,23,0.8461873638344226
vehicle,random,6,24,0.8461873638344226
vehicle,random,6,25,0.8461873638344226
vehicle,random,6,26,0.8461873638344226
vehicle,random,6,27,0.8461873638344226
vehicle,random,6,28,0.8461873638344226
vehicle,random,6,29,0.8461873638344226
vehicle,random,6,30,0.8461873638344226
vehicle,random,6,31,0.8461873638344226
vehicle,random,6,32,0.8461873638344226
vehicle,random,6,33,0.8461873638344226
vehicle,random,6,34,0.8461873638344226
vehicle,random,6,35,0.8461873638344226
vehicle,random,6,36,0.8461873638344226
vehicle,random,6,37,0.8461873638344226
vehicle,random,6,38,0.8461873638344226
vehicle,random,6,39,0.8461873638344226
vehicle,random,6,40,0.8461873638344226
vehicle,random,6,41,0.8461873638344226
vehicle,random,6,42,0.8461873638344226
vehicle,random,6,43,0.8461873638344226
vehicle,random,6,44,0.8461873638344226
vehicle,random,6,45,0.8461873638344226
vehicle,random,6,46,0.8461873638344226
vehicle,random,6,47,0.8461873638344226
vehicle,random,6,48,0.8461873638344226
vehicle,random,6,49,0.8461873638344226
vehicle,random,6,50,0.8461873638344226
vehicle,random,6,51,0.8461873638344226
vehicle,random,6,52,0.8461873638344226
vehicle,random,6,53,0.8461873638344226
vehicle,random,6,54,0.8461873638344226
vehicle,random,6,55,0.8461873638344226
vehicle,random,6,56,0.8461873638344226
vehicle,random,6,57,0.8461873638344226
vehicle,random,6,58,0.8461873638344226
vehicle,random,6,59,0.8461873638344226
vehicle,random,6,60,0.8461873638344226
vehicle,random,6,61,0.8461873638344226
vehicle,random,6,62,0.8461873638344226
vehicle,random,6,63,0.8461873638344226
vehicle,random,6,64,0.8461873638344226
vehicle,random,6,65,0.8461873638344226
vehicle,random,6,66,0.8461873638344226
vehicle,random,6,67,0.8461873638344226
vehicle,random,6,68,0.8505773420479302
vehicle,random,6,69,0.8505773420479302
vehicle,random,6,70,0.8505773420479302
vehicle,random,6,71,0.8505773420479302
vehicle,random,6,72,0.8505773420479302
vehicle,random,6,73,0.8505773420479302
vehicle,random,6,74,0.8505773420479302
vehicle,random,6,75,0.8505773420479302
vehicle,random,6,76,0.8505773420479302
vehicle,random,6,77,0.8505773420479302
vehicle,random,6,78,0.8505773420479302
vehicle,random,6,79,0.8505773420479302
vehicle,random,6,80,0.8505773420479302
vehicle,random,6,81,0.8505773420479302
vehicle,random,6,82,0.8505773420479302
vehicle,random,6,83,0.8505773420479302
vehicle,random,6,84,0.8505773420479302
vehicle,random,6,85,0.8505773420479302
vehicle,random,6,86,0.8505773420479302
vehicle,random,6,87,0.8505773420479302
vehicle,random,6,88,0.8505773420479302
vehicle,random,6,89,0.8505773420479302
vehicle,random,6,90,0.8505773420479302
vehicle,random,6,91,0.8505773420479302
vehicle,random,6,92,0.8505773420479302
vehicle,random,6,93,0.8505773420479302
vehicle,random,6,94,0.8505773420479302
vehicle,random,6,95,0.8505773420479302
vehicle,random,6,96,0.8505773420479302
vehicle,random,6,97,0.8505773420479302
vehicle,random,6,98,0.8505773420479302
vehicle,random,6,99,0.8505773420479302
vehicle,random,6,100,0.8505773420479302
vehicle,bo_tpe,6,1,0.8461873638344226
vehicle,bo_tpe,6,2,0.8461873638344226
vehicle,bo_tpe,6,3,0.8461873638344226
vehicle,bo_tpe,6,4,0.8461873638344226
vehicle,bo_tpe,6,5,0.8461873638344226
vehicle,bo_tpe,6,6,0.8461873638344226
vehicle,bo_tpe,6,7,0.8461873638344226
vehicle,bo_tpe,6,8,0.8461873638344226
vehicle,bo_tpe,6,9,0.8461873638344226
vehicle,bo_tpe,6,10,0.8461873638344226
vehicle,bo_tpe,6,11,0.8461873638344226
vehicle,bo_tpe,6,12,0.8461873638344226
vehicle,bo_tpe,6,13,0.8461873638344226
vehicle,bo_tpe,6,14,0.8461873638344226
vehicle,bo_tpe,6,15,0.8461873638344226
vehicle,bo_tpe,6,16,0.8461873638344226
vehicle,bo_tpe,6,17,0.8461873638344226
vehicle,bo_tpe,6,18,0.8461873638344226
vehicle,bo_tpe,6,19,0.8461873638344226
vehicle,bo_tpe,6,20,0.8461873638344226
vehicle,bo_tpe,6,21,0.8461873638344226
vehicle,bo_tpe,6,22,0.8461873638344226
vehicle,bo_tpe,6,23,0.8461873638344226
vehicle,bo_tpe,6,24,0.8461873638344226
vehicle,bo_tpe,6,25,0.8461873638344226
vehicle,bo_tpe,6,26,0.8461873638344226
vehicle,bo_tpe,6,27,0.8461873638344226
vehicle,bo_tpe,6,28,0.8461873638344226
vehicle,bo_tpe,6,29,0.8461873638344226
vehicle,bo_tpe,6,30,0.8461873638344226
vehicle,bo_tpe,6,31,0.8461873638344226
vehicle,bo_tpe,6,32,0.8461873638344226
vehicle,bo_tpe,6,33,0.8461873638344226
vehicle,bo_tpe,6,34,0.8461873638344226
vehicle,bo_tpe,6,35,0.8461873638344226
vehicle,bo_tpe,6,36,0.8476252723311546
vehicle,bo_tpe,6,37,0.8476252723311546
vehicle,bo_tpe,6,38,0.8476252723311546
vehicle,bo_tpe,6,39,0.8476252723311546
vehicle,bo_tpe,6,40,0.8476252723311546
vehicle,bo_tpe,6,41,0.8476252723311546
vehicle,bo_tpe,6,42,0.8476252723311546
vehicle,bo_tpe,6,43,0.8505882352941176
vehicle,bo_tpe,6,44,0.8505882352941176
vehicle,bo_tpe,6,45,0.8505882352941176
vehicle,bo_tpe,6,46,0.8505882352941176
vehicle,bo_tpe,6,47,0.8505882352941176
vehicle,bo_tpe,6,48,0.8505882352941176
vehicle,bo_tpe,6,49,0.8505882352941176
vehicle,bo_tpe,6,50,0.8505882352941176
vehicle,bo_tpe,6,51,0.8505882352941176
vehicle,bo_tpe,6,52,0.8505882352941176
vehicle,bo_tpe,6,53,0.8505882352941176
vehicle,bo_tpe,6,54,0.8505882352941176
vehicle,bo_tpe,6,55,0.8505882352941176
vehicle,bo_tpe,6,56,0.8505882352941176
vehicle,bo_tpe,6,57,0.8505882352941176
vehicle,bo_tpe,6,58,0.8505882352941176
vehicle,bo_tpe,6,59,0.8505882352941176
vehicle,bo_tpe,6,60,0.8505882352941176
vehicle,bo_tpe,6,61,0.8505882352941176
vehicle,bo_tpe,6,62,0.8505882352941176
vehicle,bo_tpe,6,63,0.8505882352941176
vehicle,bo_tpe,6,64,0.8505882352941176
vehicle,bo_tpe,6,65,0.8505882352941176
vehicle,bo_tpe,6,66,0.8505882352941176
vehicle,bo_tpe,6,67,0.8505882352941176
vehicle,bo_tpe,6,68,0.8505882352941176
vehicle,bo_tpe,6,69,0.8505882352941176
vehicle,bo_tpe,6,70,0.8505882352941176
vehicle,bo_tpe,6,71,0.8505882352941176
vehicle,bo_tpe,6,72,0.8505882352941176
vehicle,bo_tpe,6,73,0.8505882352941176
vehicle,bo_tpe,6,74,0.8505882352941176
vehicle,bo_tpe,6,75,0.8505882352941176
vehicle,bo_tpe,6,76,0.8505882352941176
vehicle,bo_tpe,6,77,0.8505882352941176
vehicle,bo_tpe,6,78,0.8505882352941176
vehicle,bo_tpe,6,79,0.8505882352941176
vehicle,bo_tpe,6,80,0.8505882352941176
vehicle,bo_tpe,6,81,0.8505882352941176
vehicle,bo_tpe,6,82,0.8505882352941176
vehicle,bo_tpe,6,83,0.8505882352941176
vehicle,bo_tpe,6,84,0.8505882352941176
vehicle,bo_tpe,6,85,0.8505882352941176
vehicle,bo_tpe,6,86,0.8505882352941176
vehicle,bo_tpe,6,87,0.8505882352941176
vehicle,bo_tpe,6,88,0.8505882352941176
vehicle,bo_tpe,6,89,0.8505882352941176
vehicle,bo_tpe,6,90,0.8505882352941176
vehicle,bo_tpe,6,91,0.8505882352941176
vehicle,bo_tpe,6,92,0.8505882352941176
vehicle,bo_tpe,6,93,0.8505882352941176
vehicle,bo_tpe,6,94,0.8505882352941176
vehicle,bo_tpe,6,95,0.8505882352941176
vehicle,bo_tpe,6,96,0.8505882352941176
vehicle,bo_tpe,6,97,0.8505882352941176
vehicle,bo_tpe,6,98,0.8505882352941176
vehicle,bo_tpe,6,99,0.8505882352941176
vehicle,bo_tpe,6,100,0.8505882352941176
vehicle,pso,6,1,0.7973529411764706
vehicle,pso,6,2,0.7973529411764706
vehicle,pso,6,3,0.7973529411764706
vehicle,pso,6,4,0.7973529411764706
vehicle,pso,6,5,0.7973529411764706
vehicle,pso,6,6,0.7973529411764706
vehicle,pso,6,7,0.7973529411764706
vehicle,pso,6,8,0.7973529411764706
vehicle,pso,6,9,0.8328431372549019
vehicle,pso,6,10,0.8328431372549019
vehicle,pso,6,11,0.8328431372549019
vehicle,pso,6,12,0.8328431372549019
vehicle,pso,6,13,0.8328431372549019
vehicle,pso,6,14,0.8328431372549019
vehicle,pso,6,15,0.8328431372549019
vehicle,pso,6,16,0.8328431372549019
vehicle,pso,6,17,0.8328431372549019
vehicle,pso,6,18,0.8328431372549019
vehicle,pso,6,19,0.8461764705882354
vehicle,pso,6,20,0.8461764705882354
vehicle,pso,6,21,0.8461764705882354
vehicle,pso,6,22,0.8461764705882354
vehicle,pso,6,23,0.847636165577342
vehicle,pso,6,24,0.847636165577342
vehicle,pso,6,25,0.847636165577342
vehicle,pso,6,26,0.847636165577342
vehicle,pso,6,27,0.847636165577342
vehicle,pso,6,28,0.847636165577342
vehicle,pso,6,29,0.847636165577342
vehicle,pso,6,30,0.847636165577342
vehicle,pso,6,31,0.847636165577342
vehicle,pso,6,32,0.847636165577342
vehicle,pso,6,33,0.847636165577342
vehicle,pso,6,34,0.847636165577342
vehicle,pso,6,35,0.847636165577342
vehicle,pso,6,36,0.847636165577342
vehicle,pso,6,37,0.847636165577342
vehicle,pso,6,38,0.847636165577342
vehicle,pso,6,39,0.847636165577342
vehicle,pso,6,40,0.847636165577342
vehicle,pso,6,41,0.847636165577342
vehicle,pso,6,42,0.847636165577342
vehicle,pso,6,43,0.8505882352941176
vehicle,pso,6,44,0.8505882352941176
vehicle,pso,6,45,0.8505882352941176
vehicle,pso,6,46,0.8505882352941176
vehicle,pso,6,47,0.8505882352941176
vehicle,pso,6,48,0.8505882352941176
vehicle,pso,6,49,0.8505882352941176
vehicle,pso,6,50,0.8505882352941176
vehicle,pso,6,51,0.8505882352941176
vehicle,pso,6,52,0.8505882352941176
vehicle,pso,6,53,0.8505882352941176
vehicle,pso,6,54,0.8505882352941176
vehicle,pso,6,55,0.8505882352941176
vehicle,pso,6,56,0.8505882352941176
vehicle,pso,6,57,0.8505882352941176
vehicle,pso,6,58,0.8505882352941176
vehicle,pso,6,59,0.8505882352941176
vehicle,pso,6,60,0.8505882352941176
vehicle,pso,6,61,0.8505882352941176
vehicle,pso,6,62,0.8535729847494553
vehicle,pso,6,63,0.8535729847494553
vehicle,pso,6,64,0.8535729847494553
vehicle,pso,6,65,0.8535729847494553
vehicle,pso,6,66,0.8535729847494553
vehicle,pso,6,67,0.8535729847494553
vehicle,pso,6,68,0.8535729847494553
vehicle,pso,6,69,0.8535729847494553
vehicle,pso,6,70,0.8535729847494553
vehicle,pso,6,71,0.8535729847494553
vehicle,pso,6,72,0.8535729847494553
vehicle,pso,6,73,0.8535729847494553
vehicle,pso,6,74,0.8535729847494553
vehicle,pso,6,75,0.8535729847494553
vehicle,pso,6,76,0.8535729847494553
vehicle,pso,6,77,0.8535729847494553
vehicle,pso,6,78,0.8535729847494553
vehicle,pso,6,79,0.8535729847494553
vehicle,pso,6,80,0.8535729847494553
vehicle,pso,6,81,0.8535729847494553
vehicle,pso,6,82,0.8535729847494553
vehicle,pso,6,83,0.8535729847494553
vehicle,pso,6,84,0.8535729847494553
vehicle,pso,6,85,0.8535729847494553
vehicle,pso,6,86,0.8535729847494553
vehicle,pso,6,87,0.8535729847494553
vehicle,pso,6,88,0.8535729847494553
vehicle,pso,6,89,0.8535729847494553
vehicle,pso,6,90,0.8535729847494553
vehicle,pso,6,91,0.8535729847494553
vehicle,pso,6,92,0.8535729847494553
vehicle,pso,6,93,0.8535729847494553
vehicle,pso,6,94,0.8535729847494553
vehicle,pso,6,95,0.8535729847494553
vehicle,pso,6,96,0.8535729847494553
vehicle,pso,6,97,0.8535729847494553
vehicle,pso,6,98,0.8535729847494553
vehicle,pso,6,99,0.8535729847494553
vehicle,pso,6,100,0.8535729847494553
vehicle,de,6,1,0.7884422657952069
vehicle,de,6,2,0.7884422657952069
vehicle,de,6,3,0.8003159041394335
vehicle,de,6,4,0.816557734204793
vehicle,de,6,5,0.816557734204793
vehicle,de,6,6,0.816557734204793
vehicle,de,6,7,0.816557734204793
vehicle,de,6,8,0.816557734204793
vehicle,de,6,9,0.816557734204793
vehicle,de,6,10,0.8387581699346406
vehicle,de,6,11,0.8387581699346406
vehicle,de,6,12,0.8387581699346406
vehicle,de,6,13,0.8387581699346406
vehicle,de,6,14,0.8387581699346406
vehicle,de,6,15,0.8387581699346406
vehicle,de,6,16,0.8387581699346406
vehicle,de,6,17,0.8387581699346406
vehicle,de,6,18,0.8387581699346406
vehicle,de,6,19,0.844694989106754
vehicle,de,6,20,0.844694989106754
vehicle,de,6,21,0.844694989106754
vehicle,de,6,22,0.847636165577342
vehicle,de,6,23,0.847636165577342
vehicle,de,6,24,0.847636165577342
vehicle,de,6,25,0.847636165577342
vehicle,de,6,26,0.847636165577342
vehicle,de,6,27,0.847636165577342
vehicle,de,6,28,0.847636165577342
vehicle,de,6,29,0.847636165577342
vehicle,de,6,30,0.847636165577342
vehicle,de,6,31,0.847636165577342
vehicle,de,6,32,0.847636165577342
vehicle,de,6,33,0.847636165577342
vehicle,de,6,34,0.847636165577342
vehicle,de,6,35,0.847636165577342
vehicle,de,6,36,0.847636165577342
vehicle,de,6,37,0.847636165577342
vehicle,de,6,38,0.847636165577342
vehicle,de,6,39,0.847636165577342
vehicle,de,6,40,0.847636165577342
vehicle,de,6,41,0.847636165577342
vehicle,de,6,42,0.847636165577342
vehicle,de,6,43,0.847636165577342
vehicle,de,6,44,0.847636165577342
vehicle,de,6,45,0.847636165577342
vehicle,de,6,46,0.847636165577342
vehicle,de,6,47,0.847636165577342
vehicle,de,6,48,0.847636165577342
vehicle,de,6,49,0.847636165577342
vehicle,de,6,50,0.847636165577342
vehicle,de,6,51,0.847636165577342
vehicle,de,6,52,0.847636165577342
vehicle,de,6,53,0.8535294117647059
vehicle,de,6,54,0.8535294117647059
vehicle,de,6,55,0.8535294117647059
vehicle,de,6,56,0.8535294117647059
vehicle,de,6,57,0.8535294117647059
vehicle,de,6,58,0.8535294117647059
vehicle,de,6,59,0.8535294117647059
vehicle,de,6,60,0.8535294117647059
vehicle,de,6,61,0.8535294117647059
vehicle,de,6,62,0.8535294117647059
vehicle,de,6,63,0.8535294117647059
vehicle,de,6,64,0.8535294117647059
vehicle,de,6,65,0.8535294117647059
vehicle,de,6,66,0.8535294117647059
vehicle,de,6,67,0.8535294117647059
vehicle,de,6,68,0.8535294117647059
vehicle,de,6,69,0.8535294117647059
vehicle,de,6,70,0.8535294117647059
vehicle,de,6,71,0.8535294117647059
vehicle,de,6,72,0.8535294117647059
vehicle,de,6,73,0.8535294117647059
vehicle,de,6,74,0.8535294117647059
vehicle,de,6,75,0.8535294117647059
vehicle,de,6,76,0.8535294117647059
vehicle,de,6,77,0.8535294117647059
vehicle,de,6,78,0.8535294117647059
vehicle,de,6,79,0.8535294117647059
vehicle,de,6,80,0.8535294117647059
vehicle,de,6,81,0.8535294117647059
vehicle,de,6,82,0.8535294117647059
vehicle,de,6,83,0.8535294117647059
vehicle,de,6,84,0.8535294117647059
vehicle,de,6,85,0.8535294117647059
vehicle,de,6,86,0.8535294117647059
vehicle,de,6,87,0.8535294117647059
vehicle,de,6,88,0.8535294117647059
vehicle,de,6,89,0.8535294117647059
vehicle,de,6,90,0.8535294117647059
vehicle,de,6,91,0.8535294117647059
vehicle,de,6,92,0.8535294117647059
vehicle,de,6,93,0.8550108932461875
vehicle,de,6,94,0.8550108932461875
vehicle,de,6,95,0.8550108932461875
vehicle,de,6,96,0.8550108932461875
vehicle,de,6,97,0.8550108932461875
vehicle,de,6,98,0.8550108932461875
vehicle,de,6,99,0.8550108932461875
vehicle,de,6,100,0.8550108932461875
vehicle,ga,6,1,0.7884422657952069
vehicle,ga,6,2,0.7884422657952069
vehicle,ga,6,3,0.8003159041394335
vehicle,ga,6,4,0.816557734204793
vehicle,ga,6,5,0.816557734204793
vehicle,ga,6,6,0.816557734204793
vehicle,ga,6,7,0.816557734204793
vehicle,ga,6,8,0.816557734204793
vehicle,ga,6,9,0.816557734204793
vehicle,ga,6,10,0.8387581699346406
vehicle,ga,6,11,0.8387581699346406
vehicle,ga,6,12,0.8387581699346406
vehicle,ga,6,13,0.8387581699346406
vehicle,ga,6,14,0.8387581699346406
vehicle,ga,6,15,0.8387581699346406
vehicle,ga,6,16,0.8387581699346406
vehicle,ga,6,17,0.8387581699346406
vehicle,ga,6,18,0.8387581699346406
vehicle,ga,6,19,0.844694989106754
vehicle,ga,6,20,0.844694989106754
vehicle,ga,6,21,0.844694989106754
vehicle,ga,6,22,0.844694989106754
vehicle,ga,6,23,0.844694989106754
vehicle,ga,6,24,0.844694989106754
vehicle,ga,6,25,0.844694989106754
vehicle,ga,6,26,0.844694989106754
vehicle,ga,6,27,0.844694989106754
vehicle,ga,6,28,0.844694989106754
vehicle,ga,6,29,0.844694989106754
vehicle,ga,6,30,0.844694989106754
vehicle,ga,6,31,0.844694989106754
vehicle,ga,6,32,0.844694989106754
vehicle,ga,6,33,0.844694989106754
vehicle,ga,6,34,0.844694989106754
vehicle,ga,6,35,0.844694989106754
vehicle,ga,6,36,0.8461873638344226
vehicle,ga,6,37,0.8461873638344226
vehicle,ga,6,38,0.8461873638344226
vehicle,ga,6,39,0.8461873638344226
vehicle,ga,6,40,0.8461873638344226
vehicle,ga,6,41,0.8461873638344226
vehicle,ga,6,42,0.8461873638344226
vehicle,ga,6,43,0.8461873638344226
vehicle,ga,6,44,0.8461873638344226
vehicle,ga,6,45,0.8461873638344226
vehicle,ga,6,46,0.8461873638344226
vehicle,ga,6,47,0.8461873638344226
vehicle,ga,6,48,0.8461873638344226
vehicle,ga,6,49,0.8461873638344226
vehicle,ga,6,50,0.8461873638344226
vehicle,ga,6,51,0.8461873638344226
vehicle,ga,6,52,0.8461873638344226
vehicle,ga,6,53,0.8461873638344226
vehicle,ga,6,54,0.8461873638344226
vehicle,ga,6,55,0.8461873638344226
vehicle,ga,6,56,0.8461873638344226
vehicle,ga,6,57,0.8461873638344226
vehicle,ga,6,58,0.8461873638344226
vehicle,ga,6,59,0.8461873638344226
vehicle,ga,6,60,0.8461873638344226
vehicle,ga,6,61,0.8461873638344226
vehicle,ga,6,62,0.8461873638344226
vehicle,ga,6,63,0.8461873638344226
vehicle,ga,6,64,0.8461873638344226
vehicle,ga,6,65,0.8461873638344226
vehicle,ga,6,66,0.8461873638344226
vehicle,ga,6,67,0.8461873638344226
vehicle,ga,6,68,0.8461873638344226
vehicle,ga,6,69,0.8461873638344226
vehicle,ga,6,70,0.8461873638344226
vehicle,ga,6,71,0.84619825708061
vehicle,ga,6,72,0.84619825708061
vehicle,ga,6,73,0.84619825708061
vehicle,ga,6,74,0.84619825708061
vehicle,ga,6,75,0.84619825708061
vehicle,ga,6,76,0.84619825708061
vehicle,ga,6,77,0.84619825708061
vehicle,ga,6,78,0.84619825708061
vehicle,ga,6,79,0.8491394335511983
vehicle,ga,6,80,0.8491394335511983
vehicle,ga,6,81,0.8520588235294116
vehicle,ga,6,82,0.8520588235294116
vehicle,ga,6,83,0.8520588235294116
vehicle,ga,6,84,0.8520588235294116
vehicle,ga,6,85,0.8520588235294116
vehicle,ga,6,86,0.8520588235294116
vehicle,ga,6,87,0.8520588235294116
vehicle,ga,6,88,0.8520588235294116
vehicle,ga,6,89,0.8520588235294116
vehicle,ga,6,90,0.8520588235294116
vehicle,ga,6,91,0.8520588235294116
vehicle,ga,6,92,0.8520588235294116
vehicle,ga,6,93,0.8520588235294116
vehicle,ga,6,94,0.8520588235294116
vehicle,ga,6,95,0.8520588235294116
vehicle,ga,6,96,0.8520588235294116
vehicle,ga,6,97,0.8520588235294116
vehicle,ga,6,98,0.8520588235294116
vehicle,ga,6,99,0.8520588235294116
vehicle,ga,6,100,0.8520588235294116
vehicle,grid,7,1,0.3033224400871459
vehicle,grid,7,2,0.3033224400871459
vehicle,grid,7,3,0.3107298474945533
vehicle,grid,7,4,0.3151742919389978
vehicle,grid,7,5,0.3151742919389978
vehicle,grid,7,6,0.4483006535947712
vehicle,grid,7,7,0.4483006535947712
vehicle,grid,7,8,0.4483006535947712
vehicle,grid,7,9,0.4483006535947712
vehicle,grid,7,10,0.4483006535947712
vehicle,grid,7,11,0.4483006535947712
vehicle,grid,7,12,0.4483006535947712
vehicle,grid,7,13,0.4483006535947712
vehicle,grid,7,14,0.4483006535947712
vehicle,grid,7,15,0.4571023965141612
vehicle,grid,7,16,0.6479084967320261
vehicle,grid,7,17,0.6849128540305012
vehicle,grid,7,18,0.6849128540305012
vehicle,grid,7,19,0.6849128540305012
vehicle,grid,7,20,0.6849128540305012
vehicle,grid,7,21,0.6849128540305012
vehicle,grid,7,22,0.6849128540305012
vehicle,grid,7,23,0.6849128540305012
vehicle,grid,7,24,0.6849128540305012
vehicle,grid,7,25,0.6907952069716776
vehicle,grid,7,26,0.7381263616557735
vehicle,grid,7,27,0.7662745098039216
vehicle,grid,7,28,0.7662745098039216
vehicle,grid,7,29,0.7662745098039216
vehicle,grid,7,30,0.7662745098039216
vehicle,grid,7,31,0.7662745098039216
vehicle,grid,7,32,0.7662745098039216
vehicle,grid,7,33,0.7662745098039216
vehicle,grid,7,34,0.7662745098039216
vehicle,grid,7,35,0.7662745098039216
vehicle,grid,7,36,0.7899455337690631
vehicle,grid,7,37,0.792843137254902
vehicle,grid,7,38,0.792843137254902
vehicle,grid,7,39,0.792843137254902
vehicle,grid,7,40,0.792843137254902
vehicle,grid,7,41,0.792843137254902
vehicle,grid,7,42,0.792843137254902
vehicle,grid,7,43,0.792843137254902
vehicle,grid,7,44,0.792843137254902
vehicle,grid,7,45,0.800272331154684
vehicle,grid,7,46,0.8239433551198256
vehicle,grid,7,47,0.8239433551198256
vehicle,grid,7,48,0.8239433551198256
vehicle,grid,7,49,0.8239433551198256
vehicle,grid,7,50,0.8239433551198256
vehicle,grid,7,51,0.8239433551198256
vehicle,grid,7,52,0.8239433551198256
vehicle,grid,7,53,0.8239433551198256
vehicle,grid,7,54,0.8239433551198256
vehicle,grid,7,55,0.8239433551198256
vehicle,grid,7,56,0.8416557734204794
vehicle,grid,7,57,0.8416557734204794
vehicle,grid,7,58,0.8416557734204794
vehicle,grid,7,59,0.8416557734204794
vehicle,grid,7,60,0.8416557734204794
vehicle,grid,7,61,0.8416557734204794
vehicle,grid,7,62,0.8416557734204794
vehicle,grid,7,63,0.8416557734204794
vehicle,grid,7,64,0.8416557734204794
vehicle,grid,7,65,0.8416557734204794
vehicle,grid,7,66,0.8416557734204794
vehicle,grid,7,67,0.8416557734204794
vehicle,grid,7,68,0.8416557734204794
vehicle,grid,7,69,0.8416557734204794
vehicle,grid,7,70,0.8416557734204794
vehicle,grid,7,71,0.8416557734204794
vehicle,grid,7,72,0.8416557734204794
vehicle,grid,7,73,0.8416557734204794
vehicle,grid,7,74,0.8416557734204794
vehicle,grid,7,75,0.8416557734204794
vehicle,grid,7,76,0.8416557734204794
vehicle,grid,7,77,0.8416557734204794
vehicle,grid,7,78,0.8416557734204794
vehicle,grid,7,79,0.8416557734204794
vehicle,grid,7,80,0.8416557734204794
vehicle,grid,7,81,0.8416557734204794
vehicle,grid,7,82,0.8416557734204794
vehicle,grid,7,83,0.8416557734204794
vehicle,grid,7,84,0.8416557734204794
vehicle,grid,7,85,0.8416557734204794
vehicle,grid,7,86,0.8416557734204794
vehicle,grid,7,87,0.8416557734204794
vehicle,grid,7,88,0.8416557734204794
vehicle,grid,7,89,0.8416557734204794
vehicle,grid,7,90,0.8416557734204794
vehicle,grid,7,91,0.8416557734204794
vehicle,grid,7,92,0.8416557734204794
vehicle,grid,7,93,0.8416557734204794
vehicle,grid,7,94,0.8416557734204794
vehicle,grid,7,95,0.8416557734204794
vehicle,grid,7,96,0.8416557734204794
vehicle,grid,7,97,0.8416557734204794
vehicle,grid,7,98,0.8416557734204794
vehicle,grid,7,99,0.8416557734204794
vehicle,grid,7,100,0.8416557734204794
vehicle,random,7,1,0.3816666666666666
vehicle,random,7,2,0.7499564270152506
vehicle,random,7,3,0.8387037037037036
vehicle,random,7,4,0.8387037037037036
vehicle,random,7,5,0.8387037037037036
vehicle,random,7,6,0.8387037037037036
vehicle,random,7,7,0.8387037037037036
vehicle,random,7,8,0.8387037037037036
vehicle,random,7,9,0.8387037037037036
vehicle,random,7,10,0.8387037037037036
vehicle,random,7,11,0.8387037037037036
vehicle,random,7,12,0.8387037037037036
vehicle,random,7,13,0.8387037037037036
vehicle,random,7,14,0.8387037037037036
vehicle,random,7,15,0.8416993464052288
vehicle,random,7,16,0.8416993464052288
vehicle,random,7,17,0.8416993464052288
vehicle,random,7,18,0.8416993464052288
vehicle,random,7,19,0.8416993464052288
vehicle,random,7,20,0.8416993464052288
vehicle,random,7,21,0.8416993464052288
vehicle,random,7,22,0.8416993464052288
vehicle,random,7,23,0.8416993464052288
vehicle,random,7,24,0.8416993464052288
vehicle,random,7,25,0.8416993464052288
vehicle,random,7,26,0.8416993464052288
vehicle,random,7,27,0.8416993464052288
vehicle,random,7,28,0.8416993464052288
vehicle,random,7,29,0.8416993464052288
vehicle,random,7,30,0.8416993464052288
vehicle,random,7,31,0.8416993464052288
vehicle,random,7,32,0.8416993464052288
vehicle,random,7,33,0.8416993464052288
vehicle,random,7,34,0.8416993464052288
vehicle,random,7,35,0.8416993464052288
vehicle,random,7,36,0.8416993464052288
vehicle,random,7,37,0.8416993464052288
vehicle,random,7,38,0.8416993464052288
vehicle,random,7,39,0.8416993464052288
vehicle,random,7,40,0.8416993464052288
vehicle,random,7,41,0.8416993464052288
vehicle,random,7,42,0.8416993464052288
vehicle,random,7,43,0.8416993464052288
vehicle,random,7,44,0.8416993464052288
vehicle,random,7,45,0.8416993464052288
vehicle,random,7,46,0.8416993464052288
vehicle,random,7,47,0.8416993464052288
vehicle,random,7,48,0.8416993464052288
vehicle,random,7,49,0.8416993464052288
vehicle,random,7,50,0.8416993464052288
vehicle,random,7,51,0.8416993464052288
vehicle,random,7,52,0.8416993464052288
vehicle,random,7,53,0.8416993464052288
vehicle,random,7,54,0.8416993464052288
vehicle,random,7,55,0.8416993464052288
vehicle,random,7,56,0.8416993464052288
vehicle,random,7,57,0.8416993464052288
vehicle,random,7,58,0.8416993464052288
vehicle,random,7,59,0.8416993464052288
vehicle,random,7,60,0.8416993464052288
vehicle,random,7,61,0.8416993464052288
vehicle,random,7,62,0.8416993464052288
vehicle,random,7,63,0.8416993464052288
vehicle,random,7,64,0.8416993464052288
vehicle,random,7,65,0.8416993464052288
vehicle,random,7,66,0.8416993464052288
vehicle,random,7,67,0.8416993464052288
vehicle,random,7,68,0.8416993464052288
vehicle,random,7,69,0.8416993464052288
vehicle,random,7,70,0.8416993464052288
vehicle,random,7,71,0.8416993464052288
vehicle,random,7,72,0.8416993464052288
vehicle,random,7,73,0.8416993464052288
vehicle,random,7,74,0.8416993464052288
vehicle,random,7,75,0.8416993464052288
vehicle,random,7,76,0.8416993464052288
vehicle,random,7,77,0.8416993464052288
vehicle,random,7,78,0.8416993464052288
vehicle,random,7,79,0.8416993464052288
vehicle,random,7,80,0.8416993464052288
vehicle,random,7,81,0.8416993464052288
vehicle,random,7,82,0.8416993464052288
vehicle,random,7,83,0.8416993464052288
vehicle,random,7,84,0.8416993464052288
vehicle,random,7,85,0.8416993464052288
vehicle,random,7,86,0.8416993464052288
vehicle,random,7,87,0.8416993464052288
vehicle,random,7,88,0.8416993464052288
vehicle,random,7,89,0.8416993464052288
vehicle,random,7,90,0.8416993464052288
vehicle,random,7,91,0.8416993464052288
vehicle,random,7,92,0.8416993464052288
vehicle,random,7,93,0.8416993464052288
vehicle,random,7,94,0.8416993464052288
vehicle,random,7,95,0.8416993464052288
vehicle,random,7,96,0.8416993464052288
vehicle,random,7,97,0.8416993464052288
vehicle,random,7,98,0.8416993464052288
vehicle,random,7,99,0.8416993464052288
vehicle,random,7,100,0.8416993464052288
vehicle,bo_tpe,7,1,0.3816666666666666
vehicle,bo_tpe,7,2,0.7499564270152506
vehicle,bo_tpe,7,3,0.8387037037037036
vehicle,bo_tpe,7,4,0.8387037037037036
vehicle,bo_tpe,7,5,0.8387037037037036
vehicle,bo_tpe,7,6,0.8387037037037036
vehicle,bo_tpe,7,7,0.8387037037037036
vehicle,bo_tpe,7,8,0.8387037037037036
vehicle,bo_tpe,7,9,0.8387037037037036
vehicle,bo_tpe,7,10,0.8387037037037036
vehicle,bo_tpe,7,11,0.8387037037037036
vehicle,bo_tpe,7,12,0.8387037037037036
vehicle,bo_tpe,7,13,0.8387037037037036
vehicle,bo_tpe,7,14,0.8387037037037036
vehicle,bo_tpe,7,15,0.8387037037037036
vehicle,bo_tpe,7,16,0.8387037037037036
vehicle,bo_tpe,7,17,0.8387037037037036
vehicle,bo_tpe,7,18,0.8387037037037036
vehicle,bo_tpe,7,19,0.8387037037037036
vehicle,bo_tpe,7,20,0.8387037037037036
vehicle,bo_tpe,7,21,0.8387037037037036
vehicle,bo_tpe,7,22,0.8387037037037036
vehicle,bo_tpe,7,23,0.8387037037037036
vehicle,bo_tpe,7,24,0.8387037037037036
vehicle,bo_tpe,7,25,0.8387037037037036
vehicle,bo_tpe,7,26,0.8387037037037036
vehicle,bo_tpe,7,27,0.8387037037037036
vehicle,bo_tpe,7,28,0.8387037037037036
vehicle,bo_tpe,7,29,0.8387037037037036
vehicle,bo_tpe,7,30,0.8387037037037036
vehicle,bo_tpe,7,31,0.8387037037037036
vehicle,bo_tpe,7,32,0.8387037037037036
vehicle,bo_tpe,7,33,0.8387037037037036
vehicle,bo_tpe,7,34,0.8402069716775598
vehicle,bo_tpe,7,35,0.8402069716775598
vehicle,bo_tpe,7,36,0.8402069716775598
vehicle,bo_tpe,7,37,0.8402069716775598
vehicle,bo_tpe,7,38,0.8402069716775598
vehicle,bo_tpe,7,39,0.8402069716775598
vehicle,bo_tpe,7,40,0.8402069716775598
vehicle,bo_tpe,7,41,0.8402069716775598
vehicle,bo_tpe,7,42,0.8402069716775598
vehicle,bo_tpe,7,43,0.8402069716775598
vehicle,bo_tpe,7,44,0.8402069716775598
vehicle,bo_tpe,7,45,0.8402069716775598
vehicle,bo_tpe,7,46,0.8402069716775598
vehicle,bo_tpe,7,47,0.8402069716775598
vehicle,bo_tpe,7,48,0.8402069716775598
vehicle,bo_tpe,7,49,0.8446623093681918
vehicle,bo_tpe,7,50,0.8446623093681918
vehicle,bo_tpe,7,51,0.8446623093681918
vehicle,bo_tpe,7,52,0.8461437908496732
vehicle,bo_tpe,7,53,0.8461437908496732
vehicle,bo_tpe,7,54,0.8461437908496732
vehicle,bo_tpe,7,55,0.8461437908496732
vehicle,bo_tpe,7,56,0.8461437908496732
vehicle,bo_tpe,7,57,0.8461437908496732
vehicle,bo_tpe,7,58,0.8461437908496732
vehicle,bo_tpe,7,59,0.8461437908496732
vehicle,bo_tpe,7,60,0.8461437908496732
vehicle,bo_tpe,7,61,0.8461437908496732
vehicle,bo_tpe,7,62,0.8461437908496732
vehicle,bo_tpe,7,63,0.8461437908496732
vehicle,bo_tpe,7,64,0.8461437908496732
vehicle,bo_tpe,7,65,0.8461437908496732
vehicle,bo_tpe,7,66,0.8461437908496732
vehicle,bo_tpe,7,67,0.8461437908496732
vehicle,bo_tpe,7,68,0.8461437908496732
vehicle,bo_tpe,7,69,0.8461437908496732
vehicle,bo_tpe,7,70,0.8461437908496732
vehicle,bo_tpe,7,71,0.8461437908496732
vehicle,bo_tpe,7,72,0.8461437908496732
vehicle,bo_tpe,7,73,0.8461437908496732
vehicle,bo_tpe,7,74,0.8461437908496732
vehicle,bo_tpe,7,75,0.8461437908496732
vehicle,bo_tpe,7,76,0.8461437908496732
vehicle,bo_tpe,7,77,0.8461437908496732
vehicle,bo_tpe,7,78,0.8461437908496732
vehicle,bo_tpe,7,79,0.8461437908496732
vehicle,bo_tpe,7,80,0.8461437908496732
vehicle,bo_tpe,7,81,0.8461437908496732
vehicle,bo_tpe,7,82,0.8461437908496732
vehicle,bo_tpe,7,83,0.8461437908496732
vehicle,bo_tpe,7,84,0.8461437908496732
vehicle,bo_tpe,7,85,0.8461437908496732
vehicle,bo_tpe,7,86,0.8461437908496732
vehicle,bo_tpe,7,87,0.8461437908496732
vehicle,bo_tpe,7,88,0.8461437908496732
vehicle,bo_tpe,7,89,0.8461437908496732
vehicle,bo_tpe,7,90,0.8461437908496732
vehicle,bo_tpe,7,91,0.8461437908496732
vehicle,bo_tpe,7,92,0.8461437908496732
vehicle,bo_tpe,7,93,0.8461437908496732
vehicle,bo_tpe,7,94,0.8461437908496732
vehicle,bo_tpe,7,95,0.8461437908496732
vehicle,bo_tpe,7,96,0.8461437908496732
vehicle,bo_tpe,7,97,0.8461437908496732
vehicle,bo_tpe,7,98,0.8461437908496732
vehicle,bo_tpe,7,99,0.8461437908496732
vehicle,bo_tpe,7,100,0.8461437908496732
vehicle,pso,7,1,0.7573747276688454
vehicle,pso,7,2,0.7573747276688454
vehicle,pso,7,3,0.8313180827886711
vehicle,pso,7,4,0.8313180827886711
vehicle,pso,7,5,0.8313180827886711
vehicle,pso,7,6,0.8313180827886711
vehicle,pso,7,7,0.8313180827886711
vehicle,pso,7,8,0.8313180827886711
vehicle,pso,7,9,0.8313180827886711
vehicle,pso,7,10,0.8313180827886711
vehicle,pso,7,11,0.8313180827886711
vehicle,pso,7,12,0.8313180827886711
vehicle,pso,7,13,0.8313180827886711
vehicle,pso,7,14,0.8313180827886711
vehicle,pso,7,15,0.8313180827886711
vehicle,pso,7,16,0.8313180827886711
vehicle,pso,7,17,0.8313180827886711
vehicle,pso,7,18,0.8313180827886711
vehicle,pso,7,19,0.8313180827886711
vehicle,pso,7,20,0.8313180827886711
vehicle,pso,7,21,0.8313180827886711
vehicle,pso,7,22,0.8313180827886711
vehicle,pso,7,23,0.8416884531590414
vehicle,pso,7,24,0.8416884531590414
vehicle,pso,7,25,0.8416884531590414
vehicle,pso,7,26,0.8416884531590414
vehicle,pso,7,27,0.8416884531590414
vehicle,pso,7,28,0.8416884531590414
vehicle,pso,7,29,0.8416884531590414
vehicle,pso,7,30,0.8416884531590414
vehicle,pso,7,31,0.8416884531590414
vehicle,pso,7,32,0.8416884531590414
vehicle,pso,7,33,0.8416884531590414
vehicle,pso,7,34,0.8416884531590414
vehicle,pso,7,35,0.8416884531590414
vehicle,pso,7,36,0.8416884531590414
vehicle,pso,7,37,0.8416884531590414
vehicle,pso,7,38,0.8416884531590414
vehicle,pso,7,39,0.8416884531590414
vehicle,pso,7,40,0.8416884531590414
vehicle,pso,7,41,0.8416993464052288
vehicle,pso,7,42,0.8416993464052288
vehicle,pso,7,43,0.8416993464052288
vehicle,pso,7,44,0.8416993464052288
vehicle,pso,7,45,0.8416993464052288
vehicle,pso,7,46,0.8416993464052288
vehicle,pso,7,47,0.8416993464052288
vehicle,pso,7,48,0.8416993464052288
vehicle,pso,7,49,0.8416993464052288
vehicle,pso,7,50,0.8476034858387799
vehicle,pso,7,51,0.8476034858387799
vehicle,pso,7,52,0.8476034858387799
vehicle,pso,7,53,0.8476034858387799
vehicle,pso,7,54,0.8476034858387799
vehicle,pso,7,55,0.8476034858387799
vehicle,pso,7,56,0.8476034858387799
vehicle,pso,7,57,0.8476034858387799
vehicle,pso,7,58,0.8476034858387799
vehicle,pso,7,59,0.8476034858387799
vehicle,pso,7,60,0.8476034858387799
vehicle,pso,7,61,0.8476034858387799
vehicle,pso,7,62,0.8476034858387799
vehicle,pso,7,63,0.8476034858387799
vehicle,pso,7,64,0.8476034858387799
vehicle,pso,7,65,0.8476034858387799
vehicle,pso,7,66,0.8476034858387799
vehicle,pso,7,67,0.8476034858387799
vehicle,pso,7,68,0.8476034858387799
vehicle,pso,7,69,0.8476034858387799
vehicle,pso,7,70,0.8476034858387799
vehicle,pso,7,71,0.8476034858387799
vehicle,pso,7,72,0.8476034858387799
vehicle,pso,7,73,0.8476034858387799
vehicle,pso,7,74,0.8476034858387799
vehicle,pso,7,75,0.8476034858387799
vehicle,pso,7,76,0.8476034858387799
vehicle,pso,7,77,0.8476034858387799
vehicle,pso,7,78,0.8476034858387799
vehicle,pso,7,79,0.8476034858387799
vehicle,pso,7,80,0.8476034858387799
vehicle,pso,7,81,0.8476034858387799
vehicle,pso,7,82,0.8476034858387799
vehicle,pso,7,83,0.8476034858387799
vehicle,pso,7,84,0.8476034858387799
vehicle,pso,7,85,0.8476034858387799
vehicle,pso,7,86,0.8476034858387799
vehicle,pso,7,87,0.8476034858387799
vehicle,pso,7,88,0.8476034858387799
vehicle,pso,7,89,0.8476034858387799
vehicle,pso,7,90,0.8476034858387799
vehicle,pso,7,91,0.8476034858387799
vehicle,pso,7,92,0.8476034858387799
vehicle,pso,7,93,0.8476034858387799
vehicle,pso,7,94,0.8476034858387799
vehicle,pso,7,95,0.8476034858387799
vehicle,pso,7,96,0.8476034858387799
vehicle,pso,7,97,0.8476034858387799
vehicle,pso,7,98,0.8476034858387799
vehicle,pso,7,99,0.8476034858387799
vehicle,pso,7,100,0.8476034858387799
vehicle,de,7,1,0.5429302832244008
vehicle,de,7,2,0.8032026143790849
vehicle,de,7,3,0.8032026143790849
vehicle,de,7,4,0.8032026143790849
vehicle,de,7,5,0.8313398692810458
vehicle,de,7,6,0.8313398692810458
vehicle,de,7,7,0.8313398692810458
vehicle,de,7,8,0.8402178649237474
vehicle,de,7,9,0.8402178649237474
vehicle,de,7,10,0.8402178649237474
vehicle,de,7,11,0.8402178649237474
vehicle,de,7,12,0.8402178649237474
vehicle,de,7,13,0.8402178649237474
vehicle,de,7,14,0.8402178649237474
vehicle,de,7,15,0.8402178649237474
vehicle,de,7,16,0.8402178649237474
vehicle,de,7,17,0.8402178649237474
vehicle,de,7,18,0.8402178649237474
vehicle,de,7,19,0.8402178649237474
vehicle,de,7,20,0.8402178649237474
vehicle,de,7,21,0.8402178649237474
vehicle,de,7,22,0.8402178649237474
vehicle,de,7,23,0.8402178649237474
vehicle,de,7,24,0.8402178649237474
vehicle,de,7,25,0.8402178649237474
vehicle,de,7,26,0.8402178649237474
vehicle,de,7,27,0.8402178649237474
vehicle,de,7,28,0.8402178649237474
vehicle,de,7,29,0.8402178649237474
vehicle,de,7,30,0.8402178649237474
vehicle,de,7,31,0.8402178649237474
vehicle,de,7,32,0.8402178649237474
vehicle,de,7,33,0.8402178649237474
vehicle,de,7,34,0.8402178649237474
vehicle,de,7,35,0.8402178649237474
vehicle,de,7,36,0.8402178649237474
vehicle,de,7,37,0.8402178649237474
vehicle,de,7,38,0.8402178649237474
vehicle,de,7,39,0.8402178649237474
vehicle,de,7,40,0.8402178649237474
vehicle,de,7,41,0.8402178649237474
vehicle,de,7,42,0.8402178649237474
vehicle,de,7,43,0.8402178649237474
vehicle,de,7,44,0.8402178649237474
vehicle,de,7,45,0.8402178649237474
vehicle,de,7,46,0.8402178649237474
vehicle,de,7,47,0.8431808278867102
vehicle,de,7,48,0.8431808278867102
vehicle,de,7,49,0.8431808278867102
vehicle,de,7,50,0.8431808278867102
vehicle,de,7,51,0.8431808278867102
vehicle,de,7,52,0.8431808278867102
vehicle,de,7,53,0.8431808278867102
vehicle,de,7,54,0.8431808278867102
vehicle,de,7,55,0.8431808278867102
vehicle,de,7,56,0.8431808278867102
vehicle,de,7,57,0.8431808278867102
vehicle,de,7,58,0.8431808278867102
vehicle,de,7,59,0.8431808278867102
vehicle,de,7,60,0.8431808278867102
vehicle,de,7,61,0.8431808278867102
vehicle,de,7,62,0.8431808278867102
vehicle,de,7,63,0.8431808278867102
vehicle,de,7,64,0.8431808278867102
vehicle,de,7,65,0.8431808278867102
vehicle,de,7,66,0.8431808278867102
vehicle,de,7,67,0.8431808278867102
vehicle,de,7,68,0.8431808278867102
vehicle,de,7,69,0.8431808278867102
vehicle,de,7,70,0.8431808278867102
vehicle,de,7,71,0.8431808278867102
vehicle,de,7,72,0.8431808278867102
vehicle,de,7,73,0.8431808278867102
vehicle,de,7,74,0.8431808278867102
vehicle,de,7,75,0.8431808278867102
vehicle,de,7,76,0.8431808278867102
vehicle,de,7,77,0.8431808278867102
vehicle,de,7,78,0.8431808278867102
vehicle,de,7,79,0.8431808278867102
vehicle,de,7,80,0.8431808278867102
vehicle,de,7,81,0.8431808278867102
vehicle,de,7,82,0.8431808278867102
vehicle,de,7,83,0.8431808278867102
vehicle,de,7,84,0.8431808278867102
vehicle,de,7,85,0.8431808278867102
vehicle,de,7,86,0.8431808278867102
vehicle,de,7,87,0.8446623093681918
vehicle,de,7,88,0.8446623093681918
vehicle,de,7,89,0.8446623093681918
vehicle,de,7,90,0.8446623093681918
vehicle,de,7,91,0.8446623093681918
vehicle,de,7,92,0.8446623093681918
vehicle,de,7,93,0.8446623093681918
vehicle,de,7,94,0.8446623093681918
vehicle,de,7,95,0.8446623093681918
vehicle,de,7,96,0.8446623093681918
vehicle,de,7,97,0.8446623093681918
vehicle,de,7,98,0.8446623093681918
vehicle,de,7,99,0.8446623093681918
vehicle,de,7,100,0.8446623093681918
vehicle,ga,7,1,0.5429302832244008
vehicle,ga,7,2,0.8032026143790849
vehicle,ga,7,3,0.8032026143790849
vehicle,ga,7,4,0.8032026143790849
vehicle,ga,7,5,0.8313398692810458
vehicle,ga,7,6,0.8313398692810458
vehicle,ga,7,7,0.8313398692810458
vehicle,ga,7,8,0.8402178649237474
vehicle,ga,7,9,0.8402178649237474
vehicle,ga,7,10,0.8402178649237474
vehicle,ga,7,11,0.8402178649237474
vehicle,ga,7,12,0.8402178649237474
vehicle,ga,7,13,0.8402178649237474
vehicle,ga,7,14,0.8402178649237474
vehicle,ga,7,15,0.8402178649237474
vehicle,ga,7,16,0.8402178649237474
vehicle,ga,7,17,0.8402178649237474
vehicle,ga,7,18,0.8402178649237474
vehicle,ga,7,19,0.8402178649237474
vehicle,ga,7,20,0.8402178649237474
vehicle,ga,7,21,0.8402178649237474
vehicle,ga,7,22,0.8416666666666668
vehicle,ga,7,23,0.8416666666666668
vehicle,ga,7,24,0.8416666666666668
vehicle,ga,7,25,0.8416666666666668
vehicle,ga,7,26,0.8416666666666668
vehicle,ga,7,27,0.8416666666666668
vehicle,ga,7,28,0.8416666666666668
vehicle,ga,7,29,0.8416666666666668
vehicle,ga,7,30,0.8416666666666668
vehicle,ga,7,31,0.8416666666666668
vehicle,ga,7,32,0.8416666666666668
vehicle,ga,7,33,0.8416666666666668
vehicle,ga,7,34,0.8416666666666668
vehicle,ga,7,35,0.8416666666666668
vehicle,ga,7,36,0.8416666666666668
vehicle,ga,7,37,0.8416666666666668
vehicle,ga,7,38,0.8416666666666668
vehicle,ga,7,39,0.8416666666666668
vehicle,ga,7,40,0.8416666666666668
vehicle,ga,7,41,0.8416666666666668
vehicle,ga,7,42,0.8416666666666668
vehicle,ga,7,43,0.8416666666666668
vehicle,ga,7,44,0.8416666666666668
vehicle,ga,7,45,0.8416666666666668
vehicle,ga,7,46,0.8416666666666668
vehicle,ga,7,47,0.8416666666666668
vehicle,ga,7,48,0.8416666666666668
vehicle,ga,7,49,0.8416666666666668
vehicle,ga,7,50,0.8416666666666668
vehicle,ga,7,51,0.8416666666666668
vehicle,ga,7,52,0.8416666666666668
vehicle,ga,7,53,0.8416666666666668
vehicle,ga,7,54,0.8416666666666668
vehicle,ga,7,55,0.8416666666666668
vehicle,ga,7,56,0.8416666666666668
vehicle,ga,7,57,0.8416666666666668
vehicle,ga,7,58,0.8416666666666668
vehicle,ga,7,59,0.8416666666666668
vehicle,ga,7,60,0.8416666666666668
vehicle,ga,7,61,0.8416666666666668
vehicle,ga,7,62,0.8416666666666668
vehicle,ga,7,63,0.8416666666666668
vehicle,ga,7,64,0.8416666666666668
vehicle,ga,7,65,0.8416666666666668
vehicle,ga,7,66,0.8416666666666668
vehicle,ga,7,67,0.8416666666666668
vehicle,ga,7,68,0.8416666666666668
vehicle,ga,7,69,0.8416666666666668
vehicle,ga,7,70,0.8416666666666668
vehicle,ga,7,71,0.8416666666666668
vehicle,ga,7,72,0.8416666666666668
vehicle,ga,7,73,0.8416666666666668
vehicle,ga,7,74,0.8416666666666668
vehicle,ga,7,75,0.8416666666666668
vehicle,ga,7,76,0.8416666666666668
vehicle,ga,7,77,0.8416666666666668
vehicle,ga,7,78,0.8416666666666668
vehicle,ga,7,79,0.8416666666666668
vehicle,ga,7,80,0.8416666666666668
vehicle,ga,7,81,0.8416666666666668
vehicle,ga,7,82,0.8416666666666668
vehicle,ga,7,83,0.8416666666666668
vehicle,ga,7,84,0.8416666666666668
vehicle,ga,7,85,0.8416666666666668
vehicle,ga,7,86,0.8416666666666668
vehicle,ga,7,87,0.8446732026143792
vehicle,ga,7,88,0.8446732026143792
vehicle,ga,7,89,0.8446732026143792
vehicle,ga,7,90,0.8446732026143792
vehicle,ga,7,91,0.8446732026143792
vehicle,ga,7,92,0.8446732026143792
vehicle,ga,7,93,0.8446732026143792
vehicle,ga,7,94,0.8446732026143792
vehicle,ga,7,95,0.8446732026143792
vehicle,ga,7,96,0.8446732026143792
vehicle,ga,7,97,0.8446732026143792
vehicle,ga,7,98,0.8446732026143792
vehicle,ga,7,99,0.8446732026143792
vehicle,ga,7,100,0.8446732026143792
vehicle,grid,8,1,0.2885076252723311
vehicle,grid,8,2,0.2899891067538126
vehicle,grid,8,3,0.2899891067538126
vehicle,grid,8,4,0.2959150326797385
vehicle,grid,8,5,0.2959150326797385
vehicle,grid,8,6,0.383202614379085
vehicle,grid,8,7,0.4186710239651415
vehicle,grid,8,8,0.4186710239651415
vehicle,grid,8,9,0.4186710239651415
vehicle,grid,8,10,0.4186710239651415
vehicle,grid,8,11,0.4186710239651415
vehicle,grid,8,12,0.4186710239651415
vehicle,grid,8,13,0.4186710239651415
vehicle,grid,8,14,0.4186710239651415
vehicle,grid,8,15,0.5028976034858388
vehicle,grid,8,16,0.6301851851851852
vehicle,grid,8,17,0.66718954248366
vehicle,grid,8,18,0.66718954248366
vehicle,grid,8,19,0.66718954248366
vehicle,grid,8,20,0.66718954248366
vehicle,grid,8,21,0.66718954248366
vehicle,grid,8,22,0.66718954248366
vehicle,grid,8,23,0.66718954248366
vehicle,grid,8,24,0.66718954248366
vehicle,grid,8,25,0.6819934640522876
vehicle,grid,8,26,0.7145315904139433
vehicle,grid,8,27,0.7263398692810458
vehicle,grid,8,28,0.7263398692810458
vehicle,grid,8,29,0.7263398692810458
vehicle,grid,8,30,0.7263398692810458
vehicle,grid,8,31,0.7263398692810458
vehicle,grid,8,32,0.7263398692810458
vehicle,grid,8,33,0.7263398692810458
vehicle,grid,8,34,0.7263398692810458
vehicle,grid,8,35,0.7278431372549019
vehicle,grid,8,36,0.752995642701525
vehicle,grid,8,37,0.7840522875816994
vehicle,grid,8,38,0.7840522875816994
vehicle,grid,8,39,0.7840522875816994
vehicle,grid,8,40,0.7840522875816994
vehicle,grid,8,41,0.7840522875816994
vehicle,grid,8,42,0.7840522875816994
vehicle,grid,8,43,0.7840522875816994
vehicle,grid,8,44,0.7840522875816994
vehicle,grid,8,45,0.7855228758169934
vehicle,grid,8,46,0.8180392156862746
vehicle,grid,8,47,0.8180392156862746
vehicle,grid,8,48,0.8180392156862746
vehicle,grid,8,49,0.8180392156862746
vehicle,grid,8,50,0.8180392156862746
vehicle,grid,8,51,0.8180392156862746
vehicle,grid,8,52,0.8180392156862746
vehicle,grid,8,53,0.8180392156862746
vehicle,grid,8,54,0.8180392156862746
vehicle,grid,8,55,0.8180392156862746
vehicle,grid,8,56,0.8269281045751635
vehicle,grid,8,57,0.8269281045751635
vehicle,grid,8,58,0.8269281045751635
vehicle,grid,8,59,0.8269281045751635
vehicle,grid,8,60,0.8269281045751635
vehicle,grid,8,61,0.8269281045751635
vehicle,grid,8,62,0.8269281045751635
vehicle,grid,8,63,0.8269281045751635
vehicle,grid,8,64,0.8269281045751635
vehicle,grid,8,65,0.8269281045751635
vehicle,grid,8,66,0.8314052287581699
vehicle,grid,8,67,0.8314052287581699
vehicle,grid,8,68,0.8314052287581699
vehicle,grid,8,69,0.8314052287581699
vehicle,grid,8,70,0.8314052287581699
vehicle,grid,8,71,0.8314052287581699
vehicle,grid,8,72,0.8314052287581699
vehicle,grid,8,73,0.8314052287581699
vehicle,grid,8,74,0.8314052287581699
vehicle,grid,8,75,0.8343246187363833
vehicle,grid,8,76,0.8343246187363833
vehicle,grid,8,77,0.8343246187363833
vehicle,grid,8,78,0.8343246187363833
vehicle,grid,8,79,0.8343246187363833
vehicle,grid,8,80,0.8343246187363833
vehicle,grid,8,81,0.8343246187363833
vehicle,grid,8,82,0.8343246187363833
vehicle,grid,8,83,0.8343246187363833
vehicle,grid,8,84,0.8343246187363833
vehicle,grid,8,85,0.8402505446623094
vehicle,grid,8,86,0.8402505446623094
vehicle,grid,8,87,0.8402505446623094
vehicle,grid,8,88,0.8402505446623094
vehicle,grid,8,89,0.8402505446623094
vehicle,grid,8,90,0.8402505446623094
vehicle,grid,8,91,0.8402505446623094
vehicle,grid,8,92,0.8402505446623094
vehicle,grid,8,93,0.8402505446623094
vehicle,grid,8,94,0.8416884531590414
vehicle,grid,8,95,0.8416884531590414
vehicle,grid,8,96,0.8416884531590414
vehicle,grid,8,97,0.8416884531590414
vehicle,grid,8,98,0.8416884531590414
vehicle,grid,8,99,0.8416884531590414
vehicle,grid,8,100,0.8416884531590414
vehicle,random,8,1,0.3624183006535947
vehicle,random,8,2,0.8195424836601308
vehicle,random,8,3,0.8195424836601308
vehicle,random,8,4,0.8195424836601308
vehicle,random,8,5,0.8195424836601308
vehicle,random,8,6,0.8254357298474947
vehicle,random,8,7,0.8254357298474947
vehicle,random,8,8,0.8254357298474947
vehicle,random,8,9,0.8254357298474947
vehicle,random,8,10,0.8254357298474947
vehicle,random,8,11,0.8254357298474947
vehicle,random,8,12,0.8254357298474947
vehicle,random,8,13,0.8254357298474947
vehicle,random,8,14,0.8254357298474947
vehicle,random,8,15,0.8254357298474947
vehicle,random,8,16,0.8254357298474947
vehicle,random,8,17,0.8254357298474947
vehicle,random,8,18,0.8283769063180827
vehicle,random,8,19,0.8283769063180827
vehicle,random,8,20,0.8283769063180827
vehicle,random,8,21,0.8283769063180827
vehicle,random,8,22,0.8283769063180827
vehicle,random,8,23,0.8283769063180827
vehicle,random,8,24,0.8283769063180827
vehicle,random,8,25,0.8283769063180827
vehicle,random,8,26,0.8283769063180827
vehicle,random,8,27,0.8283769063180827
vehicle,random,8,28,0.8283769063180827
vehicle,random,8,29,0.8283769063180827
vehicle,random,8,30,0.8343137254901961
vehicle,random,8,31,0.8343137254901961
vehicle,random,8,32,0.8343137254901961
vehicle,random,8,33,0.8343137254901961
vehicle,random,8,34,0.8343137254901961
vehicle,random,8,35,0.8343137254901961
vehicle,random,8,36,0.8343137254901961
vehicle,random,8,37,0.8343137254901961
vehicle,random,8,38,0.8343137254901961
vehicle,random,8,39,0.8343137254901961
vehicle,random,8,40,0.8343137254901961
vehicle,random,8,41,0.8343137254901961
vehicle,random,8,42,0.8343137254901961
vehicle,random,8,43,0.8343137254901961
vehicle,random,8,44,0.8343137254901961
vehicle,random,8,45,0.8343137254901961
vehicle,random,8,46,0.8343137254901961
vehicle,random,8,47,0.8343137254901961
vehicle,random,8,48,0.8343137254901961
vehicle,random,8,49,0.8343137254901961
vehicle,random,8,50,0.8343137254901961
vehicle,random,8,51,0.8343137254901961
vehicle,random,8,52,0.8343137254901961
vehicle,random,8,53,0.8343137254901961
vehicle,random,8,54,0.8343137254901961
vehicle,random,8,55,0.8343137254901961
vehicle,random,8,56,0.8343137254901961
vehicle,random,8,57,0.8343137254901961
vehicle,random,8,58,0.8343137254901961
vehicle,random,8,59,0.8343137254901961
vehicle,random,8,60,0.8343137254901961
vehicle,random,8,61,0.8343137254901961
vehicle,random,8,62,0.8343137254901961
vehicle,random,8,63,0.8343137254901961
vehicle,random,8,64,0.8343137254901961
vehicle,random,8,65,0.8343137254901961
vehicle,random,8,66,0.8343137254901961
vehicle,random,8,67,0.8343137254901961
vehicle,random,8,68,0.8343137254901961
vehicle,random,8,69,0.8343137254901961
vehicle,random,8,70,0.8343137254901961
vehicle,random,8,71,0.8343137254901961
vehicle,random,8,72,0.8343137254901961
vehicle,random,8,73,0.8343137254901961
vehicle,random,8,74,0.8343137254901961
vehicle,random,8,75,0.8343137254901961
vehicle,random,8,76,0.8343137254901961
vehicle,random,8,77,0.8343137254901961
vehicle,random,8,78,0.8343137254901961
vehicle,random,8,79,0.8343137254901961
vehicle,random,8,80,0.8343137254901961
vehicle,random,8,81,0.8343137254901961
vehicle,random,8,82,0.8343137254901961
vehicle,random,8,83,0.8343137254901961
vehicle,random,8,84,0.8343137254901961
vehicle,random,8,85,0.8343137254901961
vehicle,random,8,86,0.8343137254901961
vehicle,random,8,87,0.8343137254901961
vehicle,random,8,88,0.8343137254901961
vehicle,random,8,89,0.8343137254901961
vehicle,random,8,90,0.8343137254901961
vehicle,random,8,91,0.8343137254901961
vehicle,random,8,92,0.8343137254901961
vehicle,random,8,93,0.8343137254901961
vehicle,random,8,94,0.8343137254901961
vehicle,random,8,95,0.8343137254901961
vehicle,random,8,96,0.8343137254901961
vehicle,random,8,97,0.8343137254901961
vehicle,random,8,98,0.8343137254901961
vehicle,random,8,99,0.8343137254901961
vehicle,random,8,100,0.8343137254901961
vehicle,bo_tpe,8,1,0.3624183006535947
vehicle,bo_tpe,8,2,0.8195424836601308
vehicle,bo_tpe,8,3,0.8195424836601308
vehicle,bo_tpe,8,4,0.8195424836601308
vehicle,bo_tpe,8,5,0.8195424836601308
vehicle,bo_tpe,8,6,0.8254357298474947
vehicle,bo_tpe,8,7,0.8254357298474947
vehicle,bo_tpe,8,8,0.8254357298474947
vehicle,bo_tpe,8,9,0.8254357298474947
vehicle,bo_tpe,8,10,0.8254357298474947
vehicle,bo_tpe,8,11,0.8254357298474947
vehicle,bo_tpe,8,12,0.8254357298474947
vehicle,bo_tpe,8,13,0.8254357298474947
vehicle,bo_tpe,8,14,0.8254357298474947
vehicle,bo_tpe,8,15,0.8254357298474947
vehicle,bo_tpe,8,16,0.8254357298474947
vehicle,bo_tpe,8,17,0.8254357298474947
vehicle,bo_tpe,8,18,0.8254357298474947
vehicle,bo_tpe,8,19,0.8254357298474947
vehicle,bo_tpe,8,20,0.8254357298474947
vehicle,bo_tpe,8,21,0.8254357298474947
vehicle,bo_tpe,8,22,0.8269281045751635
vehicle,bo_tpe,8,23,0.8269281045751635
vehicle,bo_tpe,8,24,0.8269281045751635
vehicle,bo_tpe,8,25,0.8269281045751635
vehicle,bo_tpe,8,26,0.8269281045751635
vehicle,bo_tpe,8,27,0.8269281045751635
vehicle,bo_tpe,8,28,0.8269281045751635
vehicle,bo_tpe,8,29,0.8269281045751635
vehicle,bo_tpe,8,30,0.8269281045751635
vehicle,bo_tpe,8,31,0.8269281045751635
vehicle,bo_tpe,8,32,0.8269281045751635
vehicle,bo_tpe,8,33,0.8269281045751635
vehicle,bo_tpe,8,34,0.8357843137254901
vehicle,bo_tpe,8,35,0.8357952069716775
vehicle,bo_tpe,8,36,0.8387363834422658
vehicle,bo_tpe,8,37,0.8387363834422658
vehicle,bo_tpe,8,38,0.8387363834422658
vehicle,bo_tpe,8,39,0.8387363834422658
vehicle,bo_tpe,8,40,0.8402178649237472
vehicle,bo_tpe,8,41,0.8402178649237472
vehicle,bo_tpe,8,42,0.8431808278867102
vehicle,bo_tpe,8,43,0.8431808278867102
vehicle,bo_tpe,8,44,0.8431808278867102
vehicle,bo_tpe,8,45,0.8431808278867102
vehicle,bo_tpe,8,46,0.8431808278867102
vehicle,bo_tpe,8,47,0.8431808278867102
vehicle,bo_tpe,8,48,0.8431808278867102
vehicle,bo_tpe,8,49,0.8431808278867102
vehicle,bo_tpe,8,50,0.8431808278867102
vehicle,bo_tpe,8,51,0.8431808278867102
vehicle,bo_tpe,8,52,0.8431808278867102
vehicle,bo_tpe,8,53,0.8431808278867102
vehicle,bo_tpe,8,54,0.8431808278867102
vehicle,bo_tpe,8,55,0.8446623093681918
vehicle,bo_tpe,8,56,0.8446623093681918
vehicle,bo_tpe,8,57,0.8446623093681918
vehicle,bo_tpe,8,58,0.8446623093681918
vehicle,bo_tpe,8,59,0.8446623093681918
vehicle,bo_tpe,8,60,0.8446623093681918
vehicle,bo_tpe,8,61,0.8446623093681918
vehicle,bo_tpe,8,62,0.8446623093681918
vehicle,bo_tpe,8,63,0.8446623093681918
vehicle,bo_tpe,8,64,0.8446623093681918
vehicle,bo_tpe,8,65,0.8446623093681918
vehicle,bo_tpe,8,66,0.8446623093681918
vehicle,bo_tpe,8,67,0.8446623093681918
vehicle,bo_tpe,8,68,0.8446623093681918
vehicle,bo_tpe,8,69,0.8446623093681918
vehicle,bo_tpe,8,70,0.8446623093681918
vehicle,bo_tpe,8,71,0.8446623093681918
vehicle,bo_tpe,8,72,0.8446623093681918
vehicle,bo_tpe,8,73,0.8446623093681918
vehicle,bo_tpe,8,74,0.8446623093681918
vehicle,bo_tpe,8,75,0.8446623093681918
vehicle,bo_tpe,8,76,0.8446623093681918
vehicle,bo_tpe,8,77,0.8446623093681918
vehicle,bo_tpe,8,78,0.8446623093681918
vehicle,bo_tpe,8,79,0.8446623093681918
vehicle,bo_tpe,8,80,0.8446623093681918
vehicle,bo_tpe,8,81,0.8446623093681918
vehicle,bo_tpe,8,82,0.8461437908496732
vehicle,bo_tpe,8,83,0.8461437908496732
vehicle,bo_tpe,8,84,0.8461437908496732
vehicle,bo_tpe,8,85,0.8461437908496732
vehicle,bo_tpe,8,86,0.8461437908496732
vehicle,bo_tpe,8,87,0.8461437908496732
vehicle,bo_tpe,8,88,0.8461437908496732
vehicle,bo_tpe,8,89,0.8461437908496732
vehicle,bo_tpe,8,90,0.8461437908496732
vehicle,bo_tpe,8,91,0.8461437908496732
vehicle,bo_tpe,8,92,0.8461437908496732
vehicle,bo_tpe,8,93,0.8461437908496732
vehicle,bo_tpe,8,94,0.8461437908496732
vehicle,bo_tpe,8,95,0.8461437908496732
vehicle,bo_tpe,8,96,0.8461437908496732
vehicle,bo_tpe,8,97,0.8461437908496732
vehicle,bo_tpe,8,98,0.8461437908496732
vehicle,bo_tpe,8,99,0.8461437908496732
vehicle,bo_tpe,8,100,0.8461437908496732
vehicle,pso,8,1,0.772211328976035
vehicle,pso,8,2,0.772211328976035
vehicle,pso,8,3,0.8195424836601306
vehicle,pso,8,4,0.8195424836601306
vehicle,pso,8,5,0.8195424836601306
vehicle,pso,8,6,0.8195424836601306
vehicle,pso,8,7,0.8195424836601306
vehicle,pso,8,8,0.8195424836601306
vehicle,pso,8,9,0.8195424836601306
vehicle,pso,8,10,0.8195424836601306
vehicle,pso,8,11,0.8195424836601306
vehicle,pso,8,12,0.8195424836601306
vehicle,pso,8,13,0.8195424836601306
vehicle,pso,8,14,0.8195424836601306
vehicle,pso,8,15,0.8195424836601306
vehicle,pso,8,16,0.8195424836601306
vehicle,pso,8,17,0.8195424836601306
vehicle,pso,8,18,0.8195424836601306
vehicle,pso,8,19,0.8195424836601306
vehicle,pso,8,20,0.8195424836601306
vehicle,pso,8,21,0.8239433551198256
vehicle,pso,8,22,0.8239433551198256
vehicle,pso,8,23,0.8239433551198256
vehicle,pso,8,24,0.8239433551198256
vehicle,pso,8,25,0.8239433551198256
vehicle,pso,8,26,0.8358278867102398
vehicle,pso,8,27,0.8358278867102398
vehicle,pso,8,28,0.8358278867102398
vehicle,pso,8,29,0.8358278867102398
vehicle,pso,8,30,0.8358278867102398
vehicle,pso,8,31,0.8358278867102398
vehicle,pso,8,32,0.8358278867102398
vehicle,pso,8,33,0.8358278867102398
vehicle,pso,8,34,0.8358278867102398
vehicle,pso,8,35,0.8358278867102398
vehicle,pso,8,36,0.8358278867102398
vehicle,pso,8,37,0.8358278867102398
vehicle,pso,8,38,0.8358278867102398
vehicle,pso,8,39,0.8358278867102398
vehicle,pso,8,40,0.8358278867102398
vehicle,pso,8,41,0.8358278867102398
vehicle,pso,8,42,0.8358278867102398
vehicle,pso,8,43,0.8358278867102398
vehicle,pso,8,44,0.8358278867102398
vehicle,pso,8,45,0.8358278867102398
vehicle,pso,8,46,0.8358278867102398
vehicle,pso,8,47,0.8358278867102398
vehicle,pso,8,48,0.8358278867102398
vehicle,pso,8,49,0.8358278867102398
vehicle,pso,8,50,0.8358278867102398
vehicle,pso,8,51,0.8358278867102398
vehicle,pso,8,52,0.8358278867102398
vehicle,pso,8,53,0.8358278867102398
vehicle,pso,8,54,0.8358278867102398
vehicle,pso,8,55,0.8358278867102398
vehicle,pso,8,56,0.8358278867102398
vehicle,pso,8,57,0.8358278867102398
vehicle,pso,8,58,0.8358278867102398
vehicle,pso,8,59,0.8358278867102398
vehicle,pso,8,60,0.8358278867102398
vehicle,pso,8,61,0.8358278867102398
vehicle,pso,8,62,0.8358278867102398
vehicle,pso,8,63,0.8358278867102398
vehicle,pso,8,64,0.8358278867102398
vehicle,pso,8,65,0.8358278867102398
vehicle,pso,8,66,0.8358278867102398
vehicle,pso,8,67,0.8358278867102398
vehicle,pso,8,68,0.8358278867102398
vehicle,pso,8,69,0.8358278867102398
vehicle,pso,8,70,0.8358278867102398
vehicle,pso,8,71,0.8358278867102398
vehicle,pso,8,72,0.8358278867102398
vehicle,pso,8,73,0.8358278867102398
vehicle,pso,8,74,0.8358278867102398
vehicle,pso,8,75,0.8358278867102398
vehicle,pso,8,76,0.8358278867102398
vehicle,pso,8,77,0.8358278867102398
vehicle,pso,8,78,0.8358278867102398
vehicle,pso,8,79,0.8358278867102398
vehicle,pso,8,80,0.8358278867102398
vehicle,pso,8,81,0.8358278867102398
vehicle,pso,8,82,0.8358278867102398
vehicle,pso,8,83,0.8358278867102398
vehicle,pso,8,84,0.8358278867102398
vehicle,pso,8,85,0.8358278867102398
vehicle,pso,8,86,0.8358278867102398
vehicle,pso,8,87,0.8358278867102398
vehicle,pso,8,88,0.8358278867102398
vehicle,pso,8,89,0.8358278867102398
vehicle,pso,8,90,0.8358278867102398
vehicle,pso,8,91,0.8358278867102398
vehicle,pso,8,92,0.8358278867102398
vehicle,pso,8,93,0.8358278867102398
vehicle,pso,8,94,0.8358278867102398
vehicle,pso,8,95,0.8358278867102398
vehicle,pso,8,96,0.8358278867102398
vehicle,pso,8,97,0.8358278867102398
vehicle,pso,8,98,0.8358278867102398
vehicle,pso,8,99,0.8358278867102398
vehicle,pso,8,100,0.8358278867102398
vehicle,de,8,1,0.3387363834422658
vehicle,de,8,2,0.6730501089324619
vehicle,de,8,3,0.840239651416122
vehicle,de,8,4,0.840239651416122
vehicle,de,8,5,0.840239651416122
vehicle,de,8,6,0.840239651416122
vehicle,de,8,7,0.840239651416122
vehicle,de,8,8,0.840239651416122
vehicle,de,8,9,0.840239651416122
vehicle,de,8,10,0.840239651416122
vehicle,de,8,11,0.840239651416122
vehicle,de,8,12,0.840239651416122
vehicle,de,8,13,0.840239651416122
vehicle,de,8,14,0.840239651416122
vehicle,de,8,15,0.840239651416122
vehicle,de,8,16,0.840239651416122
vehicle,de,8,17,0.840239651416122
vehicle,de,8,18,0.840239651416122
vehicle,de,8,19,0.840239651416122
vehicle,de,8,20,0.840239651416122
vehicle,de,8,21,0.840239651416122
vehicle,de,8,22,0.840239651416122
vehicle,de,8,23,0.840239651416122
vehicle,de,8,24,0.840239651416122
vehicle,de,8,25,0.840239651416122
vehicle,de,8,26,0.840239651416122
vehicle,de,8,27,0.840239651416122
vehicle,de,8,28,0.840239651416122
vehicle,de,8,29,0.840239651416122
vehicle,de,8,30,0.840239651416122
vehicle,de,8,31,0.840239651416122
vehicle,de,8,32,0.840239651416122
vehicle,de,8,33,0.840239651416122
vehicle,de,8,34,0.840239651416122
vehicle,de,8,35,0.840239651416122
vehicle,de,8,36,0.840239651416122
vehicle,de,8,37,0.840239651416122
vehicle,de,8,38,0.840239651416122
vehicle,de,8,39,0.8461437908496732
vehicle,de,8,40,0.8461437908496732
vehicle,de,8,41,0.8461437908496732
vehicle,de,8,42,0.8461437908496732
vehicle,de,8,43,0.8461437908496732
vehicle,de,8,44,0.8461437908496732
vehicle,de,8,45,0.8461437908496732
vehicle,de,8,46,0.8461437908496732
vehicle,de,8,47,0.8461437908496732
vehicle,de,8,48,0.8461437908496732
vehicle,de,8,49,0.8461437908496732
vehicle,de,8,50,0.8461437908496732
vehicle,de,8,51,0.8461437908496732
vehicle,de,8,52,0.8461437908496732
vehicle,de,8,53,0.8461437908496732
vehicle,de,8,54,0.8461437908496732
vehicle,de,8,55,0.8461437908496732
vehicle,de,8,56,0.8461437908496732
vehicle,de,8,57,0.8461437908496732
vehicle,de,8,58,0.8461437908496732
vehicle,de,8,59,0.8461437908496732
vehicle,de,8,60,0.8461437908496732
vehicle,de,8,61,0.8461437908496732
vehicle,de,8,62,0.8461437908496732
vehicle,de,8,63,0.8461437908496732
vehicle,de,8,64,0.8461437908496732
vehicle,de,8,65,0.8461437908496732
vehicle,de,8,66,0.8461437908496732
vehicle,de,8,67,0.8461437908496732
vehicle,de,8,68,0.8461437908496732
vehicle,de,8,69,0.8461437908496732
vehicle,de,8,70,0.8461437908496732
vehicle,de,8,71,0.8461437908496732
vehicle,de,8,72,0.8461437908496732
vehicle,de,8,73,0.8461437908496732
vehicle,de,8,74,0.8461437908496732
vehicle,de,8,75,0.8461437908496732
vehicle,de,8,76,0.8461437908496732
vehicle,de,8,77,0.8461437908496732
vehicle,de,8,78,0.8461437908496732
vehicle,de,8,79,0.8461437908496732
vehicle,de,8,80,0.8461437908496732
vehicle,de,8,81,0.8461437908496732
vehicle,de,8,82,0.8461437908496732
vehicle,de,8,83,0.8461437908496732
vehicle,de,8,84,0.8461437908496732
vehicle,de,8,85,0.8461437908496732
vehicle,de,8,86,0.8461437908496732
vehicle,de,8,87,0.8461437908496732
vehicle,de,8,88,0.8461437908496732
vehicle,de,8,89,0.8461437908496732
vehicle,de,8,90,0.8461437908496732
vehicle,de,8,91,0.8461437908496732
vehicle,de,8,92,0.8461437908496732
vehicle,de,8,93,0.8461437908496732
vehicle,de,8,94,0.8461437908496732
vehicle,de,8,95,0.8461437908496732
vehicle,de,8,96,0.8461437908496732
vehicle,de,8,97,0.8461437908496732
vehicle,de,8,98,0.8461437908496732
vehicle,de,8,99,0.8461437908496732
vehicle,de,8,100,0.8461437908496732
vehicle,ga,8,1,0.3387363834422658
vehicle,ga,8,2,0.6730501089324619
vehicle,ga,8,3,0.840239651416122
vehicle,ga,8,4,0.840239651416122
vehicle,ga,8,5,0.840239651416122
vehicle,ga,8,6,0.840239651416122
vehicle,ga,8,7,0.840239651416122
vehicle,ga,8,8,0.840239651416122
vehicle,ga,8,9,0.840239651416122
vehicle,ga,8,10,0.840239651416122
vehicle,ga,8,11,0.840239651416122
vehicle,ga,8,12,0.840239651416122
vehicle,ga,8,13,0.840239651416122
vehicle,ga,8,14,0.840239651416122
vehicle,ga,8,15,0.840239651416122
vehicle,ga,8,16,0.840239651416122
vehicle,ga,8,17,0.840239651416122
vehicle,ga,8,18,0.840239651416122
vehicle,ga,8,19,0.840239651416122
vehicle,ga,8,20,0.840239651416122
vehicle,ga,8,21,0.840239651416122
vehicle,ga,8,22,0.840239651416122
vehicle,ga,8,23,0.840239651416122
vehicle,ga,8,24,0.840239651416122
vehicle,ga,8,25,0.840239651416122
vehicle,ga,8,26,0.840239651416122
vehicle,ga,8,27,0.840239651416122
vehicle,ga,8,28,0.840239651416122
vehicle,ga,8,29,0.840239651416122
vehicle,ga,8,30,0.840239651416122
vehicle,ga,8,31,0.8446840958605664
vehicle,ga,8,32,0.8446840958605664
vehicle,ga,8,33,0.8446840958605664
vehicle,ga,8,34,0.8446840958605664
vehicle,ga,8,35,0.8446840958605664
vehicle,ga,8,36,0.8446840958605664
vehicle,ga,8,37,0.8446840958605664
vehicle,ga,8,38,0.8446840958605664
vehicle,ga,8,39,0.8446840958605664
vehicle,ga,8,40,0.8446840958605664
vehicle,ga,8,41,0.8446840958605664
vehicle,ga,8,42,0.8446840958605664
vehicle,ga,8,43,0.8446840958605664
vehicle,ga,8,44,0.8461764705882352
vehicle,ga,8,45,0.8461764705882352
vehicle,ga,8,46,0.8461764705882352
vehicle,ga,8,47,0.8461764705882352
vehicle,ga,8,48,0.8461764705882352
vehicle,ga,8,49,0.8461764705882352
vehicle,ga,8,50,0.8461764705882352
vehicle,ga,8,51,0.8461764705882352
vehicle,ga,8,52,0.8461764705882352
vehicle,ga,8,53,0.8461764705882352
vehicle,ga,8,54,0.8461764705882352
vehicle,ga,8,55,0.8461764705882352
vehicle,ga,8,56,0.8461764705882352
vehicle,ga,8,57,0.8461764705882352
vehicle,ga,8,58,0.8461764705882352
vehicle,ga,8,59,0.8461764705882352
vehicle,ga,8,60,0.8461764705882352
vehicle,ga,8,61,0.8461764705882352
vehicle,ga,8,62,0.8461764705882352
vehicle,ga,8,63,0.8461764705882352
vehicle,ga,8,64,0.8461764705882352
vehicle,ga,8,65,0.8461764705882352
vehicle,ga,8,66,0.8461764705882352
vehicle,ga,8,67,0.8461764705882352
vehicle,ga,8,68,0.8461764705882352
vehicle,ga,8,69,0.8461764705882352
vehicle,ga,8,70,0.8461764705882352
vehicle,ga,8,71,0.8461764705882352
vehicle,ga,8,72,0.8461764705882352
vehicle,ga,8,73,0.8461764705882352
vehicle,ga,8,74,0.8461764705882352
vehicle,ga,8,75,0.8461764705882352
vehicle,ga,8,76,0.8461764705882352
vehicle,ga,8,77,0.8461764705882352
vehicle,ga,8,78,0.8461764705882352
vehicle,ga,8,79,0.8461764705882354
vehicle,ga,8,80,0.8461764705882354
vehicle,ga,8,81,0.8461764705882354
vehicle,ga,8,82,0.8461764705882354
vehicle,ga,8,83,0.8461764705882354
vehicle,ga,8,84,0.8461764705882354
vehicle,ga,8,85,0.8461764705882354
vehicle,ga,8,86,0.8461764705882354
vehicle,ga,8,87,0.8461764705882354
vehicle,ga,8,88,0.8461764705882354
vehicle,ga,8,89,0.8461764705882354
vehicle,ga,8,90,0.8461764705882354
vehicle,ga,8,91,0.8461764705882354
vehicle,ga,8,92,0.8461764705882354
vehicle,ga,8,93,0.8461764705882354
vehicle,ga,8,94,0.8461764705882354
vehicle,ga,8,95,0.8461764705882354
vehicle,ga,8,96,0.8461764705882354
vehicle,ga,8,97,0.8461764705882354
vehicle,ga,8,98,0.8461764705882354
vehicle,ga,8,99,0.8461764705882354
vehicle,ga,8,100,0.8461764705882354
vehicle,grid,9,1,0.2944335511982571
vehicle,grid,9,2,0.2944335511982571
vehicle,grid,9,3,0.2944335511982571
vehicle,grid,9,4,0.2944335511982571
vehicle,grid,9,5,0.2944335511982571
vehicle,grid,9,6,0.4022657952069717
vehicle,grid,9,7,0.4348583877995642
vehicle,grid,9,8,0.4348583877995642
vehicle,grid,9,9,0.4348583877995642
vehicle,grid,9,10,0.4348583877995642
vehicle,grid,9,11,0.4348583877995642
vehicle,grid,9,12,0.4348583877995642
vehicle,grid,9,13,0.4348583877995642
vehicle,grid,9,14,0.4348583877995642
vehicle,grid,9,15,0.5148257080610021
vehicle,grid,9,16,0.6272331154684097
vehicle,grid,9,17,0.6686492374727668
vehicle,grid,9,18,0.6686492374727668
vehicle,grid,9,19,0.6686492374727668
vehicle,grid,9,20,0.6686492374727668
vehicle,grid,9,21,0.6686492374727668
vehicle,grid,9,22,0.6686492374727668
vehicle,grid,9,23,0.6686492374727668
vehicle,grid,9,24,0.6686492374727668
vehicle,grid,9,25,0.6775381263616558
vehicle,grid,9,26,0.741111111111111
vehicle,grid,9,27,0.7425490196078431
vehicle,grid,9,28,0.7425490196078431
vehicle,grid,9,29,0.7425490196078431
vehicle,grid,9,30,0.7425490196078431
vehicle,grid,9,31,0.7425490196078431
vehicle,grid,9,32,0.7425490196078431
vehicle,grid,9,33,0.7425490196078431
vehicle,grid,9,34,0.7425490196078431
vehicle,grid,9,35,0.7485076252723312
vehicle,grid,9,36,0.7943464052287581
vehicle,grid,9,37,0.7943464052287581
vehicle,grid,9,38,0.7943464052287581
vehicle,grid,9,39,0.7943464052287581
vehicle,grid,9,40,0.7943464052287581
vehicle,grid,9,41,0.7943464052287581
vehicle,grid,9,42,0.7943464052287581
vehicle,grid,9,43,0.7943464052287581
vehicle,grid,9,44,0.7943464052287581
vehicle,grid,9,45,0.8091612200435729
vehicle,grid,9,46,0.8358278867102396
vehicle,grid,9,47,0.8358278867102396
vehicle,grid,9,48,0.8358278867102396
vehicle,grid,9,49,0.8358278867102396
vehicle,grid,9,50,0.8358278867102396
vehicle,grid,9,51,0.8358278867102396
vehicle,grid,9,52,0.8358278867102396
vehicle,grid,9,53,0.8358278867102396
vehicle,grid,9,54,0.8358278867102396
vehicle,grid,9,55,0.8358278867102396
vehicle,grid,9,56,0.8402287581699348
vehicle,grid,9,57,0.8402287581699348
vehicle,grid,9,58,0.8402287581699348
vehicle,grid,9,59,0.8402287581699348
vehicle,grid,9,60,0.8402287581699348
vehicle,grid,9,61,0.8402287581699348
vehicle,grid,9,62,0.8402287581699348
vehicle,grid,9,63,0.8402287581699348
vehicle,grid,9,64,0.8402287581699348
vehicle,grid,9,65,0.8491176470588234
vehicle,grid,9,66,0.8491176470588234
vehicle,grid,9,67,0.8491176470588234
vehicle,grid,9,68,0.8491176470588234
vehicle,grid,9,69,0.8491176470588234
vehicle,grid,9,70,0.8491176470588234
vehicle,grid,9,71,0.8491176470588234
vehicle,grid,9,72,0.8491176470588234
vehicle,grid,9,73,0.8491176470588234
vehicle,grid,9,74,0.8491176470588234
vehicle,grid,9,75,0.8491176470588234
vehicle,grid,9,76,0.8491176470588234
vehicle,grid,9,77,0.8491176470588234
vehicle,grid,9,78,0.8491176470588234
vehicle,grid,9,79,0.8491176470588234
vehicle,grid,9,80,0.8491176470588234
vehicle,grid,9,81,0.8491176470588234
vehicle,grid,9,82,0.8491176470588234
vehicle,grid,9,83,0.8491176470588234
vehicle,grid,9,84,0.8491176470588236
vehicle,grid,9,85,0.8535511982570807
vehicle,grid,9,86,0.8535511982570807
vehicle,grid,9,87,0.8535511982570807
vehicle,grid,9,88,0.8535511982570807
vehicle,grid,9,89,0.8535511982570807
vehicle,grid,9,90,0.8535511982570807
vehicle,grid,9,91,0.8535511982570807
vehicle,grid,9,92,0.8535511982570807
vehicle,grid,9,93,0.8535511982570807
vehicle,grid,9,94,0.8535511982570807
vehicle,grid,9,95,0.8535511982570807
vehicle,grid,9,96,0.8535511982570807
vehicle,grid,9,97,0.8535511982570807
vehicle,grid,9,98,0.8535511982570807
vehicle,grid,9,99,0.8535511982570807
vehicle,grid,9,100,0.8535511982570807
vehicle,random,9,1,0.4214814814814815
vehicle,random,9,2,0.6716557734204792
vehicle,random,9,3,0.6716557734204792
vehicle,random,9,4,0.6982788671023965
vehicle,random,9,5,0.6982788671023965
vehicle,random,9,6,0.6982788671023965
vehicle,random,9,7,0.8076688453159042
vehicle,random,9,8,0.8298583877995643
vehicle,random,9,9,0.8298583877995643
vehicle,random,9,10,0.8298583877995643
vehicle,random,9,11,0.8298583877995643
vehicle,random,9,12,0.8520697167755991
vehicle,random,9,13,0.8520697167755991
vehicle,random,9,14,0.8520697167755991
vehicle,random,9,15,0.8520697167755991
vehicle,random,9,16,0.8520697167755991
vehicle,random,9,17,0.8520697167755991
vehicle,random,9,18,0.8520697167755991
vehicle,random,9,19,0.8520697167755991
vehicle,random,9,20,0.8520697167755991
vehicle,random,9,21,0.8520697167755991
vehicle,random,9,22,0.8520697167755991
vehicle,random,9,23,0.8520697167755991
vehicle,random,9,24,0.8520697167755991
vehicle,random,9,25,0.8520697167755991
vehicle,random,9,26,0.8520697167755991
vehicle,random,9,27,0.8520697167755991
vehicle,random,9,28,0.8520697167755991
vehicle,random,9,29,0.8520697167755991
vehicle,random,9,30,0.8520697167755991
vehicle,random,9,31,0.8520697167755991
vehicle,random,9,32,0.8520697167755991
vehicle,random,9,33,0.8520697167755991
vehicle,random,9,34,0.8520697167755991
vehicle,random,9,35,0.8520697167755991
vehicle,random,9,36,0.8520697167755991
vehicle,random,9,37,0.8520697167755991
vehicle,random,9,38,0.8520697167755991
vehicle,random,9,39,0.8520697167755991
vehicle,random,9,40,0.8520697167755991
vehicle,random,9,41,0.8520697167755991
vehicle,random,9,42,0.8520697167755991
vehicle,random,9,43,0.8520697167755991
vehicle,random,9,44,0.8520697167755991
vehicle,random,9,45,0.8520697167755991
vehicle,random,9,46,0.8520697167755991
vehicle,random,9,47,0.8520697167755991
vehicle,random,9,48,0.8520697167755991
vehicle,random,9,49,0.8520697167755991
vehicle,random,9,50,0.8520697167755991
vehicle,random,9,51,0.8520697167755991
vehicle,random,9,52,0.8520697167755991
vehicle,random,9,53,0.8520697167755991
vehicle,random,9,54,0.8520697167755991
vehicle,random,9,55,0.8520697167755991
vehicle,random,9,56,0.8520697167755991
vehicle,random,9,57,0.8520697167755991
vehicle,random,9,58,0.8520697167755991
vehicle,random,9,59,0.8520697167755991
vehicle,random,9,60,0.8520697167755991
vehicle,random,9,61,0.8520697167755991
vehicle,random,9,62,0.8520697167755991
vehicle,random,9,63,0.8520697167755991
vehicle,random,9,64,0.8520697167755991
vehicle,random,9,65,0.8520697167755991
vehicle,random,9,66,0.8520697167755991
vehicle,random,9,67,0.8520697167755991
vehicle,random,9,68,0.8520697167755991
vehicle,random,9,69,0.8520697167755991
vehicle,random,9,70,0.8520697167755991
vehicle,random,9,71,0.8520697167755991
vehicle,random,9,72,0.8520697167755991
vehicle,random,9,73,0.8520697167755991
vehicle,random,9,74,0.8520697167755991
vehicle,random,9,75,0.8520697167755991
vehicle,random,9,76,0.8520697167755991
vehicle,random,9,77,0.8520697167755991
vehicle,random,9,78,0.8520697167755991
vehicle,random,9,79,0.8520697167755991
vehicle,random,9,80,0.8520697167755991
vehicle,random,9,81,0.8520697167755991
vehicle,random,9,82,0.8520697167755991
vehicle,random,9,83,0.8520697167755991
vehicle,random,9,84,0.8520697167755991
vehicle,random,9,85,0.8520697167755991
vehicle,random,9,86,0.8520697167755991
vehicle,random,9,87,0.8520697167755991
vehicle,random,9,88,0.8520697167755991
vehicle,random,9,89,0.8520697167755991
vehicle,random,9,90,0.8520697167755991
vehicle,random,9,91,0.8520697167755991
vehicle,random,9,92,0.8520697167755991
vehicle,random,9,93,0.8520697167755991
vehicle,random,9,94,0.8520697167755991
vehicle,random,9,95,0.8520697167755991
vehicle,random,9,96,0.8520697167755991
vehicle,random,9,97,0.8520697167755991
vehicle,random,9,98,0.8520697167755991
vehicle,random,9,99,0.8520697167755991
vehicle,random,9,100,0.8520697167755991
vehicle,bo_tpe,9,1,0.4214814814814815
vehicle,bo_tpe,9,2,0.6716557734204792
vehicle,bo_tpe,9,3,0.6716557734204792
vehicle,bo_tpe,9,4,0.6982788671023965
vehicle,bo_tpe,9,5,0.6982788671023965
vehicle,bo_tpe,9,6,0.6982788671023965
vehicle,bo_tpe,9,7,0.8076688453159042
vehicle,bo_tpe,9,8,0.8298583877995643
vehicle,bo_tpe,9,9,0.8298583877995643
vehicle,bo_tpe,9,10,0.8298583877995643
vehicle,bo_tpe,9,11,0.8298583877995643
vehicle,bo_tpe,9,12,0.8298583877995643
vehicle,bo_tpe,9,13,0.8416884531590414
vehicle,bo_tpe,9,14,0.8506100217864925
vehicle,bo_tpe,9,15,0.8506100217864925
vehicle,bo_tpe,9,16,0.8506100217864925
vehicle,bo_tpe,9,17,0.8506100217864925
vehicle,bo_tpe,9,18,0.8506100217864925
vehicle,bo_tpe,9,19,0.8506100217864925
vehicle,bo_tpe,9,20,0.8506100217864925
vehicle,bo_tpe,9,21,0.8506100217864925
vehicle,bo_tpe,9,22,0.8506100217864925
vehicle,bo_tpe,9,23,0.8565141612200435
vehicle,bo_tpe,9,24,0.8565141612200435
vehicle,bo_tpe,9,25,0.8565141612200435
vehicle,bo_tpe,9,26,0.8565141612200435
vehicle,bo_tpe,9,27,0.8565141612200435
vehicle,bo_tpe,9,28,0.8565141612200435
vehicle,bo_tpe,9,29,0.8565141612200435
vehicle,bo_tpe,9,30,0.8565141612200435
vehicle,bo_tpe,9,31,0.8565141612200435
vehicle,bo_tpe,9,32,0.8565141612200435
vehicle,bo_tpe,9,33,0.8565250544662308
vehicle,bo_tpe,9,34,0.8565250544662308
vehicle,bo_tpe,9,35,0.8565250544662308
vehicle,bo_tpe,9,36,0.8565250544662308
vehicle,bo_tpe,9,37,0.8565250544662308
vehicle,bo_tpe,9,38,0.8565250544662308
vehicle,bo_tpe,9,39,0.8565250544662308
vehicle,bo_tpe,9,40,0.8565250544662308
vehicle,bo_tpe,9,41,0.8565250544662308
vehicle,bo_tpe,9,42,0.8565250544662308
vehicle,bo_tpe,9,43,0.8565250544662308
vehicle,bo_tpe,9,44,0.8565250544662308
vehicle,bo_tpe,9,45,0.8565250544662308
vehicle,bo_tpe,9,46,0.8565250544662308
vehicle,bo_tpe,9,47,0.8565250544662308
vehicle,bo_tpe,9,48,0.8565250544662308
vehicle,bo_tpe,9,49,0.8565250544662308
vehicle,bo_tpe,9,50,0.8565250544662308
vehicle,bo_tpe,9,51,0.8565250544662308
vehicle,bo_tpe,9,52,0.8565250544662308
vehicle,bo_tpe,9,53,0.8565250544662308
vehicle,bo_tpe,9,54,0.8565250544662308
vehicle,bo_tpe,9,55,0.8565250544662308
vehicle,bo_tpe,9,56,0.8565250544662308
vehicle,bo_tpe,9,57,0.8565250544662308
vehicle,bo_tpe,9,58,0.8565250544662308
vehicle,bo_tpe,9,59,0.8565250544662308
vehicle,bo_tpe,9,60,0.8565250544662308
vehicle,bo_tpe,9,61,0.8565250544662308
vehicle,bo_tpe,9,62,0.8565250544662308
vehicle,bo_tpe,9,63,0.8565250544662308
vehicle,bo_tpe,9,64,0.8579956427015251
vehicle,bo_tpe,9,65,0.8579956427015251
vehicle,bo_tpe,9,66,0.8580065359477125
vehicle,bo_tpe,9,67,0.8580065359477125
vehicle,bo_tpe,9,68,0.8580065359477125
vehicle,bo_tpe,9,69,0.8580065359477125
vehicle,bo_tpe,9,70,0.8580065359477125
vehicle,bo_tpe,9,71,0.8580065359477125
vehicle,bo_tpe,9,72,0.8580065359477125
vehicle,bo_tpe,9,73,0.8580065359477125
vehicle,bo_tpe,9,74,0.8580065359477125
vehicle,bo_tpe,9,75,0.8580065359477125
vehicle,bo_tpe,9,76,0.8580065359477125
vehicle,bo_tpe,9,77,0.8580065359477125
vehicle,bo_tpe,9,78,0.8580065359477125
vehicle,bo_tpe,9,79,0.8580065359477125
vehicle,bo_tpe,9,80,0.8580065359477125
vehicle,bo_tpe,9,81,0.8580065359477125
vehicle,bo_tpe,9,82,0.8580065359477125
vehicle,bo_tpe,9,83,0.8580065359477125
vehicle,bo_tpe,9,84,0.8580065359477125
vehicle,bo_tpe,9,85,0.8580065359477125
vehicle,bo_tpe,9,86,0.8580065359477125
vehicle,bo_tpe,9,87,0.8580065359477125
vehicle,bo_tpe,9,88,0.8580065359477125
vehicle,bo_tpe,9,89,0.8580065359477125
vehicle,bo_tpe,9,90,0.8580065359477125
vehicle,bo_tpe,9,91,0.8580065359477125
vehicle,bo_tpe,9,92,0.8580065359477125
vehicle,bo_tpe,9,93,0.8580065359477125
vehicle,bo_tpe,9,94,0.8580065359477125
vehicle,bo_tpe,9,95,0.8580065359477125
vehicle,bo_tpe,9,96,0.8580065359477125
vehicle,bo_tpe,9,97,0.8580065359477125
vehicle,bo_tpe,9,98,0.8580065359477125
vehicle,bo_tpe,9,99,0.8580065359477125
vehicle,bo_tpe,9,100,0.8580065359477125
vehicle,pso,9,1,0.3935294117647059
vehicle,pso,9,2,0.3935294117647059
vehicle,pso,9,3,0.8194989106753813
vehicle,pso,9,4,0.8194989106753813
vehicle,pso,9,5,0.8194989106753813
vehicle,pso,9,6,0.8194989106753813
vehicle,pso,9,7,0.8194989106753813
vehicle,pso,9,8,0.8194989106753813
vehicle,pso,9,9,0.8194989106753813
vehicle,pso,9,10,0.8194989106753813
vehicle,pso,9,11,0.8194989106753813
vehicle,pso,9,12,0.8194989106753813
vehicle,pso,9,13,0.8194989106753813
vehicle,pso,9,14,0.8194989106753813
vehicle,pso,9,15,0.8343246187363835
vehicle,pso,9,16,0.8343246187363835
vehicle,pso,9,17,0.8343246187363835
vehicle,pso,9,18,0.8343246187363835
vehicle,pso,9,19,0.8343246187363835
vehicle,pso,9,20,0.8343246187363835
vehicle,pso,9,21,0.8343246187363835
vehicle,pso,9,22,0.8343246187363835
vehicle,pso,9,23,0.8520915032679739
vehicle,pso,9,24,0.8520915032679739
vehicle,pso,9,25,0.8520915032679739
vehicle,pso,9,26,0.8520915032679739
vehicle,pso,9,27,0.8520915032679739
vehicle,pso,9,28,0.8520915032679739
vehicle,pso,9,29,0.8520915032679739
vehicle,pso,9,30,0.8520915032679739
vehicle,pso,9,31,0.8520915032679739
vehicle,pso,9,32,0.8520915032679739
vehicle,pso,9,33,0.8520915032679739
vehicle,pso,9,34,0.8520915032679739
vehicle,pso,9,35,0.8520915032679739
vehicle,pso,9,36,0.8520915032679739
vehicle,pso,9,37,0.8520915032679739
vehicle,pso,9,38,0.8520915032679739
vehicle,pso,9,39,0.8520915032679739
vehicle,pso,9,40,0.8520915032679739
vehicle,pso,9,41,0.8520915032679739
vehicle,pso,9,42,0.8550326797385621
vehicle,pso,9,43,0.8550326797385621
vehicle,pso,9,44,0.8550326797385621
vehicle,pso,9,45,0.8550326797385621
vehicle,pso,9,46,0.8550326797385621
vehicle,pso,9,47,0.8550326797385621
vehicle,pso,9,48,0.8550326797385621
vehicle,pso,9,49,0.8550326797385621
vehicle,pso,9,50,0.8550326797385621
vehicle,pso,9,51,0.8550326797385621
vehicle,pso,9,52,0.8550326797385621
vehicle,pso,9,53,0.8550326797385621
vehicle,pso,9,54,0.8550326797385621
vehicle,pso,9,55,0.8550326797385621
vehicle,pso,9,56,0.8550326797385621
vehicle,pso,9,57,0.8565250544662308
vehicle,pso,9,58,0.8565250544662308
vehicle,pso,9,59,0.8565250544662308
vehicle,pso,9,60,0.8565250544662308
vehicle,pso,9,61,0.8565250544662308
vehicle,pso,9,62,0.8565250544662308
vehicle,pso,9,63,0.8565250544662308
vehicle,pso,9,64,0.8565250544662308
vehicle,pso,9,65,0.8565250544662308
vehicle,pso,9,66,0.8565250544662308
vehicle,pso,9,67,0.8565250544662308
vehicle,pso,9,68,0.8565250544662308
vehicle,pso,9,69,0.8565250544662308
vehicle,pso,9,70,0.8565250544662308
vehicle,pso,9,71,0.8565250544662308
vehicle,pso,9,72,0.8565250544662308
vehicle,pso,9,73,0.8565250544662308
vehicle,pso,9,74,0.8565250544662308
vehicle,pso,9,75,0.8565250544662308
vehicle,pso,9,76,0.8565250544662308
vehicle,pso,9,77,0.8565250544662308
vehicle,pso,9,78,0.8565250544662308
vehicle,pso,9,79,0.8565250544662308
vehicle,pso,9,80,0.8579956427015251
vehicle,pso,9,81,0.8579956427015251
vehicle,pso,9,82,0.8579956427015251
vehicle,pso,9,83,0.8579956427015251
vehicle,pso,9,84,0.8579956427015251
vehicle,pso,9,85,0.8579956427015251
vehicle,pso,9,86,0.8579956427015251
vehicle,pso,9,87,0.8579956427015251
vehicle,pso,9,88,0.8579956427015251
vehicle,pso,9,89,0.8579956427015251
vehicle,pso,9,90,0.8579956427015251
vehicle,pso,9,91,0.8579956427015251
vehicle,pso,9,92,0.8579956427015251
vehicle,pso,9,93,0.8579956427015251
vehicle,pso,9,94,0.8579956427015251
vehicle,pso,9,95,0.8579956427015251
vehicle,pso,9,96,0.8579956427015251
vehicle,pso,9,97,0.8579956427015251
vehicle,pso,9,98,0.8579956427015251
vehicle,pso,9,99,0.8579956427015251
vehicle,pso,9,100,0.8579956427015251
vehicle,de,9,1,0.847636165577342
vehicle,de,9,2,0.847636165577342
vehicle,de,9,3,0.847636165577342
vehicle,de,9,4,0.847636165577342
vehicle,de,9,5,0.847636165577342
vehicle,de,9,6,0.847636165577342
vehicle,de,9,7,0.847636165577342
vehicle,de,9,8,0.847636165577342
vehicle,de,9,9,0.847636165577342
vehicle,de,9,10,0.847636165577342
vehicle,de,9,11,0.847636165577342
vehicle,de,9,12,0.847636165577342
vehicle,de,9,13,0.847636165577342
vehicle,de,9,14,0.847636165577342
vehicle,de,9,15,0.847636165577342
vehicle,de,9,16,0.847636165577342
vehicle,de,9,17,0.847636165577342
vehicle,de,9,18,0.847636165577342
vehicle,de,9,19,0.847636165577342
vehicle,de,9,20,0.847636165577342
vehicle,de,9,21,0.8491067538126362
vehicle,de,9,22,0.8491067538126362
vehicle,de,9,23,0.8491067538126362
vehicle,de,9,24,0.8491067538126362
vehicle,de,9,25,0.8491067538126362
vehicle,de,9,26,0.8491067538126362
vehicle,de,9,27,0.8491067538126362
vehicle,de,9,28,0.8491067538126362
vehicle,de,9,29,0.8491067538126362
vehicle,de,9,30,0.8491067538126362
vehicle,de,9,31,0.8491067538126362
vehicle,de,9,32,0.8491067538126362
vehicle,de,9,33,0.8491067538126362
vehicle,de,9,34,0.8491067538126362
vehicle,de,9,35,0.8491067538126362
vehicle,de,9,36,0.8491067538126362
vehicle,de,9,37,0.8491067538126362
vehicle,de,9,38,0.8491067538126362
vehicle,de,9,39,0.8491067538126362
vehicle,de,9,40,0.8491067538126362
vehicle,de,9,41,0.8505882352941176
vehicle,de,9,42,0.8505882352941176
vehicle,de,9,43,0.8505882352941176
vehicle,de,9,44,0.8505882352941176
vehicle,de,9,45,0.8505882352941176
vehicle,de,9,46,0.8505882352941176
vehicle,de,9,47,0.8505882352941176
vehicle,de,9,48,0.8505882352941176
vehicle,de,9,49,0.8505882352941176
vehicle,de,9,50,0.8505882352941176
vehicle,de,9,51,0.8505882352941176
vehicle,de,9,52,0.8505882352941176
vehicle,de,9,53,0.8505882352941176
vehicle,de,9,54,0.8505882352941176
vehicle,de,9,55,0.8505882352941176
vehicle,de,9,56,0.8505882352941176
vehicle,de,9,57,0.8505882352941176
vehicle,de,9,58,0.8505882352941176
vehicle,de,9,59,0.8505882352941176
vehicle,de,9,60,0.8505882352941176
vehicle,de,9,61,0.8505882352941176
vehicle,de,9,62,0.8505882352941176
vehicle,de,9,63,0.8505882352941176
vehicle,de,9,64,0.8505882352941176
vehicle,de,9,65,0.8505882352941176
vehicle,de,9,66,0.8505882352941176
vehicle,de,9,67,0.8505882352941176
vehicle,de,9,68,0.8505882352941176
vehicle,de,9,69,0.8505882352941176
vehicle,de,9,70,0.8505882352941176
vehicle,de,9,71,0.8505882352941176
vehicle,de,9,72,0.8505882352941176
vehicle,de,9,73,0.8505882352941176
vehicle,de,9,74,0.8505882352941176
vehicle,de,9,75,0.8505882352941176
vehicle,de,9,76,0.8505882352941176
vehicle,de,9,77,0.8505882352941176
vehicle,de,9,78,0.8505882352941176
vehicle,de,9,79,0.8505882352941176
vehicle,de,9,80,0.8505882352941176
vehicle,de,9,81,0.8505882352941176
vehicle,de,9,82,0.8505882352941176
vehicle,de,9,83,0.8505882352941176
vehicle,de,9,84,0.8505882352941176
vehicle,de,9,85,0.8550326797385621
vehicle,de,9,86,0.8550326797385621
vehicle,de,9,87,0.8550326797385621
vehicle,de,9,88,0.8550326797385621
vehicle,de,9,89,0.8550326797385621
vehicle,de,9,90,0.8550326797385621
vehicle,de,9,91,0.8550326797385621
vehicle,de,9,92,0.8550326797385621
vehicle,de,9,93,0.8550326797385621
vehicle,de,9,94,0.8550326797385621
vehicle,de,9,95,0.8550326797385621
vehicle,de,9,96,0.8550326797385621
vehicle,de,9,97,0.8550326797385621
vehicle,de,9,98,0.8550326797385621
vehicle,de,9,99,0.8550326797385621
vehicle,de,9,100,0.8565141612200436
vehicle,ga,9,1,0.847636165577342
vehicle,ga,9,2,0.847636165577342
vehicle,ga,9,3,0.847636165577342
vehicle,ga,9,4,0.847636165577342
vehicle,ga,9,5,0.847636165577342
vehicle,ga,9,6,0.847636165577342
vehicle,ga,9,7,0.847636165577342
vehicle,ga,9,8,0.847636165577342
vehicle,ga,9,9,0.847636165577342
vehicle,ga,9,10,0.847636165577342
vehicle,ga,9,11,0.847636165577342
vehicle,ga,9,12,0.847636165577342
vehicle,ga,9,13,0.847636165577342
vehicle,ga,9,14,0.847636165577342
vehicle,ga,9,15,0.847636165577342
vehicle,ga,9,16,0.847636165577342
vehicle,ga,9,17,0.847636165577342
vehicle,ga,9,18,0.847636165577342
vehicle,ga,9,19,0.847636165577342
vehicle,ga,9,20,0.847636165577342
vehicle,ga,9,21,0.847636165577342
vehicle,ga,9,22,0.847636165577342
vehicle,ga,9,23,0.847636165577342
vehicle,ga,9,24,0.847636165577342
vehicle,ga,9,25,0.853562091503268
vehicle,ga,9,26,0.853562091503268
vehicle,ga,9,27,0.853562091503268
vehicle,ga,9,28,0.853562091503268
vehicle,ga,9,29,0.853562091503268
vehicle,ga,9,30,0.853562091503268
vehicle,ga,9,31,0.853562091503268
vehicle,ga,9,32,0.853562091503268
vehicle,ga,9,33,0.853562091503268
vehicle,ga,9,34,0.853562091503268
vehicle,ga,9,35,0.853562091503268
vehicle,ga,9,36,0.853562091503268
vehicle,ga,9,37,0.853562091503268
vehicle,ga,9,38,0.853562091503268
vehicle,ga,9,39,0.853562091503268
vehicle,ga,9,40,0.853562091503268
vehicle,ga,9,41,0.853562091503268
vehicle,ga,9,42,0.853562091503268
vehicle,ga,9,43,0.853562091503268
vehicle,ga,9,44,0.853562091503268
vehicle,ga,9,45,0.853562091503268
vehicle,ga,9,46,0.853562091503268
vehicle,ga,9,47,0.853562091503268
vehicle,ga,9,48,0.853562091503268
vehicle,ga,9,49,0.853562091503268
vehicle,ga,9,50,0.853562091503268
vehicle,ga,9,51,0.853562091503268
vehicle,ga,9,52,0.853562091503268
vehicle,ga,9,53,0.853562091503268
vehicle,ga,9,54,0.853562091503268
vehicle,ga,9,55,0.853562091503268
vehicle,ga,9,56,0.853562091503268
vehicle,ga,9,57,0.853562091503268
vehicle,ga,9,58,0.853562091503268
vehicle,ga,9,59,0.853562091503268
vehicle,ga,9,60,0.853562091503268
vehicle,ga,9,61,0.853562091503268
vehicle,ga,9,62,0.853562091503268
vehicle,ga,9,63,0.853562091503268
vehicle,ga,9,64,0.853562091503268
vehicle,ga,9,65,0.853562091503268
vehicle,ga,9,66,0.853562091503268
vehicle,ga,9,67,0.853562091503268
vehicle,ga,9,68,0.853562091503268
vehicle,ga,9,69,0.853562091503268
vehicle,ga,9,70,0.853562091503268
vehicle,ga,9,71,0.853562091503268
vehicle,ga,9,72,0.853562091503268
vehicle,ga,9,73,0.853562091503268
vehicle,ga,9,74,0.853562091503268
vehicle,ga,9,75,0.853562091503268
vehicle,ga,9,76,0.853562091503268
vehicle,ga,9,77,0.853562091503268
vehicle,ga,9,78,0.853562091503268
vehicle,ga,9,79,0.853562091503268
vehicle,ga,9,80,0.853562091503268
vehicle,ga,9,81,0.853562091503268
vehicle,ga,9,82,0.853562091503268
vehicle,ga,9,83,0.853562091503268
vehicle,ga,9,84,0.853562091503268
vehicle,ga,9,85,0.8550326797385621
vehicle,ga,9,86,0.8550326797385621
vehicle,ga,9,87,0.8550326797385621
vehicle,ga,9,88,0.8550326797385621
vehicle,ga,9,89,0.8550326797385621
vehicle,ga,9,90,0.8550326797385621
vehicle,ga,9,91,0.8550326797385621
vehicle,ga,9,92,0.8550326797385621
vehicle,ga,9,93,0.8550326797385621
vehicle,ga,9,94,0.8550326797385621
vehicle,ga,9,95,0.8550326797385621
vehicle,ga,9,96,0.8550326797385621
vehicle,ga,9,97,0.8550326797385621
vehicle,ga,9,98,0.8550326797385621
vehicle,ga,9,99,0.8550326797385621
vehicle,ga,9,100,0.8550326797385621
vehicle,grid,10,1,0.300359477124183
vehicle,grid,10,2,0.300359477124183
vehicle,grid,10,3,0.300359477124183
vehicle,grid,10,4,0.300359477124183
vehicle,grid,10,5,0.300359477124183
vehicle,grid,10,6,0.4067647058823529
vehicle,grid,10,7,0.4142047930283224
vehicle,grid,10,8,0.4142047930283224
vehicle,grid,10,9,0.4142047930283224
vehicle,grid,10,10,0.4142047930283224
vehicle,grid,10,11,0.4142047930283224
vehicle,grid,10,12,0.4142047930283224
vehicle,grid,10,13,0.4142047930283224
vehicle,grid,10,14,0.4142047930283224
vehicle,grid,10,15,0.4792156862745099
vehicle,grid,10,16,0.6375381263616557
vehicle,grid,10,17,0.68781045751634
vehicle,grid,10,18,0.68781045751634
vehicle,grid,10,19,0.68781045751634
vehicle,grid,10,20,0.68781045751634
vehicle,grid,10,21,0.68781045751634
vehicle,grid,10,22,0.68781045751634
vehicle,grid,10,23,0.68781045751634
vehicle,grid,10,24,0.68781045751634
vehicle,grid,10,25,0.68781045751634
vehicle,grid,10,26,0.7248148148148148
vehicle,grid,10,27,0.7455119825708061
vehicle,grid,10,28,0.7455119825708061
vehicle,grid,10,29,0.7455119825708061
vehicle,grid,10,30,0.7455119825708061
vehicle,grid,10,31,0.7455119825708061
vehicle,grid,10,32,0.7455119825708061
vehicle,grid,10,33,0.7455119825708061
vehicle,grid,10,34,0.7455119825708061
vehicle,grid,10,35,0.7455119825708061
vehicle,grid,10,36,0.7958387799564269
vehicle,grid,10,37,0.7958387799564269
vehicle,grid,10,38,0.7958387799564269
vehicle,grid,10,39,0.7958387799564269
vehicle,grid,10,40,0.7958387799564269
vehicle,grid,10,41,0.7958387799564269
vehicle,grid,10,42,0.7958387799564269
vehicle,grid,10,43,0.7958387799564269
vehicle,grid,10,44,0.7958387799564269
vehicle,grid,10,45,0.7958387799564269
vehicle,grid,10,46,0.8269281045751633
vehicle,grid,10,47,0.8269281045751633
vehicle,grid,10,48,0.8269281045751633
vehicle,grid,10,49,0.8269281045751633
vehicle,grid,10,50,0.8269281045751633
vehicle,grid,10,51,0.8269281045751633
vehicle,grid,10,52,0.8269281045751633
vehicle,grid,10,53,0.8269281045751633
vehicle,grid,10,54,0.8269281045751633
vehicle,grid,10,55,0.8269281045751633
vehicle,grid,10,56,0.8520479302832245
vehicle,grid,10,57,0.8520479302832245
vehicle,grid,10,58,0.8520479302832245
vehicle,grid,10,59,0.8520479302832245
vehicle,grid,10,60,0.8520479302832245
vehicle,grid,10,61,0.8520479302832245
vehicle,grid,10,62,0.8520479302832245
vehicle,grid,10,63,0.8520479302832245
vehicle,grid,10,64,0.8520479302832245
vehicle,grid,10,65,0.8520479302832245
vehicle,grid,10,66,0.8535511982570807
vehicle,grid,10,67,0.8535511982570807
vehicle,grid,10,68,0.8535511982570807
vehicle,grid,10,69,0.8535511982570807
vehicle,grid,10,70,0.8535511982570807
vehicle,grid,10,71,0.8535511982570807
vehicle,grid,10,72,0.8535511982570807
vehicle,grid,10,73,0.8535511982570807
vehicle,grid,10,74,0.8535511982570807
vehicle,grid,10,75,0.8535511982570807
vehicle,grid,10,76,0.8535511982570807
vehicle,grid,10,77,0.8535511982570807
vehicle,grid,10,78,0.8535511982570807
vehicle,grid,10,79,0.8535511982570807
vehicle,grid,10,80,0.8535511982570807
vehicle,grid,10,81,0.8535511982570807
vehicle,grid,10,82,0.8535511982570807
vehicle,grid,10,83,0.8535511982570807
vehicle,grid,10,84,0.8550217864923748
vehicle,grid,10,85,0.8550217864923748
vehicle,grid,10,86,0.8550217864923748
vehicle,grid,10,87,0.8550217864923748
vehicle,grid,10,88,0.8550217864923748
vehicle,grid,10,89,0.8550217864923748
vehicle,grid,10,90,0.8550217864923748
vehicle,grid,10,91,0.8550217864923748
vehicle,grid,10,92,0.8550217864923748
vehicle,grid,10,93,0.8550217864923748
vehicle,grid,10,94,0.8550217864923748
vehicle,grid,10,95,0.8550217864923748
vehicle,grid,10,96,0.8550217864923748
vehicle,grid,10,97,0.8550217864923748
vehicle,grid,10,98,0.8550217864923748
vehicle,grid,10,99,0.8550217864923748
vehicle,grid,10,100,0.8550217864923748
vehicle,random,10,1,0.7543899782135076
vehicle,random,10,2,0.7573420479302833
vehicle,random,10,3,0.7573420479302833
vehicle,random,10,4,0.7573420479302833
vehicle,random,10,5,0.7573420479302833
vehicle,random,10,6,0.7573420479302833
vehicle,random,10,7,0.7573420479302833
vehicle,random,10,8,0.8239433551198256
vehicle,random,10,9,0.8239433551198256
vehicle,random,10,10,0.8239433551198256
vehicle,random,10,11,0.8239433551198256
vehicle,random,10,12,0.8239433551198256
vehicle,random,10,13,0.8239433551198256
vehicle,random,10,14,0.8594444444444443
vehicle,random,10,15,0.8594444444444443
vehicle,random,10,16,0.8594444444444443
vehicle,random,10,17,0.8594444444444443
vehicle,random,10,18,0.8594444444444443
vehicle,random,10,19,0.8594444444444443
vehicle,random,10,20,0.8594444444444443
vehicle,random,10,21,0.8594444444444443
vehicle,random,10,22,0.8594444444444443
vehicle,random,10,23,0.8594444444444443
vehicle,random,10,24,0.8594444444444443
vehicle,random,10,25,0.8594444444444443
vehicle,random,10,26,0.8594444444444443
vehicle,random,10,27,0.8594444444444443
vehicle,random,10,28,0.8594444444444443
vehicle,random,10,29,0.8594444444444443
vehicle,random,10,30,0.8594444444444443
vehicle,random,10,31,0.8594444444444443
vehicle,random,10,32,0.8594444444444443
vehicle,random,10,33,0.8594444444444443
vehicle,random,10,34,0.8594444444444443
vehicle,random,10,35,0.8594444444444443
vehicle,random,10,36,0.8594444444444443
vehicle,random,10,37,0.8594444444444443
vehicle,random,10,38,0.8594444444444443
vehicle,random,10,39,0.8594444444444443
vehicle,random,10,40,0.8594444444444443
vehicle,random,10,41,0.8594444444444443
vehicle,random,10,42,0.8594444444444443
vehicle,random,10,43,0.8594444444444443
vehicle,random,10,44,0.8594444444444443
vehicle,random,10,45,0.8594444444444443
vehicle,random,10,46,0.8594444444444443
vehicle,random,10,47,0.8594444444444443
vehicle,random,10,48,0.8594444444444443
vehicle,random,10,49,0.8594444444444443
vehicle,random,10,50,0.8594444444444443
vehicle,random,10,51,0.8594444444444443
vehicle,random,10,52,0.8594444444444443
vehicle,random,10,53,0.8594444444444443
vehicle,random,10,54,0.8594444444444443
vehicle,random,10,55,0.8594444444444443
vehicle,random,10,56,0.8594444444444443
vehicle,random,10,57,0.8594444444444443
vehicle,random,10,58,0.8594444444444443
vehicle,random,10,59,0.8594444444444443
vehicle,random,10,60,0.8594444444444443
vehicle,random,10,61,0.8594444444444443
vehicle,random,10,62,0.8594444444444443
vehicle,random,10,63,0.8594444444444443
vehicle,random,10,64,0.8594444444444443
vehicle,random,10,65,0.8594444444444443
vehicle,random,10,66,0.8594444444444443
vehicle,random,10,67,0.8594444444444443
vehicle,random,10,68,0.8594444444444443
vehicle,random,10,69,0.8594444444444443
vehicle,random,10,70,0.8594444444444443
vehicle,random,10,71,0.8594444444444443
vehicle,random,10,72,0.8594444444444443
vehicle,random,10,73,0.8594444444444443
vehicle,random,10,74,0.8594444444444443
vehicle,random,10,75,0.8594444444444443
vehicle,random,10,76,0.8594444444444443
vehicle,random,10,77,0.8594444444444443
vehicle,random,10,78,0.8594444444444443
vehicle,random,10,79,0.8594444444444443
vehicle,random,10,80,0.8594444444444443
vehicle,random,10,81,0.8594444444444443
vehicle,random,10,82,0.8594444444444443
vehicle,random,10,83,0.8594444444444443
vehicle,random,10,84,0.8594444444444443
vehicle,random,10,85,0.8594444444444443
vehicle,random,10,86,0.8594444444444443
vehicle,random,10,87,0.8594444444444443
vehicle,random,10,88,0.8594444444444443
vehicle,random,10,89,0.8594444444444443
vehicle,random,10,90,0.8594444444444443
vehicle,random,10,91,0.8594444444444443
vehicle,random,10,92,0.8594444444444443
vehicle,random,10,93,0.8594444444444443
vehicle,random,10,94,0.8594444444444443
vehicle,random,10,95,0.8594444444444443
vehicle,random,10,96,0.8594444444444443
vehicle,random,10,97,0.8594444444444443
vehicle,random,10,98,0.8594444444444443
vehicle,random,10,99,0.8594444444444443
vehicle,random,10,100,0.8594444444444443
vehicle,bo_tpe,10,1,0.7543899782135076
vehicle,bo_tpe,10,2,0.7573420479302833
vehicle,bo_tpe,10,3,0.7573420479302833
vehicle,bo_tpe,10,4,0.7573420479302833
vehicle,bo_tpe,10,5,0.7573420479302833
vehicle,bo_tpe,10,6,0.7573420479302833
vehicle,bo_tpe,10,7,0.7573420479302833
vehicle,bo_tpe,10,8,0.8239433551198256
vehicle,bo_tpe,10,9,0.8239433551198256
vehicle,bo_tpe,10,10,0.8239433551198256
vehicle,bo_tpe,10,11,0.8239433551198256
vehicle,bo_tpe,10,12,0.8239433551198256
vehicle,bo_tpe,10,13,0.8401851851851851
vehicle,bo_tpe,10,14,0.8461220043572986
vehicle,bo_tpe,10,15,0.8549782135076253
vehicle,bo_tpe,10,16,0.8549782135076253
vehicle,bo_tpe,10,17,0.8549782135076253
vehicle,bo_tpe,10,18,0.8564923747276689
vehicle,bo_tpe,10,19,0.8564923747276689
vehicle,bo_tpe,10,20,0.8564923747276689
vehicle,bo_tpe,10,21,0.8564923747276689
vehicle,bo_tpe,10,22,0.8623856209150327
vehicle,bo_tpe,10,23,0.8623856209150327
vehicle,bo_tpe,10,24,0.8623856209150327
vehicle,bo_tpe,10,25,0.8623856209150327
vehicle,bo_tpe,10,26,0.8623856209150327
vehicle,bo_tpe,10,27,0.8623856209150327
vehicle,bo_tpe,10,28,0.8623856209150327
vehicle,bo_tpe,10,29,0.8623856209150327
vehicle,bo_tpe,10,30,0.8623856209150327
vehicle,bo_tpe,10,31,0.8668409586056643
vehicle,bo_tpe,10,32,0.8668409586056643
vehicle,bo_tpe,10,33,0.8668409586056643
vehicle,bo_tpe,10,34,0.8668409586056643
vehicle,bo_tpe,10,35,0.8668409586056643
vehicle,bo_tpe,10,36,0.8668409586056643
vehicle,bo_tpe,10,37,0.8668409586056643
vehicle,bo_tpe,10,38,0.8668409586056643
vehicle,bo_tpe,10,39,0.8668409586056643
vehicle,bo_tpe,10,40,0.8668409586056643
vehicle,bo_tpe,10,41,0.8668409586056643
vehicle,bo_tpe,10,42,0.8668409586056643
vehicle,bo_tpe,10,43,0.8668409586056643
vehicle,bo_tpe,10,44,0.8668409586056643
vehicle,bo_tpe,10,45,0.8668409586056643
vehicle,bo_tpe,10,46,0.8668409586056643
vehicle,bo_tpe,10,47,0.8668409586056643
vehicle,bo_tpe,10,48,0.8668409586056643
vehicle,bo_tpe,10,49,0.8668409586056643
vehicle,bo_tpe,10,50,0.8668409586056643
vehicle,bo_tpe,10,51,0.8668409586056643
vehicle,bo_tpe,10,52,0.8668409586056643
vehicle,bo_tpe,10,53,0.8668409586056643
vehicle,bo_tpe,10,54,0.8668409586056643
vehicle,bo_tpe,10,55,0.8668409586056643
vehicle,bo_tpe,10,56,0.8668409586056643
vehicle,bo_tpe,10,57,0.8668409586056643
vehicle,bo_tpe,10,58,0.8668409586056643
vehicle,bo_tpe,10,59,0.8668409586056643
vehicle,bo_tpe,10,60,0.8668409586056643
vehicle,bo_tpe,10,61,0.8668409586056643
vehicle,bo_tpe,10,62,0.8668409586056643
vehicle,bo_tpe,10,63,0.8668409586056643
vehicle,bo_tpe,10,64,0.8668409586056643
vehicle,bo_tpe,10,65,0.8668409586056643
vehicle,bo_tpe,10,66,0.8668409586056643
vehicle,bo_tpe,10,67,0.8668409586056643
vehicle,bo_tpe,10,68,0.8668409586056643
vehicle,bo_tpe,10,69,0.8668409586056643
vehicle,bo_tpe,10,70,0.8668409586056643
vehicle,bo_tpe,10,71,0.8668409586056643
vehicle,bo_tpe,10,72,0.8668409586056643
vehicle,bo_tpe,10,73,0.8668409586056643
vehicle,bo_tpe,10,74,0.8668409586056643
vehicle,bo_tpe,10,75,0.8668409586056643
vehicle,bo_tpe,10,76,0.8668409586056643
vehicle,bo_tpe,10,77,0.8668409586056643
vehicle,bo_tpe,10,78,0.8668409586056643
vehicle,bo_tpe,10,79,0.8668409586056643
vehicle,bo_tpe,10,80,0.8668409586056643
vehicle,bo_tpe,10,81,0.8668409586056643
vehicle,bo_tpe,10,82,0.8668409586056643
vehicle,bo_tpe,10,83,0.8668409586056643
vehicle,bo_tpe,10,84,0.8668409586056643
vehicle,bo_tpe,10,85,0.8668409586056643
vehicle,bo_tpe,10,86,0.8668409586056643
vehicle,bo_tpe,10,87,0.8668409586056643
vehicle,bo_tpe,10,88,0.8668409586056643
vehicle,bo_tpe,10,89,0.8668409586056643
vehicle,bo_tpe,10,90,0.8668409586056643
vehicle,bo_tpe,10,91,0.8668409586056643
vehicle,bo_tpe,10,92,0.8668409586056643
vehicle,bo_tpe,10,93,0.8668409586056643
vehicle,bo_tpe,10,94,0.8668409586056643
vehicle,bo_tpe,10,95,0.8668409586056643
vehicle,bo_tpe,10,96,0.8668409586056643
vehicle,bo_tpe,10,97,0.8668409586056643
vehicle,bo_tpe,10,98,0.8668409586056643
vehicle,bo_tpe,10,99,0.8668409586056643
vehicle,bo_tpe,10,100,0.8668409586056643
vehicle,pso,10,1,0.4584858387799564
vehicle,pso,10,2,0.7529302832244008
vehicle,pso,10,3,0.8017647058823529
vehicle,pso,10,4,0.8017647058823529
vehicle,pso,10,5,0.8017647058823529
vehicle,pso,10,6,0.8017647058823529
vehicle,pso,10,7,0.8017647058823529
vehicle,pso,10,8,0.8076906318082788
vehicle,pso,10,9,0.8535403050108933
vehicle,pso,10,10,0.8535403050108933
vehicle,pso,10,11,0.8535403050108933
vehicle,pso,10,12,0.8535403050108933
vehicle,pso,10,13,0.8535403050108933
vehicle,pso,10,14,0.8535403050108933
vehicle,pso,10,15,0.8535403050108933
vehicle,pso,10,16,0.8535403050108933
vehicle,pso,10,17,0.8535403050108933
vehicle,pso,10,18,0.8535403050108933
vehicle,pso,10,19,0.86239651416122
vehicle,pso,10,20,0.86239651416122
vehicle,pso,10,21,0.86239651416122
vehicle,pso,10,22,0.86239651416122
vehicle,pso,10,23,0.86239651416122
vehicle,pso,10,24,0.86239651416122
vehicle,pso,10,25,0.86239651416122
vehicle,pso,10,26,0.86239651416122
vehicle,pso,10,27,0.86239651416122
vehicle,pso,10,28,0.86239651416122
vehicle,pso,10,29,0.86239651416122
vehicle,pso,10,30,0.86239651416122
vehicle,pso,10,31,0.86239651416122
vehicle,pso,10,32,0.86239651416122
vehicle,pso,10,33,0.86239651416122
vehicle,pso,10,34,0.86239651416122
vehicle,pso,10,35,0.86239651416122
vehicle,pso,10,36,0.86239651416122
vehicle,pso,10,37,0.86239651416122
vehicle,pso,10,38,0.86239651416122
vehicle,pso,10,39,0.86239651416122
vehicle,pso,10,40,0.86239651416122
vehicle,pso,10,41,0.86239651416122
vehicle,pso,10,42,0.86239651416122
vehicle,pso,10,43,0.86239651416122
vehicle,pso,10,44,0.86239651416122
vehicle,pso,10,45,0.86239651416122
vehicle,pso,10,46,0.86239651416122
vehicle,pso,10,47,0.86239651416122
vehicle,pso,10,48,0.86239651416122
vehicle,pso,10,49,0.86239651416122
vehicle,pso,10,50,0.86239651416122
vehicle,pso,10,51,0.86239651416122
vehicle,pso,10,52,0.86239651416122
vehicle,pso,10,53,0.86239651416122
vehicle,pso,10,54,0.86239651416122
vehicle,pso,10,55,0.86239651416122
vehicle,pso,10,56,0.86239651416122
vehicle,pso,10,57,0.86239651416122
vehicle,pso,10,58,0.86239651416122
vehicle,pso,10,59,0.86239651416122
vehicle,pso,10,60,0.86239651416122
vehicle,pso,10,61,0.86239651416122
vehicle,pso,10,62,0.86239651416122
vehicle,pso,10,63,0.86239651416122
vehicle,pso,10,64,0.86239651416122
vehicle,pso,10,65,0.86239651416122
vehicle,pso,10,66,0.86239651416122
vehicle,pso,10,67,0.86239651416122
vehicle,pso,10,68,0.86239651416122
vehicle,pso,10,69,0.86239651416122
vehicle,pso,10,70,0.86239651416122
vehicle,pso,10,71,0.86239651416122
vehicle,pso,10,72,0.86239651416122
vehicle,pso,10,73,0.86239651416122
vehicle,pso,10,74,0.86239651416122
vehicle,pso,10,75,0.86239651416122
vehicle,pso,10,76,0.86239651416122
vehicle,pso,10,77,0.86239651416122
vehicle,pso,10,78,0.86239651416122
vehicle,pso,10,79,0.86239651416122
vehicle,pso,10,80,0.86239651416122
vehicle,pso,10,81,0.86239651416122
vehicle,pso,10,82,0.86239651416122
vehicle,pso,10,83,0.86239651416122
vehicle,pso,10,84,0.86239651416122
vehicle,pso,10,85,0.8624074074074073
vehicle,pso,10,86,0.8624074074074073
vehicle,pso,10,87,0.8624074074074073
vehicle,pso,10,88,0.8624074074074073
vehicle,pso,10,89,0.8638997821350763
vehicle,pso,10,90,0.8638997821350763
vehicle,pso,10,91,0.8638997821350763
vehicle,pso,10,92,0.8638997821350763
vehicle,pso,10,93,0.8638997821350763
vehicle,pso,10,94,0.8638997821350763
vehicle,pso,10,95,0.8638997821350763
vehicle,pso,10,96,0.8638997821350763
vehicle,pso,10,97,0.8638997821350763
vehicle,pso,10,98,0.8638997821350763
vehicle,pso,10,99,0.8638997821350763
vehicle,pso,10,100,0.8638997821350763
vehicle,de,10,1,0.815119825708061
vehicle,de,10,2,0.815119825708061
vehicle,de,10,3,0.815119825708061
vehicle,de,10,4,0.815119825708061
vehicle,de,10,5,0.815119825708061
vehicle,de,10,6,0.8417211328976035
vehicle,de,10,7,0.8417211328976035
vehicle,de,10,8,0.8417211328976035
vehicle,de,10,9,0.8417211328976035
vehicle,de,10,10,0.8417211328976035
vehicle,de,10,11,0.8417211328976035
vehicle,de,10,12,0.8417211328976035
vehicle,de,10,13,0.8417211328976035
vehicle,de,10,14,0.8417211328976035
vehicle,de,10,15,0.8417211328976035
vehicle,de,10,16,0.8417211328976035
vehicle,de,10,17,0.8417211328976035
vehicle,de,10,18,0.8417211328976035
vehicle,de,10,19,0.8417211328976035
vehicle,de,10,20,0.8417211328976035
vehicle,de,10,21,0.8475816993464053
vehicle,de,10,22,0.8475816993464053
vehicle,de,10,23,0.8475816993464053
vehicle,de,10,24,0.8475816993464053
vehicle,de,10,25,0.8475816993464053
vehicle,de,10,26,0.847636165577342
vehicle,de,10,27,0.847636165577342
vehicle,de,10,28,0.847636165577342
vehicle,de,10,29,0.847636165577342
vehicle,de,10,30,0.847636165577342
vehicle,de,10,31,0.847636165577342
vehicle,de,10,32,0.847636165577342
vehicle,de,10,33,0.847636165577342
vehicle,de,10,34,0.847636165577342
vehicle,de,10,35,0.847636165577342
vehicle,de,10,36,0.847636165577342
vehicle,de,10,37,0.847636165577342
vehicle,de,10,38,0.847636165577342
vehicle,de,10,39,0.847636165577342
vehicle,de,10,40,0.847636165577342
vehicle,de,10,41,0.847636165577342
vehicle,de,10,42,0.847636165577342
vehicle,de,10,43,0.847636165577342
vehicle,de,10,44,0.847636165577342
vehicle,de,10,45,0.847636165577342
vehicle,de,10,46,0.847636165577342
vehicle,de,10,47,0.8564705882352941
vehicle,de,10,48,0.8564705882352941
vehicle,de,10,49,0.8564705882352941
vehicle,de,10,50,0.8564705882352941
vehicle,de,10,51,0.8564705882352941
vehicle,de,10,52,0.8564705882352941
vehicle,de,10,53,0.8564705882352941
vehicle,de,10,54,0.8564705882352941
vehicle,de,10,55,0.8564705882352941
vehicle,de,10,56,0.8564705882352941
vehicle,de,10,57,0.8564705882352941
vehicle,de,10,58,0.8564705882352941
vehicle,de,10,59,0.8564705882352941
vehicle,de,10,60,0.8564705882352941
vehicle,de,10,61,0.8564705882352941
vehicle,de,10,62,0.8564705882352941
vehicle,de,10,63,0.8564705882352941
vehicle,de,10,64,0.8564705882352941
vehicle,de,10,65,0.8564705882352941
vehicle,de,10,66,0.8564705882352941
vehicle,de,10,67,0.8564705882352941
vehicle,de,10,68,0.8564705882352941
vehicle,de,10,69,0.8564705882352941
vehicle,de,10,70,0.8564705882352941
vehicle,de,10,71,0.8564705882352941
vehicle,de,10,72,0.8564705882352941
vehicle,de,10,73,0.8564705882352941
vehicle,de,10,74,0.8564705882352941
vehicle,de,10,75,0.8564705882352941
vehicle,de,10,76,0.8564705882352941
vehicle,de,10,77,0.8564705882352941
vehicle,de,10,78,0.8564705882352941
vehicle,de,10,79,0.8564705882352941
vehicle,de,10,80,0.8564705882352941
vehicle,de,10,81,0.8564705882352941
vehicle,de,10,82,0.8564705882352941
vehicle,de,10,83,0.8564705882352941
vehicle,de,10,84,0.8564705882352941
vehicle,de,10,85,0.8564705882352941
vehicle,de,10,86,0.8564705882352941
vehicle,de,10,87,0.8564705882352941
vehicle,de,10,88,0.8564705882352941
vehicle,de,10,89,0.8564705882352941
vehicle,de,10,90,0.8564705882352941
vehicle,de,10,91,0.8564705882352941
vehicle,de,10,92,0.8564705882352941
vehicle,de,10,93,0.8564705882352941
vehicle,de,10,94,0.8564705882352941
vehicle,de,10,95,0.8564705882352941
vehicle,de,10,96,0.8564705882352941
vehicle,de,10,97,0.8564705882352941
vehicle,de,10,98,0.8579738562091503
vehicle,de,10,99,0.8579738562091503
vehicle,de,10,100,0.8579738562091503
vehicle,ga,10,1,0.815119825708061
vehicle,ga,10,2,0.815119825708061
vehicle,ga,10,3,0.815119825708061
vehicle,ga,10,4,0.815119825708061
vehicle,ga,10,5,0.815119825708061
vehicle,ga,10,6,0.8417211328976035
vehicle,ga,10,7,0.8417211328976035
vehicle,ga,10,8,0.8417211328976035
vehicle,ga,10,9,0.8417211328976035
vehicle,ga,10,10,0.8417211328976035
vehicle,ga,10,11,0.8417211328976035
vehicle,ga,10,12,0.8417211328976035
vehicle,ga,10,13,0.8417211328976035
vehicle,ga,10,14,0.8417211328976035
vehicle,ga,10,15,0.8417211328976035
vehicle,ga,10,16,0.8417211328976035
vehicle,ga,10,17,0.8417211328976035
vehicle,ga,10,18,0.8417211328976035
vehicle,ga,10,19,0.8417211328976035
vehicle,ga,10,20,0.8417211328976035
vehicle,ga,10,21,0.8417211328976035
vehicle,ga,10,22,0.8417211328976035
vehicle,ga,10,23,0.8417211328976035
vehicle,ga,10,24,0.8417211328976035
vehicle,ga,10,25,0.8417211328976035
vehicle,ga,10,26,0.8417211328976035
vehicle,ga,10,27,0.8417211328976035
vehicle,ga,10,28,0.8417211328976035
vehicle,ga,10,29,0.8417211328976035
vehicle,ga,10,30,0.8417211328976035
vehicle,ga,10,31,0.8417211328976035
vehicle,ga,10,32,0.8417211328976035
vehicle,ga,10,33,0.8417211328976035
vehicle,ga,10,34,0.8417211328976035
vehicle,ga,10,35,0.8417211328976035
vehicle,ga,10,36,0.8417211328976035
vehicle,ga,10,37,0.8417211328976035
vehicle,ga,10,38,0.8417211328976035
vehicle,ga,10,39,0.8417211328976035
vehicle,ga,10,40,0.8417211328976035
vehicle,ga,10,41,0.8417211328976035
vehicle,ga,10,42,0.8417211328976035
vehicle,ga,10,43,0.8417211328976035
vehicle,ga,10,44,0.8417211328976035
vehicle,ga,10,45,0.8417211328976035
vehicle,ga,10,46,0.8417211328976035
vehicle,ga,10,47,0.8417211328976035
vehicle,ga,10,48,0.8417211328976035
vehicle,ga,10,49,0.8417211328976035
vehicle,ga,10,50,0.8417211328976035
vehicle,ga,10,51,0.8417211328976035
vehicle,ga,10,52,0.8417211328976035
vehicle,ga,10,53,0.8491067538126362
vehicle,ga,10,54,0.8491067538126362
vehicle,ga,10,55,0.8491067538126362
vehicle,ga,10,56,0.8491067538126362
vehicle,ga,10,57,0.8491067538126362
vehicle,ga,10,58,0.8491067538126362
vehicle,ga,10,59,0.8491067538126362
vehicle,ga,10,60,0.8491067538126362
vehicle,ga,10,61,0.8491067538126362
vehicle,ga,10,62,0.8491067538126362
vehicle,ga,10,63,0.8491067538126362
vehicle,ga,10,64,0.8491067538126362
vehicle,ga,10,65,0.8491067538126362
vehicle,ga,10,66,0.8491067538126362
vehicle,ga,10,67,0.8491067538126362
vehicle,ga,10,68,0.8491067538126362
vehicle,ga,10,69,0.8505337690631809
vehicle,ga,10,70,0.8505337690631809
vehicle,ga,10,71,0.8505337690631809
vehicle,ga,10,72,0.8505337690631809
vehicle,ga,10,73,0.8505337690631809
vehicle,ga,10,74,0.8505337690631809
vehicle,ga,10,75,0.8505337690631809
vehicle,ga,10,76,0.8505337690631809
vehicle,ga,10,77,0.8505337690631809
vehicle,ga,10,78,0.8638997821350763
vehicle,ga,10,79,0.8638997821350763
vehicle,ga,10,80,0.8638997821350763
vehicle,ga,10,81,0.8638997821350763
vehicle,ga,10,82,0.8638997821350763
vehicle,ga,10,83,0.8638997821350763
vehicle,ga,10,84,0.8638997821350763
vehicle,ga,10,85,0.8638997821350763
vehicle,ga,10,86,0.8638997821350763
vehicle,ga,10,87,0.8638997821350763
vehicle,ga,10,88,0.8638997821350763
vehicle,ga,10,89,0.8638997821350763
vehicle,ga,10,90,0.8638997821350763
vehicle,ga,10,91,0.8638997821350763
vehicle,ga,10,92,0.8638997821350763
vehicle,ga,10,93,0.8638997821350763
vehicle,ga,10,94,0.8638997821350763
vehicle,ga,10,95,0.8638997821350763
vehicle,ga,10,96,0.8638997821350763
vehicle,ga,10,97,0.8638997821350763
vehicle,ga,10,98,0.8638997821350763
vehicle,ga,10,99,0.8638997821350763
vehicle,ga,10,100,0.8638997821350763
vehicle,grid,11,1,0.29739651416122
vehicle,grid,11,2,0.29739651416122
vehicle,grid,11,3,0.29739651416122
vehicle,grid,11,4,0.29739651416122
vehicle,grid,11,5,0.3018409586056644
vehicle,grid,11,6,0.4201416122004358
vehicle,grid,11,7,0.4201416122004358
vehicle,grid,11,8,0.4201416122004358
vehicle,grid,11,9,0.4201416122004358
vehicle,grid,11,10,0.4201416122004358
vehicle,grid,11,11,0.4201416122004358
vehicle,grid,11,12,0.4201416122004358
vehicle,grid,11,13,0.4201416122004358
vehicle,grid,11,14,0.4201416122004358
vehicle,grid,11,15,0.5014270152505447
vehicle,grid,11,16,0.6671132897603486
vehicle,grid,11,17,0.6833551198257081
vehicle,grid,11,18,0.6833551198257081
vehicle,grid,11,19,0.6833551198257081
vehicle,grid,11,20,0.6833551198257081
vehicle,grid,11,21,0.6833551198257081
vehicle,grid,11,22,0.6833551198257081
vehicle,grid,11,23,0.6833551198257081
vehicle,grid,11,24,0.6833551198257081
vehicle,grid,11,25,0.6996949891067537
vehicle,grid,11,26,0.7662745098039216
vehicle,grid,11,27,0.7691938997821351
vehicle,grid,11,28,0.7691938997821351
vehicle,grid,11,29,0.7691938997821351
vehicle,grid,11,30,0.7691938997821351
vehicle,grid,11,31,0.7691938997821351
vehicle,grid,11,32,0.7691938997821351
vehicle,grid,11,33,0.7691938997821351
vehicle,grid,11,34,0.7691938997821351
vehicle,grid,11,35,0.7691938997821351
vehicle,grid,11,36,0.8150653594771242
vehicle,grid,11,37,0.8150653594771242
vehicle,grid,11,38,0.8150653594771242
vehicle,grid,11,39,0.8150653594771242
vehicle,grid,11,40,0.8150653594771242
vehicle,grid,11,41,0.8150653594771242
vehicle,grid,11,42,0.8150653594771242
vehicle,grid,11,43,0.8150653594771242
vehicle,grid,11,44,0.8150653594771242
vehicle,grid,11,45,0.8210021786492374
vehicle,grid,11,46,0.8594880174291939
vehicle,grid,11,47,0.8594880174291939
vehicle,grid,11,48,0.8594880174291939
vehicle,grid,11,49,0.8594880174291939
vehicle,grid,11,50,0.8594880174291939
vehicle,grid,11,51,0.8594880174291939
vehicle,grid,11,52,0.8594880174291939
vehicle,grid,11,53,0.8594880174291939
vehicle,grid,11,54,0.8594880174291939
vehicle,grid,11,55,0.8594880174291939
vehicle,grid,11,56,0.8594880174291939
vehicle,grid,11,57,0.8594880174291939
vehicle,grid,11,58,0.8594880174291939
vehicle,grid,11,59,0.8594880174291939
vehicle,grid,11,60,0.8594880174291939
vehicle,grid,11,61,0.8594880174291939
vehicle,grid,11,62,0.8594880174291939
vehicle,grid,11,63,0.8594880174291939
vehicle,grid,11,64,0.8594880174291939
vehicle,grid,11,65,0.8594880174291939
vehicle,grid,11,66,0.8594880174291939
vehicle,grid,11,67,0.8594880174291939
vehicle,grid,11,68,0.8594880174291939
vehicle,grid,11,69,0.8594880174291939
vehicle,grid,11,70,0.8594880174291939
vehicle,grid,11,71,0.8594880174291939
vehicle,grid,11,72,0.8594880174291939
vehicle,grid,11,73,0.8594880174291939
vehicle,grid,11,74,0.8594880174291939
vehicle,grid,11,75,0.8594880174291939
vehicle,grid,11,76,0.8594880174291939
vehicle,grid,11,77,0.8594880174291939
vehicle,grid,11,78,0.8594880174291939
vehicle,grid,11,79,0.8594880174291939
vehicle,grid,11,80,0.8594880174291939
vehicle,grid,11,81,0.8594880174291939
vehicle,grid,11,82,0.8594880174291939
vehicle,grid,11,83,0.8594880174291939
vehicle,grid,11,84,0.8594880174291939
vehicle,grid,11,85,0.8594880174291939
vehicle,grid,11,86,0.8594880174291939
vehicle,grid,11,87,0.8594880174291939
vehicle,grid,11,88,0.8594880174291939
vehicle,grid,11,89,0.8594880174291939
vehicle,grid,11,90,0.8594880174291939
vehicle,grid,11,91,0.8594880174291939
vehicle,grid,11,92,0.8594880174291939
vehicle,grid,11,93,0.8594880174291939
vehicle,grid,11,94,0.8595098039215687
vehicle,grid,11,95,0.8595098039215687
vehicle,grid,11,96,0.8595098039215687
vehicle,grid,11,97,0.8595098039215687
vehicle,grid,11,98,0.8595098039215687
vehicle,grid,11,99,0.8595098039215687
vehicle,grid,11,100,0.8595098039215687
vehicle,random,11,1,0.29739651416122
vehicle,random,11,2,0.7721132897603485
vehicle,random,11,3,0.8269172113289761
vehicle,random,11,4,0.8269172113289761
vehicle,random,11,5,0.8269172113289761
vehicle,random,11,6,0.8269172113289761
vehicle,random,11,7,0.8269172113289761
vehicle,random,11,8,0.8269172113289761
vehicle,random,11,9,0.8269172113289761
vehicle,random,11,10,0.8269172113289761
vehicle,random,11,11,0.8269172113289761
vehicle,random,11,12,0.8269172113289761
vehicle,random,11,13,0.8269172113289761
vehicle,random,11,14,0.8358169934640524
vehicle,random,11,15,0.8358169934640524
vehicle,random,11,16,0.8358169934640524
vehicle,random,11,17,0.8358169934640524
vehicle,random,11,18,0.8358169934640524
vehicle,random,11,19,0.8594989106753813
vehicle,random,11,20,0.8594989106753813
vehicle,random,11,21,0.8594989106753813
vehicle,random,11,22,0.8594989106753813
vehicle,random,11,23,0.8594989106753813
vehicle,random,11,24,0.8594989106753813
vehicle,random,11,25,0.8594989106753813
vehicle,random,11,26,0.8594989106753813
vehicle,random,11,27,0.8594989106753813
vehicle,random,11,28,0.8594989106753813
vehicle,random,11,29,0.8594989106753813
vehicle,random,11,30,0.8594989106753813
vehicle,random,11,31,0.8594989106753813
vehicle,random,11,32,0.8594989106753813
vehicle,random,11,33,0.8594989106753813
vehicle,random,11,34,0.8594989106753813
vehicle,random,11,35,0.8594989106753813
vehicle,random,11,36,0.8594989106753813
vehicle,random,11,37,0.8594989106753813
vehicle,random,11,38,0.8594989106753813
vehicle,random,11,39,0.8594989106753813
vehicle,random,11,40,0.8594989106753813
vehicle,random,11,41,0.8594989106753813
vehicle,random,11,42,0.8594989106753813
vehicle,random,11,43,0.8594989106753813
vehicle,random,11,44,0.8594989106753813
vehicle,random,11,45,0.8594989106753813
vehicle,random,11,46,0.8594989106753813
vehicle,random,11,47,0.8594989106753813
vehicle,random,11,48,0.8594989106753813
vehicle,random,11,49,0.8594989106753813
vehicle,random,11,50,0.8594989106753813
vehicle,random,11,51,0.8594989106753813
vehicle,random,11,52,0.8594989106753813
vehicle,random,11,53,0.8594989106753813
vehicle,random,11,54,0.8594989106753813
vehicle,random,11,55,0.8594989106753813
vehicle,random,11,56,0.8594989106753813
vehicle,random,11,57,0.8594989106753813
vehicle,random,11,58,0.8594989106753813
vehicle,random,11,59,0.8594989106753813
vehicle,random,11,60,0.8594989106753813
vehicle,random,11,61,0.8594989106753813
vehicle,random,11,62,0.8594989106753813
vehicle,random,11,63,0.8594989106753813
vehicle,random,11,64,0.8594989106753813
vehicle,random,11,65,0.8594989106753813
vehicle,random,11,66,0.8594989106753813
vehicle,random,11,67,0.8594989106753813
vehicle,random,11,68,0.8594989106753813
vehicle,random,11,69,0.8594989106753813
vehicle,random,11,70,0.8594989106753813
vehicle,random,11,71,0.8594989106753813
vehicle,random,11,72,0.8594989106753813
vehicle,random,11,73,0.8594989106753813
vehicle,random,11,74,0.8594989106753813
vehicle,random,11,75,0.8594989106753813
vehicle,random,11,76,0.8594989106753813
vehicle,random,11,77,0.8594989106753813
vehicle,random,11,78,0.8594989106753813
vehicle,random,11,79,0.8594989106753813
vehicle,random,11,80,0.8594989106753813
vehicle,random,11,81,0.8594989106753813
vehicle,random,11,82,0.8594989106753813
vehicle,random,11,83,0.8594989106753813
vehicle,random,11,84,0.8594989106753813
vehicle,random,11,85,0.8594989106753813
vehicle,random,11,86,0.8594989106753813
vehicle,random,11,87,0.8594989106753813
vehicle,random,11,88,0.8594989106753813
vehicle,random,11,89,0.8594989106753813
vehicle,random,11,90,0.8594989106753813
vehicle,random,11,91,0.8594989106753813
vehicle,random,11,92,0.8594989106753813
vehicle,random,11,93,0.8594989106753813
vehicle,random,11,94,0.8594989106753813
vehicle,random,11,95,0.8594989106753813
vehicle,random,11,96,0.8594989106753813
vehicle,random,11,97,0.8594989106753813
vehicle,random,11,98,0.8594989106753813
vehicle,random,11,99,0.8594989106753813
vehicle,random,11,100,0.8594989106753813
vehicle,bo_tpe,11,1,0.29739651416122
vehicle,bo_tpe,11,2,0.7721132897603485
vehicle,bo_tpe,11,3,0.8269172113289761
vehicle,bo_tpe,11,4,0.8269172113289761
vehicle,bo_tpe,11,5,0.8269172113289761
vehicle,bo_tpe,11,6,0.8269172113289761
vehicle,bo_tpe,11,7,0.8269172113289761
vehicle,bo_tpe,11,8,0.8269172113289761
vehicle,bo_tpe,11,9,0.8269172113289761
vehicle,bo_tpe,11,10,0.8269172113289761
vehicle,bo_tpe,11,11,0.8269172113289761
vehicle,bo_tpe,11,12,0.8269172113289761
vehicle,bo_tpe,11,13,0.8269172113289761
vehicle,bo_tpe,11,14,0.8269172113289761
vehicle,bo_tpe,11,15,0.8372657952069718
vehicle,bo_tpe,11,16,0.8372657952069718
vehicle,bo_tpe,11,17,0.8372657952069718
vehicle,bo_tpe,11,18,0.8372657952069718
vehicle,bo_tpe,11,19,0.8372657952069718
vehicle,bo_tpe,11,20,0.8372657952069718
vehicle,bo_tpe,11,21,0.8372657952069718
vehicle,bo_tpe,11,22,0.8372657952069718
vehicle,bo_tpe,11,23,0.8372657952069718
vehicle,bo_tpe,11,24,0.8372657952069718
vehicle,bo_tpe,11,25,0.8372657952069718
vehicle,bo_tpe,11,26,0.8476579520697168
vehicle,bo_tpe,11,27,0.8476579520697168
vehicle,bo_tpe,11,28,0.8476579520697168
vehicle,bo_tpe,11,29,0.8476579520697168
vehicle,bo_tpe,11,30,0.8476579520697168
vehicle,bo_tpe,11,31,0.8476579520697168
vehicle,bo_tpe,11,32,0.8476579520697168
vehicle,bo_tpe,11,33,0.8476579520697168
vehicle,bo_tpe,11,34,0.8506100217864925
vehicle,bo_tpe,11,35,0.8506100217864925
vehicle,bo_tpe,11,36,0.8506100217864925
vehicle,bo_tpe,11,37,0.8506100217864925
vehicle,bo_tpe,11,38,0.8506100217864925
vehicle,bo_tpe,11,39,0.8506100217864925
vehicle,bo_tpe,11,40,0.8506100217864925
vehicle,bo_tpe,11,41,0.8506100217864925
vehicle,bo_tpe,11,42,0.8506100217864925
vehicle,bo_tpe,11,43,0.8580065359477125
vehicle,bo_tpe,11,44,0.8580065359477125
vehicle,bo_tpe,11,45,0.8594989106753813
vehicle,bo_tpe,11,46,0.8594989106753813
vehicle,bo_tpe,11,47,0.8594989106753813
vehicle,bo_tpe,11,48,0.8594989106753813
vehicle,bo_tpe,11,49,0.8594989106753813
vehicle,bo_tpe,11,50,0.8594989106753813
vehicle,bo_tpe,11,51,0.8594989106753813
vehicle,bo_tpe,11,52,0.8594989106753813
vehicle,bo_tpe,11,53,0.8594989106753813
vehicle,bo_tpe,11,54,0.8594989106753813
vehicle,bo_tpe,11,55,0.8594989106753813
vehicle,bo_tpe,11,56,0.8594989106753813
vehicle,bo_tpe,11,57,0.8594989106753813
vehicle,bo_tpe,11,58,0.8594989106753813
vehicle,bo_tpe,11,59,0.8594989106753813
vehicle,bo_tpe,11,60,0.8594989106753813
vehicle,bo_tpe,11,61,0.8594989106753813
vehicle,bo_tpe,11,62,0.8594989106753813
vehicle,bo_tpe,11,63,0.8594989106753813
vehicle,bo_tpe,11,64,0.8594989106753813
vehicle,bo_tpe,11,65,0.8594989106753813
vehicle,bo_tpe,11,66,0.8594989106753813
vehicle,bo_tpe,11,67,0.8594989106753813
vehicle,bo_tpe,11,68,0.8594989106753813
vehicle,bo_tpe,11,69,0.8594989106753813
vehicle,bo_tpe,11,70,0.8594989106753813
vehicle,bo_tpe,11,71,0.8594989106753813
vehicle,bo_tpe,11,72,0.8594989106753813
vehicle,bo_tpe,11,73,0.8594989106753813
vehicle,bo_tpe,11,74,0.8639433551198257
vehicle,bo_tpe,11,75,0.8639433551198257
vehicle,bo_tpe,11,76,0.8639433551198257
vehicle,bo_tpe,11,77,0.8639433551198257
vehicle,bo_tpe,11,78,0.8639433551198257
vehicle,bo_tpe,11,79,0.8639433551198257
vehicle,bo_tpe,11,80,0.8639433551198257
vehicle,bo_tpe,11,81,0.8639433551198257
vehicle,bo_tpe,11,82,0.8639433551198257
vehicle,bo_tpe,11,83,0.8639433551198257
vehicle,bo_tpe,11,84,0.8639433551198257
vehicle,bo_tpe,11,85,0.8639433551198257
vehicle,bo_tpe,11,86,0.8639433551198257
vehicle,bo_tpe,11,87,0.8639433551198257
vehicle,bo_tpe,11,88,0.8639433551198257
vehicle,bo_tpe,11,89,0.8639433551198257
vehicle,bo_tpe,11,90,0.8639433551198257
vehicle,bo_tpe,11,91,0.8639433551198257
vehicle,bo_tpe,11,92,0.8639433551198257
vehicle,bo_tpe,11,93,0.8639433551198257
vehicle,bo_tpe,11,94,0.8639433551198257
vehicle,bo_tpe,11,95,0.8639433551198257
vehicle,bo_tpe,11,96,0.8639433551198257
vehicle,bo_tpe,11,97,0.8639433551198257
vehicle,bo_tpe,11,98,0.8639433551198257
vehicle,bo_tpe,11,99,0.8639433551198257
vehicle,bo_tpe,11,100,0.8639433551198257
vehicle,pso,11,1,0.2766557734204792
vehicle,pso,11,2,0.8402505446623094
vehicle,pso,11,3,0.8402505446623094
vehicle,pso,11,4,0.8402505446623094
vehicle,pso,11,5,0.8402505446623094
vehicle,pso,11,6,0.8402505446623094
vehicle,pso,11,7,0.8402505446623094
vehicle,pso,11,8,0.8402505446623094
vehicle,pso,11,9,0.8491176470588236
vehicle,pso,11,10,0.8491176470588236
vehicle,pso,11,11,0.8491176470588236
vehicle,pso,11,12,0.8491176470588236
vehicle,pso,11,13,0.8491176470588236
vehicle,pso,11,14,0.8491176470588236
vehicle,pso,11,15,0.8491176470588236
vehicle,pso,11,16,0.8491176470588236
vehicle,pso,11,17,0.8491176470588236
vehicle,pso,11,18,0.8491176470588236
vehicle,pso,11,19,0.8491176470588236
vehicle,pso,11,20,0.8491176470588236
vehicle,pso,11,21,0.8491176470588236
vehicle,pso,11,22,0.8491176470588236
vehicle,pso,11,23,0.8491176470588236
vehicle,pso,11,24,0.8491176470588236
vehicle,pso,11,25,0.8491176470588236
vehicle,pso,11,26,0.8491176470588236
vehicle,pso,11,27,0.8491176470588236
vehicle,pso,11,28,0.8491176470588236
vehicle,pso,11,29,0.8491176470588236
vehicle,pso,11,30,0.8491176470588236
vehicle,pso,11,31,0.8506100217864925
vehicle,pso,11,32,0.8506100217864925
vehicle,pso,11,33,0.8506100217864925
vehicle,pso,11,34,0.8506100217864925
vehicle,pso,11,35,0.8506100217864925
vehicle,pso,11,36,0.8506100217864925
vehicle,pso,11,37,0.8506100217864925
vehicle,pso,11,38,0.8506100217864925
vehicle,pso,11,39,0.8506100217864925
vehicle,pso,11,40,0.8506100217864925
vehicle,pso,11,41,0.8506100217864925
vehicle,pso,11,42,0.8520479302832242
vehicle,pso,11,43,0.8520479302832242
vehicle,pso,11,44,0.8520479302832242
vehicle,pso,11,45,0.8520479302832242
vehicle,pso,11,46,0.8535403050108933
vehicle,pso,11,47,0.8535403050108933
vehicle,pso,11,48,0.853562091503268
vehicle,pso,11,49,0.853562091503268
vehicle,pso,11,50,0.853562091503268
vehicle,pso,11,51,0.853562091503268
vehicle,pso,11,52,0.853562091503268
vehicle,pso,11,53,0.853562091503268
vehicle,pso,11,54,0.853562091503268
vehicle,pso,11,55,0.853562091503268
vehicle,pso,11,56,0.853562091503268
vehicle,pso,11,57,0.8594553376906319
vehicle,pso,11,58,0.8594553376906319
vehicle,pso,11,59,0.8594553376906319
vehicle,pso,11,60,0.8594553376906319
vehicle,pso,11,61,0.8609477124183007
vehicle,pso,11,62,0.8609477124183007
vehicle,pso,11,63,0.8609477124183007
vehicle,pso,11,64,0.8609477124183007
vehicle,pso,11,65,0.8609477124183007
vehicle,pso,11,66,0.8609477124183007
vehicle,pso,11,67,0.8609477124183007
vehicle,pso,11,68,0.8609477124183007
vehicle,pso,11,69,0.8609477124183007
vehicle,pso,11,70,0.8609477124183007
vehicle,pso,11,71,0.8609477124183007
vehicle,pso,11,72,0.8609477124183007
vehicle,pso,11,73,0.8609477124183007
vehicle,pso,11,74,0.8609477124183007
vehicle,pso,11,75,0.8609477124183007
vehicle,pso,11,76,0.8609477124183007
vehicle,pso,11,77,0.8609477124183007
vehicle,pso,11,78,0.8609477124183007
vehicle,pso,11,79,0.8609477124183007
vehicle,pso,11,80,0.8609477124183007
vehicle,pso,11,81,0.8609477124183007
vehicle,pso,11,82,0.8609477124183007
vehicle,pso,11,83,0.8609477124183007
vehicle,pso,11,84,0.8609477124183007
vehicle,pso,11,85,0.8609477124183007
vehicle,pso,11,86,0.8609803921568627
vehicle,pso,11,87,0.8609803921568627
vehicle,pso,11,88,0.8609803921568627
vehicle,pso,11,89,0.8609803921568627
vehicle,pso,11,90,0.8609803921568627
vehicle,pso,11,91,0.8609803921568627
vehicle,pso,11,92,0.8609803921568627
vehicle,pso,11,93,0.8609803921568627
vehicle,pso,11,94,0.8609803921568627
vehicle,pso,11,95,0.8609803921568627
vehicle,pso,11,96,0.8609803921568627
vehicle,pso,11,97,0.8609803921568627
vehicle,pso,11,98,0.8609803921568627
vehicle,pso,11,99,0.8609803921568627
vehicle,pso,11,100,0.8609803921568627
vehicle,de,11,1,0.6449019607843137
vehicle,de,11,2,0.6996623093681917
vehicle,de,11,3,0.6996623093681917
vehicle,de,11,4,0.6996623093681917
vehicle,de,11,5,0.8313725490196079
vehicle,de,11,6,0.8313725490196079
vehicle,de,11,7,0.8313725490196079
vehicle,de,11,8,0.8313725490196079
vehicle,de,11,9,0.8476034858387799
vehicle,de,11,10,0.8476034858387799
vehicle,de,11,11,0.8476034858387799
vehicle,de,11,12,0.8506209150326798
vehicle,de,11,13,0.8506209150326798
vehicle,de,11,14,0.8506209150326798
vehicle,de,11,15,0.8506209150326798
vehicle,de,11,16,0.8506209150326798
vehicle,de,11,17,0.8506209150326798
vehicle,de,11,18,0.8506209150326798
vehicle,de,11,19,0.8506209150326798
vehicle,de,11,20,0.8506209150326798
vehicle,de,11,21,0.8506209150326798
vehicle,de,11,22,0.8506209150326798
vehicle,de,11,23,0.8506209150326798
vehicle,de,11,24,0.8506209150326798
vehicle,de,11,25,0.8506209150326798
vehicle,de,11,26,0.8506209150326798
vehicle,de,11,27,0.8506209150326798
vehicle,de,11,28,0.8506209150326798
vehicle,de,11,29,0.8506209150326798
vehicle,de,11,30,0.8580065359477125
vehicle,de,11,31,0.8580065359477125
vehicle,de,11,32,0.8580065359477125
vehicle,de,11,33,0.8580065359477125
vehicle,de,11,34,0.8580065359477125
vehicle,de,11,35,0.8580065359477125
vehicle,de,11,36,0.8580065359477125
vehicle,de,11,37,0.8580065359477125
vehicle,de,11,38,0.8580065359477125
vehicle,de,11,39,0.8580065359477125
vehicle,de,11,40,0.8580065359477125
vehicle,de,11,41,0.8580065359477125
vehicle,de,11,42,0.8580065359477125
vehicle,de,11,43,0.8580065359477125
vehicle,de,11,44,0.8580065359477125
vehicle,de,11,45,0.8580065359477125
vehicle,de,11,46,0.8580065359477125
vehicle,de,11,47,0.8580065359477125
vehicle,de,11,48,0.8580065359477125
vehicle,de,11,49,0.8580065359477125
vehicle,de,11,50,0.8580065359477125
vehicle,de,11,51,0.8580065359477125
vehicle,de,11,52,0.862450980392157
vehicle,de,11,53,0.862450980392157
vehicle,de,11,54,0.862450980392157
vehicle,de,11,55,0.862450980392157
vehicle,de,11,56,0.862450980392157
vehicle,de,11,57,0.862450980392157
vehicle,de,11,58,0.862450980392157
vehicle,de,11,59,0.862450980392157
vehicle,de,11,60,0.862450980392157
vehicle,de,11,61,0.862450980392157
vehicle,de,11,62,0.862450980392157
vehicle,de,11,63,0.862450980392157
vehicle,de,11,64,0.862450980392157
vehicle,de,11,65,0.862450980392157
vehicle,de,11,66,0.862450980392157
vehicle,de,11,67,0.862450980392157
vehicle,de,11,68,0.862450980392157
vehicle,de,11,69,0.8638888888888889
vehicle,de,11,70,0.8638888888888889
vehicle,de,11,71,0.8638888888888889
vehicle,de,11,72,0.8638888888888889
vehicle,de,11,73,0.8638888888888889
vehicle,de,11,74,0.8638888888888889
vehicle,de,11,75,0.8638888888888889
vehicle,de,11,76,0.8638888888888889
vehicle,de,11,77,0.8638888888888889
vehicle,de,11,78,0.8638888888888889
vehicle,de,11,79,0.8638888888888889
vehicle,de,11,80,0.8638888888888889
vehicle,de,11,81,0.8638888888888889
vehicle,de,11,82,0.8638888888888889
vehicle,de,11,83,0.8638888888888889
vehicle,de,11,84,0.8638888888888889
vehicle,de,11,85,0.8638888888888889
vehicle,de,11,86,0.8638888888888889
vehicle,de,11,87,0.8638888888888889
vehicle,de,11,88,0.8638888888888889
vehicle,de,11,89,0.8638888888888889
vehicle,de,11,90,0.8638888888888889
vehicle,de,11,91,0.8638888888888889
vehicle,de,11,92,0.8638888888888889
vehicle,de,11,93,0.8638888888888889
vehicle,de,11,94,0.8638888888888889
vehicle,de,11,95,0.8638888888888889
vehicle,de,11,96,0.8638888888888889
vehicle,de,11,97,0.8638888888888889
vehicle,de,11,98,0.8638888888888889
vehicle,de,11,99,0.8638888888888889
vehicle,de,11,100,0.8638888888888889
vehicle,ga,11,1,0.6449019607843137
vehicle,ga,11,2,0.6996623093681917
vehicle,ga,11,3,0.6996623093681917
vehicle,ga,11,4,0.6996623093681917
vehicle,ga,11,5,0.8313725490196079
vehicle,ga,11,6,0.8313725490196079
vehicle,ga,11,7,0.8313725490196079
vehicle,ga,11,8,0.8313725490196079
vehicle,ga,11,9,0.8476034858387799
vehicle,ga,11,10,0.8476034858387799
vehicle,ga,11,11,0.8476034858387799
vehicle,ga,11,12,0.8506209150326798
vehicle,ga,11,13,0.8506209150326798
vehicle,ga,11,14,0.8506209150326798
vehicle,ga,11,15,0.8506209150326798
vehicle,ga,11,16,0.8506209150326798
vehicle,ga,11,17,0.8506209150326798
vehicle,ga,11,18,0.8506209150326798
vehicle,ga,11,19,0.8506209150326798
vehicle,ga,11,20,0.8506209150326798
vehicle,ga,11,21,0.8506209150326798
vehicle,ga,11,22,0.8565359477124185
vehicle,ga,11,23,0.8565359477124185
vehicle,ga,11,24,0.8565359477124185
vehicle,ga,11,25,0.8565359477124185
vehicle,ga,11,26,0.8565359477124185
vehicle,ga,11,27,0.8565359477124185
vehicle,ga,11,28,0.8565359477124185
vehicle,ga,11,29,0.8565359477124185
vehicle,ga,11,30,0.8565359477124185
vehicle,ga,11,31,0.8565359477124185
vehicle,ga,11,32,0.8565359477124185
vehicle,ga,11,33,0.8565359477124185
vehicle,ga,11,34,0.8565359477124185
vehicle,ga,11,35,0.8565359477124185
vehicle,ga,11,36,0.8565359477124185
vehicle,ga,11,37,0.8565359477124185
vehicle,ga,11,38,0.8565359477124185
vehicle,ga,11,39,0.8565359477124185
vehicle,ga,11,40,0.8565359477124185
vehicle,ga,11,41,0.8565359477124185
vehicle,ga,11,42,0.8565359477124185
vehicle,ga,11,43,0.8565359477124185
vehicle,ga,11,44,0.8565359477124185
vehicle,ga,11,45,0.8565359477124185
vehicle,ga,11,46,0.8565359477124185
vehicle,ga,11,47,0.8565359477124185
vehicle,ga,11,48,0.8609259259259259
vehicle,ga,11,49,0.8609259259259259
vehicle,ga,11,50,0.8609259259259259
vehicle,ga,11,51,0.8609259259259259
vehicle,ga,11,52,0.8609803921568627
vehicle,ga,11,53,0.8609803921568627
vehicle,ga,11,54,0.8609803921568627
vehicle,ga,11,55,0.8609803921568627
vehicle,ga,11,56,0.8609803921568627
vehicle,ga,11,57,0.8609803921568627
vehicle,ga,11,58,0.8609803921568627
vehicle,ga,11,59,0.8609803921568627
vehicle,ga,11,60,0.8609803921568627
vehicle,ga,11,61,0.8609803921568627
vehicle,ga,11,62,0.8609803921568627
vehicle,ga,11,63,0.8609803921568627
vehicle,ga,11,64,0.8609803921568627
vehicle,ga,11,65,0.8609803921568627
vehicle,ga,11,66,0.8609803921568627
vehicle,ga,11,67,0.8609803921568627
vehicle,ga,11,68,0.8609803921568627
vehicle,ga,11,69,0.8609803921568627
vehicle,ga,11,70,0.8609803921568627
vehicle,ga,11,71,0.8609803921568627
vehicle,ga,11,72,0.8609803921568627
vehicle,ga,11,73,0.8609803921568627
vehicle,ga,11,74,0.8609803921568627
vehicle,ga,11,75,0.8609803921568627
vehicle,ga,11,76,0.8609803921568627
vehicle,ga,11,77,0.8609803921568627
vehicle,ga,11,78,0.8609803921568627
vehicle,ga,11,79,0.8609803921568627
vehicle,ga,11,80,0.8609803921568627
vehicle,ga,11,81,0.8609803921568627
vehicle,ga,11,82,0.8609803921568627
vehicle,ga,11,83,0.8609803921568627
vehicle,ga,11,84,0.8609803921568627
vehicle,ga,11,85,0.8609803921568627
vehicle,ga,11,86,0.8609803921568627
vehicle,ga,11,87,0.8609803921568627
vehicle,ga,11,88,0.8609803921568627
vehicle,ga,11,89,0.8638888888888889
vehicle,ga,11,90,0.8638888888888889
vehicle,ga,11,91,0.8638888888888889
vehicle,ga,11,92,0.8638888888888889
vehicle,ga,11,93,0.8638888888888889
vehicle,ga,11,94,0.8638888888888889
vehicle,ga,11,95,0.8638888888888889
vehicle,ga,11,96,0.8638888888888889
vehicle,ga,11,97,0.8638888888888889
vehicle,ga,11,98,0.8638888888888889
vehicle,ga,11,99,0.8638888888888889
vehicle,ga,11,100,0.8638888888888889
vehicle,grid,12,1,0.29739651416122
vehicle,grid,12,2,0.29739651416122
vehicle,grid,12,3,0.29739651416122
vehicle,grid,12,4,0.29739651416122
vehicle,grid,12,5,0.29739651416122
vehicle,grid,12,6,0.3786165577342048
vehicle,grid,12,7,0.4319498910675381
vehicle,grid,12,8,0.4319498910675381
vehicle,grid,12,9,0.4319498910675381
vehicle,grid,12,10,0.4319498910675381
vehicle,grid,12,11,0.4319498910675381
vehicle,grid,12,12,0.4319498910675381
vehicle,grid,12,13,0.4319498910675381
vehicle,grid,12,14,0.4319498910675381
vehicle,grid,12,15,0.5162527233115468
vehicle,grid,12,16,0.6138779956427015
vehicle,grid,12,17,0.6745860566448801
vehicle,grid,12,18,0.6745860566448801
vehicle,grid,12,19,0.6745860566448801
vehicle,grid,12,20,0.6745860566448801
vehicle,grid,12,21,0.6745860566448801
vehicle,grid,12,22,0.6745860566448801
vehicle,grid,12,23,0.6745860566448801
vehicle,grid,12,24,0.6745860566448801
vehicle,grid,12,25,0.6819607843137254
vehicle,grid,12,26,0.7337690631808279
vehicle,grid,12,27,0.7486165577342048
vehicle,grid,12,28,0.7486165577342048
vehicle,grid,12,29,0.7486165577342048
vehicle,grid,12,30,0.7486165577342048
vehicle,grid,12,31,0.7486165577342048
vehicle,grid,12,32,0.7486165577342048
vehicle,grid,12,33,0.7486165577342048
vehicle,grid,12,34,0.7486165577342048
vehicle,grid,12,35,0.7486165577342048
vehicle,grid,12,36,0.7914596949891068
vehicle,grid,12,37,0.7914596949891068
vehicle,grid,12,38,0.7914596949891068
vehicle,grid,12,39,0.7914596949891068
vehicle,grid,12,40,0.7914596949891068
vehicle,grid,12,41,0.7914596949891068
vehicle,grid,12,42,0.7914596949891068
vehicle,grid,12,43,0.7914596949891068
vehicle,grid,12,44,0.7914596949891068
vehicle,grid,12,45,0.7973747276688454
vehicle,grid,12,46,0.8239433551198256
vehicle,grid,12,47,0.8239433551198256
vehicle,grid,12,48,0.8239433551198256
vehicle,grid,12,49,0.8239433551198256
vehicle,grid,12,50,0.8239433551198256
vehicle,grid,12,51,0.8239433551198256
vehicle,grid,12,52,0.8239433551198256
vehicle,grid,12,53,0.8239433551198256
vehicle,grid,12,54,0.8239433551198256
vehicle,grid,12,55,0.8239433551198256
vehicle,grid,12,56,0.8357625272331155
vehicle,grid,12,57,0.8357625272331155
vehicle,grid,12,58,0.8357625272331155
vehicle,grid,12,59,0.8357625272331155
vehicle,grid,12,60,0.8357625272331155
vehicle,grid,12,61,0.8357625272331155
vehicle,grid,12,62,0.8357625272331155
vehicle,grid,12,63,0.8357625272331155
vehicle,grid,12,64,0.8357625272331155
vehicle,grid,12,65,0.8357734204793029
vehicle,grid,12,66,0.8357734204793029
vehicle,grid,12,67,0.8357734204793029
vehicle,grid,12,68,0.8357734204793029
vehicle,grid,12,69,0.8357734204793029
vehicle,grid,12,70,0.8357734204793029
vehicle,grid,12,71,0.8357734204793029
vehicle,grid,12,72,0.8357734204793029
vehicle,grid,12,73,0.8357734204793029
vehicle,grid,12,74,0.8357734204793029
vehicle,grid,12,75,0.8446732026143792
vehicle,grid,12,76,0.8446732026143792
vehicle,grid,12,77,0.8446732026143792
vehicle,grid,12,78,0.8446732026143792
vehicle,grid,12,79,0.8446732026143792
vehicle,grid,12,80,0.8446732026143792
vehicle,grid,12,81,0.8446732026143792
vehicle,grid,12,82,0.8446732026143792
vehicle,grid,12,83,0.8446732026143792
vehicle,grid,12,84,0.8446732026143792
vehicle,grid,12,85,0.8446949891067538
vehicle,grid,12,86,0.8446949891067538
vehicle,grid,12,87,0.8446949891067538
vehicle,grid,12,88,0.8446949891067538
vehicle,grid,12,89,0.8446949891067538
vehicle,grid,12,90,0.8446949891067538
vehicle,grid,12,91,0.8446949891067538
vehicle,grid,12,92,0.8446949891067538
vehicle,grid,12,93,0.8446949891067538
vehicle,grid,12,94,0.8520261437908496
vehicle,grid,12,95,0.8520261437908496
vehicle,grid,12,96,0.8520261437908496
vehicle,grid,12,97,0.8520261437908496
vehicle,grid,12,98,0.8520261437908496
vehicle,grid,12,99,0.8520261437908496
vehicle,grid,12,100,0.8520261437908496
vehicle,random,12,1,0.6702069716775598
vehicle,random,12,2,0.7530065359477124
vehicle,random,12,3,0.7530065359477124
vehicle,random,12,4,0.8032788671023965
vehicle,random,12,5,0.8077124183006535
vehicle,random,12,6,0.8077124183006535
vehicle,random,12,7,0.8077124183006535
vehicle,random,12,8,0.8077124183006535
vehicle,random,12,9,0.8268954248366013
vehicle,random,12,10,0.8268954248366013
vehicle,random,12,11,0.8268954248366013
vehicle,random,12,12,0.8268954248366013
vehicle,random,12,13,0.8268954248366013
vehicle,random,12,14,0.8268954248366013
vehicle,random,12,15,0.8268954248366013
vehicle,random,12,16,0.8268954248366013
vehicle,random,12,17,0.8268954248366013
vehicle,random,12,18,0.8268954248366013
vehicle,random,12,19,0.8268954248366013
vehicle,random,12,20,0.8268954248366013
vehicle,random,12,21,0.8268954248366013
vehicle,random,12,22,0.8268954248366013
vehicle,random,12,23,0.8268954248366013
vehicle,random,12,24,0.8268954248366013
vehicle,random,12,25,0.8268954248366013
vehicle,random,12,26,0.8268954248366013
vehicle,random,12,27,0.8268954248366013
vehicle,random,12,28,0.8268954248366013
vehicle,random,12,29,0.8268954248366013
vehicle,random,12,30,0.8268954248366013
vehicle,random,12,31,0.8268954248366013
vehicle,random,12,32,0.8268954248366013
vehicle,random,12,33,0.847636165577342
vehicle,random,12,34,0.847636165577342
vehicle,random,12,35,0.847636165577342
vehicle,random,12,36,0.847636165577342
vehicle,random,12,37,0.847636165577342
vehicle,random,12,38,0.847636165577342
vehicle,random,12,39,0.847636165577342
vehicle,random,12,40,0.847636165577342
vehicle,random,12,41,0.847636165577342
vehicle,random,12,42,0.8476579520697168
vehicle,random,12,43,0.8476579520697168
vehicle,random,12,44,0.8476579520697168
vehicle,random,12,45,0.8476579520697168
vehicle,random,12,46,0.8520806100217865
vehicle,random,12,47,0.8520806100217865
vehicle,random,12,48,0.8520806100217865
vehicle,random,12,49,0.8520806100217865
vehicle,random,12,50,0.8520806100217865
vehicle,random,12,51,0.8520806100217865
vehicle,random,12,52,0.8520806100217865
vehicle,random,12,53,0.8520806100217865
vehicle,random,12,54,0.8520806100217865
vehicle,random,12,55,0.8520806100217865
vehicle,random,12,56,0.8520806100217865
vehicle,random,12,57,0.8520806100217865
vehicle,random,12,58,0.8520806100217865
vehicle,random,12,59,0.8520806100217865
vehicle,random,12,60,0.8520806100217865
vehicle,random,12,61,0.8520806100217865
vehicle,random,12,62,0.8520806100217865
vehicle,random,12,63,0.8520806100217865
vehicle,random,12,64,0.8520806100217865
vehicle,random,12,65,0.8520806100217865
vehicle,random,12,66,0.8520806100217865
vehicle,random,12,67,0.8520806100217865
vehicle,random,12,68,0.8520806100217865
vehicle,random,12,69,0.8520806100217865
vehicle,random,12,70,0.8520806100217865
vehicle,random,12,71,0.8520806100217865
vehicle,random,12,72,0.8520806100217865
vehicle,random,12,73,0.8520806100217865
vehicle,random,12,74,0.8520806100217865
vehicle,random,12,75,0.8520806100217865
vehicle,random,12,76,0.8520806100217865
vehicle,random,12,77,0.8520806100217865
vehicle,random,12,78,0.8520806100217865
vehicle,random,12,79,0.8520806100217865
vehicle,random,12,80,0.8520806100217865
vehicle,random,12,81,0.8520806100217865
vehicle,random,12,82,0.8520806100217865
vehicle,random,12,83,0.8520806100217865
vehicle,random,12,84,0.8520806100217865
vehicle,random,12,85,0.8520806100217865
vehicle,random,12,86,0.8520806100217865
vehicle,random,12,87,0.8520806100217865
vehicle,random,12,88,0.8520806100217865
vehicle,random,12,89,0.8520806100217865
vehicle,random,12,90,0.8520806100217865
vehicle,random,12,91,0.8520806100217865
vehicle,random,12,92,0.8520806100217865
vehicle,random,12,93,0.8520806100217865
vehicle,random,12,94,0.8520806100217865
vehicle,random,12,95,0.8520806100217865
vehicle,random,12,96,0.8520806100217865
vehicle,random,12,97,0.8520806100217865
vehicle,random,12,98,0.8520806100217865
vehicle,random,12,99,0.8520806100217865
vehicle,random,12,100,0.8520806100217865
vehicle,bo_tpe,12,1,0.6702069716775598
vehicle,bo_tpe,12,2,0.7530065359477124
vehicle,bo_tpe,12,3,0.7530065359477124
vehicle,bo_tpe,12,4,0.8032788671023965
vehicle,bo_tpe,12,5,0.8077124183006535
vehicle,bo_tpe,12,6,0.8077124183006535
vehicle,bo_tpe,12,7,0.8077124183006535
vehicle,bo_tpe,12,8,0.8077124183006535
vehicle,bo_tpe,12,9,0.8268954248366013
vehicle,bo_tpe,12,10,0.8268954248366013
vehicle,bo_tpe,12,11,0.8268954248366013
vehicle,bo_tpe,12,12,0.8268954248366013
vehicle,bo_tpe,12,13,0.8268954248366013
vehicle,bo_tpe,12,14,0.8268954248366013
vehicle,bo_tpe,12,15,0.8268954248366013
vehicle,bo_tpe,12,16,0.8268954248366013
vehicle,bo_tpe,12,17,0.8431917211328976
vehicle,bo_tpe,12,18,0.8431917211328976
vehicle,bo_tpe,12,19,0.8431917211328976
vehicle,bo_tpe,12,20,0.8431917211328976
vehicle,bo_tpe,12,21,0.8431917211328976
vehicle,bo_tpe,12,22,0.8446732026143792
vehicle,bo_tpe,12,23,0.846165577342048
vehicle,bo_tpe,12,24,0.8476143790849674
vehicle,bo_tpe,12,25,0.8476143790849674
vehicle,bo_tpe,12,26,0.8476143790849674
vehicle,bo_tpe,12,27,0.8476143790849674
vehicle,bo_tpe,12,28,0.8490958605664488
vehicle,bo_tpe,12,29,0.8490958605664488
vehicle,bo_tpe,12,30,0.8490958605664488
vehicle,bo_tpe,12,31,0.8490958605664488
vehicle,bo_tpe,12,32,0.8491285403050108
vehicle,bo_tpe,12,33,0.8491285403050108
vehicle,bo_tpe,12,34,0.8491285403050108
vehicle,bo_tpe,12,35,0.8520479302832245
vehicle,bo_tpe,12,36,0.8520479302832245
vehicle,bo_tpe,12,37,0.8520479302832245
vehicle,bo_tpe,12,38,0.8520479302832245
vehicle,bo_tpe,12,39,0.8520479302832245
vehicle,bo_tpe,12,40,0.8520479302832245
vehicle,bo_tpe,12,41,0.8520479302832245
vehicle,bo_tpe,12,42,0.8520479302832245
vehicle,bo_tpe,12,43,0.8520479302832245
vehicle,bo_tpe,12,44,0.8520479302832245
vehicle,bo_tpe,12,45,0.8520479302832245
vehicle,bo_tpe,12,46,0.8520479302832245
vehicle,bo_tpe,12,47,0.8520479302832245
vehicle,bo_tpe,12,48,0.8520479302832245
vehicle,bo_tpe,12,49,0.8550000000000001
vehicle,bo_tpe,12,50,0.8550000000000001
vehicle,bo_tpe,12,51,0.8550000000000001
vehicle,bo_tpe,12,52,0.8550000000000001
vehicle,bo_tpe,12,53,0.8550000000000001
vehicle,bo_tpe,12,54,0.8550000000000001
vehicle,bo_tpe,12,55,0.8550000000000001
vehicle,bo_tpe,12,56,0.8550000000000001
vehicle,bo_tpe,12,57,0.8550000000000001
vehicle,bo_tpe,12,58,0.8550000000000001
vehicle,bo_tpe,12,59,0.8550000000000001
vehicle,bo_tpe,12,60,0.8550000000000001
vehicle,bo_tpe,12,61,0.8550000000000001
vehicle,bo_tpe,12,62,0.8550000000000001
vehicle,bo_tpe,12,63,0.8550000000000001
vehicle,bo_tpe,12,64,0.8550000000000001
vehicle,bo_tpe,12,65,0.8550000000000001
vehicle,bo_tpe,12,66,0.8550000000000001
vehicle,bo_tpe,12,67,0.8579847494553376
vehicle,bo_tpe,12,68,0.8579847494553376
vehicle,bo_tpe,12,69,0.8579847494553376
vehicle,bo_tpe,12,70,0.8579847494553376
vehicle,bo_tpe,12,71,0.8579847494553376
vehicle,bo_tpe,12,72,0.8579847494553376
vehicle,bo_tpe,12,73,0.8579847494553376
vehicle,bo_tpe,12,74,0.8579847494553376
vehicle,bo_tpe,12,75,0.8579847494553376
vehicle,bo_tpe,12,76,0.8579847494553376
vehicle,bo_tpe,12,77,0.8579847494553376
vehicle,bo_tpe,12,78,0.8579847494553376
vehicle,bo_tpe,12,79,0.8579847494553376
vehicle,bo_tpe,12,80,0.8579847494553376
vehicle,bo_tpe,12,81,0.8579847494553376
vehicle,bo_tpe,12,82,0.8579847494553376
vehicle,bo_tpe,12,83,0.8579847494553376
vehicle,bo_tpe,12,84,0.8579847494553376
vehicle,bo_tpe,12,85,0.8579847494553376
vehicle,bo_tpe,12,86,0.8579847494553376
vehicle,bo_tpe,12,87,0.8579847494553376
vehicle,bo_tpe,12,88,0.8579847494553376
vehicle,bo_tpe,12,89,0.8579847494553376
vehicle,bo_tpe,12,90,0.8579847494553376
vehicle,bo_tpe,12,91,0.8579847494553376
vehicle,bo_tpe,12,92,0.8579847494553376
vehicle,bo_tpe,12,93,0.8579847494553376
vehicle,bo_tpe,12,94,0.8579847494553376
vehicle,bo_tpe,12,95,0.8579847494553376
vehicle,bo_tpe,12,96,0.8579847494553376
vehicle,bo_tpe,12,97,0.8579847494553376
vehicle,bo_tpe,12,98,0.8579847494553376
vehicle,bo_tpe,12,99,0.8579847494553376
vehicle,bo_tpe,12,100,0.8579847494553376
vehicle,pso,12,1,0.6613507625272331
vehicle,pso,12,2,0.8092047930283226
vehicle,pso,12,3,0.8092047930283226
vehicle,pso,12,4,0.815119825708061
vehicle,pso,12,5,0.815119825708061
vehicle,pso,12,6,0.815119825708061
vehicle,pso,12,7,0.815119825708061
vehicle,pso,12,8,0.815119825708061
vehicle,pso,12,9,0.815119825708061
vehicle,pso,12,10,0.815119825708061
vehicle,pso,12,11,0.815119825708061
vehicle,pso,12,12,0.815119825708061
vehicle,pso,12,13,0.815119825708061
vehicle,pso,12,14,0.8268845315904139
vehicle,pso,12,15,0.8268845315904139
vehicle,pso,12,16,0.8476470588235294
vehicle,pso,12,17,0.8476470588235294
vehicle,pso,12,18,0.8476470588235294
vehicle,pso,12,19,0.8476470588235294
vehicle,pso,12,20,0.8476470588235294
vehicle,pso,12,21,0.8476470588235294
vehicle,pso,12,22,0.8490849673202614
vehicle,pso,12,23,0.8490849673202614
vehicle,pso,12,24,0.8490849673202614
vehicle,pso,12,25,0.8490849673202614
vehicle,pso,12,26,0.8490849673202614
vehicle,pso,12,27,0.8490849673202614
vehicle,pso,12,28,0.8491285403050108
vehicle,pso,12,29,0.8491285403050108
vehicle,pso,12,30,0.8491285403050108
vehicle,pso,12,31,0.8491285403050108
vehicle,pso,12,32,0.8491285403050108
vehicle,pso,12,33,0.8491285403050108
vehicle,pso,12,34,0.8491285403050108
vehicle,pso,12,35,0.8491285403050108
vehicle,pso,12,36,0.8491285403050108
vehicle,pso,12,37,0.8491285403050108
vehicle,pso,12,38,0.8491285403050108
vehicle,pso,12,39,0.8491285403050108
vehicle,pso,12,40,0.8491285403050108
vehicle,pso,12,41,0.8491285403050108
vehicle,pso,12,42,0.8491285403050108
vehicle,pso,12,43,0.8491285403050108
vehicle,pso,12,44,0.8491285403050108
vehicle,pso,12,45,0.8491285403050108
vehicle,pso,12,46,0.8491285403050108
vehicle,pso,12,47,0.8491285403050108
vehicle,pso,12,48,0.8491285403050108
vehicle,pso,12,49,0.8491285403050108
vehicle,pso,12,50,0.8491285403050108
vehicle,pso,12,51,0.8491285403050108
vehicle,pso,12,52,0.8491285403050108
vehicle,pso,12,53,0.8491285403050108
vehicle,pso,12,54,0.8491285403050108
vehicle,pso,12,55,0.8491285403050108
vehicle,pso,12,56,0.8491285403050108
vehicle,pso,12,57,0.8491285403050108
vehicle,pso,12,58,0.8491285403050108
vehicle,pso,12,59,0.8491285403050108
vehicle,pso,12,60,0.8491285403050108
vehicle,pso,12,61,0.8491285403050108
vehicle,pso,12,62,0.8491285403050108
vehicle,pso,12,63,0.8491285403050108
vehicle,pso,12,64,0.8491285403050108
vehicle,pso,12,65,0.8491285403050108
vehicle,pso,12,66,0.8491285403050108
vehicle,pso,12,67,0.8491285403050108
vehicle,pso,12,68,0.8491285403050108
vehicle,pso,12,69,0.8491285403050108
vehicle,pso,12,70,0.8491285403050108
vehicle,pso,12,71,0.8550000000000001
vehicle,pso,12,72,0.8550000000000001
vehicle,pso,12,73,0.8550000000000001
vehicle,pso,12,74,0.8550108932461875
vehicle,pso,12,75,0.8550108932461875
vehicle,pso,12,76,0.8550108932461875
vehicle,pso,12,77,0.8550108932461875
vehicle,pso,12,78,0.8550108932461875
vehicle,pso,12,79,0.8550108932461875
vehicle,pso,12,80,0.8550108932461875
vehicle,pso,12,81,0.8550108932461875
vehicle,pso,12,82,0.8550108932461875
vehicle,pso,12,83,0.8550108932461875
vehicle,pso,12,84,0.8550108932461875
vehicle,pso,12,85,0.8550108932461875
vehicle,pso,12,86,0.8550108932461875
vehicle,pso,12,87,0.8550108932461875
vehicle,pso,12,88,0.8550108932461875
vehicle,pso,12,89,0.8550108932461875
vehicle,pso,12,90,0.8550108932461875
vehicle,pso,12,91,0.8550108932461875
vehicle,pso,12,92,0.8550108932461875
vehicle,pso,12,93,0.8550108932461875
vehicle,pso,12,94,0.8550108932461875
vehicle,pso,12,95,0.8550108932461875
vehicle,pso,12,96,0.8550108932461875
vehicle,pso,12,97,0.8550108932461875
vehicle,pso,12,98,0.8550108932461875
vehicle,pso,12,99,0.8550108932461875
vehicle,pso,12,100,0.8550108932461875
vehicle,de,12,1,0.3565032679738562
vehicle,de,12,2,0.3565032679738562
vehicle,de,12,3,0.5576252723311547
vehicle,de,12,4,0.7544771241830064
vehicle,de,12,5,0.7544771241830064
vehicle,de,12,6,0.7544771241830064
vehicle,de,12,7,0.7544771241830064
vehicle,de,12,8,0.7914814814814816
vehicle,de,12,9,0.7914814814814816
vehicle,de,12,10,0.7914814814814816
vehicle,de,12,11,0.7914814814814816
vehicle,de,12,12,0.7914814814814816
vehicle,de,12,13,0.7914814814814816
vehicle,de,12,14,0.7914814814814816
vehicle,de,12,15,0.7914814814814816
vehicle,de,12,16,0.7958714596949892
vehicle,de,12,17,0.8151089324618737
vehicle,de,12,18,0.8151089324618737
vehicle,de,12,19,0.8151089324618737
vehicle,de,12,20,0.8151089324618737
vehicle,de,12,21,0.8151089324618737
vehicle,de,12,22,0.8151089324618737
vehicle,de,12,23,0.8151089324618737
vehicle,de,12,24,0.8151089324618737
vehicle,de,12,25,0.8151089324618737
vehicle,de,12,26,0.8254139433551199
vehicle,de,12,27,0.8254139433551199
vehicle,de,12,28,0.8254139433551199
vehicle,de,12,29,0.8254139433551199
vehicle,de,12,30,0.8254139433551199
vehicle,de,12,31,0.8254139433551199
vehicle,de,12,32,0.847636165577342
vehicle,de,12,33,0.847636165577342
vehicle,de,12,34,0.847636165577342
vehicle,de,12,35,0.847636165577342
vehicle,de,12,36,0.847636165577342
vehicle,de,12,37,0.847636165577342
vehicle,de,12,38,0.847636165577342
vehicle,de,12,39,0.847636165577342
vehicle,de,12,40,0.847636165577342
vehicle,de,12,41,0.847636165577342
vehicle,de,12,42,0.847636165577342
vehicle,de,12,43,0.847636165577342
vehicle,de,12,44,0.847636165577342
vehicle,de,12,45,0.847636165577342
vehicle,de,12,46,0.847636165577342
vehicle,de,12,47,0.847636165577342
vehicle,de,12,48,0.847636165577342
vehicle,de,12,49,0.847636165577342
vehicle,de,12,50,0.847636165577342
vehicle,de,12,51,0.847636165577342
vehicle,de,12,52,0.847636165577342
vehicle,de,12,53,0.847636165577342
vehicle,de,12,54,0.847636165577342
vehicle,de,12,55,0.847636165577342
vehicle,de,12,56,0.847636165577342
vehicle,de,12,57,0.847636165577342
vehicle,de,12,58,0.847636165577342
vehicle,de,12,59,0.847636165577342
vehicle,de,12,60,0.847636165577342
vehicle,de,12,61,0.847636165577342
vehicle,de,12,62,0.847636165577342
vehicle,de,12,63,0.847636165577342
vehicle,de,12,64,0.847636165577342
vehicle,de,12,65,0.847636165577342
vehicle,de,12,66,0.847636165577342
vehicle,de,12,67,0.847636165577342
vehicle,de,12,68,0.847636165577342
vehicle,de,12,69,0.847636165577342
vehicle,de,12,70,0.847636165577342
vehicle,de,12,71,0.847636165577342
vehicle,de,12,72,0.8520806100217865
vehicle,de,12,73,0.8520806100217865
vehicle,de,12,74,0.8520806100217865
vehicle,de,12,75,0.8520806100217865
vehicle,de,12,76,0.8520806100217865
vehicle,de,12,77,0.8520806100217865
vehicle,de,12,78,0.8520806100217865
vehicle,de,12,79,0.8520806100217865
vehicle,de,12,80,0.8520806100217865
vehicle,de,12,81,0.8520806100217865
vehicle,de,12,82,0.8520806100217865
vehicle,de,12,83,0.8520806100217865
vehicle,de,12,84,0.8520806100217865
vehicle,de,12,85,0.8520806100217865
vehicle,de,12,86,0.8520806100217865
vehicle,de,12,87,0.8520806100217865
vehicle,de,12,88,0.8520806100217865
vehicle,de,12,89,0.8549891067538127
vehicle,de,12,90,0.8549891067538127
vehicle,de,12,91,0.8549891067538127
vehicle,de,12,92,0.8549891067538127
vehicle,de,12,93,0.8549891067538127
vehicle,de,12,94,0.8549891067538127
vehicle,de,12,95,0.8549891067538127
vehicle,de,12,96,0.8549891067538127
vehicle,de,12,97,0.8549891067538127
vehicle,de,12,98,0.8549891067538127
vehicle,de,12,99,0.8549891067538127
vehicle,de,12,100,0.8549891067538127
vehicle,ga,12,1,0.3565032679738562
vehicle,ga,12,2,0.3565032679738562
vehicle,ga,12,3,0.5576252723311547
vehicle,ga,12,4,0.7544771241830064
vehicle,ga,12,5,0.7544771241830064
vehicle,ga,12,6,0.7544771241830064
vehicle,ga,12,7,0.7544771241830064
vehicle,ga,12,8,0.7914814814814816
vehicle,ga,12,9,0.7914814814814816
vehicle,ga,12,10,0.7914814814814816
vehicle,ga,12,11,0.7914814814814816
vehicle,ga,12,12,0.7914814814814816
vehicle,ga,12,13,0.7914814814814816
vehicle,ga,12,14,0.7914814814814816
vehicle,ga,12,15,0.7914814814814816
vehicle,ga,12,16,0.7958714596949892
vehicle,ga,12,17,0.8151089324618737
vehicle,ga,12,18,0.8151089324618737
vehicle,ga,12,19,0.8151089324618737
vehicle,ga,12,20,0.8151089324618737
vehicle,ga,12,21,0.8151089324618737
vehicle,ga,12,22,0.8151089324618737
vehicle,ga,12,23,0.8151089324618737
vehicle,ga,12,24,0.8151089324618737
vehicle,ga,12,25,0.8151089324618737
vehicle,ga,12,26,0.8151089324618737
vehicle,ga,12,27,0.8151089324618737
vehicle,ga,12,28,0.8151089324618737
vehicle,ga,12,29,0.8151089324618737
vehicle,ga,12,30,0.8151089324618737
vehicle,ga,12,31,0.8151089324618737
vehicle,ga,12,32,0.8151089324618737
vehicle,ga,12,33,0.8151089324618737
vehicle,ga,12,34,0.8151089324618737
vehicle,ga,12,35,0.8151089324618737
vehicle,ga,12,36,0.8151089324618737
vehicle,ga,12,37,0.8151089324618737
vehicle,ga,12,38,0.8151089324618737
vehicle,ga,12,39,0.8151089324618737
vehicle,ga,12,40,0.8151089324618737
vehicle,ga,12,41,0.8151089324618737
vehicle,ga,12,42,0.8151089324618737
vehicle,ga,12,43,0.8151089324618737
vehicle,ga,12,44,0.8151089324618737
vehicle,ga,12,45,0.8151089324618737
vehicle,ga,12,46,0.8151089324618737
vehicle,ga,12,47,0.8151089324618737
vehicle,ga,12,48,0.8151089324618737
vehicle,ga,12,49,0.8151089324618737
vehicle,ga,12,50,0.8151089324618737
vehicle,ga,12,51,0.8151089324618737
vehicle,ga,12,52,0.8151089324618737
vehicle,ga,12,53,0.8151089324618737
vehicle,ga,12,54,0.8402723311546841
vehicle,ga,12,55,0.8402723311546841
vehicle,ga,12,56,0.8402723311546841
vehicle,ga,12,57,0.8402723311546841
vehicle,ga,12,58,0.8402723311546841
vehicle,ga,12,59,0.8402723311546841
vehicle,ga,12,60,0.8402723311546841
vehicle,ga,12,61,0.8402723311546841
vehicle,ga,12,62,0.8402723311546841
vehicle,ga,12,63,0.8402723311546841
vehicle,ga,12,64,0.8402723311546841
vehicle,ga,12,65,0.8402723311546841
vehicle,ga,12,66,0.8402723311546841
vehicle,ga,12,67,0.8402723311546841
vehicle,ga,12,68,0.8402723311546841
vehicle,ga,12,69,0.8402723311546841
vehicle,ga,12,70,0.8402723311546841
vehicle,ga,12,71,0.8402723311546841
vehicle,ga,12,72,0.8402723311546841
vehicle,ga,12,73,0.8402723311546841
vehicle,ga,12,74,0.8402723311546841
vehicle,ga,12,75,0.8402723311546841
vehicle,ga,12,76,0.8402723311546841
vehicle,ga,12,77,0.8402723311546841
vehicle,ga,12,78,0.8402723311546841
vehicle,ga,12,79,0.8402723311546841
vehicle,ga,12,80,0.8402723311546841
vehicle,ga,12,81,0.8402723311546841
vehicle,ga,12,82,0.8402723311546841
vehicle,ga,12,83,0.8402723311546841
vehicle,ga,12,84,0.8402723311546841
vehicle,ga,12,85,0.8402723311546841
vehicle,ga,12,86,0.8402723311546841
vehicle,ga,12,87,0.8402723311546841
vehicle,ga,12,88,0.8402723311546841
vehicle,ga,12,89,0.8402723311546841
vehicle,ga,12,90,0.8402723311546841
vehicle,ga,12,91,0.8402723311546841
vehicle,ga,12,92,0.8402723311546841
vehicle,ga,12,93,0.8431808278867102
vehicle,ga,12,94,0.8446732026143791
vehicle,ga,12,95,0.8446732026143791
vehicle,ga,12,96,0.8446732026143791
vehicle,ga,12,97,0.8446732026143791
vehicle,ga,12,98,0.8446732026143791
vehicle,ga,12,99,0.8446732026143791
vehicle,ga,12,100,0.8446732026143791
vehicle,grid,13,1,0.300359477124183
vehicle,grid,13,2,0.300359477124183
vehicle,grid,13,3,0.3018409586056644
vehicle,grid,13,4,0.303322440087146
vehicle,grid,13,5,0.303322440087146
vehicle,grid,13,6,0.3713507625272331
vehicle,grid,13,7,0.4260021786492374
vehicle,grid,13,8,0.4260021786492374
vehicle,grid,13,9,0.4260021786492374
vehicle,grid,13,10,0.4260021786492374
vehicle,grid,13,11,0.4260021786492374
vehicle,grid,13,12,0.4260021786492374
vehicle,grid,13,13,0.4260021786492374
vehicle,grid,13,14,0.4260021786492374
vehicle,grid,13,15,0.5147821350762527
vehicle,grid,13,16,0.6554139433551198
vehicle,grid,13,17,0.687843137254902
vehicle,grid,13,18,0.687843137254902
vehicle,grid,13,19,0.687843137254902
vehicle,grid,13,20,0.687843137254902
vehicle,grid,13,21,0.687843137254902
vehicle,grid,13,22,0.687843137254902
vehicle,grid,13,23,0.687843137254902
vehicle,grid,13,24,0.687843137254902
vehicle,grid,13,25,0.687843137254902
vehicle,grid,13,26,0.7292919389978213
vehicle,grid,13,27,0.7440631808278868
vehicle,grid,13,28,0.7440631808278868
vehicle,grid,13,29,0.7440631808278868
vehicle,grid,13,30,0.7440631808278868
vehicle,grid,13,31,0.7440631808278868
vehicle,grid,13,32,0.7440631808278868
vehicle,grid,13,33,0.7440631808278868
vehicle,grid,13,34,0.7440631808278868
vehicle,grid,13,35,0.7499237472766884
vehicle,grid,13,36,0.7765904139433552
vehicle,grid,13,37,0.7988344226579521
vehicle,grid,13,38,0.7988344226579521
vehicle,grid,13,39,0.7988344226579521
vehicle,grid,13,40,0.7988344226579521
vehicle,grid,13,41,0.7988344226579521
vehicle,grid,13,42,0.7988344226579521
vehicle,grid,13,43,0.7988344226579521
vehicle,grid,13,44,0.7988344226579521
vehicle,grid,13,45,0.7988344226579521
vehicle,grid,13,46,0.8165468409586056
vehicle,grid,13,47,0.8165468409586056
vehicle,grid,13,48,0.8165468409586056
vehicle,grid,13,49,0.8165468409586056
vehicle,grid,13,50,0.8165468409586056
vehicle,grid,13,51,0.8165468409586056
vehicle,grid,13,52,0.8165468409586056
vehicle,grid,13,53,0.8165468409586056
vehicle,grid,13,54,0.8165468409586056
vehicle,grid,13,55,0.8387254901960783
vehicle,grid,13,56,0.8387254901960783
vehicle,grid,13,57,0.8387254901960783
vehicle,grid,13,58,0.8387254901960783
vehicle,grid,13,59,0.8387254901960783
vehicle,grid,13,60,0.8387254901960783
vehicle,grid,13,61,0.8387254901960783
vehicle,grid,13,62,0.8387254901960783
vehicle,grid,13,63,0.8387254901960783
vehicle,grid,13,64,0.8387254901960783
vehicle,grid,13,65,0.8387254901960783
vehicle,grid,13,66,0.8387254901960783
vehicle,grid,13,67,0.8387254901960783
vehicle,grid,13,68,0.8387254901960783
vehicle,grid,13,69,0.8387254901960783
vehicle,grid,13,70,0.8387254901960783
vehicle,grid,13,71,0.8387254901960783
vehicle,grid,13,72,0.8387254901960783
vehicle,grid,13,73,0.8387254901960783
vehicle,grid,13,74,0.8446732026143792
vehicle,grid,13,75,0.8446732026143792
vehicle,grid,13,76,0.8446732026143792
vehicle,grid,13,77,0.8446732026143792
vehicle,grid,13,78,0.8446732026143792
vehicle,grid,13,79,0.8446732026143792
vehicle,grid,13,80,0.8446732026143792
vehicle,grid,13,81,0.8446732026143792
vehicle,grid,13,82,0.8446732026143792
vehicle,grid,13,83,0.8446732026143792
vehicle,grid,13,84,0.8446732026143792
vehicle,grid,13,85,0.8446732026143792
vehicle,grid,13,86,0.8446732026143792
vehicle,grid,13,87,0.8446732026143792
vehicle,grid,13,88,0.8446732026143792
vehicle,grid,13,89,0.8446732026143792
vehicle,grid,13,90,0.8446732026143792
vehicle,grid,13,91,0.8446732026143792
vehicle,grid,13,92,0.8446732026143792
vehicle,grid,13,93,0.8446732026143792
vehicle,grid,13,94,0.8446732026143792
vehicle,grid,13,95,0.8446732026143792
vehicle,grid,13,96,0.8446732026143792
vehicle,grid,13,97,0.8446732026143792
vehicle,grid,13,98,0.8446732026143792
vehicle,grid,13,99,0.8446732026143792
vehicle,grid,13,100,0.8446732026143792
vehicle,random,13,1,0.8180283224400873
vehicle,random,13,2,0.8180283224400873
vehicle,random,13,3,0.8298474945533769
vehicle,random,13,4,0.8298474945533769
vehicle,random,13,5,0.8298474945533769
vehicle,random,13,6,0.8298474945533769
vehicle,random,13,7,0.8298474945533769
vehicle,random,13,8,0.8298474945533769
vehicle,random,13,9,0.8298474945533769
vehicle,random,13,10,0.8298474945533769
vehicle,random,13,11,0.8431590413943354
vehicle,random,13,12,0.8431590413943354
vehicle,random,13,13,0.8431590413943354
vehicle,random,13,14,0.8431590413943354
vehicle,random,13,15,0.8431590413943354
vehicle,random,13,16,0.8431590413943354
vehicle,random,13,17,0.8431590413943354
vehicle,random,13,18,0.8431590413943354
vehicle,random,13,19,0.8431590413943354
vehicle,random,13,20,0.8431590413943354
vehicle,random,13,21,0.8431590413943354
vehicle,random,13,22,0.8475925925925927
vehicle,random,13,23,0.8475925925925927
vehicle,random,13,24,0.8475925925925927
vehicle,random,13,25,0.8475925925925927
vehicle,random,13,26,0.8475925925925927
vehicle,random,13,27,0.8475925925925927
vehicle,random,13,28,0.8475925925925927
vehicle,random,13,29,0.8475925925925927
vehicle,random,13,30,0.8475925925925927
vehicle,random,13,31,0.8475925925925927
vehicle,random,13,32,0.8475925925925927
vehicle,random,13,33,0.8475925925925927
vehicle,random,13,34,0.8475925925925927
vehicle,random,13,35,0.8475925925925927
vehicle,random,13,36,0.8475925925925927
vehicle,random,13,37,0.8475925925925927
vehicle,random,13,38,0.8475925925925927
vehicle,random,13,39,0.8475925925925927
vehicle,random,13,40,0.8475925925925927
vehicle,random,13,41,0.8475925925925927
vehicle,random,13,42,0.8475925925925927
vehicle,random,13,43,0.8475925925925927
vehicle,random,13,44,0.8475925925925927
vehicle,random,13,45,0.8475925925925927
vehicle,random,13,46,0.8475925925925927
vehicle,random,13,47,0.8475925925925927
vehicle,random,13,48,0.8475925925925927
vehicle,random,13,49,0.8475925925925927
vehicle,random,13,50,0.8475925925925927
vehicle,random,13,51,0.8475925925925927
vehicle,random,13,52,0.8475925925925927
vehicle,random,13,53,0.8475925925925927
vehicle,random,13,54,0.8475925925925927
vehicle,random,13,55,0.8475925925925927
vehicle,random,13,56,0.8475925925925927
vehicle,random,13,57,0.8475925925925927
vehicle,random,13,58,0.8475925925925927
vehicle,random,13,59,0.8475925925925927
vehicle,random,13,60,0.8475925925925927
vehicle,random,13,61,0.8475925925925927
vehicle,random,13,62,0.8475925925925927
vehicle,random,13,63,0.8475925925925927
vehicle,random,13,64,0.8475925925925927
vehicle,random,13,65,0.8475925925925927
vehicle,random,13,66,0.8475925925925927
vehicle,random,13,67,0.8475925925925927
vehicle,random,13,68,0.8475925925925927
vehicle,random,13,69,0.8475925925925927
vehicle,random,13,70,0.8475925925925927
vehicle,random,13,71,0.8475925925925927
vehicle,random,13,72,0.8475925925925927
vehicle,random,13,73,0.8475925925925927
vehicle,random,13,74,0.8475925925925927
vehicle,random,13,75,0.8475925925925927
vehicle,random,13,76,0.8475925925925927
vehicle,random,13,77,0.8475925925925927
vehicle,random,13,78,0.8475925925925927
vehicle,random,13,79,0.8475925925925927
vehicle,random,13,80,0.8475925925925927
vehicle,random,13,81,0.8475925925925927
vehicle,random,13,82,0.8475925925925927
vehicle,random,13,83,0.8475925925925927
vehicle,random,13,84,0.8475925925925927
vehicle,random,13,85,0.8475925925925927
vehicle,random,13,86,0.8475925925925927
vehicle,random,13,87,0.8475925925925927
vehicle,random,13,88,0.8475925925925927
vehicle,random,13,89,0.8475925925925927
vehicle,random,13,90,0.8475925925925927
vehicle,random,13,91,0.8475925925925927
vehicle,random,13,92,0.8475925925925927
vehicle,random,13,93,0.8475925925925927
vehicle,random,13,94,0.8475925925925927
vehicle,random,13,95,0.8475925925925927
vehicle,random,13,96,0.8475925925925927
vehicle,random,13,97,0.8475925925925927
vehicle,random,13,98,0.8475925925925927
vehicle,random,13,99,0.8475925925925927
vehicle,random,13,100,0.8475925925925927
vehicle,bo_tpe,13,1,0.8180283224400873
vehicle,bo_tpe,13,2,0.8180283224400873
vehicle,bo_tpe,13,3,0.8298474945533769
vehicle,bo_tpe,13,4,0.8298474945533769
vehicle,bo_tpe,13,5,0.8298474945533769
vehicle,bo_tpe,13,6,0.8298474945533769
vehicle,bo_tpe,13,7,0.8298474945533769
vehicle,bo_tpe,13,8,0.8298474945533769
vehicle,bo_tpe,13,9,0.8298474945533769
vehicle,bo_tpe,13,10,0.8298474945533769
vehicle,bo_tpe,13,11,0.8298474945533769
vehicle,bo_tpe,13,12,0.8328431372549021
vehicle,bo_tpe,13,13,0.8328431372549021
vehicle,bo_tpe,13,14,0.8328431372549021
vehicle,bo_tpe,13,15,0.8328431372549021
vehicle,bo_tpe,13,16,0.8343246187363835
vehicle,bo_tpe,13,17,0.8343246187363835
vehicle,bo_tpe,13,18,0.8431917211328976
vehicle,bo_tpe,13,19,0.8431917211328976
vehicle,bo_tpe,13,20,0.8431917211328976
vehicle,bo_tpe,13,21,0.8431917211328976
vehicle,bo_tpe,13,22,0.8431917211328976
vehicle,bo_tpe,13,23,0.8431917211328976
vehicle,bo_tpe,13,24,0.8431917211328976
vehicle,bo_tpe,13,25,0.8431917211328976
vehicle,bo_tpe,13,26,0.8431917211328976
vehicle,bo_tpe,13,27,0.8431917211328976
vehicle,bo_tpe,13,28,0.8431917211328976
vehicle,bo_tpe,13,29,0.8431917211328976
vehicle,bo_tpe,13,30,0.8431917211328976
vehicle,bo_tpe,13,31,0.8431917211328976
vehicle,bo_tpe,13,32,0.8431917211328976
vehicle,bo_tpe,13,33,0.8446840958605664
vehicle,bo_tpe,13,34,0.8446840958605664
vehicle,bo_tpe,13,35,0.8446840958605664
vehicle,bo_tpe,13,36,0.8446840958605664
vehicle,bo_tpe,13,37,0.8446840958605664
vehicle,bo_tpe,13,38,0.8446840958605664
vehicle,bo_tpe,13,39,0.8446840958605664
vehicle,bo_tpe,13,40,0.8446840958605664
vehicle,bo_tpe,13,41,0.8446840958605664
vehicle,bo_tpe,13,42,0.8446840958605664
vehicle,bo_tpe,13,43,0.8446840958605664
vehicle,bo_tpe,13,44,0.8446840958605664
vehicle,bo_tpe,13,45,0.8446840958605664
vehicle,bo_tpe,13,46,0.8446840958605664
vehicle,bo_tpe,13,47,0.8446840958605664
vehicle,bo_tpe,13,48,0.8446840958605664
vehicle,bo_tpe,13,49,0.8446840958605664
vehicle,bo_tpe,13,50,0.8446840958605664
vehicle,bo_tpe,13,51,0.8446840958605664
vehicle,bo_tpe,13,52,0.8446840958605664
vehicle,bo_tpe,13,53,0.8446840958605664
vehicle,bo_tpe,13,54,0.8446840958605664
vehicle,bo_tpe,13,55,0.8446840958605664
vehicle,bo_tpe,13,56,0.8446840958605664
vehicle,bo_tpe,13,57,0.8446840958605664
vehicle,bo_tpe,13,58,0.8446840958605664
vehicle,bo_tpe,13,59,0.8446840958605664
vehicle,bo_tpe,13,60,0.8446840958605664
vehicle,bo_tpe,13,61,0.8446840958605664
vehicle,bo_tpe,13,62,0.8446840958605664
vehicle,bo_tpe,13,63,0.8446840958605664
vehicle,bo_tpe,13,64,0.8446840958605664
vehicle,bo_tpe,13,65,0.8446840958605664
vehicle,bo_tpe,13,66,0.8446840958605664
vehicle,bo_tpe,13,67,0.8446840958605664
vehicle,bo_tpe,13,68,0.8446840958605664
vehicle,bo_tpe,13,69,0.8446840958605664
vehicle,bo_tpe,13,70,0.8446840958605664
vehicle,bo_tpe,13,71,0.8446840958605664
vehicle,bo_tpe,13,72,0.8446840958605664
vehicle,bo_tpe,13,73,0.8446840958605664
vehicle,bo_tpe,13,74,0.846111111111111
vehicle,bo_tpe,13,75,0.8461328976034859
vehicle,bo_tpe,13,76,0.8461328976034859
vehicle,bo_tpe,13,77,0.8461328976034859
vehicle,bo_tpe,13,78,0.8461328976034859
vehicle,bo_tpe,13,79,0.8461328976034859
vehicle,bo_tpe,13,80,0.8461328976034859
vehicle,bo_tpe,13,81,0.8461328976034859
vehicle,bo_tpe,13,82,0.8461328976034859
vehicle,bo_tpe,13,83,0.8461328976034859
vehicle,bo_tpe,13,84,0.8475925925925925
vehicle,bo_tpe,13,85,0.8475925925925925
vehicle,bo_tpe,13,86,0.8475925925925925
vehicle,bo_tpe,13,87,0.8475925925925925
vehicle,bo_tpe,13,88,0.8475925925925925
vehicle,bo_tpe,13,89,0.8475925925925925
vehicle,bo_tpe,13,90,0.8475925925925925
vehicle,bo_tpe,13,91,0.8475925925925925
vehicle,bo_tpe,13,92,0.8475925925925925
vehicle,bo_tpe,13,93,0.8475925925925925
vehicle,bo_tpe,13,94,0.8475925925925925
vehicle,bo_tpe,13,95,0.8475925925925925
vehicle,bo_tpe,13,96,0.8475925925925925
vehicle,bo_tpe,13,97,0.8475925925925925
vehicle,bo_tpe,13,98,0.8475925925925925
vehicle,bo_tpe,13,99,0.8475925925925925
vehicle,bo_tpe,13,100,0.8475925925925925
vehicle,pso,13,1,0.8195315904139433
vehicle,pso,13,2,0.8240305010893246
vehicle,pso,13,3,0.8240305010893246
vehicle,pso,13,4,0.8240305010893246
vehicle,pso,13,5,0.8240305010893246
vehicle,pso,13,6,0.8240305010893246
vehicle,pso,13,7,0.8240305010893246
vehicle,pso,13,8,0.8240305010893246
vehicle,pso,13,9,0.8240305010893246
vehicle,pso,13,10,0.8240305010893246
vehicle,pso,13,11,0.8240305010893246
vehicle,pso,13,12,0.8240305010893246
vehicle,pso,13,13,0.8357952069716775
vehicle,pso,13,14,0.8357952069716775
vehicle,pso,13,15,0.8357952069716775
vehicle,pso,13,16,0.8357952069716775
vehicle,pso,13,17,0.8357952069716775
vehicle,pso,13,18,0.8357952069716775
vehicle,pso,13,19,0.8357952069716775
vehicle,pso,13,20,0.8357952069716775
vehicle,pso,13,21,0.8387472766884532
vehicle,pso,13,22,0.8387472766884532
vehicle,pso,13,23,0.8387472766884532
vehicle,pso,13,24,0.8387472766884532
vehicle,pso,13,25,0.8387472766884532
vehicle,pso,13,26,0.8387472766884532
vehicle,pso,13,27,0.8402505446623094
vehicle,pso,13,28,0.8402505446623094
vehicle,pso,13,29,0.8402505446623094
vehicle,pso,13,30,0.8402505446623094
vehicle,pso,13,31,0.8402505446623094
vehicle,pso,13,32,0.8402505446623094
vehicle,pso,13,33,0.8402505446623094
vehicle,pso,13,34,0.8402505446623094
vehicle,pso,13,35,0.8402505446623094
vehicle,pso,13,36,0.8402505446623094
vehicle,pso,13,37,0.8402505446623094
vehicle,pso,13,38,0.8402505446623094
vehicle,pso,13,39,0.8402505446623094
vehicle,pso,13,40,0.8402505446623094
vehicle,pso,13,41,0.8402505446623094
vehicle,pso,13,42,0.8402505446623094
vehicle,pso,13,43,0.8402505446623094
vehicle,pso,13,44,0.8402505446623094
vehicle,pso,13,45,0.8402505446623094
vehicle,pso,13,46,0.8402505446623094
vehicle,pso,13,47,0.84760348583878
vehicle,pso,13,48,0.84760348583878
vehicle,pso,13,49,0.84760348583878
vehicle,pso,13,50,0.84760348583878
vehicle,pso,13,51,0.84760348583878
vehicle,pso,13,52,0.84760348583878
vehicle,pso,13,53,0.84760348583878
vehicle,pso,13,54,0.84760348583878
vehicle,pso,13,55,0.84760348583878
vehicle,pso,13,56,0.84760348583878
vehicle,pso,13,57,0.84760348583878
vehicle,pso,13,58,0.84760348583878
vehicle,pso,13,59,0.84760348583878
vehicle,pso,13,60,0.84760348583878
vehicle,pso,13,61,0.84760348583878
vehicle,pso,13,62,0.84760348583878
vehicle,pso,13,63,0.84760348583878
vehicle,pso,13,64,0.84760348583878
vehicle,pso,13,65,0.84760348583878
vehicle,pso,13,66,0.84760348583878
vehicle,pso,13,67,0.84760348583878
vehicle,pso,13,68,0.84760348583878
vehicle,pso,13,69,0.84760348583878
vehicle,pso,13,70,0.84760348583878
vehicle,pso,13,71,0.84760348583878
vehicle,pso,13,72,0.84760348583878
vehicle,pso,13,73,0.84760348583878
vehicle,pso,13,74,0.84760348583878
vehicle,pso,13,75,0.84760348583878
vehicle,pso,13,76,0.84760348583878
vehicle,pso,13,77,0.84760348583878
vehicle,pso,13,78,0.84760348583878
vehicle,pso,13,79,0.84760348583878
vehicle,pso,13,80,0.84760348583878
vehicle,pso,13,81,0.84760348583878
vehicle,pso,13,82,0.84760348583878
vehicle,pso,13,83,0.84760348583878
vehicle,pso,13,84,0.84760348583878
vehicle,pso,13,85,0.84760348583878
vehicle,pso,13,86,0.84760348583878
vehicle,pso,13,87,0.84760348583878
vehicle,pso,13,88,0.84760348583878
vehicle,pso,13,89,0.84760348583878
vehicle,pso,13,90,0.84760348583878
vehicle,pso,13,91,0.84760348583878
vehicle,pso,13,92,0.84760348583878
vehicle,pso,13,93,0.84760348583878
vehicle,pso,13,94,0.84760348583878
vehicle,pso,13,95,0.84760348583878
vehicle,pso,13,96,0.84760348583878
vehicle,pso,13,97,0.84760348583878
vehicle,pso,13,98,0.84760348583878
vehicle,pso,13,99,0.84760348583878
vehicle,pso,13,100,0.84760348583878
vehicle,de,13,1,0.6154793028322441
vehicle,de,13,2,0.8254466230936819
vehicle,de,13,3,0.8254466230936819
vehicle,de,13,4,0.8254466230936819
vehicle,de,13,5,0.8254466230936819
vehicle,de,13,6,0.8254466230936819
vehicle,de,13,7,0.8254466230936819
vehicle,de,13,8,0.8372657952069715
vehicle,de,13,9,0.8372657952069715
vehicle,de,13,10,0.8387581699346406
vehicle,de,13,11,0.8387581699346406
vehicle,de,13,12,0.8387581699346406
vehicle,de,13,13,0.8387581699346406
vehicle,de,13,14,0.8387581699346406
vehicle,de,13,15,0.8387581699346406
vehicle,de,13,16,0.8387581699346406
vehicle,de,13,17,0.8387581699346406
vehicle,de,13,18,0.8387581699346406
vehicle,de,13,19,0.8387581699346406
vehicle,de,13,20,0.8387581699346406
vehicle,de,13,21,0.8387581699346406
vehicle,de,13,22,0.8387581699346406
vehicle,de,13,23,0.8387581699346406
vehicle,de,13,24,0.8387581699346406
vehicle,de,13,25,0.8387581699346406
vehicle,de,13,26,0.8387581699346406
vehicle,de,13,27,0.8387581699346406
vehicle,de,13,28,0.8387581699346406
vehicle,de,13,29,0.8387581699346406
vehicle,de,13,30,0.8387581699346406
vehicle,de,13,31,0.8387581699346406
vehicle,de,13,32,0.8417211328976035
vehicle,de,13,33,0.8417211328976035
vehicle,de,13,34,0.8417211328976035
vehicle,de,13,35,0.8417211328976035
vehicle,de,13,36,0.8417211328976035
vehicle,de,13,37,0.8417211328976035
vehicle,de,13,38,0.8417211328976035
vehicle,de,13,39,0.8417211328976035
vehicle,de,13,40,0.8417211328976035
vehicle,de,13,41,0.8417211328976035
vehicle,de,13,42,0.8417211328976035
vehicle,de,13,43,0.8417211328976035
vehicle,de,13,44,0.8417211328976035
vehicle,de,13,45,0.8417211328976035
vehicle,de,13,46,0.8417211328976035
vehicle,de,13,47,0.8417211328976035
vehicle,de,13,48,0.8417211328976035
vehicle,de,13,49,0.8417211328976035
vehicle,de,13,50,0.8417211328976035
vehicle,de,13,51,0.8417211328976035
vehicle,de,13,52,0.8417211328976035
vehicle,de,13,53,0.8417211328976035
vehicle,de,13,54,0.8417211328976035
vehicle,de,13,55,0.8417211328976035
vehicle,de,13,56,0.8417211328976035
vehicle,de,13,57,0.8417211328976035
vehicle,de,13,58,0.8417211328976035
vehicle,de,13,59,0.8417211328976035
vehicle,de,13,60,0.8417211328976035
vehicle,de,13,61,0.8417211328976035
vehicle,de,13,62,0.8417211328976035
vehicle,de,13,63,0.8417211328976035
vehicle,de,13,64,0.8417211328976035
vehicle,de,13,65,0.8417211328976035
vehicle,de,13,66,0.8417211328976035
vehicle,de,13,67,0.8417211328976035
vehicle,de,13,68,0.8417211328976035
vehicle,de,13,69,0.8431699346405228
vehicle,de,13,70,0.8431699346405228
vehicle,de,13,71,0.8431699346405228
vehicle,de,13,72,0.8431699346405228
vehicle,de,13,73,0.8431699346405228
vehicle,de,13,74,0.8431699346405228
vehicle,de,13,75,0.8431699346405228
vehicle,de,13,76,0.8431699346405228
vehicle,de,13,77,0.8431699346405228
vehicle,de,13,78,0.8431699346405228
vehicle,de,13,79,0.8431699346405228
vehicle,de,13,80,0.8431699346405228
vehicle,de,13,81,0.8431808278867102
vehicle,de,13,82,0.8431808278867102
vehicle,de,13,83,0.8431808278867102
vehicle,de,13,84,0.8446732026143791
vehicle,de,13,85,0.8446732026143791
vehicle,de,13,86,0.8446732026143791
vehicle,de,13,87,0.8446732026143791
vehicle,de,13,88,0.8446732026143791
vehicle,de,13,89,0.8446732026143791
vehicle,de,13,90,0.8446732026143791
vehicle,de,13,91,0.8446732026143791
vehicle,de,13,92,0.8446732026143791
vehicle,de,13,93,0.8446732026143791
vehicle,de,13,94,0.8446732026143791
vehicle,de,13,95,0.8446732026143791
vehicle,de,13,96,0.8446732026143791
vehicle,de,13,97,0.8446732026143791
vehicle,de,13,98,0.8446732026143791
vehicle,de,13,99,0.8446732026143791
vehicle,de,13,100,0.8446732026143791
vehicle,ga,13,1,0.6154793028322441
vehicle,ga,13,2,0.8254466230936819
vehicle,ga,13,3,0.8254466230936819
vehicle,ga,13,4,0.8254466230936819
vehicle,ga,13,5,0.8254466230936819
vehicle,ga,13,6,0.8254466230936819
vehicle,ga,13,7,0.8254466230936819
vehicle,ga,13,8,0.8372657952069715
vehicle,ga,13,9,0.8372657952069715
vehicle,ga,13,10,0.8387581699346406
vehicle,ga,13,11,0.8387581699346406
vehicle,ga,13,12,0.8387581699346406
vehicle,ga,13,13,0.8387581699346406
vehicle,ga,13,14,0.8387581699346406
vehicle,ga,13,15,0.8387581699346406
vehicle,ga,13,16,0.8387581699346406
vehicle,ga,13,17,0.8387581699346406
vehicle,ga,13,18,0.8387581699346406
vehicle,ga,13,19,0.8387581699346406
vehicle,ga,13,20,0.8387581699346406
vehicle,ga,13,21,0.8387581699346406
vehicle,ga,13,22,0.8446623093681918
vehicle,ga,13,23,0.8446623093681918
vehicle,ga,13,24,0.8446623093681918
vehicle,ga,13,25,0.8446623093681918
vehicle,ga,13,26,0.8446623093681918
vehicle,ga,13,27,0.8446623093681918
vehicle,ga,13,28,0.8446623093681918
vehicle,ga,13,29,0.8446623093681918
vehicle,ga,13,30,0.8446623093681918
vehicle,ga,13,31,0.8446623093681918
vehicle,ga,13,32,0.8446623093681918
vehicle,ga,13,33,0.8446623093681918
vehicle,ga,13,34,0.8446623093681918
vehicle,ga,13,35,0.8446623093681918
vehicle,ga,13,36,0.8446623093681918
vehicle,ga,13,37,0.8446623093681918
vehicle,ga,13,38,0.8446623093681918
vehicle,ga,13,39,0.8446623093681918
vehicle,ga,13,40,0.8446623093681918
vehicle,ga,13,41,0.8461437908496732
vehicle,ga,13,42,0.8461437908496732
vehicle,ga,13,43,0.8461437908496732
vehicle,ga,13,44,0.8461437908496732
vehicle,ga,13,45,0.8461437908496732
vehicle,ga,13,46,0.8461437908496732
vehicle,ga,13,47,0.8461437908496732
vehicle,ga,13,48,0.8461437908496732
vehicle,ga,13,49,0.8461437908496732
vehicle,ga,13,50,0.8461437908496732
vehicle,ga,13,51,0.8461437908496732
vehicle,ga,13,52,0.8461437908496732
vehicle,ga,13,53,0.8461437908496732
vehicle,ga,13,54,0.8461437908496732
vehicle,ga,13,55,0.8461437908496732
vehicle,ga,13,56,0.8461437908496732
vehicle,ga,13,57,0.8461437908496732
vehicle,ga,13,58,0.8461437908496732
vehicle,ga,13,59,0.8461437908496732
vehicle,ga,13,60,0.8461437908496732
vehicle,ga,13,61,0.8461437908496732
vehicle,ga,13,62,0.8461437908496732
vehicle,ga,13,63,0.8461437908496732
vehicle,ga,13,64,0.8461437908496732
vehicle,ga,13,65,0.8461437908496732
vehicle,ga,13,66,0.8461437908496732
vehicle,ga,13,67,0.8461437908496732
vehicle,ga,13,68,0.8461437908496732
vehicle,ga,13,69,0.8461437908496732
vehicle,ga,13,70,0.8461437908496732
vehicle,ga,13,71,0.8461437908496732
vehicle,ga,13,72,0.8461437908496732
vehicle,ga,13,73,0.8461437908496732
vehicle,ga,13,74,0.8461437908496732
vehicle,ga,13,75,0.8461437908496732
vehicle,ga,13,76,0.8461437908496732
vehicle,ga,13,77,0.8461437908496732
vehicle,ga,13,78,0.8461437908496732
vehicle,ga,13,79,0.8461437908496732
vehicle,ga,13,80,0.8461437908496732
vehicle,ga,13,81,0.8461437908496732
vehicle,ga,13,82,0.8461437908496732
vehicle,ga,13,83,0.8461437908496732
vehicle,ga,13,84,0.8461437908496732
vehicle,ga,13,85,0.8461437908496732
vehicle,ga,13,86,0.8461437908496732
vehicle,ga,13,87,0.8461437908496732
vehicle,ga,13,88,0.8461437908496732
vehicle,ga,13,89,0.8461437908496732
vehicle,ga,13,90,0.8461437908496732
vehicle,ga,13,91,0.8461437908496732
vehicle,ga,13,92,0.8461437908496732
vehicle,ga,13,93,0.849106753812636
vehicle,ga,13,94,0.849106753812636
vehicle,ga,13,95,0.849106753812636
vehicle,ga,13,96,0.849106753812636
vehicle,ga,13,97,0.849106753812636
vehicle,ga,13,98,0.849106753812636
vehicle,ga,13,99,0.849106753812636
vehicle,ga,13,100,0.849106753812636
vehicle,grid,14,1,0.3018409586056644
vehicle,grid,14,2,0.3018409586056644
vehicle,grid,14,3,0.3018409586056644
vehicle,grid,14,4,0.3048039215686274
vehicle,grid,14,5,0.3048039215686274
vehicle,grid,14,6,0.3875708061002179
vehicle,grid,14,7,0.4274727668845315
vehicle,grid,14,8,0.4274727668845315
vehicle,grid,14,9,0.4274727668845315
vehicle,grid,14,10,0.4274727668845315
vehicle,grid,14,11,0.4274727668845315
vehicle,grid,14,12,0.4274727668845315
vehicle,grid,14,13,0.4274727668845315
vehicle,grid,14,14,0.4274727668845315
vehicle,grid,14,15,0.485119825708061
vehicle,grid,14,16,0.6508278867102396
vehicle,grid,14,17,0.6790087145969499
vehicle,grid,14,18,0.6790087145969499
vehicle,grid,14,19,0.6790087145969499
vehicle,grid,14,20,0.6790087145969499
vehicle,grid,14,21,0.6790087145969499
vehicle,grid,14,22,0.6790087145969499
vehicle,grid,14,23,0.6790087145969499
vehicle,grid,14,24,0.6790087145969499
vehicle,grid,14,25,0.6892265795206971
vehicle,grid,14,26,0.7573202614379084
vehicle,grid,14,27,0.7573202614379084
vehicle,grid,14,28,0.7573202614379084
vehicle,grid,14,29,0.7573202614379084
vehicle,grid,14,30,0.7573202614379084
vehicle,grid,14,31,0.7573202614379084
vehicle,grid,14,32,0.7573202614379084
vehicle,grid,14,33,0.7573202614379084
vehicle,grid,14,34,0.7573202614379084
vehicle,grid,14,35,0.767636165577342
vehicle,grid,14,36,0.7942592592592593
vehicle,grid,14,37,0.7942592592592593
vehicle,grid,14,38,0.7942592592592593
vehicle,grid,14,39,0.7942592592592593
vehicle,grid,14,40,0.7942592592592593
vehicle,grid,14,41,0.7942592592592593
vehicle,grid,14,42,0.7942592592592593
vehicle,grid,14,43,0.7942592592592593
vehicle,grid,14,44,0.7942592592592593
vehicle,grid,14,45,0.8032026143790849
vehicle,grid,14,46,0.8150217864923748
vehicle,grid,14,47,0.8150217864923748
vehicle,grid,14,48,0.8150217864923748
vehicle,grid,14,49,0.8150217864923748
vehicle,grid,14,50,0.8150217864923748
vehicle,grid,14,51,0.8150217864923748
vehicle,grid,14,52,0.8150217864923748
vehicle,grid,14,53,0.8150217864923748
vehicle,grid,14,54,0.8150217864923748
vehicle,grid,14,55,0.8209694989106755
vehicle,grid,14,56,0.8254030501089324
vehicle,grid,14,57,0.8254030501089324
vehicle,grid,14,58,0.8254030501089324
vehicle,grid,14,59,0.8254030501089324
vehicle,grid,14,60,0.8254030501089324
vehicle,grid,14,61,0.8254030501089324
vehicle,grid,14,62,0.8254030501089324
vehicle,grid,14,63,0.8254030501089324
vehicle,grid,14,64,0.8254030501089324
vehicle,grid,14,65,0.8327886710239651
vehicle,grid,14,66,0.8327886710239651
vehicle,grid,14,67,0.8327886710239651
vehicle,grid,14,68,0.8327886710239651
vehicle,grid,14,69,0.8327886710239651
vehicle,grid,14,70,0.8327886710239651
vehicle,grid,14,71,0.8327886710239651
vehicle,grid,14,72,0.8327886710239651
vehicle,grid,14,73,0.8327886710239651
vehicle,grid,14,74,0.8327995642701526
vehicle,grid,14,75,0.8343137254901961
vehicle,grid,14,76,0.8343137254901961
vehicle,grid,14,77,0.8343137254901961
vehicle,grid,14,78,0.8343137254901961
vehicle,grid,14,79,0.8343137254901961
vehicle,grid,14,80,0.8343137254901961
vehicle,grid,14,81,0.8343137254901961
vehicle,grid,14,82,0.8343137254901961
vehicle,grid,14,83,0.8343137254901961
vehicle,grid,14,84,0.8343137254901961
vehicle,grid,14,85,0.8343137254901961
vehicle,grid,14,86,0.8343137254901961
vehicle,grid,14,87,0.8343137254901961
vehicle,grid,14,88,0.8343137254901961
vehicle,grid,14,89,0.8343137254901961
vehicle,grid,14,90,0.8343137254901961
vehicle,grid,14,91,0.8343137254901961
vehicle,grid,14,92,0.8343137254901961
vehicle,grid,14,93,0.8343137254901961
vehicle,grid,14,94,0.8343137254901961
vehicle,grid,14,95,0.8343137254901961
vehicle,grid,14,96,0.8343137254901961
vehicle,grid,14,97,0.8343137254901961
vehicle,grid,14,98,0.8343137254901961
vehicle,grid,14,99,0.8343137254901961
vehicle,grid,14,100,0.8343137254901961
vehicle,random,14,1,0.7100762527233115
vehicle,random,14,2,0.7957952069716775
vehicle,random,14,3,0.7957952069716775
vehicle,random,14,4,0.7957952069716775
vehicle,random,14,5,0.7957952069716775
vehicle,random,14,6,0.843169934640523
vehicle,random,14,7,0.843169934640523
vehicle,random,14,8,0.843169934640523
vehicle,random,14,9,0.843169934640523
vehicle,random,14,10,0.843169934640523
vehicle,random,14,11,0.843169934640523
vehicle,random,14,12,0.843169934640523
vehicle,random,14,13,0.843169934640523
vehicle,random,14,14,0.843169934640523
vehicle,random,14,15,0.843169934640523
vehicle,random,14,16,0.843169934640523
vehicle,random,14,17,0.843169934640523
vehicle,random,14,18,0.843169934640523
vehicle,random,14,19,0.843169934640523
vehicle,random,14,20,0.843169934640523
vehicle,random,14,21,0.843169934640523
vehicle,random,14,22,0.843169934640523
vehicle,random,14,23,0.843169934640523
vehicle,random,14,24,0.843169934640523
vehicle,random,14,25,0.843169934640523
vehicle,random,14,26,0.843169934640523
vehicle,random,14,27,0.843169934640523
vehicle,random,14,28,0.843169934640523
vehicle,random,14,29,0.843169934640523
vehicle,random,14,30,0.843169934640523
vehicle,random,14,31,0.843169934640523
vehicle,random,14,32,0.843169934640523
vehicle,random,14,33,0.843169934640523
vehicle,random,14,34,0.843169934640523
vehicle,random,14,35,0.843169934640523
vehicle,random,14,36,0.843169934640523
vehicle,random,14,37,0.843169934640523
vehicle,random,14,38,0.843169934640523
vehicle,random,14,39,0.843169934640523
vehicle,random,14,40,0.843169934640523
vehicle,random,14,41,0.843169934640523
vehicle,random,14,42,0.843169934640523
vehicle,random,14,43,0.843169934640523
vehicle,random,14,44,0.843169934640523
vehicle,random,14,45,0.843169934640523
vehicle,random,14,46,0.843169934640523
vehicle,random,14,47,0.843169934640523
vehicle,random,14,48,0.843169934640523
vehicle,random,14,49,0.843169934640523
vehicle,random,14,50,0.843169934640523
vehicle,random,14,51,0.843169934640523
vehicle,random,14,52,0.843169934640523
vehicle,random,14,53,0.843169934640523
vehicle,random,14,54,0.843169934640523
vehicle,random,14,55,0.843169934640523
vehicle,random,14,56,0.843169934640523
vehicle,random,14,57,0.843169934640523
vehicle,random,14,58,0.843169934640523
vehicle,random,14,59,0.843169934640523
vehicle,random,14,60,0.843169934640523
vehicle,random,14,61,0.843169934640523
vehicle,random,14,62,0.843169934640523
vehicle,random,14,63,0.843169934640523
vehicle,random,14,64,0.843169934640523
vehicle,random,14,65,0.843169934640523
vehicle,random,14,66,0.843169934640523
vehicle,random,14,67,0.843169934640523
vehicle,random,14,68,0.843169934640523
vehicle,random,14,69,0.843169934640523
vehicle,random,14,70,0.843169934640523
vehicle,random,14,71,0.843169934640523
vehicle,random,14,72,0.843169934640523
vehicle,random,14,73,0.843169934640523
vehicle,random,14,74,0.843169934640523
vehicle,random,14,75,0.843169934640523
vehicle,random,14,76,0.843169934640523
vehicle,random,14,77,0.843169934640523
vehicle,random,14,78,0.843169934640523
vehicle,random,14,79,0.843169934640523
vehicle,random,14,80,0.843169934640523
vehicle,random,14,81,0.843169934640523
vehicle,random,14,82,0.843169934640523
vehicle,random,14,83,0.843169934640523
vehicle,random,14,84,0.843169934640523
vehicle,random,14,85,0.843169934640523
vehicle,random,14,86,0.843169934640523
vehicle,random,14,87,0.843169934640523
vehicle,random,14,88,0.843169934640523
vehicle,random,14,89,0.843169934640523
vehicle,random,14,90,0.843169934640523
vehicle,random,14,91,0.843169934640523
vehicle,random,14,92,0.843169934640523
vehicle,random,14,93,0.843169934640523
vehicle,random,14,94,0.843169934640523
vehicle,random,14,95,0.843169934640523
vehicle,random,14,96,0.843169934640523
vehicle,random,14,97,0.843169934640523
vehicle,random,14,98,0.843169934640523
vehicle,random,14,99,0.843169934640523
vehicle,random,14,100,0.843169934640523
vehicle,bo_tpe,14,1,0.7100762527233115
vehicle,bo_tpe,14,2,0.7957952069716775
vehicle,bo_tpe,14,3,0.7957952069716775
vehicle,bo_tpe,14,4,0.7957952069716775
vehicle,bo_tpe,14,5,0.7957952069716775
vehicle,bo_tpe,14,6,0.843169934640523
vehicle,bo_tpe,14,7,0.843169934640523
vehicle,bo_tpe,14,8,0.843169934640523
vehicle,bo_tpe,14,9,0.843169934640523
vehicle,bo_tpe,14,10,0.843169934640523
vehicle,bo_tpe,14,11,0.843169934640523
vehicle,bo_tpe,14,12,0.843169934640523
vehicle,bo_tpe,14,13,0.843169934640523
vehicle,bo_tpe,14,14,0.843169934640523
vehicle,bo_tpe,14,15,0.843169934640523
vehicle,bo_tpe,14,16,0.843169934640523
vehicle,bo_tpe,14,17,0.843169934640523
vehicle,bo_tpe,14,18,0.843169934640523
vehicle,bo_tpe,14,19,0.843169934640523
vehicle,bo_tpe,14,20,0.843169934640523
vehicle,bo_tpe,14,21,0.843169934640523
vehicle,bo_tpe,14,22,0.8446514161220045
vehicle,bo_tpe,14,23,0.8446514161220045
vehicle,bo_tpe,14,24,0.8446514161220045
vehicle,bo_tpe,14,25,0.8446514161220045
vehicle,bo_tpe,14,26,0.8446514161220045
vehicle,bo_tpe,14,27,0.8446514161220045
vehicle,bo_tpe,14,28,0.8446514161220045
vehicle,bo_tpe,14,29,0.8446514161220045
vehicle,bo_tpe,14,30,0.8446514161220045
vehicle,bo_tpe,14,31,0.8446514161220045
vehicle,bo_tpe,14,32,0.8446514161220045
vehicle,bo_tpe,14,33,0.8446514161220045
vehicle,bo_tpe,14,34,0.8446514161220045
vehicle,bo_tpe,14,35,0.8446514161220045
vehicle,bo_tpe,14,36,0.8446514161220045
vehicle,bo_tpe,14,37,0.8446514161220045
vehicle,bo_tpe,14,38,0.8446514161220045
vehicle,bo_tpe,14,39,0.8446514161220045
vehicle,bo_tpe,14,40,0.8446514161220045
vehicle,bo_tpe,14,41,0.8446514161220045
vehicle,bo_tpe,14,42,0.8446514161220045
vehicle,bo_tpe,14,43,0.8446514161220045
vehicle,bo_tpe,14,44,0.8446514161220045
vehicle,bo_tpe,14,45,0.8446514161220045
vehicle,bo_tpe,14,46,0.8446514161220045
vehicle,bo_tpe,14,47,0.8446514161220045
vehicle,bo_tpe,14,48,0.8446514161220045
vehicle,bo_tpe,14,49,0.8446514161220045
vehicle,bo_tpe,14,50,0.8446514161220045
vehicle,bo_tpe,14,51,0.8446514161220045
vehicle,bo_tpe,14,52,0.8461328976034859
vehicle,bo_tpe,14,53,0.8461328976034859
vehicle,bo_tpe,14,54,0.8461328976034859
vehicle,bo_tpe,14,55,0.8461328976034859
vehicle,bo_tpe,14,56,0.8461328976034859
vehicle,bo_tpe,14,57,0.8461328976034859
vehicle,bo_tpe,14,58,0.8461328976034859
vehicle,bo_tpe,14,59,0.8461328976034859
vehicle,bo_tpe,14,60,0.8461328976034859
vehicle,bo_tpe,14,61,0.8461328976034859
vehicle,bo_tpe,14,62,0.8461328976034859
vehicle,bo_tpe,14,63,0.8461328976034859
vehicle,bo_tpe,14,64,0.8461328976034859
vehicle,bo_tpe,14,65,0.8461328976034859
vehicle,bo_tpe,14,66,0.8461328976034859
vehicle,bo_tpe,14,67,0.8461328976034859
vehicle,bo_tpe,14,68,0.8461328976034859
vehicle,bo_tpe,14,69,0.8461328976034859
vehicle,bo_tpe,14,70,0.8461328976034859
vehicle,bo_tpe,14,71,0.8461328976034859
vehicle,bo_tpe,14,72,0.8461328976034859
vehicle,bo_tpe,14,73,0.8461328976034859
vehicle,bo_tpe,14,74,0.8461328976034859
vehicle,bo_tpe,14,75,0.8461328976034859
vehicle,bo_tpe,14,76,0.8461328976034859
vehicle,bo_tpe,14,77,0.8461328976034859
vehicle,bo_tpe,14,78,0.8461328976034859
vehicle,bo_tpe,14,79,0.8461328976034859
vehicle,bo_tpe,14,80,0.8461328976034859
vehicle,bo_tpe,14,81,0.8461328976034859
vehicle,bo_tpe,14,82,0.8461328976034859
vehicle,bo_tpe,14,83,0.8461328976034859
vehicle,bo_tpe,14,84,0.8461328976034859
vehicle,bo_tpe,14,85,0.8461328976034859
vehicle,bo_tpe,14,86,0.8461328976034859
vehicle,bo_tpe,14,87,0.8461328976034859
vehicle,bo_tpe,14,88,0.8461328976034859
vehicle,bo_tpe,14,89,0.8461328976034859
vehicle,bo_tpe,14,90,0.8461328976034859
vehicle,bo_tpe,14,91,0.8461328976034859
vehicle,bo_tpe,14,92,0.8461328976034859
vehicle,bo_tpe,14,93,0.8461328976034859
vehicle,bo_tpe,14,94,0.8461328976034859
vehicle,bo_tpe,14,95,0.8461328976034859
vehicle,bo_tpe,14,96,0.8461328976034859
vehicle,bo_tpe,14,97,0.8461328976034859
vehicle,bo_tpe,14,98,0.8461328976034859
vehicle,bo_tpe,14,99,0.8461328976034859
vehicle,bo_tpe,14,100,0.8461328976034859
vehicle,pso,14,1,0.8327995642701526
vehicle,pso,14,2,0.8327995642701526
vehicle,pso,14,3,0.8327995642701526
vehicle,pso,14,4,0.8327995642701526
vehicle,pso,14,5,0.8327995642701526
vehicle,pso,14,6,0.8327995642701526
vehicle,pso,14,7,0.8327995642701526
vehicle,pso,14,8,0.8327995642701526
vehicle,pso,14,9,0.8327995642701526
vehicle,pso,14,10,0.8327995642701526
vehicle,pso,14,11,0.8327995642701526
vehicle,pso,14,12,0.8327995642701526
vehicle,pso,14,13,0.8327995642701526
vehicle,pso,14,14,0.8327995642701526
vehicle,pso,14,15,0.8327995642701526
vehicle,pso,14,16,0.8327995642701526
vehicle,pso,14,17,0.8327995642701526
vehicle,pso,14,18,0.8327995642701526
vehicle,pso,14,19,0.8327995642701526
vehicle,pso,14,20,0.8327995642701526
vehicle,pso,14,21,0.8327995642701526
vehicle,pso,14,22,0.8327995642701526
vehicle,pso,14,23,0.8327995642701526
vehicle,pso,14,24,0.8327995642701526
vehicle,pso,14,25,0.8328213507625272
vehicle,pso,14,26,0.8328213507625272
vehicle,pso,14,27,0.8328213507625272
vehicle,pso,14,28,0.8328213507625272
vehicle,pso,14,29,0.8328213507625272
vehicle,pso,14,30,0.8328213507625272
vehicle,pso,14,31,0.8328213507625272
vehicle,pso,14,32,0.8328213507625272
vehicle,pso,14,33,0.8328213507625272
vehicle,pso,14,34,0.8328213507625272
vehicle,pso,14,35,0.8328213507625272
vehicle,pso,14,36,0.8328213507625272
vehicle,pso,14,37,0.8328213507625272
vehicle,pso,14,38,0.8328213507625272
vehicle,pso,14,39,0.8328213507625272
vehicle,pso,14,40,0.8328213507625272
vehicle,pso,14,41,0.8328213507625272
vehicle,pso,14,42,0.8328213507625272
vehicle,pso,14,43,0.8328431372549019
vehicle,pso,14,44,0.8328431372549019
vehicle,pso,14,45,0.8357734204793029
vehicle,pso,14,46,0.8357734204793029
vehicle,pso,14,47,0.8357734204793029
vehicle,pso,14,48,0.8357734204793029
vehicle,pso,14,49,0.8357734204793029
vehicle,pso,14,50,0.8357734204793029
vehicle,pso,14,51,0.8357734204793029
vehicle,pso,14,52,0.8357734204793029
vehicle,pso,14,53,0.8357734204793029
vehicle,pso,14,54,0.8357734204793029
vehicle,pso,14,55,0.8357734204793029
vehicle,pso,14,56,0.8357734204793029
vehicle,pso,14,57,0.8357734204793029
vehicle,pso,14,58,0.8357734204793029
vehicle,pso,14,59,0.8357734204793029
vehicle,pso,14,60,0.8357734204793029
vehicle,pso,14,61,0.8357734204793029
vehicle,pso,14,62,0.8357734204793029
vehicle,pso,14,63,0.8357734204793029
vehicle,pso,14,64,0.8357734204793029
vehicle,pso,14,65,0.8357734204793029
vehicle,pso,14,66,0.8357734204793029
vehicle,pso,14,67,0.8357734204793029
vehicle,pso,14,68,0.8357734204793029
vehicle,pso,14,69,0.8357734204793029
vehicle,pso,14,70,0.8401960784313726
vehicle,pso,14,71,0.8401960784313726
vehicle,pso,14,72,0.8401960784313726
vehicle,pso,14,73,0.8401960784313726
vehicle,pso,14,74,0.8401960784313726
vehicle,pso,14,75,0.8401960784313726
vehicle,pso,14,76,0.8401960784313726
vehicle,pso,14,77,0.8401960784313726
vehicle,pso,14,78,0.8401960784313726
vehicle,pso,14,79,0.8401960784313726
vehicle,pso,14,80,0.8401960784313726
vehicle,pso,14,81,0.8401960784313726
vehicle,pso,14,82,0.8401960784313726
vehicle,pso,14,83,0.8417102396514162
vehicle,pso,14,84,0.8417102396514162
vehicle,pso,14,85,0.8446623093681918
vehicle,pso,14,86,0.8446623093681918
vehicle,pso,14,87,0.8446623093681918
vehicle,pso,14,88,0.8446623093681918
vehicle,pso,14,89,0.8446623093681918
vehicle,pso,14,90,0.8446623093681918
vehicle,pso,14,91,0.8446623093681918
vehicle,pso,14,92,0.8446623093681918
vehicle,pso,14,93,0.8446623093681918
vehicle,pso,14,94,0.8446623093681918
vehicle,pso,14,95,0.8446623093681918
vehicle,pso,14,96,0.8446623093681918
vehicle,pso,14,97,0.8446623093681918
vehicle,pso,14,98,0.8446623093681918
vehicle,pso,14,99,0.8446623093681918
vehicle,pso,14,100,0.8446623093681918
vehicle,de,14,1,0.8401960784313726
vehicle,de,14,2,0.8401960784313726
vehicle,de,14,3,0.8401960784313726
vehicle,de,14,4,0.8401960784313726
vehicle,de,14,5,0.8401960784313726
vehicle,de,14,6,0.8401960784313726
vehicle,de,14,7,0.8401960784313726
vehicle,de,14,8,0.8401960784313726
vehicle,de,14,9,0.8401960784313726
vehicle,de,14,10,0.8401960784313726
vehicle,de,14,11,0.8401960784313726
vehicle,de,14,12,0.8401960784313726
vehicle,de,14,13,0.8401960784313726
vehicle,de,14,14,0.8401960784313726
vehicle,de,14,15,0.8401960784313726
vehicle,de,14,16,0.8401960784313726
vehicle,de,14,17,0.8401960784313726
vehicle,de,14,18,0.8401960784313726
vehicle,de,14,19,0.8401960784313726
vehicle,de,14,20,0.8401960784313726
vehicle,de,14,21,0.8446623093681918
vehicle,de,14,22,0.8446623093681918
vehicle,de,14,23,0.8446623093681918
vehicle,de,14,24,0.8446623093681918
vehicle,de,14,25,0.8446623093681918
vehicle,de,14,26,0.8446623093681918
vehicle,de,14,27,0.8446623093681918
vehicle,de,14,28,0.8446623093681918
vehicle,de,14,29,0.8446623093681918
vehicle,de,14,30,0.8446623093681918
vehicle,de,14,31,0.8446623093681918
vehicle,de,14,32,0.8446623093681918
vehicle,de,14,33,0.8446623093681918
vehicle,de,14,34,0.8446623093681918
vehicle,de,14,35,0.8446623093681918
vehicle,de,14,36,0.8446623093681918
vehicle,de,14,37,0.8446623093681918
vehicle,de,14,38,0.8446623093681918
vehicle,de,14,39,0.8446623093681918
vehicle,de,14,40,0.8446623093681918
vehicle,de,14,41,0.8446623093681918
vehicle,de,14,42,0.8446623093681918
vehicle,de,14,43,0.8446623093681918
vehicle,de,14,44,0.8446623093681918
vehicle,de,14,45,0.8446623093681918
vehicle,de,14,46,0.8446623093681918
vehicle,de,14,47,0.8446623093681918
vehicle,de,14,48,0.8446623093681918
vehicle,de,14,49,0.8446623093681918
vehicle,de,14,50,0.8446623093681918
vehicle,de,14,51,0.8446623093681918
vehicle,de,14,52,0.8446623093681918
vehicle,de,14,53,0.8446623093681918
vehicle,de,14,54,0.8446623093681918
vehicle,de,14,55,0.8446623093681918
vehicle,de,14,56,0.8446623093681918
vehicle,de,14,57,0.8446623093681918
vehicle,de,14,58,0.8446623093681918
vehicle,de,14,59,0.8446623093681918
vehicle,de,14,60,0.8446623093681918
vehicle,de,14,61,0.8446623093681918
vehicle,de,14,62,0.8446623093681918
vehicle,de,14,63,0.8446623093681918
vehicle,de,14,64,0.8446623093681918
vehicle,de,14,65,0.8446623093681918
vehicle,de,14,66,0.8446623093681918
vehicle,de,14,67,0.8446623093681918
vehicle,de,14,68,0.8446623093681918
vehicle,de,14,69,0.8446623093681918
vehicle,de,14,70,0.8446623093681918
vehicle,de,14,71,0.8446623093681918
vehicle,de,14,72,0.8446623093681918
vehicle,de,14,73,0.8446623093681918
vehicle,de,14,74,0.8446623093681918
vehicle,de,14,75,0.8446623093681918
vehicle,de,14,76,0.8446623093681918
vehicle,de,14,77,0.8446623093681918
vehicle,de,14,78,0.8461328976034859
vehicle,de,14,79,0.8461328976034859
vehicle,de,14,80,0.8461328976034859
vehicle,de,14,81,0.8461328976034859
vehicle,de,14,82,0.8461328976034859
vehicle,de,14,83,0.8461328976034859
vehicle,de,14,84,0.8461328976034859
vehicle,de,14,85,0.8461328976034859
vehicle,de,14,86,0.8461328976034859
vehicle,de,14,87,0.8461328976034859
vehicle,de,14,88,0.8461328976034859
vehicle,de,14,89,0.8461328976034859
vehicle,de,14,90,0.8461328976034859
vehicle,de,14,91,0.8461328976034859
vehicle,de,14,92,0.8461328976034859
vehicle,de,14,93,0.8461328976034859
vehicle,de,14,94,0.8461328976034859
vehicle,de,14,95,0.8461328976034859
vehicle,de,14,96,0.8461328976034859
vehicle,de,14,97,0.8461328976034859
vehicle,de,14,98,0.8461328976034859
vehicle,de,14,99,0.8461328976034859
vehicle,de,14,100,0.8461328976034859
vehicle,ga,14,1,0.8401960784313726
vehicle,ga,14,2,0.8401960784313726
vehicle,ga,14,3,0.8401960784313726
vehicle,ga,14,4,0.8401960784313726
vehicle,ga,14,5,0.8401960784313726
vehicle,ga,14,6,0.8401960784313726
vehicle,ga,14,7,0.8401960784313726
vehicle,ga,14,8,0.8401960784313726
vehicle,ga,14,9,0.8401960784313726
vehicle,ga,14,10,0.8401960784313726
vehicle,ga,14,11,0.8401960784313726
vehicle,ga,14,12,0.8401960784313726
vehicle,ga,14,13,0.8401960784313726
vehicle,ga,14,14,0.8401960784313726
vehicle,ga,14,15,0.8401960784313726
vehicle,ga,14,16,0.8401960784313726
vehicle,ga,14,17,0.8401960784313726
vehicle,ga,14,18,0.8401960784313726
vehicle,ga,14,19,0.8401960784313726
vehicle,ga,14,20,0.8401960784313726
vehicle,ga,14,21,0.8401960784313726
vehicle,ga,14,22,0.8401960784313726
vehicle,ga,14,23,0.8401960784313726
vehicle,ga,14,24,0.8401960784313726
vehicle,ga,14,25,0.8401960784313726
vehicle,ga,14,26,0.8401960784313726
vehicle,ga,14,27,0.8401960784313726
vehicle,ga,14,28,0.8401960784313726
vehicle,ga,14,29,0.8402178649237472
vehicle,ga,14,30,0.8402178649237472
vehicle,ga,14,31,0.8402178649237472
vehicle,ga,14,32,0.8402178649237472
vehicle,ga,14,33,0.8402178649237472
vehicle,ga,14,34,0.8402178649237472
vehicle,ga,14,35,0.8402178649237472
vehicle,ga,14,36,0.8402178649237472
vehicle,ga,14,37,0.8402178649237472
vehicle,ga,14,38,0.8402178649237472
vehicle,ga,14,39,0.8402178649237472
vehicle,ga,14,40,0.8402178649237472
vehicle,ga,14,41,0.8402178649237472
vehicle,ga,14,42,0.8402178649237472
vehicle,ga,14,43,0.8402178649237472
vehicle,ga,14,44,0.8402178649237472
vehicle,ga,14,45,0.8402178649237472
vehicle,ga,14,46,0.8402178649237472
vehicle,ga,14,47,0.8402178649237472
vehicle,ga,14,48,0.8402178649237472
vehicle,ga,14,49,0.8402178649237472
vehicle,ga,14,50,0.8402178649237472
vehicle,ga,14,51,0.8431699346405228
vehicle,ga,14,52,0.8431699346405228
vehicle,ga,14,53,0.8431699346405228
vehicle,ga,14,54,0.8431699346405228
vehicle,ga,14,55,0.8431699346405228
vehicle,ga,14,56,0.8431699346405228
vehicle,ga,14,57,0.8431699346405228
vehicle,ga,14,58,0.8431699346405228
vehicle,ga,14,59,0.8431699346405228
vehicle,ga,14,60,0.8431699346405228
vehicle,ga,14,61,0.8431699346405228
vehicle,ga,14,62,0.8431699346405228
vehicle,ga,14,63,0.8431699346405228
vehicle,ga,14,64,0.8431699346405228
vehicle,ga,14,65,0.8431699346405228
vehicle,ga,14,66,0.8431699346405228
vehicle,ga,14,67,0.8431699346405228
vehicle,ga,14,68,0.8431699346405228
vehicle,ga,14,69,0.8431699346405228
vehicle,ga,14,70,0.8431699346405228
vehicle,ga,14,71,0.8431699346405228
vehicle,ga,14,72,0.8431699346405228
vehicle,ga,14,73,0.8431699346405228
vehicle,ga,14,74,0.8431699346405228
vehicle,ga,14,75,0.8431699346405228
vehicle,ga,14,76,0.8431699346405228
vehicle,ga,14,77,0.8431699346405228
vehicle,ga,14,78,0.8431699346405228
vehicle,ga,14,79,0.8431699346405228
vehicle,ga,14,80,0.8431699346405228
vehicle,ga,14,81,0.8431699346405228
vehicle,ga,14,82,0.8431699346405228
vehicle,ga,14,83,0.8431699346405228
vehicle,ga,14,84,0.8431699346405228
vehicle,ga,14,85,0.8431699346405228
vehicle,ga,14,86,0.8431699346405228
vehicle,ga,14,87,0.8431699346405228
vehicle,ga,14,88,0.8431699346405228
vehicle,ga,14,89,0.843169934640523
vehicle,ga,14,90,0.843169934640523
vehicle,ga,14,91,0.843169934640523
vehicle,ga,14,92,0.843169934640523
vehicle,ga,14,93,0.843169934640523
vehicle,ga,14,94,0.843169934640523
vehicle,ga,14,95,0.8431808278867102
vehicle,ga,14,96,0.8431808278867102
vehicle,ga,14,97,0.8431808278867102
vehicle,ga,14,98,0.8431808278867102
vehicle,ga,14,99,0.8431808278867102
vehicle,ga,14,100,0.8431808278867102
vehicle,grid,15,1,0.2899891067538126
vehicle,grid,15,2,0.2899891067538126
vehicle,grid,15,3,0.2929520697167756
vehicle,grid,15,4,0.2929520697167756
vehicle,grid,15,5,0.2929520697167756
vehicle,grid,15,6,0.3904357298474945
vehicle,grid,15,7,0.4200980392156863
vehicle,grid,15,8,0.4200980392156863
vehicle,grid,15,9,0.4200980392156863
vehicle,grid,15,10,0.4200980392156863
vehicle,grid,15,11,0.4200980392156863
vehicle,grid,15,12,0.4200980392156863
vehicle,grid,15,13,0.4200980392156863
vehicle,grid,15,14,0.4200980392156863
vehicle,grid,15,15,0.5118627450980392
vehicle,grid,15,16,0.6256971677559913
vehicle,grid,15,17,0.6834640522875818
vehicle,grid,15,18,0.6834640522875818
vehicle,grid,15,19,0.6834640522875818
vehicle,grid,15,20,0.6834640522875818
vehicle,grid,15,21,0.6834640522875818
vehicle,grid,15,22,0.6834640522875818
vehicle,grid,15,23,0.6834640522875818
vehicle,grid,15,24,0.6834640522875818
vehicle,grid,15,25,0.6834640522875818
vehicle,grid,15,26,0.7263507625272331
vehicle,grid,15,27,0.7411328976034859
vehicle,grid,15,28,0.7411328976034859
vehicle,grid,15,29,0.7411328976034859
vehicle,grid,15,30,0.7411328976034859
vehicle,grid,15,31,0.7411328976034859
vehicle,grid,15,32,0.7411328976034859
vehicle,grid,15,33,0.7411328976034859
vehicle,grid,15,34,0.7411328976034859
vehicle,grid,15,35,0.7426252723311546
vehicle,grid,15,36,0.79
vehicle,grid,15,37,0.79
vehicle,grid,15,38,0.79
vehicle,grid,15,39,0.79
vehicle,grid,15,40,0.79
vehicle,grid,15,41,0.79
vehicle,grid,15,42,0.79
vehicle,grid,15,43,0.79
vehicle,grid,15,44,0.79
vehicle,grid,15,45,0.8003159041394335
vehicle,grid,15,46,0.8299346405228759
vehicle,grid,15,47,0.8299346405228759
vehicle,grid,15,48,0.8299346405228759
vehicle,grid,15,49,0.8299346405228759
vehicle,grid,15,50,0.8299346405228759
vehicle,grid,15,51,0.8299346405228759
vehicle,grid,15,52,0.8299346405228759
vehicle,grid,15,53,0.8299346405228759
vehicle,grid,15,54,0.8299346405228759
vehicle,grid,15,55,0.8299346405228759
vehicle,grid,15,56,0.8505882352941176
vehicle,grid,15,57,0.8505882352941176
vehicle,grid,15,58,0.8505882352941176
vehicle,grid,15,59,0.8505882352941176
vehicle,grid,15,60,0.8505882352941176
vehicle,grid,15,61,0.8505882352941176
vehicle,grid,15,62,0.8505882352941176
vehicle,grid,15,63,0.8505882352941176
vehicle,grid,15,64,0.8505882352941176
vehicle,grid,15,65,0.8506100217864923
vehicle,grid,15,66,0.8506100217864923
vehicle,grid,15,67,0.8506100217864923
vehicle,grid,15,68,0.8506100217864923
vehicle,grid,15,69,0.8506100217864923
vehicle,grid,15,70,0.8506100217864923
vehicle,grid,15,71,0.8506100217864923
vehicle,grid,15,72,0.8506100217864923
vehicle,grid,15,73,0.8506100217864923
vehicle,grid,15,74,0.8506100217864923
vehicle,grid,15,75,0.8506100217864923
vehicle,grid,15,76,0.8506100217864923
vehicle,grid,15,77,0.8506100217864923
vehicle,grid,15,78,0.8506100217864923
vehicle,grid,15,79,0.8506100217864923
vehicle,grid,15,80,0.8506100217864923
vehicle,grid,15,81,0.8506100217864923
vehicle,grid,15,82,0.8506100217864923
vehicle,grid,15,83,0.8506100217864923
vehicle,grid,15,84,0.8506100217864923
vehicle,grid,15,85,0.8506100217864923
vehicle,grid,15,86,0.8506100217864923
vehicle,grid,15,87,0.8506100217864923
vehicle,grid,15,88,0.8506100217864923
vehicle,grid,15,89,0.8506100217864923
vehicle,grid,15,90,0.8506100217864923
vehicle,grid,15,91,0.8506100217864923
vehicle,grid,15,92,0.8506100217864923
vehicle,grid,15,93,0.8506100217864923
vehicle,grid,15,94,0.8506100217864923
vehicle,grid,15,95,0.8506100217864923
vehicle,grid,15,96,0.8506100217864923
vehicle,grid,15,97,0.8506100217864923
vehicle,grid,15,98,0.8506100217864923
vehicle,grid,15,99,0.8506100217864923
vehicle,grid,15,100,0.8506100217864923
vehicle,random,15,1,0.8092047930283224
vehicle,random,15,2,0.8092047930283224
vehicle,random,15,3,0.8092047930283224
vehicle,random,15,4,0.8092047930283224
vehicle,random,15,5,0.8092047930283224
vehicle,random,15,6,0.8240305010893246
vehicle,random,15,7,0.8240305010893246
vehicle,random,15,8,0.8240305010893246
vehicle,random,15,9,0.8240305010893246
vehicle,random,15,10,0.8240305010893246
vehicle,random,15,11,0.841764705882353
vehicle,random,15,12,0.8535511982570807
vehicle,random,15,13,0.8535511982570807
vehicle,random,15,14,0.8535511982570807
vehicle,random,15,15,0.8535511982570807
vehicle,random,15,16,0.8535511982570807
vehicle,random,15,17,0.8535511982570807
vehicle,random,15,18,0.8535511982570807
vehicle,random,15,19,0.8535511982570807
vehicle,random,15,20,0.8535511982570807
vehicle,random,15,21,0.8535511982570807
vehicle,random,15,22,0.8535511982570807
vehicle,random,15,23,0.8535511982570807
vehicle,random,15,24,0.8535511982570807
vehicle,random,15,25,0.8535511982570807
vehicle,random,15,26,0.8535511982570807
vehicle,random,15,27,0.8535511982570807
vehicle,random,15,28,0.8535511982570807
vehicle,random,15,29,0.8535511982570807
vehicle,random,15,30,0.8535511982570807
vehicle,random,15,31,0.8535511982570807
vehicle,random,15,32,0.8535511982570807
vehicle,random,15,33,0.8535511982570807
vehicle,random,15,34,0.8535511982570807
vehicle,random,15,35,0.8535511982570807
vehicle,random,15,36,0.8535511982570807
vehicle,random,15,37,0.8535511982570807
vehicle,random,15,38,0.8535511982570807
vehicle,random,15,39,0.8535511982570807
vehicle,random,15,40,0.8535511982570807
vehicle,random,15,41,0.8535511982570807
vehicle,random,15,42,0.8535511982570807
vehicle,random,15,43,0.8535511982570807
vehicle,random,15,44,0.8535511982570807
vehicle,random,15,45,0.8535511982570807
vehicle,random,15,46,0.8535511982570807
vehicle,random,15,47,0.8535511982570807
vehicle,random,15,48,0.8535511982570807
vehicle,random,15,49,0.8535511982570807
vehicle,random,15,50,0.8535511982570807
vehicle,random,15,51,0.8535511982570807
vehicle,random,15,52,0.8535511982570807
vehicle,random,15,53,0.8535511982570807
vehicle,random,15,54,0.8535511982570807
vehicle,random,15,55,0.8535511982570807
vehicle,random,15,56,0.8535511982570807
vehicle,random,15,57,0.8535511982570807
vehicle,random,15,58,0.8535511982570807
vehicle,random,15,59,0.8535511982570807
vehicle,random,15,60,0.8535511982570807
vehicle,random,15,61,0.8535511982570807
vehicle,random,15,62,0.8535511982570807
vehicle,random,15,63,0.8535511982570807
vehicle,random,15,64,0.8535511982570807
vehicle,random,15,65,0.8535511982570807
vehicle,random,15,66,0.8535511982570807
vehicle,random,15,67,0.8535511982570807
vehicle,random,15,68,0.8535511982570807
vehicle,random,15,69,0.8535511982570807
vehicle,random,15,70,0.8535511982570807
vehicle,random,15,71,0.8535511982570807
vehicle,random,15,72,0.8535511982570807
vehicle,random,15,73,0.8535511982570807
vehicle,random,15,74,0.8535511982570807
vehicle,random,15,75,0.8535511982570807
vehicle,random,15,76,0.8535511982570807
vehicle,random,15,77,0.8535511982570807
vehicle,random,15,78,0.8535511982570807
vehicle,random,15,79,0.8535511982570807
vehicle,random,15,80,0.8535511982570807
vehicle,random,15,81,0.8535511982570807
vehicle,random,15,82,0.8535511982570807
vehicle,random,15,83,0.8535511982570807
vehicle,random,15,84,0.8535511982570807
vehicle,random,15,85,0.8535511982570807
vehicle,random,15,86,0.8535511982570807
vehicle,random,15,87,0.8535511982570807
vehicle,random,15,88,0.8535511982570807
vehicle,random,15,89,0.8535511982570807
vehicle,random,15,90,0.8535511982570807
vehicle,random,15,91,0.8535511982570807
vehicle,random,15,92,0.8535511982570807
vehicle,random,15,93,0.8535511982570807
vehicle,random,15,94,0.8535511982570807
vehicle,random,15,95,0.8535511982570807
vehicle,random,15,96,0.8535511982570807
vehicle,random,15,97,0.8535511982570807
vehicle,random,15,98,0.8535511982570807
vehicle,random,15,99,0.8535511982570807
vehicle,random,15,100,0.8535511982570807
vehicle,bo_tpe,15,1,0.8092047930283224
vehicle,bo_tpe,15,2,0.8092047930283224
vehicle,bo_tpe,15,3,0.8092047930283224
vehicle,bo_tpe,15,4,0.8092047930283224
vehicle,bo_tpe,15,5,0.8092047930283224
vehicle,bo_tpe,15,6,0.8240305010893246
vehicle,bo_tpe,15,7,0.8240305010893246
vehicle,bo_tpe,15,8,0.8240305010893246
vehicle,bo_tpe,15,9,0.8240305010893246
vehicle,bo_tpe,15,10,0.8240305010893246
vehicle,bo_tpe,15,11,0.8240305010893246
vehicle,bo_tpe,15,12,0.8431917211328976
vehicle,bo_tpe,15,13,0.8431917211328976
vehicle,bo_tpe,15,14,0.8431917211328976
vehicle,bo_tpe,15,15,0.8431917211328976
vehicle,bo_tpe,15,16,0.8431917211328976
vehicle,bo_tpe,15,17,0.8431917211328976
vehicle,bo_tpe,15,18,0.8431917211328976
vehicle,bo_tpe,15,19,0.8431917211328976
vehicle,bo_tpe,15,20,0.8461764705882354
vehicle,bo_tpe,15,21,0.8461764705882354
vehicle,bo_tpe,15,22,0.8461764705882354
vehicle,bo_tpe,15,23,0.8491285403050108
vehicle,bo_tpe,15,24,0.8491285403050108
vehicle,bo_tpe,15,25,0.8491285403050108
vehicle,bo_tpe,15,26,0.8491285403050108
vehicle,bo_tpe,15,27,0.8491285403050108
vehicle,bo_tpe,15,28,0.8491285403050108
vehicle,bo_tpe,15,29,0.8491285403050108
vehicle,bo_tpe,15,30,0.8491285403050108
vehicle,bo_tpe,15,31,0.8491285403050108
vehicle,bo_tpe,15,32,0.8491285403050111
vehicle,bo_tpe,15,33,0.8491285403050111
vehicle,bo_tpe,15,34,0.8491285403050111
vehicle,bo_tpe,15,35,0.8491285403050111
vehicle,bo_tpe,15,36,0.8491285403050111
vehicle,bo_tpe,15,37,0.8491285403050111
vehicle,bo_tpe,15,38,0.8535511982570807
vehicle,bo_tpe,15,39,0.8535511982570807
vehicle,bo_tpe,15,40,0.8535511982570807
vehicle,bo_tpe,15,41,0.8535511982570807
vehicle,bo_tpe,15,42,0.8535511982570807
vehicle,bo_tpe,15,43,0.8535511982570807
vehicle,bo_tpe,15,44,0.8535511982570807
vehicle,bo_tpe,15,45,0.8535511982570807
vehicle,bo_tpe,15,46,0.8535511982570807
vehicle,bo_tpe,15,47,0.8535511982570807
vehicle,bo_tpe,15,48,0.8535511982570807
vehicle,bo_tpe,15,49,0.8535511982570807
vehicle,bo_tpe,15,50,0.8535511982570807
vehicle,bo_tpe,15,51,0.8535511982570807
vehicle,bo_tpe,15,52,0.8535511982570807
vehicle,bo_tpe,15,53,0.8535511982570807
vehicle,bo_tpe,15,54,0.8535511982570807
vehicle,bo_tpe,15,55,0.8535511982570807
vehicle,bo_tpe,15,56,0.8535511982570807
vehicle,bo_tpe,15,57,0.8535511982570807
vehicle,bo_tpe,15,58,0.8535511982570807
vehicle,bo_tpe,15,59,0.8535511982570807
vehicle,bo_tpe,15,60,0.8535838779956426
vehicle,bo_tpe,15,61,0.8535838779956426
vehicle,bo_tpe,15,62,0.8535838779956426
vehicle,bo_tpe,15,63,0.8535838779956426
vehicle,bo_tpe,15,64,0.8535838779956426
vehicle,bo_tpe,15,65,0.8535838779956426
vehicle,bo_tpe,15,66,0.8535838779956426
vehicle,bo_tpe,15,67,0.8535838779956426
vehicle,bo_tpe,15,68,0.8535838779956426
vehicle,bo_tpe,15,69,0.8535838779956426
vehicle,bo_tpe,15,70,0.8535838779956426
vehicle,bo_tpe,15,71,0.8535838779956426
vehicle,bo_tpe,15,72,0.8535838779956426
vehicle,bo_tpe,15,73,0.8535838779956426
vehicle,bo_tpe,15,74,0.8535838779956426
vehicle,bo_tpe,15,75,0.8535838779956426
vehicle,bo_tpe,15,76,0.8535838779956426
vehicle,bo_tpe,15,77,0.8535838779956426
vehicle,bo_tpe,15,78,0.8535838779956426
vehicle,bo_tpe,15,79,0.8535838779956426
vehicle,bo_tpe,15,80,0.8535838779956426
vehicle,bo_tpe,15,81,0.8535838779956426
vehicle,bo_tpe,15,82,0.8535838779956426
vehicle,bo_tpe,15,83,0.8535838779956426
vehicle,bo_tpe,15,84,0.8535838779956426
vehicle,bo_tpe,15,85,0.8535838779956426
vehicle,bo_tpe,15,86,0.8535838779956426
vehicle,bo_tpe,15,87,0.8535838779956426
vehicle,bo_tpe,15,88,0.8535838779956426
vehicle,bo_tpe,15,89,0.8535838779956426
vehicle,bo_tpe,15,90,0.8535838779956426
vehicle,bo_tpe,15,91,0.8535838779956426
vehicle,bo_tpe,15,92,0.8535838779956426
vehicle,bo_tpe,15,93,0.8535838779956426
vehicle,bo_tpe,15,94,0.8535838779956426
vehicle,bo_tpe,15,95,0.8535838779956426
vehicle,bo_tpe,15,96,0.8535838779956426
vehicle,bo_tpe,15,97,0.8535838779956426
vehicle,bo_tpe,15,98,0.8535838779956426
vehicle,bo_tpe,15,99,0.8535838779956426
vehicle,bo_tpe,15,100,0.8535838779956426
vehicle,pso,15,1,0.4407843137254902
vehicle,pso,15,2,0.7308169934640523
vehicle,pso,15,3,0.7308169934640523
vehicle,pso,15,4,0.7308169934640523
vehicle,pso,15,5,0.7308169934640523
vehicle,pso,15,6,0.7308169934640523
vehicle,pso,15,7,0.7308169934640523
vehicle,pso,15,8,0.7677995642701526
vehicle,pso,15,9,0.7677995642701526
vehicle,pso,15,10,0.7677995642701526
vehicle,pso,15,11,0.8387581699346406
vehicle,pso,15,12,0.8387581699346406
vehicle,pso,15,13,0.8387581699346406
vehicle,pso,15,14,0.8387581699346406
vehicle,pso,15,15,0.8387581699346406
vehicle,pso,15,16,0.8387581699346406
vehicle,pso,15,17,0.8387581699346406
vehicle,pso,15,18,0.8387581699346406
vehicle,pso,15,19,0.8387581699346406
vehicle,pso,15,20,0.8417538126361656
vehicle,pso,15,21,0.8417538126361656
vehicle,pso,15,22,0.8417538126361656
vehicle,pso,15,23,0.8417538126361656
vehicle,pso,15,24,0.8417538126361656
vehicle,pso,15,25,0.8417538126361656
vehicle,pso,15,26,0.8417538126361656
vehicle,pso,15,27,0.8417538126361656
vehicle,pso,15,28,0.8417538126361656
vehicle,pso,15,29,0.8417538126361656
vehicle,pso,15,30,0.8417538126361656
vehicle,pso,15,31,0.8417538126361656
vehicle,pso,15,32,0.8417538126361656
vehicle,pso,15,33,0.8417538126361656
vehicle,pso,15,34,0.8417538126361656
vehicle,pso,15,35,0.8417538126361656
vehicle,pso,15,36,0.8417538126361656
vehicle,pso,15,37,0.8417538126361656
vehicle,pso,15,38,0.8417538126361656
vehicle,pso,15,39,0.8417538126361656
vehicle,pso,15,40,0.8417538126361656
vehicle,pso,15,41,0.8491067538126362
vehicle,pso,15,42,0.8491067538126362
vehicle,pso,15,43,0.8505991285403051
vehicle,pso,15,44,0.8505991285403051
vehicle,pso,15,45,0.8505991285403051
vehicle,pso,15,46,0.8505991285403051
vehicle,pso,15,47,0.8505991285403051
vehicle,pso,15,48,0.8505991285403051
vehicle,pso,15,49,0.8505991285403051
vehicle,pso,15,50,0.8505991285403051
vehicle,pso,15,51,0.8505991285403051
vehicle,pso,15,52,0.8505991285403051
vehicle,pso,15,53,0.8505991285403051
vehicle,pso,15,54,0.8505991285403051
vehicle,pso,15,55,0.8505991285403051
vehicle,pso,15,56,0.8505991285403051
vehicle,pso,15,57,0.8505991285403051
vehicle,pso,15,58,0.8505991285403051
vehicle,pso,15,59,0.8505991285403051
vehicle,pso,15,60,0.8505991285403051
vehicle,pso,15,61,0.8505991285403051
vehicle,pso,15,62,0.8505991285403051
vehicle,pso,15,63,0.8505991285403051
vehicle,pso,15,64,0.8505991285403051
vehicle,pso,15,65,0.8565141612200436
vehicle,pso,15,66,0.8565141612200436
vehicle,pso,15,67,0.8565141612200436
vehicle,pso,15,68,0.8565141612200436
vehicle,pso,15,69,0.8565141612200436
vehicle,pso,15,70,0.8565141612200436
vehicle,pso,15,71,0.8565141612200436
vehicle,pso,15,72,0.8565141612200436
vehicle,pso,15,73,0.8565141612200436
vehicle,pso,15,74,0.8565141612200436
vehicle,pso,15,75,0.8565141612200436
vehicle,pso,15,76,0.8565141612200436
vehicle,pso,15,77,0.8565141612200436
vehicle,pso,15,78,0.8565141612200436
vehicle,pso,15,79,0.8565141612200436
vehicle,pso,15,80,0.8565141612200436
vehicle,pso,15,81,0.8565141612200436
vehicle,pso,15,82,0.8565141612200436
vehicle,pso,15,83,0.8565141612200436
vehicle,pso,15,84,0.8565141612200436
vehicle,pso,15,85,0.8565141612200436
vehicle,pso,15,86,0.8565141612200436
vehicle,pso,15,87,0.8565141612200436
vehicle,pso,15,88,0.8565141612200436
vehicle,pso,15,89,0.8565141612200436
vehicle,pso,15,90,0.8565141612200436
vehicle,pso,15,91,0.8565141612200436
vehicle,pso,15,92,0.8565141612200436
vehicle,pso,15,93,0.8565141612200436
vehicle,pso,15,94,0.8565141612200436
vehicle,pso,15,95,0.8565141612200436
vehicle,pso,15,96,0.8565141612200436
vehicle,pso,15,97,0.8565141612200436
vehicle,pso,15,98,0.8565141612200436
vehicle,pso,15,99,0.8565141612200436
vehicle,pso,15,100,0.8565141612200436
vehicle,de,15,1,0.6672222222222223
vehicle,de,15,2,0.6672222222222223
vehicle,de,15,3,0.7248910675381264
vehicle,de,15,4,0.8490958605664488
vehicle,de,15,5,0.8490958605664488
vehicle,de,15,6,0.8490958605664488
vehicle,de,15,7,0.8490958605664488
vehicle,de,15,8,0.8490958605664488
vehicle,de,15,9,0.8490958605664488
vehicle,de,15,10,0.8490958605664488
vehicle,de,15,11,0.8490958605664488
vehicle,de,15,12,0.8490958605664488
vehicle,de,15,13,0.8490958605664488
vehicle,de,15,14,0.8490958605664488
vehicle,de,15,15,0.8490958605664488
vehicle,de,15,16,0.8490958605664488
vehicle,de,15,17,0.8490958605664488
vehicle,de,15,18,0.8490958605664488
vehicle,de,15,19,0.8490958605664488
vehicle,de,15,20,0.8490958605664488
vehicle,de,15,21,0.8490958605664488
vehicle,de,15,22,0.8490958605664488
vehicle,de,15,23,0.8490958605664488
vehicle,de,15,24,0.8490958605664488
vehicle,de,15,25,0.8490958605664488
vehicle,de,15,26,0.8490958605664488
vehicle,de,15,27,0.8490958605664488
vehicle,de,15,28,0.8490958605664488
vehicle,de,15,29,0.8490958605664488
vehicle,de,15,30,0.8490958605664488
vehicle,de,15,31,0.8490958605664488
vehicle,de,15,32,0.8490958605664488
vehicle,de,15,33,0.8490958605664488
vehicle,de,15,34,0.8490958605664488
vehicle,de,15,35,0.8490958605664488
vehicle,de,15,36,0.8490958605664488
vehicle,de,15,37,0.8490958605664488
vehicle,de,15,38,0.8490958605664488
vehicle,de,15,39,0.8490958605664488
vehicle,de,15,40,0.8490958605664488
vehicle,de,15,41,0.8490958605664488
vehicle,de,15,42,0.8490958605664488
vehicle,de,15,43,0.8490958605664488
vehicle,de,15,44,0.8490958605664488
vehicle,de,15,45,0.8490958605664488
vehicle,de,15,46,0.8490958605664488
vehicle,de,15,47,0.8490958605664488
vehicle,de,15,48,0.8490958605664488
vehicle,de,15,49,0.8490958605664488
vehicle,de,15,50,0.8490958605664488
vehicle,de,15,51,0.8490958605664488
vehicle,de,15,52,0.8490958605664488
vehicle,de,15,53,0.8505991285403051
vehicle,de,15,54,0.8505991285403051
vehicle,de,15,55,0.8505991285403051
vehicle,de,15,56,0.8505991285403051
vehicle,de,15,57,0.8505991285403051
vehicle,de,15,58,0.8505991285403051
vehicle,de,15,59,0.8505991285403051
vehicle,de,15,60,0.8505991285403051
vehicle,de,15,61,0.8505991285403051
vehicle,de,15,62,0.8505991285403051
vehicle,de,15,63,0.8505991285403051
vehicle,de,15,64,0.852124183006536
vehicle,de,15,65,0.852124183006536
vehicle,de,15,66,0.852124183006536
vehicle,de,15,67,0.852124183006536
vehicle,de,15,68,0.852124183006536
vehicle,de,15,69,0.852124183006536
vehicle,de,15,70,0.852124183006536
vehicle,de,15,71,0.852124183006536
vehicle,de,15,72,0.852124183006536
vehicle,de,15,73,0.852124183006536
vehicle,de,15,74,0.852124183006536
vehicle,de,15,75,0.852124183006536
vehicle,de,15,76,0.852124183006536
vehicle,de,15,77,0.852124183006536
vehicle,de,15,78,0.852124183006536
vehicle,de,15,79,0.852124183006536
vehicle,de,15,80,0.852124183006536
vehicle,de,15,81,0.852124183006536
vehicle,de,15,82,0.852124183006536
vehicle,de,15,83,0.852124183006536
vehicle,de,15,84,0.852124183006536
vehicle,de,15,85,0.852124183006536
vehicle,de,15,86,0.852124183006536
vehicle,de,15,87,0.852124183006536
vehicle,de,15,88,0.852124183006536
vehicle,de,15,89,0.852124183006536
vehicle,de,15,90,0.852124183006536
vehicle,de,15,91,0.852124183006536
vehicle,de,15,92,0.852124183006536
vehicle,de,15,93,0.852124183006536
vehicle,de,15,94,0.852124183006536
vehicle,de,15,95,0.852124183006536
vehicle,de,15,96,0.852124183006536
vehicle,de,15,97,0.852124183006536
vehicle,de,15,98,0.852124183006536
vehicle,de,15,99,0.852124183006536
vehicle,de,15,100,0.852124183006536
vehicle,ga,15,1,0.6672222222222223
vehicle,ga,15,2,0.6672222222222223
vehicle,ga,15,3,0.7248910675381264
vehicle,ga,15,4,0.8490958605664488
vehicle,ga,15,5,0.8490958605664488
vehicle,ga,15,6,0.8490958605664488
vehicle,ga,15,7,0.8490958605664488
vehicle,ga,15,8,0.8490958605664488
vehicle,ga,15,9,0.8490958605664488
vehicle,ga,15,10,0.8490958605664488
vehicle,ga,15,11,0.8490958605664488
vehicle,ga,15,12,0.8490958605664488
vehicle,ga,15,13,0.8490958605664488
vehicle,ga,15,14,0.8490958605664488
vehicle,ga,15,15,0.8490958605664488
vehicle,ga,15,16,0.8490958605664488
vehicle,ga,15,17,0.8490958605664488
vehicle,ga,15,18,0.8490958605664488
vehicle,ga,15,19,0.8490958605664488
vehicle,ga,15,20,0.8490958605664488
vehicle,ga,15,21,0.8490958605664488
vehicle,ga,15,22,0.8490958605664488
vehicle,ga,15,23,0.8490958605664488
vehicle,ga,15,24,0.8490958605664488
vehicle,ga,15,25,0.8490958605664488
vehicle,ga,15,26,0.8490958605664488
vehicle,ga,15,27,0.8490958605664488
vehicle,ga,15,28,0.8490958605664488
vehicle,ga,15,29,0.8490958605664488
vehicle,ga,15,30,0.8490958605664488
vehicle,ga,15,31,0.8490958605664488
vehicle,ga,15,32,0.8490958605664488
vehicle,ga,15,33,0.8490958605664488
vehicle,ga,15,34,0.8491067538126362
vehicle,ga,15,35,0.8491067538126362
vehicle,ga,15,36,0.8491067538126362
vehicle,ga,15,37,0.8491067538126362
vehicle,ga,15,38,0.8491067538126362
vehicle,ga,15,39,0.8491067538126362
vehicle,ga,15,40,0.8491067538126362
vehicle,ga,15,41,0.8491067538126362
vehicle,ga,15,42,0.8491067538126362
vehicle,ga,15,43,0.8491067538126362
vehicle,ga,15,44,0.8491067538126362
vehicle,ga,15,45,0.8491067538126362
vehicle,ga,15,46,0.8491067538126362
vehicle,ga,15,47,0.8491067538126362
vehicle,ga,15,48,0.8491067538126362
vehicle,ga,15,49,0.8491067538126362
vehicle,ga,15,50,0.8491067538126362
vehicle,ga,15,51,0.8491067538126362
vehicle,ga,15,52,0.8491067538126362
vehicle,ga,15,53,0.8491067538126362
vehicle,ga,15,54,0.8491067538126362
vehicle,ga,15,55,0.8491067538126362
vehicle,ga,15,56,0.8491067538126362
vehicle,ga,15,57,0.8491067538126362
vehicle,ga,15,58,0.8491067538126362
vehicle,ga,15,59,0.8491067538126362
vehicle,ga,15,60,0.8491067538126362
vehicle,ga,15,61,0.8491067538126362
vehicle,ga,15,62,0.8491067538126362
vehicle,ga,15,63,0.8491067538126362
vehicle,ga,15,64,0.8491067538126362
vehicle,ga,15,65,0.8491067538126362
vehicle,ga,15,66,0.8491067538126362
vehicle,ga,15,67,0.8491067538126362
vehicle,ga,15,68,0.8491067538126362
vehicle,ga,15,69,0.8491067538126362
vehicle,ga,15,70,0.8491067538126362
vehicle,ga,15,71,0.8491067538126362
vehicle,ga,15,72,0.8491067538126362
vehicle,ga,15,73,0.8491067538126362
vehicle,ga,15,74,0.8491067538126362
vehicle,ga,15,75,0.8491067538126362
vehicle,ga,15,76,0.8491067538126362
vehicle,ga,15,77,0.8491067538126362
vehicle,ga,15,78,0.8491067538126362
vehicle,ga,15,79,0.8491067538126362
vehicle,ga,15,80,0.8491067538126362
vehicle,ga,15,81,0.8491067538126362
vehicle,ga,15,82,0.8491067538126362
vehicle,ga,15,83,0.8491067538126362
vehicle,ga,15,84,0.8491067538126362
vehicle,ga,15,85,0.8491067538126362
vehicle,ga,15,86,0.8491067538126362
vehicle,ga,15,87,0.8491067538126362
vehicle,ga,15,88,0.8491067538126362
vehicle,ga,15,89,0.8491067538126362
vehicle,ga,15,90,0.8491067538126362
vehicle,ga,15,91,0.8491067538126362
vehicle,ga,15,92,0.8491067538126362
vehicle,ga,15,93,0.8491067538126362
vehicle,ga,15,94,0.8491067538126362
vehicle,ga,15,95,0.8491067538126362
vehicle,ga,15,96,0.8491067538126362
vehicle,ga,15,97,0.8491067538126362
vehicle,ga,15,98,0.8491067538126362
vehicle,ga,15,99,0.8491067538126362
vehicle,ga,15,100,0.8491067538126362
vehicle,grid,16,1,0.2988779956427015
vehicle,grid,16,2,0.2988779956427015
vehicle,grid,16,3,0.3033224400871459
vehicle,grid,16,4,0.3033224400871459
vehicle,grid,16,5,0.3033224400871459
vehicle,grid,16,6,0.3816666666666666
vehicle,grid,16,7,0.4379302832244008
vehicle,grid,16,8,0.4379302832244008
vehicle,grid,16,9,0.4379302832244008
vehicle,grid,16,10,0.4379302832244008
vehicle,grid,16,11,0.4379302832244008
vehicle,grid,16,12,0.4379302832244008
vehicle,grid,16,13,0.4379302832244008
vehicle,grid,16,14,0.4379302832244008
vehicle,grid,16,15,0.497037037037037
vehicle,grid,16,16,0.6331372549019607
vehicle,grid,16,17,0.6612091503267974
vehicle,grid,16,18,0.6612091503267974
vehicle,grid,16,19,0.6612091503267974
vehicle,grid,16,20,0.6612091503267974
vehicle,grid,16,21,0.6612091503267974
vehicle,grid,16,22,0.6612091503267974
vehicle,grid,16,23,0.6612091503267974
vehicle,grid,16,24,0.6612091503267974
vehicle,grid,16,25,0.674520697167756
vehicle,grid,16,26,0.7426252723311547
vehicle,grid,16,27,0.7426252723311547
vehicle,grid,16,28,0.7426252723311547
vehicle,grid,16,29,0.7426252723311547
vehicle,grid,16,30,0.7426252723311547
vehicle,grid,16,31,0.7426252723311547
vehicle,grid,16,32,0.7426252723311547
vehicle,grid,16,33,0.7426252723311547
vehicle,grid,16,34,0.7426252723311547
vehicle,grid,16,35,0.757363834422658
vehicle,grid,16,36,0.7973202614379085
vehicle,grid,16,37,0.7973202614379085
vehicle,grid,16,38,0.7973202614379085
vehicle,grid,16,39,0.7973202614379085
vehicle,grid,16,40,0.7973202614379085
vehicle,grid,16,41,0.7973202614379085
vehicle,grid,16,42,0.7973202614379085
vehicle,grid,16,43,0.7973202614379085
vehicle,grid,16,44,0.7973202614379085
vehicle,grid,16,45,0.7973202614379085
vehicle,grid,16,46,0.8165468409586056
vehicle,grid,16,47,0.8165468409586056
vehicle,grid,16,48,0.8165468409586056
vehicle,grid,16,49,0.8165468409586056
vehicle,grid,16,50,0.8165468409586056
vehicle,grid,16,51,0.8165468409586056
vehicle,grid,16,52,0.8165468409586056
vehicle,grid,16,53,0.8165468409586056
vehicle,grid,16,54,0.8165468409586056
vehicle,grid,16,55,0.8239651416122005
vehicle,grid,16,56,0.8239651416122005
vehicle,grid,16,57,0.8239651416122005
vehicle,grid,16,58,0.8239651416122005
vehicle,grid,16,59,0.8239651416122005
vehicle,grid,16,60,0.8239651416122005
vehicle,grid,16,61,0.8239651416122005
vehicle,grid,16,62,0.8239651416122005
vehicle,grid,16,63,0.8239651416122005
vehicle,grid,16,64,0.8239651416122005
vehicle,grid,16,65,0.8239651416122005
vehicle,grid,16,66,0.8328540305010893
vehicle,grid,16,67,0.8328540305010893
vehicle,grid,16,68,0.8328540305010893
vehicle,grid,16,69,0.8328540305010893
vehicle,grid,16,70,0.8328540305010893
vehicle,grid,16,71,0.8328540305010893
vehicle,grid,16,72,0.8328540305010893
vehicle,grid,16,73,0.8328540305010893
vehicle,grid,16,74,0.8328540305010893
vehicle,grid,16,75,0.8328540305010893
vehicle,grid,16,76,0.8328540305010893
vehicle,grid,16,77,0.8328540305010893
vehicle,grid,16,78,0.8328540305010893
vehicle,grid,16,79,0.8328540305010893
vehicle,grid,16,80,0.8328540305010893
vehicle,grid,16,81,0.8328540305010893
vehicle,grid,16,82,0.8328540305010893
vehicle,grid,16,83,0.8328540305010893
vehicle,grid,16,84,0.8328540305010893
vehicle,grid,16,85,0.843202614379085
vehicle,grid,16,86,0.843202614379085
vehicle,grid,16,87,0.843202614379085
vehicle,grid,16,88,0.843202614379085
vehicle,grid,16,89,0.843202614379085
vehicle,grid,16,90,0.843202614379085
vehicle,grid,16,91,0.843202614379085
vehicle,grid,16,92,0.843202614379085
vehicle,grid,16,93,0.843202614379085
vehicle,grid,16,94,0.843202614379085
vehicle,grid,16,95,0.843202614379085
vehicle,grid,16,96,0.843202614379085
vehicle,grid,16,97,0.843202614379085
vehicle,grid,16,98,0.843202614379085
vehicle,grid,16,99,0.843202614379085
vehicle,grid,16,100,0.843202614379085
vehicle,random,16,1,0.7307734204793028
vehicle,random,16,2,0.7307734204793028
vehicle,random,16,3,0.7307734204793028
vehicle,random,16,4,0.7884640522875817
vehicle,random,16,5,0.7884640522875817
vehicle,random,16,6,0.7884640522875817
vehicle,random,16,7,0.8017647058823532
vehicle,random,16,8,0.8017647058823532
vehicle,random,16,9,0.8298583877995641
vehicle,random,16,10,0.8298583877995641
vehicle,random,16,11,0.8298583877995641
vehicle,random,16,12,0.8298583877995641
vehicle,random,16,13,0.8298583877995641
vehicle,random,16,14,0.8298583877995641
vehicle,random,16,15,0.8298583877995641
vehicle,random,16,16,0.8298583877995641
vehicle,random,16,17,0.8298583877995641
vehicle,random,16,18,0.8298583877995641
vehicle,random,16,19,0.8298583877995641
vehicle,random,16,20,0.8298583877995641
vehicle,random,16,21,0.8298583877995641
vehicle,random,16,22,0.8298583877995641
vehicle,random,16,23,0.8298583877995641
vehicle,random,16,24,0.8298583877995641
vehicle,random,16,25,0.8298583877995641
vehicle,random,16,26,0.8298583877995641
vehicle,random,16,27,0.8298583877995641
vehicle,random,16,28,0.8298583877995641
vehicle,random,16,29,0.8298583877995641
vehicle,random,16,30,0.8298583877995641
vehicle,random,16,31,0.8298583877995641
vehicle,random,16,32,0.8298583877995641
vehicle,random,16,33,0.8313507625272332
vehicle,random,16,34,0.8313507625272332
vehicle,random,16,35,0.8313507625272332
vehicle,random,16,36,0.8313507625272332
vehicle,random,16,37,0.8357843137254901
vehicle,random,16,38,0.8357843137254901
vehicle,random,16,39,0.8357843137254901
vehicle,random,16,40,0.8357843137254901
vehicle,random,16,41,0.8357843137254901
vehicle,random,16,42,0.8357843137254901
vehicle,random,16,43,0.8357843137254901
vehicle,random,16,44,0.8357843137254901
vehicle,random,16,45,0.8357843137254901
vehicle,random,16,46,0.8357843137254901
vehicle,random,16,47,0.8446732026143791
vehicle,random,16,48,0.8446732026143791
vehicle,random,16,49,0.8446732026143791
vehicle,random,16,50,0.8446732026143791
vehicle,random,16,51,0.8446732026143791
vehicle,random,16,52,0.8446732026143791
vehicle,random,16,53,0.8446732026143791
vehicle,random,16,54,0.8446732026143791
vehicle,random,16,55,0.8446732026143791
vehicle,random,16,56,0.8446732026143791
vehicle,random,16,57,0.8446732026143791
vehicle,random,16,58,0.8446732026143791
vehicle,random,16,59,0.8446732026143791
vehicle,random,16,60,0.8446732026143791
vehicle,random,16,61,0.8446732026143791
vehicle,random,16,62,0.8446732026143791
vehicle,random,16,63,0.8446732026143791
vehicle,random,16,64,0.8446732026143791
vehicle,random,16,65,0.8446732026143791
vehicle,random,16,66,0.8446732026143791
vehicle,random,16,67,0.8446732026143791
vehicle,random,16,68,0.8446732026143791
vehicle,random,16,69,0.8446732026143791
vehicle,random,16,70,0.8446732026143791
vehicle,random,16,71,0.8446732026143791
vehicle,random,16,72,0.8446732026143791
vehicle,random,16,73,0.8446732026143791
vehicle,random,16,74,0.8446732026143791
vehicle,random,16,75,0.8446732026143791
vehicle,random,16,76,0.8446732026143791
vehicle,random,16,77,0.8446732026143791
vehicle,random,16,78,0.8446732026143791
vehicle,random,16,79,0.8446732026143791
vehicle,random,16,80,0.8446732026143791
vehicle,random,16,81,0.8446732026143791
vehicle,random,16,82,0.8446732026143791
vehicle,random,16,83,0.8446732026143791
vehicle,random,16,84,0.8446732026143791
vehicle,random,16,85,0.8446732026143791
vehicle,random,16,86,0.8446732026143791
vehicle,random,16,87,0.8446732026143791
vehicle,random,16,88,0.8446732026143791
vehicle,random,16,89,0.8446732026143791
vehicle,random,16,90,0.8446732026143791
vehicle,random,16,91,0.8446732026143791
vehicle,random,16,92,0.8446732026143791
vehicle,random,16,93,0.8446732026143791
vehicle,random,16,94,0.8446732026143791
vehicle,random,16,95,0.8446732026143791
vehicle,random,16,96,0.8446732026143791
vehicle,random,16,97,0.8446732026143791
vehicle,random,16,98,0.8446732026143791
vehicle,random,16,99,0.8446732026143791
vehicle,random,16,100,0.8446732026143791
vehicle,bo_tpe,16,1,0.7307734204793028
vehicle,bo_tpe,16,2,0.7307734204793028
vehicle,bo_tpe,16,3,0.7307734204793028
vehicle,bo_tpe,16,4,0.7884640522875817
vehicle,bo_tpe,16,5,0.7884640522875817
vehicle,bo_tpe,16,6,0.7884640522875817
vehicle,bo_tpe,16,7,0.8017647058823532
vehicle,bo_tpe,16,8,0.8017647058823532
vehicle,bo_tpe,16,9,0.8298583877995641
vehicle,bo_tpe,16,10,0.8298583877995641
vehicle,bo_tpe,16,11,0.8298583877995641
vehicle,bo_tpe,16,12,0.8298583877995641
vehicle,bo_tpe,16,13,0.837276688453159
vehicle,bo_tpe,16,14,0.8431917211328976
vehicle,bo_tpe,16,15,0.8431917211328976
vehicle,bo_tpe,16,16,0.8431917211328976
vehicle,bo_tpe,16,17,0.8431917211328976
vehicle,bo_tpe,16,18,0.8431917211328976
vehicle,bo_tpe,16,19,0.8431917211328976
vehicle,bo_tpe,16,20,0.8431917211328976
vehicle,bo_tpe,16,21,0.8431917211328976
vehicle,bo_tpe,16,22,0.8431917211328976
vehicle,bo_tpe,16,23,0.8431917211328976
vehicle,bo_tpe,16,24,0.8431917211328976
vehicle,bo_tpe,16,25,0.8431917211328976
vehicle,bo_tpe,16,26,0.8431917211328976
vehicle,bo_tpe,16,27,0.8431917211328976
vehicle,bo_tpe,16,28,0.8476143790849674
vehicle,bo_tpe,16,29,0.8476143790849674
vehicle,bo_tpe,16,30,0.8476143790849674
vehicle,bo_tpe,16,31,0.8476143790849674
vehicle,bo_tpe,16,32,0.8476143790849674
vehicle,bo_tpe,16,33,0.8476143790849674
vehicle,bo_tpe,16,34,0.8476143790849674
vehicle,bo_tpe,16,35,0.8476143790849674
vehicle,bo_tpe,16,36,0.8476143790849674
vehicle,bo_tpe,16,37,0.8476143790849674
vehicle,bo_tpe,16,38,0.8476143790849674
vehicle,bo_tpe,16,39,0.8476143790849674
vehicle,bo_tpe,16,40,0.8476143790849674
vehicle,bo_tpe,16,41,0.8476143790849674
vehicle,bo_tpe,16,42,0.8476143790849674
vehicle,bo_tpe,16,43,0.8476143790849674
vehicle,bo_tpe,16,44,0.8476143790849674
vehicle,bo_tpe,16,45,0.8476143790849674
vehicle,bo_tpe,16,46,0.8476143790849674
vehicle,bo_tpe,16,47,0.8476143790849674
vehicle,bo_tpe,16,48,0.8476143790849674
vehicle,bo_tpe,16,49,0.8476143790849674
vehicle,bo_tpe,16,50,0.8476143790849674
vehicle,bo_tpe,16,51,0.8476143790849674
vehicle,bo_tpe,16,52,0.8476143790849674
vehicle,bo_tpe,16,53,0.8476143790849674
vehicle,bo_tpe,16,54,0.8476143790849674
vehicle,bo_tpe,16,55,0.8476143790849674
vehicle,bo_tpe,16,56,0.8476143790849674
vehicle,bo_tpe,16,57,0.8476143790849674
vehicle,bo_tpe,16,58,0.8476143790849674
vehicle,bo_tpe,16,59,0.8476143790849674
vehicle,bo_tpe,16,60,0.8476143790849674
vehicle,bo_tpe,16,61,0.8476143790849674
vehicle,bo_tpe,16,62,0.8476143790849674
vehicle,bo_tpe,16,63,0.8476143790849674
vehicle,bo_tpe,16,64,0.8476252723311546
vehicle,bo_tpe,16,65,0.8476252723311546
vehicle,bo_tpe,16,66,0.8476252723311546
vehicle,bo_tpe,16,67,0.8476252723311546
vehicle,bo_tpe,16,68,0.8476252723311546
vehicle,bo_tpe,16,69,0.8476252723311546
vehicle,bo_tpe,16,70,0.8491285403050108
vehicle,bo_tpe,16,71,0.8491285403050108
vehicle,bo_tpe,16,72,0.8491285403050108
vehicle,bo_tpe,16,73,0.8491285403050108
vehicle,bo_tpe,16,74,0.8491285403050108
vehicle,bo_tpe,16,75,0.8491285403050108
vehicle,bo_tpe,16,76,0.8491285403050108
vehicle,bo_tpe,16,77,0.8491285403050108
vehicle,bo_tpe,16,78,0.8491285403050108
vehicle,bo_tpe,16,79,0.8491285403050108
vehicle,bo_tpe,16,80,0.8491285403050108
vehicle,bo_tpe,16,81,0.8491285403050108
vehicle,bo_tpe,16,82,0.8491285403050108
vehicle,bo_tpe,16,83,0.8491285403050108
vehicle,bo_tpe,16,84,0.8491285403050108
vehicle,bo_tpe,16,85,0.8491285403050108
vehicle,bo_tpe,16,86,0.8491285403050108
vehicle,bo_tpe,16,87,0.8491285403050108
vehicle,bo_tpe,16,88,0.8491285403050108
vehicle,bo_tpe,16,89,0.8491285403050108
vehicle,bo_tpe,16,90,0.8491285403050108
vehicle,bo_tpe,16,91,0.8491285403050108
vehicle,bo_tpe,16,92,0.8491285403050108
vehicle,bo_tpe,16,93,0.8491285403050108
vehicle,bo_tpe,16,94,0.8491285403050108
vehicle,bo_tpe,16,95,0.8491285403050108
vehicle,bo_tpe,16,96,0.8491285403050108
vehicle,bo_tpe,16,97,0.8491285403050108
vehicle,bo_tpe,16,98,0.8491285403050108
vehicle,bo_tpe,16,99,0.8491285403050108
vehicle,bo_tpe,16,100,0.8491285403050108
vehicle,pso,16,1,0.3313943355119826
vehicle,pso,16,2,0.738202614379085
vehicle,pso,16,3,0.8106427015250544
vehicle,pso,16,4,0.8106427015250544
vehicle,pso,16,5,0.8106427015250544
vehicle,pso,16,6,0.8106427015250544
vehicle,pso,16,7,0.8106427015250544
vehicle,pso,16,8,0.8106427015250544
vehicle,pso,16,9,0.8106427015250544
vehicle,pso,16,10,0.8106427015250544
vehicle,pso,16,11,0.8314052287581701
vehicle,pso,16,12,0.8314052287581701
vehicle,pso,16,13,0.8314052287581701
vehicle,pso,16,14,0.8314052287581701
vehicle,pso,16,15,0.8314052287581701
vehicle,pso,16,16,0.8314052287581701
vehicle,pso,16,17,0.8314052287581701
vehicle,pso,16,18,0.8314052287581701
vehicle,pso,16,19,0.8314052287581701
vehicle,pso,16,20,0.8314052287581701
vehicle,pso,16,21,0.8314052287581701
vehicle,pso,16,22,0.8314052287581701
vehicle,pso,16,23,0.8314052287581701
vehicle,pso,16,24,0.8314052287581701
vehicle,pso,16,25,0.8314052287581701
vehicle,pso,16,26,0.8314052287581701
vehicle,pso,16,27,0.8314052287581701
vehicle,pso,16,28,0.8314052287581701
vehicle,pso,16,29,0.8314052287581701
vehicle,pso,16,30,0.8402287581699346
vehicle,pso,16,31,0.8402505446623094
vehicle,pso,16,32,0.8402505446623094
vehicle,pso,16,33,0.8402505446623094
vehicle,pso,16,34,0.8402505446623094
vehicle,pso,16,35,0.8402505446623094
vehicle,pso,16,36,0.8402505446623094
vehicle,pso,16,37,0.8402505446623094
vehicle,pso,16,38,0.8402505446623094
vehicle,pso,16,39,0.8402505446623094
vehicle,pso,16,40,0.8402505446623094
vehicle,pso,16,41,0.8402505446623094
vehicle,pso,16,42,0.8402505446623094
vehicle,pso,16,43,0.8402505446623094
vehicle,pso,16,44,0.8402505446623094
vehicle,pso,16,45,0.8402505446623094
vehicle,pso,16,46,0.8402505446623094
vehicle,pso,16,47,0.8402505446623094
vehicle,pso,16,48,0.8402505446623094
vehicle,pso,16,49,0.8402505446623094
vehicle,pso,16,50,0.8402505446623094
vehicle,pso,16,51,0.8402505446623094
vehicle,pso,16,52,0.8402505446623094
vehicle,pso,16,53,0.8402505446623094
vehicle,pso,16,54,0.8402505446623094
vehicle,pso,16,55,0.8402505446623094
vehicle,pso,16,56,0.8402505446623094
vehicle,pso,16,57,0.8431917211328976
vehicle,pso,16,58,0.8431917211328976
vehicle,pso,16,59,0.8431917211328976
vehicle,pso,16,60,0.8431917211328976
vehicle,pso,16,61,0.8431917211328976
vehicle,pso,16,62,0.8431917211328976
vehicle,pso,16,63,0.850566448801743
vehicle,pso,16,64,0.850566448801743
vehicle,pso,16,65,0.850566448801743
vehicle,pso,16,66,0.850566448801743
vehicle,pso,16,67,0.850566448801743
vehicle,pso,16,68,0.850566448801743
vehicle,pso,16,69,0.850566448801743
vehicle,pso,16,70,0.850566448801743
vehicle,pso,16,71,0.850566448801743
vehicle,pso,16,72,0.850566448801743
vehicle,pso,16,73,0.850566448801743
vehicle,pso,16,74,0.850566448801743
vehicle,pso,16,75,0.850566448801743
vehicle,pso,16,76,0.850566448801743
vehicle,pso,16,77,0.850566448801743
vehicle,pso,16,78,0.850566448801743
vehicle,pso,16,79,0.850566448801743
vehicle,pso,16,80,0.850566448801743
vehicle,pso,16,81,0.850566448801743
vehicle,pso,16,82,0.850566448801743
vehicle,pso,16,83,0.850566448801743
vehicle,pso,16,84,0.850566448801743
vehicle,pso,16,85,0.850566448801743
vehicle,pso,16,86,0.850566448801743
vehicle,pso,16,87,0.850566448801743
vehicle,pso,16,88,0.850566448801743
vehicle,pso,16,89,0.850566448801743
vehicle,pso,16,90,0.850566448801743
vehicle,pso,16,91,0.850566448801743
vehicle,pso,16,92,0.850566448801743
vehicle,pso,16,93,0.850566448801743
vehicle,pso,16,94,0.850566448801743
vehicle,pso,16,95,0.850566448801743
vehicle,pso,16,96,0.850566448801743
vehicle,pso,16,97,0.850566448801743
vehicle,pso,16,98,0.850566448801743
vehicle,pso,16,99,0.850566448801743
vehicle,pso,16,100,0.850566448801743
vehicle,de,16,1,0.8121023965141612
vehicle,de,16,2,0.8121023965141612
vehicle,de,16,3,0.8121023965141612
vehicle,de,16,4,0.8121023965141612
vehicle,de,16,5,0.8121023965141612
vehicle,de,16,6,0.8121023965141612
vehicle,de,16,7,0.8121023965141612
vehicle,de,16,8,0.8121023965141612
vehicle,de,16,9,0.8121023965141612
vehicle,de,16,10,0.8121023965141612
vehicle,de,16,11,0.8209803921568628
vehicle,de,16,12,0.8209803921568628
vehicle,de,16,13,0.8209803921568628
vehicle,de,16,14,0.8254139433551198
vehicle,de,16,15,0.8254139433551198
vehicle,de,16,16,0.8254139433551198
vehicle,de,16,17,0.8254139433551198
vehicle,de,16,18,0.8254139433551198
vehicle,de,16,19,0.8254139433551198
vehicle,de,16,20,0.8254139433551198
vehicle,de,16,21,0.8254139433551198
vehicle,de,16,22,0.8313289760348583
vehicle,de,16,23,0.8313289760348583
vehicle,de,16,24,0.8432135076252724
vehicle,de,16,25,0.8432135076252724
vehicle,de,16,26,0.8432135076252724
vehicle,de,16,27,0.8432135076252724
vehicle,de,16,28,0.8432135076252724
vehicle,de,16,29,0.8432135076252724
vehicle,de,16,30,0.8432135076252724
vehicle,de,16,31,0.8432135076252724
vehicle,de,16,32,0.8432135076252724
vehicle,de,16,33,0.8432135076252724
vehicle,de,16,34,0.8432135076252724
vehicle,de,16,35,0.8432135076252724
vehicle,de,16,36,0.8432135076252724
vehicle,de,16,37,0.8432135076252724
vehicle,de,16,38,0.8432135076252724
vehicle,de,16,39,0.8432135076252724
vehicle,de,16,40,0.8446623093681918
vehicle,de,16,41,0.8446623093681918
vehicle,de,16,42,0.8446623093681918
vehicle,de,16,43,0.8446623093681918
vehicle,de,16,44,0.8446623093681918
vehicle,de,16,45,0.8446623093681918
vehicle,de,16,46,0.8446623093681918
vehicle,de,16,47,0.8446623093681918
vehicle,de,16,48,0.8446623093681918
vehicle,de,16,49,0.8446623093681918
vehicle,de,16,50,0.8446623093681918
vehicle,de,16,51,0.8446623093681918
vehicle,de,16,52,0.8446623093681918
vehicle,de,16,53,0.8446623093681918
vehicle,de,16,54,0.8446623093681918
vehicle,de,16,55,0.8446623093681918
vehicle,de,16,56,0.8446623093681918
vehicle,de,16,57,0.8446623093681918
vehicle,de,16,58,0.8446623093681918
vehicle,de,16,59,0.8446623093681918
vehicle,de,16,60,0.8446623093681918
vehicle,de,16,61,0.8446623093681918
vehicle,de,16,62,0.8446623093681918
vehicle,de,16,63,0.8446623093681918
vehicle,de,16,64,0.8446623093681918
vehicle,de,16,65,0.8446623093681918
vehicle,de,16,66,0.8446623093681918
vehicle,de,16,67,0.8446623093681918
vehicle,de,16,68,0.8446623093681918
vehicle,de,16,69,0.8446623093681918
vehicle,de,16,70,0.8446623093681918
vehicle,de,16,71,0.8446623093681918
vehicle,de,16,72,0.8446623093681918
vehicle,de,16,73,0.8446623093681918
vehicle,de,16,74,0.8446623093681918
vehicle,de,16,75,0.8446623093681918
vehicle,de,16,76,0.8446623093681918
vehicle,de,16,77,0.8446623093681918
vehicle,de,16,78,0.8446623093681918
vehicle,de,16,79,0.8446623093681918
vehicle,de,16,80,0.8446623093681918
vehicle,de,16,81,0.8446623093681918
vehicle,de,16,82,0.8446623093681918
vehicle,de,16,83,0.8446623093681918
vehicle,de,16,84,0.8446623093681918
vehicle,de,16,85,0.8446623093681918
vehicle,de,16,86,0.8446623093681918
vehicle,de,16,87,0.8446623093681918
vehicle,de,16,88,0.8446623093681918
vehicle,de,16,89,0.8446623093681918
vehicle,de,16,90,0.8446623093681918
vehicle,de,16,91,0.8446623093681918
vehicle,de,16,92,0.8446623093681918
vehicle,de,16,93,0.8446623093681918
vehicle,de,16,94,0.8535511982570805
vehicle,de,16,95,0.8535511982570805
vehicle,de,16,96,0.8535511982570805
vehicle,de,16,97,0.8535511982570805
vehicle,de,16,98,0.8535511982570805
vehicle,de,16,99,0.8535511982570805
vehicle,de,16,100,0.8535511982570805
vehicle,ga,16,1,0.8121023965141612
vehicle,ga,16,2,0.8121023965141612
vehicle,ga,16,3,0.8121023965141612
vehicle,ga,16,4,0.8121023965141612
vehicle,ga,16,5,0.8121023965141612
vehicle,ga,16,6,0.8121023965141612
vehicle,ga,16,7,0.8121023965141612
vehicle,ga,16,8,0.8121023965141612
vehicle,ga,16,9,0.8121023965141612
vehicle,ga,16,10,0.8121023965141612
vehicle,ga,16,11,0.8209803921568628
vehicle,ga,16,12,0.8209803921568628
vehicle,ga,16,13,0.8209803921568628
vehicle,ga,16,14,0.8254139433551198
vehicle,ga,16,15,0.8254139433551198
vehicle,ga,16,16,0.8254139433551198
vehicle,ga,16,17,0.8254139433551198
vehicle,ga,16,18,0.8254139433551198
vehicle,ga,16,19,0.8254139433551198
vehicle,ga,16,20,0.8254139433551198
vehicle,ga,16,21,0.8254139433551198
vehicle,ga,16,22,0.8254139433551198
vehicle,ga,16,23,0.8254139433551198
vehicle,ga,16,24,0.8254139433551198
vehicle,ga,16,25,0.8254139433551198
vehicle,ga,16,26,0.8313289760348583
vehicle,ga,16,27,0.8313289760348583
vehicle,ga,16,28,0.8313289760348583
vehicle,ga,16,29,0.8313289760348583
vehicle,ga,16,30,0.8313289760348583
vehicle,ga,16,31,0.8313289760348583
vehicle,ga,16,32,0.8313289760348583
vehicle,ga,16,33,0.8313289760348583
vehicle,ga,16,34,0.8313289760348583
vehicle,ga,16,35,0.8313289760348583
vehicle,ga,16,36,0.8313289760348583
vehicle,ga,16,37,0.8313289760348583
vehicle,ga,16,38,0.8313289760348583
vehicle,ga,16,39,0.8313289760348583
vehicle,ga,16,40,0.8313289760348583
vehicle,ga,16,41,0.8343028322440086
vehicle,ga,16,42,0.8343028322440086
vehicle,ga,16,43,0.8343028322440086
vehicle,ga,16,44,0.8343028322440086
vehicle,ga,16,45,0.8343028322440086
vehicle,ga,16,46,0.8343028322440086
vehicle,ga,16,47,0.8343028322440086
vehicle,ga,16,48,0.8343028322440086
vehicle,ga,16,49,0.8343028322440086
vehicle,ga,16,50,0.8343137254901961
vehicle,ga,16,51,0.8343137254901961
vehicle,ga,16,52,0.8372657952069718
vehicle,ga,16,53,0.8372657952069718
vehicle,ga,16,54,0.8372657952069718
vehicle,ga,16,55,0.8372657952069718
vehicle,ga,16,56,0.8372657952069718
vehicle,ga,16,57,0.8372657952069718
vehicle,ga,16,58,0.8372657952069718
vehicle,ga,16,59,0.8372657952069718
vehicle,ga,16,60,0.8372657952069718
vehicle,ga,16,61,0.8372657952069718
vehicle,ga,16,62,0.8372657952069718
vehicle,ga,16,63,0.8372657952069718
vehicle,ga,16,64,0.8372657952069718
vehicle,ga,16,65,0.8372657952069718
vehicle,ga,16,66,0.8372657952069718
vehicle,ga,16,67,0.8372657952069718
vehicle,ga,16,68,0.8372657952069718
vehicle,ga,16,69,0.8372657952069718
vehicle,ga,16,70,0.8372657952069718
vehicle,ga,16,71,0.8372657952069718
vehicle,ga,16,72,0.8372657952069718
vehicle,ga,16,73,0.8372657952069718
vehicle,ga,16,74,0.8372657952069718
vehicle,ga,16,75,0.8372657952069718
vehicle,ga,16,76,0.8372657952069718
vehicle,ga,16,77,0.8372657952069718
vehicle,ga,16,78,0.8372657952069718
vehicle,ga,16,79,0.8372657952069718
vehicle,ga,16,80,0.8372657952069718
vehicle,ga,16,81,0.8372657952069718
vehicle,ga,16,82,0.8372657952069718
vehicle,ga,16,83,0.8372657952069718
vehicle,ga,16,84,0.8372657952069718
vehicle,ga,16,85,0.8372657952069718
vehicle,ga,16,86,0.8417211328976034
vehicle,ga,16,87,0.8417211328976034
vehicle,ga,16,88,0.8491285403050111
vehicle,ga,16,89,0.8491285403050111
vehicle,ga,16,90,0.8491285403050111
vehicle,ga,16,91,0.8520697167755991
vehicle,ga,16,92,0.8520697167755991
vehicle,ga,16,93,0.8520697167755991
vehicle,ga,16,94,0.8520697167755991
vehicle,ga,16,95,0.8520697167755991
vehicle,ga,16,96,0.8520697167755991
vehicle,ga,16,97,0.8520697167755991
vehicle,ga,16,98,0.8520697167755991
vehicle,ga,16,99,0.8520697167755991
vehicle,ga,16,100,0.8520697167755991
vehicle,grid,17,1,0.2870261437908497
vehicle,grid,17,2,0.2870261437908497
vehicle,grid,17,3,0.2870261437908497
vehicle,grid,17,4,0.2870261437908497
vehicle,grid,17,5,0.2870261437908497
vehicle,grid,17,6,0.3639542483660131
vehicle,grid,17,7,0.4009259259259259
vehicle,grid,17,8,0.4009259259259259
vehicle,grid,17,9,0.4009259259259259
vehicle,grid,17,10,0.4009259259259259
vehicle,grid,17,11,0.4009259259259259
vehicle,grid,17,12,0.4009259259259259
vehicle,grid,17,13,0.4009259259259259
vehicle,grid,17,14,0.4009259259259259
vehicle,grid,17,15,0.5088453159041395
vehicle,grid,17,16,0.6286601307189542
vehicle,grid,17,17,0.6612418300653594
vehicle,grid,17,18,0.6612418300653594
vehicle,grid,17,19,0.6612418300653594
vehicle,grid,17,20,0.6612418300653594
vehicle,grid,17,21,0.6612418300653594
vehicle,grid,17,22,0.6612418300653594
vehicle,grid,17,23,0.6612418300653594
vehicle,grid,17,24,0.6612418300653594
vehicle,grid,17,25,0.6789869281045752
vehicle,grid,17,26,0.7322222222222222
vehicle,grid,17,27,0.7322222222222222
vehicle,grid,17,28,0.7322222222222222
vehicle,grid,17,29,0.7322222222222222
vehicle,grid,17,30,0.7322222222222222
vehicle,grid,17,31,0.7322222222222222
vehicle,grid,17,32,0.7322222222222222
vehicle,grid,17,33,0.7322222222222222
vehicle,grid,17,34,0.7322222222222222
vehicle,grid,17,35,0.7529302832244008
vehicle,grid,17,36,0.7958714596949891
vehicle,grid,17,37,0.7958714596949891
vehicle,grid,17,38,0.7958714596949891
vehicle,grid,17,39,0.7958714596949891
vehicle,grid,17,40,0.7958714596949891
vehicle,grid,17,41,0.7958714596949891
vehicle,grid,17,42,0.7958714596949891
vehicle,grid,17,43,0.7958714596949891
vehicle,grid,17,44,0.7958714596949891
vehicle,grid,17,45,0.8017647058823529
vehicle,grid,17,46,0.8150980392156862
vehicle,grid,17,47,0.8150980392156862
vehicle,grid,17,48,0.8150980392156862
vehicle,grid,17,49,0.8150980392156862
vehicle,grid,17,50,0.8150980392156862
vehicle,grid,17,51,0.8150980392156862
vehicle,grid,17,52,0.8150980392156862
vehicle,grid,17,53,0.8150980392156862
vehicle,grid,17,54,0.8150980392156862
vehicle,grid,17,55,0.8180610021786492
vehicle,grid,17,56,0.8462091503267974
vehicle,grid,17,57,0.8462091503267974
vehicle,grid,17,58,0.8462091503267974
vehicle,grid,17,59,0.8462091503267974
vehicle,grid,17,60,0.8462091503267974
vehicle,grid,17,61,0.8462091503267974
vehicle,grid,17,62,0.8462091503267974
vehicle,grid,17,63,0.8462091503267974
vehicle,grid,17,64,0.8462091503267974
vehicle,grid,17,65,0.8462091503267974
vehicle,grid,17,66,0.8462091503267974
vehicle,grid,17,67,0.8462091503267974
vehicle,grid,17,68,0.8462091503267974
vehicle,grid,17,69,0.8462091503267974
vehicle,grid,17,70,0.8462091503267974
vehicle,grid,17,71,0.8462091503267974
vehicle,grid,17,72,0.8462091503267974
vehicle,grid,17,73,0.8462091503267974
vehicle,grid,17,74,0.8476143790849673
vehicle,grid,17,75,0.8476143790849673
vehicle,grid,17,76,0.8476143790849673
vehicle,grid,17,77,0.8476143790849673
vehicle,grid,17,78,0.8476143790849673
vehicle,grid,17,79,0.8476143790849673
vehicle,grid,17,80,0.8476143790849673
vehicle,grid,17,81,0.8476143790849673
vehicle,grid,17,82,0.8476143790849673
vehicle,grid,17,83,0.8476143790849673
vehicle,grid,17,84,0.8535729847494554
vehicle,grid,17,85,0.8535729847494554
vehicle,grid,17,86,0.8535729847494554
vehicle,grid,17,87,0.8535729847494554
vehicle,grid,17,88,0.8535729847494554
vehicle,grid,17,89,0.8535729847494554
vehicle,grid,17,90,0.8535729847494554
vehicle,grid,17,91,0.8535729847494554
vehicle,grid,17,92,0.8535729847494554
vehicle,grid,17,93,0.8535729847494554
vehicle,grid,17,94,0.8535729847494554
vehicle,grid,17,95,0.8535729847494554
vehicle,grid,17,96,0.8535729847494554
vehicle,grid,17,97,0.8535729847494554
vehicle,grid,17,98,0.8535729847494554
vehicle,grid,17,99,0.8535729847494554
vehicle,grid,17,100,0.8535729847494554
vehicle,random,17,1,0.7603376906318082
vehicle,random,17,2,0.7603376906318082
vehicle,random,17,3,0.8047494553376907
vehicle,random,17,4,0.8210675381263617
vehicle,random,17,5,0.8210675381263617
vehicle,random,17,6,0.8210675381263617
vehicle,random,17,7,0.8210675381263617
vehicle,random,17,8,0.8210675381263617
vehicle,random,17,9,0.8269498910675381
vehicle,random,17,10,0.8269498910675381
vehicle,random,17,11,0.8269498910675381
vehicle,random,17,12,0.8269498910675381
vehicle,random,17,13,0.8269498910675381
vehicle,random,17,14,0.8269498910675381
vehicle,random,17,15,0.8269498910675381
vehicle,random,17,16,0.8269498910675381
vehicle,random,17,17,0.8269498910675381
vehicle,random,17,18,0.8269498910675381
vehicle,random,17,19,0.8269498910675381
vehicle,random,17,20,0.8269498910675381
vehicle,random,17,21,0.8269498910675381
vehicle,random,17,22,0.8269498910675381
vehicle,random,17,23,0.8269498910675381
vehicle,random,17,24,0.8269498910675381
vehicle,random,17,25,0.8269498910675381
vehicle,random,17,26,0.8269498910675381
vehicle,random,17,27,0.8269498910675381
vehicle,random,17,28,0.8269607843137254
vehicle,random,17,29,0.8269607843137254
vehicle,random,17,30,0.8269607843137254
vehicle,random,17,31,0.8269607843137254
vehicle,random,17,32,0.8269607843137254
vehicle,random,17,33,0.8269607843137254
vehicle,random,17,34,0.8269607843137254
vehicle,random,17,35,0.8269607843137254
vehicle,random,17,36,0.8269607843137254
vehicle,random,17,37,0.8269607843137254
vehicle,random,17,38,0.8269607843137254
vehicle,random,17,39,0.8269607843137254
vehicle,random,17,40,0.8447058823529412
vehicle,random,17,41,0.8447058823529412
vehicle,random,17,42,0.8447058823529412
vehicle,random,17,43,0.8447058823529412
vehicle,random,17,44,0.8447058823529412
vehicle,random,17,45,0.8447058823529412
vehicle,random,17,46,0.8447385620915032
vehicle,random,17,47,0.8447385620915032
vehicle,random,17,48,0.8447385620915032
vehicle,random,17,49,0.8447385620915032
vehicle,random,17,50,0.8447385620915032
vehicle,random,17,51,0.8580283224400871
vehicle,random,17,52,0.8580283224400871
vehicle,random,17,53,0.8580283224400871
vehicle,random,17,54,0.8580283224400871
vehicle,random,17,55,0.8580283224400871
vehicle,random,17,56,0.8580283224400871
vehicle,random,17,57,0.8580283224400871
vehicle,random,17,58,0.8580283224400871
vehicle,random,17,59,0.8580283224400871
vehicle,random,17,60,0.8580283224400871
vehicle,random,17,61,0.8580283224400871
vehicle,random,17,62,0.8580283224400871
vehicle,random,17,63,0.8580283224400871
vehicle,random,17,64,0.8580283224400871
vehicle,random,17,65,0.8580283224400871
vehicle,random,17,66,0.8580283224400871
vehicle,random,17,67,0.8580283224400871
vehicle,random,17,68,0.8580283224400871
vehicle,random,17,69,0.8580283224400871
vehicle,random,17,70,0.8580283224400871
vehicle,random,17,71,0.8580283224400871
vehicle,random,17,72,0.8580283224400871
vehicle,random,17,73,0.8580283224400871
vehicle,random,17,74,0.8580283224400871
vehicle,random,17,75,0.8580283224400871
vehicle,random,17,76,0.8580283224400871
vehicle,random,17,77,0.8580283224400871
vehicle,random,17,78,0.8580283224400871
vehicle,random,17,79,0.8580283224400871
vehicle,random,17,80,0.8580283224400871
vehicle,random,17,81,0.8580283224400871
vehicle,random,17,82,0.8580283224400871
vehicle,random,17,83,0.8580283224400871
vehicle,random,17,84,0.8580283224400871
vehicle,random,17,85,0.8580283224400871
vehicle,random,17,86,0.8580283224400871
vehicle,random,17,87,0.8580283224400871
vehicle,random,17,88,0.8580283224400871
vehicle,random,17,89,0.8580283224400871
vehicle,random,17,90,0.8580283224400871
vehicle,random,17,91,0.8580283224400871
vehicle,random,17,92,0.8580283224400871
vehicle,random,17,93,0.8580283224400871
vehicle,random,17,94,0.8580283224400871
vehicle,random,17,95,0.8580283224400871
vehicle,random,17,96,0.8580283224400871
vehicle,random,17,97,0.8580283224400871
vehicle,random,17,98,0.8580283224400871
vehicle,random,17,99,0.8580283224400871
vehicle,random,17,100,0.8580283224400871
vehicle,bo_tpe,17,1,0.7603376906318082
vehicle,bo_tpe,17,2,0.7603376906318082
vehicle,bo_tpe,17,3,0.8047494553376907
vehicle,bo_tpe,17,4,0.8210675381263617
vehicle,bo_tpe,17,5,0.8210675381263617
vehicle,bo_tpe,17,6,0.8210675381263617
vehicle,bo_tpe,17,7,0.8210675381263617
vehicle,bo_tpe,17,8,0.8210675381263617
vehicle,bo_tpe,17,9,0.8269498910675381
vehicle,bo_tpe,17,10,0.8269498910675381
vehicle,bo_tpe,17,11,0.8269498910675381
vehicle,bo_tpe,17,12,0.8402505446623094
vehicle,bo_tpe,17,13,0.8402505446623094
vehicle,bo_tpe,17,14,0.8402505446623094
vehicle,bo_tpe,17,15,0.8402505446623094
vehicle,bo_tpe,17,16,0.8402505446623094
vehicle,bo_tpe,17,17,0.8402505446623094
vehicle,bo_tpe,17,18,0.8402505446623094
vehicle,bo_tpe,17,19,0.8476579520697168
vehicle,bo_tpe,17,20,0.8476579520697168
vehicle,bo_tpe,17,21,0.8476579520697168
vehicle,bo_tpe,17,22,0.8476579520697168
vehicle,bo_tpe,17,23,0.8476579520697168
vehicle,bo_tpe,17,24,0.8506209150326797
vehicle,bo_tpe,17,25,0.8506209150326797
vehicle,bo_tpe,17,26,0.8506209150326797
vehicle,bo_tpe,17,27,0.8506209150326797
vehicle,bo_tpe,17,28,0.8506209150326797
vehicle,bo_tpe,17,29,0.8506209150326797
vehicle,bo_tpe,17,30,0.8506209150326797
vehicle,bo_tpe,17,31,0.8506209150326797
vehicle,bo_tpe,17,32,0.85359477124183
vehicle,bo_tpe,17,33,0.85359477124183
vehicle,bo_tpe,17,34,0.85359477124183
vehicle,bo_tpe,17,35,0.85359477124183
vehicle,bo_tpe,17,36,0.85359477124183
vehicle,bo_tpe,17,37,0.85359477124183
vehicle,bo_tpe,17,38,0.85359477124183
vehicle,bo_tpe,17,39,0.85359477124183
vehicle,bo_tpe,17,40,0.85359477124183
vehicle,bo_tpe,17,41,0.85359477124183
vehicle,bo_tpe,17,42,0.85359477124183
vehicle,bo_tpe,17,43,0.85359477124183
vehicle,bo_tpe,17,44,0.85359477124183
vehicle,bo_tpe,17,45,0.85359477124183
vehicle,bo_tpe,17,46,0.85359477124183
vehicle,bo_tpe,17,47,0.85359477124183
vehicle,bo_tpe,17,48,0.85359477124183
vehicle,bo_tpe,17,49,0.85359477124183
vehicle,bo_tpe,17,50,0.85359477124183
vehicle,bo_tpe,17,51,0.85359477124183
vehicle,bo_tpe,17,52,0.85359477124183
vehicle,bo_tpe,17,53,0.85359477124183
vehicle,bo_tpe,17,54,0.85359477124183
vehicle,bo_tpe,17,55,0.85359477124183
vehicle,bo_tpe,17,56,0.85359477124183
vehicle,bo_tpe,17,57,0.85359477124183
vehicle,bo_tpe,17,58,0.85359477124183
vehicle,bo_tpe,17,59,0.85359477124183
vehicle,bo_tpe,17,60,0.85359477124183
vehicle,bo_tpe,17,61,0.85359477124183
vehicle,bo_tpe,17,62,0.85359477124183
vehicle,bo_tpe,17,63,0.85359477124183
vehicle,bo_tpe,17,64,0.85359477124183
vehicle,bo_tpe,17,65,0.85359477124183
vehicle,bo_tpe,17,66,0.85359477124183
vehicle,bo_tpe,17,67,0.85359477124183
vehicle,bo_tpe,17,68,0.85359477124183
vehicle,bo_tpe,17,69,0.85359477124183
vehicle,bo_tpe,17,70,0.85359477124183
vehicle,bo_tpe,17,71,0.85359477124183
vehicle,bo_tpe,17,72,0.85359477124183
vehicle,bo_tpe,17,73,0.85359477124183
vehicle,bo_tpe,17,74,0.85359477124183
vehicle,bo_tpe,17,75,0.85359477124183
vehicle,bo_tpe,17,76,0.85359477124183
vehicle,bo_tpe,17,77,0.8565250544662311
vehicle,bo_tpe,17,78,0.8565250544662311
vehicle,bo_tpe,17,79,0.8565250544662311
vehicle,bo_tpe,17,80,0.8565250544662311
vehicle,bo_tpe,17,81,0.8565250544662311
vehicle,bo_tpe,17,82,0.8565250544662311
vehicle,bo_tpe,17,83,0.8565250544662311
vehicle,bo_tpe,17,84,0.8565250544662311
vehicle,bo_tpe,17,85,0.8565250544662311
vehicle,bo_tpe,17,86,0.8565250544662311
vehicle,bo_tpe,17,87,0.8565250544662311
vehicle,bo_tpe,17,88,0.8565250544662311
vehicle,bo_tpe,17,89,0.8565250544662311
vehicle,bo_tpe,17,90,0.8565250544662311
vehicle,bo_tpe,17,91,0.8565250544662311
vehicle,bo_tpe,17,92,0.8565250544662311
vehicle,bo_tpe,17,93,0.8565250544662311
vehicle,bo_tpe,17,94,0.8565250544662311
vehicle,bo_tpe,17,95,0.8565250544662311
vehicle,bo_tpe,17,96,0.8565250544662311
vehicle,bo_tpe,17,97,0.8565250544662311
vehicle,bo_tpe,17,98,0.8565250544662311
vehicle,bo_tpe,17,99,0.8565250544662311
vehicle,bo_tpe,17,100,0.8565250544662311
vehicle,pso,17,1,0.2870261437908497
vehicle,pso,17,2,0.6923529411764706
vehicle,pso,17,3,0.6923529411764706
vehicle,pso,17,4,0.6923529411764706
vehicle,pso,17,5,0.838769063180828
vehicle,pso,17,6,0.838769063180828
vehicle,pso,17,7,0.838769063180828
vehicle,pso,17,8,0.838769063180828
vehicle,pso,17,9,0.838769063180828
vehicle,pso,17,10,0.838769063180828
vehicle,pso,17,11,0.838769063180828
vehicle,pso,17,12,0.838769063180828
vehicle,pso,17,13,0.838769063180828
vehicle,pso,17,14,0.838769063180828
vehicle,pso,17,15,0.838769063180828
vehicle,pso,17,16,0.838769063180828
vehicle,pso,17,17,0.838769063180828
vehicle,pso,17,18,0.838769063180828
vehicle,pso,17,19,0.838769063180828
vehicle,pso,17,20,0.8491394335511983
vehicle,pso,17,21,0.8491394335511983
vehicle,pso,17,22,0.8491394335511983
vehicle,pso,17,23,0.8491394335511983
vehicle,pso,17,24,0.8491394335511983
vehicle,pso,17,25,0.8491394335511983
vehicle,pso,17,26,0.8491394335511983
vehicle,pso,17,27,0.8491394335511983
vehicle,pso,17,28,0.8491394335511983
vehicle,pso,17,29,0.8491394335511983
vehicle,pso,17,30,0.8491394335511983
vehicle,pso,17,31,0.8491394335511983
vehicle,pso,17,32,0.8491394335511983
vehicle,pso,17,33,0.8491394335511983
vehicle,pso,17,34,0.8491394335511983
vehicle,pso,17,35,0.8491394335511983
vehicle,pso,17,36,0.8491394335511983
vehicle,pso,17,37,0.8491394335511983
vehicle,pso,17,38,0.8491394335511983
vehicle,pso,17,39,0.8491394335511983
vehicle,pso,17,40,0.8491394335511983
vehicle,pso,17,41,0.8491394335511983
vehicle,pso,17,42,0.8491394335511983
vehicle,pso,17,43,0.8491394335511983
vehicle,pso,17,44,0.8491394335511983
vehicle,pso,17,45,0.8521023965141612
vehicle,pso,17,46,0.8521023965141612
vehicle,pso,17,47,0.8521023965141612
vehicle,pso,17,48,0.8521023965141612
vehicle,pso,17,49,0.8521023965141612
vehicle,pso,17,50,0.8521023965141612
vehicle,pso,17,51,0.8521023965141612
vehicle,pso,17,52,0.8521023965141612
vehicle,pso,17,53,0.8521023965141612
vehicle,pso,17,54,0.8521023965141612
vehicle,pso,17,55,0.8521023965141612
vehicle,pso,17,56,0.8521023965141612
vehicle,pso,17,57,0.8521023965141612
vehicle,pso,17,58,0.8521023965141612
vehicle,pso,17,59,0.8521023965141612
vehicle,pso,17,60,0.8521023965141612
vehicle,pso,17,61,0.8521023965141612
vehicle,pso,17,62,0.8521023965141612
vehicle,pso,17,63,0.8521023965141612
vehicle,pso,17,64,0.8521023965141612
vehicle,pso,17,65,0.8521023965141612
vehicle,pso,17,66,0.8521023965141612
vehicle,pso,17,67,0.8521023965141612
vehicle,pso,17,68,0.8521023965141612
vehicle,pso,17,69,0.8521023965141612
vehicle,pso,17,70,0.8521023965141612
vehicle,pso,17,71,0.8521023965141612
vehicle,pso,17,72,0.8521023965141612
vehicle,pso,17,73,0.8521023965141612
vehicle,pso,17,74,0.8521023965141612
vehicle,pso,17,75,0.8521023965141612
vehicle,pso,17,76,0.8521023965141612
vehicle,pso,17,77,0.8521241830065358
vehicle,pso,17,78,0.8521241830065358
vehicle,pso,17,79,0.8521241830065358
vehicle,pso,17,80,0.8521241830065358
vehicle,pso,17,81,0.8521241830065358
vehicle,pso,17,82,0.8535838779956428
vehicle,pso,17,83,0.8535838779956428
vehicle,pso,17,84,0.8535838779956428
vehicle,pso,17,85,0.8535838779956428
vehicle,pso,17,86,0.8535838779956428
vehicle,pso,17,87,0.8535838779956428
vehicle,pso,17,88,0.8535838779956428
vehicle,pso,17,89,0.8535838779956428
vehicle,pso,17,90,0.8535838779956428
vehicle,pso,17,91,0.8535838779956428
vehicle,pso,17,92,0.8535838779956428
vehicle,pso,17,93,0.8535838779956428
vehicle,pso,17,94,0.8535838779956428
vehicle,pso,17,95,0.8535838779956428
vehicle,pso,17,96,0.8535838779956428
vehicle,pso,17,97,0.8535838779956428
vehicle,pso,17,98,0.8535838779956428
vehicle,pso,17,99,0.8535838779956428
vehicle,pso,17,100,0.8535838779956428
vehicle,de,17,1,0.8136274509803922
vehicle,de,17,2,0.8165904139433552
vehicle,de,17,3,0.8165904139433552
vehicle,de,17,4,0.81958605664488
vehicle,de,17,5,0.81958605664488
vehicle,de,17,6,0.81958605664488
vehicle,de,17,7,0.81958605664488
vehicle,de,17,8,0.81958605664488
vehicle,de,17,9,0.81958605664488
vehicle,de,17,10,0.81958605664488
vehicle,de,17,11,0.81958605664488
vehicle,de,17,12,0.8313507625272332
vehicle,de,17,13,0.8313507625272332
vehicle,de,17,14,0.8313507625272332
vehicle,de,17,15,0.8313507625272332
vehicle,de,17,16,0.8313507625272332
vehicle,de,17,17,0.8313507625272332
vehicle,de,17,18,0.8313507625272332
vehicle,de,17,19,0.8313507625272332
vehicle,de,17,20,0.8417538126361656
vehicle,de,17,21,0.8417538126361656
vehicle,de,17,22,0.8417538126361656
vehicle,de,17,23,0.8417538126361656
vehicle,de,17,24,0.8417538126361656
vehicle,de,17,25,0.8417538126361656
vehicle,de,17,26,0.8417538126361656
vehicle,de,17,27,0.8417538126361656
vehicle,de,17,28,0.8506100217864925
vehicle,de,17,29,0.8506100217864925
vehicle,de,17,30,0.8506100217864925
vehicle,de,17,31,0.8506100217864925
vehicle,de,17,32,0.8506100217864925
vehicle,de,17,33,0.8506100217864925
vehicle,de,17,34,0.8506100217864925
vehicle,de,17,35,0.8506100217864925
vehicle,de,17,36,0.8506100217864925
vehicle,de,17,37,0.8506100217864925
vehicle,de,17,38,0.8506100217864925
vehicle,de,17,39,0.8506100217864925
vehicle,de,17,40,0.8506100217864925
vehicle,de,17,41,0.8506100217864925
vehicle,de,17,42,0.8506100217864925
vehicle,de,17,43,0.8506100217864925
vehicle,de,17,44,0.8506100217864925
vehicle,de,17,45,0.8506100217864925
vehicle,de,17,46,0.8506100217864925
vehicle,de,17,47,0.8506100217864925
vehicle,de,17,48,0.8506100217864925
vehicle,de,17,49,0.8506100217864925
vehicle,de,17,50,0.8506100217864925
vehicle,de,17,51,0.8565359477124183
vehicle,de,17,52,0.8565359477124183
vehicle,de,17,53,0.8565359477124183
vehicle,de,17,54,0.8565359477124183
vehicle,de,17,55,0.8565359477124183
vehicle,de,17,56,0.8565359477124183
vehicle,de,17,57,0.8565359477124183
vehicle,de,17,58,0.8565359477124183
vehicle,de,17,59,0.8565359477124183
vehicle,de,17,60,0.8565359477124183
vehicle,de,17,61,0.8565359477124183
vehicle,de,17,62,0.8565359477124183
vehicle,de,17,63,0.8565359477124183
vehicle,de,17,64,0.8565359477124183
vehicle,de,17,65,0.8565359477124183
vehicle,de,17,66,0.8565359477124183
vehicle,de,17,67,0.8565359477124183
vehicle,de,17,68,0.8565359477124183
vehicle,de,17,69,0.8565359477124183
vehicle,de,17,70,0.8565359477124183
vehicle,de,17,71,0.8565359477124183
vehicle,de,17,72,0.8565359477124183
vehicle,de,17,73,0.8565359477124183
vehicle,de,17,74,0.8565359477124183
vehicle,de,17,75,0.8565359477124183
vehicle,de,17,76,0.8565359477124183
vehicle,de,17,77,0.8565359477124183
vehicle,de,17,78,0.8565359477124183
vehicle,de,17,79,0.8565359477124183
vehicle,de,17,80,0.8565359477124183
vehicle,de,17,81,0.8565359477124183
vehicle,de,17,82,0.8565359477124183
vehicle,de,17,83,0.8565359477124183
vehicle,de,17,84,0.8565359477124183
vehicle,de,17,85,0.8565359477124183
vehicle,de,17,86,0.8565359477124183
vehicle,de,17,87,0.8565359477124183
vehicle,de,17,88,0.8565359477124183
vehicle,de,17,89,0.8565359477124183
vehicle,de,17,90,0.8565359477124183
vehicle,de,17,91,0.8565359477124183
vehicle,de,17,92,0.8565359477124183
vehicle,de,17,93,0.8565359477124183
vehicle,de,17,94,0.8565359477124183
vehicle,de,17,95,0.8565359477124183
vehicle,de,17,96,0.8565359477124183
vehicle,de,17,97,0.8565359477124183
vehicle,de,17,98,0.8565359477124183
vehicle,de,17,99,0.8565359477124183
vehicle,de,17,100,0.8565359477124183
vehicle,ga,17,1,0.8136274509803922
vehicle,ga,17,2,0.8165904139433552
vehicle,ga,17,3,0.8165904139433552
vehicle,ga,17,4,0.81958605664488
vehicle,ga,17,5,0.81958605664488
vehicle,ga,17,6,0.81958605664488
vehicle,ga,17,7,0.81958605664488
vehicle,ga,17,8,0.81958605664488
vehicle,ga,17,9,0.81958605664488
vehicle,ga,17,10,0.81958605664488
vehicle,ga,17,11,0.81958605664488
vehicle,ga,17,12,0.8313507625272332
vehicle,ga,17,13,0.8313507625272332
vehicle,ga,17,14,0.8313507625272332
vehicle,ga,17,15,0.8313507625272332
vehicle,ga,17,16,0.8313507625272332
vehicle,ga,17,17,0.8313507625272332
vehicle,ga,17,18,0.8313507625272332
vehicle,ga,17,19,0.8313507625272332
vehicle,ga,17,20,0.8417538126361656
vehicle,ga,17,21,0.8417538126361656
vehicle,ga,17,22,0.8417538126361656
vehicle,ga,17,23,0.8417538126361656
vehicle,ga,17,24,0.8417538126361656
vehicle,ga,17,25,0.8417538126361656
vehicle,ga,17,26,0.8417538126361656
vehicle,ga,17,27,0.8417538126361656
vehicle,ga,17,28,0.8417538126361656
vehicle,ga,17,29,0.8417538126361656
vehicle,ga,17,30,0.8417538126361656
vehicle,ga,17,31,0.8417538126361656
vehicle,ga,17,32,0.8417538126361656
vehicle,ga,17,33,0.8417538126361656
vehicle,ga,17,34,0.8417538126361656
vehicle,ga,17,35,0.8417538126361656
vehicle,ga,17,36,0.8417538126361656
vehicle,ga,17,37,0.8417538126361656
vehicle,ga,17,38,0.8417538126361656
vehicle,ga,17,39,0.8417538126361656
vehicle,ga,17,40,0.8417538126361656
vehicle,ga,17,41,0.8417538126361656
vehicle,ga,17,42,0.8417538126361656
vehicle,ga,17,43,0.8417538126361656
vehicle,ga,17,44,0.8417538126361656
vehicle,ga,17,45,0.8417538126361656
vehicle,ga,17,46,0.8417538126361656
vehicle,ga,17,47,0.8417538126361656
vehicle,ga,17,48,0.8417538126361656
vehicle,ga,17,49,0.8417538126361656
vehicle,ga,17,50,0.8417538126361656
vehicle,ga,17,51,0.8417538126361656
vehicle,ga,17,52,0.8417538126361656
vehicle,ga,17,53,0.8417538126361656
vehicle,ga,17,54,0.8417538126361656
vehicle,ga,17,55,0.8417538126361656
vehicle,ga,17,56,0.8417538126361656
vehicle,ga,17,57,0.8417538126361656
vehicle,ga,17,58,0.8417538126361656
vehicle,ga,17,59,0.8417538126361656
vehicle,ga,17,60,0.8417538126361656
vehicle,ga,17,61,0.8417538126361656
vehicle,ga,17,62,0.8417538126361656
vehicle,ga,17,63,0.8417538126361656
vehicle,ga,17,64,0.8417538126361656
vehicle,ga,17,65,0.8417538126361656
vehicle,ga,17,66,0.8417538126361656
vehicle,ga,17,67,0.8417538126361656
vehicle,ga,17,68,0.8417538126361656
vehicle,ga,17,69,0.8417538126361656
vehicle,ga,17,70,0.8476470588235294
vehicle,ga,17,71,0.8476470588235294
vehicle,ga,17,72,0.8476470588235294
vehicle,ga,17,73,0.8476470588235294
vehicle,ga,17,74,0.8476470588235294
vehicle,ga,17,75,0.8476470588235294
vehicle,ga,17,76,0.8476470588235294
vehicle,ga,17,77,0.8476470588235294
vehicle,ga,17,78,0.8476470588235294
vehicle,ga,17,79,0.8476470588235294
vehicle,ga,17,80,0.8476470588235294
vehicle,ga,17,81,0.8476470588235294
vehicle,ga,17,82,0.8476470588235294
vehicle,ga,17,83,0.8476470588235294
vehicle,ga,17,84,0.8476470588235294
vehicle,ga,17,85,0.8476470588235294
vehicle,ga,17,86,0.8476470588235294
vehicle,ga,17,87,0.8476470588235294
vehicle,ga,17,88,0.8476470588235294
vehicle,ga,17,89,0.8476470588235294
vehicle,ga,17,90,0.8476470588235294
vehicle,ga,17,91,0.8476470588235294
vehicle,ga,17,92,0.8506100217864925
vehicle,ga,17,93,0.8506100217864925
vehicle,ga,17,94,0.8506100217864925
vehicle,ga,17,95,0.8506100217864925
vehicle,ga,17,96,0.8506100217864925
vehicle,ga,17,97,0.8506100217864925
vehicle,ga,17,98,0.8506100217864925
vehicle,ga,17,99,0.8506100217864925
vehicle,ga,17,100,0.8506100217864925
vehicle,grid,18,1,0.2929520697167756
vehicle,grid,18,2,0.2944335511982571
vehicle,grid,18,3,0.2944335511982571
vehicle,grid,18,4,0.2944335511982571
vehicle,grid,18,5,0.2944335511982571
vehicle,grid,18,6,0.3979847494553377
vehicle,grid,18,7,0.4171677559912853
vehicle,grid,18,8,0.4171677559912853
vehicle,grid,18,9,0.4171677559912853
vehicle,grid,18,10,0.4171677559912853
vehicle,grid,18,11,0.4171677559912853
vehicle,grid,18,12,0.4171677559912853
vehicle,grid,18,13,0.4171677559912853
vehicle,grid,18,14,0.4171677559912853
vehicle,grid,18,15,0.4984749455337691
vehicle,grid,18,16,0.6109803921568627
vehicle,grid,18,17,0.6642265795206972
vehicle,grid,18,18,0.6642265795206972
vehicle,grid,18,19,0.6642265795206972
vehicle,grid,18,20,0.6642265795206972
vehicle,grid,18,21,0.6642265795206972
vehicle,grid,18,22,0.6642265795206972
vehicle,grid,18,23,0.6642265795206972
vehicle,grid,18,24,0.6642265795206972
vehicle,grid,18,25,0.6775490196078431
vehicle,grid,18,26,0.7219825708061002
vehicle,grid,18,27,0.7440958605664487
vehicle,grid,18,28,0.7440958605664487
vehicle,grid,18,29,0.7440958605664487
vehicle,grid,18,30,0.7440958605664487
vehicle,grid,18,31,0.7440958605664487
vehicle,grid,18,32,0.7440958605664487
vehicle,grid,18,33,0.7440958605664487
vehicle,grid,18,34,0.7440958605664487
vehicle,grid,18,35,0.7440958605664487
vehicle,grid,18,36,0.7914596949891066
vehicle,grid,18,37,0.7914596949891066
vehicle,grid,18,38,0.7914596949891066
vehicle,grid,18,39,0.7914596949891066
vehicle,grid,18,40,0.7914596949891066
vehicle,grid,18,41,0.7914596949891066
vehicle,grid,18,42,0.7914596949891066
vehicle,grid,18,43,0.7914596949891066
vehicle,grid,18,44,0.7914596949891066
vehicle,grid,18,45,0.8003159041394335
vehicle,grid,18,46,0.8121786492374727
vehicle,grid,18,47,0.8121786492374727
vehicle,grid,18,48,0.8121786492374727
vehicle,grid,18,49,0.8121786492374727
vehicle,grid,18,50,0.8121786492374727
vehicle,grid,18,51,0.8121786492374727
vehicle,grid,18,52,0.8121786492374727
vehicle,grid,18,53,0.8121786492374727
vehicle,grid,18,54,0.8121786492374727
vehicle,grid,18,55,0.8210457516339869
vehicle,grid,18,56,0.8313398692810458
vehicle,grid,18,57,0.8313398692810458
vehicle,grid,18,58,0.8313398692810458
vehicle,grid,18,59,0.8313398692810458
vehicle,grid,18,60,0.8313398692810458
vehicle,grid,18,61,0.8313398692810458
vehicle,grid,18,62,0.8313398692810458
vehicle,grid,18,63,0.8313398692810458
vehicle,grid,18,64,0.8313398692810458
vehicle,grid,18,65,0.8313507625272332
vehicle,grid,18,66,0.8328213507625272
vehicle,grid,18,67,0.8328213507625272
vehicle,grid,18,68,0.8328213507625272
vehicle,grid,18,69,0.8328213507625272
vehicle,grid,18,70,0.8328213507625272
vehicle,grid,18,71,0.8328213507625272
vehicle,grid,18,72,0.8328213507625272
vehicle,grid,18,73,0.8328213507625272
vehicle,grid,18,74,0.8328213507625272
vehicle,grid,18,75,0.8417102396514162
vehicle,grid,18,76,0.8417102396514162
vehicle,grid,18,77,0.8417102396514162
vehicle,grid,18,78,0.8417102396514162
vehicle,grid,18,79,0.8417102396514162
vehicle,grid,18,80,0.8417102396514162
vehicle,grid,18,81,0.8417102396514162
vehicle,grid,18,82,0.8417102396514162
vehicle,grid,18,83,0.8417102396514162
vehicle,grid,18,84,0.8417102396514162
vehicle,grid,18,85,0.8417102396514162
vehicle,grid,18,86,0.8417102396514162
vehicle,grid,18,87,0.8417102396514162
vehicle,grid,18,88,0.8417102396514162
vehicle,grid,18,89,0.8417102396514162
vehicle,grid,18,90,0.8417102396514162
vehicle,grid,18,91,0.8417102396514162
vehicle,grid,18,92,0.8417102396514162
vehicle,grid,18,93,0.8417102396514162
vehicle,grid,18,94,0.8417102396514162
vehicle,grid,18,95,0.8417102396514162
vehicle,grid,18,96,0.8417102396514162
vehicle,grid,18,97,0.8417102396514162
vehicle,grid,18,98,0.8417102396514162
vehicle,grid,18,99,0.8417102396514162
vehicle,grid,18,100,0.8417102396514162
vehicle,random,18,1,0.8328540305010893
vehicle,random,18,2,0.8328540305010893
vehicle,random,18,3,0.8328540305010893
vehicle,random,18,4,0.8328540305010893
vehicle,random,18,5,0.8328540305010893
vehicle,random,18,6,0.8328540305010893
vehicle,random,18,7,0.8328540305010893
vehicle,random,18,8,0.8328540305010893
vehicle,random,18,9,0.8328540305010893
vehicle,random,18,10,0.8328540305010893
vehicle,random,18,11,0.8328540305010893
vehicle,random,18,12,0.8328540305010893
vehicle,random,18,13,0.8328540305010893
vehicle,random,18,14,0.8328540305010893
vehicle,random,18,15,0.8328540305010893
vehicle,random,18,16,0.8328540305010893
vehicle,random,18,17,0.8328540305010893
vehicle,random,18,18,0.8328540305010893
vehicle,random,18,19,0.8328540305010893
vehicle,random,18,20,0.8328540305010893
vehicle,random,18,21,0.8328540305010893
vehicle,random,18,22,0.8328540305010893
vehicle,random,18,23,0.8328540305010893
vehicle,random,18,24,0.8328540305010893
vehicle,random,18,25,0.8328540305010893
vehicle,random,18,26,0.8328540305010893
vehicle,random,18,27,0.8328540305010893
vehicle,random,18,28,0.8328540305010893
vehicle,random,18,29,0.8328540305010893
vehicle,random,18,30,0.8328540305010893
vehicle,random,18,31,0.8328540305010893
vehicle,random,18,32,0.8328540305010893
vehicle,random,18,33,0.8328540305010893
vehicle,random,18,34,0.8328540305010893
vehicle,random,18,35,0.8328540305010893
vehicle,random,18,36,0.8328540305010893
vehicle,random,18,37,0.8416993464052288
vehicle,random,18,38,0.8416993464052288
vehicle,random,18,39,0.8416993464052288
vehicle,random,18,40,0.8416993464052288
vehicle,random,18,41,0.8416993464052288
vehicle,random,18,42,0.8416993464052288
vehicle,random,18,43,0.8416993464052288
vehicle,random,18,44,0.8416993464052288
vehicle,random,18,45,0.8416993464052288
vehicle,random,18,46,0.8416993464052288
vehicle,random,18,47,0.8416993464052288
vehicle,random,18,48,0.8416993464052288
vehicle,random,18,49,0.8416993464052288
vehicle,random,18,50,0.8416993464052288
vehicle,random,18,51,0.8416993464052288
vehicle,random,18,52,0.8416993464052288
vehicle,random,18,53,0.8416993464052288
vehicle,random,18,54,0.8416993464052288
vehicle,random,18,55,0.8416993464052288
vehicle,random,18,56,0.8416993464052288
vehicle,random,18,57,0.8416993464052288
vehicle,random,18,58,0.8416993464052288
vehicle,random,18,59,0.8416993464052288
vehicle,random,18,60,0.8416993464052288
vehicle,random,18,61,0.8416993464052288
vehicle,random,18,62,0.8416993464052288
vehicle,random,18,63,0.8416993464052288
vehicle,random,18,64,0.8416993464052288
vehicle,random,18,65,0.8416993464052288
vehicle,random,18,66,0.8416993464052288
vehicle,random,18,67,0.8416993464052288
vehicle,random,18,68,0.8416993464052288
vehicle,random,18,69,0.8416993464052288
vehicle,random,18,70,0.8416993464052288
vehicle,random,18,71,0.8416993464052288
vehicle,random,18,72,0.8416993464052288
vehicle,random,18,73,0.8416993464052288
vehicle,random,18,74,0.8416993464052288
vehicle,random,18,75,0.8416993464052288
vehicle,random,18,76,0.8416993464052288
vehicle,random,18,77,0.8416993464052288
vehicle,random,18,78,0.8416993464052288
vehicle,random,18,79,0.8416993464052288
vehicle,random,18,80,0.8416993464052288
vehicle,random,18,81,0.8416993464052288
vehicle,random,18,82,0.8416993464052288
vehicle,random,18,83,0.8416993464052288
vehicle,random,18,84,0.8416993464052288
vehicle,random,18,85,0.8416993464052288
vehicle,random,18,86,0.8416993464052288
vehicle,random,18,87,0.8416993464052288
vehicle,random,18,88,0.8416993464052288
vehicle,random,18,89,0.8416993464052288
vehicle,random,18,90,0.8416993464052288
vehicle,random,18,91,0.8416993464052288
vehicle,random,18,92,0.8416993464052288
vehicle,random,18,93,0.8416993464052288
vehicle,random,18,94,0.8416993464052288
vehicle,random,18,95,0.8446840958605664
vehicle,random,18,96,0.8446840958605664
vehicle,random,18,97,0.8446840958605664
vehicle,random,18,98,0.8446840958605664
vehicle,random,18,99,0.8446840958605664
vehicle,random,18,100,0.8446840958605664
vehicle,bo_tpe,18,1,0.8328540305010893
vehicle,bo_tpe,18,2,0.8328540305010893
vehicle,bo_tpe,18,3,0.8328540305010893
vehicle,bo_tpe,18,4,0.8328540305010893
vehicle,bo_tpe,18,5,0.8328540305010893
vehicle,bo_tpe,18,6,0.8328540305010893
vehicle,bo_tpe,18,7,0.8328540305010893
vehicle,bo_tpe,18,8,0.8328540305010893
vehicle,bo_tpe,18,9,0.8328540305010893
vehicle,bo_tpe,18,10,0.8328540305010893
vehicle,bo_tpe,18,11,0.8328540305010893
vehicle,bo_tpe,18,12,0.8328540305010893
vehicle,bo_tpe,18,13,0.8328540305010893
vehicle,bo_tpe,18,14,0.8328540305010893
vehicle,bo_tpe,18,15,0.8328540305010893
vehicle,bo_tpe,18,16,0.8328540305010893
vehicle,bo_tpe,18,17,0.8328540305010893
vehicle,bo_tpe,18,18,0.8328540305010893
vehicle,bo_tpe,18,19,0.8328540305010893
vehicle,bo_tpe,18,20,0.8328540305010893
vehicle,bo_tpe,18,21,0.8328540305010893
vehicle,bo_tpe,18,22,0.8328540305010893
vehicle,bo_tpe,18,23,0.8328540305010893
vehicle,bo_tpe,18,24,0.8328540305010893
vehicle,bo_tpe,18,25,0.8328540305010893
vehicle,bo_tpe,18,26,0.8328540305010893
vehicle,bo_tpe,18,27,0.8328540305010893
vehicle,bo_tpe,18,28,0.8328540305010893
vehicle,bo_tpe,18,29,0.8328540305010893
vehicle,bo_tpe,18,30,0.8328540305010893
vehicle,bo_tpe,18,31,0.8328540305010893
vehicle,bo_tpe,18,32,0.8328540305010893
vehicle,bo_tpe,18,33,0.8328540305010893
vehicle,bo_tpe,18,34,0.8328540305010893
vehicle,bo_tpe,18,35,0.8328540305010893
vehicle,bo_tpe,18,36,0.8328540305010893
vehicle,bo_tpe,18,37,0.8328540305010893
vehicle,bo_tpe,18,38,0.8357843137254901
vehicle,bo_tpe,18,39,0.8357843137254901
vehicle,bo_tpe,18,40,0.8357843137254901
vehicle,bo_tpe,18,41,0.8357843137254901
vehicle,bo_tpe,18,42,0.8372657952069718
vehicle,bo_tpe,18,43,0.8372657952069718
vehicle,bo_tpe,18,44,0.8372657952069718
vehicle,bo_tpe,18,45,0.8372657952069718
vehicle,bo_tpe,18,46,0.8372657952069718
vehicle,bo_tpe,18,47,0.8372657952069718
vehicle,bo_tpe,18,48,0.840239651416122
vehicle,bo_tpe,18,49,0.840239651416122
vehicle,bo_tpe,18,50,0.840239651416122
vehicle,bo_tpe,18,51,0.840239651416122
vehicle,bo_tpe,18,52,0.8417102396514162
vehicle,bo_tpe,18,53,0.8417102396514162
vehicle,bo_tpe,18,54,0.8417102396514162
vehicle,bo_tpe,18,55,0.8417102396514162
vehicle,bo_tpe,18,56,0.8417102396514162
vehicle,bo_tpe,18,57,0.8417102396514162
vehicle,bo_tpe,18,58,0.8417102396514162
vehicle,bo_tpe,18,59,0.8417102396514162
vehicle,bo_tpe,18,60,0.8417102396514162
vehicle,bo_tpe,18,61,0.8417102396514162
vehicle,bo_tpe,18,62,0.8417102396514162
vehicle,bo_tpe,18,63,0.8417102396514162
vehicle,bo_tpe,18,64,0.8417102396514162
vehicle,bo_tpe,18,65,0.8417102396514162
vehicle,bo_tpe,18,66,0.8417102396514162
vehicle,bo_tpe,18,67,0.8417211328976034
vehicle,bo_tpe,18,68,0.8417211328976034
vehicle,bo_tpe,18,69,0.8417211328976034
vehicle,bo_tpe,18,70,0.8417211328976034
vehicle,bo_tpe,18,71,0.8417211328976034
vehicle,bo_tpe,18,72,0.8417211328976034
vehicle,bo_tpe,18,73,0.8417211328976034
vehicle,bo_tpe,18,74,0.8417211328976034
vehicle,bo_tpe,18,75,0.8446732026143792
vehicle,bo_tpe,18,76,0.8446732026143792
vehicle,bo_tpe,18,77,0.8446732026143792
vehicle,bo_tpe,18,78,0.8446732026143792
vehicle,bo_tpe,18,79,0.8446732026143792
vehicle,bo_tpe,18,80,0.8446732026143792
vehicle,bo_tpe,18,81,0.8446732026143792
vehicle,bo_tpe,18,82,0.8446732026143792
vehicle,bo_tpe,18,83,0.8446732026143792
vehicle,bo_tpe,18,84,0.8446732026143792
vehicle,bo_tpe,18,85,0.8446732026143792
vehicle,bo_tpe,18,86,0.8446732026143792
vehicle,bo_tpe,18,87,0.8446732026143792
vehicle,bo_tpe,18,88,0.8446732026143792
vehicle,bo_tpe,18,89,0.8446732026143792
vehicle,bo_tpe,18,90,0.8446732026143792
vehicle,bo_tpe,18,91,0.8446732026143792
vehicle,bo_tpe,18,92,0.8446732026143792
vehicle,bo_tpe,18,93,0.8446732026143792
vehicle,bo_tpe,18,94,0.8446732026143792
vehicle,bo_tpe,18,95,0.8446732026143792
vehicle,bo_tpe,18,96,0.8446732026143792
vehicle,bo_tpe,18,97,0.8446732026143792
vehicle,bo_tpe,18,98,0.8446732026143792
vehicle,bo_tpe,18,99,0.8446732026143792
vehicle,bo_tpe,18,100,0.8446732026143792
vehicle,pso,18,1,0.6894117647058824
vehicle,pso,18,2,0.7618736383442265
vehicle,pso,18,3,0.8372549019607843
vehicle,pso,18,4,0.8372549019607843
vehicle,pso,18,5,0.8372549019607843
vehicle,pso,18,6,0.8372549019607843
vehicle,pso,18,7,0.8372549019607843
vehicle,pso,18,8,0.8372549019607843
vehicle,pso,18,9,0.8372549019607843
vehicle,pso,18,10,0.8372549019607843
vehicle,pso,18,11,0.8372549019607843
vehicle,pso,18,12,0.8372549019607843
vehicle,pso,18,13,0.8447058823529412
vehicle,pso,18,14,0.8447058823529412
vehicle,pso,18,15,0.8447058823529412
vehicle,pso,18,16,0.8447058823529412
vehicle,pso,18,17,0.8447058823529412
vehicle,pso,18,18,0.8447058823529412
vehicle,pso,18,19,0.8447058823529412
vehicle,pso,18,20,0.8447058823529412
vehicle,pso,18,21,0.8447058823529412
vehicle,pso,18,22,0.8447058823529412
vehicle,pso,18,23,0.8447058823529412
vehicle,pso,18,24,0.8447058823529412
vehicle,pso,18,25,0.8447058823529412
vehicle,pso,18,26,0.8447058823529412
vehicle,pso,18,27,0.8447058823529412
vehicle,pso,18,28,0.8447058823529412
vehicle,pso,18,29,0.8447058823529412
vehicle,pso,18,30,0.8447058823529412
vehicle,pso,18,31,0.8447058823529412
vehicle,pso,18,32,0.8447058823529412
vehicle,pso,18,33,0.8447058823529412
vehicle,pso,18,34,0.8447058823529412
vehicle,pso,18,35,0.8447058823529412
vehicle,pso,18,36,0.8447058823529412
vehicle,pso,18,37,0.8447058823529412
vehicle,pso,18,38,0.8447058823529412
vehicle,pso,18,39,0.8447058823529412
vehicle,pso,18,40,0.8447058823529412
vehicle,pso,18,41,0.8447058823529412
vehicle,pso,18,42,0.8447058823529412
vehicle,pso,18,43,0.8447058823529412
vehicle,pso,18,44,0.8447058823529412
vehicle,pso,18,45,0.8447058823529412
vehicle,pso,18,46,0.8447058823529412
vehicle,pso,18,47,0.8447058823529412
vehicle,pso,18,48,0.8447058823529412
vehicle,pso,18,49,0.8447058823529412
vehicle,pso,18,50,0.8447058823529412
vehicle,pso,18,51,0.8447058823529412
vehicle,pso,18,52,0.8447058823529412
vehicle,pso,18,53,0.8447058823529412
vehicle,pso,18,54,0.8447058823529412
vehicle,pso,18,55,0.8447058823529412
vehicle,pso,18,56,0.8447058823529412
vehicle,pso,18,57,0.8447058823529412
vehicle,pso,18,58,0.8447058823529412
vehicle,pso,18,59,0.8447058823529412
vehicle,pso,18,60,0.8447058823529412
vehicle,pso,18,61,0.8447058823529412
vehicle,pso,18,62,0.8447058823529412
vehicle,pso,18,63,0.8447058823529412
vehicle,pso,18,64,0.8447058823529412
vehicle,pso,18,65,0.8447058823529412
vehicle,pso,18,66,0.8447058823529412
vehicle,pso,18,67,0.8447058823529412
vehicle,pso,18,68,0.8447058823529412
vehicle,pso,18,69,0.8447058823529412
vehicle,pso,18,70,0.8447058823529412
vehicle,pso,18,71,0.8447058823529412
vehicle,pso,18,72,0.8447058823529412
vehicle,pso,18,73,0.8447058823529412
vehicle,pso,18,74,0.8447058823529412
vehicle,pso,18,75,0.8447058823529412
vehicle,pso,18,76,0.8447058823529412
vehicle,pso,18,77,0.8447058823529412
vehicle,pso,18,78,0.8447058823529412
vehicle,pso,18,79,0.8447058823529412
vehicle,pso,18,80,0.8447058823529412
vehicle,pso,18,81,0.8447058823529412
vehicle,pso,18,82,0.8447058823529412
vehicle,pso,18,83,0.8447058823529412
vehicle,pso,18,84,0.8447058823529412
vehicle,pso,18,85,0.8447058823529412
vehicle,pso,18,86,0.8447058823529412
vehicle,pso,18,87,0.8447058823529412
vehicle,pso,18,88,0.8447058823529412
vehicle,pso,18,89,0.8447058823529412
vehicle,pso,18,90,0.8447058823529412
vehicle,pso,18,91,0.8447058823529412
vehicle,pso,18,92,0.8447058823529412
vehicle,pso,18,93,0.8447058823529412
vehicle,pso,18,94,0.8447058823529412
vehicle,pso,18,95,0.8447058823529412
vehicle,pso,18,96,0.8447058823529412
vehicle,pso,18,97,0.8447058823529412
vehicle,pso,18,98,0.8447058823529412
vehicle,pso,18,99,0.8447058823529412
vehicle,pso,18,100,0.8447058823529412
vehicle,de,18,1,0.7677668845315904
vehicle,de,18,2,0.7677668845315904
vehicle,de,18,3,0.8031917211328977
vehicle,de,18,4,0.8195098039215687
vehicle,de,18,5,0.8195098039215687
vehicle,de,18,6,0.8195098039215687
vehicle,de,18,7,0.8195098039215687
vehicle,de,18,8,0.8195098039215687
vehicle,de,18,9,0.8195098039215687
vehicle,de,18,10,0.8195098039215687
vehicle,de,18,11,0.8195098039215687
vehicle,de,18,12,0.8195098039215687
vehicle,de,18,13,0.8195098039215687
vehicle,de,18,14,0.8195098039215687
vehicle,de,18,15,0.8254466230936819
vehicle,de,18,16,0.8254466230936819
vehicle,de,18,17,0.8254466230936819
vehicle,de,18,18,0.8254466230936819
vehicle,de,18,19,0.8254466230936819
vehicle,de,18,20,0.8254466230936819
vehicle,de,18,21,0.8254466230936819
vehicle,de,18,22,0.8254466230936819
vehicle,de,18,23,0.8328322440087146
vehicle,de,18,24,0.8328322440087146
vehicle,de,18,25,0.8328322440087146
vehicle,de,18,26,0.8328322440087146
vehicle,de,18,27,0.8328322440087146
vehicle,de,18,28,0.8328322440087146
vehicle,de,18,29,0.8328322440087146
vehicle,de,18,30,0.8328322440087146
vehicle,de,18,31,0.8328322440087146
vehicle,de,18,32,0.8328322440087146
vehicle,de,18,33,0.8328322440087146
vehicle,de,18,34,0.8328322440087146
vehicle,de,18,35,0.8328322440087146
vehicle,de,18,36,0.8328322440087146
vehicle,de,18,37,0.8328322440087146
vehicle,de,18,38,0.8328322440087146
vehicle,de,18,39,0.8328322440087146
vehicle,de,18,40,0.8328322440087146
vehicle,de,18,41,0.8328322440087146
vehicle,de,18,42,0.8328322440087146
vehicle,de,18,43,0.8328322440087146
vehicle,de,18,44,0.8328322440087146
vehicle,de,18,45,0.8328322440087146
vehicle,de,18,46,0.8328322440087146
vehicle,de,18,47,0.8328322440087146
vehicle,de,18,48,0.8328322440087146
vehicle,de,18,49,0.8328322440087146
vehicle,de,18,50,0.8328322440087146
vehicle,de,18,51,0.8328322440087146
vehicle,de,18,52,0.8328322440087146
vehicle,de,18,53,0.8328540305010893
vehicle,de,18,54,0.8328540305010893
vehicle,de,18,55,0.8328540305010893
vehicle,de,18,56,0.8328540305010893
vehicle,de,18,57,0.8328540305010893
vehicle,de,18,58,0.8328540305010893
vehicle,de,18,59,0.8328540305010893
vehicle,de,18,60,0.8328540305010893
vehicle,de,18,61,0.8328540305010893
vehicle,de,18,62,0.8328540305010893
vehicle,de,18,63,0.8328540305010893
vehicle,de,18,64,0.8328540305010893
vehicle,de,18,65,0.8328540305010893
vehicle,de,18,66,0.8328540305010893
vehicle,de,18,67,0.8328540305010893
vehicle,de,18,68,0.8357952069716775
vehicle,de,18,69,0.8357952069716775
vehicle,de,18,70,0.8357952069716775
vehicle,de,18,71,0.8357952069716775
vehicle,de,18,72,0.8357952069716775
vehicle,de,18,73,0.8357952069716775
vehicle,de,18,74,0.8357952069716775
vehicle,de,18,75,0.8357952069716775
vehicle,de,18,76,0.8402614379084967
vehicle,de,18,77,0.8402614379084967
vehicle,de,18,78,0.8402614379084967
vehicle,de,18,79,0.8402614379084967
vehicle,de,18,80,0.8402614379084967
vehicle,de,18,81,0.8402614379084967
vehicle,de,18,82,0.8402614379084967
vehicle,de,18,83,0.8402614379084967
vehicle,de,18,84,0.8402614379084967
vehicle,de,18,85,0.8402614379084967
vehicle,de,18,86,0.8402614379084967
vehicle,de,18,87,0.8417320261437908
vehicle,de,18,88,0.8417320261437908
vehicle,de,18,89,0.8417320261437908
vehicle,de,18,90,0.8417320261437908
vehicle,de,18,91,0.8432244008714598
vehicle,de,18,92,0.8432244008714598
vehicle,de,18,93,0.8432244008714598
vehicle,de,18,94,0.8432244008714598
vehicle,de,18,95,0.8432244008714598
vehicle,de,18,96,0.8432244008714598
vehicle,de,18,97,0.8432244008714598
vehicle,de,18,98,0.8432244008714598
vehicle,de,18,99,0.8432244008714598
vehicle,de,18,100,0.8432244008714598
vehicle,ga,18,1,0.7677668845315904
vehicle,ga,18,2,0.7677668845315904
vehicle,ga,18,3,0.8031917211328977
vehicle,ga,18,4,0.8195098039215687
vehicle,ga,18,5,0.8195098039215687
vehicle,ga,18,6,0.8195098039215687
vehicle,ga,18,7,0.8195098039215687
vehicle,ga,18,8,0.8195098039215687
vehicle,ga,18,9,0.8195098039215687
vehicle,ga,18,10,0.8195098039215687
vehicle,ga,18,11,0.8195098039215687
vehicle,ga,18,12,0.8195098039215687
vehicle,ga,18,13,0.8195098039215687
vehicle,ga,18,14,0.8195098039215687
vehicle,ga,18,15,0.8254466230936819
vehicle,ga,18,16,0.8254466230936819
vehicle,ga,18,17,0.8254466230936819
vehicle,ga,18,18,0.8254466230936819
vehicle,ga,18,19,0.8254466230936819
vehicle,ga,18,20,0.8254466230936819
vehicle,ga,18,21,0.8254466230936819
vehicle,ga,18,22,0.8254466230936819
vehicle,ga,18,23,0.8254466230936819
vehicle,ga,18,24,0.8254466230936819
vehicle,ga,18,25,0.8313616557734205
vehicle,ga,18,26,0.8416993464052288
vehicle,ga,18,27,0.8416993464052288
vehicle,ga,18,28,0.8416993464052288
vehicle,ga,18,29,0.8416993464052288
vehicle,ga,18,30,0.8416993464052288
vehicle,ga,18,31,0.8416993464052288
vehicle,ga,18,32,0.8416993464052288
vehicle,ga,18,33,0.8416993464052288
vehicle,ga,18,34,0.8416993464052288
vehicle,ga,18,35,0.8416993464052288
vehicle,ga,18,36,0.8416993464052288
vehicle,ga,18,37,0.8416993464052288
vehicle,ga,18,38,0.8416993464052288
vehicle,ga,18,39,0.8416993464052288
vehicle,ga,18,40,0.8416993464052288
vehicle,ga,18,41,0.8416993464052288
vehicle,ga,18,42,0.8416993464052288
vehicle,ga,18,43,0.8416993464052288
vehicle,ga,18,44,0.8416993464052288
vehicle,ga,18,45,0.8416993464052288
vehicle,ga,18,46,0.8416993464052288
vehicle,ga,18,47,0.8416993464052288
vehicle,ga,18,48,0.8416993464052288
vehicle,ga,18,49,0.8416993464052288
vehicle,ga,18,50,0.8416993464052288
vehicle,ga,18,51,0.8416993464052288
vehicle,ga,18,52,0.8416993464052288
vehicle,ga,18,53,0.8416993464052288
vehicle,ga,18,54,0.8416993464052288
vehicle,ga,18,55,0.8416993464052288
vehicle,ga,18,56,0.8416993464052288
vehicle,ga,18,57,0.8416993464052288
vehicle,ga,18,58,0.8416993464052288
vehicle,ga,18,59,0.8416993464052288
vehicle,ga,18,60,0.8416993464052288
vehicle,ga,18,61,0.8416993464052288
vehicle,ga,18,62,0.8416993464052288
vehicle,ga,18,63,0.8416993464052288
vehicle,ga,18,64,0.8416993464052288
vehicle,ga,18,65,0.8416993464052288
vehicle,ga,18,66,0.8416993464052288
vehicle,ga,18,67,0.8416993464052288
vehicle,ga,18,68,0.8416993464052288
vehicle,ga,18,69,0.8416993464052288
vehicle,ga,18,70,0.8416993464052288
vehicle,ga,18,71,0.8416993464052288
vehicle,ga,18,72,0.8416993464052288
vehicle,ga,18,73,0.8416993464052288
vehicle,ga,18,74,0.8416993464052288
vehicle,ga,18,75,0.8416993464052288
vehicle,ga,18,76,0.8416993464052288
vehicle,ga,18,77,0.8416993464052288
vehicle,ga,18,78,0.8416993464052288
vehicle,ga,18,79,0.8416993464052288
vehicle,ga,18,80,0.8416993464052288
vehicle,ga,18,81,0.8416993464052288
vehicle,ga,18,82,0.8416993464052288
vehicle,ga,18,83,0.8416993464052288
vehicle,ga,18,84,0.8416993464052288
vehicle,ga,18,85,0.8416993464052288
vehicle,ga,18,86,0.8416993464052288
vehicle,ga,18,87,0.8416993464052288
vehicle,ga,18,88,0.8416993464052288
vehicle,ga,18,89,0.8416993464052288
vehicle,ga,18,90,0.8416993464052288
vehicle,ga,18,91,0.8416993464052288
vehicle,ga,18,92,0.8416993464052288
vehicle,ga,18,93,0.8416993464052288
vehicle,ga,18,94,0.8416993464052288
vehicle,ga,18,95,0.8416993464052288
vehicle,ga,18,96,0.8416993464052288
vehicle,ga,18,97,0.8416993464052288
vehicle,ga,18,98,0.8416993464052288
vehicle,ga,18,99,0.8416993464052288
vehicle,ga,18,100,0.8416993464052288
vehicle,grid,19,1,0.2914705882352941
vehicle,grid,19,2,0.2914705882352941
vehicle,grid,19,3,0.2959150326797385
vehicle,grid,19,4,0.3018409586056644
vehicle,grid,19,5,0.3018409586056644
vehicle,grid,19,6,0.4068627450980392
vehicle,grid,19,7,0.4068627450980392
vehicle,grid,19,8,0.4068627450980392
vehicle,grid,19,9,0.4068627450980392
vehicle,grid,19,10,0.4068627450980392
vehicle,grid,19,11,0.4068627450980392
vehicle,grid,19,12,0.4068627450980392
vehicle,grid,19,13,0.4068627450980392
vehicle,grid,19,14,0.4068627450980392
vehicle,grid,19,15,0.4984749455337691
vehicle,grid,19,16,0.6480174291938998
vehicle,grid,19,17,0.6835076252723311
vehicle,grid,19,18,0.6835076252723311
vehicle,grid,19,19,0.6835076252723311
vehicle,grid,19,20,0.6835076252723311
vehicle,grid,19,21,0.6835076252723311
vehicle,grid,19,22,0.6835076252723311
vehicle,grid,19,23,0.6835076252723311
vehicle,grid,19,24,0.6835076252723311
vehicle,grid,19,25,0.6894553376906318
vehicle,grid,19,26,0.7426797385620916
vehicle,grid,19,27,0.7530174291938998
vehicle,grid,19,28,0.7530174291938998
vehicle,grid,19,29,0.7530174291938998
vehicle,grid,19,30,0.7530174291938998
vehicle,grid,19,31,0.7530174291938998
vehicle,grid,19,32,0.7530174291938998
vehicle,grid,19,33,0.7530174291938998
vehicle,grid,19,34,0.7530174291938998
vehicle,grid,19,35,0.7530718954248365
vehicle,grid,19,36,0.8003921568627451
vehicle,grid,19,37,0.8003921568627451
vehicle,grid,19,38,0.8003921568627451
vehicle,grid,19,39,0.8003921568627451
vehicle,grid,19,40,0.8003921568627451
vehicle,grid,19,41,0.8003921568627451
vehicle,grid,19,42,0.8003921568627451
vehicle,grid,19,43,0.8003921568627451
vehicle,grid,19,44,0.8003921568627451
vehicle,grid,19,45,0.8003921568627451
vehicle,grid,19,46,0.8284531590413943
vehicle,grid,19,47,0.8284531590413943
vehicle,grid,19,48,0.8284531590413943
vehicle,grid,19,49,0.8284531590413943
vehicle,grid,19,50,0.8284531590413943
vehicle,grid,19,51,0.8284531590413943
vehicle,grid,19,52,0.8284531590413943
vehicle,grid,19,53,0.8284531590413943
vehicle,grid,19,54,0.8284531590413943
vehicle,grid,19,55,0.8284531590413943
vehicle,grid,19,56,0.8403485838779956
vehicle,grid,19,57,0.8403485838779956
vehicle,grid,19,58,0.8403485838779956
vehicle,grid,19,59,0.8403485838779956
vehicle,grid,19,60,0.8403485838779956
vehicle,grid,19,61,0.8403485838779956
vehicle,grid,19,62,0.8403485838779956
vehicle,grid,19,63,0.8403485838779956
vehicle,grid,19,64,0.8403485838779956
vehicle,grid,19,65,0.849193899782135
vehicle,grid,19,66,0.849193899782135
vehicle,grid,19,67,0.849193899782135
vehicle,grid,19,68,0.849193899782135
vehicle,grid,19,69,0.849193899782135
vehicle,grid,19,70,0.849193899782135
vehicle,grid,19,71,0.849193899782135
vehicle,grid,19,72,0.849193899782135
vehicle,grid,19,73,0.849193899782135
vehicle,grid,19,74,0.849193899782135
vehicle,grid,19,75,0.849193899782135
vehicle,grid,19,76,0.849193899782135
vehicle,grid,19,77,0.849193899782135
vehicle,grid,19,78,0.849193899782135
vehicle,grid,19,79,0.849193899782135
vehicle,grid,19,80,0.849193899782135
vehicle,grid,19,81,0.849193899782135
vehicle,grid,19,82,0.849193899782135
vehicle,grid,19,83,0.849193899782135
vehicle,grid,19,84,0.849193899782135
vehicle,grid,19,85,0.849193899782135
vehicle,grid,19,86,0.849193899782135
vehicle,grid,19,87,0.849193899782135
vehicle,grid,19,88,0.849193899782135
vehicle,grid,19,89,0.849193899782135
vehicle,grid,19,90,0.849193899782135
vehicle,grid,19,91,0.849193899782135
vehicle,grid,19,92,0.849193899782135
vehicle,grid,19,93,0.849193899782135
vehicle,grid,19,94,0.849193899782135
vehicle,grid,19,95,0.849193899782135
vehicle,grid,19,96,0.849193899782135
vehicle,grid,19,97,0.849193899782135
vehicle,grid,19,98,0.849193899782135
vehicle,grid,19,99,0.849193899782135
vehicle,grid,19,100,0.849193899782135
vehicle,random,19,1,0.5177777777777777
vehicle,random,19,2,0.5177777777777777
vehicle,random,19,3,0.5177777777777777
vehicle,random,19,4,0.683474945533769
vehicle,random,19,5,0.813681917211329
vehicle,random,19,6,0.813681917211329
vehicle,random,19,7,0.813681917211329
vehicle,random,19,8,0.813681917211329
vehicle,random,19,9,0.813681917211329
vehicle,random,19,10,0.813681917211329
vehicle,random,19,11,0.813681917211329
vehicle,random,19,12,0.8225708061002178
vehicle,random,19,13,0.8225708061002178
vehicle,random,19,14,0.8225708061002178
vehicle,random,19,15,0.8225708061002178
vehicle,random,19,16,0.8225708061002178
vehicle,random,19,17,0.8388671023965142
vehicle,random,19,18,0.8388671023965142
vehicle,random,19,19,0.8388671023965142
vehicle,random,19,20,0.8388671023965142
vehicle,random,19,21,0.8388671023965142
vehicle,random,19,22,0.8388671023965142
vehicle,random,19,23,0.8388671023965142
vehicle,random,19,24,0.8388671023965142
vehicle,random,19,25,0.8388671023965142
vehicle,random,19,26,0.8388671023965142
vehicle,random,19,27,0.8388671023965142
vehicle,random,19,28,0.8388671023965142
vehicle,random,19,29,0.8388671023965142
vehicle,random,19,30,0.8388671023965142
vehicle,random,19,31,0.8388671023965142
vehicle,random,19,32,0.8388671023965142
vehicle,random,19,33,0.8388671023965142
vehicle,random,19,34,0.8388671023965142
vehicle,random,19,35,0.8388671023965142
vehicle,random,19,36,0.8403485838779957
vehicle,random,19,37,0.8403485838779957
vehicle,random,19,38,0.8403485838779957
vehicle,random,19,39,0.8403485838779957
vehicle,random,19,40,0.8403485838779957
vehicle,random,19,41,0.8403485838779957
vehicle,random,19,42,0.8403485838779957
vehicle,random,19,43,0.8403485838779957
vehicle,random,19,44,0.8403485838779957
vehicle,random,19,45,0.8403485838779957
vehicle,random,19,46,0.8403485838779957
vehicle,random,19,47,0.8403485838779957
vehicle,random,19,48,0.8403485838779957
vehicle,random,19,49,0.8403485838779957
vehicle,random,19,50,0.8403485838779957
vehicle,random,19,51,0.8403485838779957
vehicle,random,19,52,0.8403485838779957
vehicle,random,19,53,0.8403485838779957
vehicle,random,19,54,0.8403485838779957
vehicle,random,19,55,0.8403485838779957
vehicle,random,19,56,0.8403485838779957
vehicle,random,19,57,0.8403485838779957
vehicle,random,19,58,0.8403485838779957
vehicle,random,19,59,0.8403485838779957
vehicle,random,19,60,0.8403485838779957
vehicle,random,19,61,0.8403485838779957
vehicle,random,19,62,0.8403485838779957
vehicle,random,19,63,0.8403485838779957
vehicle,random,19,64,0.8403485838779957
vehicle,random,19,65,0.8403485838779957
vehicle,random,19,66,0.8403485838779957
vehicle,random,19,67,0.8403485838779957
vehicle,random,19,68,0.8403485838779957
vehicle,random,19,69,0.8403485838779957
vehicle,random,19,70,0.8403485838779957
vehicle,random,19,71,0.8403485838779957
vehicle,random,19,72,0.8403485838779957
vehicle,random,19,73,0.8403485838779957
vehicle,random,19,74,0.8403485838779957
vehicle,random,19,75,0.8403485838779957
vehicle,random,19,76,0.8403485838779957
vehicle,random,19,77,0.8403485838779957
vehicle,random,19,78,0.8403485838779957
vehicle,random,19,79,0.8403485838779957
vehicle,random,19,80,0.8403485838779957
vehicle,random,19,81,0.8403485838779957
vehicle,random,19,82,0.8403485838779957
vehicle,random,19,83,0.8403485838779957
vehicle,random,19,84,0.8403485838779957
vehicle,random,19,85,0.8403485838779957
vehicle,random,19,86,0.8403485838779957
vehicle,random,19,87,0.8403485838779957
vehicle,random,19,88,0.8403485838779957
vehicle,random,19,89,0.8403485838779957
vehicle,random,19,90,0.8403485838779957
vehicle,random,19,91,0.8403485838779957
vehicle,random,19,92,0.8403485838779957
vehicle,random,19,93,0.8403485838779957
vehicle,random,19,94,0.8403485838779957
vehicle,random,19,95,0.8403485838779957
vehicle,random,19,96,0.8403485838779957
vehicle,random,19,97,0.8403485838779957
vehicle,random,19,98,0.8403485838779957
vehicle,random,19,99,0.8403485838779957
vehicle,random,19,100,0.8403485838779957
vehicle,bo_tpe,19,1,0.5177777777777777
vehicle,bo_tpe,19,2,0.5177777777777777
vehicle,bo_tpe,19,3,0.5177777777777777
vehicle,bo_tpe,19,4,0.683474945533769
vehicle,bo_tpe,19,5,0.813681917211329
vehicle,bo_tpe,19,6,0.813681917211329
vehicle,bo_tpe,19,7,0.813681917211329
vehicle,bo_tpe,19,8,0.813681917211329
vehicle,bo_tpe,19,9,0.813681917211329
vehicle,bo_tpe,19,10,0.813681917211329
vehicle,bo_tpe,19,11,0.813681917211329
vehicle,bo_tpe,19,12,0.813681917211329
vehicle,bo_tpe,19,13,0.8314161220043573
vehicle,bo_tpe,19,14,0.8328976034858387
vehicle,bo_tpe,19,15,0.8373420479302831
vehicle,bo_tpe,19,16,0.8403050108932462
vehicle,bo_tpe,19,17,0.8403050108932462
vehicle,bo_tpe,19,18,0.8403050108932462
vehicle,bo_tpe,19,19,0.8403050108932462
vehicle,bo_tpe,19,20,0.8403050108932462
vehicle,bo_tpe,19,21,0.8403050108932462
vehicle,bo_tpe,19,22,0.8403050108932462
vehicle,bo_tpe,19,23,0.840326797385621
vehicle,bo_tpe,19,24,0.8447603485838779
vehicle,bo_tpe,19,25,0.8477124183006536
vehicle,bo_tpe,19,26,0.8477124183006536
vehicle,bo_tpe,19,27,0.8477124183006536
vehicle,bo_tpe,19,28,0.8521568627450978
vehicle,bo_tpe,19,29,0.8521568627450978
vehicle,bo_tpe,19,30,0.8521568627450978
vehicle,bo_tpe,19,31,0.8521568627450978
vehicle,bo_tpe,19,32,0.852156862745098
vehicle,bo_tpe,19,33,0.852156862745098
vehicle,bo_tpe,19,34,0.852156862745098
vehicle,bo_tpe,19,35,0.852156862745098
vehicle,bo_tpe,19,36,0.852156862745098
vehicle,bo_tpe,19,37,0.852156862745098
vehicle,bo_tpe,19,38,0.852156862745098
vehicle,bo_tpe,19,39,0.852156862745098
vehicle,bo_tpe,19,40,0.852156862745098
vehicle,bo_tpe,19,41,0.852156862745098
vehicle,bo_tpe,19,42,0.852156862745098
vehicle,bo_tpe,19,43,0.852156862745098
vehicle,bo_tpe,19,44,0.852156862745098
vehicle,bo_tpe,19,45,0.852156862745098
vehicle,bo_tpe,19,46,0.852156862745098
vehicle,bo_tpe,19,47,0.852156862745098
vehicle,bo_tpe,19,48,0.852156862745098
vehicle,bo_tpe,19,49,0.852156862745098
vehicle,bo_tpe,19,50,0.852156862745098
vehicle,bo_tpe,19,51,0.852156862745098
vehicle,bo_tpe,19,52,0.852156862745098
vehicle,bo_tpe,19,53,0.852156862745098
vehicle,bo_tpe,19,54,0.852156862745098
vehicle,bo_tpe,19,55,0.852156862745098
vehicle,bo_tpe,19,56,0.852156862745098
vehicle,bo_tpe,19,57,0.852156862745098
vehicle,bo_tpe,19,58,0.852156862745098
vehicle,bo_tpe,19,59,0.852156862745098
vehicle,bo_tpe,19,60,0.852156862745098
vehicle,bo_tpe,19,61,0.852156862745098
vehicle,bo_tpe,19,62,0.852156862745098
vehicle,bo_tpe,19,63,0.852156862745098
vehicle,bo_tpe,19,64,0.852156862745098
vehicle,bo_tpe,19,65,0.852156862745098
vehicle,bo_tpe,19,66,0.852156862745098
vehicle,bo_tpe,19,67,0.852156862745098
vehicle,bo_tpe,19,68,0.852156862745098
vehicle,bo_tpe,19,69,0.852156862745098
vehicle,bo_tpe,19,70,0.852156862745098
vehicle,bo_tpe,19,71,0.852156862745098
vehicle,bo_tpe,19,72,0.852156862745098
vehicle,bo_tpe,19,73,0.852156862745098
vehicle,bo_tpe,19,74,0.852156862745098
vehicle,bo_tpe,19,75,0.852156862745098
vehicle,bo_tpe,19,76,0.852156862745098
vehicle,bo_tpe,19,77,0.852156862745098
vehicle,bo_tpe,19,78,0.852156862745098
vehicle,bo_tpe,19,79,0.852156862745098
vehicle,bo_tpe,19,80,0.852156862745098
vehicle,bo_tpe,19,81,0.852156862745098
vehicle,bo_tpe,19,82,0.852156862745098
vehicle,bo_tpe,19,83,0.852156862745098
vehicle,bo_tpe,19,84,0.852156862745098
vehicle,bo_tpe,19,85,0.852156862745098
vehicle,bo_tpe,19,86,0.852156862745098
vehicle,bo_tpe,19,87,0.852156862745098
vehicle,bo_tpe,19,88,0.852156862745098
vehicle,bo_tpe,19,89,0.852156862745098
vehicle,bo_tpe,19,90,0.852156862745098
vehicle,bo_tpe,19,91,0.852156862745098
vehicle,bo_tpe,19,92,0.852156862745098
vehicle,bo_tpe,19,93,0.852156862745098
vehicle,bo_tpe,19,94,0.852156862745098
vehicle,bo_tpe,19,95,0.852156862745098
vehicle,bo_tpe,19,96,0.852156862745098
vehicle,bo_tpe,19,97,0.852156862745098
vehicle,bo_tpe,19,98,0.852156862745098
vehicle,bo_tpe,19,99,0.852156862745098
vehicle,bo_tpe,19,100,0.852156862745098
vehicle,pso,19,1,0.6790849673202615
vehicle,pso,19,2,0.8196078431372549
vehicle,pso,19,3,0.8196078431372549
vehicle,pso,19,4,0.8196078431372549
vehicle,pso,19,5,0.8196296296296296
vehicle,pso,19,6,0.8196296296296296
vehicle,pso,19,7,0.8196296296296296
vehicle,pso,19,8,0.8196296296296296
vehicle,pso,19,9,0.8373202614379085
vehicle,pso,19,10,0.8373202614379085
vehicle,pso,19,11,0.8373202614379085
vehicle,pso,19,12,0.8373202614379085
vehicle,pso,19,13,0.8373202614379085
vehicle,pso,19,14,0.8373202614379085
vehicle,pso,19,15,0.8373202614379085
vehicle,pso,19,16,0.8373202614379085
vehicle,pso,19,17,0.8373202614379085
vehicle,pso,19,18,0.8373202614379085
vehicle,pso,19,19,0.8373202614379085
vehicle,pso,19,20,0.8373202614379085
vehicle,pso,19,21,0.8373202614379085
vehicle,pso,19,22,0.8373202614379085
vehicle,pso,19,23,0.8373202614379085
vehicle,pso,19,24,0.8373202614379085
vehicle,pso,19,25,0.8373202614379085
vehicle,pso,19,26,0.8373202614379085
vehicle,pso,19,27,0.8373202614379085
vehicle,pso,19,28,0.8373202614379085
vehicle,pso,19,29,0.8373202614379085
vehicle,pso,19,30,0.8373202614379085
vehicle,pso,19,31,0.8373202614379085
vehicle,pso,19,32,0.8373202614379085
vehicle,pso,19,33,0.8373202614379085
vehicle,pso,19,34,0.8373202614379085
vehicle,pso,19,35,0.8373202614379085
vehicle,pso,19,36,0.8373202614379085
vehicle,pso,19,37,0.8432679738562092
vehicle,pso,19,38,0.8432679738562092
vehicle,pso,19,39,0.8432679738562092
vehicle,pso,19,40,0.8447276688453158
vehicle,pso,19,41,0.8447276688453158
vehicle,pso,19,42,0.8447276688453158
vehicle,pso,19,43,0.8447276688453158
vehicle,pso,19,44,0.8447276688453158
vehicle,pso,19,45,0.8447276688453158
vehicle,pso,19,46,0.8447276688453158
vehicle,pso,19,47,0.8447276688453158
vehicle,pso,19,48,0.8447276688453158
vehicle,pso,19,49,0.8447276688453158
vehicle,pso,19,50,0.8447276688453158
vehicle,pso,19,51,0.8447276688453158
vehicle,pso,19,52,0.8447276688453158
vehicle,pso,19,53,0.8447276688453158
vehicle,pso,19,54,0.8447276688453158
vehicle,pso,19,55,0.8447276688453158
vehicle,pso,19,56,0.8447276688453158
vehicle,pso,19,57,0.8447276688453158
vehicle,pso,19,58,0.8447276688453158
vehicle,pso,19,59,0.8447276688453158
vehicle,pso,19,60,0.8447276688453158
vehicle,pso,19,61,0.8447276688453158
vehicle,pso,19,62,0.8447276688453158
vehicle,pso,19,63,0.8447276688453158
vehicle,pso,19,64,0.8447276688453158
vehicle,pso,19,65,0.8447276688453158
vehicle,pso,19,66,0.8447276688453158
vehicle,pso,19,67,0.8447276688453158
vehicle,pso,19,68,0.8447276688453158
vehicle,pso,19,69,0.8447276688453158
vehicle,pso,19,70,0.8447276688453158
vehicle,pso,19,71,0.8447276688453158
vehicle,pso,19,72,0.8447276688453158
vehicle,pso,19,73,0.8447276688453158
vehicle,pso,19,74,0.8447276688453158
vehicle,pso,19,75,0.8447276688453158
vehicle,pso,19,76,0.8447276688453158
vehicle,pso,19,77,0.8447603485838779
vehicle,pso,19,78,0.8447603485838779
vehicle,pso,19,79,0.8447603485838779
vehicle,pso,19,80,0.8447603485838779
vehicle,pso,19,81,0.8447603485838779
vehicle,pso,19,82,0.8447603485838779
vehicle,pso,19,83,0.8447603485838779
vehicle,pso,19,84,0.8447603485838779
vehicle,pso,19,85,0.8447603485838779
vehicle,pso,19,86,0.8447603485838779
vehicle,pso,19,87,0.8447603485838779
vehicle,pso,19,88,0.849193899782135
vehicle,pso,19,89,0.849193899782135
vehicle,pso,19,90,0.849193899782135
vehicle,pso,19,91,0.849193899782135
vehicle,pso,19,92,0.849193899782135
vehicle,pso,19,93,0.849193899782135
vehicle,pso,19,94,0.849193899782135
vehicle,pso,19,95,0.849193899782135
vehicle,pso,19,96,0.849193899782135
vehicle,pso,19,97,0.849193899782135
vehicle,pso,19,98,0.849193899782135
vehicle,pso,19,99,0.849193899782135
vehicle,pso,19,100,0.849193899782135
vehicle,de,19,1,0.4231045751633987
vehicle,de,19,2,0.4231045751633987
vehicle,de,19,3,0.7529520697167756
vehicle,de,19,4,0.8284640522875817
vehicle,de,19,5,0.8284640522875817
vehicle,de,19,6,0.8358823529411765
vehicle,de,19,7,0.8358823529411765
vehicle,de,19,8,0.8358823529411765
vehicle,de,19,9,0.8358823529411765
vehicle,de,19,10,0.8358823529411765
vehicle,de,19,11,0.8358823529411765
vehicle,de,19,12,0.8358823529411765
vehicle,de,19,13,0.8358823529411765
vehicle,de,19,14,0.8358823529411765
vehicle,de,19,15,0.8358823529411765
vehicle,de,19,16,0.8358823529411765
vehicle,de,19,17,0.8358823529411765
vehicle,de,19,18,0.8358823529411765
vehicle,de,19,19,0.8358823529411765
vehicle,de,19,20,0.8417864923747276
vehicle,de,19,21,0.8417864923747276
vehicle,de,19,22,0.8417864923747276
vehicle,de,19,23,0.8417864923747276
vehicle,de,19,24,0.8417864923747276
vehicle,de,19,25,0.8417864923747276
vehicle,de,19,26,0.8417864923747276
vehicle,de,19,27,0.8417864923747276
vehicle,de,19,28,0.8417864923747276
vehicle,de,19,29,0.8417864923747276
vehicle,de,19,30,0.8417864923747276
vehicle,de,19,31,0.8417864923747276
vehicle,de,19,32,0.8417864923747276
vehicle,de,19,33,0.8417864923747276
vehicle,de,19,34,0.8417864923747276
vehicle,de,19,35,0.8417864923747276
vehicle,de,19,36,0.8417864923747276
vehicle,de,19,37,0.8417864923747276
vehicle,de,19,38,0.8417864923747276
vehicle,de,19,39,0.8417864923747276
vehicle,de,19,40,0.8417864923747276
vehicle,de,19,41,0.8417864923747276
vehicle,de,19,42,0.8417864923747276
vehicle,de,19,43,0.8417864923747276
vehicle,de,19,44,0.8417864923747276
vehicle,de,19,45,0.8417864923747276
vehicle,de,19,46,0.8417864923747276
vehicle,de,19,47,0.8417864923747276
vehicle,de,19,48,0.8417864923747276
vehicle,de,19,49,0.8417864923747276
vehicle,de,19,50,0.8417864923747276
vehicle,de,19,51,0.8417864923747276
vehicle,de,19,52,0.8417864923747276
vehicle,de,19,53,0.8417864923747276
vehicle,de,19,54,0.8417864923747276
vehicle,de,19,55,0.8417864923747276
vehicle,de,19,56,0.8417864923747276
vehicle,de,19,57,0.8417864923747276
vehicle,de,19,58,0.8417864923747276
vehicle,de,19,59,0.8417864923747276
vehicle,de,19,60,0.8432679738562092
vehicle,de,19,61,0.8432679738562092
vehicle,de,19,62,0.8432679738562092
vehicle,de,19,63,0.8432679738562092
vehicle,de,19,64,0.8432679738562092
vehicle,de,19,65,0.8432679738562092
vehicle,de,19,66,0.8432679738562092
vehicle,de,19,67,0.8432679738562092
vehicle,de,19,68,0.8432679738562092
vehicle,de,19,69,0.8432679738562092
vehicle,de,19,70,0.8432679738562092
vehicle,de,19,71,0.8432679738562092
vehicle,de,19,72,0.8432679738562092
vehicle,de,19,73,0.8432679738562092
vehicle,de,19,74,0.8432679738562092
vehicle,de,19,75,0.8432679738562092
vehicle,de,19,76,0.8432679738562092
vehicle,de,19,77,0.8432679738562092
vehicle,de,19,78,0.8432679738562092
vehicle,de,19,79,0.8432679738562092
vehicle,de,19,80,0.8432679738562092
vehicle,de,19,81,0.8432679738562092
vehicle,de,19,82,0.8432679738562092
vehicle,de,19,83,0.8432679738562092
vehicle,de,19,84,0.8432788671023965
vehicle,de,19,85,0.8432788671023965
vehicle,de,19,86,0.8432788671023965
vehicle,de,19,87,0.8432788671023965
vehicle,de,19,88,0.8432788671023965
vehicle,de,19,89,0.8432788671023965
vehicle,de,19,90,0.8432788671023965
vehicle,de,19,91,0.8432788671023965
vehicle,de,19,92,0.8432788671023965
vehicle,de,19,93,0.8432788671023965
vehicle,de,19,94,0.8432788671023965
vehicle,de,19,95,0.8432788671023965
vehicle,de,19,96,0.8432788671023965
vehicle,de,19,97,0.8432788671023965
vehicle,de,19,98,0.8432788671023965
vehicle,de,19,99,0.8432788671023965
vehicle,de,19,100,0.8432788671023965
vehicle,ga,19,1,0.4231045751633987
vehicle,ga,19,2,0.4231045751633987
vehicle,ga,19,3,0.7529520697167756
vehicle,ga,19,4,0.8284640522875817
vehicle,ga,19,5,0.8284640522875817
vehicle,ga,19,6,0.8358823529411765
vehicle,ga,19,7,0.8358823529411765
vehicle,ga,19,8,0.8358823529411765
vehicle,ga,19,9,0.8358823529411765
vehicle,ga,19,10,0.8358823529411765
vehicle,ga,19,11,0.8358823529411765
vehicle,ga,19,12,0.8358823529411765
vehicle,ga,19,13,0.8358823529411765
vehicle,ga,19,14,0.8358823529411765
vehicle,ga,19,15,0.8358823529411765
vehicle,ga,19,16,0.8358823529411765
vehicle,ga,19,17,0.8358823529411765
vehicle,ga,19,18,0.8358823529411765
vehicle,ga,19,19,0.8358823529411765
vehicle,ga,19,20,0.8417864923747276
vehicle,ga,19,21,0.8417864923747276
vehicle,ga,19,22,0.841797385620915
vehicle,ga,19,23,0.841797385620915
vehicle,ga,19,24,0.841797385620915
vehicle,ga,19,25,0.841797385620915
vehicle,ga,19,26,0.841797385620915
vehicle,ga,19,27,0.841797385620915
vehicle,ga,19,28,0.852156862745098
vehicle,ga,19,29,0.852156862745098
vehicle,ga,19,30,0.852156862745098
vehicle,ga,19,31,0.852156862745098
vehicle,ga,19,32,0.852156862745098
vehicle,ga,19,33,0.852156862745098
vehicle,ga,19,34,0.852156862745098
vehicle,ga,19,35,0.852156862745098
vehicle,ga,19,36,0.852156862745098
vehicle,ga,19,37,0.852156862745098
vehicle,ga,19,38,0.852156862745098
vehicle,ga,19,39,0.852156862745098
vehicle,ga,19,40,0.852156862745098
vehicle,ga,19,41,0.852156862745098
vehicle,ga,19,42,0.852156862745098
vehicle,ga,19,43,0.852156862745098
vehicle,ga,19,44,0.852156862745098
vehicle,ga,19,45,0.852156862745098
vehicle,ga,19,46,0.852156862745098
vehicle,ga,19,47,0.852156862745098
vehicle,ga,19,48,0.852156862745098
vehicle,ga,19,49,0.852156862745098
vehicle,ga,19,50,0.852156862745098
vehicle,ga,19,51,0.852156862745098
vehicle,ga,19,52,0.852156862745098
vehicle,ga,19,53,0.852156862745098
vehicle,ga,19,54,0.852156862745098
vehicle,ga,19,55,0.852156862745098
vehicle,ga,19,56,0.852156862745098
vehicle,ga,19,57,0.852156862745098
vehicle,ga,19,58,0.852156862745098
vehicle,ga,19,59,0.852156862745098
vehicle,ga,19,60,0.852156862745098
vehicle,ga,19,61,0.852156862745098
vehicle,ga,19,62,0.852156862745098
vehicle,ga,19,63,0.852156862745098
vehicle,ga,19,64,0.852156862745098
vehicle,ga,19,65,0.852156862745098
vehicle,ga,19,66,0.852156862745098
vehicle,ga,19,67,0.852156862745098
vehicle,ga,19,68,0.852156862745098
vehicle,ga,19,69,0.852156862745098
vehicle,ga,19,70,0.852156862745098
vehicle,ga,19,71,0.852156862745098
vehicle,ga,19,72,0.852156862745098
vehicle,ga,19,73,0.852156862745098
vehicle,ga,19,74,0.852156862745098
vehicle,ga,19,75,0.852156862745098
vehicle,ga,19,76,0.852156862745098
vehicle,ga,19,77,0.852156862745098
vehicle,ga,19,78,0.852156862745098
vehicle,ga,19,79,0.852156862745098
vehicle,ga,19,80,0.852156862745098
vehicle,ga,19,81,0.852156862745098
vehicle,ga,19,82,0.852156862745098
vehicle,ga,19,83,0.852156862745098
vehicle,ga,19,84,0.852156862745098
vehicle,ga,19,85,0.852156862745098
vehicle,ga,19,86,0.852156862745098
vehicle,ga,19,87,0.852156862745098
vehicle,ga,19,88,0.852156862745098
vehicle,ga,19,89,0.852156862745098
vehicle,ga,19,90,0.852156862745098
vehicle,ga,19,91,0.852156862745098
vehicle,ga,19,92,0.852156862745098
vehicle,ga,19,93,0.852156862745098
vehicle,ga,19,94,0.852156862745098
vehicle,ga,19,95,0.852156862745098
vehicle,ga,19,96,0.852156862745098
vehicle,ga,19,97,0.852156862745098
vehicle,ga,19,98,0.852156862745098
vehicle,ga,19,99,0.852156862745098
vehicle,ga,19,100,0.852156862745098
vehicle,grid,20,1,0.2870261437908497
vehicle,grid,20,2,0.2870261437908497
vehicle,grid,20,3,0.2870261437908497
vehicle,grid,20,4,0.2988779956427015
vehicle,grid,20,5,0.3018409586056644
vehicle,grid,20,6,0.3831699346405228
vehicle,grid,20,7,0.4068300653594771
vehicle,grid,20,8,0.4068300653594771
vehicle,grid,20,9,0.4068300653594771
vehicle,grid,20,10,0.4068300653594771
vehicle,grid,20,11,0.4068300653594771
vehicle,grid,20,12,0.4068300653594771
vehicle,grid,20,13,0.4068300653594771
vehicle,grid,20,14,0.4068300653594771
vehicle,grid,20,15,0.5029084967320262
vehicle,grid,20,16,0.6405228758169935
vehicle,grid,20,17,0.6686710239651417
vehicle,grid,20,18,0.6686710239651417
vehicle,grid,20,19,0.6686710239651417
vehicle,grid,20,20,0.6686710239651417
vehicle,grid,20,21,0.6686710239651417
vehicle,grid,20,22,0.6686710239651417
vehicle,grid,20,23,0.6686710239651417
vehicle,grid,20,24,0.6686710239651417
vehicle,grid,20,25,0.6878649237472767
vehicle,grid,20,26,0.7308061002178649
vehicle,grid,20,27,0.7529738562091504
vehicle,grid,20,28,0.7529738562091504
vehicle,grid,20,29,0.7529738562091504
vehicle,grid,20,30,0.7529738562091504
vehicle,grid,20,31,0.7529738562091504
vehicle,grid,20,32,0.7529738562091504
vehicle,grid,20,33,0.7529738562091504
vehicle,grid,20,34,0.7529738562091504
vehicle,grid,20,35,0.7529738562091504
vehicle,grid,20,36,0.78260348583878
vehicle,grid,20,37,0.78260348583878
vehicle,grid,20,38,0.78260348583878
vehicle,grid,20,39,0.78260348583878
vehicle,grid,20,40,0.78260348583878
vehicle,grid,20,41,0.78260348583878
vehicle,grid,20,42,0.78260348583878
vehicle,grid,20,43,0.78260348583878
vehicle,grid,20,44,0.78260348583878
vehicle,grid,20,45,0.7959368191721132
vehicle,grid,20,46,0.8166122004357298
vehicle,grid,20,47,0.8166122004357298
vehicle,grid,20,48,0.8166122004357298
vehicle,grid,20,49,0.8166122004357298
vehicle,grid,20,50,0.8166122004357298
vehicle,grid,20,51,0.8166122004357298
vehicle,grid,20,52,0.8166122004357298
vehicle,grid,20,53,0.8166122004357298
vehicle,grid,20,54,0.8166122004357298
vehicle,grid,20,55,0.8225708061002178
vehicle,grid,20,56,0.838769063180828
vehicle,grid,20,57,0.838769063180828
vehicle,grid,20,58,0.838769063180828
vehicle,grid,20,59,0.838769063180828
vehicle,grid,20,60,0.838769063180828
vehicle,grid,20,61,0.838769063180828
vehicle,grid,20,62,0.838769063180828
vehicle,grid,20,63,0.838769063180828
vehicle,grid,20,64,0.838769063180828
vehicle,grid,20,65,0.838769063180828
vehicle,grid,20,66,0.838769063180828
vehicle,grid,20,67,0.838769063180828
vehicle,grid,20,68,0.838769063180828
vehicle,grid,20,69,0.838769063180828
vehicle,grid,20,70,0.838769063180828
vehicle,grid,20,71,0.838769063180828
vehicle,grid,20,72,0.838769063180828
vehicle,grid,20,73,0.838769063180828
vehicle,grid,20,74,0.838769063180828
vehicle,grid,20,75,0.838769063180828
vehicle,grid,20,76,0.838769063180828
vehicle,grid,20,77,0.838769063180828
vehicle,grid,20,78,0.838769063180828
vehicle,grid,20,79,0.838769063180828
vehicle,grid,20,80,0.838769063180828
vehicle,grid,20,81,0.838769063180828
vehicle,grid,20,82,0.838769063180828
vehicle,grid,20,83,0.838769063180828
vehicle,grid,20,84,0.838769063180828
vehicle,grid,20,85,0.838769063180828
vehicle,grid,20,86,0.838769063180828
vehicle,grid,20,87,0.838769063180828
vehicle,grid,20,88,0.838769063180828
vehicle,grid,20,89,0.838769063180828
vehicle,grid,20,90,0.838769063180828
vehicle,grid,20,91,0.838769063180828
vehicle,grid,20,92,0.838769063180828
vehicle,grid,20,93,0.838769063180828
vehicle,grid,20,94,0.838769063180828
vehicle,grid,20,95,0.838769063180828
vehicle,grid,20,96,0.838769063180828
vehicle,grid,20,97,0.838769063180828
vehicle,grid,20,98,0.838769063180828
vehicle,grid,20,99,0.838769063180828
vehicle,grid,20,100,0.838769063180828
vehicle,random,20,1,0.5162745098039215
vehicle,random,20,2,0.7025816993464052
vehicle,random,20,3,0.7025816993464052
vehicle,random,20,4,0.7988888888888889
vehicle,random,20,5,0.7988888888888889
vehicle,random,20,6,0.7988888888888889
vehicle,random,20,7,0.7988888888888889
vehicle,random,20,8,0.7988888888888889
vehicle,random,20,9,0.7988888888888889
vehicle,random,20,10,0.7988888888888889
vehicle,random,20,11,0.7988888888888889
vehicle,random,20,12,0.7988888888888889
vehicle,random,20,13,0.8402178649237472
vehicle,random,20,14,0.8402178649237472
vehicle,random,20,15,0.8402178649237472
vehicle,random,20,16,0.8402178649237472
vehicle,random,20,17,0.8402178649237472
vehicle,random,20,18,0.8416993464052288
vehicle,random,20,19,0.8416993464052288
vehicle,random,20,20,0.8416993464052288
vehicle,random,20,21,0.8416993464052288
vehicle,random,20,22,0.8416993464052288
vehicle,random,20,23,0.8416993464052288
vehicle,random,20,24,0.8416993464052288
vehicle,random,20,25,0.8416993464052288
vehicle,random,20,26,0.8416993464052288
vehicle,random,20,27,0.8416993464052288
vehicle,random,20,28,0.8416993464052288
vehicle,random,20,29,0.8416993464052288
vehicle,random,20,30,0.8416993464052288
vehicle,random,20,31,0.8416993464052288
vehicle,random,20,32,0.8416993464052288
vehicle,random,20,33,0.8475925925925927
vehicle,random,20,34,0.8475925925925927
vehicle,random,20,35,0.8475925925925927
vehicle,random,20,36,0.8475925925925927
vehicle,random,20,37,0.8475925925925927
vehicle,random,20,38,0.8475925925925927
vehicle,random,20,39,0.8475925925925927
vehicle,random,20,40,0.8475925925925927
vehicle,random,20,41,0.8475925925925927
vehicle,random,20,42,0.8475925925925927
vehicle,random,20,43,0.8475925925925927
vehicle,random,20,44,0.8475925925925927
vehicle,random,20,45,0.8475925925925927
vehicle,random,20,46,0.8475925925925927
vehicle,random,20,47,0.8475925925925927
vehicle,random,20,48,0.8475925925925927
vehicle,random,20,49,0.8475925925925927
vehicle,random,20,50,0.8475925925925927
vehicle,random,20,51,0.8475925925925927
vehicle,random,20,52,0.8475925925925927
vehicle,random,20,53,0.8475925925925927
vehicle,random,20,54,0.8475925925925927
vehicle,random,20,55,0.8475925925925927
vehicle,random,20,56,0.8475925925925927
vehicle,random,20,57,0.8475925925925927
vehicle,random,20,58,0.8475925925925927
vehicle,random,20,59,0.8475925925925927
vehicle,random,20,60,0.8475925925925927
vehicle,random,20,61,0.8475925925925927
vehicle,random,20,62,0.8475925925925927
vehicle,random,20,63,0.8475925925925927
vehicle,random,20,64,0.8475925925925927
vehicle,random,20,65,0.8475925925925927
vehicle,random,20,66,0.8475925925925927
vehicle,random,20,67,0.8475925925925927
vehicle,random,20,68,0.8475925925925927
vehicle,random,20,69,0.8475925925925927
vehicle,random,20,70,0.8475925925925927
vehicle,random,20,71,0.8475925925925927
vehicle,random,20,72,0.8475925925925927
vehicle,random,20,73,0.8475925925925927
vehicle,random,20,74,0.8475925925925927
vehicle,random,20,75,0.8475925925925927
vehicle,random,20,76,0.8475925925925927
vehicle,random,20,77,0.8475925925925927
vehicle,random,20,78,0.8475925925925927
vehicle,random,20,79,0.8475925925925927
vehicle,random,20,80,0.8475925925925927
vehicle,random,20,81,0.8475925925925927
vehicle,random,20,82,0.8475925925925927
vehicle,random,20,83,0.8475925925925927
vehicle,random,20,84,0.8475925925925927
vehicle,random,20,85,0.8475925925925927
vehicle,random,20,86,0.8475925925925927
vehicle,random,20,87,0.8475925925925927
vehicle,random,20,88,0.8475925925925927
vehicle,random,20,89,0.8475925925925927
vehicle,random,20,90,0.8475925925925927
vehicle,random,20,91,0.8475925925925927
vehicle,random,20,92,0.8475925925925927
vehicle,random,20,93,0.8475925925925927
vehicle,random,20,94,0.8475925925925927
vehicle,random,20,95,0.8475925925925927
vehicle,random,20,96,0.8475925925925927
vehicle,random,20,97,0.8475925925925927
vehicle,random,20,98,0.8475925925925927
vehicle,random,20,99,0.8475925925925927
vehicle,random,20,100,0.8475925925925927
vehicle,bo_tpe,20,1,0.5162745098039215
vehicle,bo_tpe,20,2,0.7025816993464052
vehicle,bo_tpe,20,3,0.7025816993464052
vehicle,bo_tpe,20,4,0.7988888888888889
vehicle,bo_tpe,20,5,0.7988888888888889
vehicle,bo_tpe,20,6,0.7988888888888889
vehicle,bo_tpe,20,7,0.7988888888888889
vehicle,bo_tpe,20,8,0.7988888888888889
vehicle,bo_tpe,20,9,0.7988888888888889
vehicle,bo_tpe,20,10,0.7988888888888889
vehicle,bo_tpe,20,11,0.8107407407407408
vehicle,bo_tpe,20,12,0.8151851851851852
vehicle,bo_tpe,20,13,0.8151851851851852
vehicle,bo_tpe,20,14,0.8181045751633986
vehicle,bo_tpe,20,15,0.8181045751633986
vehicle,bo_tpe,20,16,0.8181045751633986
vehicle,bo_tpe,20,17,0.8461328976034859
vehicle,bo_tpe,20,18,0.8461328976034859
vehicle,bo_tpe,20,19,0.8461328976034859
vehicle,bo_tpe,20,20,0.8461328976034859
vehicle,bo_tpe,20,21,0.8461328976034859
vehicle,bo_tpe,20,22,0.8461328976034859
vehicle,bo_tpe,20,23,0.8461328976034859
vehicle,bo_tpe,20,24,0.8461328976034859
vehicle,bo_tpe,20,25,0.8461328976034859
vehicle,bo_tpe,20,26,0.8461328976034859
vehicle,bo_tpe,20,27,0.8461328976034859
vehicle,bo_tpe,20,28,0.8461328976034859
vehicle,bo_tpe,20,29,0.8461328976034859
vehicle,bo_tpe,20,30,0.8461328976034859
vehicle,bo_tpe,20,31,0.8461328976034859
vehicle,bo_tpe,20,32,0.8461328976034859
vehicle,bo_tpe,20,33,0.8461328976034859
vehicle,bo_tpe,20,34,0.8461328976034859
vehicle,bo_tpe,20,35,0.8461328976034859
vehicle,bo_tpe,20,36,0.8461328976034859
vehicle,bo_tpe,20,37,0.8461328976034859
vehicle,bo_tpe,20,38,0.8461328976034859
vehicle,bo_tpe,20,39,0.8461328976034859
vehicle,bo_tpe,20,40,0.8461328976034859
vehicle,bo_tpe,20,41,0.8461328976034859
vehicle,bo_tpe,20,42,0.8461328976034859
vehicle,bo_tpe,20,43,0.8461328976034859
vehicle,bo_tpe,20,44,0.8461328976034859
vehicle,bo_tpe,20,45,0.8461328976034859
vehicle,bo_tpe,20,46,0.8461328976034859
vehicle,bo_tpe,20,47,0.8461328976034859
vehicle,bo_tpe,20,48,0.8461328976034859
vehicle,bo_tpe,20,49,0.8461328976034859
vehicle,bo_tpe,20,50,0.8461328976034859
vehicle,bo_tpe,20,51,0.8461328976034859
vehicle,bo_tpe,20,52,0.8461328976034859
vehicle,bo_tpe,20,53,0.8461328976034859
vehicle,bo_tpe,20,54,0.8461328976034859
vehicle,bo_tpe,20,55,0.8461328976034859
vehicle,bo_tpe,20,56,0.8461328976034859
vehicle,bo_tpe,20,57,0.8461328976034859
vehicle,bo_tpe,20,58,0.8461328976034859
vehicle,bo_tpe,20,59,0.8461328976034859
vehicle,bo_tpe,20,60,0.8461328976034859
vehicle,bo_tpe,20,61,0.8461328976034859
vehicle,bo_tpe,20,62,0.8461328976034859
vehicle,bo_tpe,20,63,0.8461328976034859
vehicle,bo_tpe,20,64,0.8461328976034859
vehicle,bo_tpe,20,65,0.8461328976034859
vehicle,bo_tpe,20,66,0.8461328976034859
vehicle,bo_tpe,20,67,0.8461328976034859
vehicle,bo_tpe,20,68,0.8461328976034859
vehicle,bo_tpe,20,69,0.8461437908496732
vehicle,bo_tpe,20,70,0.8461437908496732
vehicle,bo_tpe,20,71,0.8461437908496732
vehicle,bo_tpe,20,72,0.8461437908496732
vehicle,bo_tpe,20,73,0.8461437908496732
vehicle,bo_tpe,20,74,0.8461437908496732
vehicle,bo_tpe,20,75,0.8476143790849673
vehicle,bo_tpe,20,76,0.8476143790849673
vehicle,bo_tpe,20,77,0.8476143790849673
vehicle,bo_tpe,20,78,0.8490958605664488
vehicle,bo_tpe,20,79,0.8490958605664488
vehicle,bo_tpe,20,80,0.8505773420479302
vehicle,bo_tpe,20,81,0.8505773420479302
vehicle,bo_tpe,20,82,0.8505773420479302
vehicle,bo_tpe,20,83,0.8505773420479302
vehicle,bo_tpe,20,84,0.8505773420479302
vehicle,bo_tpe,20,85,0.8505773420479302
vehicle,bo_tpe,20,86,0.8505773420479302
vehicle,bo_tpe,20,87,0.8505773420479302
vehicle,bo_tpe,20,88,0.8505773420479302
vehicle,bo_tpe,20,89,0.8505773420479302
vehicle,bo_tpe,20,90,0.8505773420479302
vehicle,bo_tpe,20,91,0.8505773420479302
vehicle,bo_tpe,20,92,0.8505773420479302
vehicle,bo_tpe,20,93,0.8505773420479302
vehicle,bo_tpe,20,94,0.8505773420479302
vehicle,bo_tpe,20,95,0.8505773420479302
vehicle,bo_tpe,20,96,0.8505773420479302
vehicle,bo_tpe,20,97,0.8505773420479302
vehicle,bo_tpe,20,98,0.8505773420479302
vehicle,bo_tpe,20,99,0.8505773420479302
vehicle,bo_tpe,20,100,0.8505773420479302
vehicle,pso,20,1,0.7293355119825707
vehicle,pso,20,2,0.7559150326797386
vehicle,pso,20,3,0.7559150326797386
vehicle,pso,20,4,0.7559150326797386
vehicle,pso,20,5,0.7559150326797386
vehicle,pso,20,6,0.7559150326797386
vehicle,pso,20,7,0.8033115468409587
vehicle,pso,20,8,0.8033115468409587
vehicle,pso,20,9,0.8033115468409587
vehicle,pso,20,10,0.8033115468409587
vehicle,pso,20,11,0.8033115468409587
vehicle,pso,20,12,0.8268627450980393
vehicle,pso,20,13,0.8268627450980393
vehicle,pso,20,14,0.8268627450980393
vehicle,pso,20,15,0.8268627450980393
vehicle,pso,20,16,0.8358496732026144
vehicle,pso,20,17,0.8358496732026144
vehicle,pso,20,18,0.8358496732026144
vehicle,pso,20,19,0.8358496732026144
vehicle,pso,20,20,0.8358496732026144
vehicle,pso,20,21,0.8358496732026144
vehicle,pso,20,22,0.8358496732026144
vehicle,pso,20,23,0.8358496732026144
vehicle,pso,20,24,0.8358496732026144
vehicle,pso,20,25,0.8358496732026144
vehicle,pso,20,26,0.8358496732026144
vehicle,pso,20,27,0.8358496732026144
vehicle,pso,20,28,0.8358496732026144
vehicle,pso,20,29,0.8358496732026144
vehicle,pso,20,30,0.8358496732026144
vehicle,pso,20,31,0.8358496732026144
vehicle,pso,20,32,0.8358496732026144
vehicle,pso,20,33,0.8461328976034859
vehicle,pso,20,34,0.8461328976034859
vehicle,pso,20,35,0.8461328976034859
vehicle,pso,20,36,0.8461328976034859
vehicle,pso,20,37,0.8461328976034859
vehicle,pso,20,38,0.8461328976034859
vehicle,pso,20,39,0.8461328976034859
vehicle,pso,20,40,0.8461328976034859
vehicle,pso,20,41,0.8461328976034859
vehicle,pso,20,42,0.8461328976034859
vehicle,pso,20,43,0.8461328976034859
vehicle,pso,20,44,0.8461328976034859
vehicle,pso,20,45,0.8461328976034859
vehicle,pso,20,46,0.8461328976034859
vehicle,pso,20,47,0.8461328976034859
vehicle,pso,20,48,0.8461328976034859
vehicle,pso,20,49,0.8461328976034859
vehicle,pso,20,50,0.8461328976034859
vehicle,pso,20,51,0.8461328976034859
vehicle,pso,20,52,0.8461328976034859
vehicle,pso,20,53,0.8461328976034859
vehicle,pso,20,54,0.84760348583878
vehicle,pso,20,55,0.84760348583878
vehicle,pso,20,56,0.84760348583878
vehicle,pso,20,57,0.84760348583878
vehicle,pso,20,58,0.84760348583878
vehicle,pso,20,59,0.84760348583878
vehicle,pso,20,60,0.84760348583878
vehicle,pso,20,61,0.84760348583878
vehicle,pso,20,62,0.84760348583878
vehicle,pso,20,63,0.84760348583878
vehicle,pso,20,64,0.84760348583878
vehicle,pso,20,65,0.84760348583878
vehicle,pso,20,66,0.84760348583878
vehicle,pso,20,67,0.8520479302832245
vehicle,pso,20,68,0.8520479302832245
vehicle,pso,20,69,0.8520479302832245
vehicle,pso,20,70,0.8520479302832245
vehicle,pso,20,71,0.8520479302832245
vehicle,pso,20,72,0.8520479302832245
vehicle,pso,20,73,0.8520479302832245
vehicle,pso,20,74,0.8520479302832245
vehicle,pso,20,75,0.8520479302832245
vehicle,pso,20,76,0.8520479302832245
vehicle,pso,20,77,0.8520479302832245
vehicle,pso,20,78,0.8520479302832245
vehicle,pso,20,79,0.8520479302832245
vehicle,pso,20,80,0.8520479302832245
vehicle,pso,20,81,0.8520479302832245
vehicle,pso,20,82,0.8520479302832245
vehicle,pso,20,83,0.8520479302832245
vehicle,pso,20,84,0.8535403050108933
vehicle,pso,20,85,0.8535403050108933
vehicle,pso,20,86,0.8535403050108933
vehicle,pso,20,87,0.8535403050108933
vehicle,pso,20,88,0.8535403050108933
vehicle,pso,20,89,0.8535403050108933
vehicle,pso,20,90,0.8535403050108933
vehicle,pso,20,91,0.8535403050108933
vehicle,pso,20,92,0.8535403050108933
vehicle,pso,20,93,0.8535403050108933
vehicle,pso,20,94,0.8535403050108933
vehicle,pso,20,95,0.8535403050108933
vehicle,pso,20,96,0.8535403050108933
vehicle,pso,20,97,0.8535403050108933
vehicle,pso,20,98,0.8535403050108933
vehicle,pso,20,99,0.8535403050108933
vehicle,pso,20,100,0.8535403050108933
vehicle,de,20,1,0.735239651416122
vehicle,de,20,2,0.735239651416122
vehicle,de,20,3,0.735239651416122
vehicle,de,20,4,0.735239651416122
vehicle,de,20,5,0.8357952069716775
vehicle,de,20,6,0.8357952069716775
vehicle,de,20,7,0.8357952069716775
vehicle,de,20,8,0.8357952069716775
vehicle,de,20,9,0.8357952069716775
vehicle,de,20,10,0.8357952069716775
vehicle,de,20,11,0.8357952069716775
vehicle,de,20,12,0.8357952069716775
vehicle,de,20,13,0.8357952069716775
vehicle,de,20,14,0.8357952069716775
vehicle,de,20,15,0.8357952069716775
vehicle,de,20,16,0.8357952069716775
vehicle,de,20,17,0.8357952069716775
vehicle,de,20,18,0.8357952069716775
vehicle,de,20,19,0.8357952069716775
vehicle,de,20,20,0.8357952069716775
vehicle,de,20,21,0.8357952069716775
vehicle,de,20,22,0.8357952069716775
vehicle,de,20,23,0.8357952069716775
vehicle,de,20,24,0.8357952069716775
vehicle,de,20,25,0.8357952069716775
vehicle,de,20,26,0.8461002178649236
vehicle,de,20,27,0.8461002178649236
vehicle,de,20,28,0.8461002178649236
vehicle,de,20,29,0.8461002178649236
vehicle,de,20,30,0.8461002178649236
vehicle,de,20,31,0.8461002178649236
vehicle,de,20,32,0.8461002178649236
vehicle,de,20,33,0.8461002178649236
vehicle,de,20,34,0.8461002178649236
vehicle,de,20,35,0.8461002178649236
vehicle,de,20,36,0.8461002178649236
vehicle,de,20,37,0.8461002178649236
vehicle,de,20,38,0.8461002178649236
vehicle,de,20,39,0.8461002178649236
vehicle,de,20,40,0.8461002178649236
vehicle,de,20,41,0.8461002178649236
vehicle,de,20,42,0.8461002178649236
vehicle,de,20,43,0.8461002178649236
vehicle,de,20,44,0.8461002178649236
vehicle,de,20,45,0.8461002178649236
vehicle,de,20,46,0.8461002178649236
vehicle,de,20,47,0.8461002178649236
vehicle,de,20,48,0.8461002178649236
vehicle,de,20,49,0.8461002178649236
vehicle,de,20,50,0.8461002178649236
vehicle,de,20,51,0.8461002178649236
vehicle,de,20,52,0.8461002178649236
vehicle,de,20,53,0.847636165577342
vehicle,de,20,54,0.847636165577342
vehicle,de,20,55,0.847636165577342
vehicle,de,20,56,0.847636165577342
vehicle,de,20,57,0.847636165577342
vehicle,de,20,58,0.847636165577342
vehicle,de,20,59,0.847636165577342
vehicle,de,20,60,0.847636165577342
vehicle,de,20,61,0.847636165577342
vehicle,de,20,62,0.847636165577342
vehicle,de,20,63,0.847636165577342
vehicle,de,20,64,0.847636165577342
vehicle,de,20,65,0.847636165577342
vehicle,de,20,66,0.847636165577342
vehicle,de,20,67,0.847636165577342
vehicle,de,20,68,0.847636165577342
vehicle,de,20,69,0.847636165577342
vehicle,de,20,70,0.847636165577342
vehicle,de,20,71,0.847636165577342
vehicle,de,20,72,0.847636165577342
vehicle,de,20,73,0.847636165577342
vehicle,de,20,74,0.847636165577342
vehicle,de,20,75,0.847636165577342
vehicle,de,20,76,0.847636165577342
vehicle,de,20,77,0.847636165577342
vehicle,de,20,78,0.847636165577342
vehicle,de,20,79,0.847636165577342
vehicle,de,20,80,0.847636165577342
vehicle,de,20,81,0.847636165577342
vehicle,de,20,82,0.847636165577342
vehicle,de,20,83,0.847636165577342
vehicle,de,20,84,0.847636165577342
vehicle,de,20,85,0.847636165577342
vehicle,de,20,86,0.847636165577342
vehicle,de,20,87,0.847636165577342
vehicle,de,20,88,0.847636165577342
vehicle,de,20,89,0.847636165577342
vehicle,de,20,90,0.847636165577342
vehicle,de,20,91,0.847636165577342
vehicle,de,20,92,0.847636165577342
vehicle,de,20,93,0.847636165577342
vehicle,de,20,94,0.847636165577342
vehicle,de,20,95,0.847636165577342
vehicle,de,20,96,0.847636165577342
vehicle,de,20,97,0.847636165577342
vehicle,de,20,98,0.847636165577342
vehicle,de,20,99,0.847636165577342
vehicle,de,20,100,0.847636165577342
vehicle,ga,20,1,0.735239651416122
vehicle,ga,20,2,0.735239651416122
vehicle,ga,20,3,0.735239651416122
vehicle,ga,20,4,0.735239651416122
vehicle,ga,20,5,0.8357952069716775
vehicle,ga,20,6,0.8357952069716775
vehicle,ga,20,7,0.8357952069716775
vehicle,ga,20,8,0.8357952069716775
vehicle,ga,20,9,0.8357952069716775
vehicle,ga,20,10,0.8357952069716775
vehicle,ga,20,11,0.8357952069716775
vehicle,ga,20,12,0.8357952069716775
vehicle,ga,20,13,0.8357952069716775
vehicle,ga,20,14,0.8357952069716775
vehicle,ga,20,15,0.8357952069716775
vehicle,ga,20,16,0.8357952069716775
vehicle,ga,20,17,0.8357952069716775
vehicle,ga,20,18,0.8357952069716775
vehicle,ga,20,19,0.8357952069716775
vehicle,ga,20,20,0.8357952069716775
vehicle,ga,20,21,0.8357952069716775
vehicle,ga,20,22,0.8357952069716775
vehicle,ga,20,23,0.8357952069716775
vehicle,ga,20,24,0.8357952069716775
vehicle,ga,20,25,0.8357952069716775
vehicle,ga,20,26,0.8357952069716775
vehicle,ga,20,27,0.8357952069716775
vehicle,ga,20,28,0.8357952069716775
vehicle,ga,20,29,0.8461220043572985
vehicle,ga,20,30,0.8461220043572985
vehicle,ga,20,31,0.8461220043572985
vehicle,ga,20,32,0.8461220043572985
vehicle,ga,20,33,0.8461220043572985
vehicle,ga,20,34,0.8461220043572985
vehicle,ga,20,35,0.8461220043572985
vehicle,ga,20,36,0.8461220043572985
vehicle,ga,20,37,0.8461220043572985
vehicle,ga,20,38,0.8461220043572985
vehicle,ga,20,39,0.8461220043572985
vehicle,ga,20,40,0.8461220043572985
vehicle,ga,20,41,0.8461220043572985
vehicle,ga,20,42,0.8461220043572985
vehicle,ga,20,43,0.8461220043572985
vehicle,ga,20,44,0.8461220043572985
vehicle,ga,20,45,0.8461220043572985
vehicle,ga,20,46,0.8461220043572985
vehicle,ga,20,47,0.8461220043572985
vehicle,ga,20,48,0.8476034858387799
vehicle,ga,20,49,0.8476034858387799
vehicle,ga,20,50,0.8476034858387799
vehicle,ga,20,51,0.8476034858387799
vehicle,ga,20,52,0.8476034858387799
vehicle,ga,20,53,0.8476034858387799
vehicle,ga,20,54,0.8476034858387799
vehicle,ga,20,55,0.8476034858387799
vehicle,ga,20,56,0.8476034858387799
vehicle,ga,20,57,0.8476034858387799
vehicle,ga,20,58,0.8476034858387799
vehicle,ga,20,59,0.8476034858387799
vehicle,ga,20,60,0.8476034858387799
vehicle,ga,20,61,0.8476034858387799
vehicle,ga,20,62,0.8476034858387799
vehicle,ga,20,63,0.8476034858387799
vehicle,ga,20,64,0.8476034858387799
vehicle,ga,20,65,0.8476034858387799
vehicle,ga,20,66,0.8476034858387799
vehicle,ga,20,67,0.8476034858387799
vehicle,ga,20,68,0.8476034858387799
vehicle,ga,20,69,0.8476034858387799
vehicle,ga,20,70,0.8476034858387799
vehicle,ga,20,71,0.8490958605664488
vehicle,ga,20,72,0.8490958605664488
vehicle,ga,20,73,0.8490958605664488
vehicle,ga,20,74,0.8490958605664488
vehicle,ga,20,75,0.8490958605664488
vehicle,ga,20,76,0.8490958605664488
vehicle,ga,20,77,0.8490958605664488
vehicle,ga,20,78,0.8490958605664488
vehicle,ga,20,79,0.8490958605664488
vehicle,ga,20,80,0.8490958605664488
vehicle,ga,20,81,0.8490958605664488
vehicle,ga,20,82,0.8490958605664488
vehicle,ga,20,83,0.8490958605664488
vehicle,ga,20,84,0.8490958605664488
vehicle,ga,20,85,0.8490958605664488
vehicle,ga,20,86,0.8490958605664488
vehicle,ga,20,87,0.8490958605664488
vehicle,ga,20,88,0.8490958605664488
vehicle,ga,20,89,0.8490958605664488
vehicle,ga,20,90,0.8490958605664488
vehicle,ga,20,91,0.8490958605664488
vehicle,ga,20,92,0.8490958605664488
vehicle,ga,20,93,0.8490958605664488
vehicle,ga,20,94,0.8490958605664488
vehicle,ga,20,95,0.8490958605664488
vehicle,ga,20,96,0.8490958605664488
vehicle,ga,20,97,0.8490958605664488
vehicle,ga,20,98,0.8490958605664488
vehicle,ga,20,99,0.8490958605664488
vehicle,ga,20,100,0.8490958605664488
vehicle,grid,21,1,0.2885076252723311
vehicle,grid,21,2,0.2885076252723311
vehicle,grid,21,3,0.2885076252723311
vehicle,grid,21,4,0.2899891067538126
vehicle,grid,21,5,0.2899891067538126
vehicle,grid,21,6,0.3801742919389978
vehicle,grid,21,7,0.437875816993464
vehicle,grid,21,8,0.437875816993464
vehicle,grid,21,9,0.437875816993464
vehicle,grid,21,10,0.437875816993464
vehicle,grid,21,11,0.437875816993464
vehicle,grid,21,12,0.437875816993464
vehicle,grid,21,13,0.437875816993464
vehicle,grid,21,14,0.437875816993464
vehicle,grid,21,15,0.5281481481481481
vehicle,grid,21,16,0.6419172113289762
vehicle,grid,21,17,0.6685947712418301
vehicle,grid,21,18,0.6685947712418301
vehicle,grid,21,19,0.6685947712418301
vehicle,grid,21,20,0.6685947712418301
vehicle,grid,21,21,0.6685947712418301
vehicle,grid,21,22,0.6685947712418301
vehicle,grid,21,23,0.6685947712418301
vehicle,grid,21,24,0.6685947712418301
vehicle,grid,21,25,0.7011437908496733
vehicle,grid,21,26,0.7336928104575164
vehicle,grid,21,27,0.7336928104575164
vehicle,grid,21,28,0.7336928104575164
vehicle,grid,21,29,0.7336928104575164
vehicle,grid,21,30,0.7336928104575164
vehicle,grid,21,31,0.7336928104575164
vehicle,grid,21,32,0.7336928104575164
vehicle,grid,21,33,0.7336928104575164
vehicle,grid,21,34,0.7336928104575164
vehicle,grid,21,35,0.7573093681917211
vehicle,grid,21,36,0.7780718954248366
vehicle,grid,21,37,0.7780718954248366
vehicle,grid,21,38,0.7780718954248366
vehicle,grid,21,39,0.7780718954248366
vehicle,grid,21,40,0.7780718954248366
vehicle,grid,21,41,0.7780718954248366
vehicle,grid,21,42,0.7780718954248366
vehicle,grid,21,43,0.7780718954248366
vehicle,grid,21,44,0.7780718954248366
vehicle,grid,21,45,0.7928431372549019
vehicle,grid,21,46,0.8165250544662308
vehicle,grid,21,47,0.8165250544662308
vehicle,grid,21,48,0.8165250544662308
vehicle,grid,21,49,0.8165250544662308
vehicle,grid,21,50,0.8165250544662308
vehicle,grid,21,51,0.8165250544662308
vehicle,grid,21,52,0.8165250544662308
vehicle,grid,21,53,0.8165250544662308
vehicle,grid,21,54,0.8165250544662308
vehicle,grid,21,55,0.8269063180827887
vehicle,grid,21,56,0.8387363834422658
vehicle,grid,21,57,0.8387363834422658
vehicle,grid,21,58,0.8387363834422658
vehicle,grid,21,59,0.8387363834422658
vehicle,grid,21,60,0.8387363834422658
vehicle,grid,21,61,0.8387363834422658
vehicle,grid,21,62,0.8387363834422658
vehicle,grid,21,63,0.8387363834422658
vehicle,grid,21,64,0.8387363834422658
vehicle,grid,21,65,0.8387363834422658
vehicle,grid,21,66,0.84020697167756
vehicle,grid,21,67,0.84020697167756
vehicle,grid,21,68,0.84020697167756
vehicle,grid,21,69,0.84020697167756
vehicle,grid,21,70,0.84020697167756
vehicle,grid,21,71,0.84020697167756
vehicle,grid,21,72,0.84020697167756
vehicle,grid,21,73,0.84020697167756
vehicle,grid,21,74,0.84020697167756
vehicle,grid,21,75,0.846165577342048
vehicle,grid,21,76,0.846165577342048
vehicle,grid,21,77,0.846165577342048
vehicle,grid,21,78,0.846165577342048
vehicle,grid,21,79,0.846165577342048
vehicle,grid,21,80,0.846165577342048
vehicle,grid,21,81,0.846165577342048
vehicle,grid,21,82,0.846165577342048
vehicle,grid,21,83,0.846165577342048
vehicle,grid,21,84,0.846165577342048
vehicle,grid,21,85,0.846165577342048
vehicle,grid,21,86,0.846165577342048
vehicle,grid,21,87,0.846165577342048
vehicle,grid,21,88,0.846165577342048
vehicle,grid,21,89,0.846165577342048
vehicle,grid,21,90,0.846165577342048
vehicle,grid,21,91,0.846165577342048
vehicle,grid,21,92,0.846165577342048
vehicle,grid,21,93,0.846165577342048
vehicle,grid,21,94,0.846165577342048
vehicle,grid,21,95,0.846165577342048
vehicle,grid,21,96,0.846165577342048
vehicle,grid,21,97,0.846165577342048
vehicle,grid,21,98,0.846165577342048
vehicle,grid,21,99,0.846165577342048
vehicle,grid,21,100,0.846165577342048
vehicle,random,21,1,0.2899891067538126
vehicle,random,21,2,0.7528867102396515
vehicle,random,21,3,0.7528867102396515
vehicle,random,21,4,0.7603267973856208
vehicle,random,21,5,0.7751089324618737
vehicle,random,21,6,0.7751089324618737
vehicle,random,21,7,0.7751089324618737
vehicle,random,21,8,0.7751089324618737
vehicle,random,21,9,0.7751089324618737
vehicle,random,21,10,0.8387581699346406
vehicle,random,21,11,0.8387581699346406
vehicle,random,21,12,0.8387581699346406
vehicle,random,21,13,0.8387581699346406
vehicle,random,21,14,0.8387581699346406
vehicle,random,21,15,0.8387581699346406
vehicle,random,21,16,0.8387581699346406
vehicle,random,21,17,0.8387581699346406
vehicle,random,21,18,0.8387581699346406
vehicle,random,21,19,0.8387581699346406
vehicle,random,21,20,0.8387581699346406
vehicle,random,21,21,0.8387581699346406
vehicle,random,21,22,0.8387581699346406
vehicle,random,21,23,0.8431590413943356
vehicle,random,21,24,0.8431590413943356
vehicle,random,21,25,0.8431590413943356
vehicle,random,21,26,0.8446623093681918
vehicle,random,21,27,0.8446623093681918
vehicle,random,21,28,0.8446623093681918
vehicle,random,21,29,0.8446623093681918
vehicle,random,21,30,0.8446623093681918
vehicle,random,21,31,0.8446623093681918
vehicle,random,21,32,0.8446623093681918
vehicle,random,21,33,0.8461328976034859
vehicle,random,21,34,0.8461328976034859
vehicle,random,21,35,0.8461328976034859
vehicle,random,21,36,0.8461328976034859
vehicle,random,21,37,0.8461328976034859
vehicle,random,21,38,0.8461328976034859
vehicle,random,21,39,0.8461328976034859
vehicle,random,21,40,0.8461328976034859
vehicle,random,21,41,0.8461328976034859
vehicle,random,21,42,0.8461328976034859
vehicle,random,21,43,0.8461328976034859
vehicle,random,21,44,0.8461328976034859
vehicle,random,21,45,0.8461328976034859
vehicle,random,21,46,0.8461328976034859
vehicle,random,21,47,0.8461328976034859
vehicle,random,21,48,0.8461328976034859
vehicle,random,21,49,0.8461328976034859
vehicle,random,21,50,0.8461328976034859
vehicle,random,21,51,0.8461328976034859
vehicle,random,21,52,0.8461328976034859
vehicle,random,21,53,0.8461328976034859
vehicle,random,21,54,0.8461328976034859
vehicle,random,21,55,0.8461328976034859
vehicle,random,21,56,0.8461328976034859
vehicle,random,21,57,0.8476252723311546
vehicle,random,21,58,0.8476252723311546
vehicle,random,21,59,0.8476252723311546
vehicle,random,21,60,0.8476252723311546
vehicle,random,21,61,0.8476252723311546
vehicle,random,21,62,0.8476252723311546
vehicle,random,21,63,0.8476252723311546
vehicle,random,21,64,0.8476252723311546
vehicle,random,21,65,0.8476252723311546
vehicle,random,21,66,0.8476252723311546
vehicle,random,21,67,0.8476252723311546
vehicle,random,21,68,0.8476252723311546
vehicle,random,21,69,0.8476252723311546
vehicle,random,21,70,0.8476252723311546
vehicle,random,21,71,0.8476252723311546
vehicle,random,21,72,0.8476252723311546
vehicle,random,21,73,0.8476252723311546
vehicle,random,21,74,0.8476252723311546
vehicle,random,21,75,0.8476252723311546
vehicle,random,21,76,0.8476252723311546
vehicle,random,21,77,0.8476252723311546
vehicle,random,21,78,0.8476252723311546
vehicle,random,21,79,0.8476252723311546
vehicle,random,21,80,0.8476252723311546
vehicle,random,21,81,0.8476252723311546
vehicle,random,21,82,0.8476252723311546
vehicle,random,21,83,0.8476252723311546
vehicle,random,21,84,0.8476252723311546
vehicle,random,21,85,0.8476252723311546
vehicle,random,21,86,0.8476252723311546
vehicle,random,21,87,0.8476252723311546
vehicle,random,21,88,0.8476252723311546
vehicle,random,21,89,0.8476252723311546
vehicle,random,21,90,0.8476252723311546
vehicle,random,21,91,0.8476252723311546
vehicle,random,21,92,0.8476252723311546
vehicle,random,21,93,0.8476252723311546
vehicle,random,21,94,0.8476252723311546
vehicle,random,21,95,0.8476252723311546
vehicle,random,21,96,0.8476252723311546
vehicle,random,21,97,0.8476252723311546
vehicle,random,21,98,0.8476252723311546
vehicle,random,21,99,0.8476252723311546
vehicle,random,21,100,0.8476252723311546
vehicle,bo_tpe,21,1,0.2899891067538126
vehicle,bo_tpe,21,2,0.7528867102396515
vehicle,bo_tpe,21,3,0.7528867102396515
vehicle,bo_tpe,21,4,0.7603267973856208
vehicle,bo_tpe,21,5,0.7751089324618737
vehicle,bo_tpe,21,6,0.7751089324618737
vehicle,bo_tpe,21,7,0.7751089324618737
vehicle,bo_tpe,21,8,0.7751089324618737
vehicle,bo_tpe,21,9,0.7751089324618737
vehicle,bo_tpe,21,10,0.8387581699346406
vehicle,bo_tpe,21,11,0.8387581699346406
vehicle,bo_tpe,21,12,0.8550000000000001
vehicle,bo_tpe,21,13,0.8550000000000001
vehicle,bo_tpe,21,14,0.8550000000000001
vehicle,bo_tpe,21,15,0.8550000000000001
vehicle,bo_tpe,21,16,0.8550000000000001
vehicle,bo_tpe,21,17,0.8550000000000001
vehicle,bo_tpe,21,18,0.8550000000000001
vehicle,bo_tpe,21,19,0.8550000000000001
vehicle,bo_tpe,21,20,0.8550000000000001
vehicle,bo_tpe,21,21,0.8550000000000001
vehicle,bo_tpe,21,22,0.8550000000000001
vehicle,bo_tpe,21,23,0.8550000000000001
vehicle,bo_tpe,21,24,0.8550000000000001
vehicle,bo_tpe,21,25,0.8550000000000001
vehicle,bo_tpe,21,26,0.8550000000000001
vehicle,bo_tpe,21,27,0.8550000000000001
vehicle,bo_tpe,21,28,0.8550000000000001
vehicle,bo_tpe,21,29,0.8550000000000001
vehicle,bo_tpe,21,30,0.8550000000000001
vehicle,bo_tpe,21,31,0.8550000000000001
vehicle,bo_tpe,21,32,0.8550000000000001
vehicle,bo_tpe,21,33,0.8550000000000001
vehicle,bo_tpe,21,34,0.8550000000000001
vehicle,bo_tpe,21,35,0.8550000000000001
vehicle,bo_tpe,21,36,0.8550000000000001
vehicle,bo_tpe,21,37,0.8550000000000001
vehicle,bo_tpe,21,38,0.8550000000000001
vehicle,bo_tpe,21,39,0.8550000000000001
vehicle,bo_tpe,21,40,0.8550000000000001
vehicle,bo_tpe,21,41,0.8550000000000001
vehicle,bo_tpe,21,42,0.8550000000000001
vehicle,bo_tpe,21,43,0.8550000000000001
vehicle,bo_tpe,21,44,0.8550000000000001
vehicle,bo_tpe,21,45,0.8550000000000001
vehicle,bo_tpe,21,46,0.8550000000000001
vehicle,bo_tpe,21,47,0.8550000000000001
vehicle,bo_tpe,21,48,0.8550000000000001
vehicle,bo_tpe,21,49,0.8550000000000001
vehicle,bo_tpe,21,50,0.8550000000000001
vehicle,bo_tpe,21,51,0.8550000000000001
vehicle,bo_tpe,21,52,0.8550000000000001
vehicle,bo_tpe,21,53,0.8550000000000001
vehicle,bo_tpe,21,54,0.8564705882352941
vehicle,bo_tpe,21,55,0.8564705882352941
vehicle,bo_tpe,21,56,0.8564705882352941
vehicle,bo_tpe,21,57,0.8564705882352941
vehicle,bo_tpe,21,58,0.8564705882352941
vehicle,bo_tpe,21,59,0.8564705882352941
vehicle,bo_tpe,21,60,0.8564705882352941
vehicle,bo_tpe,21,61,0.8564705882352941
vehicle,bo_tpe,21,62,0.8564705882352941
vehicle,bo_tpe,21,63,0.8564705882352941
vehicle,bo_tpe,21,64,0.8564705882352941
vehicle,bo_tpe,21,65,0.8564705882352941
vehicle,bo_tpe,21,66,0.8564705882352941
vehicle,bo_tpe,21,67,0.8564705882352941
vehicle,bo_tpe,21,68,0.8564705882352941
vehicle,bo_tpe,21,69,0.8564705882352941
vehicle,bo_tpe,21,70,0.8564705882352941
vehicle,bo_tpe,21,71,0.8638997821350763
vehicle,bo_tpe,21,72,0.8638997821350763
vehicle,bo_tpe,21,73,0.8638997821350763
vehicle,bo_tpe,21,74,0.8638997821350763
vehicle,bo_tpe,21,75,0.8638997821350763
vehicle,bo_tpe,21,76,0.8638997821350763
vehicle,bo_tpe,21,77,0.8638997821350763
vehicle,bo_tpe,21,78,0.8638997821350763
vehicle,bo_tpe,21,79,0.8638997821350763
vehicle,bo_tpe,21,80,0.8638997821350763
vehicle,bo_tpe,21,81,0.8638997821350763
vehicle,bo_tpe,21,82,0.8638997821350763
vehicle,bo_tpe,21,83,0.8638997821350763
vehicle,bo_tpe,21,84,0.8638997821350763
vehicle,bo_tpe,21,85,0.8638997821350763
vehicle,bo_tpe,21,86,0.8638997821350763
vehicle,bo_tpe,21,87,0.8638997821350763
vehicle,bo_tpe,21,88,0.8638997821350763
vehicle,bo_tpe,21,89,0.8638997821350763
vehicle,bo_tpe,21,90,0.8638997821350763
vehicle,bo_tpe,21,91,0.8638997821350763
vehicle,bo_tpe,21,92,0.8638997821350763
vehicle,bo_tpe,21,93,0.8638997821350763
vehicle,bo_tpe,21,94,0.8638997821350763
vehicle,bo_tpe,21,95,0.8638997821350763
vehicle,bo_tpe,21,96,0.8638997821350763
vehicle,bo_tpe,21,97,0.8638997821350763
vehicle,bo_tpe,21,98,0.8638997821350763
vehicle,bo_tpe,21,99,0.8638997821350763
vehicle,bo_tpe,21,100,0.8638997821350763
vehicle,pso,21,1,0.8550108932461875
vehicle,pso,21,2,0.8550108932461875
vehicle,pso,21,3,0.8550108932461875
vehicle,pso,21,4,0.8550108932461875
vehicle,pso,21,5,0.8550108932461875
vehicle,pso,21,6,0.8550108932461875
vehicle,pso,21,7,0.8550108932461875
vehicle,pso,21,8,0.8550108932461875
vehicle,pso,21,9,0.8550108932461875
vehicle,pso,21,10,0.8550108932461875
vehicle,pso,21,11,0.8550108932461875
vehicle,pso,21,12,0.8550108932461875
vehicle,pso,21,13,0.8550108932461875
vehicle,pso,21,14,0.8550108932461875
vehicle,pso,21,15,0.8550108932461875
vehicle,pso,21,16,0.8550108932461875
vehicle,pso,21,17,0.8550108932461875
vehicle,pso,21,18,0.8550108932461875
vehicle,pso,21,19,0.8550108932461875
vehicle,pso,21,20,0.8550108932461875
vehicle,pso,21,21,0.8550108932461875
vehicle,pso,21,22,0.8550108932461875
vehicle,pso,21,23,0.8550108932461875
vehicle,pso,21,24,0.8550108932461875
vehicle,pso,21,25,0.8550108932461875
vehicle,pso,21,26,0.8550108932461875
vehicle,pso,21,27,0.8550108932461875
vehicle,pso,21,28,0.8550108932461875
vehicle,pso,21,29,0.8550108932461875
vehicle,pso,21,30,0.8550108932461875
vehicle,pso,21,31,0.8550108932461875
vehicle,pso,21,32,0.8550108932461875
vehicle,pso,21,33,0.8550108932461875
vehicle,pso,21,34,0.8550108932461875
vehicle,pso,21,35,0.8550108932461875
vehicle,pso,21,36,0.8550108932461875
vehicle,pso,21,37,0.8550108932461875
vehicle,pso,21,38,0.8550108932461875
vehicle,pso,21,39,0.8550108932461875
vehicle,pso,21,40,0.8550108932461875
vehicle,pso,21,41,0.8550108932461875
vehicle,pso,21,42,0.8550108932461875
vehicle,pso,21,43,0.8550108932461875
vehicle,pso,21,44,0.8550108932461875
vehicle,pso,21,45,0.8550108932461875
vehicle,pso,21,46,0.8550108932461875
vehicle,pso,21,47,0.8550108932461875
vehicle,pso,21,48,0.8550108932461875
vehicle,pso,21,49,0.8550108932461875
vehicle,pso,21,50,0.8550108932461875
vehicle,pso,21,51,0.8550108932461875
vehicle,pso,21,52,0.8550108932461875
vehicle,pso,21,53,0.8550108932461875
vehicle,pso,21,54,0.8550108932461875
vehicle,pso,21,55,0.8550108932461875
vehicle,pso,21,56,0.8550108932461875
vehicle,pso,21,57,0.8550108932461875
vehicle,pso,21,58,0.8550108932461875
vehicle,pso,21,59,0.8550108932461875
vehicle,pso,21,60,0.8550108932461875
vehicle,pso,21,61,0.8550108932461875
vehicle,pso,21,62,0.8550108932461875
vehicle,pso,21,63,0.8550108932461875
vehicle,pso,21,64,0.8550108932461875
vehicle,pso,21,65,0.8550108932461875
vehicle,pso,21,66,0.8550108932461875
vehicle,pso,21,67,0.8550108932461875
vehicle,pso,21,68,0.8550108932461875
vehicle,pso,21,69,0.8550108932461875
vehicle,pso,21,70,0.8550108932461875
vehicle,pso,21,71,0.8550108932461875
vehicle,pso,21,72,0.8550108932461875
vehicle,pso,21,73,0.8550108932461875
vehicle,pso,21,74,0.8550108932461875
vehicle,pso,21,75,0.8550108932461875
vehicle,pso,21,76,0.8550108932461875
vehicle,pso,21,77,0.8550108932461875
vehicle,pso,21,78,0.8550108932461875
vehicle,pso,21,79,0.8550108932461875
vehicle,pso,21,80,0.8550108932461875
vehicle,pso,21,81,0.8550108932461875
vehicle,pso,21,82,0.8550108932461875
vehicle,pso,21,83,0.8550108932461875
vehicle,pso,21,84,0.8550108932461875
vehicle,pso,21,85,0.8550108932461875
vehicle,pso,21,86,0.8550108932461875
vehicle,pso,21,87,0.8550108932461875
vehicle,pso,21,88,0.8550108932461875
vehicle,pso,21,89,0.8550108932461875
vehicle,pso,21,90,0.8550108932461875
vehicle,pso,21,91,0.8550108932461875
vehicle,pso,21,92,0.8550108932461875
vehicle,pso,21,93,0.8550108932461875
vehicle,pso,21,94,0.8550108932461875
vehicle,pso,21,95,0.8550108932461875
vehicle,pso,21,96,0.8550108932461875
vehicle,pso,21,97,0.8550108932461875
vehicle,pso,21,98,0.8550108932461875
vehicle,pso,21,99,0.8550108932461875
vehicle,pso,21,100,0.8550108932461875
vehicle,de,21,1,0.8269063180827887
vehicle,de,21,2,0.8269063180827887
vehicle,de,21,3,0.8269063180827887
vehicle,de,21,4,0.8269063180827887
vehicle,de,21,5,0.8269063180827887
vehicle,de,21,6,0.8269063180827887
vehicle,de,21,7,0.8269063180827887
vehicle,de,21,8,0.8269063180827887
vehicle,de,21,9,0.8269063180827887
vehicle,de,21,10,0.8313398692810458
vehicle,de,21,11,0.8313398692810458
vehicle,de,21,12,0.8313398692810458
vehicle,de,21,13,0.8313398692810458
vehicle,de,21,14,0.8313398692810458
vehicle,de,21,15,0.8313398692810458
vehicle,de,21,16,0.8313398692810458
vehicle,de,21,17,0.8372549019607843
vehicle,de,21,18,0.8372549019607843
vehicle,de,21,19,0.8372549019607843
vehicle,de,21,20,0.8372549019607843
vehicle,de,21,21,0.8372549019607843
vehicle,de,21,22,0.8372549019607843
vehicle,de,21,23,0.8372549019607843
vehicle,de,21,24,0.8372549019607843
vehicle,de,21,25,0.8372549019607843
vehicle,de,21,26,0.8372549019607843
vehicle,de,21,27,0.8372549019607843
vehicle,de,21,28,0.8372549019607843
vehicle,de,21,29,0.8372549019607843
vehicle,de,21,30,0.8372549019607843
vehicle,de,21,31,0.8372549019607843
vehicle,de,21,32,0.8372549019607843
vehicle,de,21,33,0.8372549019607843
vehicle,de,21,34,0.8372549019607843
vehicle,de,21,35,0.8372549019607843
vehicle,de,21,36,0.8372549019607843
vehicle,de,21,37,0.8372549019607843
vehicle,de,21,38,0.8372549019607843
vehicle,de,21,39,0.8372549019607843
vehicle,de,21,40,0.8416993464052286
vehicle,de,21,41,0.8416993464052286
vehicle,de,21,42,0.8416993464052286
vehicle,de,21,43,0.8416993464052286
vehicle,de,21,44,0.8416993464052286
vehicle,de,21,45,0.8416993464052286
vehicle,de,21,46,0.8490849673202614
vehicle,de,21,47,0.8490849673202614
vehicle,de,21,48,0.8490849673202614
vehicle,de,21,49,0.8490849673202614
vehicle,de,21,50,0.8490849673202614
vehicle,de,21,51,0.8490849673202614
vehicle,de,21,52,0.8490849673202614
vehicle,de,21,53,0.8490849673202614
vehicle,de,21,54,0.8490849673202614
vehicle,de,21,55,0.8490849673202614
vehicle,de,21,56,0.8490849673202614
vehicle,de,21,57,0.8490849673202614
vehicle,de,21,58,0.8490849673202614
vehicle,de,21,59,0.8490849673202614
vehicle,de,21,60,0.8490849673202614
vehicle,de,21,61,0.8490849673202614
vehicle,de,21,62,0.8490849673202614
vehicle,de,21,63,0.8490849673202614
vehicle,de,21,64,0.8490849673202614
vehicle,de,21,65,0.8490849673202614
vehicle,de,21,66,0.8490849673202614
vehicle,de,21,67,0.8490849673202614
vehicle,de,21,68,0.8490849673202614
vehicle,de,21,69,0.8490849673202614
vehicle,de,21,70,0.8490849673202614
vehicle,de,21,71,0.8490849673202614
vehicle,de,21,72,0.8490849673202614
vehicle,de,21,73,0.8550108932461873
vehicle,de,21,74,0.8550108932461873
vehicle,de,21,75,0.8550108932461873
vehicle,de,21,76,0.8550108932461873
vehicle,de,21,77,0.8550108932461873
vehicle,de,21,78,0.8550108932461873
vehicle,de,21,79,0.8550108932461873
vehicle,de,21,80,0.8550108932461873
vehicle,de,21,81,0.8550108932461873
vehicle,de,21,82,0.8550108932461873
vehicle,de,21,83,0.8550108932461873
vehicle,de,21,84,0.8550108932461873
vehicle,de,21,85,0.8550108932461873
vehicle,de,21,86,0.8550108932461873
vehicle,de,21,87,0.8550108932461873
vehicle,de,21,88,0.8550108932461873
vehicle,de,21,89,0.8550108932461873
vehicle,de,21,90,0.8550108932461873
vehicle,de,21,91,0.8550108932461873
vehicle,de,21,92,0.8550108932461873
vehicle,de,21,93,0.8550108932461873
vehicle,de,21,94,0.8550108932461873
vehicle,de,21,95,0.8550108932461873
vehicle,de,21,96,0.8550108932461873
vehicle,de,21,97,0.8550108932461873
vehicle,de,21,98,0.8550108932461873
vehicle,de,21,99,0.8550108932461873
vehicle,de,21,100,0.8550108932461873
vehicle,ga,21,1,0.8269063180827887
vehicle,ga,21,2,0.8269063180827887
vehicle,ga,21,3,0.8269063180827887
vehicle,ga,21,4,0.8269063180827887
vehicle,ga,21,5,0.8269063180827887
vehicle,ga,21,6,0.8269063180827887
vehicle,ga,21,7,0.8269063180827887
vehicle,ga,21,8,0.8269063180827887
vehicle,ga,21,9,0.8269063180827887
vehicle,ga,21,10,0.8313398692810458
vehicle,ga,21,11,0.8313398692810458
vehicle,ga,21,12,0.8313398692810458
vehicle,ga,21,13,0.8313398692810458
vehicle,ga,21,14,0.8313398692810458
vehicle,ga,21,15,0.8313398692810458
vehicle,ga,21,16,0.8313398692810458
vehicle,ga,21,17,0.8372549019607843
vehicle,ga,21,18,0.8372549019607843
vehicle,ga,21,19,0.8372549019607843
vehicle,ga,21,20,0.8372549019607843
vehicle,ga,21,21,0.8387472766884532
vehicle,ga,21,22,0.8387472766884532
vehicle,ga,21,23,0.8387472766884532
vehicle,ga,21,24,0.8402069716775598
vehicle,ga,21,25,0.8402069716775598
vehicle,ga,21,26,0.8402069716775598
vehicle,ga,21,27,0.8416884531590414
vehicle,ga,21,28,0.8416884531590414
vehicle,ga,21,29,0.8416884531590414
vehicle,ga,21,30,0.8416884531590414
vehicle,ga,21,31,0.8416884531590414
vehicle,ga,21,32,0.8416884531590414
vehicle,ga,21,33,0.8416884531590414
vehicle,ga,21,34,0.8416884531590414
vehicle,ga,21,35,0.8416884531590414
vehicle,ga,21,36,0.8416884531590414
vehicle,ga,21,37,0.8416884531590414
vehicle,ga,21,38,0.8416884531590414
vehicle,ga,21,39,0.8416884531590414
vehicle,ga,21,40,0.8416884531590414
vehicle,ga,21,41,0.8416884531590414
vehicle,ga,21,42,0.8416884531590414
vehicle,ga,21,43,0.8416884531590414
vehicle,ga,21,44,0.8416884531590414
vehicle,ga,21,45,0.8416884531590414
vehicle,ga,21,46,0.8416884531590414
vehicle,ga,21,47,0.8416884531590414
vehicle,ga,21,48,0.8416884531590414
vehicle,ga,21,49,0.8416884531590414
vehicle,ga,21,50,0.8416884531590414
vehicle,ga,21,51,0.8416884531590414
vehicle,ga,21,52,0.8416884531590414
vehicle,ga,21,53,0.8476143790849673
vehicle,ga,21,54,0.8476143790849673
vehicle,ga,21,55,0.8476143790849673
vehicle,ga,21,56,0.8476143790849673
vehicle,ga,21,57,0.8476143790849673
vehicle,ga,21,58,0.8476143790849673
vehicle,ga,21,59,0.8476143790849673
vehicle,ga,21,60,0.8476143790849673
vehicle,ga,21,61,0.8476143790849673
vehicle,ga,21,62,0.8476143790849673
vehicle,ga,21,63,0.8476143790849673
vehicle,ga,21,64,0.8476143790849673
vehicle,ga,21,65,0.8476143790849673
vehicle,ga,21,66,0.8476143790849673
vehicle,ga,21,67,0.8490849673202614
vehicle,ga,21,68,0.850566448801743
vehicle,ga,21,69,0.850566448801743
vehicle,ga,21,70,0.850566448801743
vehicle,ga,21,71,0.850566448801743
vehicle,ga,21,72,0.850566448801743
vehicle,ga,21,73,0.850566448801743
vehicle,ga,21,74,0.850566448801743
vehicle,ga,21,75,0.850566448801743
vehicle,ga,21,76,0.850566448801743
vehicle,ga,21,77,0.850566448801743
vehicle,ga,21,78,0.850566448801743
vehicle,ga,21,79,0.850566448801743
vehicle,ga,21,80,0.850566448801743
vehicle,ga,21,81,0.850566448801743
vehicle,ga,21,82,0.850566448801743
vehicle,ga,21,83,0.850566448801743
vehicle,ga,21,84,0.850566448801743
vehicle,ga,21,85,0.850566448801743
vehicle,ga,21,86,0.850566448801743
vehicle,ga,21,87,0.850566448801743
vehicle,ga,21,88,0.850566448801743
vehicle,ga,21,89,0.850566448801743
vehicle,ga,21,90,0.850566448801743
vehicle,ga,21,91,0.850566448801743
vehicle,ga,21,92,0.850566448801743
vehicle,ga,21,93,0.850566448801743
vehicle,ga,21,94,0.850566448801743
vehicle,ga,21,95,0.850566448801743
vehicle,ga,21,96,0.850566448801743
vehicle,ga,21,97,0.850566448801743
vehicle,ga,21,98,0.850566448801743
vehicle,ga,21,99,0.850566448801743
vehicle,ga,21,100,0.857962962962963
vehicle,grid,22,1,0.3018409586056644
vehicle,grid,22,2,0.3033224400871459
vehicle,grid,22,3,0.3048039215686274
vehicle,grid,22,4,0.3048039215686274
vehicle,grid,22,5,0.3048039215686274
vehicle,grid,22,6,0.3772331154684096
vehicle,grid,22,7,0.4231263616557734
vehicle,grid,22,8,0.4231263616557734
vehicle,grid,22,9,0.4231263616557734
vehicle,grid,22,10,0.4231263616557734
vehicle,grid,22,11,0.4231263616557734
vehicle,grid,22,12,0.4231263616557734
vehicle,grid,22,13,0.4231263616557734
vehicle,grid,22,14,0.4231263616557734
vehicle,grid,22,15,0.507363834422658
vehicle,grid,22,16,0.6361002178649238
vehicle,grid,22,17,0.6745533769063181
vehicle,grid,22,18,0.6745533769063181
vehicle,grid,22,19,0.6745533769063181
vehicle,grid,22,20,0.6745533769063181
vehicle,grid,22,21,0.6745533769063181
vehicle,grid,22,22,0.6745533769063181
vehicle,grid,22,23,0.6745533769063181
vehicle,grid,22,24,0.6745533769063181
vehicle,grid,22,25,0.6745969498910676
vehicle,grid,22,26,0.7396840958605664
vehicle,grid,22,27,0.7559477124183006
vehicle,grid,22,28,0.7559477124183006
vehicle,grid,22,29,0.7559477124183006
vehicle,grid,22,30,0.7559477124183006
vehicle,grid,22,31,0.7559477124183006
vehicle,grid,22,32,0.7559477124183006
vehicle,grid,22,33,0.7559477124183006
vehicle,grid,22,34,0.7559477124183006
vehicle,grid,22,35,0.7559477124183006
vehicle,grid,22,36,0.7899891067538126
vehicle,grid,22,37,0.791437908496732
vehicle,grid,22,38,0.791437908496732
vehicle,grid,22,39,0.791437908496732
vehicle,grid,22,40,0.791437908496732
vehicle,grid,22,41,0.791437908496732
vehicle,grid,22,42,0.791437908496732
vehicle,grid,22,43,0.791437908496732
vehicle,grid,22,44,0.791437908496732
vehicle,grid,22,45,0.7958714596949892
vehicle,grid,22,46,0.8313834422657953
vehicle,grid,22,47,0.8313834422657953
vehicle,grid,22,48,0.8313834422657953
vehicle,grid,22,49,0.8313834422657953
vehicle,grid,22,50,0.8313834422657953
vehicle,grid,22,51,0.8313834422657953
vehicle,grid,22,52,0.8313834422657953
vehicle,grid,22,53,0.8313834422657953
vehicle,grid,22,54,0.8313834422657953
vehicle,grid,22,55,0.8313834422657953
vehicle,grid,22,56,0.8343355119825707
vehicle,grid,22,57,0.8343355119825707
vehicle,grid,22,58,0.8343355119825707
vehicle,grid,22,59,0.8343355119825707
vehicle,grid,22,60,0.8343355119825707
vehicle,grid,22,61,0.8343355119825707
vehicle,grid,22,62,0.8343355119825707
vehicle,grid,22,63,0.8343355119825707
vehicle,grid,22,64,0.8343355119825707
vehicle,grid,22,65,0.8343355119825707
vehicle,grid,22,66,0.8343355119825707
vehicle,grid,22,67,0.8343355119825707
vehicle,grid,22,68,0.8343355119825707
vehicle,grid,22,69,0.8343355119825707
vehicle,grid,22,70,0.8343355119825707
vehicle,grid,22,71,0.8343355119825707
vehicle,grid,22,72,0.8343355119825707
vehicle,grid,22,73,0.8343355119825707
vehicle,grid,22,74,0.8343355119825707
vehicle,grid,22,75,0.8387799564270152
vehicle,grid,22,76,0.8387799564270152
vehicle,grid,22,77,0.8387799564270152
vehicle,grid,22,78,0.8387799564270152
vehicle,grid,22,79,0.8387799564270152
vehicle,grid,22,80,0.8387799564270152
vehicle,grid,22,81,0.8387799564270152
vehicle,grid,22,82,0.8387799564270152
vehicle,grid,22,83,0.8387799564270152
vehicle,grid,22,84,0.8387799564270152
vehicle,grid,22,85,0.8387799564270152
vehicle,grid,22,86,0.8387799564270152
vehicle,grid,22,87,0.8387799564270152
vehicle,grid,22,88,0.8387799564270152
vehicle,grid,22,89,0.8387799564270152
vehicle,grid,22,90,0.8387799564270152
vehicle,grid,22,91,0.8387799564270152
vehicle,grid,22,92,0.8387799564270152
vehicle,grid,22,93,0.8387799564270152
vehicle,grid,22,94,0.8447167755991286
vehicle,grid,22,95,0.8447167755991286
vehicle,grid,22,96,0.8447167755991286
vehicle,grid,22,97,0.8447167755991286
vehicle,grid,22,98,0.8447167755991286
vehicle,grid,22,99,0.8447167755991286
vehicle,grid,22,100,0.8447167755991286
vehicle,random,22,1,0.6849564270152506
vehicle,random,22,2,0.6849564270152506
vehicle,random,22,3,0.6849564270152506
vehicle,random,22,4,0.7707516339869281
vehicle,random,22,5,0.7707516339869281
vehicle,random,22,6,0.7707516339869281
vehicle,random,22,7,0.7707516339869281
vehicle,random,22,8,0.7707516339869281
vehicle,random,22,9,0.7707516339869281
vehicle,random,22,10,0.8047603485838779
vehicle,random,22,11,0.8047603485838779
vehicle,random,22,12,0.8077124183006535
vehicle,random,22,13,0.8225054466230937
vehicle,random,22,14,0.8225054466230937
vehicle,random,22,15,0.8225054466230937
vehicle,random,22,16,0.8225054466230937
vehicle,random,22,17,0.8225054466230937
vehicle,random,22,18,0.8225054466230937
vehicle,random,22,19,0.8225054466230937
vehicle,random,22,20,0.8299019607843137
vehicle,random,22,21,0.8299019607843137
vehicle,random,22,22,0.8299019607843137
vehicle,random,22,23,0.8299019607843137
vehicle,random,22,24,0.8299019607843137
vehicle,random,22,25,0.8299019607843137
vehicle,random,22,26,0.8299019607843137
vehicle,random,22,27,0.8299019607843137
vehicle,random,22,28,0.8299019607843137
vehicle,random,22,29,0.8299019607843137
vehicle,random,22,30,0.8299019607843137
vehicle,random,22,31,0.8299019607843137
vehicle,random,22,32,0.8299019607843137
vehicle,random,22,33,0.8299019607843137
vehicle,random,22,34,0.8299019607843137
vehicle,random,22,35,0.8299019607843137
vehicle,random,22,36,0.8299019607843137
vehicle,random,22,37,0.8299019607843137
vehicle,random,22,38,0.8299019607843137
vehicle,random,22,39,0.8299019607843137
vehicle,random,22,40,0.8299019607843137
vehicle,random,22,41,0.8313725490196078
vehicle,random,22,42,0.8313725490196078
vehicle,random,22,43,0.8313725490196078
vehicle,random,22,44,0.8313725490196078
vehicle,random,22,45,0.8313725490196078
vehicle,random,22,46,0.8313725490196078
vehicle,random,22,47,0.8313725490196078
vehicle,random,22,48,0.8313725490196078
vehicle,random,22,49,0.8313725490196078
vehicle,random,22,50,0.8313725490196078
vehicle,random,22,51,0.8313725490196078
vehicle,random,22,52,0.8313725490196078
vehicle,random,22,53,0.8313725490196078
vehicle,random,22,54,0.8313725490196078
vehicle,random,22,55,0.8313725490196078
vehicle,random,22,56,0.8313725490196078
vehicle,random,22,57,0.8313725490196078
vehicle,random,22,58,0.8313725490196078
vehicle,random,22,59,0.8313725490196078
vehicle,random,22,60,0.8313725490196078
vehicle,random,22,61,0.8313725490196078
vehicle,random,22,62,0.8314052287581699
vehicle,random,22,63,0.8314052287581699
vehicle,random,22,64,0.8314052287581699
vehicle,random,22,65,0.8314052287581699
vehicle,random,22,66,0.8314052287581699
vehicle,random,22,67,0.8314052287581699
vehicle,random,22,68,0.8314052287581699
vehicle,random,22,69,0.8314052287581699
vehicle,random,22,70,0.8314052287581699
vehicle,random,22,71,0.8314052287581699
vehicle,random,22,72,0.8314052287581699
vehicle,random,22,73,0.8314052287581699
vehicle,random,22,74,0.8314052287581699
vehicle,random,22,75,0.8314052287581699
vehicle,random,22,76,0.8314052287581699
vehicle,random,22,77,0.8314052287581699
vehicle,random,22,78,0.8314052287581699
vehicle,random,22,79,0.8314052287581699
vehicle,random,22,80,0.8314052287581699
vehicle,random,22,81,0.8314052287581699
vehicle,random,22,82,0.8314052287581699
vehicle,random,22,83,0.8314052287581699
vehicle,random,22,84,0.8314052287581699
vehicle,random,22,85,0.8314052287581699
vehicle,random,22,86,0.8314052287581699
vehicle,random,22,87,0.8432135076252724
vehicle,random,22,88,0.8432135076252724
vehicle,random,22,89,0.8432135076252724
vehicle,random,22,90,0.8432135076252724
vehicle,random,22,91,0.8432135076252724
vehicle,random,22,92,0.8432135076252724
vehicle,random,22,93,0.8432135076252724
vehicle,random,22,94,0.8432135076252724
vehicle,random,22,95,0.8432135076252724
vehicle,random,22,96,0.8432135076252724
vehicle,random,22,97,0.8446840958605664
vehicle,random,22,98,0.8446840958605664
vehicle,random,22,99,0.8446840958605664
vehicle,random,22,100,0.8446840958605664
vehicle,bo_tpe,22,1,0.6849564270152506
vehicle,bo_tpe,22,2,0.6849564270152506
vehicle,bo_tpe,22,3,0.6849564270152506
vehicle,bo_tpe,22,4,0.7707516339869281
vehicle,bo_tpe,22,5,0.7707516339869281
vehicle,bo_tpe,22,6,0.7707516339869281
vehicle,bo_tpe,22,7,0.7707516339869281
vehicle,bo_tpe,22,8,0.7707516339869281
vehicle,bo_tpe,22,9,0.7707516339869281
vehicle,bo_tpe,22,10,0.8047603485838779
vehicle,bo_tpe,22,11,0.8047603485838779
vehicle,bo_tpe,22,12,0.8047603485838779
vehicle,bo_tpe,22,13,0.8047603485838779
vehicle,bo_tpe,22,14,0.8195424836601308
vehicle,bo_tpe,22,15,0.8195424836601308
vehicle,bo_tpe,22,16,0.8210566448801743
vehicle,bo_tpe,22,17,0.8417429193899781
vehicle,bo_tpe,22,18,0.8417429193899781
vehicle,bo_tpe,22,19,0.8417429193899781
vehicle,bo_tpe,22,20,0.8417429193899781
vehicle,bo_tpe,22,21,0.8417429193899781
vehicle,bo_tpe,22,22,0.8417429193899781
vehicle,bo_tpe,22,23,0.8417429193899781
vehicle,bo_tpe,22,24,0.8417429193899781
vehicle,bo_tpe,22,25,0.8417429193899781
vehicle,bo_tpe,22,26,0.8417429193899781
vehicle,bo_tpe,22,27,0.8417429193899781
vehicle,bo_tpe,22,28,0.8417429193899781
vehicle,bo_tpe,22,29,0.8417429193899781
vehicle,bo_tpe,22,30,0.8417429193899781
vehicle,bo_tpe,22,31,0.8417429193899781
vehicle,bo_tpe,22,32,0.8417429193899781
vehicle,bo_tpe,22,33,0.8417429193899781
vehicle,bo_tpe,22,34,0.8417429193899781
vehicle,bo_tpe,22,35,0.8417429193899781
vehicle,bo_tpe,22,36,0.8417429193899781
vehicle,bo_tpe,22,37,0.8417538126361656
vehicle,bo_tpe,22,38,0.8417538126361656
vehicle,bo_tpe,22,39,0.8417538126361656
vehicle,bo_tpe,22,40,0.8417538126361656
vehicle,bo_tpe,22,41,0.8417538126361656
vehicle,bo_tpe,22,42,0.8417538126361656
vehicle,bo_tpe,22,43,0.8417538126361656
vehicle,bo_tpe,22,44,0.8417538126361656
vehicle,bo_tpe,22,45,0.8417538126361656
vehicle,bo_tpe,22,46,0.8417538126361656
vehicle,bo_tpe,22,47,0.8417538126361656
vehicle,bo_tpe,22,48,0.8417538126361656
vehicle,bo_tpe,22,49,0.8417538126361656
vehicle,bo_tpe,22,50,0.8417538126361656
vehicle,bo_tpe,22,51,0.8417538126361656
vehicle,bo_tpe,22,52,0.8417538126361656
vehicle,bo_tpe,22,53,0.8417538126361656
vehicle,bo_tpe,22,54,0.8417538126361656
vehicle,bo_tpe,22,55,0.8417538126361656
vehicle,bo_tpe,22,56,0.8417538126361656
vehicle,bo_tpe,22,57,0.8417538126361656
vehicle,bo_tpe,22,58,0.8417538126361656
vehicle,bo_tpe,22,59,0.8417538126361656
vehicle,bo_tpe,22,60,0.8417538126361656
vehicle,bo_tpe,22,61,0.8447167755991286
vehicle,bo_tpe,22,62,0.8447167755991286
vehicle,bo_tpe,22,63,0.8447167755991286
vehicle,bo_tpe,22,64,0.8447167755991286
vehicle,bo_tpe,22,65,0.8491503267973857
vehicle,bo_tpe,22,66,0.8491503267973857
vehicle,bo_tpe,22,67,0.8491503267973857
vehicle,bo_tpe,22,68,0.8491503267973857
vehicle,bo_tpe,22,69,0.8491503267973857
vehicle,bo_tpe,22,70,0.8491503267973857
vehicle,bo_tpe,22,71,0.8491503267973857
vehicle,bo_tpe,22,72,0.8491503267973857
vehicle,bo_tpe,22,73,0.8491503267973857
vehicle,bo_tpe,22,74,0.8491503267973857
vehicle,bo_tpe,22,75,0.8491503267973857
vehicle,bo_tpe,22,76,0.8491503267973857
vehicle,bo_tpe,22,77,0.8491503267973857
vehicle,bo_tpe,22,78,0.8491503267973857
vehicle,bo_tpe,22,79,0.8491503267973857
vehicle,bo_tpe,22,80,0.8491503267973857
vehicle,bo_tpe,22,81,0.8491503267973857
vehicle,bo_tpe,22,82,0.8491503267973857
vehicle,bo_tpe,22,83,0.8491503267973857
vehicle,bo_tpe,22,84,0.8491503267973857
vehicle,bo_tpe,22,85,0.8491503267973857
vehicle,bo_tpe,22,86,0.8491503267973857
vehicle,bo_tpe,22,87,0.8491503267973857
vehicle,bo_tpe,22,88,0.8491503267973857
vehicle,bo_tpe,22,89,0.8491503267973857
vehicle,bo_tpe,22,90,0.8491503267973857
vehicle,bo_tpe,22,91,0.8491503267973857
vehicle,bo_tpe,22,92,0.8491503267973857
vehicle,bo_tpe,22,93,0.8491503267973857
vehicle,bo_tpe,22,94,0.8491503267973857
vehicle,bo_tpe,22,95,0.8491503267973857
vehicle,bo_tpe,22,96,0.8491503267973857
vehicle,bo_tpe,22,97,0.8491503267973857
vehicle,bo_tpe,22,98,0.8491503267973857
vehicle,bo_tpe,22,99,0.8491503267973857
vehicle,bo_tpe,22,100,0.8491503267973857
vehicle,pso,22,1,0.7988671023965143
vehicle,pso,22,2,0.8195424836601308
vehicle,pso,22,3,0.8195424836601308
vehicle,pso,22,4,0.8195424836601308
vehicle,pso,22,5,0.8195424836601308
vehicle,pso,22,6,0.8195424836601308
vehicle,pso,22,7,0.8195424836601308
vehicle,pso,22,8,0.8254575163398693
vehicle,pso,22,9,0.8254575163398693
vehicle,pso,22,10,0.8254575163398693
vehicle,pso,22,11,0.8254575163398693
vehicle,pso,22,12,0.8254575163398693
vehicle,pso,22,13,0.8402832244008716
vehicle,pso,22,14,0.8402832244008716
vehicle,pso,22,15,0.8402832244008716
vehicle,pso,22,16,0.8402832244008716
vehicle,pso,22,17,0.8402832244008716
vehicle,pso,22,18,0.8402832244008716
vehicle,pso,22,19,0.8402832244008716
vehicle,pso,22,20,0.8402832244008716
vehicle,pso,22,21,0.8402832244008716
vehicle,pso,22,22,0.8476688453159043
vehicle,pso,22,23,0.8476688453159043
vehicle,pso,22,24,0.8476688453159043
vehicle,pso,22,25,0.8476688453159043
vehicle,pso,22,26,0.8476688453159043
vehicle,pso,22,27,0.8476688453159043
vehicle,pso,22,28,0.8476688453159043
vehicle,pso,22,29,0.8476688453159043
vehicle,pso,22,30,0.8476688453159043
vehicle,pso,22,31,0.8476688453159043
vehicle,pso,22,32,0.8476688453159043
vehicle,pso,22,33,0.8476688453159043
vehicle,pso,22,34,0.8476688453159043
vehicle,pso,22,35,0.8476688453159043
vehicle,pso,22,36,0.8476688453159043
vehicle,pso,22,37,0.8476688453159043
vehicle,pso,22,38,0.8476688453159043
vehicle,pso,22,39,0.8476688453159043
vehicle,pso,22,40,0.8476688453159043
vehicle,pso,22,41,0.8476688453159043
vehicle,pso,22,42,0.8521023965141612
vehicle,pso,22,43,0.8521023965141612
vehicle,pso,22,44,0.8521023965141612
vehicle,pso,22,45,0.8521023965141612
vehicle,pso,22,46,0.8521023965141612
vehicle,pso,22,47,0.8521023965141612
vehicle,pso,22,48,0.8521023965141612
vehicle,pso,22,49,0.8521023965141612
vehicle,pso,22,50,0.8521023965141612
vehicle,pso,22,51,0.8521023965141612
vehicle,pso,22,52,0.8521023965141612
vehicle,pso,22,53,0.8521023965141612
vehicle,pso,22,54,0.8521023965141612
vehicle,pso,22,55,0.8521023965141612
vehicle,pso,22,56,0.8521023965141612
vehicle,pso,22,57,0.8521023965141612
vehicle,pso,22,58,0.8521023965141612
vehicle,pso,22,59,0.8521023965141612
vehicle,pso,22,60,0.8521023965141612
vehicle,pso,22,61,0.8521023965141612
vehicle,pso,22,62,0.8521023965141612
vehicle,pso,22,63,0.8521023965141612
vehicle,pso,22,64,0.8521023965141612
vehicle,pso,22,65,0.8521023965141612
vehicle,pso,22,66,0.8521023965141612
vehicle,pso,22,67,0.8521023965141612
vehicle,pso,22,68,0.8521023965141612
vehicle,pso,22,69,0.8521023965141612
vehicle,pso,22,70,0.8521023965141612
vehicle,pso,22,71,0.8521023965141612
vehicle,pso,22,72,0.8521023965141612
vehicle,pso,22,73,0.8521023965141612
vehicle,pso,22,74,0.8521023965141612
vehicle,pso,22,75,0.8521023965141612
vehicle,pso,22,76,0.8521023965141612
vehicle,pso,22,77,0.8521023965141612
vehicle,pso,22,78,0.8521023965141612
vehicle,pso,22,79,0.8521023965141612
vehicle,pso,22,80,0.8521023965141612
vehicle,pso,22,81,0.8521023965141612
vehicle,pso,22,82,0.8521023965141612
vehicle,pso,22,83,0.8521023965141612
vehicle,pso,22,84,0.8521023965141612
vehicle,pso,22,85,0.8521023965141612
vehicle,pso,22,86,0.8521023965141612
vehicle,pso,22,87,0.8521023965141612
vehicle,pso,22,88,0.8521023965141612
vehicle,pso,22,89,0.8521023965141612
vehicle,pso,22,90,0.8521023965141612
vehicle,pso,22,91,0.8521023965141612
vehicle,pso,22,92,0.8521023965141612
vehicle,pso,22,93,0.8521023965141612
vehicle,pso,22,94,0.8521023965141612
vehicle,pso,22,95,0.8521023965141612
vehicle,pso,22,96,0.8521023965141612
vehicle,pso,22,97,0.8521023965141612
vehicle,pso,22,98,0.8521023965141612
vehicle,pso,22,99,0.8521023965141612
vehicle,pso,22,100,0.8521023965141612
vehicle,de,22,1,0.5621459694989107
vehicle,de,22,2,0.6345642701525055
vehicle,de,22,3,0.6345642701525055
vehicle,de,22,4,0.6731699346405229
vehicle,de,22,5,0.6731699346405229
vehicle,de,22,6,0.701230936819172
vehicle,de,22,7,0.7515359477124183
vehicle,de,22,8,0.7515359477124183
vehicle,de,22,9,0.7515359477124183
vehicle,de,22,10,0.7515359477124183
vehicle,de,22,11,0.7515359477124183
vehicle,de,22,12,0.7515359477124183
vehicle,de,22,13,0.8240305010893246
vehicle,de,22,14,0.8240305010893246
vehicle,de,22,15,0.8240305010893246
vehicle,de,22,16,0.8269498910675381
vehicle,de,22,17,0.8269498910675381
vehicle,de,22,18,0.8269498910675381
vehicle,de,22,19,0.8269498910675381
vehicle,de,22,20,0.8269498910675381
vehicle,de,22,21,0.8269498910675381
vehicle,de,22,22,0.8269498910675381
vehicle,de,22,23,0.8269498910675381
vehicle,de,22,24,0.8269498910675381
vehicle,de,22,25,0.8269498910675381
vehicle,de,22,26,0.8269498910675381
vehicle,de,22,27,0.8269498910675381
vehicle,de,22,28,0.8269498910675381
vehicle,de,22,29,0.8269498910675381
vehicle,de,22,30,0.8269498910675381
vehicle,de,22,31,0.8269498910675381
vehicle,de,22,32,0.8313398692810458
vehicle,de,22,33,0.8314161220043573
vehicle,de,22,34,0.8314161220043573
vehicle,de,22,35,0.8314161220043573
vehicle,de,22,36,0.8314161220043573
vehicle,de,22,37,0.8314161220043573
vehicle,de,22,38,0.8314161220043573
vehicle,de,22,39,0.8314161220043573
vehicle,de,22,40,0.8314161220043573
vehicle,de,22,41,0.8314161220043573
vehicle,de,22,42,0.8314161220043573
vehicle,de,22,43,0.8314161220043573
vehicle,de,22,44,0.8314161220043573
vehicle,de,22,45,0.8314161220043573
vehicle,de,22,46,0.8314161220043573
vehicle,de,22,47,0.8314161220043573
vehicle,de,22,48,0.8446840958605664
vehicle,de,22,49,0.8446840958605664
vehicle,de,22,50,0.8446840958605664
vehicle,de,22,51,0.8446840958605664
vehicle,de,22,52,0.8446840958605664
vehicle,de,22,53,0.8446840958605664
vehicle,de,22,54,0.8446840958605664
vehicle,de,22,55,0.8446840958605664
vehicle,de,22,56,0.8446840958605664
vehicle,de,22,57,0.8446840958605664
vehicle,de,22,58,0.8446840958605664
vehicle,de,22,59,0.8446840958605664
vehicle,de,22,60,0.8446840958605664
vehicle,de,22,61,0.8446840958605664
vehicle,de,22,62,0.8446840958605664
vehicle,de,22,63,0.8446840958605664
vehicle,de,22,64,0.8446840958605664
vehicle,de,22,65,0.8446840958605664
vehicle,de,22,66,0.8446840958605664
vehicle,de,22,67,0.8446840958605664
vehicle,de,22,68,0.8446840958605664
vehicle,de,22,69,0.8446840958605664
vehicle,de,22,70,0.8446840958605664
vehicle,de,22,71,0.8446840958605664
vehicle,de,22,72,0.8446840958605664
vehicle,de,22,73,0.8446840958605664
vehicle,de,22,74,0.8446840958605664
vehicle,de,22,75,0.8446840958605664
vehicle,de,22,76,0.8446840958605664
vehicle,de,22,77,0.8446840958605664
vehicle,de,22,78,0.8446840958605664
vehicle,de,22,79,0.8446840958605664
vehicle,de,22,80,0.8446840958605664
vehicle,de,22,81,0.8446840958605664
vehicle,de,22,82,0.8446840958605664
vehicle,de,22,83,0.8446840958605664
vehicle,de,22,84,0.8446840958605664
vehicle,de,22,85,0.8446840958605664
vehicle,de,22,86,0.8491394335511983
vehicle,de,22,87,0.8491394335511984
vehicle,de,22,88,0.8491394335511984
vehicle,de,22,89,0.8491394335511984
vehicle,de,22,90,0.8491394335511984
vehicle,de,22,91,0.8491394335511984
vehicle,de,22,92,0.8491394335511984
vehicle,de,22,93,0.8491394335511984
vehicle,de,22,94,0.8491394335511984
vehicle,de,22,95,0.8491394335511984
vehicle,de,22,96,0.8491394335511984
vehicle,de,22,97,0.8491394335511984
vehicle,de,22,98,0.8491394335511984
vehicle,de,22,99,0.8491394335511984
vehicle,de,22,100,0.8491394335511984
vehicle,ga,22,1,0.5621459694989107
vehicle,ga,22,2,0.6345642701525055
vehicle,ga,22,3,0.6345642701525055
vehicle,ga,22,4,0.6731699346405229
vehicle,ga,22,5,0.6731699346405229
vehicle,ga,22,6,0.701230936819172
vehicle,ga,22,7,0.7515359477124183
vehicle,ga,22,8,0.7515359477124183
vehicle,ga,22,9,0.7515359477124183
vehicle,ga,22,10,0.7515359477124183
vehicle,ga,22,11,0.7515359477124183
vehicle,ga,22,12,0.7515359477124183
vehicle,ga,22,13,0.8240305010893246
vehicle,ga,22,14,0.8240305010893246
vehicle,ga,22,15,0.8240305010893246
vehicle,ga,22,16,0.8269498910675381
vehicle,ga,22,17,0.8269498910675381
vehicle,ga,22,18,0.8269498910675381
vehicle,ga,22,19,0.8269498910675381
vehicle,ga,22,20,0.8269498910675381
vehicle,ga,22,21,0.8269498910675381
vehicle,ga,22,22,0.8269498910675381
vehicle,ga,22,23,0.8283877995642701
vehicle,ga,22,24,0.8283877995642701
vehicle,ga,22,25,0.8283877995642701
vehicle,ga,22,26,0.8283877995642701
vehicle,ga,22,27,0.8283877995642701
vehicle,ga,22,28,0.8299019607843137
vehicle,ga,22,29,0.8299019607843137
vehicle,ga,22,30,0.8299019607843137
vehicle,ga,22,31,0.8299019607843137
vehicle,ga,22,32,0.8299019607843137
vehicle,ga,22,33,0.8299019607843137
vehicle,ga,22,34,0.8299019607843137
vehicle,ga,22,35,0.8299019607843137
vehicle,ga,22,36,0.8299019607843137
vehicle,ga,22,37,0.8299019607843137
vehicle,ga,22,38,0.8299019607843137
vehicle,ga,22,39,0.8299019607843137
vehicle,ga,22,40,0.8299019607843137
vehicle,ga,22,41,0.8299019607843137
vehicle,ga,22,42,0.8299019607843137
vehicle,ga,22,43,0.8299019607843137
vehicle,ga,22,44,0.8299019607843137
vehicle,ga,22,45,0.8299019607843137
vehicle,ga,22,46,0.8299019607843137
vehicle,ga,22,47,0.8299019607843137
vehicle,ga,22,48,0.8299019607843137
vehicle,ga,22,49,0.8299019607843137
vehicle,ga,22,50,0.8299019607843137
vehicle,ga,22,51,0.8299019607843137
vehicle,ga,22,52,0.8299019607843137
vehicle,ga,22,53,0.8299019607843137
vehicle,ga,22,54,0.8299019607843137
vehicle,ga,22,55,0.8299019607843137
vehicle,ga,22,56,0.8299019607843137
vehicle,ga,22,57,0.8299019607843137
vehicle,ga,22,58,0.8357843137254901
vehicle,ga,22,59,0.8357843137254901
vehicle,ga,22,60,0.8357843137254901
vehicle,ga,22,61,0.8357843137254901
vehicle,ga,22,62,0.8357843137254901
vehicle,ga,22,63,0.8357843137254901
vehicle,ga,22,64,0.8357843137254901
vehicle,ga,22,65,0.8357843137254901
vehicle,ga,22,66,0.8358496732026144
vehicle,ga,22,67,0.8358496732026144
vehicle,ga,22,68,0.8358496732026144
vehicle,ga,22,69,0.8358496732026144
vehicle,ga,22,70,0.8358496732026144
vehicle,ga,22,71,0.8358496732026144
vehicle,ga,22,72,0.8358496732026144
vehicle,ga,22,73,0.8358496732026144
vehicle,ga,22,74,0.8358496732026144
vehicle,ga,22,75,0.8358496732026144
vehicle,ga,22,76,0.8358496732026144
vehicle,ga,22,77,0.8358496732026144
vehicle,ga,22,78,0.8358496732026144
vehicle,ga,22,79,0.8358496732026144
vehicle,ga,22,80,0.8358496732026144
vehicle,ga,22,81,0.8358496732026144
vehicle,ga,22,82,0.8372657952069715
vehicle,ga,22,83,0.8372657952069715
vehicle,ga,22,84,0.8372657952069715
vehicle,ga,22,85,0.8372657952069715
vehicle,ga,22,86,0.8372657952069715
vehicle,ga,22,87,0.8431917211328976
vehicle,ga,22,88,0.8431917211328976
vehicle,ga,22,89,0.8431917211328976
vehicle,ga,22,90,0.8461873638344226
vehicle,ga,22,91,0.8461873638344226
vehicle,ga,22,92,0.8461873638344226
vehicle,ga,22,93,0.8461873638344226
vehicle,ga,22,94,0.8461873638344226
vehicle,ga,22,95,0.8461873638344226
vehicle,ga,22,96,0.8461873638344226
vehicle,ga,22,97,0.8461873638344226
vehicle,ga,22,98,0.8461873638344226
vehicle,ga,22,99,0.8461873638344226
vehicle,ga,22,100,0.8461873638344226
vehicle,grid,23,1,0.3062854030501089
vehicle,grid,23,2,0.3062854030501089
vehicle,grid,23,3,0.3122113289760348
vehicle,grid,23,4,0.3166557734204793
vehicle,grid,23,5,0.3166557734204793
vehicle,grid,23,6,0.4289215686274509
vehicle,grid,23,7,0.4319716775599128
vehicle,grid,23,8,0.4319716775599128
vehicle,grid,23,9,0.4319716775599128
vehicle,grid,23,10,0.4319716775599128
vehicle,grid,23,11,0.4319716775599128
vehicle,grid,23,12,0.4319716775599128
vehicle,grid,23,13,0.4319716775599128
vehicle,grid,23,14,0.4394226579520697
vehicle,grid,23,15,0.5058823529411766
vehicle,grid,23,16,0.6286928104575165
vehicle,grid,23,17,0.6642156862745098
vehicle,grid,23,18,0.6642156862745098
vehicle,grid,23,19,0.6642156862745098
vehicle,grid,23,20,0.6642156862745098
vehicle,grid,23,21,0.6642156862745098
vehicle,grid,23,22,0.6642156862745098
vehicle,grid,23,23,0.6642156862745098
vehicle,grid,23,24,0.6642156862745098
vehicle,grid,23,25,0.6642156862745098
vehicle,grid,23,26,0.7367211328976035
vehicle,grid,23,27,0.7367211328976035
vehicle,grid,23,28,0.7367211328976035
vehicle,grid,23,29,0.7367211328976035
vehicle,grid,23,30,0.7367211328976035
vehicle,grid,23,31,0.7367211328976035
vehicle,grid,23,32,0.7367211328976035
vehicle,grid,23,33,0.7367211328976035
vehicle,grid,23,34,0.7367211328976035
vehicle,grid,23,35,0.7367211328976035
vehicle,grid,23,36,0.7973529411764706
vehicle,grid,23,37,0.7973529411764706
vehicle,grid,23,38,0.7973529411764706
vehicle,grid,23,39,0.7973529411764706
vehicle,grid,23,40,0.7973529411764706
vehicle,grid,23,41,0.7973529411764706
vehicle,grid,23,42,0.7973529411764706
vehicle,grid,23,43,0.7973529411764706
vehicle,grid,23,44,0.7973529411764706
vehicle,grid,23,45,0.7973529411764706
vehicle,grid,23,46,0.8136601307189542
vehicle,grid,23,47,0.8136601307189542
vehicle,grid,23,48,0.8136601307189542
vehicle,grid,23,49,0.8136601307189542
vehicle,grid,23,50,0.8136601307189542
vehicle,grid,23,51,0.8136601307189542
vehicle,grid,23,52,0.8136601307189542
vehicle,grid,23,53,0.8136601307189542
vehicle,grid,23,54,0.8136601307189542
vehicle,grid,23,55,0.8166013071895424
vehicle,grid,23,56,0.8343572984749456
vehicle,grid,23,57,0.8343572984749456
vehicle,grid,23,58,0.8343572984749456
vehicle,grid,23,59,0.8343572984749456
vehicle,grid,23,60,0.8343572984749456
vehicle,grid,23,61,0.8343572984749456
vehicle,grid,23,62,0.8343572984749456
vehicle,grid,23,63,0.8343572984749456
vehicle,grid,23,64,0.8343572984749456
vehicle,grid,23,65,0.8432244008714596
vehicle,grid,23,66,0.8461764705882354
vehicle,grid,23,67,0.8461764705882354
vehicle,grid,23,68,0.8461764705882354
vehicle,grid,23,69,0.8461764705882354
vehicle,grid,23,70,0.8461764705882354
vehicle,grid,23,71,0.8461764705882354
vehicle,grid,23,72,0.8461764705882354
vehicle,grid,23,73,0.8461764705882354
vehicle,grid,23,74,0.8461764705882354
vehicle,grid,23,75,0.84619825708061
vehicle,grid,23,76,0.8521132897603486
vehicle,grid,23,77,0.8521132897603486
vehicle,grid,23,78,0.8521132897603486
vehicle,grid,23,79,0.8521132897603486
vehicle,grid,23,80,0.8521132897603486
vehicle,grid,23,81,0.8521132897603486
vehicle,grid,23,82,0.8521132897603486
vehicle,grid,23,83,0.8521132897603486
vehicle,grid,23,84,0.8521132897603486
vehicle,grid,23,85,0.8521132897603486
vehicle,grid,23,86,0.8521132897603486
vehicle,grid,23,87,0.8521132897603486
vehicle,grid,23,88,0.8521132897603486
vehicle,grid,23,89,0.8521132897603486
vehicle,grid,23,90,0.8521132897603486
vehicle,grid,23,91,0.8521132897603486
vehicle,grid,23,92,0.8521132897603486
vehicle,grid,23,93,0.8521132897603486
vehicle,grid,23,94,0.8521132897603486
vehicle,grid,23,95,0.8521132897603486
vehicle,grid,23,96,0.8521132897603486
vehicle,grid,23,97,0.8521132897603486
vehicle,grid,23,98,0.8521132897603486
vehicle,grid,23,99,0.8521132897603486
vehicle,grid,23,100,0.8521132897603486
vehicle,random,23,1,0.3949891067538126
vehicle,random,23,2,0.813649237472767
vehicle,random,23,3,0.813649237472767
vehicle,random,23,4,0.813649237472767
vehicle,random,23,5,0.8195424836601308
vehicle,random,23,6,0.8195424836601308
vehicle,random,23,7,0.8446840958605664
vehicle,random,23,8,0.8446840958605664
vehicle,random,23,9,0.8446840958605664
vehicle,random,23,10,0.8446840958605664
vehicle,random,23,11,0.8446840958605664
vehicle,random,23,12,0.8446840958605664
vehicle,random,23,13,0.8446840958605664
vehicle,random,23,14,0.8446840958605664
vehicle,random,23,15,0.8446840958605664
vehicle,random,23,16,0.8446840958605664
vehicle,random,23,17,0.8446840958605664
vehicle,random,23,18,0.8446840958605664
vehicle,random,23,19,0.8446949891067538
vehicle,random,23,20,0.8446949891067538
vehicle,random,23,21,0.8446949891067538
vehicle,random,23,22,0.84619825708061
vehicle,random,23,23,0.84619825708061
vehicle,random,23,24,0.84619825708061
vehicle,random,23,25,0.84619825708061
vehicle,random,23,26,0.8521132897603485
vehicle,random,23,27,0.8521132897603485
vehicle,random,23,28,0.8521132897603485
vehicle,random,23,29,0.8521132897603485
vehicle,random,23,30,0.8521132897603485
vehicle,random,23,31,0.8521132897603485
vehicle,random,23,32,0.8521132897603485
vehicle,random,23,33,0.8521132897603485
vehicle,random,23,34,0.8521132897603485
vehicle,random,23,35,0.8521132897603485
vehicle,random,23,36,0.8521132897603485
vehicle,random,23,37,0.8521132897603485
vehicle,random,23,38,0.8521132897603485
vehicle,random,23,39,0.8521132897603485
vehicle,random,23,40,0.8521132897603485
vehicle,random,23,41,0.8521132897603485
vehicle,random,23,42,0.8521132897603485
vehicle,random,23,43,0.8521132897603485
vehicle,random,23,44,0.8521132897603485
vehicle,random,23,45,0.8521132897603485
vehicle,random,23,46,0.8521132897603485
vehicle,random,23,47,0.8521132897603485
vehicle,random,23,48,0.8521132897603485
vehicle,random,23,49,0.8521132897603485
vehicle,random,23,50,0.8521132897603485
vehicle,random,23,51,0.8521132897603485
vehicle,random,23,52,0.8521132897603485
vehicle,random,23,53,0.8521132897603485
vehicle,random,23,54,0.8521132897603485
vehicle,random,23,55,0.8521132897603485
vehicle,random,23,56,0.8521132897603485
vehicle,random,23,57,0.85359477124183
vehicle,random,23,58,0.85359477124183
vehicle,random,23,59,0.85359477124183
vehicle,random,23,60,0.85359477124183
vehicle,random,23,61,0.85359477124183
vehicle,random,23,62,0.85359477124183
vehicle,random,23,63,0.85359477124183
vehicle,random,23,64,0.85359477124183
vehicle,random,23,65,0.85359477124183
vehicle,random,23,66,0.85359477124183
vehicle,random,23,67,0.85359477124183
vehicle,random,23,68,0.85359477124183
vehicle,random,23,69,0.85359477124183
vehicle,random,23,70,0.85359477124183
vehicle,random,23,71,0.85359477124183
vehicle,random,23,72,0.85359477124183
vehicle,random,23,73,0.85359477124183
vehicle,random,23,74,0.85359477124183
vehicle,random,23,75,0.85359477124183
vehicle,random,23,76,0.8536056644880174
vehicle,random,23,77,0.8536056644880174
vehicle,random,23,78,0.8536056644880174
vehicle,random,23,79,0.8536056644880174
vehicle,random,23,80,0.8536056644880174
vehicle,random,23,81,0.8536056644880174
vehicle,random,23,82,0.8536056644880174
vehicle,random,23,83,0.8536056644880174
vehicle,random,23,84,0.8536056644880174
vehicle,random,23,85,0.8536056644880174
vehicle,random,23,86,0.8536056644880174
vehicle,random,23,87,0.8536056644880174
vehicle,random,23,88,0.8536056644880174
vehicle,random,23,89,0.8536056644880174
vehicle,random,23,90,0.8536056644880174
vehicle,random,23,91,0.8536056644880174
vehicle,random,23,92,0.8536056644880174
vehicle,random,23,93,0.8536056644880174
vehicle,random,23,94,0.8536056644880174
vehicle,random,23,95,0.8536056644880174
vehicle,random,23,96,0.8536056644880174
vehicle,random,23,97,0.8565795206971678
vehicle,random,23,98,0.8565795206971678
vehicle,random,23,99,0.8565795206971678
vehicle,random,23,100,0.8565795206971678
vehicle,bo_tpe,23,1,0.3949891067538126
vehicle,bo_tpe,23,2,0.813649237472767
vehicle,bo_tpe,23,3,0.813649237472767
vehicle,bo_tpe,23,4,0.813649237472767
vehicle,bo_tpe,23,5,0.8195424836601308
vehicle,bo_tpe,23,6,0.8195424836601308
vehicle,bo_tpe,23,7,0.8446840958605664
vehicle,bo_tpe,23,8,0.8446840958605664
vehicle,bo_tpe,23,9,0.8446840958605664
vehicle,bo_tpe,23,10,0.8446840958605664
vehicle,bo_tpe,23,11,0.8446840958605664
vehicle,bo_tpe,23,12,0.8446840958605664
vehicle,bo_tpe,23,13,0.8447058823529412
vehicle,bo_tpe,23,14,0.8447058823529412
vehicle,bo_tpe,23,15,0.8447058823529412
vehicle,bo_tpe,23,16,0.8447058823529412
vehicle,bo_tpe,23,17,0.8536056644880174
vehicle,bo_tpe,23,18,0.8536056644880174
vehicle,bo_tpe,23,19,0.8536056644880174
vehicle,bo_tpe,23,20,0.8550653594771243
vehicle,bo_tpe,23,21,0.8550653594771243
vehicle,bo_tpe,23,22,0.8565577342047931
vehicle,bo_tpe,23,23,0.8565577342047931
vehicle,bo_tpe,23,24,0.8565577342047931
vehicle,bo_tpe,23,25,0.8565577342047931
vehicle,bo_tpe,23,26,0.8565577342047931
vehicle,bo_tpe,23,27,0.8565577342047931
vehicle,bo_tpe,23,28,0.8565577342047931
vehicle,bo_tpe,23,29,0.8565577342047931
vehicle,bo_tpe,23,30,0.8565577342047931
vehicle,bo_tpe,23,31,0.8565577342047931
vehicle,bo_tpe,23,32,0.8565577342047931
vehicle,bo_tpe,23,33,0.8565577342047931
vehicle,bo_tpe,23,34,0.8565577342047931
vehicle,bo_tpe,23,35,0.8565577342047931
vehicle,bo_tpe,23,36,0.8565577342047931
vehicle,bo_tpe,23,37,0.8565577342047931
vehicle,bo_tpe,23,38,0.8565577342047931
vehicle,bo_tpe,23,39,0.8565577342047931
vehicle,bo_tpe,23,40,0.8565577342047931
vehicle,bo_tpe,23,41,0.8565577342047931
vehicle,bo_tpe,23,42,0.8565577342047931
vehicle,bo_tpe,23,43,0.8565577342047931
vehicle,bo_tpe,23,44,0.8565577342047931
vehicle,bo_tpe,23,45,0.8565577342047931
vehicle,bo_tpe,23,46,0.8565577342047931
vehicle,bo_tpe,23,47,0.8565577342047931
vehicle,bo_tpe,23,48,0.8565577342047931
vehicle,bo_tpe,23,49,0.8565577342047931
vehicle,bo_tpe,23,50,0.8565577342047931
vehicle,bo_tpe,23,51,0.8565577342047931
vehicle,bo_tpe,23,52,0.8565577342047931
vehicle,bo_tpe,23,53,0.8565577342047931
vehicle,bo_tpe,23,54,0.8565577342047931
vehicle,bo_tpe,23,55,0.8565577342047931
vehicle,bo_tpe,23,56,0.8565577342047931
vehicle,bo_tpe,23,57,0.8565577342047931
vehicle,bo_tpe,23,58,0.8565577342047931
vehicle,bo_tpe,23,59,0.8565577342047931
vehicle,bo_tpe,23,60,0.8565577342047931
vehicle,bo_tpe,23,61,0.8565577342047931
vehicle,bo_tpe,23,62,0.8565577342047931
vehicle,bo_tpe,23,63,0.8565577342047931
vehicle,bo_tpe,23,64,0.8565577342047931
vehicle,bo_tpe,23,65,0.8565577342047931
vehicle,bo_tpe,23,66,0.8565577342047931
vehicle,bo_tpe,23,67,0.8565577342047931
vehicle,bo_tpe,23,68,0.8565577342047931
vehicle,bo_tpe,23,69,0.8565577342047931
vehicle,bo_tpe,23,70,0.8565577342047931
vehicle,bo_tpe,23,71,0.8565577342047931
vehicle,bo_tpe,23,72,0.8565577342047931
vehicle,bo_tpe,23,73,0.8565577342047931
vehicle,bo_tpe,23,74,0.8565577342047931
vehicle,bo_tpe,23,75,0.8565577342047931
vehicle,bo_tpe,23,76,0.8565577342047931
vehicle,bo_tpe,23,77,0.8565577342047931
vehicle,bo_tpe,23,78,0.8565577342047931
vehicle,bo_tpe,23,79,0.8565577342047931
vehicle,bo_tpe,23,80,0.8565577342047931
vehicle,bo_tpe,23,81,0.8565577342047931
vehicle,bo_tpe,23,82,0.8565795206971678
vehicle,bo_tpe,23,83,0.8565795206971678
vehicle,bo_tpe,23,84,0.8565795206971678
vehicle,bo_tpe,23,85,0.8565795206971678
vehicle,bo_tpe,23,86,0.8565795206971678
vehicle,bo_tpe,23,87,0.8565795206971678
vehicle,bo_tpe,23,88,0.8565795206971678
vehicle,bo_tpe,23,89,0.8565795206971678
vehicle,bo_tpe,23,90,0.8565795206971678
vehicle,bo_tpe,23,91,0.8565795206971678
vehicle,bo_tpe,23,92,0.8565795206971678
vehicle,bo_tpe,23,93,0.8565795206971678
vehicle,bo_tpe,23,94,0.8565795206971678
vehicle,bo_tpe,23,95,0.8565795206971678
vehicle,bo_tpe,23,96,0.8565795206971678
vehicle,bo_tpe,23,97,0.8565795206971678
vehicle,bo_tpe,23,98,0.8565795206971678
vehicle,bo_tpe,23,99,0.8565795206971678
vehicle,bo_tpe,23,100,0.8565795206971678
vehicle,pso,23,1,0.6923311546840958
vehicle,pso,23,2,0.6923311546840958
vehicle,pso,23,3,0.6923311546840958
vehicle,pso,23,4,0.6923311546840958
vehicle,pso,23,5,0.7870370370370371
vehicle,pso,23,6,0.84619825708061
vehicle,pso,23,7,0.84619825708061
vehicle,pso,23,8,0.84619825708061
vehicle,pso,23,9,0.84619825708061
vehicle,pso,23,10,0.84619825708061
vehicle,pso,23,11,0.84619825708061
vehicle,pso,23,12,0.84619825708061
vehicle,pso,23,13,0.84619825708061
vehicle,pso,23,14,0.84619825708061
vehicle,pso,23,15,0.84619825708061
vehicle,pso,23,16,0.84619825708061
vehicle,pso,23,17,0.84619825708061
vehicle,pso,23,18,0.84619825708061
vehicle,pso,23,19,0.84619825708061
vehicle,pso,23,20,0.84619825708061
vehicle,pso,23,21,0.84619825708061
vehicle,pso,23,22,0.84619825708061
vehicle,pso,23,23,0.84619825708061
vehicle,pso,23,24,0.84619825708061
vehicle,pso,23,25,0.8536056644880174
vehicle,pso,23,26,0.8536056644880174
vehicle,pso,23,27,0.8536056644880174
vehicle,pso,23,28,0.8536056644880174
vehicle,pso,23,29,0.8536056644880174
vehicle,pso,23,30,0.8536056644880174
vehicle,pso,23,31,0.8536056644880174
vehicle,pso,23,32,0.8536056644880174
vehicle,pso,23,33,0.8536056644880174
vehicle,pso,23,34,0.8536056644880174
vehicle,pso,23,35,0.8536056644880174
vehicle,pso,23,36,0.8536056644880174
vehicle,pso,23,37,0.8536056644880174
vehicle,pso,23,38,0.8536056644880174
vehicle,pso,23,39,0.8536056644880174
vehicle,pso,23,40,0.8536056644880174
vehicle,pso,23,41,0.8536056644880174
vehicle,pso,23,42,0.8536056644880174
vehicle,pso,23,43,0.8536056644880174
vehicle,pso,23,44,0.8536056644880174
vehicle,pso,23,45,0.8536056644880174
vehicle,pso,23,46,0.8565686274509803
vehicle,pso,23,47,0.8565686274509803
vehicle,pso,23,48,0.8565686274509803
vehicle,pso,23,49,0.8565686274509803
vehicle,pso,23,50,0.8565686274509803
vehicle,pso,23,51,0.8565686274509803
vehicle,pso,23,52,0.8565686274509803
vehicle,pso,23,53,0.8565686274509803
vehicle,pso,23,54,0.8565686274509803
vehicle,pso,23,55,0.8565686274509803
vehicle,pso,23,56,0.8565686274509803
vehicle,pso,23,57,0.8565686274509803
vehicle,pso,23,58,0.8565686274509803
vehicle,pso,23,59,0.8565686274509803
vehicle,pso,23,60,0.8565686274509803
vehicle,pso,23,61,0.8565686274509803
vehicle,pso,23,62,0.8565686274509803
vehicle,pso,23,63,0.8565686274509803
vehicle,pso,23,64,0.8565686274509803
vehicle,pso,23,65,0.8565686274509803
vehicle,pso,23,66,0.8565686274509803
vehicle,pso,23,67,0.8565686274509803
vehicle,pso,23,68,0.8565686274509803
vehicle,pso,23,69,0.8565686274509803
vehicle,pso,23,70,0.8565686274509803
vehicle,pso,23,71,0.8565686274509803
vehicle,pso,23,72,0.8565686274509803
vehicle,pso,23,73,0.8565686274509803
vehicle,pso,23,74,0.8565686274509803
vehicle,pso,23,75,0.8565686274509803
vehicle,pso,23,76,0.8565686274509803
vehicle,pso,23,77,0.8565686274509803
vehicle,pso,23,78,0.8565686274509803
vehicle,pso,23,79,0.8565686274509803
vehicle,pso,23,80,0.8565686274509803
vehicle,pso,23,81,0.8565686274509803
vehicle,pso,23,82,0.8565686274509803
vehicle,pso,23,83,0.8565686274509803
vehicle,pso,23,84,0.8565686274509803
vehicle,pso,23,85,0.8565686274509803
vehicle,pso,23,86,0.8565686274509803
vehicle,pso,23,87,0.8565686274509803
vehicle,pso,23,88,0.8565686274509803
vehicle,pso,23,89,0.8565686274509803
vehicle,pso,23,90,0.8565686274509803
vehicle,pso,23,91,0.8565686274509803
vehicle,pso,23,92,0.8565686274509803
vehicle,pso,23,93,0.8565686274509803
vehicle,pso,23,94,0.8565686274509803
vehicle,pso,23,95,0.8565686274509803
vehicle,pso,23,96,0.8565686274509803
vehicle,pso,23,97,0.8565686274509803
vehicle,pso,23,98,0.8565686274509803
vehicle,pso,23,99,0.8565686274509803
vehicle,pso,23,100,0.8565686274509803
vehicle,de,23,1,0.8166122004357298
vehicle,de,23,2,0.8166122004357298
vehicle,de,23,3,0.8166122004357298
vehicle,de,23,4,0.8166122004357298
vehicle,de,23,5,0.844727668845316
vehicle,de,23,6,0.844727668845316
vehicle,de,23,7,0.844727668845316
vehicle,de,23,8,0.844727668845316
vehicle,de,23,9,0.844727668845316
vehicle,de,23,10,0.844727668845316
vehicle,de,23,11,0.844727668845316
vehicle,de,23,12,0.844727668845316
vehicle,de,23,13,0.844727668845316
vehicle,de,23,14,0.844727668845316
vehicle,de,23,15,0.844727668845316
vehicle,de,23,16,0.844727668845316
vehicle,de,23,17,0.844727668845316
vehicle,de,23,18,0.844727668845316
vehicle,de,23,19,0.844727668845316
vehicle,de,23,20,0.8476797385620916
vehicle,de,23,21,0.8476797385620916
vehicle,de,23,22,0.8476797385620916
vehicle,de,23,23,0.8476797385620916
vehicle,de,23,24,0.8476797385620916
vehicle,de,23,25,0.8476797385620916
vehicle,de,23,26,0.8476797385620916
vehicle,de,23,27,0.8476797385620916
vehicle,de,23,28,0.8476797385620916
vehicle,de,23,29,0.8476797385620916
vehicle,de,23,30,0.8476797385620916
vehicle,de,23,31,0.8476797385620916
vehicle,de,23,32,0.8476797385620916
vehicle,de,23,33,0.8476797385620916
vehicle,de,23,34,0.8476797385620916
vehicle,de,23,35,0.8476797385620916
vehicle,de,23,36,0.8476797385620916
vehicle,de,23,37,0.8476797385620916
vehicle,de,23,38,0.8476797385620916
vehicle,de,23,39,0.8476797385620916
vehicle,de,23,40,0.8476797385620916
vehicle,de,23,41,0.8476797385620916
vehicle,de,23,42,0.8476797385620916
vehicle,de,23,43,0.8476797385620916
vehicle,de,23,44,0.8476797385620916
vehicle,de,23,45,0.8476797385620916
vehicle,de,23,46,0.8476797385620916
vehicle,de,23,47,0.8476797385620916
vehicle,de,23,48,0.8506427015250544
vehicle,de,23,49,0.8506427015250544
vehicle,de,23,50,0.8506427015250544
vehicle,de,23,51,0.8506427015250544
vehicle,de,23,52,0.8506427015250544
vehicle,de,23,53,0.8506427015250544
vehicle,de,23,54,0.8506427015250544
vehicle,de,23,55,0.8506427015250544
vehicle,de,23,56,0.8506427015250544
vehicle,de,23,57,0.8506427015250544
vehicle,de,23,58,0.8506427015250544
vehicle,de,23,59,0.8506427015250544
vehicle,de,23,60,0.8506427015250544
vehicle,de,23,61,0.8506427015250544
vehicle,de,23,62,0.8506427015250544
vehicle,de,23,63,0.8506427015250544
vehicle,de,23,64,0.8506427015250544
vehicle,de,23,65,0.8506427015250544
vehicle,de,23,66,0.8506427015250544
vehicle,de,23,67,0.8506427015250544
vehicle,de,23,68,0.8506427015250544
vehicle,de,23,69,0.8506427015250544
vehicle,de,23,70,0.8506427015250544
vehicle,de,23,71,0.8506427015250544
vehicle,de,23,72,0.8506427015250544
vehicle,de,23,73,0.8506427015250544
vehicle,de,23,74,0.8506427015250544
vehicle,de,23,75,0.8506427015250544
vehicle,de,23,76,0.8506427015250544
vehicle,de,23,77,0.8506427015250544
vehicle,de,23,78,0.8536056644880174
vehicle,de,23,79,0.8536056644880174
vehicle,de,23,80,0.8536056644880174
vehicle,de,23,81,0.8550980392156863
vehicle,de,23,82,0.8550980392156863
vehicle,de,23,83,0.8550980392156863
vehicle,de,23,84,0.8550980392156863
vehicle,de,23,85,0.8550980392156863
vehicle,de,23,86,0.8550980392156863
vehicle,de,23,87,0.8550980392156863
vehicle,de,23,88,0.8550980392156863
vehicle,de,23,89,0.8550980392156863
vehicle,de,23,90,0.8550980392156863
vehicle,de,23,91,0.8550980392156863
vehicle,de,23,92,0.8550980392156863
vehicle,de,23,93,0.8550980392156863
vehicle,de,23,94,0.8550980392156863
vehicle,de,23,95,0.8550980392156863
vehicle,de,23,96,0.8550980392156863
vehicle,de,23,97,0.8550980392156863
vehicle,de,23,98,0.8550980392156863
vehicle,de,23,99,0.8550980392156863
vehicle,de,23,100,0.8550980392156863
vehicle,ga,23,1,0.8166122004357298
vehicle,ga,23,2,0.8166122004357298
vehicle,ga,23,3,0.8166122004357298
vehicle,ga,23,4,0.8166122004357298
vehicle,ga,23,5,0.844727668845316
vehicle,ga,23,6,0.844727668845316
vehicle,ga,23,7,0.844727668845316
vehicle,ga,23,8,0.844727668845316
vehicle,ga,23,9,0.844727668845316
vehicle,ga,23,10,0.844727668845316
vehicle,ga,23,11,0.844727668845316
vehicle,ga,23,12,0.844727668845316
vehicle,ga,23,13,0.844727668845316
vehicle,ga,23,14,0.844727668845316
vehicle,ga,23,15,0.844727668845316
vehicle,ga,23,16,0.844727668845316
vehicle,ga,23,17,0.844727668845316
vehicle,ga,23,18,0.844727668845316
vehicle,ga,23,19,0.844727668845316
vehicle,ga,23,20,0.8476797385620916
vehicle,ga,23,21,0.8476797385620916
vehicle,ga,23,22,0.8476797385620916
vehicle,ga,23,23,0.8476797385620916
vehicle,ga,23,24,0.8476797385620916
vehicle,ga,23,25,0.8476797385620916
vehicle,ga,23,26,0.8476797385620916
vehicle,ga,23,27,0.8476797385620916
vehicle,ga,23,28,0.8476797385620916
vehicle,ga,23,29,0.8476797385620916
vehicle,ga,23,30,0.8476797385620916
vehicle,ga,23,31,0.8476797385620916
vehicle,ga,23,32,0.8476797385620916
vehicle,ga,23,33,0.8476797385620916
vehicle,ga,23,34,0.8476797385620916
vehicle,ga,23,35,0.8476797385620916
vehicle,ga,23,36,0.8476797385620916
vehicle,ga,23,37,0.8476797385620916
vehicle,ga,23,38,0.8476797385620916
vehicle,ga,23,39,0.8476797385620916
vehicle,ga,23,40,0.8476797385620916
vehicle,ga,23,41,0.8476797385620916
vehicle,ga,23,42,0.8476797385620916
vehicle,ga,23,43,0.8476797385620916
vehicle,ga,23,44,0.8476797385620916
vehicle,ga,23,45,0.8476797385620916
vehicle,ga,23,46,0.8476797385620916
vehicle,ga,23,47,0.8476797385620916
vehicle,ga,23,48,0.8476797385620916
vehicle,ga,23,49,0.8476797385620916
vehicle,ga,23,50,0.8476797385620916
vehicle,ga,23,51,0.8476797385620916
vehicle,ga,23,52,0.8476797385620916
vehicle,ga,23,53,0.8476797385620916
vehicle,ga,23,54,0.8476797385620916
vehicle,ga,23,55,0.8476797385620916
vehicle,ga,23,56,0.8476797385620916
vehicle,ga,23,57,0.8476797385620916
vehicle,ga,23,58,0.8476797385620916
vehicle,ga,23,59,0.8476797385620916
vehicle,ga,23,60,0.8476797385620916
vehicle,ga,23,61,0.8476797385620916
vehicle,ga,23,62,0.8476797385620916
vehicle,ga,23,63,0.8476797385620916
vehicle,ga,23,64,0.8476797385620916
vehicle,ga,23,65,0.8476797385620916
vehicle,ga,23,66,0.8476797385620916
vehicle,ga,23,67,0.8476797385620916
vehicle,ga,23,68,0.8476797385620916
vehicle,ga,23,69,0.8476797385620916
vehicle,ga,23,70,0.8476797385620916
vehicle,ga,23,71,0.8476797385620916
vehicle,ga,23,72,0.8476797385620916
vehicle,ga,23,73,0.8476797385620916
vehicle,ga,23,74,0.8476797385620916
vehicle,ga,23,75,0.8476797385620916
vehicle,ga,23,76,0.8476797385620916
vehicle,ga,23,77,0.8476797385620916
vehicle,ga,23,78,0.8476797385620916
vehicle,ga,23,79,0.8476797385620916
vehicle,ga,23,80,0.8476797385620916
vehicle,ga,23,81,0.8476797385620916
vehicle,ga,23,82,0.8476797385620916
vehicle,ga,23,83,0.8476797385620916
vehicle,ga,23,84,0.8476797385620916
vehicle,ga,23,85,0.8476797385620916
vehicle,ga,23,86,0.8476797385620916
vehicle,ga,23,87,0.8476797385620916
vehicle,ga,23,88,0.8476797385620916
vehicle,ga,23,89,0.8476797385620916
vehicle,ga,23,90,0.8476797385620916
vehicle,ga,23,91,0.8476797385620916
vehicle,ga,23,92,0.8476797385620916
vehicle,ga,23,93,0.8476797385620916
vehicle,ga,23,94,0.8476797385620916
vehicle,ga,23,95,0.8476797385620916
vehicle,ga,23,96,0.8476797385620916
vehicle,ga,23,97,0.8476797385620916
vehicle,ga,23,98,0.8476797385620916
vehicle,ga,23,99,0.8476797385620916
vehicle,ga,23,100,0.8476797385620916
vehicle,grid,24,1,0.2870261437908496
vehicle,grid,24,2,0.2870261437908496
vehicle,grid,24,3,0.2870261437908496
vehicle,grid,24,4,0.2929520697167755
vehicle,grid,24,5,0.2929520697167755
vehicle,grid,24,6,0.3920043572984749
vehicle,grid,24,7,0.4038779956427015
vehicle,grid,24,8,0.4038779956427015
vehicle,grid,24,9,0.4038779956427015
vehicle,grid,24,10,0.4038779956427015
vehicle,grid,24,11,0.4038779956427015
vehicle,grid,24,12,0.4038779956427015
vehicle,grid,24,13,0.4038779956427015
vehicle,grid,24,14,0.4038779956427015
vehicle,grid,24,15,0.4645206971677559
vehicle,grid,24,16,0.6449564270152506
vehicle,grid,24,17,0.6863616557734205
vehicle,grid,24,18,0.6863616557734205
vehicle,grid,24,19,0.6863616557734205
vehicle,grid,24,20,0.6863616557734205
vehicle,grid,24,21,0.6863616557734205
vehicle,grid,24,22,0.6863616557734205
vehicle,grid,24,23,0.6863616557734205
vehicle,grid,24,24,0.6863616557734205
vehicle,grid,24,25,0.6863616557734205
vehicle,grid,24,26,0.7233006535947712
vehicle,grid,24,27,0.7484858387799564
vehicle,grid,24,28,0.7484858387799564
vehicle,grid,24,29,0.7484858387799564
vehicle,grid,24,30,0.7484858387799564
vehicle,grid,24,31,0.7484858387799564
vehicle,grid,24,32,0.7484858387799564
vehicle,grid,24,33,0.7484858387799564
vehicle,grid,24,34,0.7484858387799564
vehicle,grid,24,35,0.7484858387799564
vehicle,grid,24,36,0.7855010893246186
vehicle,grid,24,37,0.7855010893246186
vehicle,grid,24,38,0.7855010893246186
vehicle,grid,24,39,0.7855010893246186
vehicle,grid,24,40,0.7855010893246186
vehicle,grid,24,41,0.7855010893246186
vehicle,grid,24,42,0.7855010893246186
vehicle,grid,24,43,0.7855010893246186
vehicle,grid,24,44,0.7855010893246186
vehicle,grid,24,45,0.7973420479302831
vehicle,grid,24,46,0.8180392156862745
vehicle,grid,24,47,0.8180392156862745
vehicle,grid,24,48,0.8180392156862745
vehicle,grid,24,49,0.8180392156862745
vehicle,grid,24,50,0.8180392156862745
vehicle,grid,24,51,0.8180392156862745
vehicle,grid,24,52,0.8180392156862745
vehicle,grid,24,53,0.8180392156862745
vehicle,grid,24,54,0.8180392156862745
vehicle,grid,24,55,0.8239978213507626
vehicle,grid,24,56,0.8283660130718955
vehicle,grid,24,57,0.8283660130718955
vehicle,grid,24,58,0.8283660130718955
vehicle,grid,24,59,0.8283660130718955
vehicle,grid,24,60,0.8283660130718955
vehicle,grid,24,61,0.8283660130718955
vehicle,grid,24,62,0.8283660130718955
vehicle,grid,24,63,0.8283660130718955
vehicle,grid,24,64,0.8283660130718955
vehicle,grid,24,65,0.8283660130718955
vehicle,grid,24,66,0.8446078431372548
vehicle,grid,24,67,0.8446078431372548
vehicle,grid,24,68,0.8446078431372548
vehicle,grid,24,69,0.8446078431372548
vehicle,grid,24,70,0.8446078431372548
vehicle,grid,24,71,0.8446078431372548
vehicle,grid,24,72,0.8446078431372548
vehicle,grid,24,73,0.8446078431372548
vehicle,grid,24,74,0.8446078431372548
vehicle,grid,24,75,0.8446078431372548
vehicle,grid,24,76,0.8446078431372548
vehicle,grid,24,77,0.8446078431372548
vehicle,grid,24,78,0.8446078431372548
vehicle,grid,24,79,0.8446078431372548
vehicle,grid,24,80,0.8446078431372548
vehicle,grid,24,81,0.8446078431372548
vehicle,grid,24,82,0.8446078431372548
vehicle,grid,24,83,0.8446078431372548
vehicle,grid,24,84,0.8446078431372548
vehicle,grid,24,85,0.8446078431372548
vehicle,grid,24,86,0.8446078431372548
vehicle,grid,24,87,0.8446078431372548
vehicle,grid,24,88,0.8446078431372548
vehicle,grid,24,89,0.8446078431372548
vehicle,grid,24,90,0.8446078431372548
vehicle,grid,24,91,0.8446078431372548
vehicle,grid,24,92,0.8446078431372548
vehicle,grid,24,93,0.8446078431372548
vehicle,grid,24,94,0.8609586056644881
vehicle,grid,24,95,0.8609586056644881
vehicle,grid,24,96,0.8609586056644881
vehicle,grid,24,97,0.8609586056644881
vehicle,grid,24,98,0.8609586056644881
vehicle,grid,24,99,0.8609586056644881
vehicle,grid,24,100,0.8609586056644881
vehicle,random,24,1,0.7780392156862744
vehicle,random,24,2,0.8150544662309368
vehicle,random,24,3,0.8150544662309368
vehicle,random,24,4,0.8579847494553376
vehicle,random,24,5,0.8579847494553376
vehicle,random,24,6,0.8579847494553376
vehicle,random,24,7,0.8579847494553376
vehicle,random,24,8,0.8579847494553376
vehicle,random,24,9,0.8579847494553376
vehicle,random,24,10,0.8579847494553376
vehicle,random,24,11,0.8579847494553376
vehicle,random,24,12,0.8579847494553376
vehicle,random,24,13,0.8579847494553376
vehicle,random,24,14,0.8579847494553376
vehicle,random,24,15,0.8579847494553376
vehicle,random,24,16,0.8579847494553376
vehicle,random,24,17,0.8579847494553376
vehicle,random,24,18,0.8579847494553376
vehicle,random,24,19,0.8579847494553376
vehicle,random,24,20,0.8579847494553376
vehicle,random,24,21,0.8579847494553376
vehicle,random,24,22,0.8579847494553376
vehicle,random,24,23,0.8579847494553376
vehicle,random,24,24,0.8579847494553376
vehicle,random,24,25,0.8579847494553376
vehicle,random,24,26,0.8579847494553376
vehicle,random,24,27,0.8579847494553376
vehicle,random,24,28,0.8579847494553376
vehicle,random,24,29,0.8579847494553376
vehicle,random,24,30,0.8579847494553376
vehicle,random,24,31,0.8579847494553376
vehicle,random,24,32,0.8579847494553376
vehicle,random,24,33,0.8579847494553376
vehicle,random,24,34,0.8579847494553376
vehicle,random,24,35,0.8579847494553376
vehicle,random,24,36,0.8579847494553376
vehicle,random,24,37,0.8579847494553376
vehicle,random,24,38,0.8579847494553376
vehicle,random,24,39,0.8579847494553376
vehicle,random,24,40,0.8579847494553376
vehicle,random,24,41,0.8579847494553376
vehicle,random,24,42,0.8579847494553376
vehicle,random,24,43,0.8579847494553376
vehicle,random,24,44,0.8579847494553376
vehicle,random,24,45,0.8579847494553376
vehicle,random,24,46,0.8579847494553376
vehicle,random,24,47,0.8579847494553376
vehicle,random,24,48,0.8579847494553376
vehicle,random,24,49,0.8579847494553376
vehicle,random,24,50,0.8579847494553376
vehicle,random,24,51,0.8579847494553376
vehicle,random,24,52,0.8579847494553376
vehicle,random,24,53,0.8579847494553376
vehicle,random,24,54,0.8579847494553376
vehicle,random,24,55,0.8579847494553376
vehicle,random,24,56,0.8579847494553376
vehicle,random,24,57,0.8579847494553376
vehicle,random,24,58,0.8579847494553376
vehicle,random,24,59,0.8579847494553376
vehicle,random,24,60,0.8579847494553376
vehicle,random,24,61,0.8579847494553376
vehicle,random,24,62,0.8579847494553376
vehicle,random,24,63,0.8579847494553376
vehicle,random,24,64,0.8579847494553376
vehicle,random,24,65,0.8579847494553376
vehicle,random,24,66,0.8579847494553376
vehicle,random,24,67,0.8579847494553376
vehicle,random,24,68,0.8579847494553376
vehicle,random,24,69,0.8579847494553376
vehicle,random,24,70,0.8579847494553376
vehicle,random,24,71,0.8579847494553376
vehicle,random,24,72,0.8579847494553376
vehicle,random,24,73,0.8579847494553376
vehicle,random,24,74,0.8579847494553376
vehicle,random,24,75,0.8579847494553376
vehicle,random,24,76,0.8579847494553376
vehicle,random,24,77,0.8579847494553376
vehicle,random,24,78,0.8579847494553376
vehicle,random,24,79,0.8579847494553376
vehicle,random,24,80,0.8579847494553376
vehicle,random,24,81,0.8579847494553376
vehicle,random,24,82,0.8579847494553376
vehicle,random,24,83,0.8579847494553376
vehicle,random,24,84,0.8579847494553376
vehicle,random,24,85,0.8579847494553376
vehicle,random,24,86,0.8579847494553376
vehicle,random,24,87,0.8579847494553376
vehicle,random,24,88,0.8579847494553376
vehicle,random,24,89,0.8579847494553376
vehicle,random,24,90,0.8579847494553376
vehicle,random,24,91,0.8579847494553376
vehicle,random,24,92,0.8579847494553376
vehicle,random,24,93,0.8579847494553376
vehicle,random,24,94,0.8579847494553376
vehicle,random,24,95,0.8579847494553376
vehicle,random,24,96,0.8579847494553376
vehicle,random,24,97,0.8579847494553376
vehicle,random,24,98,0.8579847494553376
vehicle,random,24,99,0.8579847494553376
vehicle,random,24,100,0.8579847494553376
vehicle,bo_tpe,24,1,0.7780392156862744
vehicle,bo_tpe,24,2,0.8150544662309368
vehicle,bo_tpe,24,3,0.8150544662309368
vehicle,bo_tpe,24,4,0.8579847494553376
vehicle,bo_tpe,24,5,0.8579847494553376
vehicle,bo_tpe,24,6,0.8579847494553376
vehicle,bo_tpe,24,7,0.8579847494553376
vehicle,bo_tpe,24,8,0.8579847494553376
vehicle,bo_tpe,24,9,0.8579847494553376
vehicle,bo_tpe,24,10,0.8579847494553376
vehicle,bo_tpe,24,11,0.8579847494553376
vehicle,bo_tpe,24,12,0.8579847494553376
vehicle,bo_tpe,24,13,0.8579847494553376
vehicle,bo_tpe,24,14,0.8579847494553376
vehicle,bo_tpe,24,15,0.8579847494553376
vehicle,bo_tpe,24,16,0.8579847494553376
vehicle,bo_tpe,24,17,0.8579847494553376
vehicle,bo_tpe,24,18,0.8579847494553376
vehicle,bo_tpe,24,19,0.8579847494553376
vehicle,bo_tpe,24,20,0.8579847494553376
vehicle,bo_tpe,24,21,0.8579847494553376
vehicle,bo_tpe,24,22,0.8579847494553376
vehicle,bo_tpe,24,23,0.8579847494553376
vehicle,bo_tpe,24,24,0.8579847494553376
vehicle,bo_tpe,24,25,0.8579847494553376
vehicle,bo_tpe,24,26,0.8579847494553376
vehicle,bo_tpe,24,27,0.8579847494553376
vehicle,bo_tpe,24,28,0.8579847494553376
vehicle,bo_tpe,24,29,0.8594662309368191
vehicle,bo_tpe,24,30,0.8594662309368191
vehicle,bo_tpe,24,31,0.8594662309368191
vehicle,bo_tpe,24,32,0.8609477124183007
vehicle,bo_tpe,24,33,0.8609477124183007
vehicle,bo_tpe,24,34,0.8609477124183007
vehicle,bo_tpe,24,35,0.8609477124183007
vehicle,bo_tpe,24,36,0.8609477124183007
vehicle,bo_tpe,24,37,0.8609477124183007
vehicle,bo_tpe,24,38,0.8609477124183007
vehicle,bo_tpe,24,39,0.8609477124183007
vehicle,bo_tpe,24,40,0.8609477124183007
vehicle,bo_tpe,24,41,0.8609477124183007
vehicle,bo_tpe,24,42,0.8609477124183007
vehicle,bo_tpe,24,43,0.8609477124183007
vehicle,bo_tpe,24,44,0.8609477124183007
vehicle,bo_tpe,24,45,0.8609477124183007
vehicle,bo_tpe,24,46,0.8609477124183007
vehicle,bo_tpe,24,47,0.8609477124183007
vehicle,bo_tpe,24,48,0.8609477124183007
vehicle,bo_tpe,24,49,0.8609477124183007
vehicle,bo_tpe,24,50,0.8609477124183007
vehicle,bo_tpe,24,51,0.8609477124183007
vehicle,bo_tpe,24,52,0.8609477124183007
vehicle,bo_tpe,24,53,0.8609477124183007
vehicle,bo_tpe,24,54,0.8609477124183007
vehicle,bo_tpe,24,55,0.8609477124183007
vehicle,bo_tpe,24,56,0.8609477124183007
vehicle,bo_tpe,24,57,0.8609477124183007
vehicle,bo_tpe,24,58,0.8609477124183007
vehicle,bo_tpe,24,59,0.8609477124183007
vehicle,bo_tpe,24,60,0.8609477124183007
vehicle,bo_tpe,24,61,0.8609477124183007
vehicle,bo_tpe,24,62,0.8609477124183007
vehicle,bo_tpe,24,63,0.8609477124183007
vehicle,bo_tpe,24,64,0.8609477124183007
vehicle,bo_tpe,24,65,0.8609477124183007
vehicle,bo_tpe,24,66,0.8609477124183007
vehicle,bo_tpe,24,67,0.8609477124183007
vehicle,bo_tpe,24,68,0.8609477124183007
vehicle,bo_tpe,24,69,0.8609477124183007
vehicle,bo_tpe,24,70,0.8609477124183007
vehicle,bo_tpe,24,71,0.8609477124183007
vehicle,bo_tpe,24,72,0.8609477124183007
vehicle,bo_tpe,24,73,0.8609477124183007
vehicle,bo_tpe,24,74,0.8609477124183007
vehicle,bo_tpe,24,75,0.8609477124183007
vehicle,bo_tpe,24,76,0.8609477124183007
vehicle,bo_tpe,24,77,0.8609477124183007
vehicle,bo_tpe,24,78,0.8609477124183007
vehicle,bo_tpe,24,79,0.8609477124183007
vehicle,bo_tpe,24,80,0.8609477124183007
vehicle,bo_tpe,24,81,0.8609477124183007
vehicle,bo_tpe,24,82,0.8609477124183007
vehicle,bo_tpe,24,83,0.8609477124183007
vehicle,bo_tpe,24,84,0.8609477124183007
vehicle,bo_tpe,24,85,0.8609477124183007
vehicle,bo_tpe,24,86,0.8609477124183007
vehicle,bo_tpe,24,87,0.8609477124183007
vehicle,bo_tpe,24,88,0.8609477124183007
vehicle,bo_tpe,24,89,0.8609477124183007
vehicle,bo_tpe,24,90,0.8609477124183007
vehicle,bo_tpe,24,91,0.8609477124183007
vehicle,bo_tpe,24,92,0.8609477124183007
vehicle,bo_tpe,24,93,0.8609477124183007
vehicle,bo_tpe,24,94,0.8609477124183007
vehicle,bo_tpe,24,95,0.8609477124183007
vehicle,bo_tpe,24,96,0.8609477124183007
vehicle,bo_tpe,24,97,0.8609477124183007
vehicle,bo_tpe,24,98,0.8609477124183007
vehicle,bo_tpe,24,99,0.8609477124183007
vehicle,bo_tpe,24,100,0.8609477124183007
vehicle,pso,24,1,0.6168409586056645
vehicle,pso,24,2,0.8164923747276689
vehicle,pso,24,3,0.8164923747276689
vehicle,pso,24,4,0.8164923747276689
vehicle,pso,24,5,0.8164923747276689
vehicle,pso,24,6,0.8164923747276689
vehicle,pso,24,7,0.8550326797385621
vehicle,pso,24,8,0.8550326797385621
vehicle,pso,24,9,0.8550326797385621
vehicle,pso,24,10,0.8550326797385621
vehicle,pso,24,11,0.8550326797385621
vehicle,pso,24,12,0.8550326797385621
vehicle,pso,24,13,0.8550326797385621
vehicle,pso,24,14,0.8550326797385621
vehicle,pso,24,15,0.8550326797385621
vehicle,pso,24,16,0.8550326797385621
vehicle,pso,24,17,0.8550326797385621
vehicle,pso,24,18,0.8550326797385621
vehicle,pso,24,19,0.8550326797385621
vehicle,pso,24,20,0.8550326797385621
vehicle,pso,24,21,0.8550326797385621
vehicle,pso,24,22,0.8550326797385621
vehicle,pso,24,23,0.8550326797385621
vehicle,pso,24,24,0.8550326797385621
vehicle,pso,24,25,0.8550326797385621
vehicle,pso,24,26,0.8550326797385621
vehicle,pso,24,27,0.8550326797385621
vehicle,pso,24,28,0.8550326797385621
vehicle,pso,24,29,0.8550326797385621
vehicle,pso,24,30,0.8550326797385621
vehicle,pso,24,31,0.8550326797385621
vehicle,pso,24,32,0.8550326797385621
vehicle,pso,24,33,0.8550326797385621
vehicle,pso,24,34,0.8550326797385621
vehicle,pso,24,35,0.8550326797385621
vehicle,pso,24,36,0.8550326797385621
vehicle,pso,24,37,0.8550326797385621
vehicle,pso,24,38,0.8550326797385621
vehicle,pso,24,39,0.8550326797385621
vehicle,pso,24,40,0.8550326797385621
vehicle,pso,24,41,0.8550326797385621
vehicle,pso,24,42,0.8550326797385621
vehicle,pso,24,43,0.8550326797385621
vehicle,pso,24,44,0.8550326797385621
vehicle,pso,24,45,0.8550326797385621
vehicle,pso,24,46,0.8550326797385621
vehicle,pso,24,47,0.8550326797385621
vehicle,pso,24,48,0.8550326797385621
vehicle,pso,24,49,0.8550326797385621
vehicle,pso,24,50,0.8550326797385621
vehicle,pso,24,51,0.8550326797385621
vehicle,pso,24,52,0.8550326797385621
vehicle,pso,24,53,0.8550326797385621
vehicle,pso,24,54,0.8550326797385621
vehicle,pso,24,55,0.8550326797385621
vehicle,pso,24,56,0.8550326797385621
vehicle,pso,24,57,0.8550326797385621
vehicle,pso,24,58,0.8550326797385621
vehicle,pso,24,59,0.8550326797385621
vehicle,pso,24,60,0.8550326797385621
vehicle,pso,24,61,0.8550326797385621
vehicle,pso,24,62,0.8579847494553376
vehicle,pso,24,63,0.8579847494553376
vehicle,pso,24,64,0.8579847494553376
vehicle,pso,24,65,0.8579847494553376
vehicle,pso,24,66,0.8579847494553376
vehicle,pso,24,67,0.8579847494553376
vehicle,pso,24,68,0.8579847494553376
vehicle,pso,24,69,0.8579847494553376
vehicle,pso,24,70,0.8579847494553376
vehicle,pso,24,71,0.8579847494553376
vehicle,pso,24,72,0.8579847494553376
vehicle,pso,24,73,0.8579847494553376
vehicle,pso,24,74,0.8579847494553376
vehicle,pso,24,75,0.8579847494553376
vehicle,pso,24,76,0.8579847494553376
vehicle,pso,24,77,0.8579847494553376
vehicle,pso,24,78,0.8579847494553376
vehicle,pso,24,79,0.8579847494553376
vehicle,pso,24,80,0.8579847494553376
vehicle,pso,24,81,0.8579847494553376
vehicle,pso,24,82,0.8579847494553376
vehicle,pso,24,83,0.8579847494553376
vehicle,pso,24,84,0.8579847494553376
vehicle,pso,24,85,0.8579847494553376
vehicle,pso,24,86,0.8579847494553376
vehicle,pso,24,87,0.8594662309368193
vehicle,pso,24,88,0.8594662309368193
vehicle,pso,24,89,0.8594662309368193
vehicle,pso,24,90,0.8594662309368193
vehicle,pso,24,91,0.8594662309368193
vehicle,pso,24,92,0.8594662309368193
vehicle,pso,24,93,0.8594662309368193
vehicle,pso,24,94,0.8594662309368193
vehicle,pso,24,95,0.8594662309368193
vehicle,pso,24,96,0.8594662309368193
vehicle,pso,24,97,0.8594662309368193
vehicle,pso,24,98,0.8594662309368193
vehicle,pso,24,99,0.8594662309368193
vehicle,pso,24,100,0.8594662309368193
vehicle,de,24,1,0.724760348583878
vehicle,de,24,2,0.8239324618736383
vehicle,de,24,3,0.8357407407407408
vehicle,de,24,4,0.8357407407407408
vehicle,de,24,5,0.8357407407407408
vehicle,de,24,6,0.8357407407407408
vehicle,de,24,7,0.8357407407407408
vehicle,de,24,8,0.8357407407407408
vehicle,de,24,9,0.8357407407407408
vehicle,de,24,10,0.8357407407407408
vehicle,de,24,11,0.8357407407407408
vehicle,de,24,12,0.8357407407407408
vehicle,de,24,13,0.8357407407407408
vehicle,de,24,14,0.8357407407407408
vehicle,de,24,15,0.8357407407407408
vehicle,de,24,16,0.8357407407407408
vehicle,de,24,17,0.8357407407407408
vehicle,de,24,18,0.8357407407407408
vehicle,de,24,19,0.8357407407407408
vehicle,de,24,20,0.8357407407407408
vehicle,de,24,21,0.8491067538126362
vehicle,de,24,22,0.8491067538126362
vehicle,de,24,23,0.8491067538126362
vehicle,de,24,24,0.8491067538126362
vehicle,de,24,25,0.8491067538126362
vehicle,de,24,26,0.8491067538126362
vehicle,de,24,27,0.8491067538126362
vehicle,de,24,28,0.8491067538126362
vehicle,de,24,29,0.8491067538126362
vehicle,de,24,30,0.8491067538126362
vehicle,de,24,31,0.8491067538126362
vehicle,de,24,32,0.8491067538126362
vehicle,de,24,33,0.8491067538126362
vehicle,de,24,34,0.8491067538126362
vehicle,de,24,35,0.8491067538126362
vehicle,de,24,36,0.8491067538126362
vehicle,de,24,37,0.8491067538126362
vehicle,de,24,38,0.8491067538126362
vehicle,de,24,39,0.8491067538126362
vehicle,de,24,40,0.8491067538126362
vehicle,de,24,41,0.8491067538126362
vehicle,de,24,42,0.8491067538126362
vehicle,de,24,43,0.8491067538126362
vehicle,de,24,44,0.8491067538126362
vehicle,de,24,45,0.8491067538126362
vehicle,de,24,46,0.8491067538126362
vehicle,de,24,47,0.8491067538126362
vehicle,de,24,48,0.8491067538126362
vehicle,de,24,49,0.8491067538126362
vehicle,de,24,50,0.8491067538126362
vehicle,de,24,51,0.8491067538126362
vehicle,de,24,52,0.8491067538126362
vehicle,de,24,53,0.8491067538126362
vehicle,de,24,54,0.8491067538126362
vehicle,de,24,55,0.8491067538126362
vehicle,de,24,56,0.8491067538126362
vehicle,de,24,57,0.8491067538126362
vehicle,de,24,58,0.8491067538126362
vehicle,de,24,59,0.8491067538126362
vehicle,de,24,60,0.8491067538126362
vehicle,de,24,61,0.8491067538126362
vehicle,de,24,62,0.8491067538126362
vehicle,de,24,63,0.8491067538126362
vehicle,de,24,64,0.8491067538126362
vehicle,de,24,65,0.8491067538126362
vehicle,de,24,66,0.8491067538126362
vehicle,de,24,67,0.8491067538126362
vehicle,de,24,68,0.8491067538126362
vehicle,de,24,69,0.8491067538126362
vehicle,de,24,70,0.8491067538126362
vehicle,de,24,71,0.8491067538126362
vehicle,de,24,72,0.8491067538126362
vehicle,de,24,73,0.8491067538126362
vehicle,de,24,74,0.8491067538126362
vehicle,de,24,75,0.8491067538126362
vehicle,de,24,76,0.8491067538126362
vehicle,de,24,77,0.8491067538126362
vehicle,de,24,78,0.8491067538126362
vehicle,de,24,79,0.8491067538126362
vehicle,de,24,80,0.8505991285403051
vehicle,de,24,81,0.8505991285403051
vehicle,de,24,82,0.8505991285403051
vehicle,de,24,83,0.8505991285403051
vehicle,de,24,84,0.8505991285403051
vehicle,de,24,85,0.8505991285403051
vehicle,de,24,86,0.8505991285403051
vehicle,de,24,87,0.8505991285403051
vehicle,de,24,88,0.8505991285403051
vehicle,de,24,89,0.8505991285403051
vehicle,de,24,90,0.8505991285403051
vehicle,de,24,91,0.8505991285403051
vehicle,de,24,92,0.8505991285403051
vehicle,de,24,93,0.8505991285403051
vehicle,de,24,94,0.8505991285403051
vehicle,de,24,95,0.8505991285403051
vehicle,de,24,96,0.8505991285403051
vehicle,de,24,97,0.8505991285403051
vehicle,de,24,98,0.8505991285403051
vehicle,de,24,99,0.8505991285403051
vehicle,de,24,100,0.8505991285403051
vehicle,ga,24,1,0.724760348583878
vehicle,ga,24,2,0.8239324618736383
vehicle,ga,24,3,0.8357407407407408
vehicle,ga,24,4,0.8357407407407408
vehicle,ga,24,5,0.8357407407407408
vehicle,ga,24,6,0.8357407407407408
vehicle,ga,24,7,0.8357407407407408
vehicle,ga,24,8,0.8357407407407408
vehicle,ga,24,9,0.8357407407407408
vehicle,ga,24,10,0.8357407407407408
vehicle,ga,24,11,0.8357407407407408
vehicle,ga,24,12,0.8357407407407408
vehicle,ga,24,13,0.8357407407407408
vehicle,ga,24,14,0.8357407407407408
vehicle,ga,24,15,0.8357407407407408
vehicle,ga,24,16,0.8357407407407408
vehicle,ga,24,17,0.8357407407407408
vehicle,ga,24,18,0.8357407407407408
vehicle,ga,24,19,0.8357407407407408
vehicle,ga,24,20,0.8357407407407408
vehicle,ga,24,21,0.8357407407407408
vehicle,ga,24,22,0.8357407407407408
vehicle,ga,24,23,0.8357407407407408
vehicle,ga,24,24,0.8357407407407408
vehicle,ga,24,25,0.8401633986928104
vehicle,ga,24,26,0.8401633986928104
vehicle,ga,24,27,0.8401633986928104
vehicle,ga,24,28,0.8401633986928104
vehicle,ga,24,29,0.8401633986928104
vehicle,ga,24,30,0.8401633986928104
vehicle,ga,24,31,0.8401633986928104
vehicle,ga,24,32,0.8401633986928104
vehicle,ga,24,33,0.8401633986928104
vehicle,ga,24,34,0.8401633986928104
vehicle,ga,24,35,0.8401633986928104
vehicle,ga,24,36,0.8401633986928104
vehicle,ga,24,37,0.8401633986928104
vehicle,ga,24,38,0.8401633986928104
vehicle,ga,24,39,0.8401633986928104
vehicle,ga,24,40,0.8401633986928104
vehicle,ga,24,41,0.8401633986928104
vehicle,ga,24,42,0.8401633986928104
vehicle,ga,24,43,0.8401633986928104
vehicle,ga,24,44,0.8401633986928104
vehicle,ga,24,45,0.8401633986928104
vehicle,ga,24,46,0.8401633986928104
vehicle,ga,24,47,0.8401633986928104
vehicle,ga,24,48,0.8401633986928104
vehicle,ga,24,49,0.8401633986928104
vehicle,ga,24,50,0.8401633986928104
vehicle,ga,24,51,0.8401633986928104
vehicle,ga,24,52,0.8401633986928104
vehicle,ga,24,53,0.8401633986928104
vehicle,ga,24,54,0.8401633986928104
vehicle,ga,24,55,0.8401633986928104
vehicle,ga,24,56,0.8401633986928104
vehicle,ga,24,57,0.8401633986928104
vehicle,ga,24,58,0.8401633986928104
vehicle,ga,24,59,0.8401633986928104
vehicle,ga,24,60,0.8401633986928104
vehicle,ga,24,61,0.8401633986928104
vehicle,ga,24,62,0.8401633986928104
vehicle,ga,24,63,0.8401633986928104
vehicle,ga,24,64,0.8401633986928104
vehicle,ga,24,65,0.8401633986928104
vehicle,ga,24,66,0.8401633986928104
vehicle,ga,24,67,0.8401633986928104
vehicle,ga,24,68,0.8401960784313726
vehicle,ga,24,69,0.8401960784313726
vehicle,ga,24,70,0.8401960784313726
vehicle,ga,24,71,0.8401960784313726
vehicle,ga,24,72,0.8401960784313726
vehicle,ga,24,73,0.8401960784313726
vehicle,ga,24,74,0.8401960784313726
vehicle,ga,24,75,0.8401960784313726
vehicle,ga,24,76,0.8401960784313726
vehicle,ga,24,77,0.8401960784313726
vehicle,ga,24,78,0.8401960784313726
vehicle,ga,24,79,0.8401960784313726
vehicle,ga,24,80,0.8401960784313726
vehicle,ga,24,81,0.8401960784313726
vehicle,ga,24,82,0.8401960784313726
vehicle,ga,24,83,0.8401960784313726
vehicle,ga,24,84,0.8401960784313726
vehicle,ga,24,85,0.8401960784313726
vehicle,ga,24,86,0.8401960784313726
vehicle,ga,24,87,0.8401960784313726
vehicle,ga,24,88,0.8401960784313726
vehicle,ga,24,89,0.8401960784313726
vehicle,ga,24,90,0.8401960784313726
vehicle,ga,24,91,0.8401960784313726
vehicle,ga,24,92,0.8401960784313726
vehicle,ga,24,93,0.8401960784313726
vehicle,ga,24,94,0.8401960784313726
vehicle,ga,24,95,0.8402287581699348
vehicle,ga,24,96,0.8402287581699348
vehicle,ga,24,97,0.8402287581699348
vehicle,ga,24,98,0.8402287581699348
vehicle,ga,24,99,0.8402287581699348
vehicle,ga,24,100,0.8402287581699348
vehicle,grid,25,1,0.2929520697167755
vehicle,grid,25,2,0.2944335511982571
vehicle,grid,25,3,0.29739651416122
vehicle,grid,25,4,0.2988779956427015
vehicle,grid,25,5,0.2988779956427015
vehicle,grid,25,6,0.3712309368191721
vehicle,grid,25,7,0.4171132897603485
vehicle,grid,25,8,0.4171132897603485
vehicle,grid,25,9,0.4171132897603485
vehicle,grid,25,10,0.4171132897603485
vehicle,grid,25,11,0.4171132897603485
vehicle,grid,25,12,0.4171132897603485
vehicle,grid,25,13,0.4171132897603485
vehicle,grid,25,14,0.4171132897603485
vehicle,grid,25,15,0.4925490196078431
vehicle,grid,25,16,0.6464270152505447
vehicle,grid,25,17,0.6775490196078431
vehicle,grid,25,18,0.6775490196078431
vehicle,grid,25,19,0.6775490196078431
vehicle,grid,25,20,0.6775490196078431
vehicle,grid,25,21,0.6775490196078431
vehicle,grid,25,22,0.6775490196078431
vehicle,grid,25,23,0.6775490196078431
vehicle,grid,25,24,0.6775490196078431
vehicle,grid,25,25,0.6952505446623094
vehicle,grid,25,26,0.7101525054466231
vehicle,grid,25,27,0.7292919389978214
vehicle,grid,25,28,0.7292919389978214
vehicle,grid,25,29,0.7292919389978214
vehicle,grid,25,30,0.7292919389978214
vehicle,grid,25,31,0.7292919389978214
vehicle,grid,25,32,0.7292919389978214
vehicle,grid,25,33,0.7292919389978214
vehicle,grid,25,34,0.7292919389978214
vehicle,grid,25,35,0.7426470588235295
vehicle,grid,25,36,0.7663071895424837
vehicle,grid,25,37,0.7810893246187364
vehicle,grid,25,38,0.7810893246187364
vehicle,grid,25,39,0.7810893246187364
vehicle,grid,25,40,0.7810893246187364
vehicle,grid,25,41,0.7810893246187364
vehicle,grid,25,42,0.7810893246187364
vehicle,grid,25,43,0.7810893246187364
vehicle,grid,25,44,0.7810893246187364
vehicle,grid,25,45,0.7958714596949891
vehicle,grid,25,46,0.8343246187363835
vehicle,grid,25,47,0.8343246187363835
vehicle,grid,25,48,0.8343246187363835
vehicle,grid,25,49,0.8343246187363835
vehicle,grid,25,50,0.8343246187363835
vehicle,grid,25,51,0.8343246187363835
vehicle,grid,25,52,0.8343246187363835
vehicle,grid,25,53,0.8343246187363835
vehicle,grid,25,54,0.8343246187363835
vehicle,grid,25,55,0.8343246187363835
vehicle,grid,25,56,0.8446623093681916
vehicle,grid,25,57,0.8446623093681916
vehicle,grid,25,58,0.8446623093681916
vehicle,grid,25,59,0.8446623093681916
vehicle,grid,25,60,0.8446623093681916
vehicle,grid,25,61,0.8446623093681916
vehicle,grid,25,62,0.8446623093681916
vehicle,grid,25,63,0.8446623093681916
vehicle,grid,25,64,0.8446623093681916
vehicle,grid,25,65,0.8446623093681916
vehicle,grid,25,66,0.8505773420479302
vehicle,grid,25,67,0.8505773420479302
vehicle,grid,25,68,0.8505773420479302
vehicle,grid,25,69,0.8505773420479302
vehicle,grid,25,70,0.8505773420479302
vehicle,grid,25,71,0.8505773420479302
vehicle,grid,25,72,0.8505773420479302
vehicle,grid,25,73,0.8505773420479302
vehicle,grid,25,74,0.8505773420479302
vehicle,grid,25,75,0.8505773420479302
vehicle,grid,25,76,0.8505773420479302
vehicle,grid,25,77,0.8505773420479302
vehicle,grid,25,78,0.8505773420479302
vehicle,grid,25,79,0.8505773420479302
vehicle,grid,25,80,0.8505773420479302
vehicle,grid,25,81,0.8505773420479302
vehicle,grid,25,82,0.8505773420479302
vehicle,grid,25,83,0.8505773420479302
vehicle,grid,25,84,0.8505773420479302
vehicle,grid,25,85,0.8505773420479302
vehicle,grid,25,86,0.8505773420479302
vehicle,grid,25,87,0.8505773420479302
vehicle,grid,25,88,0.8505773420479302
vehicle,grid,25,89,0.8505773420479302
vehicle,grid,25,90,0.8505773420479302
vehicle,grid,25,91,0.8505773420479302
vehicle,grid,25,92,0.8505773420479302
vehicle,grid,25,93,0.8505773420479302
vehicle,grid,25,94,0.8505773420479302
vehicle,grid,25,95,0.8505773420479302
vehicle,grid,25,96,0.8505773420479302
vehicle,grid,25,97,0.8505773420479302
vehicle,grid,25,98,0.8505773420479302
vehicle,grid,25,99,0.8505773420479302
vehicle,grid,25,100,0.8505773420479302
vehicle,random,25,1,0.8357843137254901
vehicle,random,25,2,0.8357843137254901
vehicle,random,25,3,0.8357843137254901
vehicle,random,25,4,0.8357843137254901
vehicle,random,25,5,0.8357843137254901
vehicle,random,25,6,0.8357843137254901
vehicle,random,25,7,0.8357843137254901
vehicle,random,25,8,0.8357843137254901
vehicle,random,25,9,0.8357843137254901
vehicle,random,25,10,0.8357843137254901
vehicle,random,25,11,0.8357843137254901
vehicle,random,25,12,0.8357843137254901
vehicle,random,25,13,0.8461546840958605
vehicle,random,25,14,0.8461546840958605
vehicle,random,25,15,0.8461546840958605
vehicle,random,25,16,0.8461546840958605
vehicle,random,25,17,0.8461546840958605
vehicle,random,25,18,0.8461546840958605
vehicle,random,25,19,0.8461546840958605
vehicle,random,25,20,0.8461546840958605
vehicle,random,25,21,0.8461546840958605
vehicle,random,25,22,0.8461546840958605
vehicle,random,25,23,0.8461546840958605
vehicle,random,25,24,0.8461546840958605
vehicle,random,25,25,0.8461546840958605
vehicle,random,25,26,0.8461546840958605
vehicle,random,25,27,0.8461546840958605
vehicle,random,25,28,0.850566448801743
vehicle,random,25,29,0.850566448801743
vehicle,random,25,30,0.850566448801743
vehicle,random,25,31,0.850566448801743
vehicle,random,25,32,0.850566448801743
vehicle,random,25,33,0.850566448801743
vehicle,random,25,34,0.850566448801743
vehicle,random,25,35,0.850566448801743
vehicle,random,25,36,0.850566448801743
vehicle,random,25,37,0.850566448801743
vehicle,random,25,38,0.850566448801743
vehicle,random,25,39,0.850566448801743
vehicle,random,25,40,0.850566448801743
vehicle,random,25,41,0.850566448801743
vehicle,random,25,42,0.850566448801743
vehicle,random,25,43,0.850566448801743
vehicle,random,25,44,0.850566448801743
vehicle,random,25,45,0.850566448801743
vehicle,random,25,46,0.850566448801743
vehicle,random,25,47,0.850566448801743
vehicle,random,25,48,0.850566448801743
vehicle,random,25,49,0.850566448801743
vehicle,random,25,50,0.850566448801743
vehicle,random,25,51,0.850566448801743
vehicle,random,25,52,0.850566448801743
vehicle,random,25,53,0.850566448801743
vehicle,random,25,54,0.850566448801743
vehicle,random,25,55,0.850566448801743
vehicle,random,25,56,0.850566448801743
vehicle,random,25,57,0.850566448801743
vehicle,random,25,58,0.850566448801743
vehicle,random,25,59,0.850566448801743
vehicle,random,25,60,0.850566448801743
vehicle,random,25,61,0.850566448801743
vehicle,random,25,62,0.850566448801743
vehicle,random,25,63,0.850566448801743
vehicle,random,25,64,0.850566448801743
vehicle,random,25,65,0.850566448801743
vehicle,random,25,66,0.850566448801743
vehicle,random,25,67,0.850566448801743
vehicle,random,25,68,0.850566448801743
vehicle,random,25,69,0.850566448801743
vehicle,random,25,70,0.850566448801743
vehicle,random,25,71,0.850566448801743
vehicle,random,25,72,0.850566448801743
vehicle,random,25,73,0.850566448801743
vehicle,random,25,74,0.850566448801743
vehicle,random,25,75,0.850566448801743
vehicle,random,25,76,0.850566448801743
vehicle,random,25,77,0.850566448801743
vehicle,random,25,78,0.850566448801743
vehicle,random,25,79,0.850566448801743
vehicle,random,25,80,0.850566448801743
vehicle,random,25,81,0.850566448801743
vehicle,random,25,82,0.850566448801743
vehicle,random,25,83,0.850566448801743
vehicle,random,25,84,0.850566448801743
vehicle,random,25,85,0.850566448801743
vehicle,random,25,86,0.850566448801743
vehicle,random,25,87,0.850566448801743
vehicle,random,25,88,0.850566448801743
vehicle,random,25,89,0.850566448801743
vehicle,random,25,90,0.850566448801743
vehicle,random,25,91,0.850566448801743
vehicle,random,25,92,0.850566448801743
vehicle,random,25,93,0.850566448801743
vehicle,random,25,94,0.850566448801743
vehicle,random,25,95,0.850566448801743
vehicle,random,25,96,0.850566448801743
vehicle,random,25,97,0.850566448801743
vehicle,random,25,98,0.850566448801743
vehicle,random,25,99,0.850566448801743
vehicle,random,25,100,0.850566448801743
vehicle,bo_tpe,25,1,0.8357843137254901
vehicle,bo_tpe,25,2,0.8357843137254901
vehicle,bo_tpe,25,3,0.8357843137254901
vehicle,bo_tpe,25,4,0.8357843137254901
vehicle,bo_tpe,25,5,0.8357843137254901
vehicle,bo_tpe,25,6,0.8357843137254901
vehicle,bo_tpe,25,7,0.8357843137254901
vehicle,bo_tpe,25,8,0.8357843137254901
vehicle,bo_tpe,25,9,0.8357843137254901
vehicle,bo_tpe,25,10,0.8357843137254901
vehicle,bo_tpe,25,11,0.8357843137254901
vehicle,bo_tpe,25,12,0.8357843137254901
vehicle,bo_tpe,25,13,0.8357843137254901
vehicle,bo_tpe,25,14,0.8357843137254901
vehicle,bo_tpe,25,15,0.8387472766884532
vehicle,bo_tpe,25,16,0.8387472766884532
vehicle,bo_tpe,25,17,0.8387472766884532
vehicle,bo_tpe,25,18,0.8387472766884532
vehicle,bo_tpe,25,19,0.8387472766884532
vehicle,bo_tpe,25,20,0.8387472766884532
vehicle,bo_tpe,25,21,0.8387472766884532
vehicle,bo_tpe,25,22,0.8417102396514162
vehicle,bo_tpe,25,23,0.8417429193899781
vehicle,bo_tpe,25,24,0.8417429193899781
vehicle,bo_tpe,25,25,0.8417429193899781
vehicle,bo_tpe,25,26,0.8446840958605666
vehicle,bo_tpe,25,27,0.8446840958605666
vehicle,bo_tpe,25,28,0.8446840958605666
vehicle,bo_tpe,25,29,0.8446840958605666
vehicle,bo_tpe,25,30,0.8446840958605666
vehicle,bo_tpe,25,31,0.8446840958605666
vehicle,bo_tpe,25,32,0.8446840958605666
vehicle,bo_tpe,25,33,0.8520479302832245
vehicle,bo_tpe,25,34,0.8520479302832245
vehicle,bo_tpe,25,35,0.8520479302832245
vehicle,bo_tpe,25,36,0.8520479302832245
vehicle,bo_tpe,25,37,0.8520479302832245
vehicle,bo_tpe,25,38,0.8520479302832245
vehicle,bo_tpe,25,39,0.8520479302832245
vehicle,bo_tpe,25,40,0.8520479302832245
vehicle,bo_tpe,25,41,0.8520479302832245
vehicle,bo_tpe,25,42,0.8520479302832245
vehicle,bo_tpe,25,43,0.8520479302832245
vehicle,bo_tpe,25,44,0.8520479302832245
vehicle,bo_tpe,25,45,0.8520479302832245
vehicle,bo_tpe,25,46,0.8520479302832245
vehicle,bo_tpe,25,47,0.8520479302832245
vehicle,bo_tpe,25,48,0.8520479302832245
vehicle,bo_tpe,25,49,0.8520479302832245
vehicle,bo_tpe,25,50,0.8520479302832245
vehicle,bo_tpe,25,51,0.8520479302832245
vehicle,bo_tpe,25,52,0.8520479302832245
vehicle,bo_tpe,25,53,0.8520479302832245
vehicle,bo_tpe,25,54,0.8520479302832245
vehicle,bo_tpe,25,55,0.8520479302832245
vehicle,bo_tpe,25,56,0.8520479302832245
vehicle,bo_tpe,25,57,0.8520479302832245
vehicle,bo_tpe,25,58,0.8520479302832245
vehicle,bo_tpe,25,59,0.8520479302832245
vehicle,bo_tpe,25,60,0.8520479302832245
vehicle,bo_tpe,25,61,0.8520479302832245
vehicle,bo_tpe,25,62,0.8520479302832245
vehicle,bo_tpe,25,63,0.8520479302832245
vehicle,bo_tpe,25,64,0.8520479302832245
vehicle,bo_tpe,25,65,0.8520479302832245
vehicle,bo_tpe,25,66,0.8520479302832245
vehicle,bo_tpe,25,67,0.8520479302832245
vehicle,bo_tpe,25,68,0.8520479302832245
vehicle,bo_tpe,25,69,0.8520479302832245
vehicle,bo_tpe,25,70,0.8520479302832245
vehicle,bo_tpe,25,71,0.8520479302832245
vehicle,bo_tpe,25,72,0.8520479302832245
vehicle,bo_tpe,25,73,0.8520479302832245
vehicle,bo_tpe,25,74,0.8520479302832245
vehicle,bo_tpe,25,75,0.8521023965141612
vehicle,bo_tpe,25,76,0.8521023965141612
vehicle,bo_tpe,25,77,0.8521023965141612
vehicle,bo_tpe,25,78,0.8521023965141612
vehicle,bo_tpe,25,79,0.8521023965141612
vehicle,bo_tpe,25,80,0.8521023965141612
vehicle,bo_tpe,25,81,0.8521023965141612
vehicle,bo_tpe,25,82,0.8521023965141612
vehicle,bo_tpe,25,83,0.8521023965141612
vehicle,bo_tpe,25,84,0.8521023965141612
vehicle,bo_tpe,25,85,0.8521023965141612
vehicle,bo_tpe,25,86,0.8521023965141612
vehicle,bo_tpe,25,87,0.8521023965141612
vehicle,bo_tpe,25,88,0.8521023965141612
vehicle,bo_tpe,25,89,0.8521023965141612
vehicle,bo_tpe,25,90,0.8521023965141612
vehicle,bo_tpe,25,91,0.8521023965141612
vehicle,bo_tpe,25,92,0.8521023965141612
vehicle,bo_tpe,25,93,0.8521023965141612
vehicle,bo_tpe,25,94,0.8521023965141612
vehicle,bo_tpe,25,95,0.8521023965141612
vehicle,bo_tpe,25,96,0.8521023965141612
vehicle,bo_tpe,25,97,0.8521023965141612
vehicle,bo_tpe,25,98,0.8521023965141612
vehicle,bo_tpe,25,99,0.8521023965141612
vehicle,bo_tpe,25,100,0.8521023965141612
vehicle,pso,25,1,0.7071786492374729
vehicle,pso,25,2,0.8387472766884532
vehicle,pso,25,3,0.8387472766884532
vehicle,pso,25,4,0.8387472766884532
vehicle,pso,25,5,0.8387472766884532
vehicle,pso,25,6,0.8387472766884532
vehicle,pso,25,7,0.8387472766884532
vehicle,pso,25,8,0.8387472766884532
vehicle,pso,25,9,0.8387472766884532
vehicle,pso,25,10,0.8387472766884532
vehicle,pso,25,11,0.8387472766884532
vehicle,pso,25,12,0.8387472766884532
vehicle,pso,25,13,0.8387472766884532
vehicle,pso,25,14,0.8387472766884532
vehicle,pso,25,15,0.8387472766884532
vehicle,pso,25,16,0.8387472766884532
vehicle,pso,25,17,0.8387472766884532
vehicle,pso,25,18,0.8387472766884532
vehicle,pso,25,19,0.8387472766884532
vehicle,pso,25,20,0.8387472766884532
vehicle,pso,25,21,0.8387472766884532
vehicle,pso,25,22,0.8417102396514162
vehicle,pso,25,23,0.8417102396514162
vehicle,pso,25,24,0.8417102396514162
vehicle,pso,25,25,0.8417102396514162
vehicle,pso,25,26,0.8417102396514162
vehicle,pso,25,27,0.8417102396514162
vehicle,pso,25,28,0.8417102396514162
vehicle,pso,25,29,0.8417102396514162
vehicle,pso,25,30,0.8417102396514162
vehicle,pso,25,31,0.8417102396514162
vehicle,pso,25,32,0.8417102396514162
vehicle,pso,25,33,0.8417102396514162
vehicle,pso,25,34,0.8564923747276689
vehicle,pso,25,35,0.8564923747276689
vehicle,pso,25,36,0.8564923747276689
vehicle,pso,25,37,0.8564923747276689
vehicle,pso,25,38,0.8564923747276689
vehicle,pso,25,39,0.8564923747276689
vehicle,pso,25,40,0.8564923747276689
vehicle,pso,25,41,0.8564923747276689
vehicle,pso,25,42,0.8564923747276689
vehicle,pso,25,43,0.8564923747276689
vehicle,pso,25,44,0.8564923747276689
vehicle,pso,25,45,0.8564923747276689
vehicle,pso,25,46,0.8564923747276689
vehicle,pso,25,47,0.8564923747276689
vehicle,pso,25,48,0.8564923747276689
vehicle,pso,25,49,0.8564923747276689
vehicle,pso,25,50,0.8564923747276689
vehicle,pso,25,51,0.8564923747276689
vehicle,pso,25,52,0.8564923747276689
vehicle,pso,25,53,0.8564923747276689
vehicle,pso,25,54,0.8564923747276689
vehicle,pso,25,55,0.8564923747276689
vehicle,pso,25,56,0.8564923747276689
vehicle,pso,25,57,0.8564923747276689
vehicle,pso,25,58,0.8564923747276689
vehicle,pso,25,59,0.8564923747276689
vehicle,pso,25,60,0.8564923747276689
vehicle,pso,25,61,0.8564923747276689
vehicle,pso,25,62,0.8564923747276689
vehicle,pso,25,63,0.8564923747276689
vehicle,pso,25,64,0.8564923747276689
vehicle,pso,25,65,0.8564923747276689
vehicle,pso,25,66,0.8564923747276689
vehicle,pso,25,67,0.8564923747276689
vehicle,pso,25,68,0.8564923747276689
vehicle,pso,25,69,0.8564923747276689
vehicle,pso,25,70,0.8564923747276689
vehicle,pso,25,71,0.8564923747276689
vehicle,pso,25,72,0.8564923747276689
vehicle,pso,25,73,0.8564923747276689
vehicle,pso,25,74,0.8564923747276689
vehicle,pso,25,75,0.8564923747276689
vehicle,pso,25,76,0.8564923747276689
vehicle,pso,25,77,0.8564923747276689
vehicle,pso,25,78,0.8564923747276689
vehicle,pso,25,79,0.8564923747276689
vehicle,pso,25,80,0.8564923747276689
vehicle,pso,25,81,0.8564923747276689
vehicle,pso,25,82,0.8564923747276689
vehicle,pso,25,83,0.8564923747276689
vehicle,pso,25,84,0.8564923747276689
vehicle,pso,25,85,0.8564923747276689
vehicle,pso,25,86,0.8564923747276689
vehicle,pso,25,87,0.8564923747276689
vehicle,pso,25,88,0.8564923747276689
vehicle,pso,25,89,0.8564923747276689
vehicle,pso,25,90,0.8564923747276689
vehicle,pso,25,91,0.8564923747276689
vehicle,pso,25,92,0.8564923747276689
vehicle,pso,25,93,0.8564923747276689
vehicle,pso,25,94,0.8564923747276689
vehicle,pso,25,95,0.8564923747276689
vehicle,pso,25,96,0.8564923747276689
vehicle,pso,25,97,0.8564923747276689
vehicle,pso,25,98,0.8564923747276689
vehicle,pso,25,99,0.8564923747276689
vehicle,pso,25,100,0.8564923747276689
vehicle,de,25,1,0.2929520697167755
vehicle,de,25,2,0.5472875816993464
vehicle,de,25,3,0.5472875816993464
vehicle,de,25,4,0.7027233115468409
vehicle,de,25,5,0.7027233115468409
vehicle,de,25,6,0.7027233115468409
vehicle,de,25,7,0.7027233115468409
vehicle,de,25,8,0.7027233115468409
vehicle,de,25,9,0.7027233115468409
vehicle,de,25,10,0.7071023965141612
vehicle,de,25,11,0.7071023965141612
vehicle,de,25,12,0.8490958605664488
vehicle,de,25,13,0.8490958605664488
vehicle,de,25,14,0.8490958605664488
vehicle,de,25,15,0.8490958605664488
vehicle,de,25,16,0.8490958605664488
vehicle,de,25,17,0.8490958605664488
vehicle,de,25,18,0.8490958605664488
vehicle,de,25,19,0.8490958605664488
vehicle,de,25,20,0.8490958605664488
vehicle,de,25,21,0.8490958605664488
vehicle,de,25,22,0.8490958605664488
vehicle,de,25,23,0.8490958605664488
vehicle,de,25,24,0.8490958605664488
vehicle,de,25,25,0.8490958605664488
vehicle,de,25,26,0.8490958605664488
vehicle,de,25,27,0.8490958605664488
vehicle,de,25,28,0.8490958605664488
vehicle,de,25,29,0.8490958605664488
vehicle,de,25,30,0.8490958605664488
vehicle,de,25,31,0.8490958605664488
vehicle,de,25,32,0.8490958605664488
vehicle,de,25,33,0.8490958605664488
vehicle,de,25,34,0.8490958605664488
vehicle,de,25,35,0.8490958605664488
vehicle,de,25,36,0.8490958605664488
vehicle,de,25,37,0.8490958605664488
vehicle,de,25,38,0.8490958605664488
vehicle,de,25,39,0.8490958605664488
vehicle,de,25,40,0.8490958605664488
vehicle,de,25,41,0.8490958605664488
vehicle,de,25,42,0.8490958605664488
vehicle,de,25,43,0.8490958605664488
vehicle,de,25,44,0.8490958605664488
vehicle,de,25,45,0.8490958605664488
vehicle,de,25,46,0.8490958605664488
vehicle,de,25,47,0.8490958605664488
vehicle,de,25,48,0.8490958605664488
vehicle,de,25,49,0.8490958605664488
vehicle,de,25,50,0.8490958605664488
vehicle,de,25,51,0.8490958605664488
vehicle,de,25,52,0.8490958605664488
vehicle,de,25,53,0.8490958605664488
vehicle,de,25,54,0.8490958605664488
vehicle,de,25,55,0.8490958605664488
vehicle,de,25,56,0.8490958605664488
vehicle,de,25,57,0.8490958605664488
vehicle,de,25,58,0.8490958605664488
vehicle,de,25,59,0.8490958605664488
vehicle,de,25,60,0.8490958605664488
vehicle,de,25,61,0.8490958605664488
vehicle,de,25,62,0.8490958605664488
vehicle,de,25,63,0.8490958605664488
vehicle,de,25,64,0.8490958605664488
vehicle,de,25,65,0.8490958605664488
vehicle,de,25,66,0.8490958605664488
vehicle,de,25,67,0.8490958605664488
vehicle,de,25,68,0.8490958605664488
vehicle,de,25,69,0.8490958605664488
vehicle,de,25,70,0.8490958605664488
vehicle,de,25,71,0.8490958605664488
vehicle,de,25,72,0.8490958605664488
vehicle,de,25,73,0.8490958605664488
vehicle,de,25,74,0.8490958605664488
vehicle,de,25,75,0.8490958605664488
vehicle,de,25,76,0.8490958605664488
vehicle,de,25,77,0.8490958605664488
vehicle,de,25,78,0.8490958605664488
vehicle,de,25,79,0.8490958605664488
vehicle,de,25,80,0.8490958605664488
vehicle,de,25,81,0.8490958605664488
vehicle,de,25,82,0.8490958605664488
vehicle,de,25,83,0.8490958605664488
vehicle,de,25,84,0.8490958605664488
vehicle,de,25,85,0.8490958605664488
vehicle,de,25,86,0.8490958605664488
vehicle,de,25,87,0.8490958605664488
vehicle,de,25,88,0.8490958605664488
vehicle,de,25,89,0.8490958605664488
vehicle,de,25,90,0.8490958605664488
vehicle,de,25,91,0.8490958605664488
vehicle,de,25,92,0.8490958605664488
vehicle,de,25,93,0.8550108932461875
vehicle,de,25,94,0.8550108932461875
vehicle,de,25,95,0.8550108932461875
vehicle,de,25,96,0.8550108932461875
vehicle,de,25,97,0.8550108932461875
vehicle,de,25,98,0.8550108932461875
vehicle,de,25,99,0.8550108932461875
vehicle,de,25,100,0.8550108932461875
vehicle,ga,25,1,0.2929520697167755
vehicle,ga,25,2,0.5472875816993464
vehicle,ga,25,3,0.5472875816993464
vehicle,ga,25,4,0.7027233115468409
vehicle,ga,25,5,0.7027233115468409
vehicle,ga,25,6,0.7027233115468409
vehicle,ga,25,7,0.7027233115468409
vehicle,ga,25,8,0.7027233115468409
vehicle,ga,25,9,0.7027233115468409
vehicle,ga,25,10,0.7071023965141612
vehicle,ga,25,11,0.7071023965141612
vehicle,ga,25,12,0.8490958605664488
vehicle,ga,25,13,0.8490958605664488
vehicle,ga,25,14,0.8490958605664488
vehicle,ga,25,15,0.8490958605664488
vehicle,ga,25,16,0.8490958605664488
vehicle,ga,25,17,0.8490958605664488
vehicle,ga,25,18,0.8490958605664488
vehicle,ga,25,19,0.8490958605664488
vehicle,ga,25,20,0.8490958605664488
vehicle,ga,25,21,0.8490958605664488
vehicle,ga,25,22,0.8490958605664488
vehicle,ga,25,23,0.8490958605664488
vehicle,ga,25,24,0.8490958605664488
vehicle,ga,25,25,0.8490958605664488
vehicle,ga,25,26,0.8490958605664488
vehicle,ga,25,27,0.8490958605664488
vehicle,ga,25,28,0.8490958605664488
vehicle,ga,25,29,0.8490958605664488
vehicle,ga,25,30,0.8490958605664488
vehicle,ga,25,31,0.8490958605664488
vehicle,ga,25,32,0.8490958605664488
vehicle,ga,25,33,0.8490958605664488
vehicle,ga,25,34,0.8490958605664488
vehicle,ga,25,35,0.8490958605664488
vehicle,ga,25,36,0.8490958605664488
vehicle,ga,25,37,0.8490958605664488
vehicle,ga,25,38,0.8490958605664488
vehicle,ga,25,39,0.8490958605664488
vehicle,ga,25,40,0.8490958605664488
vehicle,ga,25,41,0.8490958605664488
vehicle,ga,25,42,0.8490958605664488
vehicle,ga,25,43,0.8490958605664488
vehicle,ga,25,44,0.8490958605664488
vehicle,ga,25,45,0.8490958605664488
vehicle,ga,25,46,0.8490958605664488
vehicle,ga,25,47,0.8490958605664488
vehicle,ga,25,48,0.8490958605664488
vehicle,ga,25,49,0.8490958605664488
vehicle,ga,25,50,0.8490958605664488
vehicle,ga,25,51,0.8490958605664488
vehicle,ga,25,52,0.8490958605664488
vehicle,ga,25,53,0.8490958605664488
vehicle,ga,25,54,0.8490958605664488
vehicle,ga,25,55,0.8490958605664488
vehicle,ga,25,56,0.8490958605664488
vehicle,ga,25,57,0.8490958605664488
vehicle,ga,25,58,0.8490958605664488
vehicle,ga,25,59,0.8490958605664488
vehicle,ga,25,60,0.8490958605664488
vehicle,ga,25,61,0.8490958605664488
vehicle,ga,25,62,0.8490958605664488
vehicle,ga,25,63,0.8505773420479302
vehicle,ga,25,64,0.8505773420479302
vehicle,ga,25,65,0.8505773420479302
vehicle,ga,25,66,0.8505773420479302
vehicle,ga,25,67,0.8505773420479302
vehicle,ga,25,68,0.8505773420479302
vehicle,ga,25,69,0.8505773420479302
vehicle,ga,25,70,0.8505773420479302
vehicle,ga,25,71,0.8505773420479302
vehicle,ga,25,72,0.8505773420479302
vehicle,ga,25,73,0.8505773420479302
vehicle,ga,25,74,0.8505773420479302
vehicle,ga,25,75,0.8505773420479302
vehicle,ga,25,76,0.8505773420479302
vehicle,ga,25,77,0.8505773420479302
vehicle,ga,25,78,0.8505773420479305
vehicle,ga,25,79,0.8505773420479305
vehicle,ga,25,80,0.8505773420479305
vehicle,ga,25,81,0.8505773420479305
vehicle,ga,25,82,0.8505773420479305
vehicle,ga,25,83,0.8505773420479305
vehicle,ga,25,84,0.8505773420479305
vehicle,ga,25,85,0.8505773420479305
vehicle,ga,25,86,0.8505773420479305
vehicle,ga,25,87,0.8505773420479305
vehicle,ga,25,88,0.8505773420479305
vehicle,ga,25,89,0.8505773420479305
vehicle,ga,25,90,0.8505773420479305
vehicle,ga,25,91,0.8505773420479305
vehicle,ga,25,92,0.8505773420479305
vehicle,ga,25,93,0.8505773420479305
vehicle,ga,25,94,0.8505773420479305
vehicle,ga,25,95,0.8505773420479305
vehicle,ga,25,96,0.8505773420479305
vehicle,ga,25,97,0.8505991285403048
vehicle,ga,25,98,0.8505991285403048
vehicle,ga,25,99,0.8505991285403048
vehicle,ga,25,100,0.8505991285403048
vehicle,grid,26,1,0.2840631808278867
vehicle,grid,26,2,0.2840631808278867
vehicle,grid,26,3,0.2855446623093681
vehicle,grid,26,4,0.2988779956427015
vehicle,grid,26,5,0.2988779956427015
vehicle,grid,26,6,0.3845642701525055
vehicle,grid,26,7,0.4230610021786492
vehicle,grid,26,8,0.4230610021786492
vehicle,grid,26,9,0.4230610021786492
vehicle,grid,26,10,0.4230610021786492
vehicle,grid,26,11,0.4230610021786492
vehicle,grid,26,12,0.4230610021786492
vehicle,grid,26,13,0.4230610021786492
vehicle,grid,26,14,0.4230610021786492
vehicle,grid,26,15,0.4984531590413943
vehicle,grid,26,16,0.6509041394335512
vehicle,grid,26,17,0.6760348583877996
vehicle,grid,26,18,0.6760348583877996
vehicle,grid,26,19,0.6760348583877996
vehicle,grid,26,20,0.6760348583877996
vehicle,grid,26,21,0.6760348583877996
vehicle,grid,26,22,0.6760348583877996
vehicle,grid,26,23,0.6760348583877996
vehicle,grid,26,24,0.6760348583877996
vehicle,grid,26,25,0.6760675381263617
vehicle,grid,26,26,0.7411546840958606
vehicle,grid,26,27,0.7485076252723311
vehicle,grid,26,28,0.7485076252723311
vehicle,grid,26,29,0.7485076252723311
vehicle,grid,26,30,0.7485076252723311
vehicle,grid,26,31,0.7485076252723311
vehicle,grid,26,32,0.7485076252723311
vehicle,grid,26,33,0.7485076252723311
vehicle,grid,26,34,0.7485076252723311
vehicle,grid,26,35,0.7648257080610021
vehicle,grid,26,36,0.7928758169934641
vehicle,grid,26,37,0.7928758169934641
vehicle,grid,26,38,0.7928758169934641
vehicle,grid,26,39,0.7928758169934641
vehicle,grid,26,40,0.7928758169934641
vehicle,grid,26,41,0.7928758169934641
vehicle,grid,26,42,0.7928758169934641
vehicle,grid,26,43,0.7928758169934641
vehicle,grid,26,44,0.7928758169934641
vehicle,grid,26,45,0.8017538126361655
vehicle,grid,26,46,0.8327777777777777
vehicle,grid,26,47,0.8327777777777777
vehicle,grid,26,48,0.8327777777777777
vehicle,grid,26,49,0.8327777777777777
vehicle,grid,26,50,0.8327777777777777
vehicle,grid,26,51,0.8327777777777777
vehicle,grid,26,52,0.8327777777777777
vehicle,grid,26,53,0.8327777777777777
vehicle,grid,26,54,0.8327777777777777
vehicle,grid,26,55,0.8342701525054466
vehicle,grid,26,56,0.8446623093681918
vehicle,grid,26,57,0.8446623093681918
vehicle,grid,26,58,0.8446623093681918
vehicle,grid,26,59,0.8446623093681918
vehicle,grid,26,60,0.8446623093681918
vehicle,grid,26,61,0.8446623093681918
vehicle,grid,26,62,0.8446623093681918
vehicle,grid,26,63,0.8446623093681918
vehicle,grid,26,64,0.8446623093681918
vehicle,grid,26,65,0.8490849673202614
vehicle,grid,26,66,0.8490849673202614
vehicle,grid,26,67,0.8490849673202614
vehicle,grid,26,68,0.8490849673202614
vehicle,grid,26,69,0.8490849673202614
vehicle,grid,26,70,0.8490849673202614
vehicle,grid,26,71,0.8490849673202614
vehicle,grid,26,72,0.8490849673202614
vehicle,grid,26,73,0.8490849673202614
vehicle,grid,26,74,0.8490849673202614
vehicle,grid,26,75,0.8505337690631809
vehicle,grid,26,76,0.8505337690631809
vehicle,grid,26,77,0.8505337690631809
vehicle,grid,26,78,0.8505337690631809
vehicle,grid,26,79,0.8505337690631809
vehicle,grid,26,80,0.8505337690631809
vehicle,grid,26,81,0.8505337690631809
vehicle,grid,26,82,0.8505337690631809
vehicle,grid,26,83,0.8505337690631809
vehicle,grid,26,84,0.8505337690631809
vehicle,grid,26,85,0.8505337690631809
vehicle,grid,26,86,0.8505337690631809
vehicle,grid,26,87,0.8505337690631809
vehicle,grid,26,88,0.8505337690631809
vehicle,grid,26,89,0.8505337690631809
vehicle,grid,26,90,0.8505337690631809
vehicle,grid,26,91,0.8505337690631809
vehicle,grid,26,92,0.8505337690631809
vehicle,grid,26,93,0.8505337690631809
vehicle,grid,26,94,0.8505337690631809
vehicle,grid,26,95,0.8505337690631809
vehicle,grid,26,96,0.8505337690631809
vehicle,grid,26,97,0.8505337690631809
vehicle,grid,26,98,0.8505337690631809
vehicle,grid,26,99,0.8505337690631809
vehicle,grid,26,100,0.8505337690631809
vehicle,random,26,1,0.7766230936819172
vehicle,random,26,2,0.7766230936819172
vehicle,random,26,3,0.8165141612200436
vehicle,random,26,4,0.8165141612200436
vehicle,random,26,5,0.8165141612200436
vehicle,random,26,6,0.8165141612200436
vehicle,random,26,7,0.8165141612200436
vehicle,random,26,8,0.8165141612200436
vehicle,random,26,9,0.8165141612200436
vehicle,random,26,10,0.8446296296296296
vehicle,random,26,11,0.8446296296296296
vehicle,random,26,12,0.8446296296296296
vehicle,random,26,13,0.8446296296296296
vehicle,random,26,14,0.8446296296296296
vehicle,random,26,15,0.8446296296296296
vehicle,random,26,16,0.8446296296296296
vehicle,random,26,17,0.8446296296296296
vehicle,random,26,18,0.8446296296296296
vehicle,random,26,19,0.8446296296296296
vehicle,random,26,20,0.8446296296296296
vehicle,random,26,21,0.8446296296296296
vehicle,random,26,22,0.8446296296296296
vehicle,random,26,23,0.8446296296296296
vehicle,random,26,24,0.8446296296296296
vehicle,random,26,25,0.8446296296296296
vehicle,random,26,26,0.8446296296296296
vehicle,random,26,27,0.8446296296296296
vehicle,random,26,28,0.8446296296296296
vehicle,random,26,29,0.8446296296296296
vehicle,random,26,30,0.8446296296296296
vehicle,random,26,31,0.8446296296296296
vehicle,random,26,32,0.8446296296296296
vehicle,random,26,33,0.8446296296296296
vehicle,random,26,34,0.8446296296296296
vehicle,random,26,35,0.8446296296296296
vehicle,random,26,36,0.8446296296296296
vehicle,random,26,37,0.8446296296296296
vehicle,random,26,38,0.8460893246187364
vehicle,random,26,39,0.8460893246187364
vehicle,random,26,40,0.8535294117647059
vehicle,random,26,41,0.8535294117647059
vehicle,random,26,42,0.8535294117647059
vehicle,random,26,43,0.8535294117647059
vehicle,random,26,44,0.8535294117647059
vehicle,random,26,45,0.8535294117647059
vehicle,random,26,46,0.8535294117647059
vehicle,random,26,47,0.8535294117647059
vehicle,random,26,48,0.8535294117647059
vehicle,random,26,49,0.8535294117647059
vehicle,random,26,50,0.8535294117647059
vehicle,random,26,51,0.8535294117647059
vehicle,random,26,52,0.8535294117647059
vehicle,random,26,53,0.8535294117647059
vehicle,random,26,54,0.8535294117647059
vehicle,random,26,55,0.8535294117647059
vehicle,random,26,56,0.8535294117647059
vehicle,random,26,57,0.8535294117647059
vehicle,random,26,58,0.8535294117647059
vehicle,random,26,59,0.8535294117647059
vehicle,random,26,60,0.8535294117647059
vehicle,random,26,61,0.8535294117647059
vehicle,random,26,62,0.8535294117647059
vehicle,random,26,63,0.8535294117647059
vehicle,random,26,64,0.8535294117647059
vehicle,random,26,65,0.8535294117647059
vehicle,random,26,66,0.8535294117647059
vehicle,random,26,67,0.8535294117647059
vehicle,random,26,68,0.8535294117647059
vehicle,random,26,69,0.8535294117647059
vehicle,random,26,70,0.8535294117647059
vehicle,random,26,71,0.8535294117647059
vehicle,random,26,72,0.8535294117647059
vehicle,random,26,73,0.8535294117647059
vehicle,random,26,74,0.8535294117647059
vehicle,random,26,75,0.8535294117647059
vehicle,random,26,76,0.8535294117647059
vehicle,random,26,77,0.8535294117647059
vehicle,random,26,78,0.8535294117647059
vehicle,random,26,79,0.8535294117647059
vehicle,random,26,80,0.8535294117647059
vehicle,random,26,81,0.8535294117647059
vehicle,random,26,82,0.8535294117647059
vehicle,random,26,83,0.8535294117647059
vehicle,random,26,84,0.8535294117647059
vehicle,random,26,85,0.8535294117647059
vehicle,random,26,86,0.8535294117647059
vehicle,random,26,87,0.8535294117647059
vehicle,random,26,88,0.8535294117647059
vehicle,random,26,89,0.8535294117647059
vehicle,random,26,90,0.8535294117647059
vehicle,random,26,91,0.8535294117647059
vehicle,random,26,92,0.8535294117647059
vehicle,random,26,93,0.8535294117647059
vehicle,random,26,94,0.8535294117647059
vehicle,random,26,95,0.8535294117647059
vehicle,random,26,96,0.8535294117647059
vehicle,random,26,97,0.8535294117647059
vehicle,random,26,98,0.8535294117647059
vehicle,random,26,99,0.8535294117647059
vehicle,random,26,100,0.8535294117647059
vehicle,bo_tpe,26,1,0.7766230936819172
vehicle,bo_tpe,26,2,0.7766230936819172
vehicle,bo_tpe,26,3,0.8165141612200436
vehicle,bo_tpe,26,4,0.8165141612200436
vehicle,bo_tpe,26,5,0.8165141612200436
vehicle,bo_tpe,26,6,0.8165141612200436
vehicle,bo_tpe,26,7,0.8165141612200436
vehicle,bo_tpe,26,8,0.8165141612200436
vehicle,bo_tpe,26,9,0.8165141612200436
vehicle,bo_tpe,26,10,0.8446296296296296
vehicle,bo_tpe,26,11,0.8446296296296296
vehicle,bo_tpe,26,12,0.8446296296296296
vehicle,bo_tpe,26,13,0.8446296296296296
vehicle,bo_tpe,26,14,0.8446296296296296
vehicle,bo_tpe,26,15,0.8446296296296296
vehicle,bo_tpe,26,16,0.8446296296296296
vehicle,bo_tpe,26,17,0.8446296296296296
vehicle,bo_tpe,26,18,0.8446296296296296
vehicle,bo_tpe,26,19,0.8446296296296296
vehicle,bo_tpe,26,20,0.8475925925925927
vehicle,bo_tpe,26,21,0.8475925925925927
vehicle,bo_tpe,26,22,0.8475925925925927
vehicle,bo_tpe,26,23,0.8490849673202614
vehicle,bo_tpe,26,24,0.8490849673202614
vehicle,bo_tpe,26,25,0.8490849673202614
vehicle,bo_tpe,26,26,0.8490849673202614
vehicle,bo_tpe,26,27,0.8520261437908496
vehicle,bo_tpe,26,28,0.8520261437908496
vehicle,bo_tpe,26,29,0.8520261437908496
vehicle,bo_tpe,26,30,0.8520261437908496
vehicle,bo_tpe,26,31,0.8520261437908496
vehicle,bo_tpe,26,32,0.8520261437908496
vehicle,bo_tpe,26,33,0.8520261437908496
vehicle,bo_tpe,26,34,0.8520261437908496
vehicle,bo_tpe,26,35,0.8520261437908496
vehicle,bo_tpe,26,36,0.8520261437908496
vehicle,bo_tpe,26,37,0.8535403050108933
vehicle,bo_tpe,26,38,0.8535403050108933
vehicle,bo_tpe,26,39,0.8535403050108933
vehicle,bo_tpe,26,40,0.8535403050108933
vehicle,bo_tpe,26,41,0.8535403050108933
vehicle,bo_tpe,26,42,0.8535403050108933
vehicle,bo_tpe,26,43,0.8535403050108933
vehicle,bo_tpe,26,44,0.8535403050108933
vehicle,bo_tpe,26,45,0.8535403050108933
vehicle,bo_tpe,26,46,0.8535403050108933
vehicle,bo_tpe,26,47,0.8535403050108933
vehicle,bo_tpe,26,48,0.8535403050108933
vehicle,bo_tpe,26,49,0.8535403050108933
vehicle,bo_tpe,26,50,0.8535403050108933
vehicle,bo_tpe,26,51,0.8535403050108933
vehicle,bo_tpe,26,52,0.8535403050108933
vehicle,bo_tpe,26,53,0.8535403050108933
vehicle,bo_tpe,26,54,0.8535403050108933
vehicle,bo_tpe,26,55,0.8535403050108933
vehicle,bo_tpe,26,56,0.8535403050108933
vehicle,bo_tpe,26,57,0.8535403050108933
vehicle,bo_tpe,26,58,0.8535403050108933
vehicle,bo_tpe,26,59,0.8535403050108933
vehicle,bo_tpe,26,60,0.8535403050108933
vehicle,bo_tpe,26,61,0.8535403050108933
vehicle,bo_tpe,26,62,0.8535403050108933
vehicle,bo_tpe,26,63,0.8535403050108933
vehicle,bo_tpe,26,64,0.8535403050108933
vehicle,bo_tpe,26,65,0.8535403050108933
vehicle,bo_tpe,26,66,0.8535403050108933
vehicle,bo_tpe,26,67,0.8535403050108933
vehicle,bo_tpe,26,68,0.8535403050108933
vehicle,bo_tpe,26,69,0.8535403050108933
vehicle,bo_tpe,26,70,0.8535403050108933
vehicle,bo_tpe,26,71,0.8535403050108933
vehicle,bo_tpe,26,72,0.8535403050108933
vehicle,bo_tpe,26,73,0.8535403050108933
vehicle,bo_tpe,26,74,0.8535403050108933
vehicle,bo_tpe,26,75,0.8535403050108933
vehicle,bo_tpe,26,76,0.8535403050108933
vehicle,bo_tpe,26,77,0.8535403050108933
vehicle,bo_tpe,26,78,0.8535403050108933
vehicle,bo_tpe,26,79,0.8535403050108933
vehicle,bo_tpe,26,80,0.8535403050108933
vehicle,bo_tpe,26,81,0.8535403050108933
vehicle,bo_tpe,26,82,0.8535403050108933
vehicle,bo_tpe,26,83,0.8535403050108933
vehicle,bo_tpe,26,84,0.8535403050108933
vehicle,bo_tpe,26,85,0.8535403050108933
vehicle,bo_tpe,26,86,0.8535403050108933
vehicle,bo_tpe,26,87,0.8535403050108933
vehicle,bo_tpe,26,88,0.8535403050108933
vehicle,bo_tpe,26,89,0.8535403050108933
vehicle,bo_tpe,26,90,0.8535403050108933
vehicle,bo_tpe,26,91,0.8535403050108933
vehicle,bo_tpe,26,92,0.8535403050108933
vehicle,bo_tpe,26,93,0.8535403050108933
vehicle,bo_tpe,26,94,0.8535403050108933
vehicle,bo_tpe,26,95,0.8535403050108933
vehicle,bo_tpe,26,96,0.8535403050108933
vehicle,bo_tpe,26,97,0.8535403050108933
vehicle,bo_tpe,26,98,0.8535403050108933
vehicle,bo_tpe,26,99,0.8535403050108933
vehicle,bo_tpe,26,100,0.8535403050108933
vehicle,pso,26,1,0.7869607843137256
vehicle,pso,26,2,0.7869607843137256
vehicle,pso,26,3,0.7869607843137256
vehicle,pso,26,4,0.7869607843137256
vehicle,pso,26,5,0.8327995642701526
vehicle,pso,26,6,0.8327995642701526
vehicle,pso,26,7,0.8327995642701526
vehicle,pso,26,8,0.8327995642701526
vehicle,pso,26,9,0.8327995642701526
vehicle,pso,26,10,0.8327995642701526
vehicle,pso,26,11,0.8327995642701526
vehicle,pso,26,12,0.8327995642701526
vehicle,pso,26,13,0.8535185185185185
vehicle,pso,26,14,0.8535185185185185
vehicle,pso,26,15,0.8535185185185185
vehicle,pso,26,16,0.8535185185185185
vehicle,pso,26,17,0.8535185185185185
vehicle,pso,26,18,0.8535185185185185
vehicle,pso,26,19,0.8535185185185185
vehicle,pso,26,20,0.8535185185185185
vehicle,pso,26,21,0.8535185185185185
vehicle,pso,26,22,0.8535185185185185
vehicle,pso,26,23,0.8535185185185185
vehicle,pso,26,24,0.8535185185185185
vehicle,pso,26,25,0.8535185185185185
vehicle,pso,26,26,0.8535185185185185
vehicle,pso,26,27,0.8535185185185185
vehicle,pso,26,28,0.8535185185185185
vehicle,pso,26,29,0.8535185185185185
vehicle,pso,26,30,0.8535185185185185
vehicle,pso,26,31,0.8535185185185185
vehicle,pso,26,32,0.8535185185185185
vehicle,pso,26,33,0.8535185185185185
vehicle,pso,26,34,0.8535185185185185
vehicle,pso,26,35,0.8535185185185185
vehicle,pso,26,36,0.8535185185185185
vehicle,pso,26,37,0.8535185185185185
vehicle,pso,26,38,0.8535185185185185
vehicle,pso,26,39,0.8535185185185185
vehicle,pso,26,40,0.8535185185185185
vehicle,pso,26,41,0.8535185185185185
vehicle,pso,26,42,0.8535185185185185
vehicle,pso,26,43,0.8535185185185185
vehicle,pso,26,44,0.8535185185185185
vehicle,pso,26,45,0.8535185185185185
vehicle,pso,26,46,0.8535185185185185
vehicle,pso,26,47,0.8535185185185185
vehicle,pso,26,48,0.8535185185185185
vehicle,pso,26,49,0.8535185185185185
vehicle,pso,26,50,0.8535185185185185
vehicle,pso,26,51,0.8535185185185185
vehicle,pso,26,52,0.8535185185185185
vehicle,pso,26,53,0.8535185185185185
vehicle,pso,26,54,0.8535185185185185
vehicle,pso,26,55,0.8535185185185185
vehicle,pso,26,56,0.8535185185185185
vehicle,pso,26,57,0.8535185185185185
vehicle,pso,26,58,0.8535294117647059
vehicle,pso,26,59,0.8535294117647059
vehicle,pso,26,60,0.8535294117647059
vehicle,pso,26,61,0.8535294117647059
vehicle,pso,26,62,0.8535294117647059
vehicle,pso,26,63,0.8535294117647059
vehicle,pso,26,64,0.8535294117647059
vehicle,pso,26,65,0.8535294117647059
vehicle,pso,26,66,0.8535294117647059
vehicle,pso,26,67,0.8535294117647059
vehicle,pso,26,68,0.8564923747276689
vehicle,pso,26,69,0.8564923747276689
vehicle,pso,26,70,0.8564923747276689
vehicle,pso,26,71,0.8564923747276689
vehicle,pso,26,72,0.8564923747276689
vehicle,pso,26,73,0.8564923747276689
vehicle,pso,26,74,0.8564923747276689
vehicle,pso,26,75,0.8564923747276689
vehicle,pso,26,76,0.8564923747276689
vehicle,pso,26,77,0.8564923747276689
vehicle,pso,26,78,0.8564923747276689
vehicle,pso,26,79,0.8564923747276689
vehicle,pso,26,80,0.8564923747276689
vehicle,pso,26,81,0.8564923747276689
vehicle,pso,26,82,0.8564923747276689
vehicle,pso,26,83,0.8564923747276689
vehicle,pso,26,84,0.8564923747276689
vehicle,pso,26,85,0.8564923747276689
vehicle,pso,26,86,0.8564923747276689
vehicle,pso,26,87,0.8564923747276689
vehicle,pso,26,88,0.8564923747276689
vehicle,pso,26,89,0.8564923747276689
vehicle,pso,26,90,0.8564923747276689
vehicle,pso,26,91,0.8564923747276689
vehicle,pso,26,92,0.8564923747276689
vehicle,pso,26,93,0.8564923747276689
vehicle,pso,26,94,0.8564923747276689
vehicle,pso,26,95,0.8564923747276689
vehicle,pso,26,96,0.8564923747276689
vehicle,pso,26,97,0.8564923747276689
vehicle,pso,26,98,0.8564923747276689
vehicle,pso,26,99,0.8564923747276689
vehicle,pso,26,100,0.8564923747276689
vehicle,de,26,1,0.7337690631808279
vehicle,de,26,2,0.7337690631808279
vehicle,de,26,3,0.8298148148148149
vehicle,de,26,4,0.8298148148148149
vehicle,de,26,5,0.8298148148148149
vehicle,de,26,6,0.8298148148148149
vehicle,de,26,7,0.8357516339869282
vehicle,de,26,8,0.8357516339869282
vehicle,de,26,9,0.8357516339869282
vehicle,de,26,10,0.8357516339869282
vehicle,de,26,11,0.8357516339869282
vehicle,de,26,12,0.8357516339869282
vehicle,de,26,13,0.8357516339869282
vehicle,de,26,14,0.8357516339869282
vehicle,de,26,15,0.8357516339869282
vehicle,de,26,16,0.8357516339869282
vehicle,de,26,17,0.8357516339869282
vehicle,de,26,18,0.8357516339869282
vehicle,de,26,19,0.8357516339869282
vehicle,de,26,20,0.8461328976034859
vehicle,de,26,21,0.8461328976034859
vehicle,de,26,22,0.8461328976034859
vehicle,de,26,23,0.8461328976034859
vehicle,de,26,24,0.8461328976034859
vehicle,de,26,25,0.8461328976034859
vehicle,de,26,26,0.8461328976034859
vehicle,de,26,27,0.8461328976034859
vehicle,de,26,28,0.8461328976034859
vehicle,de,26,29,0.8461328976034859
vehicle,de,26,30,0.8461328976034859
vehicle,de,26,31,0.8461328976034859
vehicle,de,26,32,0.8461328976034859
vehicle,de,26,33,0.8461328976034859
vehicle,de,26,34,0.8461328976034859
vehicle,de,26,35,0.8461328976034859
vehicle,de,26,36,0.8461328976034859
vehicle,de,26,37,0.8461328976034859
vehicle,de,26,38,0.8461328976034859
vehicle,de,26,39,0.8461328976034859
vehicle,de,26,40,0.8505555555555555
vehicle,de,26,41,0.8505555555555555
vehicle,de,26,42,0.8505555555555555
vehicle,de,26,43,0.8505555555555555
vehicle,de,26,44,0.8505555555555555
vehicle,de,26,45,0.8505555555555555
vehicle,de,26,46,0.8505555555555555
vehicle,de,26,47,0.8505555555555555
vehicle,de,26,48,0.8505555555555555
vehicle,de,26,49,0.8505555555555555
vehicle,de,26,50,0.8505555555555555
vehicle,de,26,51,0.8505555555555555
vehicle,de,26,52,0.8505555555555555
vehicle,de,26,53,0.8505555555555555
vehicle,de,26,54,0.8505555555555555
vehicle,de,26,55,0.8505555555555555
vehicle,de,26,56,0.8505555555555555
vehicle,de,26,57,0.8505555555555555
vehicle,de,26,58,0.8505555555555555
vehicle,de,26,59,0.8505555555555555
vehicle,de,26,60,0.8505555555555555
vehicle,de,26,61,0.8505555555555555
vehicle,de,26,62,0.8505555555555555
vehicle,de,26,63,0.8505555555555555
vehicle,de,26,64,0.8505555555555555
vehicle,de,26,65,0.8505555555555555
vehicle,de,26,66,0.8535403050108933
vehicle,de,26,67,0.8535403050108933
vehicle,de,26,68,0.8535403050108933
vehicle,de,26,69,0.8535403050108933
vehicle,de,26,70,0.8535403050108933
vehicle,de,26,71,0.8535403050108933
vehicle,de,26,72,0.8535403050108933
vehicle,de,26,73,0.8535403050108933
vehicle,de,26,74,0.8535403050108933
vehicle,de,26,75,0.8535403050108933
vehicle,de,26,76,0.8535403050108933
vehicle,de,26,77,0.8535403050108933
vehicle,de,26,78,0.8535403050108933
vehicle,de,26,79,0.8535403050108933
vehicle,de,26,80,0.8535403050108933
vehicle,de,26,81,0.8535403050108933
vehicle,de,26,82,0.8535403050108933
vehicle,de,26,83,0.8535403050108933
vehicle,de,26,84,0.8535403050108933
vehicle,de,26,85,0.8535403050108933
vehicle,de,26,86,0.8535403050108933
vehicle,de,26,87,0.8535403050108933
vehicle,de,26,88,0.8535403050108933
vehicle,de,26,89,0.8535403050108933
vehicle,de,26,90,0.8535403050108933
vehicle,de,26,91,0.8535403050108933
vehicle,de,26,92,0.8535403050108933
vehicle,de,26,93,0.8535403050108933
vehicle,de,26,94,0.8535403050108933
vehicle,de,26,95,0.8535403050108933
vehicle,de,26,96,0.8535403050108933
vehicle,de,26,97,0.8535403050108933
vehicle,de,26,98,0.8535403050108933
vehicle,de,26,99,0.8535403050108933
vehicle,de,26,100,0.8535403050108933
vehicle,ga,26,1,0.7337690631808279
vehicle,ga,26,2,0.7337690631808279
vehicle,ga,26,3,0.8298148148148149
vehicle,ga,26,4,0.8298148148148149
vehicle,ga,26,5,0.8298148148148149
vehicle,ga,26,6,0.8298148148148149
vehicle,ga,26,7,0.8357516339869282
vehicle,ga,26,8,0.8357516339869282
vehicle,ga,26,9,0.8357516339869282
vehicle,ga,26,10,0.8357516339869282
vehicle,ga,26,11,0.8357516339869282
vehicle,ga,26,12,0.8357516339869282
vehicle,ga,26,13,0.8357516339869282
vehicle,ga,26,14,0.8357516339869282
vehicle,ga,26,15,0.8357516339869282
vehicle,ga,26,16,0.8357516339869282
vehicle,ga,26,17,0.8357516339869282
vehicle,ga,26,18,0.8357516339869282
vehicle,ga,26,19,0.8357516339869282
vehicle,ga,26,20,0.8461328976034859
vehicle,ga,26,21,0.8461328976034859
vehicle,ga,26,22,0.8461328976034859
vehicle,ga,26,23,0.8461328976034859
vehicle,ga,26,24,0.8461328976034859
vehicle,ga,26,25,0.8461328976034859
vehicle,ga,26,26,0.8461328976034859
vehicle,ga,26,27,0.8461328976034859
vehicle,ga,26,28,0.8461328976034859
vehicle,ga,26,29,0.8461328976034859
vehicle,ga,26,30,0.8461328976034859
vehicle,ga,26,31,0.8461328976034859
vehicle,ga,26,32,0.8461328976034859
vehicle,ga,26,33,0.8461328976034859
vehicle,ga,26,34,0.8461328976034859
vehicle,ga,26,35,0.8461328976034859
vehicle,ga,26,36,0.8461328976034859
vehicle,ga,26,37,0.8461328976034859
vehicle,ga,26,38,0.8461328976034859
vehicle,ga,26,39,0.8461328976034859
vehicle,ga,26,40,0.8461328976034859
vehicle,ga,26,41,0.8461328976034859
vehicle,ga,26,42,0.8461328976034859
vehicle,ga,26,43,0.8461328976034859
vehicle,ga,26,44,0.8475925925925925
vehicle,ga,26,45,0.8475925925925925
vehicle,ga,26,46,0.8475925925925925
vehicle,ga,26,47,0.8475925925925925
vehicle,ga,26,48,0.8475925925925925
vehicle,ga,26,49,0.8490631808278867
vehicle,ga,26,50,0.8490631808278867
vehicle,ga,26,51,0.8490631808278867
vehicle,ga,26,52,0.8490631808278867
vehicle,ga,26,53,0.8490631808278867
vehicle,ga,26,54,0.8490631808278867
vehicle,ga,26,55,0.8490631808278867
vehicle,ga,26,56,0.8490631808278867
vehicle,ga,26,57,0.8490958605664488
vehicle,ga,26,58,0.8490958605664488
vehicle,ga,26,59,0.8490958605664488
vehicle,ga,26,60,0.8490958605664488
vehicle,ga,26,61,0.8490958605664488
vehicle,ga,26,62,0.8490958605664488
vehicle,ga,26,63,0.8490958605664488
vehicle,ga,26,64,0.8490958605664488
vehicle,ga,26,65,0.8505773420479305
vehicle,ga,26,66,0.8505773420479305
vehicle,ga,26,67,0.8505773420479305
vehicle,ga,26,68,0.8505773420479305
vehicle,ga,26,69,0.8505773420479305
vehicle,ga,26,70,0.8505773420479305
vehicle,ga,26,71,0.8505773420479305
vehicle,ga,26,72,0.8505773420479305
vehicle,ga,26,73,0.8564705882352941
vehicle,ga,26,74,0.8564705882352941
vehicle,ga,26,75,0.8564705882352941
vehicle,ga,26,76,0.8564705882352941
vehicle,ga,26,77,0.8564705882352941
vehicle,ga,26,78,0.8564705882352941
vehicle,ga,26,79,0.8564705882352941
vehicle,ga,26,80,0.8564705882352941
vehicle,ga,26,81,0.8564705882352941
vehicle,ga,26,82,0.8564705882352941
vehicle,ga,26,83,0.8564705882352941
vehicle,ga,26,84,0.8564705882352941
vehicle,ga,26,85,0.8564705882352941
vehicle,ga,26,86,0.8564705882352941
vehicle,ga,26,87,0.8564705882352941
vehicle,ga,26,88,0.8564705882352941
vehicle,ga,26,89,0.8564705882352941
vehicle,ga,26,90,0.8564705882352941
vehicle,ga,26,91,0.8564705882352941
vehicle,ga,26,92,0.8564705882352941
vehicle,ga,26,93,0.8564705882352941
vehicle,ga,26,94,0.8564705882352941
vehicle,ga,26,95,0.8564705882352941
vehicle,ga,26,96,0.8564705882352941
vehicle,ga,26,97,0.8564705882352941
vehicle,ga,26,98,0.8564705882352941
vehicle,ga,26,99,0.8564705882352941
vehicle,ga,26,100,0.8564705882352941
vehicle,grid,27,1,0.2870261437908497
vehicle,grid,27,2,0.2870261437908497
vehicle,grid,27,3,0.2885076252723311
vehicle,grid,27,4,0.2885076252723311
vehicle,grid,27,5,0.2885076252723311
vehicle,grid,27,6,0.3638671023965141
vehicle,grid,27,7,0.4275599128540304
vehicle,grid,27,8,0.4275599128540304
vehicle,grid,27,9,0.4275599128540304
vehicle,grid,27,10,0.4275599128540304
vehicle,grid,27,11,0.4275599128540304
vehicle,grid,27,12,0.4275599128540304
vehicle,grid,27,13,0.4275599128540304
vehicle,grid,27,14,0.4275599128540304
vehicle,grid,27,15,0.4867538126361655
vehicle,grid,27,16,0.6287037037037038
vehicle,grid,27,17,0.658322440087146
vehicle,grid,27,18,0.658322440087146
vehicle,grid,27,19,0.658322440087146
vehicle,grid,27,20,0.658322440087146
vehicle,grid,27,21,0.658322440087146
vehicle,grid,27,22,0.658322440087146
vehicle,grid,27,23,0.658322440087146
vehicle,grid,27,24,0.658322440087146
vehicle,grid,27,25,0.6760021786492375
vehicle,grid,27,26,0.7292810457516341
vehicle,grid,27,27,0.7603376906318082
vehicle,grid,27,28,0.7603376906318082
vehicle,grid,27,29,0.7603376906318082
vehicle,grid,27,30,0.7603376906318082
vehicle,grid,27,31,0.7603376906318082
vehicle,grid,27,32,0.7603376906318082
vehicle,grid,27,33,0.7603376906318082
vehicle,grid,27,34,0.7603376906318082
vehicle,grid,27,35,0.7603376906318082
vehicle,grid,27,36,0.7780827886710239
vehicle,grid,27,37,0.7869716775599128
vehicle,grid,27,38,0.7869716775599128
vehicle,grid,27,39,0.7869716775599128
vehicle,grid,27,40,0.7869716775599128
vehicle,grid,27,41,0.7869716775599128
vehicle,grid,27,42,0.7869716775599128
vehicle,grid,27,43,0.7869716775599128
vehicle,grid,27,44,0.7869716775599128
vehicle,grid,27,45,0.7914270152505447
vehicle,grid,27,46,0.8298366013071895
vehicle,grid,27,47,0.8298366013071895
vehicle,grid,27,48,0.8298366013071895
vehicle,grid,27,49,0.8298366013071895
vehicle,grid,27,50,0.8298366013071895
vehicle,grid,27,51,0.8298366013071895
vehicle,grid,27,52,0.8298366013071895
vehicle,grid,27,53,0.8298366013071895
vehicle,grid,27,54,0.8298366013071895
vehicle,grid,27,55,0.8298366013071895
vehicle,grid,27,56,0.8505555555555555
vehicle,grid,27,57,0.8505555555555555
vehicle,grid,27,58,0.8505555555555555
vehicle,grid,27,59,0.8505555555555555
vehicle,grid,27,60,0.8505555555555555
vehicle,grid,27,61,0.8505555555555555
vehicle,grid,27,62,0.8505555555555555
vehicle,grid,27,63,0.8505555555555555
vehicle,grid,27,64,0.8505555555555555
vehicle,grid,27,65,0.8505555555555555
vehicle,grid,27,66,0.8505555555555555
vehicle,grid,27,67,0.8505555555555555
vehicle,grid,27,68,0.8505555555555555
vehicle,grid,27,69,0.8505555555555555
vehicle,grid,27,70,0.8505555555555555
vehicle,grid,27,71,0.8505555555555555
vehicle,grid,27,72,0.8505555555555555
vehicle,grid,27,73,0.8505555555555555
vehicle,grid,27,74,0.8505555555555555
vehicle,grid,27,75,0.8535294117647059
vehicle,grid,27,76,0.8535294117647059
vehicle,grid,27,77,0.8535294117647059
vehicle,grid,27,78,0.8535294117647059
vehicle,grid,27,79,0.8535294117647059
vehicle,grid,27,80,0.8535294117647059
vehicle,grid,27,81,0.8535294117647059
vehicle,grid,27,82,0.8535294117647059
vehicle,grid,27,83,0.8535294117647059
vehicle,grid,27,84,0.8535294117647059
vehicle,grid,27,85,0.8579956427015251
vehicle,grid,27,86,0.8579956427015251
vehicle,grid,27,87,0.8579956427015251
vehicle,grid,27,88,0.8579956427015251
vehicle,grid,27,89,0.8579956427015251
vehicle,grid,27,90,0.8579956427015251
vehicle,grid,27,91,0.8579956427015251
vehicle,grid,27,92,0.8579956427015251
vehicle,grid,27,93,0.8579956427015251
vehicle,grid,27,94,0.8579956427015251
vehicle,grid,27,95,0.8579956427015251
vehicle,grid,27,96,0.8579956427015251
vehicle,grid,27,97,0.8579956427015251
vehicle,grid,27,98,0.8579956427015251
vehicle,grid,27,99,0.8579956427015251
vehicle,grid,27,100,0.8579956427015251
vehicle,random,27,1,0.684912854030501
vehicle,random,27,2,0.684912854030501
vehicle,random,27,3,0.684912854030501
vehicle,random,27,4,0.8210239651416122
vehicle,random,27,5,0.8210239651416122
vehicle,random,27,6,0.8210239651416122
vehicle,random,27,7,0.8210239651416122
vehicle,random,27,8,0.8210239651416122
vehicle,random,27,9,0.8210239651416122
vehicle,random,27,10,0.8210239651416122
vehicle,random,27,11,0.8210239651416122
vehicle,random,27,12,0.8210239651416122
vehicle,random,27,13,0.8210239651416122
vehicle,random,27,14,0.8210239651416122
vehicle,random,27,15,0.8210239651416122
vehicle,random,27,16,0.8210239651416122
vehicle,random,27,17,0.8210239651416122
vehicle,random,27,18,0.8535185185185185
vehicle,random,27,19,0.8535185185185185
vehicle,random,27,20,0.8535185185185185
vehicle,random,27,21,0.8535185185185185
vehicle,random,27,22,0.8535185185185185
vehicle,random,27,23,0.8535185185185185
vehicle,random,27,24,0.8535185185185185
vehicle,random,27,25,0.8535185185185185
vehicle,random,27,26,0.8535185185185185
vehicle,random,27,27,0.8535185185185185
vehicle,random,27,28,0.8535185185185185
vehicle,random,27,29,0.8535185185185185
vehicle,random,27,30,0.8535185185185185
vehicle,random,27,31,0.8535185185185185
vehicle,random,27,32,0.8535185185185185
vehicle,random,27,33,0.8535185185185185
vehicle,random,27,34,0.8535185185185185
vehicle,random,27,35,0.8535185185185185
vehicle,random,27,36,0.8535185185185185
vehicle,random,27,37,0.8535185185185185
vehicle,random,27,38,0.8535185185185185
vehicle,random,27,39,0.8535185185185185
vehicle,random,27,40,0.8535185185185185
vehicle,random,27,41,0.8535185185185185
vehicle,random,27,42,0.8535185185185185
vehicle,random,27,43,0.8535185185185185
vehicle,random,27,44,0.8535185185185185
vehicle,random,27,45,0.8535185185185185
vehicle,random,27,46,0.8535185185185185
vehicle,random,27,47,0.8535185185185185
vehicle,random,27,48,0.8535185185185185
vehicle,random,27,49,0.8535185185185185
vehicle,random,27,50,0.8535185185185185
vehicle,random,27,51,0.8535511982570805
vehicle,random,27,52,0.8535511982570805
vehicle,random,27,53,0.8535511982570805
vehicle,random,27,54,0.8535511982570805
vehicle,random,27,55,0.8535511982570805
vehicle,random,27,56,0.8535511982570805
vehicle,random,27,57,0.8535511982570805
vehicle,random,27,58,0.8535511982570805
vehicle,random,27,59,0.8535511982570805
vehicle,random,27,60,0.8535511982570805
vehicle,random,27,61,0.8535511982570805
vehicle,random,27,62,0.8535511982570805
vehicle,random,27,63,0.8535511982570805
vehicle,random,27,64,0.8535511982570805
vehicle,random,27,65,0.8535511982570805
vehicle,random,27,66,0.8535511982570805
vehicle,random,27,67,0.8535511982570805
vehicle,random,27,68,0.8535511982570805
vehicle,random,27,69,0.8535511982570805
vehicle,random,27,70,0.8535511982570805
vehicle,random,27,71,0.8535511982570805
vehicle,random,27,72,0.8535511982570805
vehicle,random,27,73,0.8535511982570805
vehicle,random,27,74,0.8535511982570805
vehicle,random,27,75,0.8535511982570805
vehicle,random,27,76,0.8535511982570805
vehicle,random,27,77,0.8535511982570805
vehicle,random,27,78,0.8535511982570805
vehicle,random,27,79,0.8535511982570805
vehicle,random,27,80,0.8535511982570805
vehicle,random,27,81,0.8535511982570805
vehicle,random,27,82,0.8535511982570805
vehicle,random,27,83,0.8535511982570805
vehicle,random,27,84,0.8535511982570805
vehicle,random,27,85,0.8535511982570805
vehicle,random,27,86,0.8535511982570805
vehicle,random,27,87,0.8535511982570805
vehicle,random,27,88,0.8535511982570805
vehicle,random,27,89,0.8623747276688454
vehicle,random,27,90,0.8623747276688454
vehicle,random,27,91,0.8623747276688454
vehicle,random,27,92,0.8623747276688454
vehicle,random,27,93,0.8623747276688454
vehicle,random,27,94,0.8623747276688454
vehicle,random,27,95,0.8623747276688454
vehicle,random,27,96,0.8623747276688454
vehicle,random,27,97,0.8623747276688454
vehicle,random,27,98,0.8623747276688454
vehicle,random,27,99,0.8623747276688454
vehicle,random,27,100,0.8623747276688454
vehicle,bo_tpe,27,1,0.684912854030501
vehicle,bo_tpe,27,2,0.684912854030501
vehicle,bo_tpe,27,3,0.684912854030501
vehicle,bo_tpe,27,4,0.8210239651416122
vehicle,bo_tpe,27,5,0.8210239651416122
vehicle,bo_tpe,27,6,0.8210239651416122
vehicle,bo_tpe,27,7,0.8210239651416122
vehicle,bo_tpe,27,8,0.8210239651416122
vehicle,bo_tpe,27,9,0.8210239651416122
vehicle,bo_tpe,27,10,0.8210239651416122
vehicle,bo_tpe,27,11,0.8210239651416122
vehicle,bo_tpe,27,12,0.8343246187363833
vehicle,bo_tpe,27,13,0.8343246187363833
vehicle,bo_tpe,27,14,0.8579193899782135
vehicle,bo_tpe,27,15,0.8579193899782135
vehicle,bo_tpe,27,16,0.8579193899782135
vehicle,bo_tpe,27,17,0.8579193899782135
vehicle,bo_tpe,27,18,0.8579193899782135
vehicle,bo_tpe,27,19,0.8579193899782135
vehicle,bo_tpe,27,20,0.8579193899782135
vehicle,bo_tpe,27,21,0.8593899782135075
vehicle,bo_tpe,27,22,0.8593899782135075
vehicle,bo_tpe,27,23,0.8593899782135075
vehicle,bo_tpe,27,24,0.8593899782135075
vehicle,bo_tpe,27,25,0.8593899782135075
vehicle,bo_tpe,27,26,0.8593899782135075
vehicle,bo_tpe,27,27,0.8593899782135075
vehicle,bo_tpe,27,28,0.8593899782135075
vehicle,bo_tpe,27,29,0.8593899782135075
vehicle,bo_tpe,27,30,0.8593899782135075
vehicle,bo_tpe,27,31,0.8593899782135075
vehicle,bo_tpe,27,32,0.8593899782135075
vehicle,bo_tpe,27,33,0.8593899782135075
vehicle,bo_tpe,27,34,0.8593899782135075
vehicle,bo_tpe,27,35,0.8593899782135075
vehicle,bo_tpe,27,36,0.8593899782135075
vehicle,bo_tpe,27,37,0.8593899782135075
vehicle,bo_tpe,27,38,0.8593899782135075
vehicle,bo_tpe,27,39,0.8593899782135075
vehicle,bo_tpe,27,40,0.8593899782135075
vehicle,bo_tpe,27,41,0.8593899782135075
vehicle,bo_tpe,27,42,0.8593899782135075
vehicle,bo_tpe,27,43,0.8593899782135075
vehicle,bo_tpe,27,44,0.8593899782135075
vehicle,bo_tpe,27,45,0.8593899782135075
vehicle,bo_tpe,27,46,0.8593899782135075
vehicle,bo_tpe,27,47,0.8593899782135075
vehicle,bo_tpe,27,48,0.8593899782135075
vehicle,bo_tpe,27,49,0.8593899782135075
vehicle,bo_tpe,27,50,0.8593899782135075
vehicle,bo_tpe,27,51,0.8593899782135075
vehicle,bo_tpe,27,52,0.8593899782135075
vehicle,bo_tpe,27,53,0.8593899782135075
vehicle,bo_tpe,27,54,0.8593899782135075
vehicle,bo_tpe,27,55,0.8593899782135075
vehicle,bo_tpe,27,56,0.8593899782135075
vehicle,bo_tpe,27,57,0.8638888888888889
vehicle,bo_tpe,27,58,0.8638888888888889
vehicle,bo_tpe,27,59,0.8638888888888889
vehicle,bo_tpe,27,60,0.8638888888888889
vehicle,bo_tpe,27,61,0.8638888888888889
vehicle,bo_tpe,27,62,0.8638888888888889
vehicle,bo_tpe,27,63,0.8638888888888889
vehicle,bo_tpe,27,64,0.8638888888888889
vehicle,bo_tpe,27,65,0.8638888888888889
vehicle,bo_tpe,27,66,0.8638888888888889
vehicle,bo_tpe,27,67,0.8638888888888889
vehicle,bo_tpe,27,68,0.8638888888888889
vehicle,bo_tpe,27,69,0.8638888888888889
vehicle,bo_tpe,27,70,0.8638888888888889
vehicle,bo_tpe,27,71,0.8638888888888889
vehicle,bo_tpe,27,72,0.8638888888888889
vehicle,bo_tpe,27,73,0.8638888888888889
vehicle,bo_tpe,27,74,0.8638888888888889
vehicle,bo_tpe,27,75,0.8638888888888889
vehicle,bo_tpe,27,76,0.8638888888888889
vehicle,bo_tpe,27,77,0.8638888888888889
vehicle,bo_tpe,27,78,0.8638888888888889
vehicle,bo_tpe,27,79,0.8638888888888889
vehicle,bo_tpe,27,80,0.8638888888888889
vehicle,bo_tpe,27,81,0.8638888888888889
vehicle,bo_tpe,27,82,0.8638888888888889
vehicle,bo_tpe,27,83,0.8638888888888889
vehicle,bo_tpe,27,84,0.8638888888888889
vehicle,bo_tpe,27,85,0.8638888888888889
vehicle,bo_tpe,27,86,0.8638888888888889
vehicle,bo_tpe,27,87,0.8638888888888889
vehicle,bo_tpe,27,88,0.8638888888888889
vehicle,bo_tpe,27,89,0.8638888888888889
vehicle,bo_tpe,27,90,0.8638888888888889
vehicle,bo_tpe,27,91,0.8638888888888889
vehicle,bo_tpe,27,92,0.8638888888888889
vehicle,bo_tpe,27,93,0.8638888888888889
vehicle,bo_tpe,27,94,0.8638888888888889
vehicle,bo_tpe,27,95,0.8638888888888889
vehicle,bo_tpe,27,96,0.8638888888888889
vehicle,bo_tpe,27,97,0.8638888888888889
vehicle,bo_tpe,27,98,0.8638888888888889
vehicle,bo_tpe,27,99,0.8638888888888889
vehicle,bo_tpe,27,100,0.8638888888888889
vehicle,pso,27,1,0.7899346405228759
vehicle,pso,27,2,0.7929084967320261
vehicle,pso,27,3,0.7929084967320261
vehicle,pso,27,4,0.7929084967320261
vehicle,pso,27,5,0.8032679738562092
vehicle,pso,27,6,0.8210021786492374
vehicle,pso,27,7,0.8505773420479302
vehicle,pso,27,8,0.8505773420479302
vehicle,pso,27,9,0.8505773420479302
vehicle,pso,27,10,0.8505773420479302
vehicle,pso,27,11,0.8505773420479302
vehicle,pso,27,12,0.8505773420479302
vehicle,pso,27,13,0.8505773420479302
vehicle,pso,27,14,0.8505773420479302
vehicle,pso,27,15,0.8505773420479302
vehicle,pso,27,16,0.8505773420479302
vehicle,pso,27,17,0.8505773420479302
vehicle,pso,27,18,0.8505773420479302
vehicle,pso,27,19,0.8505773420479302
vehicle,pso,27,20,0.8505773420479302
vehicle,pso,27,21,0.8505773420479302
vehicle,pso,27,22,0.8505773420479302
vehicle,pso,27,23,0.8505773420479302
vehicle,pso,27,24,0.8505773420479302
vehicle,pso,27,25,0.8505773420479302
vehicle,pso,27,26,0.8505773420479302
vehicle,pso,27,27,0.8505773420479302
vehicle,pso,27,28,0.8505773420479302
vehicle,pso,27,29,0.8505773420479302
vehicle,pso,27,30,0.8505773420479302
vehicle,pso,27,31,0.8505773420479302
vehicle,pso,27,32,0.8505773420479302
vehicle,pso,27,33,0.8505773420479302
vehicle,pso,27,34,0.8505773420479302
vehicle,pso,27,35,0.8505773420479302
vehicle,pso,27,36,0.8505773420479302
vehicle,pso,27,37,0.8505773420479302
vehicle,pso,27,38,0.8505773420479302
vehicle,pso,27,39,0.8505773420479302
vehicle,pso,27,40,0.8505773420479302
vehicle,pso,27,41,0.8505773420479302
vehicle,pso,27,42,0.8505773420479302
vehicle,pso,27,43,0.8505773420479302
vehicle,pso,27,44,0.8505773420479302
vehicle,pso,27,45,0.8505773420479302
vehicle,pso,27,46,0.8505773420479302
vehicle,pso,27,47,0.8505773420479302
vehicle,pso,27,48,0.8505773420479302
vehicle,pso,27,49,0.8505773420479302
vehicle,pso,27,50,0.8505773420479302
vehicle,pso,27,51,0.8505773420479302
vehicle,pso,27,52,0.8505773420479302
vehicle,pso,27,53,0.8564488017429195
vehicle,pso,27,54,0.8579738562091503
vehicle,pso,27,55,0.8579738562091503
vehicle,pso,27,56,0.8579738562091503
vehicle,pso,27,57,0.8579738562091503
vehicle,pso,27,58,0.8579738562091503
vehicle,pso,27,59,0.8579738562091503
vehicle,pso,27,60,0.8579738562091503
vehicle,pso,27,61,0.8579847494553376
vehicle,pso,27,62,0.8579847494553376
vehicle,pso,27,63,0.8594444444444445
vehicle,pso,27,64,0.8594444444444445
vehicle,pso,27,65,0.8594444444444445
vehicle,pso,27,66,0.8594444444444445
vehicle,pso,27,67,0.8594444444444445
vehicle,pso,27,68,0.8594444444444445
vehicle,pso,27,69,0.8594662309368193
vehicle,pso,27,70,0.8594662309368193
vehicle,pso,27,71,0.8594662309368193
vehicle,pso,27,72,0.8594662309368193
vehicle,pso,27,73,0.8594662309368193
vehicle,pso,27,74,0.8594662309368193
vehicle,pso,27,75,0.8594662309368193
vehicle,pso,27,76,0.8594662309368193
vehicle,pso,27,77,0.8594662309368193
vehicle,pso,27,78,0.8594662309368193
vehicle,pso,27,79,0.8594662309368193
vehicle,pso,27,80,0.8594662309368193
vehicle,pso,27,81,0.8594662309368193
vehicle,pso,27,82,0.8594662309368193
vehicle,pso,27,83,0.8594662309368193
vehicle,pso,27,84,0.8594662309368193
vehicle,pso,27,85,0.8594662309368193
vehicle,pso,27,86,0.8594662309368193
vehicle,pso,27,87,0.8594662309368193
vehicle,pso,27,88,0.8594662309368193
vehicle,pso,27,89,0.8594662309368193
vehicle,pso,27,90,0.8623747276688454
vehicle,pso,27,91,0.8623747276688454
vehicle,pso,27,92,0.8623747276688454
vehicle,pso,27,93,0.8623747276688454
vehicle,pso,27,94,0.8623747276688454
vehicle,pso,27,95,0.8623747276688454
vehicle,pso,27,96,0.8623747276688454
vehicle,pso,27,97,0.8623747276688454
vehicle,pso,27,98,0.8623747276688454
vehicle,pso,27,99,0.8623747276688454
vehicle,pso,27,100,0.8623747276688454
vehicle,de,27,1,0.8136383442265795
vehicle,de,27,2,0.8136383442265795
vehicle,de,27,3,0.8136383442265795
vehicle,de,27,4,0.8136383442265795
vehicle,de,27,5,0.8136383442265795
vehicle,de,27,6,0.8136383442265795
vehicle,de,27,7,0.8136383442265795
vehicle,de,27,8,0.8136383442265795
vehicle,de,27,9,0.8151089324618738
vehicle,de,27,10,0.8594444444444445
vehicle,de,27,11,0.8594444444444445
vehicle,de,27,12,0.8594444444444445
vehicle,de,27,13,0.8594444444444445
vehicle,de,27,14,0.8594444444444445
vehicle,de,27,15,0.8594444444444445
vehicle,de,27,16,0.8594444444444445
vehicle,de,27,17,0.8594444444444445
vehicle,de,27,18,0.8594444444444445
vehicle,de,27,19,0.8594444444444445
vehicle,de,27,20,0.8594444444444445
vehicle,de,27,21,0.8594444444444445
vehicle,de,27,22,0.8594444444444445
vehicle,de,27,23,0.8594444444444445
vehicle,de,27,24,0.8594444444444445
vehicle,de,27,25,0.8594444444444445
vehicle,de,27,26,0.8594444444444445
vehicle,de,27,27,0.8594444444444445
vehicle,de,27,28,0.8594444444444445
vehicle,de,27,29,0.8594444444444445
vehicle,de,27,30,0.8594444444444445
vehicle,de,27,31,0.8594444444444445
vehicle,de,27,32,0.8594444444444445
vehicle,de,27,33,0.8594444444444445
vehicle,de,27,34,0.8594444444444445
vehicle,de,27,35,0.8594444444444445
vehicle,de,27,36,0.8594444444444445
vehicle,de,27,37,0.8594444444444445
vehicle,de,27,38,0.8594444444444445
vehicle,de,27,39,0.8594444444444445
vehicle,de,27,40,0.8594444444444445
vehicle,de,27,41,0.8594444444444445
vehicle,de,27,42,0.8594444444444445
vehicle,de,27,43,0.8594444444444445
vehicle,de,27,44,0.8594444444444445
vehicle,de,27,45,0.8594444444444445
vehicle,de,27,46,0.8594444444444445
vehicle,de,27,47,0.8594444444444445
vehicle,de,27,48,0.8594444444444445
vehicle,de,27,49,0.8594444444444445
vehicle,de,27,50,0.8594444444444445
vehicle,de,27,51,0.8594444444444445
vehicle,de,27,52,0.8594444444444445
vehicle,de,27,53,0.8594444444444445
vehicle,de,27,54,0.8594444444444445
vehicle,de,27,55,0.8594444444444445
vehicle,de,27,56,0.8594444444444445
vehicle,de,27,57,0.8594444444444445
vehicle,de,27,58,0.8594444444444445
vehicle,de,27,59,0.8594444444444445
vehicle,de,27,60,0.8594444444444445
vehicle,de,27,61,0.8594444444444445
vehicle,de,27,62,0.8594444444444445
vehicle,de,27,63,0.8594444444444445
vehicle,de,27,64,0.8594444444444445
vehicle,de,27,65,0.8594444444444445
vehicle,de,27,66,0.8594444444444445
vehicle,de,27,67,0.8594771241830065
vehicle,de,27,68,0.8594771241830065
vehicle,de,27,69,0.8594771241830065
vehicle,de,27,70,0.8594771241830065
vehicle,de,27,71,0.8594771241830065
vehicle,de,27,72,0.8594771241830065
vehicle,de,27,73,0.8594771241830065
vehicle,de,27,74,0.8594771241830065
vehicle,de,27,75,0.8594771241830065
vehicle,de,27,76,0.8594771241830065
vehicle,de,27,77,0.8594771241830065
vehicle,de,27,78,0.8594771241830065
vehicle,de,27,79,0.8594771241830065
vehicle,de,27,80,0.8594771241830065
vehicle,de,27,81,0.8594771241830065
vehicle,de,27,82,0.8594771241830065
vehicle,de,27,83,0.8594771241830065
vehicle,de,27,84,0.8594771241830065
vehicle,de,27,85,0.8594771241830065
vehicle,de,27,86,0.8594771241830065
vehicle,de,27,87,0.8594771241830065
vehicle,de,27,88,0.8594771241830065
vehicle,de,27,89,0.8594771241830065
vehicle,de,27,90,0.8594771241830065
vehicle,de,27,91,0.8594771241830065
vehicle,de,27,92,0.8594771241830065
vehicle,de,27,93,0.8594771241830065
vehicle,de,27,94,0.8594771241830065
vehicle,de,27,95,0.8594771241830065
vehicle,de,27,96,0.8594771241830065
vehicle,de,27,97,0.8594771241830065
vehicle,de,27,98,0.8594771241830065
vehicle,de,27,99,0.8594771241830065
vehicle,de,27,100,0.8594771241830065
vehicle,ga,27,1,0.8136383442265795
vehicle,ga,27,2,0.8136383442265795
vehicle,ga,27,3,0.8136383442265795
vehicle,ga,27,4,0.8136383442265795
vehicle,ga,27,5,0.8136383442265795
vehicle,ga,27,6,0.8136383442265795
vehicle,ga,27,7,0.8136383442265795
vehicle,ga,27,8,0.8136383442265795
vehicle,ga,27,9,0.8151089324618738
vehicle,ga,27,10,0.8594444444444445
vehicle,ga,27,11,0.8594444444444445
vehicle,ga,27,12,0.8594444444444445
vehicle,ga,27,13,0.8594444444444445
vehicle,ga,27,14,0.8594444444444445
vehicle,ga,27,15,0.8594444444444445
vehicle,ga,27,16,0.8594444444444445
vehicle,ga,27,17,0.8594444444444445
vehicle,ga,27,18,0.8594444444444445
vehicle,ga,27,19,0.8594444444444445
vehicle,ga,27,20,0.8594444444444445
vehicle,ga,27,21,0.8594444444444445
vehicle,ga,27,22,0.8594444444444445
vehicle,ga,27,23,0.8594444444444445
vehicle,ga,27,24,0.8594444444444445
vehicle,ga,27,25,0.8594444444444445
vehicle,ga,27,26,0.8594444444444445
vehicle,ga,27,27,0.8594444444444445
vehicle,ga,27,28,0.8594444444444445
vehicle,ga,27,29,0.8594444444444445
vehicle,ga,27,30,0.8594444444444445
vehicle,ga,27,31,0.8594444444444445
vehicle,ga,27,32,0.8639106753812638
vehicle,ga,27,33,0.8639106753812638
vehicle,ga,27,34,0.8639106753812638
vehicle,ga,27,35,0.8639106753812638
vehicle,ga,27,36,0.8639106753812638
vehicle,ga,27,37,0.8639106753812638
vehicle,ga,27,38,0.8639106753812638
vehicle,ga,27,39,0.8639106753812638
vehicle,ga,27,40,0.8639106753812638
vehicle,ga,27,41,0.8639106753812638
vehicle,ga,27,42,0.8639106753812638
vehicle,ga,27,43,0.8639106753812638
vehicle,ga,27,44,0.8639106753812638
vehicle,ga,27,45,0.8639106753812638
vehicle,ga,27,46,0.8639106753812638
vehicle,ga,27,47,0.8639106753812638
vehicle,ga,27,48,0.8639106753812638
vehicle,ga,27,49,0.8639106753812638
vehicle,ga,27,50,0.8639106753812638
vehicle,ga,27,51,0.8639106753812638
vehicle,ga,27,52,0.8639106753812638
vehicle,ga,27,53,0.8639106753812638
vehicle,ga,27,54,0.8639106753812638
vehicle,ga,27,55,0.8639106753812638
vehicle,ga,27,56,0.8639106753812638
vehicle,ga,27,57,0.8639106753812638
vehicle,ga,27,58,0.8639106753812638
vehicle,ga,27,59,0.8639106753812638
vehicle,ga,27,60,0.8639106753812638
vehicle,ga,27,61,0.8639106753812638
vehicle,ga,27,62,0.8639106753812638
vehicle,ga,27,63,0.8639106753812638
vehicle,ga,27,64,0.8639106753812638
vehicle,ga,27,65,0.8639106753812638
vehicle,ga,27,66,0.8639106753812638
vehicle,ga,27,67,0.8639106753812638
vehicle,ga,27,68,0.8639106753812638
vehicle,ga,27,69,0.8639106753812638
vehicle,ga,27,70,0.8639106753812638
vehicle,ga,27,71,0.8639106753812638
vehicle,ga,27,72,0.8639106753812638
vehicle,ga,27,73,0.8639106753812638
vehicle,ga,27,74,0.8639106753812638
vehicle,ga,27,75,0.8639106753812638
vehicle,ga,27,76,0.8639106753812638
vehicle,ga,27,77,0.8639106753812638
vehicle,ga,27,78,0.8639106753812638
vehicle,ga,27,79,0.8639106753812638
vehicle,ga,27,80,0.8639106753812638
vehicle,ga,27,81,0.8639106753812638
vehicle,ga,27,82,0.8639106753812638
vehicle,ga,27,83,0.8639106753812638
vehicle,ga,27,84,0.8639106753812638
vehicle,ga,27,85,0.8639106753812638
vehicle,ga,27,86,0.8639106753812638
vehicle,ga,27,87,0.8639106753812638
vehicle,ga,27,88,0.8639106753812638
vehicle,ga,27,89,0.8639106753812638
vehicle,ga,27,90,0.8639106753812638
vehicle,ga,27,91,0.8639106753812638
vehicle,ga,27,92,0.8639106753812638
vehicle,ga,27,93,0.8639106753812638
vehicle,ga,27,94,0.8639106753812638
vehicle,ga,27,95,0.8639106753812638
vehicle,ga,27,96,0.8639106753812638
vehicle,ga,27,97,0.8639106753812638
vehicle,ga,27,98,0.8639106753812638
vehicle,ga,27,99,0.8639106753812638
vehicle,ga,27,100,0.8639106753812638
vehicle,grid,28,1,0.2929520697167756
vehicle,grid,28,2,0.2929520697167756
vehicle,grid,28,3,0.2929520697167756
vehicle,grid,28,4,0.2929520697167756
vehicle,grid,28,5,0.2929520697167756
vehicle,grid,28,6,0.3906209150326797
vehicle,grid,28,7,0.4290305010893246
vehicle,grid,28,8,0.4290305010893246
vehicle,grid,28,9,0.4290305010893246
vehicle,grid,28,10,0.4290305010893246
vehicle,grid,28,11,0.4290305010893246
vehicle,grid,28,12,0.4290305010893246
vehicle,grid,28,13,0.4290305010893246
vehicle,grid,28,14,0.4290305010893246
vehicle,grid,28,15,0.4912309368191721
vehicle,grid,28,16,0.6287472766884532
vehicle,grid,28,17,0.653954248366013
vehicle,grid,28,18,0.653954248366013
vehicle,grid,28,19,0.653954248366013
vehicle,grid,28,20,0.653954248366013
vehicle,grid,28,21,0.653954248366013
vehicle,grid,28,22,0.653954248366013
vehicle,grid,28,23,0.653954248366013
vehicle,grid,28,24,0.653954248366013
vehicle,grid,28,25,0.6775381263616558
vehicle,grid,28,26,0.7278322440087146
vehicle,grid,28,27,0.7426034858387799
vehicle,grid,28,28,0.7426034858387799
vehicle,grid,28,29,0.7426034858387799
vehicle,grid,28,30,0.7426034858387799
vehicle,grid,28,31,0.7426034858387799
vehicle,grid,28,32,0.7426034858387799
vehicle,grid,28,33,0.7426034858387799
vehicle,grid,28,34,0.7426034858387799
vehicle,grid,28,35,0.7544553376906318
vehicle,grid,28,36,0.7825054466230936
vehicle,grid,28,37,0.7929411764705883
vehicle,grid,28,38,0.7929411764705883
vehicle,grid,28,39,0.7929411764705883
vehicle,grid,28,40,0.7929411764705883
vehicle,grid,28,41,0.7929411764705883
vehicle,grid,28,42,0.7929411764705883
vehicle,grid,28,43,0.7929411764705883
vehicle,grid,28,44,0.7929411764705883
vehicle,grid,28,45,0.7929411764705883
vehicle,grid,28,46,0.8298583877995643
vehicle,grid,28,47,0.8298583877995643
vehicle,grid,28,48,0.8298583877995643
vehicle,grid,28,49,0.8298583877995643
vehicle,grid,28,50,0.8298583877995643
vehicle,grid,28,51,0.8298583877995643
vehicle,grid,28,52,0.8298583877995643
vehicle,grid,28,53,0.8298583877995643
vehicle,grid,28,54,0.8298583877995643
vehicle,grid,28,55,0.8298692810457517
vehicle,grid,28,56,0.8476143790849673
vehicle,grid,28,57,0.8476143790849673
vehicle,grid,28,58,0.8476143790849673
vehicle,grid,28,59,0.8476143790849673
vehicle,grid,28,60,0.8476143790849673
vehicle,grid,28,61,0.8476143790849673
vehicle,grid,28,62,0.8476143790849673
vehicle,grid,28,63,0.8476143790849673
vehicle,grid,28,64,0.8476143790849673
vehicle,grid,28,65,0.8476143790849673
vehicle,grid,28,66,0.8476143790849673
vehicle,grid,28,67,0.8476143790849673
vehicle,grid,28,68,0.8476143790849673
vehicle,grid,28,69,0.8476143790849673
vehicle,grid,28,70,0.8476143790849673
vehicle,grid,28,71,0.8476143790849673
vehicle,grid,28,72,0.8476143790849673
vehicle,grid,28,73,0.8476143790849673
vehicle,grid,28,74,0.8476143790849673
vehicle,grid,28,75,0.8476143790849673
vehicle,grid,28,76,0.8476143790849673
vehicle,grid,28,77,0.8476143790849673
vehicle,grid,28,78,0.8476143790849673
vehicle,grid,28,79,0.8476143790849673
vehicle,grid,28,80,0.8476143790849673
vehicle,grid,28,81,0.8476143790849673
vehicle,grid,28,82,0.8476143790849673
vehicle,grid,28,83,0.8476143790849673
vehicle,grid,28,84,0.8476143790849673
vehicle,grid,28,85,0.8476143790849673
vehicle,grid,28,86,0.8476143790849673
vehicle,grid,28,87,0.8476143790849673
vehicle,grid,28,88,0.8476143790849673
vehicle,grid,28,89,0.8476143790849673
vehicle,grid,28,90,0.8476143790849673
vehicle,grid,28,91,0.8476143790849673
vehicle,grid,28,92,0.8476143790849673
vehicle,grid,28,93,0.8476143790849673
vehicle,grid,28,94,0.8476143790849673
vehicle,grid,28,95,0.8476143790849673
vehicle,grid,28,96,0.8476143790849673
vehicle,grid,28,97,0.8476143790849673
vehicle,grid,28,98,0.8476143790849673
vehicle,grid,28,99,0.8476143790849673
vehicle,grid,28,100,0.8476143790849673
vehicle,random,28,1,0.8343028322440087
vehicle,random,28,2,0.8343028322440087
vehicle,random,28,3,0.8402178649237474
vehicle,random,28,4,0.8402178649237474
vehicle,random,28,5,0.8402178649237474
vehicle,random,28,6,0.8402178649237474
vehicle,random,28,7,0.8402178649237474
vehicle,random,28,8,0.8402178649237474
vehicle,random,28,9,0.8402178649237474
vehicle,random,28,10,0.8402178649237474
vehicle,random,28,11,0.8402178649237474
vehicle,random,28,12,0.8402178649237474
vehicle,random,28,13,0.8402178649237474
vehicle,random,28,14,0.8402178649237474
vehicle,random,28,15,0.8402178649237474
vehicle,random,28,16,0.8402178649237474
vehicle,random,28,17,0.8402178649237474
vehicle,random,28,18,0.8402178649237474
vehicle,random,28,19,0.8402178649237474
vehicle,random,28,20,0.8402178649237474
vehicle,random,28,21,0.8402178649237474
vehicle,random,28,22,0.8402178649237474
vehicle,random,28,23,0.8402178649237474
vehicle,random,28,24,0.8402178649237474
vehicle,random,28,25,0.8402178649237474
vehicle,random,28,26,0.8402178649237474
vehicle,random,28,27,0.8402178649237474
vehicle,random,28,28,0.8402505446623094
vehicle,random,28,29,0.8402505446623094
vehicle,random,28,30,0.8402505446623094
vehicle,random,28,31,0.8402505446623094
vehicle,random,28,32,0.8402505446623094
vehicle,random,28,33,0.8402505446623094
vehicle,random,28,34,0.8416884531590414
vehicle,random,28,35,0.8416884531590414
vehicle,random,28,36,0.8416884531590414
vehicle,random,28,37,0.8416884531590414
vehicle,random,28,38,0.8416884531590414
vehicle,random,28,39,0.8416884531590414
vehicle,random,28,40,0.8416884531590414
vehicle,random,28,41,0.8416884531590414
vehicle,random,28,42,0.8416884531590414
vehicle,random,28,43,0.8416884531590414
vehicle,random,28,44,0.8416884531590414
vehicle,random,28,45,0.8416884531590414
vehicle,random,28,46,0.8416884531590414
vehicle,random,28,47,0.8416884531590414
vehicle,random,28,48,0.8416884531590414
vehicle,random,28,49,0.8416884531590414
vehicle,random,28,50,0.8416884531590414
vehicle,random,28,51,0.8416884531590414
vehicle,random,28,52,0.8416884531590414
vehicle,random,28,53,0.8416884531590414
vehicle,random,28,54,0.8416884531590414
vehicle,random,28,55,0.8416884531590414
vehicle,random,28,56,0.8416884531590414
vehicle,random,28,57,0.8416884531590414
vehicle,random,28,58,0.8416884531590414
vehicle,random,28,59,0.8416884531590414
vehicle,random,28,60,0.8416884531590414
vehicle,random,28,61,0.8416993464052288
vehicle,random,28,62,0.8416993464052288
vehicle,random,28,63,0.8416993464052288
vehicle,random,28,64,0.8416993464052288
vehicle,random,28,65,0.8416993464052288
vehicle,random,28,66,0.8416993464052288
vehicle,random,28,67,0.8416993464052288
vehicle,random,28,68,0.8416993464052288
vehicle,random,28,69,0.846165577342048
vehicle,random,28,70,0.846165577342048
vehicle,random,28,71,0.846165577342048
vehicle,random,28,72,0.846165577342048
vehicle,random,28,73,0.846165577342048
vehicle,random,28,74,0.846165577342048
vehicle,random,28,75,0.846165577342048
vehicle,random,28,76,0.846165577342048
vehicle,random,28,77,0.846165577342048
vehicle,random,28,78,0.846165577342048
vehicle,random,28,79,0.846165577342048
vehicle,random,28,80,0.846165577342048
vehicle,random,28,81,0.846165577342048
vehicle,random,28,82,0.846165577342048
vehicle,random,28,83,0.846165577342048
vehicle,random,28,84,0.846165577342048
vehicle,random,28,85,0.846165577342048
vehicle,random,28,86,0.846165577342048
vehicle,random,28,87,0.846165577342048
vehicle,random,28,88,0.846165577342048
vehicle,random,28,89,0.846165577342048
vehicle,random,28,90,0.846165577342048
vehicle,random,28,91,0.846165577342048
vehicle,random,28,92,0.846165577342048
vehicle,random,28,93,0.846165577342048
vehicle,random,28,94,0.846165577342048
vehicle,random,28,95,0.8491285403050108
vehicle,random,28,96,0.8491285403050108
vehicle,random,28,97,0.8491285403050108
vehicle,random,28,98,0.8491285403050108
vehicle,random,28,99,0.8491285403050108
vehicle,random,28,100,0.8491285403050108
vehicle,bo_tpe,28,1,0.8343028322440087
vehicle,bo_tpe,28,2,0.8343028322440087
vehicle,bo_tpe,28,3,0.8402178649237474
vehicle,bo_tpe,28,4,0.8402178649237474
vehicle,bo_tpe,28,5,0.8402178649237474
vehicle,bo_tpe,28,6,0.8402178649237474
vehicle,bo_tpe,28,7,0.8402178649237474
vehicle,bo_tpe,28,8,0.8402178649237474
vehicle,bo_tpe,28,9,0.8402178649237474
vehicle,bo_tpe,28,10,0.8402178649237474
vehicle,bo_tpe,28,11,0.8402178649237474
vehicle,bo_tpe,28,12,0.8431699346405228
vehicle,bo_tpe,28,13,0.8431699346405228
vehicle,bo_tpe,28,14,0.8431699346405228
vehicle,bo_tpe,28,15,0.8431699346405228
vehicle,bo_tpe,28,16,0.8431699346405228
vehicle,bo_tpe,28,17,0.8431699346405228
vehicle,bo_tpe,28,18,0.8431699346405228
vehicle,bo_tpe,28,19,0.8431699346405228
vehicle,bo_tpe,28,20,0.8431699346405228
vehicle,bo_tpe,28,21,0.8431699346405228
vehicle,bo_tpe,28,22,0.8431699346405228
vehicle,bo_tpe,28,23,0.8431699346405228
vehicle,bo_tpe,28,24,0.8431699346405228
vehicle,bo_tpe,28,25,0.8431699346405228
vehicle,bo_tpe,28,26,0.8431699346405228
vehicle,bo_tpe,28,27,0.8431699346405228
vehicle,bo_tpe,28,28,0.8431699346405228
vehicle,bo_tpe,28,29,0.8431699346405228
vehicle,bo_tpe,28,30,0.8431699346405228
vehicle,bo_tpe,28,31,0.8431699346405228
vehicle,bo_tpe,28,32,0.8431699346405228
vehicle,bo_tpe,28,33,0.8431699346405228
vehicle,bo_tpe,28,34,0.8431699346405228
vehicle,bo_tpe,28,35,0.8431699346405228
vehicle,bo_tpe,28,36,0.8431699346405228
vehicle,bo_tpe,28,37,0.8431699346405228
vehicle,bo_tpe,28,38,0.8431699346405228
vehicle,bo_tpe,28,39,0.8431699346405228
vehicle,bo_tpe,28,40,0.8431699346405228
vehicle,bo_tpe,28,41,0.8431699346405228
vehicle,bo_tpe,28,42,0.8431699346405228
vehicle,bo_tpe,28,43,0.8431699346405228
vehicle,bo_tpe,28,44,0.8431699346405228
vehicle,bo_tpe,28,45,0.8431699346405228
vehicle,bo_tpe,28,46,0.8431699346405228
vehicle,bo_tpe,28,47,0.8431699346405228
vehicle,bo_tpe,28,48,0.8431699346405228
vehicle,bo_tpe,28,49,0.8432135076252724
vehicle,bo_tpe,28,50,0.8432135076252724
vehicle,bo_tpe,28,51,0.8432135076252724
vehicle,bo_tpe,28,52,0.8432135076252724
vehicle,bo_tpe,28,53,0.8432135076252724
vehicle,bo_tpe,28,54,0.8432135076252724
vehicle,bo_tpe,28,55,0.8432135076252724
vehicle,bo_tpe,28,56,0.8432135076252724
vehicle,bo_tpe,28,57,0.8432135076252724
vehicle,bo_tpe,28,58,0.8432135076252724
vehicle,bo_tpe,28,59,0.8432135076252724
vehicle,bo_tpe,28,60,0.8432244008714596
vehicle,bo_tpe,28,61,0.8432244008714596
vehicle,bo_tpe,28,62,0.8432244008714596
vehicle,bo_tpe,28,63,0.8432244008714596
vehicle,bo_tpe,28,64,0.8432244008714596
vehicle,bo_tpe,28,65,0.8432244008714596
vehicle,bo_tpe,28,66,0.8432244008714596
vehicle,bo_tpe,28,67,0.8432244008714596
vehicle,bo_tpe,28,68,0.8432244008714596
vehicle,bo_tpe,28,69,0.8432244008714596
vehicle,bo_tpe,28,70,0.8432244008714596
vehicle,bo_tpe,28,71,0.8432244008714596
vehicle,bo_tpe,28,72,0.8432244008714596
vehicle,bo_tpe,28,73,0.8432244008714596
vehicle,bo_tpe,28,74,0.8432244008714596
vehicle,bo_tpe,28,75,0.8432244008714596
vehicle,bo_tpe,28,76,0.8432244008714596
vehicle,bo_tpe,28,77,0.8432244008714596
vehicle,bo_tpe,28,78,0.8432244008714596
vehicle,bo_tpe,28,79,0.8432244008714596
vehicle,bo_tpe,28,80,0.8432244008714596
vehicle,bo_tpe,28,81,0.8432244008714596
vehicle,bo_tpe,28,82,0.8432244008714596
vehicle,bo_tpe,28,83,0.8432244008714596
vehicle,bo_tpe,28,84,0.8432244008714596
vehicle,bo_tpe,28,85,0.8432244008714596
vehicle,bo_tpe,28,86,0.8432244008714596
vehicle,bo_tpe,28,87,0.8432244008714596
vehicle,bo_tpe,28,88,0.8432244008714596
vehicle,bo_tpe,28,89,0.8432244008714596
vehicle,bo_tpe,28,90,0.8432244008714596
vehicle,bo_tpe,28,91,0.8432244008714596
vehicle,bo_tpe,28,92,0.8432244008714596
vehicle,bo_tpe,28,93,0.8432244008714596
vehicle,bo_tpe,28,94,0.8432244008714596
vehicle,bo_tpe,28,95,0.8432244008714596
vehicle,bo_tpe,28,96,0.8432244008714596
vehicle,bo_tpe,28,97,0.8432244008714596
vehicle,bo_tpe,28,98,0.8432244008714596
vehicle,bo_tpe,28,99,0.8432244008714596
vehicle,bo_tpe,28,100,0.8432244008714596
vehicle,pso,28,1,0.3920479302832244
vehicle,pso,28,2,0.7100217864923748
vehicle,pso,28,3,0.7647930283224401
vehicle,pso,28,4,0.7647930283224401
vehicle,pso,28,5,0.7647930283224401
vehicle,pso,28,6,0.7647930283224401
vehicle,pso,28,7,0.7647930283224401
vehicle,pso,28,8,0.8313616557734205
vehicle,pso,28,9,0.8313616557734205
vehicle,pso,28,10,0.8313616557734205
vehicle,pso,28,11,0.8313616557734205
vehicle,pso,28,12,0.8313616557734205
vehicle,pso,28,13,0.8313616557734205
vehicle,pso,28,14,0.8313616557734205
vehicle,pso,28,15,0.8313616557734205
vehicle,pso,28,16,0.8313616557734205
vehicle,pso,28,17,0.8343246187363833
vehicle,pso,28,18,0.8343246187363833
vehicle,pso,28,19,0.8343246187363833
vehicle,pso,28,20,0.8343246187363833
vehicle,pso,28,21,0.8343246187363833
vehicle,pso,28,22,0.8343246187363833
vehicle,pso,28,23,0.8343246187363833
vehicle,pso,28,24,0.8343246187363833
vehicle,pso,28,25,0.8343246187363833
vehicle,pso,28,26,0.8343246187363833
vehicle,pso,28,27,0.8343246187363833
vehicle,pso,28,28,0.8402723311546841
vehicle,pso,28,29,0.8402723311546841
vehicle,pso,28,30,0.8402723311546841
vehicle,pso,28,31,0.8475925925925927
vehicle,pso,28,32,0.8475925925925927
vehicle,pso,28,33,0.8475925925925927
vehicle,pso,28,34,0.8475925925925927
vehicle,pso,28,35,0.8475925925925927
vehicle,pso,28,36,0.8475925925925927
vehicle,pso,28,37,0.8475925925925927
vehicle,pso,28,38,0.8475925925925927
vehicle,pso,28,39,0.8475925925925927
vehicle,pso,28,40,0.8475925925925927
vehicle,pso,28,41,0.8475925925925927
vehicle,pso,28,42,0.8490849673202614
vehicle,pso,28,43,0.8490849673202614
vehicle,pso,28,44,0.8490849673202614
vehicle,pso,28,45,0.8490849673202614
vehicle,pso,28,46,0.8490849673202614
vehicle,pso,28,47,0.8490849673202614
vehicle,pso,28,48,0.8490849673202614
vehicle,pso,28,49,0.8490849673202614
vehicle,pso,28,50,0.8490849673202614
vehicle,pso,28,51,0.8490849673202614
vehicle,pso,28,52,0.8490849673202614
vehicle,pso,28,53,0.8490849673202614
vehicle,pso,28,54,0.8490849673202614
vehicle,pso,28,55,0.8490849673202614
vehicle,pso,28,56,0.8490849673202614
vehicle,pso,28,57,0.8490849673202614
vehicle,pso,28,58,0.8490849673202614
vehicle,pso,28,59,0.8490849673202614
vehicle,pso,28,60,0.8490849673202614
vehicle,pso,28,61,0.8490849673202614
vehicle,pso,28,62,0.8490849673202614
vehicle,pso,28,63,0.8490849673202614
vehicle,pso,28,64,0.8490849673202614
vehicle,pso,28,65,0.8550000000000001
vehicle,pso,28,66,0.8550000000000001
vehicle,pso,28,67,0.8550000000000001
vehicle,pso,28,68,0.8550000000000001
vehicle,pso,28,69,0.8550000000000001
vehicle,pso,28,70,0.8550000000000001
vehicle,pso,28,71,0.8550000000000001
vehicle,pso,28,72,0.8550000000000001
vehicle,pso,28,73,0.8550000000000001
vehicle,pso,28,74,0.8550000000000001
vehicle,pso,28,75,0.8550000000000001
vehicle,pso,28,76,0.8550000000000001
vehicle,pso,28,77,0.8550000000000001
vehicle,pso,28,78,0.8550000000000001
vehicle,pso,28,79,0.8550000000000001
vehicle,pso,28,80,0.8550000000000001
vehicle,pso,28,81,0.8550000000000001
vehicle,pso,28,82,0.8550000000000001
vehicle,pso,28,83,0.8550000000000001
vehicle,pso,28,84,0.8550000000000001
vehicle,pso,28,85,0.8550000000000001
vehicle,pso,28,86,0.8550000000000001
vehicle,pso,28,87,0.8550000000000001
vehicle,pso,28,88,0.8550000000000001
vehicle,pso,28,89,0.8550000000000001
vehicle,pso,28,90,0.8550000000000001
vehicle,pso,28,91,0.8550000000000001
vehicle,pso,28,92,0.8550000000000001
vehicle,pso,28,93,0.8550000000000001
vehicle,pso,28,94,0.8550000000000001
vehicle,pso,28,95,0.8550000000000001
vehicle,pso,28,96,0.8550000000000001
vehicle,pso,28,97,0.8550000000000001
vehicle,pso,28,98,0.8550000000000001
vehicle,pso,28,99,0.8550000000000001
vehicle,pso,28,100,0.8550000000000001
vehicle,de,28,1,0.5488126361655773
vehicle,de,28,2,0.7736601307189542
vehicle,de,28,3,0.7736601307189542
vehicle,de,28,4,0.7736601307189542
vehicle,de,28,5,0.7736601307189542
vehicle,de,28,6,0.7736601307189542
vehicle,de,28,7,0.7943681917211329
vehicle,de,28,8,0.8402505446623094
vehicle,de,28,9,0.8402505446623094
vehicle,de,28,10,0.8402505446623094
vehicle,de,28,11,0.8402505446623094
vehicle,de,28,12,0.8402505446623094
vehicle,de,28,13,0.8402505446623094
vehicle,de,28,14,0.8402505446623094
vehicle,de,28,15,0.8402505446623094
vehicle,de,28,16,0.8402505446623094
vehicle,de,28,17,0.8402505446623094
vehicle,de,28,18,0.8402505446623094
vehicle,de,28,19,0.8402505446623094
vehicle,de,28,20,0.8402505446623094
vehicle,de,28,21,0.8402505446623094
vehicle,de,28,22,0.8402505446623094
vehicle,de,28,23,0.8402505446623094
vehicle,de,28,24,0.8402505446623094
vehicle,de,28,25,0.8402505446623094
vehicle,de,28,26,0.8402505446623094
vehicle,de,28,27,0.8402505446623094
vehicle,de,28,28,0.8402505446623094
vehicle,de,28,29,0.8402505446623094
vehicle,de,28,30,0.8402505446623094
vehicle,de,28,31,0.8432352941176472
vehicle,de,28,32,0.8432352941176472
vehicle,de,28,33,0.8432352941176472
vehicle,de,28,34,0.8432352941176472
vehicle,de,28,35,0.8432352941176472
vehicle,de,28,36,0.8432352941176472
vehicle,de,28,37,0.8432352941176472
vehicle,de,28,38,0.8432352941176472
vehicle,de,28,39,0.8432352941176472
vehicle,de,28,40,0.8432352941176472
vehicle,de,28,41,0.8432352941176472
vehicle,de,28,42,0.8432352941176472
vehicle,de,28,43,0.8432352941176472
vehicle,de,28,44,0.8432352941176472
vehicle,de,28,45,0.8432352941176472
vehicle,de,28,46,0.8432352941176472
vehicle,de,28,47,0.8432352941176472
vehicle,de,28,48,0.8432352941176472
vehicle,de,28,49,0.8432352941176472
vehicle,de,28,50,0.8432352941176472
vehicle,de,28,51,0.8432352941176472
vehicle,de,28,52,0.8432352941176472
vehicle,de,28,53,0.8432352941176472
vehicle,de,28,54,0.8432352941176472
vehicle,de,28,55,0.8432352941176472
vehicle,de,28,56,0.8432352941176472
vehicle,de,28,57,0.8432352941176472
vehicle,de,28,58,0.8432352941176472
vehicle,de,28,59,0.8432352941176472
vehicle,de,28,60,0.8432352941176472
vehicle,de,28,61,0.8432352941176472
vehicle,de,28,62,0.8491394335511983
vehicle,de,28,63,0.8491394335511983
vehicle,de,28,64,0.8491394335511983
vehicle,de,28,65,0.8491394335511983
vehicle,de,28,66,0.8491394335511983
vehicle,de,28,67,0.8491394335511983
vehicle,de,28,68,0.8491394335511983
vehicle,de,28,69,0.8491394335511983
vehicle,de,28,70,0.8491394335511983
vehicle,de,28,71,0.8491394335511983
vehicle,de,28,72,0.8491394335511983
vehicle,de,28,73,0.8491394335511983
vehicle,de,28,74,0.8491394335511983
vehicle,de,28,75,0.8491394335511983
vehicle,de,28,76,0.8491394335511983
vehicle,de,28,77,0.8491394335511983
vehicle,de,28,78,0.8491394335511983
vehicle,de,28,79,0.8491394335511983
vehicle,de,28,80,0.8491394335511983
vehicle,de,28,81,0.8491394335511983
vehicle,de,28,82,0.8491394335511983
vehicle,de,28,83,0.8491394335511983
vehicle,de,28,84,0.8491394335511983
vehicle,de,28,85,0.8491394335511983
vehicle,de,28,86,0.8491394335511983
vehicle,de,28,87,0.8491394335511983
vehicle,de,28,88,0.8491394335511983
vehicle,de,28,89,0.8491394335511983
vehicle,de,28,90,0.8491394335511983
vehicle,de,28,91,0.8491394335511983
vehicle,de,28,92,0.8491394335511983
vehicle,de,28,93,0.8491394335511983
vehicle,de,28,94,0.8491394335511983
vehicle,de,28,95,0.8491394335511983
vehicle,de,28,96,0.8491394335511983
vehicle,de,28,97,0.8491394335511983
vehicle,de,28,98,0.8491394335511983
vehicle,de,28,99,0.8491394335511983
vehicle,de,28,100,0.8491394335511983
vehicle,ga,28,1,0.5488126361655773
vehicle,ga,28,2,0.7736601307189542
vehicle,ga,28,3,0.7736601307189542
vehicle,ga,28,4,0.7736601307189542
vehicle,ga,28,5,0.7736601307189542
vehicle,ga,28,6,0.7736601307189542
vehicle,ga,28,7,0.7943681917211329
vehicle,ga,28,8,0.8402505446623094
vehicle,ga,28,9,0.8402505446623094
vehicle,ga,28,10,0.8402505446623094
vehicle,ga,28,11,0.8402505446623094
vehicle,ga,28,12,0.8402505446623094
vehicle,ga,28,13,0.8402505446623094
vehicle,ga,28,14,0.8402505446623094
vehicle,ga,28,15,0.8402505446623094
vehicle,ga,28,16,0.8402505446623094
vehicle,ga,28,17,0.8402505446623094
vehicle,ga,28,18,0.8402505446623094
vehicle,ga,28,19,0.8402505446623094
vehicle,ga,28,20,0.8402505446623094
vehicle,ga,28,21,0.8402505446623094
vehicle,ga,28,22,0.8402505446623094
vehicle,ga,28,23,0.8402505446623094
vehicle,ga,28,24,0.8402505446623094
vehicle,ga,28,25,0.8402505446623094
vehicle,ga,28,26,0.8402505446623094
vehicle,ga,28,27,0.8402505446623094
vehicle,ga,28,28,0.8402505446623094
vehicle,ga,28,29,0.8402505446623094
vehicle,ga,28,30,0.8402505446623094
vehicle,ga,28,31,0.8402505446623094
vehicle,ga,28,32,0.8402505446623094
vehicle,ga,28,33,0.8402505446623094
vehicle,ga,28,34,0.8402505446623094
vehicle,ga,28,35,0.8402505446623094
vehicle,ga,28,36,0.8432244008714598
vehicle,ga,28,37,0.8432244008714598
vehicle,ga,28,38,0.8432244008714598
vehicle,ga,28,39,0.8432244008714598
vehicle,ga,28,40,0.8432244008714598
vehicle,ga,28,41,0.8432244008714598
vehicle,ga,28,42,0.8432244008714598
vehicle,ga,28,43,0.8432244008714598
vehicle,ga,28,44,0.8432244008714598
vehicle,ga,28,45,0.8432244008714598
vehicle,ga,28,46,0.8432244008714598
vehicle,ga,28,47,0.8432244008714598
vehicle,ga,28,48,0.8432244008714598
vehicle,ga,28,49,0.8432244008714598
vehicle,ga,28,50,0.8432244008714598
vehicle,ga,28,51,0.8432244008714598
vehicle,ga,28,52,0.8432244008714598
vehicle,ga,28,53,0.8432244008714598
vehicle,ga,28,54,0.8432244008714598
vehicle,ga,28,55,0.8432244008714598
vehicle,ga,28,56,0.8432244008714598
vehicle,ga,28,57,0.8432244008714598
vehicle,ga,28,58,0.8432244008714598
vehicle,ga,28,59,0.8432244008714598
vehicle,ga,28,60,0.8432244008714598
vehicle,ga,28,61,0.8432244008714598
vehicle,ga,28,62,0.8432244008714598
vehicle,ga,28,63,0.8432244008714598
vehicle,ga,28,64,0.8432244008714598
vehicle,ga,28,65,0.8432244008714598
vehicle,ga,28,66,0.8432244008714598
vehicle,ga,28,67,0.8432244008714598
vehicle,ga,28,68,0.8432244008714598
vehicle,ga,28,69,0.8432244008714598
vehicle,ga,28,70,0.8432244008714598
vehicle,ga,28,71,0.8432244008714598
vehicle,ga,28,72,0.8432244008714598
vehicle,ga,28,73,0.8432244008714598
vehicle,ga,28,74,0.8432244008714598
vehicle,ga,28,75,0.8461764705882352
vehicle,ga,28,76,0.8461764705882352
vehicle,ga,28,77,0.8461764705882352
vehicle,ga,28,78,0.8461764705882352
vehicle,ga,28,79,0.8461764705882352
vehicle,ga,28,80,0.8461764705882352
vehicle,ga,28,81,0.8461764705882352
vehicle,ga,28,82,0.8461764705882352
vehicle,ga,28,83,0.8461764705882352
vehicle,ga,28,84,0.8461764705882352
vehicle,ga,28,85,0.8461764705882352
vehicle,ga,28,86,0.8461764705882352
vehicle,ga,28,87,0.8461764705882352
vehicle,ga,28,88,0.8461764705882352
vehicle,ga,28,89,0.8461764705882352
vehicle,ga,28,90,0.8461764705882352
vehicle,ga,28,91,0.8461764705882352
vehicle,ga,28,92,0.8461764705882352
vehicle,ga,28,93,0.8461764705882352
vehicle,ga,28,94,0.8461764705882352
vehicle,ga,28,95,0.8461764705882352
vehicle,ga,28,96,0.8461764705882352
vehicle,ga,28,97,0.8461764705882352
vehicle,ga,28,98,0.8461764705882352
vehicle,ga,28,99,0.8461764705882352
vehicle,ga,28,100,0.8461764705882352
vehicle,grid,29,1,0.3048039215686274
vehicle,grid,29,2,0.3048039215686274
vehicle,grid,29,3,0.3077668845315904
vehicle,grid,29,4,0.3077668845315904
vehicle,grid,29,5,0.3092483660130719
vehicle,grid,29,6,0.3772222222222222
vehicle,grid,29,7,0.3935511982570806
vehicle,grid,29,8,0.3935511982570806
vehicle,grid,29,9,0.3935511982570806
vehicle,grid,29,10,0.3935511982570806
vehicle,grid,29,11,0.3935511982570806
vehicle,grid,29,12,0.3935511982570806
vehicle,grid,29,13,0.3935511982570806
vehicle,grid,29,14,0.3935511982570806
vehicle,grid,29,15,0.5015250544662309
vehicle,grid,29,16,0.6287799564270152
vehicle,grid,29,17,0.6790087145969498
vehicle,grid,29,18,0.6790087145969498
vehicle,grid,29,19,0.6790087145969498
vehicle,grid,29,20,0.6790087145969498
vehicle,grid,29,21,0.6790087145969498
vehicle,grid,29,22,0.6790087145969498
vehicle,grid,29,23,0.6790087145969498
vehicle,grid,29,24,0.6790087145969498
vehicle,grid,29,25,0.6952505446623094
vehicle,grid,29,26,0.7322657952069717
vehicle,grid,29,27,0.7559368191721133
vehicle,grid,29,28,0.7559368191721133
vehicle,grid,29,29,0.7559368191721133
vehicle,grid,29,30,0.7559368191721133
vehicle,grid,29,31,0.7559368191721133
vehicle,grid,29,32,0.7559368191721133
vehicle,grid,29,33,0.7559368191721133
vehicle,grid,29,34,0.7559368191721133
vehicle,grid,29,35,0.7588562091503268
vehicle,grid,29,36,0.7766230936819173
vehicle,grid,29,37,0.7899455337690633
vehicle,grid,29,38,0.7899455337690633
vehicle,grid,29,39,0.7899455337690633
vehicle,grid,29,40,0.7899455337690633
vehicle,grid,29,41,0.7899455337690633
vehicle,grid,29,42,0.7899455337690633
vehicle,grid,29,43,0.7899455337690633
vehicle,grid,29,44,0.7899455337690633
vehicle,grid,29,45,0.8003050108932463
vehicle,grid,29,46,0.816557734204793
vehicle,grid,29,47,0.816557734204793
vehicle,grid,29,48,0.816557734204793
vehicle,grid,29,49,0.816557734204793
vehicle,grid,29,50,0.816557734204793
vehicle,grid,29,51,0.816557734204793
vehicle,grid,29,52,0.816557734204793
vehicle,grid,29,53,0.816557734204793
vehicle,grid,29,54,0.816557734204793
vehicle,grid,29,55,0.8224945533769062
vehicle,grid,29,56,0.8313725490196078
vehicle,grid,29,57,0.8313725490196078
vehicle,grid,29,58,0.8313725490196078
vehicle,grid,29,59,0.8313725490196078
vehicle,grid,29,60,0.8313725490196078
vehicle,grid,29,61,0.8313725490196078
vehicle,grid,29,62,0.8313725490196078
vehicle,grid,29,63,0.8313725490196078
vehicle,grid,29,64,0.8313725490196078
vehicle,grid,29,65,0.8313725490196078
vehicle,grid,29,66,0.8313725490196078
vehicle,grid,29,67,0.8313725490196078
vehicle,grid,29,68,0.8313725490196078
vehicle,grid,29,69,0.8313725490196078
vehicle,grid,29,70,0.8313725490196078
vehicle,grid,29,71,0.8313725490196078
vehicle,grid,29,72,0.8313725490196078
vehicle,grid,29,73,0.8313725490196078
vehicle,grid,29,74,0.8313725490196078
vehicle,grid,29,75,0.8313725490196078
vehicle,grid,29,76,0.8313725490196078
vehicle,grid,29,77,0.8313725490196078
vehicle,grid,29,78,0.8313725490196078
vehicle,grid,29,79,0.8313725490196078
vehicle,grid,29,80,0.8313725490196078
vehicle,grid,29,81,0.8313725490196078
vehicle,grid,29,82,0.8313725490196078
vehicle,grid,29,83,0.8313725490196078
vehicle,grid,29,84,0.8313725490196078
vehicle,grid,29,85,0.8313725490196078
vehicle,grid,29,86,0.8313725490196078
vehicle,grid,29,87,0.8313725490196078
vehicle,grid,29,88,0.8313725490196078
vehicle,grid,29,89,0.8313725490196078
vehicle,grid,29,90,0.8313725490196078
vehicle,grid,29,91,0.8313725490196078
vehicle,grid,29,92,0.8313725490196078
vehicle,grid,29,93,0.8313725490196078
vehicle,grid,29,94,0.8313725490196078
vehicle,grid,29,95,0.8313725490196078
vehicle,grid,29,96,0.8313725490196078
vehicle,grid,29,97,0.8313725490196078
vehicle,grid,29,98,0.8313725490196078
vehicle,grid,29,99,0.8313725490196078
vehicle,grid,29,100,0.8313725490196078
vehicle,random,29,1,0.8180936819172112
vehicle,random,29,2,0.8180936819172112
vehicle,random,29,3,0.8209803921568627
vehicle,random,29,4,0.8209803921568627
vehicle,random,29,5,0.8209803921568627
vehicle,random,29,6,0.8209803921568627
vehicle,random,29,7,0.8209803921568627
vehicle,random,29,8,0.8209803921568627
vehicle,random,29,9,0.8209803921568627
vehicle,random,29,10,0.8209803921568627
vehicle,random,29,11,0.8209803921568627
vehicle,random,29,12,0.8209803921568627
vehicle,random,29,13,0.8209803921568627
vehicle,random,29,14,0.8209803921568627
vehicle,random,29,15,0.8209803921568627
vehicle,random,29,16,0.8209803921568627
vehicle,random,29,17,0.8209803921568627
vehicle,random,29,18,0.8209803921568627
vehicle,random,29,19,0.8209803921568627
vehicle,random,29,20,0.8209803921568627
vehicle,random,29,21,0.8209803921568627
vehicle,random,29,22,0.8209803921568627
vehicle,random,29,23,0.8209803921568627
vehicle,random,29,24,0.8209803921568627
vehicle,random,29,25,0.8209803921568627
vehicle,random,29,26,0.8209803921568627
vehicle,random,29,27,0.8209803921568627
vehicle,random,29,28,0.8209803921568627
vehicle,random,29,29,0.8209803921568627
vehicle,random,29,30,0.8209803921568627
vehicle,random,29,31,0.8209803921568627
vehicle,random,29,32,0.8210239651416122
vehicle,random,29,33,0.8210239651416122
vehicle,random,29,34,0.8210239651416122
vehicle,random,29,35,0.8210239651416122
vehicle,random,29,36,0.8210239651416122
vehicle,random,29,37,0.8210239651416122
vehicle,random,29,38,0.8210239651416122
vehicle,random,29,39,0.8210239651416122
vehicle,random,29,40,0.8210239651416122
vehicle,random,29,41,0.8210239651416122
vehicle,random,29,42,0.8210239651416122
vehicle,random,29,43,0.8210239651416122
vehicle,random,29,44,0.8210239651416122
vehicle,random,29,45,0.8210239651416122
vehicle,random,29,46,0.8210239651416122
vehicle,random,29,47,0.8210239651416122
vehicle,random,29,48,0.8210239651416122
vehicle,random,29,49,0.8210239651416122
vehicle,random,29,50,0.8210239651416122
vehicle,random,29,51,0.8210239651416122
vehicle,random,29,52,0.8210239651416122
vehicle,random,29,53,0.8210239651416122
vehicle,random,29,54,0.8224727668845315
vehicle,random,29,55,0.8224727668845315
vehicle,random,29,56,0.8224727668845315
vehicle,random,29,57,0.8224727668845315
vehicle,random,29,58,0.8224727668845315
vehicle,random,29,59,0.8224727668845315
vehicle,random,29,60,0.8224727668845315
vehicle,random,29,61,0.8224727668845315
vehicle,random,29,62,0.8224727668845315
vehicle,random,29,63,0.8224727668845315
vehicle,random,29,64,0.8224727668845315
vehicle,random,29,65,0.8224727668845315
vehicle,random,29,66,0.8224727668845315
vehicle,random,29,67,0.8224727668845315
vehicle,random,29,68,0.8224727668845315
vehicle,random,29,69,0.8224727668845315
vehicle,random,29,70,0.8224727668845315
vehicle,random,29,71,0.8224727668845315
vehicle,random,29,72,0.8224727668845315
vehicle,random,29,73,0.8224727668845315
vehicle,random,29,74,0.8224727668845315
vehicle,random,29,75,0.8224727668845315
vehicle,random,29,76,0.8224727668845315
vehicle,random,29,77,0.8224727668845315
vehicle,random,29,78,0.8224727668845315
vehicle,random,29,79,0.8224727668845315
vehicle,random,29,80,0.8224727668845315
vehicle,random,29,81,0.8224727668845315
vehicle,random,29,82,0.8224727668845315
vehicle,random,29,83,0.8224727668845315
vehicle,random,29,84,0.8224727668845315
vehicle,random,29,85,0.8224727668845315
vehicle,random,29,86,0.8224727668845315
vehicle,random,29,87,0.8224727668845315
vehicle,random,29,88,0.8224727668845315
vehicle,random,29,89,0.8224727668845315
vehicle,random,29,90,0.8224727668845315
vehicle,random,29,91,0.8224727668845315
vehicle,random,29,92,0.8224727668845315
vehicle,random,29,93,0.8224727668845315
vehicle,random,29,94,0.8224727668845315
vehicle,random,29,95,0.8224727668845315
vehicle,random,29,96,0.8224727668845315
vehicle,random,29,97,0.8224727668845315
vehicle,random,29,98,0.8224727668845315
vehicle,random,29,99,0.8224727668845315
vehicle,random,29,100,0.8224727668845315
vehicle,bo_tpe,29,1,0.8180936819172112
vehicle,bo_tpe,29,2,0.8180936819172112
vehicle,bo_tpe,29,3,0.8209803921568627
vehicle,bo_tpe,29,4,0.8209803921568627
vehicle,bo_tpe,29,5,0.8209803921568627
vehicle,bo_tpe,29,6,0.8209803921568627
vehicle,bo_tpe,29,7,0.8209803921568627
vehicle,bo_tpe,29,8,0.8209803921568627
vehicle,bo_tpe,29,9,0.8209803921568627
vehicle,bo_tpe,29,10,0.8209803921568627
vehicle,bo_tpe,29,11,0.8209803921568627
vehicle,bo_tpe,29,12,0.8209803921568627
vehicle,bo_tpe,29,13,0.8209803921568627
vehicle,bo_tpe,29,14,0.8209803921568627
vehicle,bo_tpe,29,15,0.8209803921568627
vehicle,bo_tpe,29,16,0.8209803921568627
vehicle,bo_tpe,29,17,0.8209803921568627
vehicle,bo_tpe,29,18,0.8209803921568627
vehicle,bo_tpe,29,19,0.8209803921568627
vehicle,bo_tpe,29,20,0.8209803921568627
vehicle,bo_tpe,29,21,0.8209803921568627
vehicle,bo_tpe,29,22,0.8209803921568627
vehicle,bo_tpe,29,23,0.8209803921568627
vehicle,bo_tpe,29,24,0.8209803921568627
vehicle,bo_tpe,29,25,0.8209803921568627
vehicle,bo_tpe,29,26,0.8209803921568627
vehicle,bo_tpe,29,27,0.8209803921568627
vehicle,bo_tpe,29,28,0.8209803921568627
vehicle,bo_tpe,29,29,0.8209803921568627
vehicle,bo_tpe,29,30,0.8209803921568627
vehicle,bo_tpe,29,31,0.8209803921568627
vehicle,bo_tpe,29,32,0.8209803921568627
vehicle,bo_tpe,29,33,0.8209803921568627
vehicle,bo_tpe,29,34,0.8209803921568627
vehicle,bo_tpe,29,35,0.8210021786492374
vehicle,bo_tpe,29,36,0.8210021786492374
vehicle,bo_tpe,29,37,0.8239760348583879
vehicle,bo_tpe,29,38,0.8239760348583879
vehicle,bo_tpe,29,39,0.8298910675381264
vehicle,bo_tpe,29,40,0.8298910675381264
vehicle,bo_tpe,29,41,0.8298910675381264
vehicle,bo_tpe,29,42,0.8298910675381264
vehicle,bo_tpe,29,43,0.8298910675381264
vehicle,bo_tpe,29,44,0.8298910675381264
vehicle,bo_tpe,29,45,0.8298910675381264
vehicle,bo_tpe,29,46,0.8298910675381264
vehicle,bo_tpe,29,47,0.8298910675381264
vehicle,bo_tpe,29,48,0.8298910675381264
vehicle,bo_tpe,29,49,0.8298910675381264
vehicle,bo_tpe,29,50,0.8298910675381264
vehicle,bo_tpe,29,51,0.8298910675381264
vehicle,bo_tpe,29,52,0.8298910675381264
vehicle,bo_tpe,29,53,0.8298910675381264
vehicle,bo_tpe,29,54,0.8298910675381264
vehicle,bo_tpe,29,55,0.8298910675381264
vehicle,bo_tpe,29,56,0.8298910675381264
vehicle,bo_tpe,29,57,0.8298910675381264
vehicle,bo_tpe,29,58,0.8298910675381264
vehicle,bo_tpe,29,59,0.8298910675381264
vehicle,bo_tpe,29,60,0.8298910675381264
vehicle,bo_tpe,29,61,0.8298910675381264
vehicle,bo_tpe,29,62,0.8298910675381264
vehicle,bo_tpe,29,63,0.8298910675381264
vehicle,bo_tpe,29,64,0.8298910675381264
vehicle,bo_tpe,29,65,0.8298910675381264
vehicle,bo_tpe,29,66,0.8298910675381264
vehicle,bo_tpe,29,67,0.8298910675381264
vehicle,bo_tpe,29,68,0.8298910675381264
vehicle,bo_tpe,29,69,0.8298910675381264
vehicle,bo_tpe,29,70,0.8298910675381264
vehicle,bo_tpe,29,71,0.8298910675381264
vehicle,bo_tpe,29,72,0.8298910675381264
vehicle,bo_tpe,29,73,0.8298910675381264
vehicle,bo_tpe,29,74,0.8298910675381264
vehicle,bo_tpe,29,75,0.8298910675381264
vehicle,bo_tpe,29,76,0.8298910675381264
vehicle,bo_tpe,29,77,0.8298910675381264
vehicle,bo_tpe,29,78,0.8298910675381264
vehicle,bo_tpe,29,79,0.8298910675381264
vehicle,bo_tpe,29,80,0.8298910675381264
vehicle,bo_tpe,29,81,0.8298910675381264
vehicle,bo_tpe,29,82,0.8298910675381264
vehicle,bo_tpe,29,83,0.8299019607843137
vehicle,bo_tpe,29,84,0.835806100217865
vehicle,bo_tpe,29,85,0.835806100217865
vehicle,bo_tpe,29,86,0.835806100217865
vehicle,bo_tpe,29,87,0.835806100217865
vehicle,bo_tpe,29,88,0.835806100217865
vehicle,bo_tpe,29,89,0.835806100217865
vehicle,bo_tpe,29,90,0.835806100217865
vehicle,bo_tpe,29,91,0.835806100217865
vehicle,bo_tpe,29,92,0.835806100217865
vehicle,bo_tpe,29,93,0.835806100217865
vehicle,bo_tpe,29,94,0.835806100217865
vehicle,bo_tpe,29,95,0.835806100217865
vehicle,bo_tpe,29,96,0.835806100217865
vehicle,bo_tpe,29,97,0.835806100217865
vehicle,bo_tpe,29,98,0.835806100217865
vehicle,bo_tpe,29,99,0.835806100217865
vehicle,bo_tpe,29,100,0.835806100217865
vehicle,pso,29,1,0.6509041394335512
vehicle,pso,29,2,0.7204357298474946
vehicle,pso,29,3,0.7204357298474946
vehicle,pso,29,4,0.7396405228758169
vehicle,pso,29,5,0.8195098039215687
vehicle,pso,29,6,0.8195098039215687
vehicle,pso,29,7,0.8195098039215687
vehicle,pso,29,8,0.8195098039215687
vehicle,pso,29,9,0.8195098039215687
vehicle,pso,29,10,0.8195098039215687
vehicle,pso,29,11,0.8195098039215687
vehicle,pso,29,12,0.8195098039215687
vehicle,pso,29,13,0.8195098039215687
vehicle,pso,29,14,0.8195098039215687
vehicle,pso,29,15,0.8195098039215687
vehicle,pso,29,16,0.8195098039215687
vehicle,pso,29,17,0.8195098039215687
vehicle,pso,29,18,0.8195098039215687
vehicle,pso,29,19,0.8210239651416122
vehicle,pso,29,20,0.8224945533769065
vehicle,pso,29,21,0.8224945533769065
vehicle,pso,29,22,0.8224945533769065
vehicle,pso,29,23,0.8224945533769065
vehicle,pso,29,24,0.8283986928104575
vehicle,pso,29,25,0.8283986928104575
vehicle,pso,29,26,0.8283986928104575
vehicle,pso,29,27,0.8283986928104575
vehicle,pso,29,28,0.8283986928104575
vehicle,pso,29,29,0.8283986928104575
vehicle,pso,29,30,0.8283986928104575
vehicle,pso,29,31,0.8283986928104575
vehicle,pso,29,32,0.8283986928104575
vehicle,pso,29,33,0.8283986928104575
vehicle,pso,29,34,0.8283986928104575
vehicle,pso,29,35,0.8283986928104575
vehicle,pso,29,36,0.8283986928104575
vehicle,pso,29,37,0.8283986928104575
vehicle,pso,29,38,0.8283986928104575
vehicle,pso,29,39,0.8283986928104575
vehicle,pso,29,40,0.8283986928104575
vehicle,pso,29,41,0.8283986928104575
vehicle,pso,29,42,0.8283986928104575
vehicle,pso,29,43,0.8283986928104575
vehicle,pso,29,44,0.8283986928104575
vehicle,pso,29,45,0.8283986928104575
vehicle,pso,29,46,0.8283986928104575
vehicle,pso,29,47,0.8283986928104575
vehicle,pso,29,48,0.8283986928104575
vehicle,pso,29,49,0.8283986928104575
vehicle,pso,29,50,0.8314052287581699
vehicle,pso,29,51,0.8314052287581699
vehicle,pso,29,52,0.8314052287581699
vehicle,pso,29,53,0.8314052287581699
vehicle,pso,29,54,0.8314052287581699
vehicle,pso,29,55,0.8314052287581699
vehicle,pso,29,56,0.8314052287581699
vehicle,pso,29,57,0.8314052287581699
vehicle,pso,29,58,0.8314052287581699
vehicle,pso,29,59,0.8314052287581699
vehicle,pso,29,60,0.8314052287581699
vehicle,pso,29,61,0.8314052287581699
vehicle,pso,29,62,0.8314052287581699
vehicle,pso,29,63,0.8314052287581699
vehicle,pso,29,64,0.8314052287581699
vehicle,pso,29,65,0.8314052287581699
vehicle,pso,29,66,0.8314052287581699
vehicle,pso,29,67,0.8314052287581699
vehicle,pso,29,68,0.8314052287581699
vehicle,pso,29,69,0.8314052287581699
vehicle,pso,29,70,0.8314052287581699
vehicle,pso,29,71,0.8314052287581699
vehicle,pso,29,72,0.8314052287581699
vehicle,pso,29,73,0.8314052287581699
vehicle,pso,29,74,0.8314052287581699
vehicle,pso,29,75,0.8314052287581699
vehicle,pso,29,76,0.8314052287581699
vehicle,pso,29,77,0.8314052287581699
vehicle,pso,29,78,0.8314052287581699
vehicle,pso,29,79,0.8314052287581699
vehicle,pso,29,80,0.8314052287581699
vehicle,pso,29,81,0.8314052287581699
vehicle,pso,29,82,0.8314052287581699
vehicle,pso,29,83,0.8314052287581699
vehicle,pso,29,84,0.8314052287581699
vehicle,pso,29,85,0.8314052287581699
vehicle,pso,29,86,0.8314052287581699
vehicle,pso,29,87,0.8314052287581699
vehicle,pso,29,88,0.8314052287581699
vehicle,pso,29,89,0.8314052287581699
vehicle,pso,29,90,0.8314052287581699
vehicle,pso,29,91,0.8314052287581699
vehicle,pso,29,92,0.8314052287581699
vehicle,pso,29,93,0.8314052287581699
vehicle,pso,29,94,0.8314052287581699
vehicle,pso,29,95,0.8314052287581699
vehicle,pso,29,96,0.8314052287581699
vehicle,pso,29,97,0.8314052287581699
vehicle,pso,29,98,0.8314052287581699
vehicle,pso,29,99,0.8314052287581699
vehicle,pso,29,100,0.8314052287581699
vehicle,de,29,1,0.4926143790849673
vehicle,de,29,2,0.7574291938997821
vehicle,de,29,3,0.7574291938997821
vehicle,de,29,4,0.7574291938997821
vehicle,de,29,5,0.7574291938997821
vehicle,de,29,6,0.810686274509804
vehicle,de,29,7,0.810686274509804
vehicle,de,29,8,0.810686274509804
vehicle,de,29,9,0.8136274509803922
vehicle,de,29,10,0.8136274509803922
vehicle,de,29,11,0.8210457516339869
vehicle,de,29,12,0.8210457516339869
vehicle,de,29,13,0.8210457516339869
vehicle,de,29,14,0.8210457516339869
vehicle,de,29,15,0.8210457516339869
vehicle,de,29,16,0.8210457516339869
vehicle,de,29,17,0.8210457516339869
vehicle,de,29,18,0.8210457516339869
vehicle,de,29,19,0.8210457516339869
vehicle,de,29,20,0.8210457516339869
vehicle,de,29,21,0.8210457516339869
vehicle,de,29,22,0.8210457516339869
vehicle,de,29,23,0.8210457516339869
vehicle,de,29,24,0.8225054466230937
vehicle,de,29,25,0.8225054466230937
vehicle,de,29,26,0.8225054466230937
vehicle,de,29,27,0.8225054466230937
vehicle,de,29,28,0.8225054466230937
vehicle,de,29,29,0.8225054466230937
vehicle,de,29,30,0.8225054466230937
vehicle,de,29,31,0.8225054466230937
vehicle,de,29,32,0.8225054466230937
vehicle,de,29,33,0.8269281045751635
vehicle,de,29,34,0.8269281045751635
vehicle,de,29,35,0.8269281045751635
vehicle,de,29,36,0.8269281045751635
vehicle,de,29,37,0.8269281045751635
vehicle,de,29,38,0.8269281045751635
vehicle,de,29,39,0.8269281045751635
vehicle,de,29,40,0.8269281045751635
vehicle,de,29,41,0.8269281045751635
vehicle,de,29,42,0.8269281045751635
vehicle,de,29,43,0.8269281045751635
vehicle,de,29,44,0.8269281045751635
vehicle,de,29,45,0.8269281045751635
vehicle,de,29,46,0.8269281045751635
vehicle,de,29,47,0.8269281045751635
vehicle,de,29,48,0.8269281045751635
vehicle,de,29,49,0.8269281045751635
vehicle,de,29,50,0.8269281045751635
vehicle,de,29,51,0.8269281045751635
vehicle,de,29,52,0.8269281045751635
vehicle,de,29,53,0.8269281045751635
vehicle,de,29,54,0.8269281045751635
vehicle,de,29,55,0.8269281045751635
vehicle,de,29,56,0.8269281045751635
vehicle,de,29,57,0.8269281045751635
vehicle,de,29,58,0.8269281045751635
vehicle,de,29,59,0.8269281045751635
vehicle,de,29,60,0.8269281045751635
vehicle,de,29,61,0.8269281045751635
vehicle,de,29,62,0.8269281045751635
vehicle,de,29,63,0.8269281045751635
vehicle,de,29,64,0.8269281045751635
vehicle,de,29,65,0.8269281045751635
vehicle,de,29,66,0.8269281045751635
vehicle,de,29,67,0.8269281045751635
vehicle,de,29,68,0.8269281045751635
vehicle,de,29,69,0.8269281045751635
vehicle,de,29,70,0.8269281045751635
vehicle,de,29,71,0.8269281045751635
vehicle,de,29,72,0.8269281045751635
vehicle,de,29,73,0.8269281045751635
vehicle,de,29,74,0.8269281045751635
vehicle,de,29,75,0.8269281045751635
vehicle,de,29,76,0.8269281045751635
vehicle,de,29,77,0.8269281045751635
vehicle,de,29,78,0.8269281045751635
vehicle,de,29,79,0.8269281045751635
vehicle,de,29,80,0.8269281045751635
vehicle,de,29,81,0.8269281045751635
vehicle,de,29,82,0.8269281045751635
vehicle,de,29,83,0.8269281045751635
vehicle,de,29,84,0.8269281045751635
vehicle,de,29,85,0.8269281045751635
vehicle,de,29,86,0.8269281045751635
vehicle,de,29,87,0.8269281045751635
vehicle,de,29,88,0.8269281045751635
vehicle,de,29,89,0.8269281045751635
vehicle,de,29,90,0.8269498910675382
vehicle,de,29,91,0.8269498910675382
vehicle,de,29,92,0.8269498910675382
vehicle,de,29,93,0.8269498910675382
vehicle,de,29,94,0.8269498910675382
vehicle,de,29,95,0.8269498910675382
vehicle,de,29,96,0.8269498910675382
vehicle,de,29,97,0.8269498910675382
vehicle,de,29,98,0.8269498910675382
vehicle,de,29,99,0.8269498910675382
vehicle,de,29,100,0.8269498910675382
vehicle,ga,29,1,0.4926143790849673
vehicle,ga,29,2,0.7574291938997821
vehicle,ga,29,3,0.7574291938997821
vehicle,ga,29,4,0.7574291938997821
vehicle,ga,29,5,0.7574291938997821
vehicle,ga,29,6,0.810686274509804
vehicle,ga,29,7,0.810686274509804
vehicle,ga,29,8,0.810686274509804
vehicle,ga,29,9,0.8136274509803922
vehicle,ga,29,10,0.8136274509803922
vehicle,ga,29,11,0.8210457516339869
vehicle,ga,29,12,0.8210457516339869
vehicle,ga,29,13,0.8210457516339869
vehicle,ga,29,14,0.8210457516339869
vehicle,ga,29,15,0.8210457516339869
vehicle,ga,29,16,0.8210457516339869
vehicle,ga,29,17,0.8210457516339869
vehicle,ga,29,18,0.8210457516339869
vehicle,ga,29,19,0.8210457516339869
vehicle,ga,29,20,0.8210457516339869
vehicle,ga,29,21,0.8210457516339869
vehicle,ga,29,22,0.8210457516339869
vehicle,ga,29,23,0.8210457516339869
vehicle,ga,29,24,0.8210457516339869
vehicle,ga,29,25,0.8210457516339869
vehicle,ga,29,26,0.8210457516339869
vehicle,ga,29,27,0.8210457516339869
vehicle,ga,29,28,0.8210457516339869
vehicle,ga,29,29,0.8210457516339869
vehicle,ga,29,30,0.8210457516339869
vehicle,ga,29,31,0.8210457516339869
vehicle,ga,29,32,0.8210457516339869
vehicle,ga,29,33,0.8210457516339869
vehicle,ga,29,34,0.8210457516339869
vehicle,ga,29,35,0.8210457516339869
vehicle,ga,29,36,0.8210457516339869
vehicle,ga,29,37,0.8210457516339869
vehicle,ga,29,38,0.8210457516339869
vehicle,ga,29,39,0.8210457516339869
vehicle,ga,29,40,0.8210457516339869
vehicle,ga,29,41,0.8210457516339869
vehicle,ga,29,42,0.8298910675381265
vehicle,ga,29,43,0.8298910675381265
vehicle,ga,29,44,0.8298910675381265
vehicle,ga,29,45,0.8298910675381265
vehicle,ga,29,46,0.8298910675381265
vehicle,ga,29,47,0.8298910675381265
vehicle,ga,29,48,0.8298910675381265
vehicle,ga,29,49,0.8298910675381265
vehicle,ga,29,50,0.8298910675381265
vehicle,ga,29,51,0.8298910675381265
vehicle,ga,29,52,0.8298910675381265
vehicle,ga,29,53,0.8298910675381265
vehicle,ga,29,54,0.8298910675381265
vehicle,ga,29,55,0.8298910675381265
vehicle,ga,29,56,0.8298910675381265
vehicle,ga,29,57,0.8298910675381265
vehicle,ga,29,58,0.8298910675381265
vehicle,ga,29,59,0.8298910675381265
vehicle,ga,29,60,0.8298910675381265
vehicle,ga,29,61,0.8298910675381265
vehicle,ga,29,62,0.8298910675381265
vehicle,ga,29,63,0.8298910675381265
vehicle,ga,29,64,0.8298910675381265
vehicle,ga,29,65,0.8298910675381265
vehicle,ga,29,66,0.8298910675381265
vehicle,ga,29,67,0.8298910675381265
vehicle,ga,29,68,0.8298910675381265
vehicle,ga,29,69,0.8298910675381265
vehicle,ga,29,70,0.8298910675381265
vehicle,ga,29,71,0.8298910675381265
vehicle,ga,29,72,0.8298910675381265
vehicle,ga,29,73,0.8298910675381265
vehicle,ga,29,74,0.8328431372549019
vehicle,ga,29,75,0.8328431372549019
vehicle,ga,29,76,0.8328431372549019
vehicle,ga,29,77,0.8328431372549019
vehicle,ga,29,78,0.8328431372549019
vehicle,ga,29,79,0.8328431372549019
vehicle,ga,29,80,0.8328431372549019
vehicle,ga,29,81,0.8328431372549019
vehicle,ga,29,82,0.8328431372549019
vehicle,ga,29,83,0.8328431372549019
vehicle,ga,29,84,0.8328431372549019
vehicle,ga,29,85,0.8328431372549019
vehicle,ga,29,86,0.8328431372549019
vehicle,ga,29,87,0.8328431372549019
vehicle,ga,29,88,0.8328431372549019
vehicle,ga,29,89,0.8328431372549019
vehicle,ga,29,90,0.8328431372549019
vehicle,ga,29,91,0.8328431372549019
vehicle,ga,29,92,0.8328431372549019
vehicle,ga,29,93,0.8328431372549019
vehicle,ga,29,94,0.8328431372549019
vehicle,ga,29,95,0.8328431372549019
vehicle,ga,29,96,0.8328431372549019
vehicle,ga,29,97,0.8328431372549019
vehicle,ga,29,98,0.8328431372549019
vehicle,ga,29,99,0.8328431372549019
vehicle,ga,29,100,0.8328431372549019
vehicle,sa,0,1,0.7559694989106754
vehicle,sa,0,2,0.7559694989106754
vehicle,sa,0,3,0.7559694989106754
vehicle,sa,0,4,0.7559694989106754
vehicle,sa,0,5,0.7559694989106754
vehicle,sa,0,6,0.7559694989106754
vehicle,sa,0,7,0.7559694989106754
vehicle,sa,0,8,0.8121677559912854
vehicle,sa,0,9,0.8121677559912854
vehicle,sa,0,10,0.8121677559912854
vehicle,sa,0,11,0.8121677559912854
vehicle,sa,0,12,0.8121677559912854
vehicle,sa,0,13,0.8121677559912854
vehicle,sa,0,14,0.8121677559912854
vehicle,sa,0,15,0.8121677559912854
vehicle,sa,0,16,0.8121677559912854
vehicle,sa,0,17,0.8121677559912854
vehicle,sa,0,18,0.8121677559912854
vehicle,sa,0,19,0.8121677559912854
vehicle,sa,0,20,0.8121677559912854
vehicle,sa,0,21,0.8121677559912854
vehicle,sa,0,22,0.8121677559912854
vehicle,sa,0,23,0.8121677559912854
vehicle,sa,0,24,0.8121677559912854
vehicle,sa,0,25,0.8121677559912854
vehicle,sa,0,26,0.8121677559912854
vehicle,sa,0,27,0.8121677559912854
vehicle,sa,0,28,0.8121677559912854
vehicle,sa,0,29,0.8121677559912854
vehicle,sa,0,30,0.8181045751633989
vehicle,sa,0,31,0.8181045751633989
vehicle,sa,0,32,0.8181045751633989
vehicle,sa,0,33,0.8181045751633989
vehicle,sa,0,34,0.8417755991285404
vehicle,sa,0,35,0.8417755991285404
vehicle,sa,0,36,0.8417755991285404
vehicle,sa,0,37,0.8417755991285404
vehicle,sa,0,38,0.8417755991285404
vehicle,sa,0,39,0.8417755991285404
vehicle,sa,0,40,0.8417755991285404
vehicle,sa,0,41,0.8476688453159043
vehicle,sa,0,42,0.8476688453159043
vehicle,sa,0,43,0.8520588235294116
vehicle,sa,0,44,0.8520588235294116
vehicle,sa,0,45,0.8520588235294116
vehicle,sa,0,46,0.8580283224400871
vehicle,sa,0,47,0.8580283224400871
vehicle,sa,0,48,0.8580283224400871
vehicle,sa,0,49,0.8580283224400871
vehicle,sa,0,50,0.8580283224400871
vehicle,sa,0,51,0.8580283224400871
vehicle,sa,0,52,0.8610021786492374
vehicle,sa,0,53,0.8610021786492374
vehicle,sa,0,54,0.8610021786492374
vehicle,sa,0,55,0.8610021786492374
vehicle,sa,0,56,0.8610021786492374
vehicle,sa,0,57,0.8610021786492374
vehicle,sa,0,58,0.8610021786492374
vehicle,sa,0,59,0.8610021786492374
vehicle,sa,0,60,0.8610021786492374
vehicle,sa,0,61,0.8610021786492374
vehicle,sa,0,62,0.8610021786492374
vehicle,sa,0,63,0.8610021786492374
vehicle,sa,0,64,0.8610021786492374
vehicle,sa,0,65,0.8610021786492374
vehicle,sa,0,66,0.8610021786492374
vehicle,sa,0,67,0.8610021786492374
vehicle,sa,0,68,0.8610021786492374
vehicle,sa,0,69,0.8610021786492374
vehicle,sa,0,70,0.8610021786492374
vehicle,sa,0,71,0.8610021786492374
vehicle,sa,0,72,0.8610021786492374
vehicle,sa,0,73,0.8610021786492374
vehicle,sa,0,74,0.8610021786492374
vehicle,sa,0,75,0.8610021786492374
vehicle,sa,0,76,0.8610021786492374
vehicle,sa,0,77,0.8610021786492374
vehicle,sa,0,78,0.8610021786492374
vehicle,sa,0,79,0.8610021786492374
vehicle,sa,0,80,0.8610021786492374
vehicle,sa,0,81,0.8610021786492374
vehicle,sa,0,82,0.8610021786492374
vehicle,sa,0,83,0.8610021786492374
vehicle,sa,0,84,0.8610021786492374
vehicle,sa,0,85,0.8610021786492374
vehicle,sa,0,86,0.8610021786492374
vehicle,sa,0,87,0.8610021786492374
vehicle,sa,0,88,0.8610021786492374
vehicle,sa,0,89,0.8610021786492374
vehicle,sa,0,90,0.8610021786492374
vehicle,sa,0,91,0.8610021786492374
vehicle,sa,0,92,0.8610021786492374
vehicle,sa,0,93,0.8610021786492374
vehicle,sa,0,94,0.8610021786492374
vehicle,sa,0,95,0.8610021786492374
vehicle,sa,0,96,0.8610021786492374
vehicle,sa,0,97,0.8610021786492374
vehicle,sa,0,98,0.8610021786492374
vehicle,sa,0,99,0.8610021786492374
vehicle,sa,0,100,0.8610021786492374
vehicle,sa,1,1,0.7411437908496732
vehicle,sa,1,2,0.7958605664488018
vehicle,sa,1,3,0.7958605664488018
vehicle,sa,1,4,0.7958605664488018
vehicle,sa,1,5,0.7958605664488018
vehicle,sa,1,6,0.7958605664488018
vehicle,sa,1,7,0.7958605664488018
vehicle,sa,1,8,0.7958605664488018
vehicle,sa,1,9,0.8106753812636166
vehicle,sa,1,10,0.8106753812636166
vehicle,sa,1,11,0.8106753812636166
vehicle,sa,1,12,0.8106753812636166
vehicle,sa,1,13,0.8106753812636166
vehicle,sa,1,14,0.8106753812636166
vehicle,sa,1,15,0.8106753812636166
vehicle,sa,1,16,0.8106753812636166
vehicle,sa,1,17,0.8106753812636166
vehicle,sa,1,18,0.8106753812636166
vehicle,sa,1,19,0.8106753812636166
vehicle,sa,1,20,0.8106753812636166
vehicle,sa,1,21,0.8106753812636166
vehicle,sa,1,22,0.8106753812636166
vehicle,sa,1,23,0.8106753812636166
vehicle,sa,1,24,0.8283986928104575
vehicle,sa,1,25,0.8284204793028322
vehicle,sa,1,26,0.8328758169934639
vehicle,sa,1,27,0.8328758169934639
vehicle,sa,1,28,0.8417429193899781
vehicle,sa,1,29,0.8417429193899781
vehicle,sa,1,30,0.8417429193899781
vehicle,sa,1,31,0.8417429193899781
vehicle,sa,1,32,0.8417429193899781
vehicle,sa,1,33,0.8417429193899781
vehicle,sa,1,34,0.8417429193899781
vehicle,sa,1,35,0.8417429193899781
vehicle,sa,1,36,0.8535729847494554
vehicle,sa,1,37,0.8535729847494554
vehicle,sa,1,38,0.8535729847494554
vehicle,sa,1,39,0.8535729847494554
vehicle,sa,1,40,0.8535729847494554
vehicle,sa,1,41,0.8535729847494554
vehicle,sa,1,42,0.8535729847494554
vehicle,sa,1,43,0.8535729847494554
vehicle,sa,1,44,0.8535729847494554
vehicle,sa,1,45,0.8535729847494554
vehicle,sa,1,46,0.8535729847494554
vehicle,sa,1,47,0.8535729847494554
vehicle,sa,1,48,0.8535729847494554
vehicle,sa,1,49,0.8535729847494554
vehicle,sa,1,50,0.8535729847494554
vehicle,sa,1,51,0.8535729847494554
vehicle,sa,1,52,0.8535729847494554
vehicle,sa,1,53,0.8535729847494554
vehicle,sa,1,54,0.8535729847494554
vehicle,sa,1,55,0.8535729847494554
vehicle,sa,1,56,0.8535729847494554
vehicle,sa,1,57,0.8535729847494554
vehicle,sa,1,58,0.8535729847494554
vehicle,sa,1,59,0.8535729847494554
vehicle,sa,1,60,0.8535729847494554
vehicle,sa,1,61,0.8535729847494554
vehicle,sa,1,62,0.8535729847494554
vehicle,sa,1,63,0.8535729847494554
vehicle,sa,1,64,0.8535729847494554
vehicle,sa,1,65,0.8535729847494554
vehicle,sa,1,66,0.8535729847494554
vehicle,sa,1,67,0.8535729847494554
vehicle,sa,1,68,0.8535729847494554
vehicle,sa,1,69,0.8535729847494554
vehicle,sa,1,70,0.8535729847494554
vehicle,sa,1,71,0.8535729847494554
vehicle,sa,1,72,0.8535729847494554
vehicle,sa,1,73,0.8535729847494554
vehicle,sa,1,74,0.8535729847494554
vehicle,sa,1,75,0.8535729847494554
vehicle,sa,1,76,0.8535729847494554
vehicle,sa,1,77,0.8535729847494554
vehicle,sa,1,78,0.8535729847494554
vehicle,sa,1,79,0.8535729847494554
vehicle,sa,1,80,0.8535729847494554
vehicle,sa,1,81,0.8535729847494554
vehicle,sa,1,82,0.8535729847494554
vehicle,sa,1,83,0.8535729847494554
vehicle,sa,1,84,0.8535729847494554
vehicle,sa,1,85,0.8535729847494554
vehicle,sa,1,86,0.8535729847494554
vehicle,sa,1,87,0.8535729847494554
vehicle,sa,1,88,0.8535729847494554
vehicle,sa,1,89,0.8535729847494554
vehicle,sa,1,90,0.8535729847494554
vehicle,sa,1,91,0.8535729847494554
vehicle,sa,1,92,0.8535729847494554
vehicle,sa,1,93,0.8535729847494554
vehicle,sa,1,94,0.8535729847494554
vehicle,sa,1,95,0.8535729847494554
vehicle,sa,1,96,0.8535729847494554
vehicle,sa,1,97,0.8535729847494554
vehicle,sa,1,98,0.8535729847494554
vehicle,sa,1,99,0.8535729847494554
vehicle,sa,1,100,0.8535729847494554
vehicle,sa,2,1,0.4038671023965141
vehicle,sa,2,2,0.4038671023965141
vehicle,sa,2,3,0.4038671023965141
vehicle,sa,2,4,0.4038671023965141
vehicle,sa,2,5,0.4038671023965141
vehicle,sa,2,6,0.44827886710239656
vehicle,sa,2,7,0.6390522875816993
vehicle,sa,2,8,0.6390522875816993
vehicle,sa,2,9,0.6390522875816993
vehicle,sa,2,10,0.6390522875816993
vehicle,sa,2,11,0.6390522875816993
vehicle,sa,2,12,0.6390522875816993
vehicle,sa,2,13,0.6390522875816993
vehicle,sa,2,14,0.6849019607843138
vehicle,sa,2,15,0.7233769063180828
vehicle,sa,2,16,0.7233769063180828
vehicle,sa,2,17,0.7884749455337691
vehicle,sa,2,18,0.7929302832244008
vehicle,sa,2,19,0.7929302832244008
vehicle,sa,2,20,0.7929302832244008
vehicle,sa,2,21,0.7929302832244008
vehicle,sa,2,22,0.8195642701525054
vehicle,sa,2,23,0.8195642701525054
vehicle,sa,2,24,0.8195642701525054
vehicle,sa,2,25,0.8195642701525054
vehicle,sa,2,26,0.8195642701525054
vehicle,sa,2,27,0.8195642701525054
vehicle,sa,2,28,0.8195642701525054
vehicle,sa,2,29,0.8195642701525054
vehicle,sa,2,30,0.8195642701525054
vehicle,sa,2,31,0.8195642701525054
vehicle,sa,2,32,0.8195642701525054
vehicle,sa,2,33,0.8195642701525054
vehicle,sa,2,34,0.8195642701525054
vehicle,sa,2,35,0.8195642701525054
vehicle,sa,2,36,0.8195642701525054
vehicle,sa,2,37,0.8195642701525054
vehicle,sa,2,38,0.8195642701525054
vehicle,sa,2,39,0.8195642701525054
vehicle,sa,2,40,0.8195642701525054
vehicle,sa,2,41,0.8195642701525054
vehicle,sa,2,42,0.8195642701525054
vehicle,sa,2,43,0.8298910675381265
vehicle,sa,2,44,0.838769063180828
vehicle,sa,2,45,0.838769063180828
vehicle,sa,2,46,0.838769063180828
vehicle,sa,2,47,0.838769063180828
vehicle,sa,2,48,0.838769063180828
vehicle,sa,2,49,0.838769063180828
vehicle,sa,2,50,0.838769063180828
vehicle,sa,2,51,0.838769063180828
vehicle,sa,2,52,0.838769063180828
vehicle,sa,2,53,0.838769063180828
vehicle,sa,2,54,0.838769063180828
vehicle,sa,2,55,0.838769063180828
vehicle,sa,2,56,0.838769063180828
vehicle,sa,2,57,0.838769063180828
vehicle,sa,2,58,0.838769063180828
vehicle,sa,2,59,0.838769063180828
vehicle,sa,2,60,0.838769063180828
vehicle,sa,2,61,0.838769063180828
vehicle,sa,2,62,0.838769063180828
vehicle,sa,2,63,0.838769063180828
vehicle,sa,2,64,0.838769063180828
vehicle,sa,2,65,0.838769063180828
vehicle,sa,2,66,0.838769063180828
vehicle,sa,2,67,0.838769063180828
vehicle,sa,2,68,0.8446732026143792
vehicle,sa,2,69,0.8446732026143792
vehicle,sa,2,70,0.8446732026143792
vehicle,sa,2,71,0.8461546840958606
vehicle,sa,2,72,0.8461546840958606
vehicle,sa,2,73,0.8461546840958606
vehicle,sa,2,74,0.8461546840958606
vehicle,sa,2,75,0.8461546840958606
vehicle,sa,2,76,0.8461546840958606
vehicle,sa,2,77,0.8461546840958606
vehicle,sa,2,78,0.8461546840958606
vehicle,sa,2,79,0.8461546840958606
vehicle,sa,2,80,0.8461546840958606
vehicle,sa,2,81,0.8461546840958606
vehicle,sa,2,82,0.8461546840958606
vehicle,sa,2,83,0.8461546840958606
vehicle,sa,2,84,0.8461546840958606
vehicle,sa,2,85,0.8461546840958606
vehicle,sa,2,86,0.8461546840958606
vehicle,sa,2,87,0.8461546840958606
vehicle,sa,2,88,0.8461546840958606
vehicle,sa,2,89,0.8461546840958606
vehicle,sa,2,90,0.8490958605664488
vehicle,sa,2,91,0.8490958605664488
vehicle,sa,2,92,0.8490958605664488
vehicle,sa,2,93,0.8490958605664488
vehicle,sa,2,94,0.8490958605664488
vehicle,sa,2,95,0.8490958605664488
vehicle,sa,2,96,0.8490958605664488
vehicle,sa,2,97,0.8490958605664488
vehicle,sa,2,98,0.8490958605664488
vehicle,sa,2,99,0.8490958605664488
vehicle,sa,2,100,0.8490958605664488
vehicle,sa,3,1,0.7662418300653594
vehicle,sa,3,2,0.8312962962962963
vehicle,sa,3,3,0.8312962962962963
vehicle,sa,3,4,0.8312962962962963
vehicle,sa,3,5,0.8312962962962963
vehicle,sa,3,6,0.8312962962962963
vehicle,sa,3,7,0.8312962962962963
vehicle,sa,3,8,0.8312962962962963
vehicle,sa,3,9,0.8312962962962963
vehicle,sa,3,10,0.8312962962962963
vehicle,sa,3,11,0.8312962962962963
vehicle,sa,3,12,0.8312962962962963
vehicle,sa,3,13,0.8312962962962963
vehicle,sa,3,14,0.8312962962962963
vehicle,sa,3,15,0.8312962962962963
vehicle,sa,3,16,0.8312962962962963
vehicle,sa,3,17,0.8312962962962963
vehicle,sa,3,18,0.8312962962962963
vehicle,sa,3,19,0.8312962962962963
vehicle,sa,3,20,0.8312962962962963
vehicle,sa,3,21,0.8312962962962963
vehicle,sa,3,22,0.8312962962962963
vehicle,sa,3,23,0.8342701525054466
vehicle,sa,3,24,0.8342701525054466
vehicle,sa,3,25,0.8342701525054466
vehicle,sa,3,26,0.8342701525054466
vehicle,sa,3,27,0.8342701525054466
vehicle,sa,3,28,0.8342701525054466
vehicle,sa,3,29,0.8342701525054466
vehicle,sa,3,30,0.8342701525054466
vehicle,sa,3,31,0.8342701525054466
vehicle,sa,3,32,0.8342701525054466
vehicle,sa,3,33,0.8342701525054466
vehicle,sa,3,34,0.8342701525054466
vehicle,sa,3,35,0.8342701525054466
vehicle,sa,3,36,0.8342701525054466
vehicle,sa,3,37,0.8342701525054466
vehicle,sa,3,38,0.8342701525054466
vehicle,sa,3,39,0.8342701525054466
vehicle,sa,3,40,0.8342701525054466
vehicle,sa,3,41,0.8342701525054466
vehicle,sa,3,42,0.8342701525054466
vehicle,sa,3,43,0.8342701525054466
vehicle,sa,3,44,0.8342701525054466
vehicle,sa,3,45,0.8342701525054466
vehicle,sa,3,46,0.8342701525054466
vehicle,sa,3,47,0.8342701525054466
vehicle,sa,3,48,0.8357625272331154
vehicle,sa,3,49,0.8357625272331154
vehicle,sa,3,50,0.8357625272331154
vehicle,sa,3,51,0.8357625272331154
vehicle,sa,3,52,0.8357625272331154
vehicle,sa,3,53,0.8357625272331154
vehicle,sa,3,54,0.8357625272331154
vehicle,sa,3,55,0.8357625272331154
vehicle,sa,3,56,0.8357625272331154
vehicle,sa,3,57,0.8357625272331154
vehicle,sa,3,58,0.8357625272331154
vehicle,sa,3,59,0.8357625272331154
vehicle,sa,3,60,0.8357625272331154
vehicle,sa,3,61,0.8357625272331154
vehicle,sa,3,62,0.8357625272331154
vehicle,sa,3,63,0.8357625272331154
vehicle,sa,3,64,0.838714596949891
vehicle,sa,3,65,0.838714596949891
vehicle,sa,3,66,0.838714596949891
vehicle,sa,3,67,0.838714596949891
vehicle,sa,3,68,0.838714596949891
vehicle,sa,3,69,0.8416557734204794
vehicle,sa,3,70,0.8416557734204794
vehicle,sa,3,71,0.8416557734204794
vehicle,sa,3,72,0.8416557734204794
vehicle,sa,3,73,0.8416557734204794
vehicle,sa,3,74,0.8416666666666666
vehicle,sa,3,75,0.8416666666666666
vehicle,sa,3,76,0.8416666666666666
vehicle,sa,3,77,0.8416666666666666
vehicle,sa,3,78,0.8416666666666666
vehicle,sa,3,79,0.8416666666666666
vehicle,sa,3,80,0.8416666666666666
vehicle,sa,3,81,0.8416666666666666
vehicle,sa,3,82,0.8416666666666666
vehicle,sa,3,83,0.8416666666666666
vehicle,sa,3,84,0.8416666666666666
vehicle,sa,3,85,0.8416666666666666
vehicle,sa,3,86,0.8416666666666666
vehicle,sa,3,87,0.8431481481481482
vehicle,sa,3,88,0.8431481481481482
vehicle,sa,3,89,0.8431481481481482
vehicle,sa,3,90,0.8431481481481482
vehicle,sa,3,91,0.8431481481481482
vehicle,sa,3,92,0.8431481481481482
vehicle,sa,3,93,0.8431481481481482
vehicle,sa,3,94,0.8431481481481482
vehicle,sa,3,95,0.8431481481481482
vehicle,sa,3,96,0.8431481481481482
vehicle,sa,3,97,0.8431481481481482
vehicle,sa,3,98,0.8431481481481482
vehicle,sa,3,99,0.8431481481481482
vehicle,sa,3,100,0.8431481481481482
vehicle,sa,4,1,0.8401851851851851
vehicle,sa,4,2,0.8401851851851851
vehicle,sa,4,3,0.8431372549019608
vehicle,sa,4,4,0.8431372549019608
vehicle,sa,4,5,0.8431372549019608
vehicle,sa,4,6,0.8475708061002178
vehicle,sa,4,7,0.8520370370370369
vehicle,sa,4,8,0.8520370370370369
vehicle,sa,4,9,0.8549673202614378
vehicle,sa,4,10,0.8549673202614378
vehicle,sa,4,11,0.8549673202614378
vehicle,sa,4,12,0.8549673202614378
vehicle,sa,4,13,0.8549673202614378
vehicle,sa,4,14,0.8549673202614378
vehicle,sa,4,15,0.8549673202614378
vehicle,sa,4,16,0.8549673202614378
vehicle,sa,4,17,0.8549673202614378
vehicle,sa,4,18,0.8549673202614378
vehicle,sa,4,19,0.8549673202614378
vehicle,sa,4,20,0.8549673202614378
vehicle,sa,4,21,0.8549673202614378
vehicle,sa,4,22,0.8549673202614378
vehicle,sa,4,23,0.8549673202614378
vehicle,sa,4,24,0.8549673202614378
vehicle,sa,4,25,0.8549673202614378
vehicle,sa,4,26,0.8549673202614378
vehicle,sa,4,27,0.8549673202614378
vehicle,sa,4,28,0.8549673202614378
vehicle,sa,4,29,0.8549673202614378
vehicle,sa,4,30,0.8549673202614378
vehicle,sa,4,31,0.8549673202614378
vehicle,sa,4,32,0.8549673202614378
vehicle,sa,4,33,0.8549673202614378
vehicle,sa,4,34,0.8549673202614378
vehicle,sa,4,35,0.8549673202614378
vehicle,sa,4,36,0.8549673202614378
vehicle,sa,4,37,0.8549673202614378
vehicle,sa,4,38,0.8549673202614378
vehicle,sa,4,39,0.8549673202614378
vehicle,sa,4,40,0.8549673202614378
vehicle,sa,4,41,0.8549673202614378
vehicle,sa,4,42,0.8549673202614378
vehicle,sa,4,43,0.8549673202614378
vehicle,sa,4,44,0.8549673202614378
vehicle,sa,4,45,0.8549673202614378
vehicle,sa,4,46,0.8549673202614378
vehicle,sa,4,47,0.8549673202614378
vehicle,sa,4,48,0.8549673202614378
vehicle,sa,4,49,0.8549673202614378
vehicle,sa,4,50,0.8549673202614378
vehicle,sa,4,51,0.8549673202614378
vehicle,sa,4,52,0.8549673202614378
vehicle,sa,4,53,0.8549673202614378
vehicle,sa,4,54,0.8549673202614378
vehicle,sa,4,55,0.8549673202614378
vehicle,sa,4,56,0.8549673202614378
vehicle,sa,4,57,0.860893246187364
vehicle,sa,4,58,0.860893246187364
vehicle,sa,4,59,0.860893246187364
vehicle,sa,4,60,0.860893246187364
vehicle,sa,4,61,0.860893246187364
vehicle,sa,4,62,0.860893246187364
vehicle,sa,4,63,0.860893246187364
vehicle,sa,4,64,0.860893246187364
vehicle,sa,4,65,0.860893246187364
vehicle,sa,4,66,0.860893246187364
vehicle,sa,4,67,0.860893246187364
vehicle,sa,4,68,0.860893246187364
vehicle,sa,4,69,0.860893246187364
vehicle,sa,4,70,0.860893246187364
vehicle,sa,4,71,0.860893246187364
vehicle,sa,4,72,0.860893246187364
vehicle,sa,4,73,0.860893246187364
vehicle,sa,4,74,0.860893246187364
vehicle,sa,4,75,0.860893246187364
vehicle,sa,4,76,0.860893246187364
vehicle,sa,4,77,0.860893246187364
vehicle,sa,4,78,0.860893246187364
vehicle,sa,4,79,0.860893246187364
vehicle,sa,4,80,0.860893246187364
vehicle,sa,4,81,0.860893246187364
vehicle,sa,4,82,0.860893246187364
vehicle,sa,4,83,0.860893246187364
vehicle,sa,4,84,0.860893246187364
vehicle,sa,4,85,0.860893246187364
vehicle,sa,4,86,0.860893246187364
vehicle,sa,4,87,0.860893246187364
vehicle,sa,4,88,0.860893246187364
vehicle,sa,4,89,0.860893246187364
vehicle,sa,4,90,0.860893246187364
vehicle,sa,4,91,0.860893246187364
vehicle,sa,4,92,0.860893246187364
vehicle,sa,4,93,0.860893246187364
vehicle,sa,4,94,0.860893246187364
vehicle,sa,4,95,0.860893246187364
vehicle,sa,4,96,0.860893246187364
vehicle,sa,4,97,0.860893246187364
vehicle,sa,4,98,0.860893246187364
vehicle,sa,4,99,0.860893246187364
vehicle,sa,4,100,0.860893246187364
vehicle,sa,5,1,0.4231154684095861
vehicle,sa,5,2,0.6435185185185184
vehicle,sa,5,3,0.6435185185185184
vehicle,sa,5,4,0.6435185185185184
vehicle,sa,5,5,0.6435185185185184
vehicle,sa,5,6,0.7648692810457517
vehicle,sa,5,7,0.7648692810457517
vehicle,sa,5,8,0.8165904139433552
vehicle,sa,5,9,0.8165904139433552
vehicle,sa,5,10,0.8165904139433552
vehicle,sa,5,11,0.8165904139433552
vehicle,sa,5,12,0.8387472766884532
vehicle,sa,5,13,0.8416993464052288
vehicle,sa,5,14,0.8446840958605666
vehicle,sa,5,15,0.8535838779956426
vehicle,sa,5,16,0.8535838779956426
vehicle,sa,5,17,0.8535838779956426
vehicle,sa,5,18,0.8535838779956426
vehicle,sa,5,19,0.8535838779956426
vehicle,sa,5,20,0.8535838779956426
vehicle,sa,5,21,0.8535838779956426
vehicle,sa,5,22,0.8535838779956426
vehicle,sa,5,23,0.8535838779956426
vehicle,sa,5,24,0.8535838779956426
vehicle,sa,5,25,0.8535838779956426
vehicle,sa,5,26,0.8535838779956426
vehicle,sa,5,27,0.8535838779956426
vehicle,sa,5,28,0.8535838779956426
vehicle,sa,5,29,0.8535838779956426
vehicle,sa,5,30,0.8535838779956426
vehicle,sa,5,31,0.8535838779956426
vehicle,sa,5,32,0.8535838779956426
vehicle,sa,5,33,0.8535838779956426
vehicle,sa,5,34,0.8535838779956426
vehicle,sa,5,35,0.8535838779956426
vehicle,sa,5,36,0.8535838779956426
vehicle,sa,5,37,0.8535838779956426
vehicle,sa,5,38,0.8535838779956426
vehicle,sa,5,39,0.8535838779956426
vehicle,sa,5,40,0.8535838779956426
vehicle,sa,5,41,0.8535838779956426
vehicle,sa,5,42,0.8535838779956426
vehicle,sa,5,43,0.8535838779956426
vehicle,sa,5,44,0.8535838779956426
vehicle,sa,5,45,0.8535838779956426
vehicle,sa,5,46,0.8535838779956426
vehicle,sa,5,47,0.8550435729847494
vehicle,sa,5,48,0.8550435729847494
vehicle,sa,5,49,0.8550435729847494
vehicle,sa,5,50,0.8550435729847494
vehicle,sa,5,51,0.8550435729847494
vehicle,sa,5,52,0.8550435729847494
vehicle,sa,5,53,0.8550435729847494
vehicle,sa,5,54,0.8550435729847494
vehicle,sa,5,55,0.8550435729847494
vehicle,sa,5,56,0.8550435729847494
vehicle,sa,5,57,0.8550435729847494
vehicle,sa,5,58,0.8550435729847494
vehicle,sa,5,59,0.8550435729847494
vehicle,sa,5,60,0.8550435729847494
vehicle,sa,5,61,0.8550435729847494
vehicle,sa,5,62,0.8550435729847494
vehicle,sa,5,63,0.8550435729847494
vehicle,sa,5,64,0.8550544662309368
vehicle,sa,5,65,0.8550544662309368
vehicle,sa,5,66,0.8550544662309368
vehicle,sa,5,67,0.8550544662309368
vehicle,sa,5,68,0.8550544662309368
vehicle,sa,5,69,0.8550544662309368
vehicle,sa,5,70,0.8550544662309368
vehicle,sa,5,71,0.8565141612200435
vehicle,sa,5,72,0.8565141612200435
vehicle,sa,5,73,0.8565141612200435
vehicle,sa,5,74,0.8565141612200435
vehicle,sa,5,75,0.8565141612200435
vehicle,sa,5,76,0.8565141612200435
vehicle,sa,5,77,0.8565141612200435
vehicle,sa,5,78,0.8565141612200435
vehicle,sa,5,79,0.8594662309368191
vehicle,sa,5,80,0.8594662309368191
vehicle,sa,5,81,0.8594662309368191
vehicle,sa,5,82,0.8594662309368191
vehicle,sa,5,83,0.8594662309368191
vehicle,sa,5,84,0.8594662309368191
vehicle,sa,5,85,0.8594662309368191
vehicle,sa,5,86,0.8594662309368191
vehicle,sa,5,87,0.8594662309368191
vehicle,sa,5,88,0.8594662309368191
vehicle,sa,5,89,0.8594662309368191
vehicle,sa,5,90,0.8594662309368191
vehicle,sa,5,91,0.8594662309368191
vehicle,sa,5,92,0.8594662309368191
vehicle,sa,5,93,0.8594662309368191
vehicle,sa,5,94,0.8594662309368191
vehicle,sa,5,95,0.8594662309368191
vehicle,sa,5,96,0.8594662309368191
vehicle,sa,5,97,0.8594662309368191
vehicle,sa,5,98,0.8594662309368191
vehicle,sa,5,99,0.8594662309368191
vehicle,sa,5,100,0.8594662309368191
vehicle,sa,6,1,0.8461873638344226
vehicle,sa,6,2,0.8461873638344226
vehicle,sa,6,3,0.8461873638344226
vehicle,sa,6,4,0.8461873638344226
vehicle,sa,6,5,0.8461873638344226
vehicle,sa,6,6,0.8461873638344226
vehicle,sa,6,7,0.8461873638344226
vehicle,sa,6,8,0.8461873638344226
vehicle,sa,6,9,0.8461873638344226
vehicle,sa,6,10,0.8461873638344226
vehicle,sa,6,11,0.8461873638344226
vehicle,sa,6,12,0.8461873638344226
vehicle,sa,6,13,0.8461873638344226
vehicle,sa,6,14,0.8461873638344226
vehicle,sa,6,15,0.8461873638344226
vehicle,sa,6,16,0.8461873638344226
vehicle,sa,6,17,0.8461873638344226
vehicle,sa,6,18,0.8461873638344226
vehicle,sa,6,19,0.8461873638344226
vehicle,sa,6,20,0.8461873638344226
vehicle,sa,6,21,0.8461873638344226
vehicle,sa,6,22,0.8461873638344226
vehicle,sa,6,23,0.8461873638344226
vehicle,sa,6,24,0.8461873638344226
vehicle,sa,6,25,0.8461873638344226
vehicle,sa,6,26,0.8461873638344226
vehicle,sa,6,27,0.8461873638344226
vehicle,sa,6,28,0.8461873638344226
vehicle,sa,6,29,0.8461873638344226
vehicle,sa,6,30,0.8461873638344226
vehicle,sa,6,31,0.8461873638344226
vehicle,sa,6,32,0.8461873638344226
vehicle,sa,6,33,0.8461873638344226
vehicle,sa,6,34,0.8461873638344226
vehicle,sa,6,35,0.8461873638344226
vehicle,sa,6,36,0.8461873638344226
vehicle,sa,6,37,0.8461873638344226
vehicle,sa,6,38,0.8461873638344226
vehicle,sa,6,39,0.8461873638344226
vehicle,sa,6,40,0.8461873638344226
vehicle,sa,6,41,0.8461873638344226
vehicle,sa,6,42,0.8461873638344226
vehicle,sa,6,43,0.8461873638344226
vehicle,sa,6,44,0.8461873638344226
vehicle,sa,6,45,0.8461873638344226
vehicle,sa,6,46,0.8461873638344226
vehicle,sa,6,47,0.8461873638344226
vehicle,sa,6,48,0.8461873638344226
vehicle,sa,6,49,0.8461873638344226
vehicle,sa,6,50,0.8461873638344226
vehicle,sa,6,51,0.8461873638344226
vehicle,sa,6,52,0.8461873638344226
vehicle,sa,6,53,0.8461873638344226
vehicle,sa,6,54,0.8461873638344226
vehicle,sa,6,55,0.8461873638344226
vehicle,sa,6,56,0.8461873638344226
vehicle,sa,6,57,0.8461873638344226
vehicle,sa,6,58,0.8461873638344226
vehicle,sa,6,59,0.8461873638344226
vehicle,sa,6,60,0.8461873638344226
vehicle,sa,6,61,0.8461873638344226
vehicle,sa,6,62,0.8461873638344226
vehicle,sa,6,63,0.8461873638344226
vehicle,sa,6,64,0.8461873638344226
vehicle,sa,6,65,0.8461873638344226
vehicle,sa,6,66,0.8461873638344226
vehicle,sa,6,67,0.8461873638344226
vehicle,sa,6,68,0.8461873638344226
vehicle,sa,6,69,0.8461873638344226
vehicle,sa,6,70,0.8461873638344226
vehicle,sa,6,71,0.8461873638344226
vehicle,sa,6,72,0.8461873638344226
vehicle,sa,6,73,0.8461873638344226
vehicle,sa,6,74,0.8461873638344226
vehicle,sa,6,75,0.8461873638344226
vehicle,sa,6,76,0.8461873638344226
vehicle,sa,6,77,0.8461873638344226
vehicle,sa,6,78,0.8461873638344226
vehicle,sa,6,79,0.8461873638344226
vehicle,sa,6,80,0.8461873638344226
vehicle,sa,6,81,0.8461873638344226
vehicle,sa,6,82,0.8461873638344226
vehicle,sa,6,83,0.8461873638344226
vehicle,sa,6,84,0.8461873638344226
vehicle,sa,6,85,0.8461873638344226
vehicle,sa,6,86,0.8461873638344226
vehicle,sa,6,87,0.8461873638344226
vehicle,sa,6,88,0.8461873638344226
vehicle,sa,6,89,0.8461873638344226
vehicle,sa,6,90,0.8461873638344226
vehicle,sa,6,91,0.8461873638344226
vehicle,sa,6,92,0.8461873638344226
vehicle,sa,6,93,0.8461873638344226
vehicle,sa,6,94,0.8461873638344226
vehicle,sa,6,95,0.8461873638344226
vehicle,sa,6,96,0.8461873638344226
vehicle,sa,6,97,0.8461873638344226
vehicle,sa,6,98,0.8461873638344226
vehicle,sa,6,99,0.8461873638344226
vehicle,sa,6,100,0.8461873638344226
vehicle,sa,7,1,0.38166666666666665
vehicle,sa,7,2,0.7307843137254902
vehicle,sa,7,3,0.7307843137254902
vehicle,sa,7,4,0.7307843137254902
vehicle,sa,7,5,0.733681917211329
vehicle,sa,7,6,0.733681917211329
vehicle,sa,7,7,0.733681917211329
vehicle,sa,7,8,0.7898910675381263
vehicle,sa,7,9,0.7898910675381263
vehicle,sa,7,10,0.7898910675381263
vehicle,sa,7,11,0.7898910675381263
vehicle,sa,7,12,0.7898910675381263
vehicle,sa,7,13,0.7898910675381263
vehicle,sa,7,14,0.7898910675381263
vehicle,sa,7,15,0.7898910675381263
vehicle,sa,7,16,0.7898910675381263
vehicle,sa,7,17,0.7898910675381263
vehicle,sa,7,18,0.7898910675381263
vehicle,sa,7,19,0.7898910675381263
vehicle,sa,7,20,0.7898910675381263
vehicle,sa,7,21,0.7898910675381263
vehicle,sa,7,22,0.7898910675381263
vehicle,sa,7,23,0.7898910675381263
vehicle,sa,7,24,0.7898910675381263
vehicle,sa,7,25,0.7898910675381263
vehicle,sa,7,26,0.8150762527233116
vehicle,sa,7,27,0.8150762527233116
vehicle,sa,7,28,0.8150762527233116
vehicle,sa,7,29,0.8150762527233116
vehicle,sa,7,30,0.8150762527233116
vehicle,sa,7,31,0.8268627450980391
vehicle,sa,7,32,0.8268627450980391
vehicle,sa,7,33,0.8268627450980391
vehicle,sa,7,34,0.8268627450980391
vehicle,sa,7,35,0.8268627450980391
vehicle,sa,7,36,0.8268627450980391
vehicle,sa,7,37,0.8268627450980391
vehicle,sa,7,38,0.8268627450980391
vehicle,sa,7,39,0.8268627450980391
vehicle,sa,7,40,0.8268627450980391
vehicle,sa,7,41,0.8312962962962963
vehicle,sa,7,42,0.8343355119825707
vehicle,sa,7,43,0.8343355119825707
vehicle,sa,7,44,0.8343355119825707
vehicle,sa,7,45,0.8343355119825707
vehicle,sa,7,46,0.8343355119825707
vehicle,sa,7,47,0.8343355119825707
vehicle,sa,7,48,0.8343355119825707
vehicle,sa,7,49,0.8343355119825707
vehicle,sa,7,50,0.8343355119825707
vehicle,sa,7,51,0.8343355119825707
vehicle,sa,7,52,0.8343355119825707
vehicle,sa,7,53,0.8357516339869282
vehicle,sa,7,54,0.8357516339869282
vehicle,sa,7,55,0.8357516339869282
vehicle,sa,7,56,0.8357516339869282
vehicle,sa,7,57,0.8357516339869282
vehicle,sa,7,58,0.8357516339869282
vehicle,sa,7,59,0.8357516339869282
vehicle,sa,7,60,0.8357516339869282
vehicle,sa,7,61,0.8357516339869282
vehicle,sa,7,62,0.8357516339869282
vehicle,sa,7,63,0.8357516339869282
vehicle,sa,7,64,0.8357516339869282
vehicle,sa,7,65,0.8357516339869282
vehicle,sa,7,66,0.8357516339869282
vehicle,sa,7,67,0.8357516339869282
vehicle,sa,7,68,0.8357516339869282
vehicle,sa,7,69,0.8357516339869282
vehicle,sa,7,70,0.8357516339869282
vehicle,sa,7,71,0.838714596949891
vehicle,sa,7,72,0.838714596949891
vehicle,sa,7,73,0.838714596949891
vehicle,sa,7,74,0.838714596949891
vehicle,sa,7,75,0.8416993464052288
vehicle,sa,7,76,0.8416993464052288
vehicle,sa,7,77,0.8416993464052288
vehicle,sa,7,78,0.8416993464052288
vehicle,sa,7,79,0.8416993464052288
vehicle,sa,7,80,0.8416993464052288
vehicle,sa,7,81,0.8416993464052288
vehicle,sa,7,82,0.8416993464052288
vehicle,sa,7,83,0.8416993464052288
vehicle,sa,7,84,0.8416993464052288
vehicle,sa,7,85,0.8416993464052288
vehicle,sa,7,86,0.8416993464052288
vehicle,sa,7,87,0.8416993464052288
vehicle,sa,7,88,0.8416993464052288
vehicle,sa,7,89,0.8416993464052288
vehicle,sa,7,90,0.8416993464052288
vehicle,sa,7,91,0.8416993464052288
vehicle,sa,7,92,0.8416993464052288
vehicle,sa,7,93,0.8416993464052288
vehicle,sa,7,94,0.8416993464052288
vehicle,sa,7,95,0.8416993464052288
vehicle,sa,7,96,0.8416993464052288
vehicle,sa,7,97,0.8416993464052288
vehicle,sa,7,98,0.8416993464052288
vehicle,sa,7,99,0.8416993464052288
vehicle,sa,7,100,0.8416993464052288
vehicle,sa,8,1,0.36241830065359476
vehicle,sa,8,2,0.36241830065359476
vehicle,sa,8,3,0.36241830065359476
vehicle,sa,8,4,0.7455337690631808
vehicle,sa,8,5,0.7973856209150327
vehicle,sa,8,6,0.7973856209150327
vehicle,sa,8,7,0.7973856209150327
vehicle,sa,8,8,0.7973856209150327
vehicle,sa,8,9,0.825479302832244
vehicle,sa,8,10,0.825479302832244
vehicle,sa,8,11,0.8299019607843137
vehicle,sa,8,12,0.8299019607843137
vehicle,sa,8,13,0.8299019607843137
vehicle,sa,8,14,0.8372657952069715
vehicle,sa,8,15,0.8372657952069715
vehicle,sa,8,16,0.8372657952069715
vehicle,sa,8,17,0.8402287581699348
vehicle,sa,8,18,0.8402287581699348
vehicle,sa,8,19,0.8402287581699348
vehicle,sa,8,20,0.8402287581699348
vehicle,sa,8,21,0.8402287581699348
vehicle,sa,8,22,0.8402287581699348
vehicle,sa,8,23,0.8402287581699348
vehicle,sa,8,24,0.8402287581699348
vehicle,sa,8,25,0.8446514161220045
vehicle,sa,8,26,0.8446514161220045
vehicle,sa,8,27,0.8446514161220045
vehicle,sa,8,28,0.8446514161220045
vehicle,sa,8,29,0.8446514161220045
vehicle,sa,8,30,0.8446514161220045
vehicle,sa,8,31,0.8446514161220045
vehicle,sa,8,32,0.8446514161220045
vehicle,sa,8,33,0.8446514161220045
vehicle,sa,8,34,0.8446514161220045
vehicle,sa,8,35,0.8446514161220045
vehicle,sa,8,36,0.8446514161220045
vehicle,sa,8,37,0.8446514161220045
vehicle,sa,8,38,0.8446514161220045
vehicle,sa,8,39,0.8446514161220045
vehicle,sa,8,40,0.8446514161220045
vehicle,sa,8,41,0.8446514161220045
vehicle,sa,8,42,0.8446514161220045
vehicle,sa,8,43,0.8446514161220045
vehicle,sa,8,44,0.8446514161220045
vehicle,sa,8,45,0.8446514161220045
vehicle,sa,8,46,0.8446514161220045
vehicle,sa,8,47,0.8446514161220045
vehicle,sa,8,48,0.8446514161220045
vehicle,sa,8,49,0.8446514161220045
vehicle,sa,8,50,0.8446514161220045
vehicle,sa,8,51,0.8446514161220045
vehicle,sa,8,52,0.8446514161220045
vehicle,sa,8,53,0.8446623093681918
vehicle,sa,8,54,0.8446623093681918
vehicle,sa,8,55,0.8446623093681918
vehicle,sa,8,56,0.8446623093681918
vehicle,sa,8,57,0.8446623093681918
vehicle,sa,8,58,0.8446623093681918
vehicle,sa,8,59,0.8446623093681918
vehicle,sa,8,60,0.8446623093681918
vehicle,sa,8,61,0.8446623093681918
vehicle,sa,8,62,0.8446623093681918
vehicle,sa,8,63,0.8446623093681918
vehicle,sa,8,64,0.8446623093681918
vehicle,sa,8,65,0.8446623093681918
vehicle,sa,8,66,0.8446623093681918
vehicle,sa,8,67,0.8446623093681918
vehicle,sa,8,68,0.8446623093681918
vehicle,sa,8,69,0.8446623093681918
vehicle,sa,8,70,0.8446623093681918
vehicle,sa,8,71,0.8446623093681918
vehicle,sa,8,72,0.8446623093681918
vehicle,sa,8,73,0.8446623093681918
vehicle,sa,8,74,0.8446623093681918
vehicle,sa,8,75,0.8446623093681918
vehicle,sa,8,76,0.8446623093681918
vehicle,sa,8,77,0.8446623093681918
vehicle,sa,8,78,0.8446623093681918
vehicle,sa,8,79,0.8446623093681918
vehicle,sa,8,80,0.8446623093681918
vehicle,sa,8,81,0.8446623093681918
vehicle,sa,8,82,0.8446623093681918
vehicle,sa,8,83,0.8446623093681918
vehicle,sa,8,84,0.8446623093681918
vehicle,sa,8,85,0.8446623093681918
vehicle,sa,8,86,0.8446623093681918
vehicle,sa,8,87,0.8446623093681918
vehicle,sa,8,88,0.8446623093681918
vehicle,sa,8,89,0.8446623093681918
vehicle,sa,8,90,0.8446623093681918
vehicle,sa,8,91,0.8446623093681918
vehicle,sa,8,92,0.8446623093681918
vehicle,sa,8,93,0.8446623093681918
vehicle,sa,8,94,0.8446623093681918
vehicle,sa,8,95,0.8461437908496732
vehicle,sa,8,96,0.8461437908496732
vehicle,sa,8,97,0.8461437908496732
vehicle,sa,8,98,0.8461437908496732
vehicle,sa,8,99,0.8461437908496732
vehicle,sa,8,100,0.8461437908496732
vehicle,sa,9,1,0.4214814814814815
vehicle,sa,9,2,0.4214814814814815
vehicle,sa,9,3,0.4214814814814815
vehicle,sa,9,4,0.4214814814814815
vehicle,sa,9,5,0.47932461873638343
vehicle,sa,9,6,0.5828649237472767
vehicle,sa,9,7,0.7736383442265795
vehicle,sa,9,8,0.8150762527233116
vehicle,sa,9,9,0.8150762527233116
vehicle,sa,9,10,0.8150762527233116
vehicle,sa,9,11,0.8461764705882354
vehicle,sa,9,12,0.8535511982570807
vehicle,sa,9,13,0.8580065359477125
vehicle,sa,9,14,0.8580065359477125
vehicle,sa,9,15,0.8580065359477125
vehicle,sa,9,16,0.8580065359477125
vehicle,sa,9,17,0.8580065359477125
vehicle,sa,9,18,0.8580065359477125
vehicle,sa,9,19,0.8580065359477125
vehicle,sa,9,20,0.8580065359477125
vehicle,sa,9,21,0.8580065359477125
vehicle,sa,9,22,0.8580065359477125
vehicle,sa,9,23,0.8580065359477125
vehicle,sa,9,24,0.8580065359477125
vehicle,sa,9,25,0.8580065359477125
vehicle,sa,9,26,0.8580065359477125
vehicle,sa,9,27,0.8580065359477125
vehicle,sa,9,28,0.8580065359477125
vehicle,sa,9,29,0.8580065359477125
vehicle,sa,9,30,0.8580065359477125
vehicle,sa,9,31,0.8580065359477125
vehicle,sa,9,32,0.8580065359477125
vehicle,sa,9,33,0.8580065359477125
vehicle,sa,9,34,0.8580065359477125
vehicle,sa,9,35,0.8580065359477125
vehicle,sa,9,36,0.8580065359477125
vehicle,sa,9,37,0.8580065359477125
vehicle,sa,9,38,0.8580065359477125
vehicle,sa,9,39,0.8580065359477125
vehicle,sa,9,40,0.8639106753812635
vehicle,sa,9,41,0.8639106753812635
vehicle,sa,9,42,0.8639106753812635
vehicle,sa,9,43,0.8639106753812635
vehicle,sa,9,44,0.8639106753812635
vehicle,sa,9,45,0.8639106753812635
vehicle,sa,9,46,0.8639106753812635
vehicle,sa,9,47,0.8639106753812635
vehicle,sa,9,48,0.8639106753812635
vehicle,sa,9,49,0.8639106753812635
vehicle,sa,9,50,0.8639106753812635
vehicle,sa,9,51,0.8639106753812635
vehicle,sa,9,52,0.8639106753812635
vehicle,sa,9,53,0.8639106753812635
vehicle,sa,9,54,0.8639106753812635
vehicle,sa,9,55,0.8639106753812635
vehicle,sa,9,56,0.8639106753812635
vehicle,sa,9,57,0.8639106753812635
vehicle,sa,9,58,0.8639106753812635
vehicle,sa,9,59,0.8639106753812635
vehicle,sa,9,60,0.8639106753812635
vehicle,sa,9,61,0.8639106753812635
vehicle,sa,9,62,0.8639106753812635
vehicle,sa,9,63,0.8639106753812635
vehicle,sa,9,64,0.8639106753812635
vehicle,sa,9,65,0.8639106753812635
vehicle,sa,9,66,0.8639106753812635
vehicle,sa,9,67,0.8639106753812635
vehicle,sa,9,68,0.8639106753812635
vehicle,sa,9,69,0.8639106753812635
vehicle,sa,9,70,0.8639106753812635
vehicle,sa,9,71,0.8639106753812635
vehicle,sa,9,72,0.8639106753812635
vehicle,sa,9,73,0.8639106753812635
vehicle,sa,9,74,0.8639106753812635
vehicle,sa,9,75,0.8639106753812635
vehicle,sa,9,76,0.8639106753812635
vehicle,sa,9,77,0.8639106753812635
vehicle,sa,9,78,0.8639106753812635
vehicle,sa,9,79,0.8639106753812635
vehicle,sa,9,80,0.8639106753812635
vehicle,sa,9,81,0.8639106753812635
vehicle,sa,9,82,0.8639106753812635
vehicle,sa,9,83,0.8639106753812635
vehicle,sa,9,84,0.8639106753812635
vehicle,sa,9,85,0.8639106753812635
vehicle,sa,9,86,0.8639106753812635
vehicle,sa,9,87,0.8639106753812635
vehicle,sa,9,88,0.8639106753812635
vehicle,sa,9,89,0.8639106753812635
vehicle,sa,9,90,0.8639106753812635
vehicle,sa,9,91,0.8639106753812635
vehicle,sa,9,92,0.8639106753812635
vehicle,sa,9,93,0.8639106753812635
vehicle,sa,9,94,0.8639106753812635
vehicle,sa,9,95,0.8639106753812635
vehicle,sa,9,96,0.8639106753812635
vehicle,sa,9,97,0.8639106753812635
vehicle,sa,9,98,0.8639106753812635
vehicle,sa,9,99,0.8639106753812635
vehicle,sa,9,100,0.8639106753812635
vehicle,sa,10,1,0.7543899782135076
vehicle,sa,10,2,0.7973529411764705
vehicle,sa,10,3,0.7973529411764705
vehicle,sa,10,4,0.7973529411764705
vehicle,sa,10,5,0.7973529411764705
vehicle,sa,10,6,0.7973529411764705
vehicle,sa,10,7,0.8032352941176472
vehicle,sa,10,8,0.804727668845316
vehicle,sa,10,9,0.8475816993464053
vehicle,sa,10,10,0.8475816993464053
vehicle,sa,10,11,0.8475816993464053
vehicle,sa,10,12,0.84760348583878
vehicle,sa,10,13,0.84760348583878
vehicle,sa,10,14,0.8505446623093682
vehicle,sa,10,15,0.8505446623093682
vehicle,sa,10,16,0.8505446623093682
vehicle,sa,10,17,0.852037037037037
vehicle,sa,10,18,0.8579411764705883
vehicle,sa,10,19,0.8579411764705883
vehicle,sa,10,20,0.8579411764705883
vehicle,sa,10,21,0.8579411764705883
vehicle,sa,10,22,0.8579411764705883
vehicle,sa,10,23,0.8579411764705883
vehicle,sa,10,24,0.8579411764705883
vehicle,sa,10,25,0.8579411764705883
vehicle,sa,10,26,0.8579411764705883
vehicle,sa,10,27,0.8579411764705883
vehicle,sa,10,28,0.8579411764705883
vehicle,sa,10,29,0.8579411764705883
vehicle,sa,10,30,0.8579411764705883
vehicle,sa,10,31,0.8579411764705883
vehicle,sa,10,32,0.8579411764705883
vehicle,sa,10,33,0.8579411764705883
vehicle,sa,10,34,0.8579411764705883
vehicle,sa,10,35,0.8579411764705883
vehicle,sa,10,36,0.8579411764705883
vehicle,sa,10,37,0.8579411764705883
vehicle,sa,10,38,0.8579411764705883
vehicle,sa,10,39,0.8653485838779957
vehicle,sa,10,40,0.8653703703703703
vehicle,sa,10,41,0.8653703703703703
vehicle,sa,10,42,0.8653703703703703
vehicle,sa,10,43,0.8653703703703703
vehicle,sa,10,44,0.8653703703703703
vehicle,sa,10,45,0.8653703703703703
vehicle,sa,10,46,0.8653703703703703
vehicle,sa,10,47,0.8653703703703703
vehicle,sa,10,48,0.8653703703703703
vehicle,sa,10,49,0.8653703703703703
vehicle,sa,10,50,0.8653703703703703
vehicle,sa,10,51,0.8653703703703703
vehicle,sa,10,52,0.8653703703703703
vehicle,sa,10,53,0.8653703703703703
vehicle,sa,10,54,0.8653703703703703
vehicle,sa,10,55,0.8653703703703703
vehicle,sa,10,56,0.8653703703703703
vehicle,sa,10,57,0.8653703703703703
vehicle,sa,10,58,0.8653703703703703
vehicle,sa,10,59,0.8653703703703703
vehicle,sa,10,60,0.8653703703703703
vehicle,sa,10,61,0.8653703703703703
vehicle,sa,10,62,0.8653703703703703
vehicle,sa,10,63,0.8653703703703703
vehicle,sa,10,64,0.8653703703703703
vehicle,sa,10,65,0.8668409586056646
vehicle,sa,10,66,0.8668409586056646
vehicle,sa,10,67,0.8668409586056646
vehicle,sa,10,68,0.8668409586056646
vehicle,sa,10,69,0.8668409586056646
vehicle,sa,10,70,0.8668409586056646
vehicle,sa,10,71,0.8668409586056646
vehicle,sa,10,72,0.8668409586056646
vehicle,sa,10,73,0.8668409586056646
vehicle,sa,10,74,0.8668409586056646
vehicle,sa,10,75,0.8668409586056646
vehicle,sa,10,76,0.8668409586056646
vehicle,sa,10,77,0.8668409586056646
vehicle,sa,10,78,0.8668409586056646
vehicle,sa,10,79,0.8668409586056646
vehicle,sa,10,80,0.8668409586056646
vehicle,sa,10,81,0.8668409586056646
vehicle,sa,10,82,0.8668409586056646
vehicle,sa,10,83,0.8668409586056646
vehicle,sa,10,84,0.8668409586056646
vehicle,sa,10,85,0.8668409586056646
vehicle,sa,10,86,0.8668409586056646
vehicle,sa,10,87,0.8668409586056646
vehicle,sa,10,88,0.8668409586056646
vehicle,sa,10,89,0.8668409586056646
vehicle,sa,10,90,0.8668409586056646
vehicle,sa,10,91,0.8668409586056646
vehicle,sa,10,92,0.8668409586056646
vehicle,sa,10,93,0.8668409586056646
vehicle,sa,10,94,0.8668409586056646
vehicle,sa,10,95,0.8668409586056646
vehicle,sa,10,96,0.8668409586056646
vehicle,sa,10,97,0.8668409586056646
vehicle,sa,10,98,0.8668409586056646
vehicle,sa,10,99,0.8668409586056646
vehicle,sa,10,100,0.8668409586056646
vehicle,sa,11,1,0.29739651416122004
vehicle,sa,11,2,0.29739651416122004
vehicle,sa,11,3,0.29739651416122004
vehicle,sa,11,4,0.29739651416122004
vehicle,sa,11,5,0.29739651416122004
vehicle,sa,11,6,0.29739651416122004
vehicle,sa,11,7,0.29739651416122004
vehicle,sa,11,8,0.29739651416122004
vehicle,sa,11,9,0.29739651416122004
vehicle,sa,11,10,0.29739651416122004
vehicle,sa,11,11,0.29739651416122004
vehicle,sa,11,12,0.29739651416122004
vehicle,sa,11,13,0.6656535947712419
vehicle,sa,11,14,0.7203485838779956
vehicle,sa,11,15,0.7277777777777779
vehicle,sa,11,16,0.7277777777777779
vehicle,sa,11,17,0.7277777777777779
vehicle,sa,11,18,0.7277777777777779
vehicle,sa,11,19,0.7781045751633987
vehicle,sa,11,20,0.7781045751633987
vehicle,sa,11,21,0.8121459694989106
vehicle,sa,11,22,0.8239433551198256
vehicle,sa,11,23,0.86239651416122
vehicle,sa,11,24,0.86239651416122
vehicle,sa,11,25,0.86239651416122
vehicle,sa,11,26,0.86239651416122
vehicle,sa,11,27,0.86239651416122
vehicle,sa,11,28,0.86239651416122
vehicle,sa,11,29,0.86239651416122
vehicle,sa,11,30,0.86239651416122
vehicle,sa,11,31,0.86239651416122
vehicle,sa,11,32,0.86239651416122
vehicle,sa,11,33,0.86239651416122
vehicle,sa,11,34,0.86239651416122
vehicle,sa,11,35,0.86239651416122
vehicle,sa,11,36,0.86239651416122
vehicle,sa,11,37,0.86239651416122
vehicle,sa,11,38,0.86239651416122
vehicle,sa,11,39,0.86239651416122
vehicle,sa,11,40,0.86239651416122
vehicle,sa,11,41,0.86239651416122
vehicle,sa,11,42,0.86239651416122
vehicle,sa,11,43,0.86239651416122
vehicle,sa,11,44,0.86239651416122
vehicle,sa,11,45,0.86239651416122
vehicle,sa,11,46,0.86239651416122
vehicle,sa,11,47,0.86239651416122
vehicle,sa,11,48,0.86239651416122
vehicle,sa,11,49,0.86239651416122
vehicle,sa,11,50,0.86239651416122
vehicle,sa,11,51,0.86239651416122
vehicle,sa,11,52,0.86239651416122
vehicle,sa,11,53,0.86239651416122
vehicle,sa,11,54,0.86239651416122
vehicle,sa,11,55,0.86239651416122
vehicle,sa,11,56,0.86239651416122
vehicle,sa,11,57,0.86239651416122
vehicle,sa,11,58,0.86239651416122
vehicle,sa,11,59,0.86239651416122
vehicle,sa,11,60,0.86239651416122
vehicle,sa,11,61,0.86239651416122
vehicle,sa,11,62,0.86239651416122
vehicle,sa,11,63,0.86239651416122
vehicle,sa,11,64,0.86239651416122
vehicle,sa,11,65,0.86239651416122
vehicle,sa,11,66,0.86239651416122
vehicle,sa,11,67,0.86239651416122
vehicle,sa,11,68,0.86239651416122
vehicle,sa,11,69,0.86239651416122
vehicle,sa,11,70,0.86239651416122
vehicle,sa,11,71,0.8624183006535947
vehicle,sa,11,72,0.8624183006535947
vehicle,sa,11,73,0.8624183006535947
vehicle,sa,11,74,0.8624183006535947
vehicle,sa,11,75,0.8624183006535947
vehicle,sa,11,76,0.8624183006535947
vehicle,sa,11,77,0.8624183006535947
vehicle,sa,11,78,0.862450980392157
vehicle,sa,11,79,0.862450980392157
vehicle,sa,11,80,0.862450980392157
vehicle,sa,11,81,0.862450980392157
vehicle,sa,11,82,0.862450980392157
vehicle,sa,11,83,0.862450980392157
vehicle,sa,11,84,0.862450980392157
vehicle,sa,11,85,0.862450980392157
vehicle,sa,11,86,0.862450980392157
vehicle,sa,11,87,0.862450980392157
vehicle,sa,11,88,0.862450980392157
vehicle,sa,11,89,0.862450980392157
vehicle,sa,11,90,0.862450980392157
vehicle,sa,11,91,0.862450980392157
vehicle,sa,11,92,0.862450980392157
vehicle,sa,11,93,0.862450980392157
vehicle,sa,11,94,0.862450980392157
vehicle,sa,11,95,0.862450980392157
vehicle,sa,11,96,0.862450980392157
vehicle,sa,11,97,0.862450980392157
vehicle,sa,11,98,0.862450980392157
vehicle,sa,11,99,0.862450980392157
vehicle,sa,11,100,0.862450980392157
vehicle,sa,12,1,0.6702069716775598
vehicle,sa,12,2,0.707156862745098
vehicle,sa,12,3,0.707156862745098
vehicle,sa,12,4,0.7870588235294118
vehicle,sa,12,5,0.7870588235294118
vehicle,sa,12,6,0.8313398692810458
vehicle,sa,12,7,0.8313398692810458
vehicle,sa,12,8,0.8313398692810458
vehicle,sa,12,9,0.8313398692810458
vehicle,sa,12,10,0.8313398692810458
vehicle,sa,12,11,0.8313398692810458
vehicle,sa,12,12,0.8313398692810458
vehicle,sa,12,13,0.8343028322440087
vehicle,sa,12,14,0.8343028322440087
vehicle,sa,12,15,0.8343028322440087
vehicle,sa,12,16,0.8343028322440087
vehicle,sa,12,17,0.8343028322440087
vehicle,sa,12,18,0.8343028322440087
vehicle,sa,12,19,0.8343028322440087
vehicle,sa,12,20,0.8343028322440087
vehicle,sa,12,21,0.8343028322440087
vehicle,sa,12,22,0.8343028322440087
vehicle,sa,12,23,0.8343028322440087
vehicle,sa,12,24,0.8432135076252724
vehicle,sa,12,25,0.8432135076252724
vehicle,sa,12,26,0.8461328976034859
vehicle,sa,12,27,0.8461328976034859
vehicle,sa,12,28,0.8461328976034859
vehicle,sa,12,29,0.8461328976034859
vehicle,sa,12,30,0.8461328976034859
vehicle,sa,12,31,0.8461328976034859
vehicle,sa,12,32,0.8461328976034859
vehicle,sa,12,33,0.8461328976034859
vehicle,sa,12,34,0.8461328976034859
vehicle,sa,12,35,0.8476470588235294
vehicle,sa,12,36,0.8476470588235294
vehicle,sa,12,37,0.8476470588235294
vehicle,sa,12,38,0.8476470588235294
vehicle,sa,12,39,0.8476470588235294
vehicle,sa,12,40,0.8476470588235294
vehicle,sa,12,41,0.8476470588235294
vehicle,sa,12,42,0.8476470588235294
vehicle,sa,12,43,0.8476470588235294
vehicle,sa,12,44,0.8476470588235294
vehicle,sa,12,45,0.8476470588235294
vehicle,sa,12,46,0.8476470588235294
vehicle,sa,12,47,0.8476470588235294
vehicle,sa,12,48,0.8476470588235294
vehicle,sa,12,49,0.8476470588235294
vehicle,sa,12,50,0.8535076252723313
vehicle,sa,12,51,0.8535076252723313
vehicle,sa,12,52,0.8535076252723313
vehicle,sa,12,53,0.8535076252723313
vehicle,sa,12,54,0.8535076252723313
vehicle,sa,12,55,0.8535076252723313
vehicle,sa,12,56,0.8535076252723313
vehicle,sa,12,57,0.8535076252723313
vehicle,sa,12,58,0.8535076252723313
vehicle,sa,12,59,0.8535076252723313
vehicle,sa,12,60,0.8535076252723313
vehicle,sa,12,61,0.8535076252723313
vehicle,sa,12,62,0.8535076252723313
vehicle,sa,12,63,0.8535076252723313
vehicle,sa,12,64,0.8535076252723313
vehicle,sa,12,65,0.8535076252723313
vehicle,sa,12,66,0.8535076252723313
vehicle,sa,12,67,0.8535076252723313
vehicle,sa,12,68,0.8535076252723313
vehicle,sa,12,69,0.8535076252723313
vehicle,sa,12,70,0.8535076252723313
vehicle,sa,12,71,0.8535076252723313
vehicle,sa,12,72,0.8535076252723313
vehicle,sa,12,73,0.8535076252723313
vehicle,sa,12,74,0.8535076252723313
vehicle,sa,12,75,0.8535076252723313
vehicle,sa,12,76,0.8535076252723313
vehicle,sa,12,77,0.8535076252723313
vehicle,sa,12,78,0.8535076252723313
vehicle,sa,12,79,0.8535076252723313
vehicle,sa,12,80,0.8535076252723313
vehicle,sa,12,81,0.8535076252723313
vehicle,sa,12,82,0.8535076252723313
vehicle,sa,12,83,0.8535076252723313
vehicle,sa,12,84,0.8535076252723313
vehicle,sa,12,85,0.8535076252723313
vehicle,sa,12,86,0.8535076252723313
vehicle,sa,12,87,0.8535076252723313
vehicle,sa,12,88,0.8535076252723313
vehicle,sa,12,89,0.8535076252723313
vehicle,sa,12,90,0.8535076252723313
vehicle,sa,12,91,0.8535076252723313
vehicle,sa,12,92,0.8535076252723313
vehicle,sa,12,93,0.8535076252723313
vehicle,sa,12,94,0.8535076252723313
vehicle,sa,12,95,0.8535076252723313
vehicle,sa,12,96,0.8535076252723313
vehicle,sa,12,97,0.8535076252723313
vehicle,sa,12,98,0.8535076252723313
vehicle,sa,12,99,0.8535076252723313
vehicle,sa,12,100,0.8535076252723313
vehicle,sa,13,1,0.8180283224400873
vehicle,sa,13,2,0.8195424836601308
vehicle,sa,13,3,0.8372657952069718
vehicle,sa,13,4,0.8372657952069718
vehicle,sa,13,5,0.8372657952069718
vehicle,sa,13,6,0.8372657952069718
vehicle,sa,13,7,0.8372657952069718
vehicle,sa,13,8,0.8372657952069718
vehicle,sa,13,9,0.8372657952069718
vehicle,sa,13,10,0.8372657952069718
vehicle,sa,13,11,0.8372657952069718
vehicle,sa,13,12,0.8372766884531592
vehicle,sa,13,13,0.8372766884531592
vehicle,sa,13,14,0.8372766884531592
vehicle,sa,13,15,0.8446514161220045
vehicle,sa,13,16,0.8446514161220045
vehicle,sa,13,17,0.8446514161220045
vehicle,sa,13,18,0.8446514161220045
vehicle,sa,13,19,0.8446514161220045
vehicle,sa,13,20,0.8446514161220045
vehicle,sa,13,21,0.8446514161220045
vehicle,sa,13,22,0.8446514161220045
vehicle,sa,13,23,0.8446514161220045
vehicle,sa,13,24,0.8446514161220045
vehicle,sa,13,25,0.8446514161220045
vehicle,sa,13,26,0.8446514161220045
vehicle,sa,13,27,0.8446514161220045
vehicle,sa,13,28,0.8446514161220045
vehicle,sa,13,29,0.8446514161220045
vehicle,sa,13,30,0.8446514161220045
vehicle,sa,13,31,0.8446514161220045
vehicle,sa,13,32,0.8446514161220045
vehicle,sa,13,33,0.8446514161220045
vehicle,sa,13,34,0.8446514161220045
vehicle,sa,13,35,0.8446514161220045
vehicle,sa,13,36,0.8446514161220045
vehicle,sa,13,37,0.8446514161220045
vehicle,sa,13,38,0.8446514161220045
vehicle,sa,13,39,0.8446514161220045
vehicle,sa,13,40,0.8446514161220045
vehicle,sa,13,41,0.8446514161220045
vehicle,sa,13,42,0.8446514161220045
vehicle,sa,13,43,0.8446514161220045
vehicle,sa,13,44,0.8446514161220045
vehicle,sa,13,45,0.8446514161220045
vehicle,sa,13,46,0.8446514161220045
vehicle,sa,13,47,0.8446514161220045
vehicle,sa,13,48,0.8446514161220045
vehicle,sa,13,49,0.8446514161220045
vehicle,sa,13,50,0.8446514161220045
vehicle,sa,13,51,0.8446623093681918
vehicle,sa,13,52,0.8446623093681918
vehicle,sa,13,53,0.8446623093681918
vehicle,sa,13,54,0.8446623093681918
vehicle,sa,13,55,0.8446623093681918
vehicle,sa,13,56,0.8446623093681918
vehicle,sa,13,57,0.8446623093681918
vehicle,sa,13,58,0.8446623093681918
vehicle,sa,13,59,0.8446623093681918
vehicle,sa,13,60,0.8446623093681918
vehicle,sa,13,61,0.8446623093681918
vehicle,sa,13,62,0.8446623093681918
vehicle,sa,13,63,0.8446623093681918
vehicle,sa,13,64,0.8446623093681918
vehicle,sa,13,65,0.8446623093681918
vehicle,sa,13,66,0.8446623093681918
vehicle,sa,13,67,0.8446623093681918
vehicle,sa,13,68,0.8446623093681918
vehicle,sa,13,69,0.8446623093681918
vehicle,sa,13,70,0.8446623093681918
vehicle,sa,13,71,0.8446623093681918
vehicle,sa,13,72,0.8446623093681918
vehicle,sa,13,73,0.8446623093681918
vehicle,sa,13,74,0.8446623093681918
vehicle,sa,13,75,0.8446623093681918
vehicle,sa,13,76,0.8446623093681918
vehicle,sa,13,77,0.8446623093681918
vehicle,sa,13,78,0.8446623093681918
vehicle,sa,13,79,0.8446623093681918
vehicle,sa,13,80,0.8446623093681918
vehicle,sa,13,81,0.8446623093681918
vehicle,sa,13,82,0.8446623093681918
vehicle,sa,13,83,0.8446623093681918
vehicle,sa,13,84,0.8446623093681918
vehicle,sa,13,85,0.8446623093681918
vehicle,sa,13,86,0.8446623093681918
vehicle,sa,13,87,0.8446623093681918
vehicle,sa,13,88,0.8446623093681918
vehicle,sa,13,89,0.8446623093681918
vehicle,sa,13,90,0.8446623093681918
vehicle,sa,13,91,0.8446623093681918
vehicle,sa,13,92,0.8446623093681918
vehicle,sa,13,93,0.8446623093681918
vehicle,sa,13,94,0.8446623093681918
vehicle,sa,13,95,0.8446623093681918
vehicle,sa,13,96,0.8446623093681918
vehicle,sa,13,97,0.8446623093681918
vehicle,sa,13,98,0.8446623093681918
vehicle,sa,13,99,0.8446623093681918
vehicle,sa,13,100,0.8461764705882352
vehicle,sa,14,1,0.7100762527233115
vehicle,sa,14,2,0.7115359477124183
vehicle,sa,14,3,0.7115359477124183
vehicle,sa,14,4,0.75140522875817
vehicle,sa,14,5,0.8179847494553378
vehicle,sa,14,6,0.8224400871459695
vehicle,sa,14,7,0.8298474945533769
vehicle,sa,14,8,0.8298474945533769
vehicle,sa,14,9,0.8298474945533769
vehicle,sa,14,10,0.8298474945533769
vehicle,sa,14,11,0.8298474945533769
vehicle,sa,14,12,0.8298474945533769
vehicle,sa,14,13,0.8298474945533769
vehicle,sa,14,14,0.8298474945533769
vehicle,sa,14,15,0.8298474945533769
vehicle,sa,14,16,0.8298474945533769
vehicle,sa,14,17,0.8298474945533769
vehicle,sa,14,18,0.8298474945533769
vehicle,sa,14,19,0.8298474945533769
vehicle,sa,14,20,0.8298474945533769
vehicle,sa,14,21,0.8298474945533769
vehicle,sa,14,22,0.8298474945533769
vehicle,sa,14,23,0.8298474945533769
vehicle,sa,14,24,0.8313180827886711
vehicle,sa,14,25,0.8313180827886711
vehicle,sa,14,26,0.8313180827886711
vehicle,sa,14,27,0.8313180827886711
vehicle,sa,14,28,0.8313180827886711
vehicle,sa,14,29,0.8313180827886711
vehicle,sa,14,30,0.8313180827886711
vehicle,sa,14,31,0.8313180827886711
vehicle,sa,14,32,0.8313180827886711
vehicle,sa,14,33,0.8313180827886711
vehicle,sa,14,34,0.8313180827886711
vehicle,sa,14,35,0.8313180827886711
vehicle,sa,14,36,0.8313180827886711
vehicle,sa,14,37,0.8313180827886711
vehicle,sa,14,38,0.8313180827886711
vehicle,sa,14,39,0.8313180827886711
vehicle,sa,14,40,0.8313180827886711
vehicle,sa,14,41,0.8313180827886711
vehicle,sa,14,42,0.8313180827886711
vehicle,sa,14,43,0.8313180827886711
vehicle,sa,14,44,0.8313180827886711
vehicle,sa,14,45,0.8313180827886711
vehicle,sa,14,46,0.8313180827886711
vehicle,sa,14,47,0.8313180827886711
vehicle,sa,14,48,0.8313180827886711
vehicle,sa,14,49,0.8313180827886711
vehicle,sa,14,50,0.8313180827886711
vehicle,sa,14,51,0.8313180827886711
vehicle,sa,14,52,0.8313180827886711
vehicle,sa,14,53,0.8313180827886711
vehicle,sa,14,54,0.8313180827886711
vehicle,sa,14,55,0.8313180827886711
vehicle,sa,14,56,0.8313180827886711
vehicle,sa,14,57,0.8313180827886711
vehicle,sa,14,58,0.8313180827886711
vehicle,sa,14,59,0.8313180827886711
vehicle,sa,14,60,0.8313180827886711
vehicle,sa,14,61,0.8313180827886711
vehicle,sa,14,62,0.8313180827886711
vehicle,sa,14,63,0.8313180827886711
vehicle,sa,14,64,0.8313289760348583
vehicle,sa,14,65,0.8313289760348583
vehicle,sa,14,66,0.8313289760348583
vehicle,sa,14,67,0.8313289760348583
vehicle,sa,14,68,0.8313289760348583
vehicle,sa,14,69,0.8313289760348583
vehicle,sa,14,70,0.8357734204793028
vehicle,sa,14,71,0.8357734204793028
vehicle,sa,14,72,0.8357734204793028
vehicle,sa,14,73,0.8357734204793028
vehicle,sa,14,74,0.8357734204793028
vehicle,sa,14,75,0.8357734204793028
vehicle,sa,14,76,0.8357734204793028
vehicle,sa,14,77,0.8357734204793028
vehicle,sa,14,78,0.8357734204793028
vehicle,sa,14,79,0.8357734204793028
vehicle,sa,14,80,0.8357734204793028
vehicle,sa,14,81,0.8357734204793028
vehicle,sa,14,82,0.8357734204793028
vehicle,sa,14,83,0.8357734204793028
vehicle,sa,14,84,0.8357734204793028
vehicle,sa,14,85,0.8357734204793028
vehicle,sa,14,86,0.8357734204793028
vehicle,sa,14,87,0.8357734204793028
vehicle,sa,14,88,0.8357734204793028
vehicle,sa,14,89,0.8357734204793028
vehicle,sa,14,90,0.8357734204793028
vehicle,sa,14,91,0.8357734204793028
vehicle,sa,14,92,0.8357734204793028
vehicle,sa,14,93,0.8357734204793028
vehicle,sa,14,94,0.8357734204793028
vehicle,sa,14,95,0.8387472766884532
vehicle,sa,14,96,0.8387472766884532
vehicle,sa,14,97,0.8401960784313726
vehicle,sa,14,98,0.8416884531590414
vehicle,sa,14,99,0.8416884531590414
vehicle,sa,14,100,0.8416884531590414
vehicle,sa,15,1,0.8092047930283224
vehicle,sa,15,2,0.815119825708061
vehicle,sa,15,3,0.815119825708061
vehicle,sa,15,4,0.815119825708061
vehicle,sa,15,5,0.815119825708061
vehicle,sa,15,6,0.815119825708061
vehicle,sa,15,7,0.815119825708061
vehicle,sa,15,8,0.815119825708061
vehicle,sa,15,9,0.815119825708061
vehicle,sa,15,10,0.815119825708061
vehicle,sa,15,11,0.815119825708061
vehicle,sa,15,12,0.815119825708061
vehicle,sa,15,13,0.8447167755991286
vehicle,sa,15,14,0.8447167755991286
vehicle,sa,15,15,0.8461873638344226
vehicle,sa,15,16,0.8461873638344226
vehicle,sa,15,17,0.8550217864923748
vehicle,sa,15,18,0.8550217864923748
vehicle,sa,15,19,0.8550217864923748
vehicle,sa,15,20,0.8550217864923748
vehicle,sa,15,21,0.8550217864923748
vehicle,sa,15,22,0.8550217864923748
vehicle,sa,15,23,0.8550217864923748
vehicle,sa,15,24,0.8550217864923748
vehicle,sa,15,25,0.8550217864923748
vehicle,sa,15,26,0.8550217864923748
vehicle,sa,15,27,0.8550217864923748
vehicle,sa,15,28,0.8550217864923748
vehicle,sa,15,29,0.8550217864923748
vehicle,sa,15,30,0.8550217864923748
vehicle,sa,15,31,0.8550217864923748
vehicle,sa,15,32,0.8550217864923748
vehicle,sa,15,33,0.8550217864923748
vehicle,sa,15,34,0.8550217864923748
vehicle,sa,15,35,0.8550217864923748
vehicle,sa,15,36,0.8550217864923748
vehicle,sa,15,37,0.8550217864923748
vehicle,sa,15,38,0.8550217864923748
vehicle,sa,15,39,0.8550217864923748
vehicle,sa,15,40,0.8550217864923748
vehicle,sa,15,41,0.8550217864923748
vehicle,sa,15,42,0.8550217864923748
vehicle,sa,15,43,0.8550217864923748
vehicle,sa,15,44,0.8550217864923748
vehicle,sa,15,45,0.8550217864923748
vehicle,sa,15,46,0.8550217864923748
vehicle,sa,15,47,0.8550217864923748
vehicle,sa,15,48,0.8550217864923748
vehicle,sa,15,49,0.8550217864923748
vehicle,sa,15,50,0.8550217864923748
vehicle,sa,15,51,0.8550217864923748
vehicle,sa,15,52,0.8550217864923748
vehicle,sa,15,53,0.8550217864923748
vehicle,sa,15,54,0.8550217864923748
vehicle,sa,15,55,0.8550217864923748
vehicle,sa,15,56,0.8550217864923748
vehicle,sa,15,57,0.8550217864923748
vehicle,sa,15,58,0.8550217864923748
vehicle,sa,15,59,0.8550217864923748
vehicle,sa,15,60,0.8550217864923748
vehicle,sa,15,61,0.8550217864923748
vehicle,sa,15,62,0.8550217864923748
vehicle,sa,15,63,0.8550217864923748
vehicle,sa,15,64,0.8550217864923748
vehicle,sa,15,65,0.8550217864923748
vehicle,sa,15,66,0.8550217864923748
vehicle,sa,15,67,0.8550217864923748
vehicle,sa,15,68,0.8550217864923748
vehicle,sa,15,69,0.8550217864923748
vehicle,sa,15,70,0.8550217864923748
vehicle,sa,15,71,0.8550217864923748
vehicle,sa,15,72,0.8550217864923748
vehicle,sa,15,73,0.8550217864923748
vehicle,sa,15,74,0.8550217864923748
vehicle,sa,15,75,0.8550217864923748
vehicle,sa,15,76,0.8550217864923748
vehicle,sa,15,77,0.8550217864923748
vehicle,sa,15,78,0.8550217864923748
vehicle,sa,15,79,0.8550217864923748
vehicle,sa,15,80,0.8550217864923748
vehicle,sa,15,81,0.8550217864923748
vehicle,sa,15,82,0.8550217864923748
vehicle,sa,15,83,0.8550217864923748
vehicle,sa,15,84,0.8550217864923748
vehicle,sa,15,85,0.8550217864923748
vehicle,sa,15,86,0.8550217864923748
vehicle,sa,15,87,0.8550217864923748
vehicle,sa,15,88,0.8550217864923748
vehicle,sa,15,89,0.8550217864923748
vehicle,sa,15,90,0.8550217864923748
vehicle,sa,15,91,0.8550217864923748
vehicle,sa,15,92,0.8550217864923748
vehicle,sa,15,93,0.8550217864923748
vehicle,sa,15,94,0.8550217864923748
vehicle,sa,15,95,0.8550217864923748
vehicle,sa,15,96,0.8550217864923748
vehicle,sa,15,97,0.8550217864923748
vehicle,sa,15,98,0.8550326797385621
vehicle,sa,15,99,0.8550326797385621
vehicle,sa,15,100,0.8550326797385621
vehicle,sa,16,1,0.7307734204793028
vehicle,sa,16,2,0.7307734204793028
vehicle,sa,16,3,0.7307734204793028
vehicle,sa,16,4,0.7307734204793028
vehicle,sa,16,5,0.7307734204793028
vehicle,sa,16,6,0.735239651416122
vehicle,sa,16,7,0.735239651416122
vehicle,sa,16,8,0.735239651416122
vehicle,sa,16,9,0.735239651416122
vehicle,sa,16,10,0.735239651416122
vehicle,sa,16,11,0.735239651416122
vehicle,sa,16,12,0.735239651416122
vehicle,sa,16,13,0.735239651416122
vehicle,sa,16,14,0.735239651416122
vehicle,sa,16,15,0.735239651416122
vehicle,sa,16,16,0.735239651416122
vehicle,sa,16,17,0.735239651416122
vehicle,sa,16,18,0.735239651416122
vehicle,sa,16,19,0.735239651416122
vehicle,sa,16,20,0.735239651416122
vehicle,sa,16,21,0.735239651416122
vehicle,sa,16,22,0.735239651416122
vehicle,sa,16,23,0.735239651416122
vehicle,sa,16,24,0.735239651416122
vehicle,sa,16,25,0.8121241830065358
vehicle,sa,16,26,0.8136056644880174
vehicle,sa,16,27,0.8136056644880174
vehicle,sa,16,28,0.8210457516339871
vehicle,sa,16,29,0.8210457516339871
vehicle,sa,16,30,0.8210457516339871
vehicle,sa,16,31,0.8210457516339871
vehicle,sa,16,32,0.8210457516339871
vehicle,sa,16,33,0.8210457516339871
vehicle,sa,16,34,0.8210457516339871
vehicle,sa,16,35,0.8210457516339871
vehicle,sa,16,36,0.8210457516339871
vehicle,sa,16,37,0.8210457516339871
vehicle,sa,16,38,0.8210457516339871
vehicle,sa,16,39,0.8210457516339871
vehicle,sa,16,40,0.8210457516339871
vehicle,sa,16,41,0.8210457516339871
vehicle,sa,16,42,0.8210457516339871
vehicle,sa,16,43,0.8210457516339871
vehicle,sa,16,44,0.8210457516339871
vehicle,sa,16,45,0.8210457516339871
vehicle,sa,16,46,0.8210457516339871
vehicle,sa,16,47,0.8210457516339871
vehicle,sa,16,48,0.8210457516339871
vehicle,sa,16,49,0.8210457516339871
vehicle,sa,16,50,0.8210457516339871
vehicle,sa,16,51,0.8210457516339871
vehicle,sa,16,52,0.8210457516339871
vehicle,sa,16,53,0.8210457516339871
vehicle,sa,16,54,0.8491067538126362
vehicle,sa,16,55,0.8491067538126362
vehicle,sa,16,56,0.8491067538126362
vehicle,sa,16,57,0.8491067538126362
vehicle,sa,16,58,0.8491067538126362
vehicle,sa,16,59,0.8491067538126362
vehicle,sa,16,60,0.8491067538126362
vehicle,sa,16,61,0.8491067538126362
vehicle,sa,16,62,0.8491067538126362
vehicle,sa,16,63,0.8491067538126362
vehicle,sa,16,64,0.8491067538126362
vehicle,sa,16,65,0.8491067538126362
vehicle,sa,16,66,0.8491067538126362
vehicle,sa,16,67,0.8491067538126362
vehicle,sa,16,68,0.8491067538126362
vehicle,sa,16,69,0.8491067538126362
vehicle,sa,16,70,0.8491067538126362
vehicle,sa,16,71,0.8491067538126362
vehicle,sa,16,72,0.8491067538126362
vehicle,sa,16,73,0.8491067538126362
vehicle,sa,16,74,0.8491067538126362
vehicle,sa,16,75,0.8491067538126362
vehicle,sa,16,76,0.8491067538126362
vehicle,sa,16,77,0.8491067538126362
vehicle,sa,16,78,0.8491067538126362
vehicle,sa,16,79,0.8491067538126362
vehicle,sa,16,80,0.8491067538126362
vehicle,sa,16,81,0.8491067538126362
vehicle,sa,16,82,0.8491067538126362
vehicle,sa,16,83,0.8491067538126362
vehicle,sa,16,84,0.8491067538126362
vehicle,sa,16,85,0.8491067538126362
vehicle,sa,16,86,0.8491067538126362
vehicle,sa,16,87,0.8491067538126362
vehicle,sa,16,88,0.8491067538126362
vehicle,sa,16,89,0.8491067538126362
vehicle,sa,16,90,0.8491067538126362
vehicle,sa,16,91,0.8491067538126362
vehicle,sa,16,92,0.8491067538126362
vehicle,sa,16,93,0.8491067538126362
vehicle,sa,16,94,0.8491067538126362
vehicle,sa,16,95,0.8491067538126362
vehicle,sa,16,96,0.8491067538126362
vehicle,sa,16,97,0.8491067538126362
vehicle,sa,16,98,0.8491067538126362
vehicle,sa,16,99,0.8491067538126362
vehicle,sa,16,100,0.8491067538126362
vehicle,sa,17,1,0.7603376906318082
vehicle,sa,17,2,0.7840196078431372
vehicle,sa,17,3,0.7840196078431372
vehicle,sa,17,4,0.7840196078431372
vehicle,sa,17,5,0.7840196078431372
vehicle,sa,17,6,0.7840196078431372
vehicle,sa,17,7,0.7988344226579521
vehicle,sa,17,8,0.8388126361655773
vehicle,sa,17,9,0.8388126361655773
vehicle,sa,17,10,0.8388126361655773
vehicle,sa,17,11,0.8388126361655773
vehicle,sa,17,12,0.8388126361655773
vehicle,sa,17,13,0.8388126361655773
vehicle,sa,17,14,0.8388126361655773
vehicle,sa,17,15,0.8388126361655773
vehicle,sa,17,16,0.8388126361655773
vehicle,sa,17,17,0.8388126361655773
vehicle,sa,17,18,0.8432244008714596
vehicle,sa,17,19,0.8432244008714596
vehicle,sa,17,20,0.8432244008714596
vehicle,sa,17,21,0.8447058823529412
vehicle,sa,17,22,0.8447058823529412
vehicle,sa,17,23,0.8580065359477123
vehicle,sa,17,24,0.8580065359477123
vehicle,sa,17,25,0.8580065359477123
vehicle,sa,17,26,0.8580065359477123
vehicle,sa,17,27,0.8580065359477123
vehicle,sa,17,28,0.8580065359477123
vehicle,sa,17,29,0.8580065359477123
vehicle,sa,17,30,0.8580065359477123
vehicle,sa,17,31,0.8580065359477123
vehicle,sa,17,32,0.8580065359477123
vehicle,sa,17,33,0.8580065359477123
vehicle,sa,17,34,0.8580065359477123
vehicle,sa,17,35,0.8580065359477123
vehicle,sa,17,36,0.8580065359477123
vehicle,sa,17,37,0.8580065359477123
vehicle,sa,17,38,0.8580065359477125
vehicle,sa,17,39,0.8580065359477125
vehicle,sa,17,40,0.8580065359477125
vehicle,sa,17,41,0.8580065359477125
vehicle,sa,17,42,0.8580065359477125
vehicle,sa,17,43,0.8580065359477125
vehicle,sa,17,44,0.8580065359477125
vehicle,sa,17,45,0.8580065359477125
vehicle,sa,17,46,0.8580065359477125
vehicle,sa,17,47,0.8580065359477125
vehicle,sa,17,48,0.8580065359477125
vehicle,sa,17,49,0.8580065359477125
vehicle,sa,17,50,0.8580065359477125
vehicle,sa,17,51,0.8580065359477125
vehicle,sa,17,52,0.8580065359477125
vehicle,sa,17,53,0.8580065359477125
vehicle,sa,17,54,0.8580065359477125
vehicle,sa,17,55,0.8580065359477125
vehicle,sa,17,56,0.8580065359477125
vehicle,sa,17,57,0.8580065359477125
vehicle,sa,17,58,0.8580065359477125
vehicle,sa,17,59,0.8580065359477125
vehicle,sa,17,60,0.8580065359477125
vehicle,sa,17,61,0.8580065359477125
vehicle,sa,17,62,0.8580065359477125
vehicle,sa,17,63,0.8580065359477125
vehicle,sa,17,64,0.8580065359477125
vehicle,sa,17,65,0.8580065359477125
vehicle,sa,17,66,0.8580065359477125
vehicle,sa,17,67,0.8580065359477125
vehicle,sa,17,68,0.8580065359477125
vehicle,sa,17,69,0.8580065359477125
vehicle,sa,17,70,0.8580065359477125
vehicle,sa,17,71,0.8580065359477125
vehicle,sa,17,72,0.8580065359477125
vehicle,sa,17,73,0.8580065359477125
vehicle,sa,17,74,0.8580065359477125
vehicle,sa,17,75,0.8580065359477125
vehicle,sa,17,76,0.8580065359477125
vehicle,sa,17,77,0.8580065359477125
vehicle,sa,17,78,0.8580065359477125
vehicle,sa,17,79,0.8580065359477125
vehicle,sa,17,80,0.8580065359477125
vehicle,sa,17,81,0.8580065359477125
vehicle,sa,17,82,0.8580065359477125
vehicle,sa,17,83,0.8580065359477125
vehicle,sa,17,84,0.8580065359477125
vehicle,sa,17,85,0.8580065359477125
vehicle,sa,17,86,0.8580065359477125
vehicle,sa,17,87,0.8580065359477125
vehicle,sa,17,88,0.8580065359477125
vehicle,sa,17,89,0.8580065359477125
vehicle,sa,17,90,0.8580065359477125
vehicle,sa,17,91,0.8580065359477125
vehicle,sa,17,92,0.8580065359477125
vehicle,sa,17,93,0.8580065359477125
vehicle,sa,17,94,0.8580065359477125
vehicle,sa,17,95,0.8580065359477125
vehicle,sa,17,96,0.8580065359477125
vehicle,sa,17,97,0.8580065359477125
vehicle,sa,17,98,0.8580065359477125
vehicle,sa,17,99,0.8580065359477125
vehicle,sa,17,100,0.8580065359477125
vehicle,sa,18,1,0.8328540305010893
vehicle,sa,18,2,0.8328540305010893
vehicle,sa,18,3,0.8328540305010893
vehicle,sa,18,4,0.8328540305010893
vehicle,sa,18,5,0.8387254901960786
vehicle,sa,18,6,0.8387254901960786
vehicle,sa,18,7,0.8387254901960786
vehicle,sa,18,8,0.8387254901960786
vehicle,sa,18,9,0.8387254901960786
vehicle,sa,18,10,0.8387254901960786
vehicle,sa,18,11,0.8387254901960786
vehicle,sa,18,12,0.8387254901960786
vehicle,sa,18,13,0.8387254901960786
vehicle,sa,18,14,0.8387254901960786
vehicle,sa,18,15,0.8387254901960786
vehicle,sa,18,16,0.8387254901960786
vehicle,sa,18,17,0.8387254901960786
vehicle,sa,18,18,0.8387254901960786
vehicle,sa,18,19,0.8387254901960786
vehicle,sa,18,20,0.8387254901960786
vehicle,sa,18,21,0.8387254901960786
vehicle,sa,18,22,0.8387254901960786
vehicle,sa,18,23,0.8387254901960786
vehicle,sa,18,24,0.8387254901960786
vehicle,sa,18,25,0.8387254901960786
vehicle,sa,18,26,0.8387254901960786
vehicle,sa,18,27,0.8387254901960786
vehicle,sa,18,28,0.8387254901960786
vehicle,sa,18,29,0.8387581699346406
vehicle,sa,18,30,0.840239651416122
vehicle,sa,18,31,0.840239651416122
vehicle,sa,18,32,0.840239651416122
vehicle,sa,18,33,0.840239651416122
vehicle,sa,18,34,0.840239651416122
vehicle,sa,18,35,0.840239651416122
vehicle,sa,18,36,0.840239651416122
vehicle,sa,18,37,0.840239651416122
vehicle,sa,18,38,0.840239651416122
vehicle,sa,18,39,0.8417211328976035
vehicle,sa,18,40,0.8417211328976035
vehicle,sa,18,41,0.8417211328976035
vehicle,sa,18,42,0.8417211328976035
vehicle,sa,18,43,0.8417211328976035
vehicle,sa,18,44,0.8417211328976035
vehicle,sa,18,45,0.8417211328976035
vehicle,sa,18,46,0.8417211328976035
vehicle,sa,18,47,0.8417211328976035
vehicle,sa,18,48,0.8417211328976035
vehicle,sa,18,49,0.8417211328976035
vehicle,sa,18,50,0.8461437908496732
vehicle,sa,18,51,0.8461437908496732
vehicle,sa,18,52,0.8461437908496732
vehicle,sa,18,53,0.8461437908496732
vehicle,sa,18,54,0.8461437908496732
vehicle,sa,18,55,0.8461437908496732
vehicle,sa,18,56,0.8461437908496732
vehicle,sa,18,57,0.8461437908496732
vehicle,sa,18,58,0.8461437908496732
vehicle,sa,18,59,0.8461437908496732
vehicle,sa,18,60,0.8461437908496732
vehicle,sa,18,61,0.8461437908496732
vehicle,sa,18,62,0.8461437908496732
vehicle,sa,18,63,0.8461437908496732
vehicle,sa,18,64,0.8461437908496732
vehicle,sa,18,65,0.8461437908496732
vehicle,sa,18,66,0.8461437908496732
vehicle,sa,18,67,0.8461437908496732
vehicle,sa,18,68,0.8461437908496732
vehicle,sa,18,69,0.8461437908496732
vehicle,sa,18,70,0.8461437908496732
vehicle,sa,18,71,0.8461437908496732
vehicle,sa,18,72,0.8461437908496732
vehicle,sa,18,73,0.8461437908496732
vehicle,sa,18,74,0.8461437908496732
vehicle,sa,18,75,0.8461437908496732
vehicle,sa,18,76,0.8461437908496732
vehicle,sa,18,77,0.8461437908496732
vehicle,sa,18,78,0.8461437908496732
vehicle,sa,18,79,0.8461437908496732
vehicle,sa,18,80,0.8461437908496732
vehicle,sa,18,81,0.8461437908496732
vehicle,sa,18,82,0.8461437908496732
vehicle,sa,18,83,0.8461437908496732
vehicle,sa,18,84,0.8461437908496732
vehicle,sa,18,85,0.8461437908496732
vehicle,sa,18,86,0.8461437908496732
vehicle,sa,18,87,0.8461437908496732
vehicle,sa,18,88,0.8461437908496732
vehicle,sa,18,89,0.8461437908496732
vehicle,sa,18,90,0.8461437908496732
vehicle,sa,18,91,0.8461437908496732
vehicle,sa,18,92,0.8461437908496732
vehicle,sa,18,93,0.8461437908496732
vehicle,sa,18,94,0.8461437908496732
vehicle,sa,18,95,0.8461437908496732
vehicle,sa,18,96,0.8461437908496732
vehicle,sa,18,97,0.8461437908496732
vehicle,sa,18,98,0.8461437908496732
vehicle,sa,18,99,0.8461437908496732
vehicle,sa,18,100,0.8461437908496732
vehicle,sa,19,1,0.5177777777777777
vehicle,sa,19,2,0.5177777777777777
vehicle,sa,19,3,0.6080065359477125
vehicle,sa,19,4,0.6080065359477125
vehicle,sa,19,5,0.6080065359477125
vehicle,sa,19,6,0.6080065359477125
vehicle,sa,19,7,0.744161220043573
vehicle,sa,19,8,0.7723202614379086
vehicle,sa,19,9,0.7723202614379086
vehicle,sa,19,10,0.7723202614379086
vehicle,sa,19,11,0.8195642701525057
vehicle,sa,19,12,0.8328758169934641
vehicle,sa,19,13,0.8328758169934641
vehicle,sa,19,14,0.8328758169934641
vehicle,sa,19,15,0.8343572984749456
vehicle,sa,19,16,0.8343572984749456
vehicle,sa,19,17,0.8343572984749456
vehicle,sa,19,18,0.8343572984749456
vehicle,sa,19,19,0.8343572984749456
vehicle,sa,19,20,0.8343572984749456
vehicle,sa,19,21,0.8343572984749456
vehicle,sa,19,22,0.8343572984749456
vehicle,sa,19,23,0.8343572984749456
vehicle,sa,19,24,0.8343572984749456
vehicle,sa,19,25,0.8343572984749456
vehicle,sa,19,26,0.8343572984749456
vehicle,sa,19,27,0.8343572984749456
vehicle,sa,19,28,0.8343572984749456
vehicle,sa,19,29,0.8343572984749456
vehicle,sa,19,30,0.8343572984749456
vehicle,sa,19,31,0.8343572984749456
vehicle,sa,19,32,0.8343572984749456
vehicle,sa,19,33,0.8343572984749456
vehicle,sa,19,34,0.8343572984749456
vehicle,sa,19,35,0.8343572984749456
vehicle,sa,19,36,0.8343572984749456
vehicle,sa,19,37,0.8447494553376906
vehicle,sa,19,38,0.8447494553376906
vehicle,sa,19,39,0.8447494553376906
vehicle,sa,19,40,0.8447494553376906
vehicle,sa,19,41,0.8447494553376906
vehicle,sa,19,42,0.8447494553376906
vehicle,sa,19,43,0.8447494553376906
vehicle,sa,19,44,0.8447494553376906
vehicle,sa,19,45,0.8447494553376906
vehicle,sa,19,46,0.8447494553376906
vehicle,sa,19,47,0.8447494553376906
vehicle,sa,19,48,0.8447494553376906
vehicle,sa,19,49,0.8447494553376906
vehicle,sa,19,50,0.8447494553376906
vehicle,sa,19,51,0.8447494553376906
vehicle,sa,19,52,0.8447494553376906
vehicle,sa,19,53,0.8447494553376906
vehicle,sa,19,54,0.8447494553376906
vehicle,sa,19,55,0.8447494553376906
vehicle,sa,19,56,0.8447494553376906
vehicle,sa,19,57,0.8447494553376906
vehicle,sa,19,58,0.8447494553376906
vehicle,sa,19,59,0.8447494553376906
vehicle,sa,19,60,0.8447494553376906
vehicle,sa,19,61,0.8447494553376906
vehicle,sa,19,62,0.8447494553376906
vehicle,sa,19,63,0.8447494553376906
vehicle,sa,19,64,0.8477450980392156
vehicle,sa,19,65,0.8477450980392156
vehicle,sa,19,66,0.8477450980392156
vehicle,sa,19,67,0.8477450980392156
vehicle,sa,19,68,0.8477450980392156
vehicle,sa,19,69,0.8477450980392156
vehicle,sa,19,70,0.8477450980392156
vehicle,sa,19,71,0.8477450980392156
vehicle,sa,19,72,0.8477450980392156
vehicle,sa,19,73,0.8477450980392156
vehicle,sa,19,74,0.8477450980392156
vehicle,sa,19,75,0.8477450980392156
vehicle,sa,19,76,0.8477450980392156
vehicle,sa,19,77,0.8477450980392156
vehicle,sa,19,78,0.8477450980392156
vehicle,sa,19,79,0.8477450980392156
vehicle,sa,19,80,0.8477450980392156
vehicle,sa,19,81,0.8477450980392156
vehicle,sa,19,82,0.8477450980392156
vehicle,sa,19,83,0.8477450980392156
vehicle,sa,19,84,0.8477450980392156
vehicle,sa,19,85,0.8477450980392156
vehicle,sa,19,86,0.8477450980392156
vehicle,sa,19,87,0.8477450980392156
vehicle,sa,19,88,0.8477450980392156
vehicle,sa,19,89,0.8477450980392156
vehicle,sa,19,90,0.8477450980392156
vehicle,sa,19,91,0.8477450980392156
vehicle,sa,19,92,0.8477450980392156
vehicle,sa,19,93,0.8477450980392156
vehicle,sa,19,94,0.8477450980392156
vehicle,sa,19,95,0.8477450980392156
vehicle,sa,19,96,0.8477450980392156
vehicle,sa,19,97,0.8477450980392156
vehicle,sa,19,98,0.8477450980392156
vehicle,sa,19,99,0.8477450980392156
vehicle,sa,19,100,0.8477450980392156
vehicle,sa,20,1,0.5162745098039215
vehicle,sa,20,2,0.8002723311546841
vehicle,sa,20,3,0.8002723311546841
vehicle,sa,20,4,0.8002723311546841
vehicle,sa,20,5,0.8046949891067537
vehicle,sa,20,6,0.8210348583877994
vehicle,sa,20,7,0.8210348583877994
vehicle,sa,20,8,0.8239106753812637
vehicle,sa,20,9,0.8239106753812637
vehicle,sa,20,10,0.8239106753812637
vehicle,sa,20,11,0.8239106753812637
vehicle,sa,20,12,0.8239106753812637
vehicle,sa,20,13,0.8239106753812637
vehicle,sa,20,14,0.8239106753812637
vehicle,sa,20,15,0.8239106753812637
vehicle,sa,20,16,0.8239106753812637
vehicle,sa,20,17,0.8239106753812637
vehicle,sa,20,18,0.8298692810457515
vehicle,sa,20,19,0.8298692810457515
vehicle,sa,20,20,0.8298692810457515
vehicle,sa,20,21,0.8328867102396516
vehicle,sa,20,22,0.8328867102396516
vehicle,sa,20,23,0.8328867102396516
vehicle,sa,20,24,0.8328867102396516
vehicle,sa,20,25,0.8328867102396516
vehicle,sa,20,26,0.8328867102396516
vehicle,sa,20,27,0.8328867102396516
vehicle,sa,20,28,0.8328867102396516
vehicle,sa,20,29,0.8328867102396516
vehicle,sa,20,30,0.8328867102396516
vehicle,sa,20,31,0.8343464052287581
vehicle,sa,20,32,0.8343464052287581
vehicle,sa,20,33,0.8343464052287581
vehicle,sa,20,34,0.8343464052287581
vehicle,sa,20,35,0.8343464052287581
vehicle,sa,20,36,0.8343464052287581
vehicle,sa,20,37,0.8343464052287581
vehicle,sa,20,38,0.8343464052287581
vehicle,sa,20,39,0.8431808278867102
vehicle,sa,20,40,0.8431808278867102
vehicle,sa,20,41,0.8431808278867102
vehicle,sa,20,42,0.8431808278867102
vehicle,sa,20,43,0.8431808278867102
vehicle,sa,20,44,0.8431808278867102
vehicle,sa,20,45,0.8431808278867102
vehicle,sa,20,46,0.8431808278867102
vehicle,sa,20,47,0.8446514161220045
vehicle,sa,20,48,0.8461437908496732
vehicle,sa,20,49,0.8461437908496732
vehicle,sa,20,50,0.8461437908496732
vehicle,sa,20,51,0.8461437908496732
vehicle,sa,20,52,0.8461437908496732
vehicle,sa,20,53,0.852037037037037
vehicle,sa,20,54,0.852037037037037
vehicle,sa,20,55,0.852037037037037
vehicle,sa,20,56,0.852037037037037
vehicle,sa,20,57,0.852037037037037
vehicle,sa,20,58,0.852037037037037
vehicle,sa,20,59,0.852037037037037
vehicle,sa,20,60,0.852037037037037
vehicle,sa,20,61,0.852037037037037
vehicle,sa,20,62,0.852037037037037
vehicle,sa,20,63,0.852037037037037
vehicle,sa,20,64,0.852037037037037
vehicle,sa,20,65,0.852037037037037
vehicle,sa,20,66,0.852037037037037
vehicle,sa,20,67,0.852037037037037
vehicle,sa,20,68,0.852037037037037
vehicle,sa,20,69,0.852037037037037
vehicle,sa,20,70,0.852037037037037
vehicle,sa,20,71,0.852037037037037
vehicle,sa,20,72,0.852037037037037
vehicle,sa,20,73,0.852037037037037
vehicle,sa,20,74,0.852037037037037
vehicle,sa,20,75,0.852037037037037
vehicle,sa,20,76,0.852037037037037
vehicle,sa,20,77,0.852037037037037
vehicle,sa,20,78,0.852037037037037
vehicle,sa,20,79,0.852037037037037
vehicle,sa,20,80,0.852037037037037
vehicle,sa,20,81,0.852037037037037
vehicle,sa,20,82,0.852037037037037
vehicle,sa,20,83,0.852037037037037
vehicle,sa,20,84,0.852037037037037
vehicle,sa,20,85,0.852037037037037
vehicle,sa,20,86,0.852037037037037
vehicle,sa,20,87,0.852037037037037
vehicle,sa,20,88,0.852037037037037
vehicle,sa,20,89,0.852037037037037
vehicle,sa,20,90,0.852037037037037
vehicle,sa,20,91,0.852037037037037
vehicle,sa,20,92,0.852037037037037
vehicle,sa,20,93,0.852037037037037
vehicle,sa,20,94,0.852037037037037
vehicle,sa,20,95,0.852037037037037
vehicle,sa,20,96,0.852037037037037
vehicle,sa,20,97,0.852037037037037
vehicle,sa,20,98,0.852037037037037
vehicle,sa,20,99,0.852037037037037
vehicle,sa,20,100,0.852037037037037
vehicle,sa,21,1,0.2899891067538126
vehicle,sa,21,2,0.2899891067538126
vehicle,sa,21,3,0.2899891067538126
vehicle,sa,21,4,0.2899891067538126
vehicle,sa,21,5,0.2899891067538126
vehicle,sa,21,6,0.2899891067538126
vehicle,sa,21,7,0.2899891067538126
vehicle,sa,21,8,0.2899891067538126
vehicle,sa,21,9,0.2899891067538126
vehicle,sa,21,10,0.2899891067538126
vehicle,sa,21,11,0.2899891067538126
vehicle,sa,21,12,0.2899891067538126
vehicle,sa,21,13,0.2899891067538126
vehicle,sa,21,14,0.4526797385620915
vehicle,sa,21,15,0.4526797385620915
vehicle,sa,21,16,0.5991176470588236
vehicle,sa,21,17,0.7336383442265795
vehicle,sa,21,18,0.7691721132897603
vehicle,sa,21,19,0.789880174291939
vehicle,sa,21,20,0.789880174291939
vehicle,sa,21,21,0.789880174291939
vehicle,sa,21,22,0.789880174291939
vehicle,sa,21,23,0.8016993464052288
vehicle,sa,21,24,0.8343137254901961
vehicle,sa,21,25,0.8343137254901961
vehicle,sa,21,26,0.841710239651416
vehicle,sa,21,27,0.841710239651416
vehicle,sa,21,28,0.844640522875817
vehicle,sa,21,29,0.844640522875817
vehicle,sa,21,30,0.8461546840958605
vehicle,sa,21,31,0.8461546840958605
vehicle,sa,21,32,0.8461546840958605
vehicle,sa,21,33,0.8461546840958605
vehicle,sa,21,34,0.8461546840958605
vehicle,sa,21,35,0.8461546840958605
vehicle,sa,21,36,0.8490958605664488
vehicle,sa,21,37,0.8490958605664488
vehicle,sa,21,38,0.8490958605664488
vehicle,sa,21,39,0.8490958605664488
vehicle,sa,21,40,0.8490958605664488
vehicle,sa,21,41,0.8490958605664488
vehicle,sa,21,42,0.8490958605664488
vehicle,sa,21,43,0.8490958605664488
vehicle,sa,21,44,0.8490958605664488
vehicle,sa,21,45,0.8490958605664488
vehicle,sa,21,46,0.8490958605664488
vehicle,sa,21,47,0.8535185185185185
vehicle,sa,21,48,0.8535185185185185
vehicle,sa,21,49,0.8535185185185185
vehicle,sa,21,50,0.8535185185185185
vehicle,sa,21,51,0.8535185185185185
vehicle,sa,21,52,0.8535185185185185
vehicle,sa,21,53,0.8535185185185185
vehicle,sa,21,54,0.8535185185185185
vehicle,sa,21,55,0.8535185185185185
vehicle,sa,21,56,0.8535185185185185
vehicle,sa,21,57,0.8535185185185185
vehicle,sa,21,58,0.8535185185185185
vehicle,sa,21,59,0.8535185185185185
vehicle,sa,21,60,0.8535185185185185
vehicle,sa,21,61,0.8535185185185185
vehicle,sa,21,62,0.8535185185185185
vehicle,sa,21,63,0.8535185185185185
vehicle,sa,21,64,0.8535185185185185
vehicle,sa,21,65,0.8535185185185185
vehicle,sa,21,66,0.8535185185185185
vehicle,sa,21,67,0.8535185185185185
vehicle,sa,21,68,0.8535185185185185
vehicle,sa,21,69,0.8535185185185185
vehicle,sa,21,70,0.8535185185185185
vehicle,sa,21,71,0.8535185185185185
vehicle,sa,21,72,0.8535185185185185
vehicle,sa,21,73,0.8535185185185185
vehicle,sa,21,74,0.8535185185185185
vehicle,sa,21,75,0.8535185185185185
vehicle,sa,21,76,0.8535185185185185
vehicle,sa,21,77,0.8535185185185185
vehicle,sa,21,78,0.8535185185185185
vehicle,sa,21,79,0.8535185185185185
vehicle,sa,21,80,0.8535185185185185
vehicle,sa,21,81,0.8535185185185185
vehicle,sa,21,82,0.8535185185185185
vehicle,sa,21,83,0.8535185185185185
vehicle,sa,21,84,0.8535185185185185
vehicle,sa,21,85,0.8535185185185185
vehicle,sa,21,86,0.8535185185185185
vehicle,sa,21,87,0.8535185185185185
vehicle,sa,21,88,0.8535185185185185
vehicle,sa,21,89,0.8535185185185185
vehicle,sa,21,90,0.8535185185185185
vehicle,sa,21,91,0.8535185185185185
vehicle,sa,21,92,0.8535185185185185
vehicle,sa,21,93,0.8535185185185185
vehicle,sa,21,94,0.8535185185185185
vehicle,sa,21,95,0.8623856209150327
vehicle,sa,21,96,0.8623856209150327
vehicle,sa,21,97,0.8623856209150327
vehicle,sa,21,98,0.8623856209150327
vehicle,sa,21,99,0.8623856209150327
vehicle,sa,21,100,0.8623856209150327
vehicle,sa,22,1,0.6849564270152506
vehicle,sa,22,2,0.7337690631808279
vehicle,sa,22,3,0.7337690631808279
vehicle,sa,22,4,0.7337690631808279
vehicle,sa,22,5,0.7337690631808279
vehicle,sa,22,6,0.7337690631808279
vehicle,sa,22,7,0.7337690631808279
vehicle,sa,22,8,0.7337690631808279
vehicle,sa,22,9,0.7337690631808279
vehicle,sa,22,10,0.7337690631808279
vehicle,sa,22,11,0.7337690631808279
vehicle,sa,22,12,0.7337690631808279
vehicle,sa,22,13,0.7766557734204793
vehicle,sa,22,14,0.7766557734204793
vehicle,sa,22,15,0.8092047930283224
vehicle,sa,22,16,0.8092047930283224
vehicle,sa,22,17,0.8092047930283224
vehicle,sa,22,18,0.8092047930283224
vehicle,sa,22,19,0.8092047930283224
vehicle,sa,22,20,0.8092047930283224
vehicle,sa,22,21,0.819553376906318
vehicle,sa,22,22,0.819553376906318
vehicle,sa,22,23,0.819553376906318
vehicle,sa,22,24,0.819553376906318
vehicle,sa,22,25,0.819553376906318
vehicle,sa,22,26,0.819553376906318
vehicle,sa,22,27,0.819553376906318
vehicle,sa,22,28,0.8210348583877997
vehicle,sa,22,29,0.8210348583877997
vehicle,sa,22,30,0.8210348583877997
vehicle,sa,22,31,0.8210348583877997
vehicle,sa,22,32,0.8210348583877997
vehicle,sa,22,33,0.8210348583877997
vehicle,sa,22,34,0.8210348583877997
vehicle,sa,22,35,0.8210348583877997
vehicle,sa,22,36,0.8210457516339869
vehicle,sa,22,37,0.8210457516339869
vehicle,sa,22,38,0.8210457516339869
vehicle,sa,22,39,0.8210457516339869
vehicle,sa,22,40,0.8210457516339869
vehicle,sa,22,41,0.834368191721133
vehicle,sa,22,42,0.834368191721133
vehicle,sa,22,43,0.834368191721133
vehicle,sa,22,44,0.834368191721133
vehicle,sa,22,45,0.834368191721133
vehicle,sa,22,46,0.834368191721133
vehicle,sa,22,47,0.8372875816993464
vehicle,sa,22,48,0.8387799564270152
vehicle,sa,22,49,0.8387799564270152
vehicle,sa,22,50,0.8387799564270152
vehicle,sa,22,51,0.8387799564270152
vehicle,sa,22,52,0.8387799564270152
vehicle,sa,22,53,0.8387799564270152
vehicle,sa,22,54,0.8387799564270152
vehicle,sa,22,55,0.8387799564270152
vehicle,sa,22,56,0.8387799564270152
vehicle,sa,22,57,0.8387799564270152
vehicle,sa,22,58,0.8387799564270152
vehicle,sa,22,59,0.8402505446623094
vehicle,sa,22,60,0.8402505446623094
vehicle,sa,22,61,0.8402505446623094
vehicle,sa,22,62,0.8402505446623094
vehicle,sa,22,63,0.8402505446623094
vehicle,sa,22,64,0.8402505446623094
vehicle,sa,22,65,0.8402505446623094
vehicle,sa,22,66,0.8402505446623094
vehicle,sa,22,67,0.8402505446623094
vehicle,sa,22,68,0.8402505446623094
vehicle,sa,22,69,0.8402505446623094
vehicle,sa,22,70,0.8402505446623094
vehicle,sa,22,71,0.8402505446623094
vehicle,sa,22,72,0.8402505446623094
vehicle,sa,22,73,0.8402505446623094
vehicle,sa,22,74,0.8402505446623094
vehicle,sa,22,75,0.8402505446623094
vehicle,sa,22,76,0.8402505446623094
vehicle,sa,22,77,0.8402505446623094
vehicle,sa,22,78,0.8402505446623094
vehicle,sa,22,79,0.8402505446623094
vehicle,sa,22,80,0.8402505446623094
vehicle,sa,22,81,0.8402505446623094
vehicle,sa,22,82,0.8402505446623094
vehicle,sa,22,83,0.8402505446623094
vehicle,sa,22,84,0.8402505446623094
vehicle,sa,22,85,0.8402505446623094
vehicle,sa,22,86,0.8402505446623094
vehicle,sa,22,87,0.8402505446623094
vehicle,sa,22,88,0.8402505446623094
vehicle,sa,22,89,0.8402505446623094
vehicle,sa,22,90,0.8402505446623094
vehicle,sa,22,91,0.8416993464052286
vehicle,sa,22,92,0.8416993464052286
vehicle,sa,22,93,0.8416993464052286
vehicle,sa,22,94,0.8416993464052286
vehicle,sa,22,95,0.8416993464052286
vehicle,sa,22,96,0.8416993464052286
vehicle,sa,22,97,0.8416993464052286
vehicle,sa,22,98,0.8432244008714598
vehicle,sa,22,99,0.8432244008714598
vehicle,sa,22,100,0.8432244008714598
vehicle,sa,23,1,0.3949891067538126
vehicle,sa,23,2,0.3949891067538126
vehicle,sa,23,3,0.3949891067538126
vehicle,sa,23,4,0.6168954248366012
vehicle,sa,23,5,0.7870370370370371
vehicle,sa,23,6,0.8018191721132897
vehicle,sa,23,7,0.8461764705882352
vehicle,sa,23,8,0.8461764705882352
vehicle,sa,23,9,0.8461764705882352
vehicle,sa,23,10,0.8461764705882352
vehicle,sa,23,11,0.8461764705882352
vehicle,sa,23,12,0.8461764705882352
vehicle,sa,23,13,0.8461764705882352
vehicle,sa,23,14,0.8461764705882352
vehicle,sa,23,15,0.8461764705882352
vehicle,sa,23,16,0.8461764705882352
vehicle,sa,23,17,0.8461764705882352
vehicle,sa,23,18,0.8461764705882352
vehicle,sa,23,19,0.8461764705882352
vehicle,sa,23,20,0.8461764705882352
vehicle,sa,23,21,0.8461764705882352
vehicle,sa,23,22,0.8461764705882352
vehicle,sa,23,23,0.8461764705882352
vehicle,sa,23,24,0.8461764705882352
vehicle,sa,23,25,0.8461764705882352
vehicle,sa,23,26,0.8461764705882352
vehicle,sa,23,27,0.8461764705882352
vehicle,sa,23,28,0.8461764705882352
vehicle,sa,23,29,0.8461764705882352
vehicle,sa,23,30,0.8461764705882352
vehicle,sa,23,31,0.8461764705882352
vehicle,sa,23,32,0.8461764705882352
vehicle,sa,23,33,0.8461764705882352
vehicle,sa,23,34,0.84619825708061
vehicle,sa,23,35,0.84619825708061
vehicle,sa,23,36,0.85359477124183
vehicle,sa,23,37,0.85359477124183
vehicle,sa,23,38,0.85359477124183
vehicle,sa,23,39,0.85359477124183
vehicle,sa,23,40,0.85359477124183
vehicle,sa,23,41,0.85359477124183
vehicle,sa,23,42,0.85359477124183
vehicle,sa,23,43,0.85359477124183
vehicle,sa,23,44,0.85359477124183
vehicle,sa,23,45,0.85359477124183
vehicle,sa,23,46,0.85359477124183
vehicle,sa,23,47,0.85359477124183
vehicle,sa,23,48,0.85359477124183
vehicle,sa,23,49,0.85359477124183
vehicle,sa,23,50,0.85359477124183
vehicle,sa,23,51,0.85359477124183
vehicle,sa,23,52,0.85359477124183
vehicle,sa,23,53,0.8550980392156863
vehicle,sa,23,54,0.8550980392156863
vehicle,sa,23,55,0.8550980392156863
vehicle,sa,23,56,0.8550980392156863
vehicle,sa,23,57,0.8550980392156863
vehicle,sa,23,58,0.8550980392156863
vehicle,sa,23,59,0.8550980392156863
vehicle,sa,23,60,0.8550980392156863
vehicle,sa,23,61,0.8550980392156863
vehicle,sa,23,62,0.8550980392156863
vehicle,sa,23,63,0.8550980392156863
vehicle,sa,23,64,0.8550980392156863
vehicle,sa,23,65,0.8550980392156863
vehicle,sa,23,66,0.8550980392156863
vehicle,sa,23,67,0.8550980392156863
vehicle,sa,23,68,0.8550980392156863
vehicle,sa,23,69,0.8550980392156863
vehicle,sa,23,70,0.8550980392156863
vehicle,sa,23,71,0.8550980392156863
vehicle,sa,23,72,0.8550980392156863
vehicle,sa,23,73,0.8550980392156863
vehicle,sa,23,74,0.8550980392156863
vehicle,sa,23,75,0.8550980392156863
vehicle,sa,23,76,0.8550980392156863
vehicle,sa,23,77,0.8550980392156863
vehicle,sa,23,78,0.8550980392156863
vehicle,sa,23,79,0.8550980392156863
vehicle,sa,23,80,0.8550980392156863
vehicle,sa,23,81,0.8550980392156863
vehicle,sa,23,82,0.8550980392156863
vehicle,sa,23,83,0.8550980392156863
vehicle,sa,23,84,0.8550980392156863
vehicle,sa,23,85,0.8550980392156863
vehicle,sa,23,86,0.8550980392156863
vehicle,sa,23,87,0.8550980392156863
vehicle,sa,23,88,0.8550980392156863
vehicle,sa,23,89,0.8550980392156863
vehicle,sa,23,90,0.8550980392156863
vehicle,sa,23,91,0.8550980392156863
vehicle,sa,23,92,0.8550980392156863
vehicle,sa,23,93,0.8550980392156863
vehicle,sa,23,94,0.8550980392156863
vehicle,sa,23,95,0.8550980392156863
vehicle,sa,23,96,0.8550980392156863
vehicle,sa,23,97,0.8550980392156863
vehicle,sa,23,98,0.8550980392156863
vehicle,sa,23,99,0.8550980392156863
vehicle,sa,23,100,0.8550980392156863
vehicle,sa,24,1,0.7780392156862744
vehicle,sa,24,2,0.8105773420479302
vehicle,sa,24,3,0.8150108932461875
vehicle,sa,24,4,0.8520697167755991
vehicle,sa,24,5,0.8520697167755991
vehicle,sa,24,6,0.8520697167755991
vehicle,sa,24,7,0.8520697167755991
vehicle,sa,24,8,0.8520697167755991
vehicle,sa,24,9,0.8520697167755991
vehicle,sa,24,10,0.8520697167755991
vehicle,sa,24,11,0.8520697167755991
vehicle,sa,24,12,0.8520697167755991
vehicle,sa,24,13,0.8520697167755991
vehicle,sa,24,14,0.8520697167755991
vehicle,sa,24,15,0.8520697167755991
vehicle,sa,24,16,0.8520697167755991
vehicle,sa,24,17,0.8520697167755991
vehicle,sa,24,18,0.8520697167755991
vehicle,sa,24,19,0.8520697167755991
vehicle,sa,24,20,0.8520697167755993
vehicle,sa,24,21,0.8520697167755993
vehicle,sa,24,22,0.8520697167755993
vehicle,sa,24,23,0.8520697167755993
vehicle,sa,24,24,0.8520697167755993
vehicle,sa,24,25,0.8520697167755993
vehicle,sa,24,26,0.8520697167755993
vehicle,sa,24,27,0.8520697167755993
vehicle,sa,24,28,0.8520697167755993
vehicle,sa,24,29,0.8520697167755993
vehicle,sa,24,30,0.8520697167755993
vehicle,sa,24,31,0.8520697167755993
vehicle,sa,24,32,0.8520697167755993
vehicle,sa,24,33,0.8520697167755993
vehicle,sa,24,34,0.8520697167755993
vehicle,sa,24,35,0.8520697167755993
vehicle,sa,24,36,0.8520697167755993
vehicle,sa,24,37,0.8520697167755993
vehicle,sa,24,38,0.8520697167755993
vehicle,sa,24,39,0.8609586056644881
vehicle,sa,24,40,0.8609586056644881
vehicle,sa,24,41,0.8609586056644881
vehicle,sa,24,42,0.8609586056644881
vehicle,sa,24,43,0.8609586056644881
vehicle,sa,24,44,0.8609586056644881
vehicle,sa,24,45,0.8609586056644881
vehicle,sa,24,46,0.8609586056644881
vehicle,sa,24,47,0.8609586056644881
vehicle,sa,24,48,0.8609586056644881
vehicle,sa,24,49,0.8609586056644881
vehicle,sa,24,50,0.8609586056644881
vehicle,sa,24,51,0.8609586056644881
vehicle,sa,24,52,0.8609586056644881
vehicle,sa,24,53,0.8609586056644881
vehicle,sa,24,54,0.8609586056644881
vehicle,sa,24,55,0.8609586056644881
vehicle,sa,24,56,0.8609586056644881
vehicle,sa,24,57,0.8609586056644881
vehicle,sa,24,58,0.8609586056644881
vehicle,sa,24,59,0.8609586056644881
vehicle,sa,24,60,0.8609586056644881
vehicle,sa,24,61,0.8609586056644881
vehicle,sa,24,62,0.8609586056644881
vehicle,sa,24,63,0.8609586056644881
vehicle,sa,24,64,0.8609586056644881
vehicle,sa,24,65,0.8609586056644881
vehicle,sa,24,66,0.8609586056644881
vehicle,sa,24,67,0.8609586056644881
vehicle,sa,24,68,0.8609586056644881
vehicle,sa,24,69,0.8609586056644881
vehicle,sa,24,70,0.8609586056644881
vehicle,sa,24,71,0.8609586056644881
vehicle,sa,24,72,0.8609586056644881
vehicle,sa,24,73,0.8609586056644881
vehicle,sa,24,74,0.8609586056644881
vehicle,sa,24,75,0.8609586056644881
vehicle,sa,24,76,0.8609586056644881
vehicle,sa,24,77,0.8609586056644881
vehicle,sa,24,78,0.8609586056644881
vehicle,sa,24,79,0.8609586056644881
vehicle,sa,24,80,0.8609586056644881
vehicle,sa,24,81,0.8609586056644881
vehicle,sa,24,82,0.8609586056644881
vehicle,sa,24,83,0.8609586056644881
vehicle,sa,24,84,0.8609586056644881
vehicle,sa,24,85,0.8609586056644881
vehicle,sa,24,86,0.8609586056644881
vehicle,sa,24,87,0.8609586056644881
vehicle,sa,24,88,0.8609586056644881
vehicle,sa,24,89,0.8609586056644881
vehicle,sa,24,90,0.8609586056644881
vehicle,sa,24,91,0.8609586056644881
vehicle,sa,24,92,0.8609586056644881
vehicle,sa,24,93,0.8609586056644881
vehicle,sa,24,94,0.8609586056644881
vehicle,sa,24,95,0.8609586056644881
vehicle,sa,24,96,0.8609586056644881
vehicle,sa,24,97,0.8609586056644881
vehicle,sa,24,98,0.8609586056644881
vehicle,sa,24,99,0.8609586056644881
vehicle,sa,24,100,0.8609586056644881
vehicle,sa,25,1,0.8357843137254901
vehicle,sa,25,2,0.8416993464052288
vehicle,sa,25,3,0.8416993464052288
vehicle,sa,25,4,0.8416993464052288
vehicle,sa,25,5,0.8416993464052288
vehicle,sa,25,6,0.8416993464052288
vehicle,sa,25,7,0.8416993464052288
vehicle,sa,25,8,0.8416993464052288
vehicle,sa,25,9,0.8416993464052288
vehicle,sa,25,10,0.844694989106754
vehicle,sa,25,11,0.844694989106754
vehicle,sa,25,12,0.844694989106754
vehicle,sa,25,13,0.844694989106754
vehicle,sa,25,14,0.844694989106754
vehicle,sa,25,15,0.844694989106754
vehicle,sa,25,16,0.844694989106754
vehicle,sa,25,17,0.844694989106754
vehicle,sa,25,18,0.844694989106754
vehicle,sa,25,19,0.844694989106754
vehicle,sa,25,20,0.844694989106754
vehicle,sa,25,21,0.844694989106754
vehicle,sa,25,22,0.8491394335511984
vehicle,sa,25,23,0.8491394335511984
vehicle,sa,25,24,0.8491394335511984
vehicle,sa,25,25,0.8491394335511984
vehicle,sa,25,26,0.8491394335511984
vehicle,sa,25,27,0.8491394335511984
vehicle,sa,25,28,0.8491394335511984
vehicle,sa,25,29,0.8491394335511984
vehicle,sa,25,30,0.8491394335511984
vehicle,sa,25,31,0.8491394335511984
vehicle,sa,25,32,0.8491394335511984
vehicle,sa,25,33,0.8491394335511984
vehicle,sa,25,34,0.8491394335511984
vehicle,sa,25,35,0.8491394335511984
vehicle,sa,25,36,0.8491394335511984
vehicle,sa,25,37,0.8491394335511984
vehicle,sa,25,38,0.8491394335511984
vehicle,sa,25,39,0.8491394335511984
vehicle,sa,25,40,0.8491394335511984
vehicle,sa,25,41,0.8491394335511984
vehicle,sa,25,42,0.8491394335511984
vehicle,sa,25,43,0.8491394335511984
vehicle,sa,25,44,0.8491394335511984
vehicle,sa,25,45,0.8491394335511984
vehicle,sa,25,46,0.8491394335511984
vehicle,sa,25,47,0.8491394335511984
vehicle,sa,25,48,0.8491394335511984
vehicle,sa,25,49,0.8491394335511984
vehicle,sa,25,50,0.8491394335511984
vehicle,sa,25,51,0.8491394335511984
vehicle,sa,25,52,0.8491394335511984
vehicle,sa,25,53,0.855065359477124
vehicle,sa,25,54,0.855065359477124
vehicle,sa,25,55,0.855065359477124
vehicle,sa,25,56,0.855065359477124
vehicle,sa,25,57,0.855065359477124
vehicle,sa,25,58,0.855065359477124
vehicle,sa,25,59,0.855065359477124
vehicle,sa,25,60,0.855065359477124
vehicle,sa,25,61,0.855065359477124
vehicle,sa,25,62,0.855065359477124
vehicle,sa,25,63,0.855065359477124
vehicle,sa,25,64,0.855065359477124
vehicle,sa,25,65,0.855065359477124
vehicle,sa,25,66,0.855065359477124
vehicle,sa,25,67,0.855065359477124
vehicle,sa,25,68,0.855065359477124
vehicle,sa,25,69,0.855065359477124
vehicle,sa,25,70,0.855065359477124
vehicle,sa,25,71,0.855065359477124
vehicle,sa,25,72,0.855065359477124
vehicle,sa,25,73,0.855065359477124
vehicle,sa,25,74,0.855065359477124
vehicle,sa,25,75,0.855065359477124
vehicle,sa,25,76,0.855065359477124
vehicle,sa,25,77,0.855065359477124
vehicle,sa,25,78,0.855065359477124
vehicle,sa,25,79,0.855065359477124
vehicle,sa,25,80,0.855065359477124
vehicle,sa,25,81,0.855065359477124
vehicle,sa,25,82,0.855065359477124
vehicle,sa,25,83,0.855065359477124
vehicle,sa,25,84,0.855065359477124
vehicle,sa,25,85,0.855065359477124
vehicle,sa,25,86,0.855065359477124
vehicle,sa,25,87,0.855065359477124
vehicle,sa,25,88,0.855065359477124
vehicle,sa,25,89,0.855065359477124
vehicle,sa,25,90,0.855065359477124
vehicle,sa,25,91,0.855065359477124
vehicle,sa,25,92,0.855065359477124
vehicle,sa,25,93,0.855065359477124
vehicle,sa,25,94,0.855065359477124
vehicle,sa,25,95,0.855065359477124
vehicle,sa,25,96,0.855065359477124
vehicle,sa,25,97,0.855065359477124
vehicle,sa,25,98,0.855065359477124
vehicle,sa,25,99,0.855065359477124
vehicle,sa,25,100,0.855065359477124
vehicle,sa,26,1,0.7766230936819172
vehicle,sa,26,2,0.8106100217864924
vehicle,sa,26,3,0.8106100217864924
vehicle,sa,26,4,0.8372549019607843
vehicle,sa,26,5,0.8401633986928104
vehicle,sa,26,6,0.8401633986928104
vehicle,sa,26,7,0.8401633986928104
vehicle,sa,26,8,0.8401633986928104
vehicle,sa,26,9,0.8401633986928104
vehicle,sa,26,10,0.8401633986928104
vehicle,sa,26,11,0.8401633986928104
vehicle,sa,26,12,0.8401633986928104
vehicle,sa,26,13,0.8401633986928104
vehicle,sa,26,14,0.8401633986928104
vehicle,sa,26,15,0.8401633986928104
vehicle,sa,26,16,0.8401633986928104
vehicle,sa,26,17,0.8401633986928104
vehicle,sa,26,18,0.8476252723311546
vehicle,sa,26,19,0.8476252723311546
vehicle,sa,26,20,0.8476252723311546
vehicle,sa,26,21,0.8520261437908496
vehicle,sa,26,22,0.8520261437908496
vehicle,sa,26,23,0.8520261437908496
vehicle,sa,26,24,0.8520261437908496
vehicle,sa,26,25,0.8520261437908496
vehicle,sa,26,26,0.8520261437908496
vehicle,sa,26,27,0.8535185185185185
vehicle,sa,26,28,0.8535185185185185
vehicle,sa,26,29,0.8535185185185185
vehicle,sa,26,30,0.8535185185185185
vehicle,sa,26,31,0.8535185185185185
vehicle,sa,26,32,0.8535185185185185
vehicle,sa,26,33,0.8535185185185185
vehicle,sa,26,34,0.8535185185185185
vehicle,sa,26,35,0.8535185185185185
vehicle,sa,26,36,0.8535185185185185
vehicle,sa,26,37,0.8535185185185185
vehicle,sa,26,38,0.8579520697167757
vehicle,sa,26,39,0.8579520697167757
vehicle,sa,26,40,0.8579520697167757
vehicle,sa,26,41,0.8579520697167757
vehicle,sa,26,42,0.8579520697167757
vehicle,sa,26,43,0.8579520697167757
vehicle,sa,26,44,0.8579520697167757
vehicle,sa,26,45,0.8579520697167757
vehicle,sa,26,46,0.8579520697167757
vehicle,sa,26,47,0.8579520697167757
vehicle,sa,26,48,0.8579520697167757
vehicle,sa,26,49,0.8579520697167757
vehicle,sa,26,50,0.8579520697167757
vehicle,sa,26,51,0.8579520697167757
vehicle,sa,26,52,0.8579520697167757
vehicle,sa,26,53,0.8579520697167757
vehicle,sa,26,54,0.8579520697167757
vehicle,sa,26,55,0.8579520697167757
vehicle,sa,26,56,0.8579520697167757
vehicle,sa,26,57,0.8579520697167757
vehicle,sa,26,58,0.8579520697167757
vehicle,sa,26,59,0.8579520697167757
vehicle,sa,26,60,0.8579520697167757
vehicle,sa,26,61,0.8579520697167757
vehicle,sa,26,62,0.8579520697167757
vehicle,sa,26,63,0.8579520697167757
vehicle,sa,26,64,0.8579520697167757
vehicle,sa,26,65,0.8579520697167757
vehicle,sa,26,66,0.8579520697167757
vehicle,sa,26,67,0.8579520697167757
vehicle,sa,26,68,0.8579520697167757
vehicle,sa,26,69,0.8579520697167757
vehicle,sa,26,70,0.8579520697167757
vehicle,sa,26,71,0.8579520697167757
vehicle,sa,26,72,0.8579520697167757
vehicle,sa,26,73,0.8579520697167757
vehicle,sa,26,74,0.8579520697167757
vehicle,sa,26,75,0.8579520697167757
vehicle,sa,26,76,0.8579520697167757
vehicle,sa,26,77,0.8579520697167757
vehicle,sa,26,78,0.8579520697167757
vehicle,sa,26,79,0.8579520697167757
vehicle,sa,26,80,0.8579520697167757
vehicle,sa,26,81,0.8579520697167757
vehicle,sa,26,82,0.8579520697167757
vehicle,sa,26,83,0.8579520697167757
vehicle,sa,26,84,0.8579520697167757
vehicle,sa,26,85,0.8579520697167757
vehicle,sa,26,86,0.8579520697167757
vehicle,sa,26,87,0.8579520697167757
vehicle,sa,26,88,0.8579520697167757
vehicle,sa,26,89,0.8579520697167757
vehicle,sa,26,90,0.8579520697167757
vehicle,sa,26,91,0.8579520697167757
vehicle,sa,26,92,0.8579520697167757
vehicle,sa,26,93,0.8579520697167757
vehicle,sa,26,94,0.8579520697167757
vehicle,sa,26,95,0.8579520697167757
vehicle,sa,26,96,0.8579520697167757
vehicle,sa,26,97,0.8579520697167757
vehicle,sa,26,98,0.8579520697167757
vehicle,sa,26,99,0.8579520697167757
vehicle,sa,26,100,0.8579520697167757
vehicle,sa,27,1,0.684912854030501
vehicle,sa,27,2,0.684912854030501
vehicle,sa,27,3,0.7218954248366013
vehicle,sa,27,4,0.7218954248366013
vehicle,sa,27,5,0.7218954248366013
vehicle,sa,27,6,0.8091503267973856
vehicle,sa,27,7,0.8091503267973856
vehicle,sa,27,8,0.8150435729847494
vehicle,sa,27,9,0.8150435729847494
vehicle,sa,27,10,0.8150435729847494
vehicle,sa,27,11,0.8150435729847494
vehicle,sa,27,12,0.8150435729847494
vehicle,sa,27,13,0.8357625272331155
vehicle,sa,27,14,0.8535403050108933
vehicle,sa,27,15,0.8535403050108933
vehicle,sa,27,16,0.8535403050108933
vehicle,sa,27,17,0.8535403050108933
vehicle,sa,27,18,0.8535403050108933
vehicle,sa,27,19,0.8535403050108933
vehicle,sa,27,20,0.8535403050108933
vehicle,sa,27,21,0.8535403050108933
vehicle,sa,27,22,0.8550217864923748
vehicle,sa,27,23,0.8550217864923748
vehicle,sa,27,24,0.8550217864923748
vehicle,sa,27,25,0.8550217864923748
vehicle,sa,27,26,0.8550217864923748
vehicle,sa,27,27,0.8550217864923748
vehicle,sa,27,28,0.8550217864923748
vehicle,sa,27,29,0.8550217864923748
vehicle,sa,27,30,0.8550217864923748
vehicle,sa,27,31,0.8550217864923748
vehicle,sa,27,32,0.8550217864923748
vehicle,sa,27,33,0.8550217864923748
vehicle,sa,27,34,0.8550217864923748
vehicle,sa,27,35,0.8550217864923748
vehicle,sa,27,36,0.8550217864923748
vehicle,sa,27,37,0.8550217864923748
vehicle,sa,27,38,0.8550217864923748
vehicle,sa,27,39,0.8550217864923748
vehicle,sa,27,40,0.8609694989106753
vehicle,sa,27,41,0.8609694989106753
vehicle,sa,27,42,0.8609694989106753
vehicle,sa,27,43,0.8609694989106753
vehicle,sa,27,44,0.8609694989106753
vehicle,sa,27,45,0.8609694989106753
vehicle,sa,27,46,0.8609694989106753
vehicle,sa,27,47,0.8609694989106753
vehicle,sa,27,48,0.8609694989106753
vehicle,sa,27,49,0.8609694989106753
vehicle,sa,27,50,0.8609694989106753
vehicle,sa,27,51,0.8609694989106753
vehicle,sa,27,52,0.8609694989106753
vehicle,sa,27,53,0.8609694989106753
vehicle,sa,27,54,0.8609694989106753
vehicle,sa,27,55,0.8609694989106753
vehicle,sa,27,56,0.8609694989106753
vehicle,sa,27,57,0.8609694989106753
vehicle,sa,27,58,0.8609694989106753
vehicle,sa,27,59,0.8609694989106753
vehicle,sa,27,60,0.8609694989106753
vehicle,sa,27,61,0.8609694989106753
vehicle,sa,27,62,0.8609694989106753
vehicle,sa,27,63,0.8609694989106753
vehicle,sa,27,64,0.8609694989106753
vehicle,sa,27,65,0.8609694989106753
vehicle,sa,27,66,0.8609694989106753
vehicle,sa,27,67,0.8609694989106753
vehicle,sa,27,68,0.8609694989106753
vehicle,sa,27,69,0.8609694989106753
vehicle,sa,27,70,0.8609694989106753
vehicle,sa,27,71,0.8609694989106753
vehicle,sa,27,72,0.8609694989106753
vehicle,sa,27,73,0.8609694989106753
vehicle,sa,27,74,0.8609694989106753
vehicle,sa,27,75,0.8624291938997821
vehicle,sa,27,76,0.8624291938997821
vehicle,sa,27,77,0.8624291938997821
vehicle,sa,27,78,0.8624291938997821
vehicle,sa,27,79,0.8624291938997821
vehicle,sa,27,80,0.8624291938997821
vehicle,sa,27,81,0.8624291938997821
vehicle,sa,27,82,0.8624291938997821
vehicle,sa,27,83,0.8624291938997821
vehicle,sa,27,84,0.8624291938997821
vehicle,sa,27,85,0.8624291938997821
vehicle,sa,27,86,0.8624291938997821
vehicle,sa,27,87,0.8624291938997821
vehicle,sa,27,88,0.8624291938997821
vehicle,sa,27,89,0.8624291938997821
vehicle,sa,27,90,0.8624291938997821
vehicle,sa,27,91,0.8624291938997821
vehicle,sa,27,92,0.8624291938997821
vehicle,sa,27,93,0.8624291938997821
vehicle,sa,27,94,0.8624291938997821
vehicle,sa,27,95,0.8624291938997821
vehicle,sa,27,96,0.8624291938997821
vehicle,sa,27,97,0.8624291938997821
vehicle,sa,27,98,0.8624291938997821
vehicle,sa,27,99,0.8624291938997821
vehicle,sa,27,100,0.8624291938997821
vehicle,sa,28,1,0.8343028322440087
vehicle,sa,28,2,0.8491285403050108
vehicle,sa,28,3,0.8491285403050108
vehicle,sa,28,4,0.8491285403050108
vehicle,sa,28,5,0.8491285403050108
vehicle,sa,28,6,0.8491285403050108
vehicle,sa,28,7,0.8491285403050108
vehicle,sa,28,8,0.8491285403050108
vehicle,sa,28,9,0.8491285403050108
vehicle,sa,28,10,0.8491285403050108
vehicle,sa,28,11,0.8491285403050108
vehicle,sa,28,12,0.8491285403050108
vehicle,sa,28,13,0.8491285403050108
vehicle,sa,28,14,0.8491285403050108
vehicle,sa,28,15,0.8491285403050108
vehicle,sa,28,16,0.8491285403050108
vehicle,sa,28,17,0.8491285403050108
vehicle,sa,28,18,0.8491285403050108
vehicle,sa,28,19,0.8491285403050108
vehicle,sa,28,20,0.8491285403050108
vehicle,sa,28,21,0.8491285403050108
vehicle,sa,28,22,0.8491285403050108
vehicle,sa,28,23,0.8491285403050108
vehicle,sa,28,24,0.8491285403050108
vehicle,sa,28,25,0.8491285403050108
vehicle,sa,28,26,0.8491285403050108
vehicle,sa,28,27,0.8491285403050108
vehicle,sa,28,28,0.8491285403050108
vehicle,sa,28,29,0.8491285403050108
vehicle,sa,28,30,0.8491285403050108
vehicle,sa,28,31,0.8491285403050108
vehicle,sa,28,32,0.8491285403050108
vehicle,sa,28,33,0.8491285403050108
vehicle,sa,28,34,0.8491285403050108
vehicle,sa,28,35,0.8491285403050108
vehicle,sa,28,36,0.8491285403050108
vehicle,sa,28,37,0.8491285403050108
vehicle,sa,28,38,0.8491285403050108
vehicle,sa,28,39,0.8491285403050108
vehicle,sa,28,40,0.8491285403050108
vehicle,sa,28,41,0.8491285403050108
vehicle,sa,28,42,0.8491285403050108
vehicle,sa,28,43,0.8491285403050108
vehicle,sa,28,44,0.8491285403050108
vehicle,sa,28,45,0.8491285403050108
vehicle,sa,28,46,0.8491285403050108
vehicle,sa,28,47,0.8491285403050108
vehicle,sa,28,48,0.8491285403050108
vehicle,sa,28,49,0.8491285403050108
vehicle,sa,28,50,0.8491285403050108
vehicle,sa,28,51,0.8491285403050108
vehicle,sa,28,52,0.8491285403050108
vehicle,sa,28,53,0.8491285403050108
vehicle,sa,28,54,0.8491285403050108
vehicle,sa,28,55,0.8491285403050108
vehicle,sa,28,56,0.8491285403050108
vehicle,sa,28,57,0.8491285403050108
vehicle,sa,28,58,0.8491285403050108
vehicle,sa,28,59,0.8491285403050108
vehicle,sa,28,60,0.8491285403050108
vehicle,sa,28,61,0.8491285403050108
vehicle,sa,28,62,0.8491285403050108
vehicle,sa,28,63,0.8491285403050108
vehicle,sa,28,64,0.8491285403050108
vehicle,sa,28,65,0.8491285403050108
vehicle,sa,28,66,0.8491285403050108
vehicle,sa,28,67,0.8491285403050108
vehicle,sa,28,68,0.8491285403050108
vehicle,sa,28,69,0.8491285403050108
vehicle,sa,28,70,0.8491285403050108
vehicle,sa,28,71,0.8491285403050108
vehicle,sa,28,72,0.8491285403050108
vehicle,sa,28,73,0.8491285403050108
vehicle,sa,28,74,0.8491285403050108
vehicle,sa,28,75,0.8491285403050108
vehicle,sa,28,76,0.8491285403050108
vehicle,sa,28,77,0.8491285403050108
vehicle,sa,28,78,0.8491285403050108
vehicle,sa,28,79,0.8491285403050108
vehicle,sa,28,80,0.8491285403050108
vehicle,sa,28,81,0.8491285403050108
vehicle,sa,28,82,0.8491285403050108
vehicle,sa,28,83,0.8491285403050108
vehicle,sa,28,84,0.8491285403050108
vehicle,sa,28,85,0.8491285403050108
vehicle,sa,28,86,0.8491285403050108
vehicle,sa,28,87,0.8491285403050108
vehicle,sa,28,88,0.8491285403050108
vehicle,sa,28,89,0.8491285403050108
vehicle,sa,28,90,0.8491285403050108
vehicle,sa,28,91,0.8491285403050108
vehicle,sa,28,92,0.8491285403050108
vehicle,sa,28,93,0.8491394335511983
vehicle,sa,28,94,0.8491394335511983
vehicle,sa,28,95,0.8491394335511983
vehicle,sa,28,96,0.8491394335511983
vehicle,sa,28,97,0.8491394335511983
vehicle,sa,28,98,0.8491394335511983
vehicle,sa,28,99,0.8491394335511983
vehicle,sa,28,100,0.8491394335511983
vehicle,sa,29,1,0.8180936819172112
vehicle,sa,29,2,0.8180936819172112
vehicle,sa,29,3,0.8180936819172112
vehicle,sa,29,4,0.8180936819172112
vehicle,sa,29,5,0.8180936819172112
vehicle,sa,29,6,0.8180936819172112
vehicle,sa,29,7,0.8195860566448803
vehicle,sa,29,8,0.8210239651416122
vehicle,sa,29,9,0.8210239651416122
vehicle,sa,29,10,0.8210239651416122
vehicle,sa,29,11,0.8210239651416122
vehicle,sa,29,12,0.8210239651416122
vehicle,sa,29,13,0.8210239651416122
vehicle,sa,29,14,0.8210239651416122
vehicle,sa,29,15,0.8210239651416122
vehicle,sa,29,16,0.8210239651416122
vehicle,sa,29,17,0.8210457516339871
vehicle,sa,29,18,0.8210457516339871
vehicle,sa,29,19,0.8210457516339871
vehicle,sa,29,20,0.8210457516339871
vehicle,sa,29,21,0.8210457516339871
vehicle,sa,29,22,0.8210457516339871
vehicle,sa,29,23,0.8210457516339871
vehicle,sa,29,24,0.8210457516339871
vehicle,sa,29,25,0.8210457516339871
vehicle,sa,29,26,0.8210457516339871
vehicle,sa,29,27,0.8210457516339871
vehicle,sa,29,28,0.8210457516339871
vehicle,sa,29,29,0.8210457516339871
vehicle,sa,29,30,0.8210457516339871
vehicle,sa,29,31,0.8210457516339871
vehicle,sa,29,32,0.8210457516339871
vehicle,sa,29,33,0.8210457516339871
vehicle,sa,29,34,0.8210457516339871
vehicle,sa,29,35,0.8210457516339871
vehicle,sa,29,36,0.8210457516339871
vehicle,sa,29,37,0.8210457516339871
vehicle,sa,29,38,0.8210457516339871
vehicle,sa,29,39,0.8210457516339871
vehicle,sa,29,40,0.8210457516339871
vehicle,sa,29,41,0.8210457516339871
vehicle,sa,29,42,0.8210457516339871
vehicle,sa,29,43,0.8210457516339871
vehicle,sa,29,44,0.8210457516339871
vehicle,sa,29,45,0.8210457516339871
vehicle,sa,29,46,0.8210457516339871
vehicle,sa,29,47,0.8210457516339871
vehicle,sa,29,48,0.8210457516339871
vehicle,sa,29,49,0.8210457516339871
vehicle,sa,29,50,0.8210566448801744
vehicle,sa,29,51,0.8210566448801744
vehicle,sa,29,52,0.8210566448801744
vehicle,sa,29,53,0.8299237472766885
vehicle,sa,29,54,0.8299237472766885
vehicle,sa,29,55,0.8299237472766885
vehicle,sa,29,56,0.8299237472766885
vehicle,sa,29,57,0.8299237472766885
vehicle,sa,29,58,0.8299237472766885
vehicle,sa,29,59,0.8299237472766885
vehicle,sa,29,60,0.8299237472766885
vehicle,sa,29,61,0.8299237472766885
vehicle,sa,29,62,0.8299237472766885
vehicle,sa,29,63,0.8299237472766885
vehicle,sa,29,64,0.8299237472766885
vehicle,sa,29,65,0.8299237472766885
vehicle,sa,29,66,0.8299237472766885
vehicle,sa,29,67,0.8299237472766885
vehicle,sa,29,68,0.8299237472766885
vehicle,sa,29,69,0.8299237472766885
vehicle,sa,29,70,0.8299237472766885
vehicle,sa,29,71,0.8299237472766885
vehicle,sa,29,72,0.8299237472766885
vehicle,sa,29,73,0.8299237472766885
vehicle,sa,29,74,0.8299237472766885
vehicle,sa,29,75,0.8299237472766885
vehicle,sa,29,76,0.8313943355119827
vehicle,sa,29,77,0.8313943355119827
vehicle,sa,29,78,0.8313943355119827
vehicle,sa,29,79,0.8313943355119827
vehicle,sa,29,80,0.8313943355119827
vehicle,sa,29,81,0.8313943355119827
vehicle,sa,29,82,0.8313943355119827
vehicle,sa,29,83,0.8313943355119827
vehicle,sa,29,84,0.8313943355119827
vehicle,sa,29,85,0.8313943355119827
vehicle,sa,29,86,0.8313943355119827
vehicle,sa,29,87,0.8313943355119827
vehicle,sa,29,88,0.8313943355119827
vehicle,sa,29,89,0.8313943355119827
vehicle,sa,29,90,0.8313943355119827
vehicle,sa,29,91,0.8313943355119827
vehicle,sa,29,92,0.8313943355119827
vehicle,sa,29,93,0.8313943355119827
vehicle,sa,29,94,0.8313943355119827
vehicle,sa,29,95,0.8313943355119827
vehicle,sa,29,96,0.8313943355119827
vehicle,sa,29,97,0.8313943355119827
vehicle,sa,29,98,0.8313943355119827
vehicle,sa,29,99,0.8313943355119827
vehicle,sa,29,100,0.8313943355119827
