dataset,optimizer,rep,seed,seed_split,seed_cv,seed_opt,decomp_mode,cv_best,test_acc,best_log2C,best_log2gamma,time_sec,evals_to_99pct,n_evals_used
diabetes,grid,0,0,0,42,0,isolate_O,0.7736638677862189,0.7987012987012987,3.888888888888889,-9.0,27.81115794181824,25,100
diabetes,random,0,0,0,42,0,isolate_O,0.7752765560442489,0.7922077922077922,11.419864596958703,-13.252177035724896,14.28680944442749,21,100
diabetes,bo_tpe,0,0,0,42,0,isolate_O,0.7769159003065441,0.7987012987012987,3.801892849155612,-8.988773550266343,9.603954076766968,21,100
diabetes,pso,0,0,0,42,0,isolate_O,0.7769025723044116,0.7987012987012987,6.819498768287854,-10.363635417680916,14.919356346130373,7,100
diabetes,de,0,0,0,42,0,isolate_O,0.7769025723044116,0.7987012987012987,7.805703186982749,-11.458261691589152,11.528825521469116,1,100
diabetes,ga,0,0,0,42,0,isolate_O,0.7769159003065441,0.8116883116883117,8.138443997164522,-9.536989517443548,8.977774858474731,1,100
diabetes,sa,0,0,0,42,0,isolate_O,0.7752898840463814,0.7922077922077922,-1.7346766509819465,-5.02322402072914,7.926218748092651,24,100
diabetes,grid,1,1,0,42,1,isolate_O,0.7736638677862189,0.7987012987012987,3.888888888888889,-9.0,16.146392583847046,25,100
diabetes,random,1,1,0,42,1,isolate_O,0.7752765560442489,0.7922077922077922,3.162736055225624,-10.733514355625502,13.595703840255736,36,100
diabetes,bo_tpe,1,1,0,42,1,isolate_O,0.7752898840463814,0.7987012987012987,12.055069191345153,-12.892549462456357,8.297674894332886,26,100
diabetes,pso,1,1,0,42,1,isolate_O,0.7752898840463814,0.7987012987012987,11.443035637865748,-12.582018011790282,13.12096118927002,7,100
diabetes,de,1,1,0,42,1,isolate_O,0.7769025723044115,0.7922077922077922,5.321371710957575,-12.914418975526134,8.534916400909424,3,100
diabetes,ga,1,1,0,42,1,isolate_O,0.7769025723044115,0.7922077922077922,5.321371710957575,-12.914418975526134,9.010140895843506,3,100
diabetes,sa,1,1,0,42,1,isolate_O,0.7752898840463814,0.7987012987012987,14.723092191360758,-14.149446197508135,37.05827975273132,3,100
diabetes,grid,2,2,0,42,2,isolate_O,0.7736638677862189,0.7987012987012987,3.888888888888889,-9.0,15.933591365814207,25,100
diabetes,random,2,2,0,42,2,isolate_O,0.7752898840463814,0.7987012987012987,10.29919720903363,-11.953941961484798,15.352279901504517,3,100
diabetes,bo_tpe,2,2,0,42,2,isolate_O,0.7785419165667067,0.7987012987012987,3.7118861187415,-8.98767695748894,8.194478511810303,3,100
diabetes,pso,2,2,0,42,2,isolate_O,0.7769025723044115,0.7857142857142857,1.6549777302068869,-9.143245467247072,10.227442026138306,2,100
diabetes,de,2,2,0,42,2,isolate_O,0.7752898840463814,0.7987012987012987,14.182816640335613,-14.085594586230991,13.662991762161257,2,100
diabetes,ga,2,2,0,42,2,isolate_O,0.7752898840463814,0.7987012987012987,12.549597295024004,-13.083144603929636,8.468291997909546,2,100
diabetes,sa,2,2,0,42,2,isolate_O,0.7752898840463814,0.7987012987012987,13.820781783461982,-15.0,7.509767532348633,23,100
diabetes,grid,3,3,0,42,3,isolate_O,0.7736638677862189,0.7987012987012987,3.888888888888889,-9.0,16.171515464782715,25,100
diabetes,random,3,3,0,42,3,isolate_O,0.7736638677862189,0.7987012987012987,12.443590167988518,-13.34163134758935,14.14123249053955,7,100
diabetes,bo_tpe,3,3,0,42,3,isolate_O,0.7752898840463814,0.7987012987012987,10.363431889254016,-12.02812655355607,7.477316856384277,7,100
diabetes,pso,3,3,0,42,3,isolate_O,0.7752765560442489,0.7987012987012987,6.335441440396617,-10.349467933656005,9.67223024368286,2,100
diabetes,de,3,3,0,42,3,isolate_O,0.7752898840463814,0.7987012987012987,10.62607151847693,-12.124699536532583,12.364950895309448,4,100
diabetes,ga,3,3,0,42,3,isolate_O,0.7752898840463814,0.8051948051948052,5.998677963826147,-8.629913036626702,8.331002473831177,4,100
diabetes,sa,3,3,0,42,3,isolate_O,0.7752765560442489,0.7987012987012987,2.9156217826374085,-8.365489209556184,7.103245735168457,16,100
diabetes,grid,4,4,0,42,4,isolate_O,0.7736638677862189,0.7987012987012987,3.888888888888889,-9.0,15.931861877441406,25,100
diabetes,random,4,4,0,42,4,isolate_O,0.7752765560442489,0.7987012987012987,6.945332146383498,-10.581833245504162,13.44536066055298,3,100
diabetes,bo_tpe,4,4,0,42,4,isolate_O,0.7752898840463814,0.7987012987012987,12.975029399576837,-13.176407336961049,16.31890368461609,3,100
diabetes,pso,4,4,0,42,4,isolate_O,0.7752898840463814,0.8116883116883117,8.144688552553909,-9.562463481711132,10.750098466873167,9,100
diabetes,de,4,4,0,42,4,isolate_O,0.7752898840463814,0.7987012987012987,13.70383401884742,-13.313325268224323,34.00505232810974,2,100
diabetes,ga,4,4,0,42,4,isolate_O,0.7752898840463814,0.7987012987012987,11.9714113854963,-12.82389043826447,20.671987771987915,2,100
diabetes,sa,4,4,0,42,4,isolate_O,0.7752898840463814,0.8181818181818182,14.19133951729192,-12.686030191611517,30.30097985267639,14,100
diabetes,grid,5,5,0,42,5,isolate_O,0.7736638677862189,0.7987012987012987,3.888888888888889,-9.0,15.479576110839844,25,100
diabetes,random,5,5,0,42,5,isolate_O,0.7752898840463814,0.7987012987012987,12.194137739763832,-13.000006508273426,12.935522317886353,9,100
diabetes,bo_tpe,5,5,0,42,5,isolate_O,0.7752898840463814,0.7987012987012987,14.656162594445442,-14.09414098922965,9.91544485092163,9,100
diabetes,pso,5,5,0,42,5,isolate_O,0.7752765560442489,0.7987012987012987,7.39898770272379,-10.988652660220064,8.483535051345825,2,100
diabetes,de,5,5,0,42,5,isolate_O,0.7752898840463814,0.7987012987012987,12.761061312027117,-13.25480477653769,10.242676496505736,2,100
diabetes,ga,5,5,0,42,5,isolate_O,0.7769025723044115,0.7987012987012987,7.195475568532602,-10.779144039207388,8.162322521209717,2,100
diabetes,sa,5,5,0,42,5,isolate_O,0.7752765560442489,0.7987012987012987,2.608071850115634,-8.12917419384379,15.842429161071776,60,100
diabetes,grid,6,6,0,42,6,isolate_O,0.7736638677862189,0.7987012987012987,3.888888888888889,-9.0,15.86864686012268,25,100
diabetes,random,6,6,0,42,6,isolate_O,0.7736638677862189,0.8051948051948052,9.192572123384045,-13.515746040389248,10.82948923110962,2,100
diabetes,bo_tpe,6,6,0,42,6,isolate_O,0.7752765560442489,0.7987012987012987,7.377682826610171,-10.500421313462857,8.170697212219238,17,100
diabetes,pso,6,6,0,42,6,isolate_O,0.7752765560442489,0.7987012987012987,7.684986919660959,-11.187230583186082,12.439497947692873,3,100
diabetes,de,6,6,0,42,6,isolate_O,0.7752765560442489,0.7987012987012987,3.361083317677803,-8.86888322438638,9.38811421394348,1,100
diabetes,ga,6,6,0,42,6,isolate_O,0.7769025723044116,0.7987012987012987,7.692577764936773,-11.425203729900929,8.311546802520752,1,100
diabetes,sa,6,6,0,42,6,isolate_O,0.7769025723044116,0.7857142857142857,-1.4711881750265277,-5.352510518159147,19.42540526390076,4,100
diabetes,grid,7,7,0,42,7,isolate_O,0.7736638677862189,0.7987012987012987,3.888888888888889,-9.0,15.98643970489502,25,100
diabetes,random,7,7,0,42,7,isolate_O,0.7769025723044116,0.7987012987012987,6.851893746467459,-10.767832669365642,12.629913806915283,5,100
diabetes,bo_tpe,7,7,0,42,7,isolate_O,0.7769159003065441,0.8116883116883117,8.180262191179501,-9.564545997344307,14.29346203804016,5,100
diabetes,pso,7,7,0,42,7,isolate_O,0.7769025723044116,0.7987012987012987,7.218689063138468,-10.912565750898642,8.637046098709106,4,100
diabetes,de,7,7,0,42,7,isolate_O,0.7752765560442489,0.7857142857142857,1.003325698224509,-8.592249401554037,17.9367356300354,2,100
diabetes,ga,7,7,0,42,7,isolate_O,0.7769025723044115,0.7987012987012987,4.752227282262442,-10.08626748668402,7.086987018585205,2,100
diabetes,sa,7,7,0,42,7,isolate_O,0.7752898840463814,0.7987012987012987,11.24249437320443,-15.0,6.411967754364014,8,100
diabetes,grid,8,8,0,42,8,isolate_O,0.7736638677862189,0.7987012987012987,3.888888888888889,-9.0,15.918410539627075,25,100
diabetes,random,8,8,0,42,8,isolate_O,0.7736638677862189,0.8116883116883117,7.618584842763148,-9.574374903246389,12.237086057662964,4,100
diabetes,bo_tpe,8,8,0,42,8,isolate_O,0.7769025723044116,0.7987012987012987,7.252608379851429,-10.938234171457829,9.427862405776978,12,100
diabetes,pso,8,8,0,42,8,isolate_O,0.7769025723044115,0.7987012987012987,4.230830961041471,-9.47113498668246,8.767382144927979,8,100
diabetes,de,8,8,0,42,8,isolate_O,0.7752765560442489,0.7922077922077922,2.427742568847924,-9.876828524805374,6.974300384521484,4,100
diabetes,ga,8,8,0,42,8,isolate_O,0.7769025723044115,0.7857142857142857,0.3206856240960789,-7.83974371106761,8.960296869277954,11,100
diabetes,sa,8,8,0,42,8,isolate_O,0.7752898840463814,0.7987012987012987,12.905877221737695,-13.243013651882755,7.71795654296875,19,100
diabetes,grid,9,9,0,42,9,isolate_O,0.7736638677862189,0.7987012987012987,3.888888888888889,-9.0,15.84275221824646,25,100
diabetes,random,9,9,0,42,9,isolate_O,0.7736638677862189,0.7987012987012987,13.504001545422147,-14.289813281863193,12.06143307685852,2,100
diabetes,bo_tpe,9,9,0,42,9,isolate_O,0.7752898840463814,0.7987012987012987,13.0146234984048,-13.282043449021444,12.413311004638672,2,100
diabetes,pso,9,9,0,42,9,isolate_O,0.7752765560442489,0.7987012987012987,6.943783430460552,-10.734456859411312,8.15842890739441,5,100
diabetes,de,9,9,0,42,9,isolate_O,0.7752898840463814,0.7987012987012987,13.874780139171811,-13.879437046500058,14.11887502670288,15,100
diabetes,ga,9,9,0,42,9,isolate_O,0.7752898840463814,0.7987012987012987,12.64408581082866,-13.226344933634604,8.586053609848022,15,100
diabetes,sa,9,9,0,42,9,isolate_O,0.7752898840463814,0.7987012987012987,13.723172379779868,-13.739407077030922,7.103088140487671,22,100
diabetes,grid,10,10,0,42,10,isolate_O,0.7736638677862189,0.7987012987012987,3.888888888888889,-9.0,15.96657681465149,25,100
diabetes,random,10,10,0,42,10,isolate_O,0.7752898840463814,0.7987012987012987,10.00929220974982,-11.83124160089351,12.9324631690979,1,100
diabetes,bo_tpe,10,10,0,42,10,isolate_O,0.7769025723044116,0.7987012987012987,6.264236446734212,-10.376955459146938,11.20002269744873,1,100
diabetes,pso,10,10,0,42,10,isolate_O,0.7752765560442489,0.7987012987012987,7.201485731320393,-10.6035041546393,7.728326559066772,2,100
diabetes,de,10,10,0,42,10,isolate_O,0.7752898840463814,0.7987012987012987,11.506658127695964,-12.483952244650023,8.92637014389038,2,100
diabetes,ga,10,10,0,42,10,isolate_O,0.7785285885645742,0.7857142857142857,1.3900339143675184,-8.912124375511631,8.73729920387268,2,100
diabetes,sa,10,10,0,42,10,isolate_O,0.7752898840463814,0.7987012987012987,13.089585873593956,-13.338962757613643,7.328064203262329,1,100
diabetes,grid,11,11,0,42,11,isolate_O,0.7736638677862189,0.7987012987012987,3.888888888888889,-9.0,15.846720218658447,25,100
diabetes,random,11,11,0,42,11,isolate_O,0.7752898840463814,0.7987012987012987,11.813708607772895,-12.713131299994812,9.702791213989258,6,100
diabetes,bo_tpe,11,11,0,42,11,isolate_O,0.7752898840463814,0.7987012987012987,8.143395771881359,-10.921572254902548,8.05169939994812,6,100
diabetes,pso,11,11,0,42,11,isolate_O,0.7752898840463814,0.7987012987012987,14.99393316085416,-14.081870899283134,18.392554759979248,7,100
diabetes,de,11,11,0,42,11,isolate_O,0.7752898840463814,0.8116883116883117,6.074607257304557,-8.745013522012226,13.171588897705078,2,100
diabetes,ga,11,11,0,42,11,isolate_O,0.7769159003065441,0.8116883116883117,8.256859050335985,-9.61315508176116,9.079102754592896,2,100
diabetes,sa,11,11,0,42,11,isolate_O,0.7752898840463814,0.7987012987012987,13.756841757162316,-15.0,6.465180635452271,16,100
diabetes,grid,12,12,0,42,12,isolate_O,0.7736638677862189,0.7987012987012987,3.888888888888889,-9.0,15.693336248397827,25,100
diabetes,random,12,12,0,42,12,isolate_O,0.7736638677862189,0.7987012987012987,10.362683081288449,-12.107098443739735,10.37946915626526,2,100
diabetes,bo_tpe,12,12,0,42,12,isolate_O,0.7752898840463814,0.7987012987012987,11.104753102224574,-12.229499066573224,7.370008945465088,2,100
diabetes,pso,12,12,0,42,12,isolate_O,0.7752765560442489,0.7987012987012987,6.911814856597513,-10.78751560628946,11.27166748046875,2,100
diabetes,de,12,12,0,42,12,isolate_O,0.7752898840463814,0.7987012987012987,12.270082314769253,-12.97501743778792,11.99945878982544,4,100
diabetes,ga,12,12,0,42,12,isolate_O,0.7769025723044116,0.7987012987012987,7.814539166825375,-10.77369698829602,6.497086524963379,4,100
diabetes,sa,12,12,0,42,12,isolate_O,0.7752765560442489,0.7857142857142857,1.1118235031002657,-8.584683170481417,6.766198635101318,2,100
diabetes,grid,13,13,0,42,13,isolate_O,0.7736638677862189,0.7987012987012987,3.888888888888889,-9.0,16.571017265319824,25,100
diabetes,random,13,13,0,42,13,isolate_O,0.7752898840463814,0.7987012987012987,9.989713908699493,-11.758570882475723,14.23198175430298,1,100
diabetes,bo_tpe,13,13,0,42,13,isolate_O,0.7752898840463814,0.7987012987012987,13.445886820709656,-13.64032049504285,11.297834634780884,1,100
diabetes,pso,13,13,0,42,13,isolate_O,0.7752898840463814,0.7987012987012987,12.315405565651456,-13.189205140928175,15.480821371078491,5,100
diabetes,de,13,13,0,42,13,isolate_O,0.7752765560442489,0.7922077922077922,5.354994143739543,-12.893282097448806,12.837048053741457,4,100
diabetes,ga,13,13,0,42,13,isolate_O,0.7752898840463814,0.7987012987012987,11.42131809982886,-12.581727395254516,15.404187679290771,4,100
diabetes,sa,13,13,0,42,13,isolate_O,0.7769025723044115,0.7987012987012987,7.402367205069082,-15.0,11.34630823135376,1,100
diabetes,grid,14,14,0,42,14,isolate_O,0.7736638677862189,0.7987012987012987,3.888888888888889,-9.0,15.669987201690674,25,100
diabetes,random,14,14,0,42,14,isolate_O,0.7752898840463814,0.7987012987012987,12.409989105435002,-13.01799879138117,13.806740999221802,2,100
diabetes,bo_tpe,14,14,0,42,14,isolate_O,0.7752898840463814,0.7987012987012987,12.224104155239615,-13.017886578228168,9.987504720687866,2,100
diabetes,pso,14,14,0,42,14,isolate_O,0.7752898840463814,0.7987012987012987,10.73874814645288,-12.112601458981658,13.270053386688232,5,100
diabetes,de,14,14,0,42,14,isolate_O,0.7752898840463814,0.7987012987012987,13.527910746046778,-13.711870645737056,14.282493352890016,6,100
diabetes,ga,14,14,0,42,14,isolate_O,0.7752765560442489,0.7922077922077922,11.075976713717612,-12.993991983722273,9.97174859046936,6,100
diabetes,sa,14,14,0,42,14,isolate_O,0.7752898840463814,0.7987012987012987,13.882037133525271,-14.904799213473266,6.431795358657837,7,100
diabetes,grid,15,15,0,42,15,isolate_O,0.7736638677862189,0.7987012987012987,3.888888888888889,-9.0,16.02311635017395,25,100
diabetes,random,15,15,0,42,15,isolate_O,0.7736638677862189,0.7987012987012987,14.370105014356144,-13.577468908342134,12.280468940734863,1,100
diabetes,bo_tpe,15,15,0,42,15,isolate_O,0.7752898840463814,0.7987012987012987,13.680447032363404,-13.689722222583118,11.176587104797363,1,100
diabetes,pso,15,15,0,42,15,isolate_O,0.7752898840463814,0.7987012987012987,3.665141138763886,-8.818445578068282,13.228349447250366,3,100
diabetes,de,15,15,0,42,15,isolate_O,0.7752898840463814,0.7987012987012987,10.629320555440614,-12.09985226929943,10.207940578460692,26,100
diabetes,ga,15,15,0,42,15,isolate_O,0.7736638677862189,0.7987012987012987,10.364394310206372,-11.455565695852398,6.614033222198486,3,100
diabetes,sa,15,15,0,42,15,isolate_O,0.7752898840463814,0.7987012987012987,11.664536877606148,-12.683094763357976,8.154995203018188,1,100
diabetes,grid,16,16,0,42,16,isolate_O,0.7736638677862189,0.7987012987012987,3.888888888888889,-9.0,15.90814471244812,25,100
diabetes,random,16,16,0,42,16,isolate_O,0.7752898840463814,0.7987012987012987,12.96416061319028,-13.30012882123907,11.655459642410278,6,100
diabetes,bo_tpe,16,16,0,42,16,isolate_O,0.7752898840463814,0.7987012987012987,11.555327719488316,-12.496250550260974,11.042067289352415,6,100
diabetes,pso,16,16,0,42,16,isolate_O,0.7752898840463814,0.7987012987012987,12.136887377743165,-12.805198413812953,17.541725635528564,3,100
diabetes,de,16,16,0,42,16,isolate_O,0.7752898840463814,0.7987012987012987,12.35307095174774,-13.027595163497033,12.217777252197266,9,100
diabetes,ga,16,16,0,42,16,isolate_O,0.7752898840463814,0.8116883116883117,6.331292767187268,-8.733155304276652,7.635483741760254,9,100
diabetes,sa,16,16,0,42,16,isolate_O,0.7736638677862189,0.7987012987012987,13.383647105329487,-14.324474116483332,16.50216269493103,1,100
diabetes,grid,17,17,0,42,17,isolate_O,0.7736638677862189,0.7987012987012987,3.888888888888889,-9.0,16.248444080352783,25,100
diabetes,random,17,17,0,42,17,isolate_O,0.7752898840463814,0.7987012987012987,13.91366373636815,-13.919195754323065,11.62260913848877,6,100
diabetes,bo_tpe,17,17,0,42,17,isolate_O,0.7752898840463814,0.7987012987012987,13.91366373636815,-13.919195754323065,10.60898470878601,6,100
diabetes,pso,17,17,0,42,17,isolate_O,0.7752765560442489,0.7987012987012987,7.1207307427367965,-10.54533047458946,7.472617149353027,2,100
diabetes,de,17,17,0,42,17,isolate_O,0.7752765560442489,0.7922077922077922,3.704593039580418,-11.236977169736733,6.706836938858032,1,100
diabetes,ga,17,17,0,42,17,isolate_O,0.7752898840463814,0.7987012987012987,6.554746382766972,-10.87341844693946,6.947992324829102,1,100
diabetes,sa,17,17,0,42,17,isolate_O,0.7752898840463814,0.7987012987012987,12.744463319035486,-13.349680116776094,7.245570659637451,13,100
diabetes,grid,18,18,0,42,18,isolate_O,0.7736638677862189,0.7987012987012987,3.888888888888889,-9.0,15.684178352355955,25,100
diabetes,random,18,18,0,42,18,isolate_O,0.7752765560442489,0.7987012987012987,3.6482713743536888,-9.09904649630284,12.277174472808838,2,100
diabetes,bo_tpe,18,18,0,42,18,isolate_O,0.7752898840463814,0.7987012987012987,14.981235144081746,-14.022990604371474,9.455603122711182,2,100
diabetes,pso,18,18,0,42,18,isolate_O,0.7752898840463814,0.7987012987012987,12.89999892885386,-13.186177241326556,18.031009674072266,16,100
diabetes,de,18,18,0,42,18,isolate_O,0.7752898840463814,0.7987012987012987,11.996356438783746,-12.84310267788916,11.922350883483888,8,100
diabetes,ga,18,18,0,42,18,isolate_O,0.7752898840463814,0.7987012987012987,11.996356438783746,-12.84310267788916,9.298734426498411,8,100
diabetes,sa,18,18,0,42,18,isolate_O,0.7752898840463814,0.7987012987012987,11.061315630221262,-12.30263999961417,18.1535062789917,30,100
diabetes,grid,19,19,0,42,19,isolate_O,0.7736638677862189,0.7987012987012987,3.888888888888889,-9.0,15.785794258117676,25,100
diabetes,random,19,19,0,42,19,isolate_O,0.7752898840463814,0.7987012987012987,12.172718795812706,-13.01810906093051,10.690139532089232,6,100
diabetes,bo_tpe,19,19,0,42,19,isolate_O,0.7752898840463814,0.8116883116883117,8.710865956228357,-9.833686734837867,8.969186067581177,6,100
diabetes,pso,19,19,0,42,19,isolate_O,0.7752765560442489,0.7987012987012987,3.2790927295609773,-8.729413901852658,9.337558507919312,1,100
diabetes,de,19,19,0,42,19,isolate_O,0.7769025723044115,0.7987012987012987,4.226362827848985,-9.469851025655837,9.392641305923462,22,100
diabetes,ga,19,19,0,42,19,isolate_O,0.7736638677862189,0.7987012987012987,12.528738270039332,-13.360423639424363,22.440714359283447,9,100
diabetes,sa,19,19,0,42,19,isolate_O,0.7769025723044116,0.7792207792207793,-2.255358481244896,-4.909517543534856,6.571875810623169,31,100
diabetes,grid,20,20,0,42,20,isolate_O,0.7736638677862189,0.7987012987012987,3.888888888888889,-9.0,15.915629386901855,25,100
diabetes,random,20,20,0,42,20,isolate_O,0.7769025723044115,0.7987012987012987,4.71986264717032,-10.033191762728578,13.742140531539915,8,100
diabetes,bo_tpe,20,20,0,42,20,isolate_O,0.7736638677862189,0.7987012987012987,7.7522648484704195,-10.372877535148092,9.380453824996948,5,100
diabetes,pso,20,20,0,42,20,isolate_O,0.7752898840463814,0.7987012987012987,10.322027165260112,-12.039572964866172,11.01105809211731,1,100
diabetes,de,20,20,0,42,20,isolate_O,0.7752898840463814,0.7987012987012987,13.367877680350585,-13.498085435838362,17.74407649040222,1,100
diabetes,ga,20,20,0,42,20,isolate_O,0.7769025723044115,0.7922077922077922,5.741310488042247,-13.337429789492896,6.993975400924683,1,100
diabetes,sa,20,20,0,42,20,isolate_O,0.7736638677862189,0.8051948051948052,8.3253452103834,-9.991687563887304,8.983622789382935,24,100
diabetes,grid,21,21,0,42,21,isolate_O,0.7736638677862189,0.7987012987012987,3.888888888888889,-9.0,16.391862630844116,25,100
diabetes,random,21,21,0,42,21,isolate_O,0.7752898840463814,0.7987012987012987,13.473160964883949,-13.740550445467305,10.070274114608765,2,100
diabetes,bo_tpe,21,21,0,42,21,isolate_O,0.7752765560442489,0.7987012987012987,7.483717485968995,-10.66508651420856,10.94668984413147,2,100
diabetes,pso,21,21,0,42,21,isolate_O,0.7769025723044116,0.7987012987012987,7.785488129013955,-10.738071534914988,9.920233488082886,8,100
diabetes,de,21,21,0,42,21,isolate_O,0.7752765560442489,0.7987012987012987,5.838713049314628,-10.029551446616749,13.261208534240724,2,100
diabetes,ga,21,21,0,42,21,isolate_O,0.7736638677862189,0.7987012987012987,10.693110959215131,-11.631777334033629,9.084848165512083,2,100
diabetes,sa,21,21,0,42,21,isolate_O,0.7752898840463814,0.8181818181818182,15.0,-13.050553649656646,7.644311666488647,14,100
diabetes,grid,22,22,0,42,22,isolate_O,0.7736638677862189,0.7987012987012987,3.888888888888889,-9.0,16.3273503780365,25,100
diabetes,random,22,22,0,42,22,isolate_O,0.7769025723044115,0.7922077922077922,3.816057370214123,-11.399484273396896,9.825125455856323,1,100
diabetes,bo_tpe,22,22,0,42,22,isolate_O,0.7752898840463814,0.7987012987012987,11.11156435004609,-11.817340561691234,11.633780241012571,1,100
diabetes,pso,22,22,0,42,22,isolate_O,0.7769025723044116,0.7987012987012987,6.656038619140757,-10.624399825909704,7.502881288528442,3,100
diabetes,de,22,22,0,42,22,isolate_O,0.7752898840463814,0.8181818181818182,6.815978045935259,-9.018031312889583,9.16383409500122,7,100
diabetes,ga,22,22,0,42,22,isolate_O,0.7769159003065441,0.7987012987012987,3.8830133140782954,-9.053450952775163,7.670779466629028,7,100
diabetes,sa,22,22,0,42,22,isolate_O,0.7752898840463814,0.7987012987012987,11.467604588619416,-12.561971578548594,8.718584537506104,1,100
diabetes,grid,23,23,0,42,23,isolate_O,0.7736638677862189,0.7987012987012987,3.888888888888889,-9.0,16.44831132888794,25,100
diabetes,random,23,23,0,42,23,isolate_O,0.7769159003065441,0.7987012987012987,3.431930523323194,-8.763190077326204,25.894019603729248,9,100
diabetes,bo_tpe,23,23,0,42,23,isolate_O,0.7752898840463814,0.7987012987012987,9.873054311885484,-11.72917172155958,16.327338695526123,9,100
diabetes,pso,23,23,0,42,23,isolate_O,0.7785419165667067,0.7987012987012987,3.510113245089014,-8.777286268290764,15.66376543045044,38,100
diabetes,de,23,23,0,42,23,isolate_O,0.7752898840463814,0.7987012987012987,13.780584917920372,-13.844274292550846,13.471050262451172,6,100
diabetes,ga,23,23,0,42,23,isolate_O,0.7769025723044115,0.7987012987012987,4.859711919716375,-10.176890644923906,8.904784917831421,6,100
diabetes,sa,23,23,0,42,23,isolate_O,0.7752898840463814,0.7987012987012987,14.007729507770105,-13.914509218496308,8.066149711608887,16,100
diabetes,grid,24,24,0,42,24,isolate_O,0.7736638677862189,0.7987012987012987,3.888888888888889,-9.0,16.04080557823181,25,100
diabetes,random,24,24,0,42,24,isolate_O,0.7752898840463814,0.8116883116883117,8.613259283418577,-10.039152481376313,12.925074100494385,6,100
diabetes,bo_tpe,24,24,0,42,24,isolate_O,0.7752898840463814,0.7987012987012987,11.573006262586157,-12.734336702611053,8.990806102752686,6,100
diabetes,pso,24,24,0,42,24,isolate_O,0.7752765560442489,0.7922077922077922,-1.519618360488376,-5.293178885154383,9.156904935836792,12,100
diabetes,de,24,24,0,42,24,isolate_O,0.7752898840463814,0.7987012987012987,13.859075493105651,-13.856648835659106,19.254832983016968,1,100
diabetes,ga,24,24,0,42,24,isolate_O,0.7769159003065441,0.7987012987012987,13.859075493105651,-14.999396648514306,10.235024452209473,1,100
diabetes,sa,24,24,0,42,24,isolate_O,0.7769159003065441,0.7987012987012987,3.079977207538366,-8.323858651465757,18.35834670066833,30,100
diabetes,grid,25,25,0,42,25,isolate_O,0.7736638677862189,0.7987012987012987,3.888888888888889,-9.0,16.288084030151367,25,100
diabetes,random,25,25,0,42,25,isolate_O,0.7752898840463814,0.7987012987012987,11.31913940274329,-12.675819507661336,11.178469896316528,5,100
diabetes,bo_tpe,25,25,0,42,25,isolate_O,0.7752898840463814,0.7987012987012987,10.70167962373377,-12.216518936114838,10.084216117858888,5,100
diabetes,pso,25,25,0,42,25,isolate_O,0.7785419165667067,0.7987012987012987,3.745936370204721,-9.031710392895658,10.795863628387451,6,100
diabetes,de,25,25,0,42,25,isolate_O,0.7769025723044115,0.7987012987012987,7.433369443973288,-10.9736206077868,10.469166994094849,8,100
diabetes,ga,25,25,0,42,25,isolate_O,0.7785285885645742,0.7922077922077922,-1.434902649465084,-5.501356100180214,7.658096075057983,8,100
diabetes,sa,25,25,0,42,25,isolate_O,0.7769025723044115,0.7987012987012987,7.401020944203037,-15.0,16.966938018798828,7,100
diabetes,grid,26,26,0,42,26,isolate_O,0.7736638677862189,0.7987012987012987,3.888888888888889,-9.0,16.117225408554077,25,100
diabetes,random,26,26,0,42,26,isolate_O,0.7752898840463814,0.7987012987012987,11.059071352571015,-12.389803070088812,13.640645503997805,3,100
diabetes,bo_tpe,26,26,0,42,26,isolate_O,0.7752898840463814,0.7987012987012987,12.594513373804944,-13.206325139643532,10.995293855667114,3,100
diabetes,pso,26,26,0,42,26,isolate_O,0.7769025723044115,0.7987012987012987,7.268887729764369,-10.83981407869198,9.645503282546995,7,100
diabetes,de,26,26,0,42,26,isolate_O,0.7752765560442489,0.7987012987012987,7.276670177483043,-10.401823262261813,11.786401271820068,1,100
diabetes,ga,26,26,0,42,26,isolate_O,0.7769025723044116,0.7987012987012987,6.849294726811621,-10.781966597500906,12.258378982543944,4,100
diabetes,sa,26,26,0,42,26,isolate_O,0.7752898840463814,0.7987012987012987,12.429934341584008,-12.925704563810802,10.04853653907776,3,100
diabetes,grid,27,27,0,42,27,isolate_O,0.7736638677862189,0.7987012987012987,3.888888888888889,-9.0,16.763707399368286,25,100
diabetes,random,27,27,0,42,27,isolate_O,0.7752898840463814,0.7987012987012987,10.665796036377484,-12.06768872437896,16.72483229637146,12,100
diabetes,bo_tpe,27,27,0,42,27,isolate_O,0.7752898840463814,0.7987012987012987,14.865556563500146,-13.694538862425093,9.56175446510315,11,100
diabetes,pso,27,27,0,42,27,isolate_O,0.7752765560442489,0.7987012987012987,5.813862386648513,-11.254810185875128,7.74082350730896,2,100
diabetes,de,27,27,0,42,27,isolate_O,0.7769025723044116,0.7987012987012987,6.620043831617057,-10.548161070702086,9.95089077949524,8,100
diabetes,ga,27,27,0,42,27,isolate_O,0.7785419165667067,0.7987012987012987,3.3521140219287786,-8.58364728090761,13.75843858718872,8,100
diabetes,sa,27,27,0,42,27,isolate_O,0.7769159003065441,0.8181818181818182,14.97703296972759,-13.04173946671166,25.33131217956543,28,100
diabetes,grid,28,28,0,42,28,isolate_O,0.7736638677862189,0.7987012987012987,3.888888888888889,-9.0,16.11373472213745,25,100
diabetes,random,28,28,0,42,28,isolate_O,0.7752898840463814,0.7987012987012987,14.426501992448593,-14.120057514775768,14.75756049156189,11,100
diabetes,bo_tpe,28,28,0,42,28,isolate_O,0.7752898840463814,0.7987012987012987,12.859344881814463,-13.306940209245218,9.742519855499268,12,100
diabetes,pso,28,28,0,42,28,isolate_O,0.7752898840463814,0.7987012987012987,6.33974279993245,-10.715826063946825,12.462409496307371,7,100
diabetes,de,28,28,0,42,28,isolate_O,0.7769025723044116,0.7922077922077922,-1.45007854550677,-5.644473631574531,15.99462103843689,2,100
diabetes,ga,28,28,0,42,28,isolate_O,0.7769025723044116,0.7922077922077922,-1.45007854550677,-5.644473631574531,13.818877696990969,2,100
diabetes,sa,28,28,0,42,28,isolate_O,0.7769159003065441,0.7987012987012987,7.896505943848941,-10.731514092938792,6.807871580123901,7,100
diabetes,grid,29,29,0,42,29,isolate_O,0.7736638677862189,0.7987012987012987,3.888888888888889,-9.0,16.36121416091919,25,100
diabetes,random,29,29,0,42,29,isolate_O,0.7752898840463814,0.7987012987012987,14.56460041975311,-13.949531521505868,11.124678611755373,8,100
diabetes,bo_tpe,29,29,0,42,29,isolate_O,0.7752765560442489,0.7987012987012987,7.213445477153202,-10.39353225788601,13.083115816116331,8,100
diabetes,pso,29,29,0,42,29,isolate_O,0.7785419165667067,0.7987012987012987,3.2857229855317405,-8.508162504380278,9.67352032661438,14,100
diabetes,de,29,29,0,42,29,isolate_O,0.7736638677862189,0.8051948051948052,7.512152186647301,-9.64773474559036,17.33808970451355,2,100
diabetes,ga,29,29,0,42,29,isolate_O,0.7785419165667067,0.7987012987012987,3.2411433464381747,-8.47437292645561,8.149425983428955,2,100
diabetes,sa,29,29,0,42,29,isolate_O,0.7752898840463814,0.7987012987012987,15.0,-13.72685251821672,10.8779718875885,2,100
diabetes,cuckoo,0,0,0,42,0,isolate_O,0.7622284419565508,0.8181818181818182,5.149730145835363,-7.268287798087384,59.426419496536255,13,100
diabetes,sh,0,0,0,42,0,isolate_O,0.8699999999999999,0.7402597402597403,14.273255210020587,-8.098052661136002,45.041948556900024,1,1050
diabetes,cuckoo,1,1,0,42,1,isolate_O,0.7736372117819539,0.8051948051948052,4.089707594243312,-7.312219856021181,8.876161813735962,49,100
diabetes,sh,1,1,0,42,1,isolate_O,0.8699999999999999,0.8181818181818182,8.837542279009467,-9.320718641890867,45.212178468704224,1,1050
diabetes,cuckoo,2,2,0,42,2,isolate_O,0.7752765560442489,0.7922077922077922,3.4073560417497806,-9.053973221930265,20.02890968322754,3,100
diabetes,sh,2,2,0,42,2,isolate_O,0.8699999999999999,0.8051948051948052,5.993249557574183,-7.164196932871016,43.87388014793396,1,1050
diabetes,cuckoo,3,3,0,42,3,isolate_O,0.7769025723044115,0.7857142857142857,1.6011844298846938,-9.081235897020683,8.69357419013977,7,100
diabetes,sh,3,3,0,42,3,isolate_O,0.8699999999999999,0.8051948051948052,7.982880952295215,-9.987228912336445,73.06045413017273,1,1050
diabetes,cuckoo,4,4,0,42,4,isolate_O,0.7736638677862189,0.7987012987012987,8.954576491945417,-11.110389079553226,31.75331687927246,3,100
diabetes,sh,4,4,0,42,4,isolate_O,0.8699999999999999,0.7987012987012987,8.954576491945417,-11.110389079553226,55.84126591682434,1,1050
diabetes,cuckoo,5,5,0,42,5,isolate_O,0.7736638677862189,0.8051948051948052,6.0761780649371575,-8.724670638189284,18.186073064804077,9,100
diabetes,sh,5,5,0,42,5,isolate_O,0.8699999999999999,0.7857142857142857,12.598740624025577,-10.066443684139957,44.84464931488037,1,1050
diabetes,cuckoo,6,6,0,42,6,isolate_O,0.7720378515260563,0.7987012987012987,15.0,-14.165475639697558,18.111183166503906,2,100
diabetes,sh,6,6,0,42,6,isolate_O,0.8699999999999999,0.7662337662337663,12.857203028720033,-9.02436350457881,46.09927773475647,1,1050
diabetes,cuckoo,7,7,0,42,7,isolate_O,0.7752898840463814,0.7987012987012987,13.52005649107364,-14.558896748610241,16.39194965362549,5,100
diabetes,sh,7,7,0,42,7,isolate_O,0.8699999999999999,0.8051948051948052,13.182567497734624,-12.602949976333498,44.76757764816284,1,1050
diabetes,cuckoo,8,8,0,42,8,isolate_O,0.7703985072637611,0.7922077922077922,4.810305078980884,-9.013363725879824,14.926072835922241,4,100
diabetes,sh,8,8,0,42,8,isolate_O,0.8699999999999999,0.7792207792207793,5.4534934270513915,-6.388947675556757,46.36615180969238,1,1050
diabetes,cuckoo,9,9,0,42,9,isolate_O,0.7736638677862189,0.7987012987012987,15.0,-13.818294631530136,29.4121196269989,2,100
diabetes,sh,9,9,0,42,9,isolate_O,0.8699999999999999,0.7987012987012987,14.019280632534329,-14.302529235018243,44.63953232765198,1,1050
diabetes,cuckoo,10,10,0,42,10,isolate_O,0.7752765560442489,0.7987012987012987,6.61537662901139,-10.507433539551737,16.15990972518921,1,100
diabetes,sh,10,10,0,42,10,isolate_O,0.8699999999999999,0.8181818181818182,9.43510634863599,-9.746230772928604,43.52825403213501,1,1050
diabetes,cuckoo,11,11,0,42,11,isolate_O,0.7736505397840864,0.7857142857142857,1.8924898191843482,-9.261621656476194,9.57297968864441,6,100
diabetes,sh,11,11,0,42,11,isolate_O,0.8699999999999999,0.7987012987012987,9.599289404416371,-13.04275070635845,45.26325869560242,1,1050
diabetes,cuckoo,12,12,0,42,12,isolate_O,0.7752765560442489,0.7922077922077922,11.349980345273433,-13.143932318735075,8.540850639343262,2,100
diabetes,sh,12,12,0,42,12,isolate_O,0.8699999999999999,0.7987012987012987,13.014297082340246,-14.398414302725797,65.50268220901489,1,1050
diabetes,cuckoo,13,13,0,42,13,isolate_O,0.7704118352658936,0.8116883116883117,10.554048211476402,-10.724258039371579,25.795066833496094,1,100
diabetes,sh,13,13,0,42,13,isolate_O,0.8699999999999999,0.8116883116883117,10.554048211476402,-10.724258039371579,43.85156011581421,1,1050
diabetes,cuckoo,14,14,0,42,14,isolate_O,0.7752898840463814,0.7987012987012987,12.409989105435002,-13.01799879138117,28.07393717765808,2,100
diabetes,sh,14,14,0,42,14,isolate_O,0.8699999999999999,0.7987012987012987,12.408553714496254,-14.855154926463278,44.850975036621094,1,1050
diabetes,cuckoo,15,15,0,42,15,isolate_O,0.7752765560442489,0.7922077922077922,2.908013320040241,-10.485817617194364,34.04722762107849,1,100
diabetes,sh,15,15,0,42,15,isolate_O,0.8699999999999999,0.8116883116883117,11.976353945371574,-11.779873351422028,44.11664652824402,1,1050
diabetes,cuckoo,16,16,0,42,16,isolate_O,0.7720378515260563,0.7987012987012987,7.244710119691783,-11.759696157157029,9.66506314277649,1,100
diabetes,sh,16,16,0,42,16,isolate_O,0.8699999999999999,0.7987012987012987,8.774523236427129,-12.052834349983815,43.788081884384155,1,1050
diabetes,cuckoo,17,17,0,42,17,isolate_O,0.7752898840463814,0.7987012987012987,13.91366373636815,-13.919195754323063,15.093387603759766,6,100
diabetes,sh,17,17,0,42,17,isolate_O,0.8699999999999999,0.7987012987012987,13.91366373636815,-13.919195754323063,45.94713068008423,1,1050
diabetes,cuckoo,18,18,0,42,18,isolate_O,0.7752765560442489,0.7987012987012987,2.1398017844695167,-7.71195589667904,34.66636276245117,2,100
diabetes,sh,18,18,0,42,18,isolate_O,0.8699999999999999,0.7402597402597403,8.007484834791834,-5.901839272772827,50.020251512527466,1,1050
diabetes,cuckoo,19,19,0,42,19,isolate_O,0.7752765560442489,0.7922077922077922,-1.626131549919771,-5.191536591755104,14.335302352905273,6,100
diabetes,sh,19,19,0,42,19,isolate_O,0.8699999999999999,0.8181818181818182,12.182089806160246,-11.714481707585069,44.70728349685669,2,1050
diabetes,cuckoo,20,20,0,42,20,isolate_O,0.7736638677862189,0.7922077922077922,15.0,-14.6291937706137,25.62951421737671,5,100
diabetes,sh,20,20,0,42,20,isolate_O,0.8699999999999999,0.7987012987012987,8.15902931117626,-11.51069607810693,43.65731644630432,1,1050
diabetes,cuckoo,21,21,0,42,21,isolate_O,0.7720378515260563,0.7987012987012987,13.063522320347314,-13.062408750078507,8.536017894744873,2,100
diabetes,sh,21,21,0,42,21,isolate_O,0.8699999999999999,0.7857142857142857,10.186051055711056,-8.08349942237767,45.14099931716919,1,1050
diabetes,cuckoo,22,22,0,42,22,isolate_O,0.7736638677862189,0.7987012987012987,9.046467348194849,-13.010724510523424,11.786540031433105,1,100
diabetes,sh,22,22,0,42,22,isolate_O,0.8699999999999999,0.8181818181818182,9.038757681886223,-9.64359119642909,43.57180094718933,1,1050
diabetes,cuckoo,23,23,0,42,23,isolate_O,0.7769159003065441,0.7987012987012987,3.431930523323194,-8.763190077326204,11.546062707901001,9,100
diabetes,sh,23,23,0,42,23,isolate_O,0.8699999999999999,0.8116883116883117,10.309195187938139,-9.91687480859197,45.89749717712402,1,1050
diabetes,cuckoo,24,24,0,42,24,isolate_O,0.7752765560442489,0.7987012987012987,7.292952676841685,-10.901701420836435,46.23231244087219,6,100
diabetes,sh,24,24,0,42,24,isolate_O,0.8699999999999999,0.7857142857142857,14.997345852477583,-11.038788603908667,56.16068935394287,1,1050
diabetes,cuckoo,25,25,0,42,25,isolate_O,0.7736505397840864,0.7987012987012987,0.966717243007747,-6.69882236978244,10.758147478103638,5,100
diabetes,sh,25,25,0,42,25,isolate_O,0.8699999999999999,0.7857142857142857,8.699374887482701,-7.123000926126292,46.55429768562317,1,1050
diabetes,cuckoo,26,26,0,42,26,isolate_O,0.7752765560442489,0.7857142857142857,2.2662092400836324,-9.580121715938606,20.61610770225525,3,100
diabetes,sh,26,26,0,42,26,isolate_O,0.8699999999999999,0.8116883116883117,12.411241249516468,-11.617414950802761,47.11067843437195,1,1050
diabetes,cuckoo,27,27,0,42,27,isolate_O,0.7752898840463814,0.7987012987012987,10.665796036377484,-12.06768872437896,31.801801681518555,12,100
diabetes,sh,27,27,0,42,27,isolate_O,0.8699999999999999,0.8116883116883117,12.863886934302705,-11.225126944421241,46.137603521347046,1,1050
diabetes,cuckoo,28,28,0,42,28,isolate_O,0.7720378515260563,0.7987012987012987,10.476631171777065,-12.311092850993226,15.647580862045288,11,100
diabetes,sh,28,28,0,42,28,isolate_O,0.8699999999999999,0.7142857142857143,10.626164125469522,-5.802126330243963,46.53358745574951,1,1050
diabetes,cuckoo,29,29,0,42,29,isolate_O,0.7752765560442489,0.7987012987012987,7.213445477153202,-10.39353225788601,51.60296869277954,8,100
diabetes,sh,29,29,0,42,29,isolate_O,0.8699999999999999,0.7857142857142857,12.275199711401658,-9.871692625902718,46.53010153770447,1,1050
breast-w,grid,0,0,0,42,0,isolate_O,0.971380308880309,0.9642857142857144,6.111111111111111,-7.0,4.979547023773193,6,100
breast-w,random,0,0,0,42,0,isolate_O,0.971380308880309,0.9642857142857144,6.403935408357594,-7.1051727576782335,4.7694313526153564,13,100
breast-w,bo_tpe,0,0,0,42,0,isolate_O,0.971380308880309,0.9642857142857144,7.164750018200413,-7.408022102554927,4.593994379043579,12,100
breast-w,pso,0,0,0,42,0,isolate_O,0.9695945945945944,0.9571428571428572,4.856174727729076,-5.911778948911404,4.073912620544434,1,100
breast-w,de,0,0,0,42,0,isolate_O,0.9695785070785072,0.9642857142857144,2.1896743771209075,-5.253698035516349,4.530675888061523,1,100
breast-w,ga,0,0,0,42,0,isolate_O,0.9695945945945944,0.9571428571428572,8.768934611418802,-7.825304631994147,4.218054294586182,1,100
breast-w,sa,0,0,0,42,0,isolate_O,0.971380308880309,0.9642857142857144,5.952735304417031,-7.002345787399042,4.704895734786987,20,100
breast-w,grid,1,1,0,42,1,isolate_O,0.971380308880309,0.9642857142857144,6.111111111111111,-7.0,4.846554279327393,6,100
breast-w,random,1,1,0,42,1,isolate_O,0.9695945945945944,0.9642857142857144,2.9353494846133987,-5.301298787939576,4.746948719024658,5,100
breast-w,bo_tpe,1,1,0,42,1,isolate_O,0.971380308880309,0.9642857142857144,2.58501104505236,-5.203760931206524,4.460177659988403,5,100
breast-w,pso,1,1,0,42,1,isolate_O,0.971380308880309,0.9642857142857144,3.562420535578352,-5.709316582000006,4.216508150100708,5,100
breast-w,de,1,1,0,42,1,isolate_O,0.971380308880309,0.9642857142857144,6.596479432904063,-7.112806949526742,4.363137483596802,3,100
breast-w,ga,1,1,0,42,1,isolate_O,0.9678088803088803,0.9571428571428572,10.494974821935196,-8.825079744327699,4.1298134326934814,3,100
breast-w,sa,1,1,0,42,1,isolate_O,0.9677927927927928,0.9642857142857144,0.2610703617717778,-3.770327294138616,4.747437953948975,2,100
breast-w,grid,2,2,0,42,2,isolate_O,0.971380308880309,0.9642857142857144,6.111111111111111,-7.0,4.84388279914856,6,100
breast-w,random,2,2,0,42,2,isolate_O,0.9695945945945944,0.9642857142857144,6.342882552554185,-7.3041726606700195,4.552537202835083,2,100
breast-w,bo_tpe,2,2,0,42,2,isolate_O,0.9713642213642216,0.9642857142857144,-3.015675741878174,-6.043112150810792,4.7401227951049805,2,100
breast-w,pso,2,2,0,42,2,isolate_O,0.9695945945945944,0.9571428571428572,6.2338026737910575,-6.696816474021325,4.087959289550781,2,100
breast-w,de,2,2,0,42,2,isolate_O,0.971380308880309,0.9642857142857144,5.746249109832239,-6.823851694001239,4.96246337890625,1,100
breast-w,ga,2,2,0,42,2,isolate_O,0.9695945945945944,0.9642857142857144,7.888725384110351,-7.682236841840344,4.433779001235962,1,100
breast-w,sa,2,2,0,42,2,isolate_O,0.9695945945945944,0.9642857142857144,4.105136083882386,-5.88833502687377,4.978668689727783,15,100
breast-w,grid,3,3,0,42,3,isolate_O,0.971380308880309,0.9642857142857144,6.111111111111111,-7.0,4.773099660873413,6,100
breast-w,random,3,3,0,42,3,isolate_O,0.9695785070785072,0.9571428571428572,-4.520362352456693,-4.940626416164124,4.684333562850952,2,100
breast-w,bo_tpe,3,3,0,42,3,isolate_O,0.9713642213642216,0.9642857142857144,-3.704262322430061,-5.319274442940467,4.953297853469849,2,100
breast-w,pso,3,3,0,42,3,isolate_O,0.971380308880309,0.9642857142857144,5.406146440924287,-6.5274858074793,4.277302026748657,2,100
breast-w,de,3,3,0,42,3,isolate_O,0.971380308880309,0.9642857142857144,5.822561378151356,-6.864075523759627,4.463316917419434,4,100
breast-w,ga,3,3,0,42,3,isolate_O,0.9695945945945944,0.9642857142857144,2.824563809913241,-5.698676712815454,4.18722414970398,4,100
breast-w,sa,3,3,0,42,3,isolate_O,0.9695945945945944,0.9571428571428572,5.654176582606728,-6.246192221614374,4.570051431655884,2,100
breast-w,grid,4,4,0,42,4,isolate_O,0.971380308880309,0.9642857142857144,6.111111111111111,-7.0,4.897075653076172,6,100
breast-w,random,4,4,0,42,4,isolate_O,0.9713642213642216,0.9642857142857144,-3.698643752343853,-5.278654866429486,4.743078947067261,3,100
breast-w,bo_tpe,4,4,0,42,4,isolate_O,0.9713642213642216,0.9714285714285714,-2.8645920265335936,-5.9160253571898025,5.12243914604187,3,100
breast-w,pso,4,4,0,42,4,isolate_O,0.971380308880309,0.9642857142857144,3.85367535746924,-5.896570153513297,4.208293199539185,4,100
breast-w,de,4,4,0,42,4,isolate_O,0.9713642213642216,0.9642857142857144,-3.107252165983912,-5.963499165393012,4.678571462631226,2,100
breast-w,ga,4,4,0,42,4,isolate_O,0.971380308880309,0.9642857142857144,4.957351975707489,-6.519785393850407,4.293920040130615,2,100
breast-w,sa,4,4,0,42,4,isolate_O,0.9695945945945944,0.9642857142857144,11.253757709176082,-9.526819670355543,4.215227127075195,10,100
breast-w,grid,5,5,0,42,5,isolate_O,0.971380308880309,0.9642857142857144,6.111111111111111,-7.0,4.788649320602417,6,100
breast-w,random,5,5,0,42,5,isolate_O,0.9713642213642216,0.9642857142857144,-4.541338151218371,-4.602068553664392,4.867760419845581,7,100
breast-w,bo_tpe,5,5,0,42,5,isolate_O,0.971380308880309,0.9642857142857144,2.3014740158476754,-5.125746762122445,4.634184837341309,7,100
breast-w,pso,5,5,0,42,5,isolate_O,0.971380308880309,0.9642857142857144,6.415114483612652,-7.163572293177628,3.940720558166504,1,100
breast-w,de,5,5,0,42,5,isolate_O,0.971380308880309,0.9642857142857144,5.067279311073289,-6.52211543652313,4.403925180435181,2,100
breast-w,ga,5,5,0,42,5,isolate_O,0.9695945945945944,0.9642857142857144,8.079699166524716,-8.191676601136042,4.26681661605835,2,100
breast-w,sa,5,5,0,42,5,isolate_O,0.9695945945945944,0.9642857142857144,4.47513816624945,-6.553552997465042,4.523270606994629,7,100
breast-w,grid,6,6,0,42,6,isolate_O,0.971380308880309,0.9642857142857144,6.111111111111111,-7.0,4.754140377044678,6,100
breast-w,random,6,6,0,42,6,isolate_O,0.9695945945945944,0.9642857142857144,5.044297650930041,-6.275590921717303,4.882179975509644,1,100
breast-w,bo_tpe,6,6,0,42,6,isolate_O,0.971380308880309,0.9642857142857144,3.474777021268472,-5.636427783032497,4.783496856689453,1,100
breast-w,pso,6,6,0,42,6,isolate_O,0.971380308880309,0.9642857142857144,5.1393288753850985,-6.603296567845856,4.122125148773193,3,100
breast-w,de,6,6,0,42,6,isolate_O,0.971380308880309,0.9642857142857144,4.923000530580703,-6.366696964259026,4.395578145980835,1,100
breast-w,ga,6,6,0,42,6,isolate_O,0.971380308880309,0.9642857142857144,4.008954053600224,-5.871546321769928,4.365018367767334,1,100
breast-w,sa,6,6,0,42,6,isolate_O,0.971380308880309,0.9642857142857144,4.275997015729812,-6.1175490560204295,4.44093656539917,1,100
breast-w,grid,7,7,0,42,7,isolate_O,0.971380308880309,0.9642857142857144,6.111111111111111,-7.0,4.837545871734619,6,100
breast-w,random,7,7,0,42,7,isolate_O,0.9695785070785072,0.9714285714285714,-0.3465780873605251,-6.880585146890235,4.689702033996582,4,100
breast-w,bo_tpe,7,7,0,42,7,isolate_O,0.9695945945945944,0.9642857142857144,2.47326275666767,-5.110965998903969,4.606023550033569,4,100
breast-w,pso,7,7,0,42,7,isolate_O,0.9695945945945944,0.9571428571428572,14.313339626787071,-11.00325769958019,4.466471433639526,1,100
breast-w,de,7,7,0,42,7,isolate_O,0.9713642213642216,0.9714285714285714,-2.479832708809389,-5.996618006635642,4.614266395568848,2,100
breast-w,ga,7,7,0,42,7,isolate_O,0.9713642213642216,0.9714285714285714,-3.5871149441569736,-5.187705067359413,4.31866979598999,2,100
breast-w,sa,7,7,0,42,7,isolate_O,0.971380308880309,0.9642857142857144,5.166841404743479,-6.527726329178971,4.301374435424805,2,100
breast-w,grid,8,8,0,42,8,isolate_O,0.971380308880309,0.9642857142857144,6.111111111111111,-7.0,4.83378791809082,6,100
breast-w,random,8,8,0,42,8,isolate_O,0.971380308880309,0.9642857142857144,5.211609105065406,-6.523933530410709,4.7942376136779785,4,100
breast-w,bo_tpe,8,8,0,42,8,isolate_O,0.9695945945945944,0.9642857142857144,5.453493427051392,-6.388947675556757,4.740307569503784,4,100
breast-w,pso,8,8,0,42,8,isolate_O,0.9695945945945944,0.9642857142857144,4.647157001397236,-6.561156921913028,4.199766397476196,1,100
breast-w,de,8,8,0,42,8,isolate_O,0.9695945945945944,0.9571428571428572,3.757637462455977,-5.200628685365768,4.295858144760132,2,100
breast-w,ga,8,8,0,42,8,isolate_O,0.9695945945945944,0.9571428571428572,6.957804201252861,-6.859202481111366,4.2079408168792725,2,100
breast-w,sa,8,8,0,42,8,isolate_O,0.9713642213642216,0.9714285714285714,-2.680906185995096,-5.992616750928538,4.512822866439819,24,100
breast-w,grid,9,9,0,42,9,isolate_O,0.971380308880309,0.9642857142857144,6.111111111111111,-7.0,4.826550006866455,6,100
breast-w,random,9,9,0,42,9,isolate_O,0.9695785070785072,0.9642857142857144,-2.9389189630775325,-6.169172132862318,4.694388628005981,2,100
breast-w,bo_tpe,9,9,0,42,9,isolate_O,0.971380308880309,0.9642857142857144,4.391460527695203,-6.238793198902057,4.669723510742188,2,100
breast-w,pso,9,9,0,42,9,isolate_O,0.971380308880309,0.9642857142857144,6.078199079843106,-7.0815867538753015,4.3625853061676025,5,100
breast-w,de,9,9,0,42,9,isolate_O,0.9695945945945944,0.9642857142857144,14.09296871448404,-10.930230107462917,4.7015540599823,1,100
breast-w,ga,9,9,0,42,9,isolate_O,0.9695945945945944,0.9642857142857144,12.063803965806027,-10.0393071960496,4.639594078063965,1,100
breast-w,sa,9,9,0,42,9,isolate_O,0.9713642213642216,0.9642857142857144,-3.37365377626008,-5.170892865402154,4.383574485778809,5,100
breast-w,grid,10,10,0,42,10,isolate_O,0.971380308880309,0.9642857142857144,6.111111111111111,-7.0,4.743837594985962,6,100
breast-w,random,10,10,0,42,10,isolate_O,0.9695945945945944,0.9642857142857144,4.170284124745461,-5.763791260819588,4.725991249084473,1,100
breast-w,bo_tpe,10,10,0,42,10,isolate_O,0.971380308880309,0.9642857142857144,5.416393087541466,-6.742261426430532,4.551398515701294,1,100
breast-w,pso,10,10,0,42,10,isolate_O,0.971380308880309,0.9642857142857144,5.43160659720415,-6.763244331618203,4.60736608505249,2,100
breast-w,de,10,10,0,42,10,isolate_O,0.9695945945945944,0.9642857142857144,12.397884921122197,-10.086925897043493,4.938849925994873,1,100
breast-w,ga,10,10,0,42,10,isolate_O,0.9695945945945944,0.9642857142857144,11.246815710161124,-9.690496348314213,4.891505002975464,1,100
breast-w,sa,10,10,0,42,10,isolate_O,0.9695945945945944,0.9642857142857144,3.4991887742905057,-5.373856132707641,4.520993232727051,1,100
breast-w,grid,11,11,0,42,11,isolate_O,0.971380308880309,0.9642857142857144,6.111111111111111,-7.0,4.799163103103638,6,100
breast-w,random,11,11,0,42,11,isolate_O,0.9695945945945944,0.9642857142857144,13.615318449185388,-10.709770177680516,4.878303050994873,3,100
breast-w,bo_tpe,11,11,0,42,11,isolate_O,0.971380308880309,0.9642857142857144,3.4679330006195803,-5.738550608005764,4.433543682098389,3,100
breast-w,pso,11,11,0,42,11,isolate_O,0.9695945945945944,0.9642857142857144,9.956277946974271,-8.967915254230572,4.261542081832886,2,100
breast-w,de,11,11,0,42,11,isolate_O,0.9695945945945944,0.9642857142857144,14.618272785946113,-11.318829696059192,4.860839605331421,1,100
breast-w,ga,11,11,0,42,11,isolate_O,0.971380308880309,0.9642857142857144,4.193292659291308,-6.0129984760779305,4.485214710235596,1,100
breast-w,sa,11,11,0,42,11,isolate_O,0.971380308880309,0.9642857142857144,3.678894043343481,-5.862251506042999,4.206173896789551,9,100
breast-w,grid,12,12,0,42,12,isolate_O,0.971380308880309,0.9642857142857144,6.111111111111111,-7.0,4.95914101600647,6,100
breast-w,random,12,12,0,42,12,isolate_O,0.9695945945945944,0.9642857142857144,5.131121513361896,-6.694075318812807,4.6528942584991455,2,100
breast-w,bo_tpe,12,12,0,42,12,isolate_O,0.971380308880309,0.9642857142857144,2.433319553137557,-5.132242975597758,4.749997138977051,2,100
breast-w,pso,12,12,0,42,12,isolate_O,0.971380308880309,0.9642857142857144,6.768302524581187,-7.277668579902009,4.394222974777222,2,100
breast-w,de,12,12,0,42,12,isolate_O,0.9695945945945944,0.9642857142857144,4.362931818878014,-5.753899882970329,4.962111234664917,3,100
breast-w,ga,12,12,0,42,12,isolate_O,0.9713642213642216,0.9642857142857144,-4.106309613723932,-4.842229418986929,4.580209255218506,3,100
breast-w,sa,12,12,0,42,12,isolate_O,0.9695945945945944,0.9642857142857144,3.6554623409866736,-5.91210928623724,4.23005747795105,2,100
breast-w,grid,13,13,0,42,13,isolate_O,0.971380308880309,0.9642857142857144,6.111111111111111,-7.0,4.857080936431885,6,100
breast-w,random,13,13,0,42,13,isolate_O,0.9695945945945944,0.9642857142857144,13.981883633564207,-11.0778178356296,4.69352650642395,1,100
breast-w,bo_tpe,13,13,0,42,13,isolate_O,0.971380308880309,0.9642857142857144,4.496074171576288,-6.2016263238913165,4.612682580947876,1,100
breast-w,pso,13,13,0,42,13,isolate_O,0.971380308880309,0.9642857142857144,6.059621736129127,-6.909965625900307,4.0383172035217285,1,100
breast-w,de,13,13,0,42,13,isolate_O,0.9713642213642216,0.9642857142857144,-3.456010845631572,-5.515390345556556,4.953201770782471,2,100
breast-w,ga,13,13,0,42,13,isolate_O,0.9713642213642216,0.9642857142857144,-4.330803824249202,-4.606607751134855,4.392533779144287,2,100
breast-w,sa,13,13,0,42,13,isolate_O,0.9695945945945944,0.9642857142857144,10.375200358908977,-9.216617884765723,4.5550572872161865,1,100
breast-w,grid,14,14,0,42,14,isolate_O,0.971380308880309,0.9642857142857144,6.111111111111111,-7.0,5.1133809089660645,6,100
breast-w,random,14,14,0,42,14,isolate_O,0.971380308880309,0.9642857142857144,4.902958156545605,-6.466704260845317,4.740931272506714,2,100
breast-w,bo_tpe,14,14,0,42,14,isolate_O,0.9713642213642216,0.9714285714285714,-3.612575514404132,-5.152951863709886,4.879670143127441,2,100
breast-w,pso,14,14,0,42,14,isolate_O,0.9695945945945944,0.9642857142857144,13.246222896050403,-10.576280541076684,4.639180898666382,1,100
breast-w,de,14,14,0,42,14,isolate_O,0.9695945945945944,0.9642857142857144,4.194030013411739,-5.870714454201778,4.519017457962036,1,100
breast-w,ga,14,14,0,42,14,isolate_O,0.971380308880309,0.9642857142857144,4.365628539772799,-6.074064018964037,4.317874431610107,1,100
breast-w,sa,14,14,0,42,14,isolate_O,0.9713642213642216,0.9714285714285714,-2.924448625567297,-5.686169409101837,4.417334794998169,6,100
breast-w,grid,15,15,0,42,15,isolate_O,0.971380308880309,0.9642857142857144,6.111111111111111,-7.0,4.942458152770996,6,100
breast-w,random,15,15,0,42,15,isolate_O,0.971380308880309,0.9642857142857144,3.770186185877776,-5.772166263572792,4.993377923965454,1,100
breast-w,bo_tpe,15,15,0,42,15,isolate_O,0.971380308880309,0.9642857142857144,2.8473060333056663,-5.358683495571511,4.692363023757935,1,100
breast-w,pso,15,15,0,42,15,isolate_O,0.9713642213642216,0.9642857142857144,-3.034043841928863,-6.027466571447989,4.43976902961731,3,100
breast-w,de,15,15,0,42,15,isolate_O,0.9695945945945944,0.9642857142857144,9.375427537509424,-8.783582926634885,4.621397018432617,3,100
breast-w,ga,15,15,0,42,15,isolate_O,0.9695945945945944,0.9642857142857144,9.375427537509424,-8.783582926634885,4.308690071105957,3,100
breast-w,sa,15,15,0,42,15,isolate_O,0.9695945945945944,0.9642857142857144,15.0,-11.5021041819487,4.042902231216431,1,100
breast-w,grid,16,16,0,42,16,isolate_O,0.971380308880309,0.9642857142857144,6.111111111111111,-7.0,4.783814668655396,6,100
breast-w,random,16,16,0,42,16,isolate_O,0.9695945945945944,0.9571428571428572,14.53705528021386,-11.122278390935492,4.653303623199463,1,100
breast-w,bo_tpe,16,16,0,42,16,isolate_O,0.9713642213642216,0.9714285714285714,-2.623537691280609,-5.8249359604492295,4.783115148544312,1,100
breast-w,pso,16,16,0,42,16,isolate_O,0.9713642213642216,0.9642857142857144,-3.947857281329446,-4.819992161627935,4.219499588012695,3,100
breast-w,de,16,16,0,42,16,isolate_O,0.9695945945945944,0.9642857142857144,6.338336777587301,-7.24660538117666,4.347520351409912,1,100
breast-w,ga,16,16,0,42,16,isolate_O,0.9695945945945944,0.9642857142857144,6.338336777587301,-7.24660538117666,4.684134721755981,1,100
breast-w,sa,16,16,0,42,16,isolate_O,0.9678088803088803,0.9571428571428572,3.1117639426976607,-4.341120009707522,4.721709728240967,1,100
breast-w,grid,17,17,0,42,17,isolate_O,0.971380308880309,0.9642857142857144,6.111111111111111,-7.0,4.825933218002319,6,100
breast-w,random,17,17,0,42,17,isolate_O,0.9695945945945944,0.9571428571428572,5.412701270226636,-6.128291865017685,4.628839015960693,1,100
breast-w,bo_tpe,17,17,0,42,17,isolate_O,0.9713642213642216,0.9714285714285714,-3.225037588942138,-5.482077345436481,4.743165254592896,1,100
breast-w,pso,17,17,0,42,17,isolate_O,0.971380308880309,0.9642857142857144,6.141807892852816,-7.070911781088822,4.657550096511841,2,100
breast-w,de,17,17,0,42,17,isolate_O,0.971380308880309,0.9642857142857144,4.451185129235488,-6.084039337131518,4.339801549911499,1,100
breast-w,ga,17,17,0,42,17,isolate_O,0.971380308880309,0.9642857142857144,6.089080811541383,-6.865633970931269,4.15175199508667,1,100
breast-w,sa,17,17,0,42,17,isolate_O,0.971380308880309,0.9642857142857144,3.168971111643861,-5.576574692891521,4.037675380706787,1,100
breast-w,grid,18,18,0,42,18,isolate_O,0.971380308880309,0.9642857142857144,6.111111111111111,-7.0,4.813519716262817,6,100
breast-w,random,18,18,0,42,18,isolate_O,0.9695945945945944,0.9642857142857144,8.993112579841902,-8.656935562358768,4.772881746292114,2,100
breast-w,bo_tpe,18,18,0,42,18,isolate_O,0.9695945945945944,0.9642857142857144,2.789820885111786,-5.245478368773969,4.945223569869995,2,100
breast-w,pso,18,18,0,42,18,isolate_O,0.971380308880309,0.9642857142857144,4.3266648436905655,-6.189369334787108,4.245902061462402,2,100
breast-w,de,18,18,0,42,18,isolate_O,0.9695945945945944,0.9642857142857144,2.514121454457092,-5.087426156071681,4.227657079696655,5,100
breast-w,ga,18,18,0,42,18,isolate_O,0.971380308880309,0.9642857142857144,2.40892074857124,-5.1558763614507495,4.154524087905884,5,100
breast-w,sa,18,18,0,42,18,isolate_O,0.9695945945945944,0.9642857142857144,8.671756715542939,-8.32349817096779,4.711464166641235,28,100
breast-w,grid,19,19,0,42,19,isolate_O,0.971380308880309,0.9642857142857144,6.111111111111111,-7.0,4.872960567474365,6,100
breast-w,random,19,19,0,42,19,isolate_O,0.9695785070785072,0.9642857142857144,1.2478080233349154,-4.923588901113773,4.751644372940064,6,100
breast-w,bo_tpe,19,19,0,42,19,isolate_O,0.971380308880309,0.9642857142857144,7.064643289944236,-7.395319177662783,4.644291639328003,6,100
breast-w,pso,19,19,0,42,19,isolate_O,0.9695945945945944,0.9642857142857144,6.509153621042128,-7.360661751495861,4.244574069976807,1,100
breast-w,de,19,19,0,42,19,isolate_O,0.971380308880309,0.9642857142857144,6.436638419441176,-7.142622437289104,4.300786018371582,9,100
breast-w,ga,19,19,0,42,19,isolate_O,0.971380308880309,0.9642857142857144,5.755736299906756,-6.808150605473766,4.306165456771851,9,100
breast-w,sa,19,19,0,42,19,isolate_O,0.971380308880309,0.9642857142857144,4.539687187051813,-6.166905657975663,4.452467441558838,3,100
breast-w,grid,20,20,0,42,20,isolate_O,0.971380308880309,0.9642857142857144,6.111111111111111,-7.0,4.843114852905273,6,100
breast-w,random,20,20,0,42,20,isolate_O,0.971380308880309,0.9642857142857144,4.220787925848615,-6.037078680468508,4.676226377487183,4,100
breast-w,bo_tpe,20,20,0,42,20,isolate_O,0.971380308880309,0.9642857142857144,3.634171110022004,-5.73923770173069,4.421490907669067,4,100
breast-w,pso,20,20,0,42,20,isolate_O,0.971380308880309,0.9642857142857144,7.092412696614211,-7.400403126135139,4.203598976135254,1,100
breast-w,de,20,20,0,42,20,isolate_O,0.971380308880309,0.9642857142857144,6.020961259055111,-7.071578180549381,4.654042959213257,1,100
breast-w,ga,20,20,0,42,20,isolate_O,0.9713642213642216,0.9714285714285714,-3.079890472007998,-5.722907411999669,4.415870666503906,1,100
breast-w,sa,20,20,0,42,20,isolate_O,0.9713642213642216,0.9571428571428572,-3.969713906212364,-5.036623266764259,4.722111701965332,16,100
breast-w,grid,21,21,0,42,21,isolate_O,0.971380308880309,0.9642857142857144,6.111111111111111,-7.0,5.308645009994507,6,100
breast-w,random,21,21,0,42,21,isolate_O,0.9713642213642216,0.9714285714285714,-2.690609245227946,-5.787011777364441,4.670710563659668,2,100
breast-w,bo_tpe,21,21,0,42,21,isolate_O,0.971380308880309,0.9642857142857144,4.57244055228488,-6.288528880890579,4.509834051132202,2,100
breast-w,pso,21,21,0,42,21,isolate_O,0.9713642213642216,0.9714285714285714,-3.0252790682122,-5.712393134492667,4.27079439163208,3,100
breast-w,de,21,21,0,42,21,isolate_O,0.9695945945945944,0.9642857142857144,8.532984845374376,-8.088187881116479,4.3726348876953125,2,100
breast-w,ga,21,21,0,42,21,isolate_O,0.9695945945945944,0.9642857142857144,14.574872812784776,-11.229261467883086,4.587769746780396,2,100
breast-w,sa,21,21,0,42,21,isolate_O,0.9695945945945944,0.9642857142857144,3.61053492837715,-6.026212268242769,4.455644845962524,8,100
breast-w,grid,22,22,0,42,22,isolate_O,0.971380308880309,0.9642857142857144,6.111111111111111,-7.0,4.86608362197876,6,100
breast-w,random,22,22,0,42,22,isolate_O,0.971380308880309,0.9642857142857144,3.699740939019483,-5.735966924205552,4.861116409301758,1,100
breast-w,bo_tpe,22,22,0,42,22,isolate_O,0.971380308880309,0.9642857142857144,6.489793630052397,-7.088465228622834,4.549897909164429,1,100
breast-w,pso,22,22,0,42,22,isolate_O,0.971380308880309,0.9642857142857144,3.0801231177531365,-5.541315630585649,3.957056760787964,1,100
breast-w,de,22,22,0,42,22,isolate_O,0.9713642213642216,0.9642857142857144,-3.971224650494813,-5.003787203492269,4.512109518051148,1,100
breast-w,ga,22,22,0,42,22,isolate_O,0.9713642213642216,0.9642857142857144,-3.971224650494813,-5.003787203492269,4.287142038345337,1,100
breast-w,sa,22,22,0,42,22,isolate_O,0.971380308880309,0.9642857142857144,3.50943688879412,-5.624017703158815,4.315111637115479,1,100
breast-w,grid,23,23,0,42,23,isolate_O,0.971380308880309,0.9642857142857144,6.111111111111111,-7.0,4.759369134902954,6,100
breast-w,random,23,23,0,42,23,isolate_O,0.971380308880309,0.9642857142857144,6.02804808412011,-6.996415464990907,4.832637310028076,2,100
breast-w,bo_tpe,23,23,0,42,23,isolate_O,0.9695945945945944,0.9642857142857144,7.361046945056184,-7.585258292542572,5.072055816650391,2,100
breast-w,pso,23,23,0,42,23,isolate_O,0.971380308880309,0.9642857142857144,7.077440763179972,-7.373917070848728,4.052491426467896,1,100
breast-w,de,23,23,0,42,23,isolate_O,0.971380308880309,0.9642857142857144,4.1625258658764,-6.0382059905608685,4.347740411758423,6,100
breast-w,ga,23,23,0,42,23,isolate_O,0.9713642213642216,0.9714285714285714,-2.9555797922368274,-5.756574879274653,4.33348822593689,6,100
breast-w,sa,23,23,0,42,23,isolate_O,0.9695945945945944,0.9642857142857144,12.241826587598233,-10.097504228782244,4.214312791824341,16,100
breast-w,grid,24,24,0,42,24,isolate_O,0.971380308880309,0.9642857142857144,6.111111111111111,-7.0,4.8900227546691895,6,100
breast-w,random,24,24,0,42,24,isolate_O,0.9695945945945944,0.9571428571428572,3.336598215250042,-4.976106323064721,4.653344392776489,2,100
breast-w,bo_tpe,24,24,0,42,24,isolate_O,0.971380308880309,0.9642857142857144,5.325967072641378,-6.528162267550267,4.767354726791382,2,100
breast-w,pso,24,24,0,42,24,isolate_O,0.971380308880309,0.9642857142857144,4.057544891225176,-5.871245361882296,4.251483201980591,4,100
breast-w,de,24,24,0,42,24,isolate_O,0.971380308880309,0.9642857142857144,6.399373209694319,-7.093663932042812,4.217918157577515,1,100
breast-w,ga,24,24,0,42,24,isolate_O,0.9695945945945944,0.9642857142857144,8.554272608097326,-8.313574592086681,4.285696506500244,1,100
breast-w,sa,24,24,0,42,24,isolate_O,0.9695945945945944,0.9642857142857144,15.0,-11.44883644131698,4.66092848777771,16,100
breast-w,grid,25,25,0,42,25,isolate_O,0.971380308880309,0.9642857142857144,6.111111111111111,-7.0,4.72727108001709,6,100
breast-w,random,25,25,0,42,25,isolate_O,0.9695945945945944,0.9571428571428572,4.626858864950346,-5.702958636146501,4.776518106460571,3,100
breast-w,bo_tpe,25,25,0,42,25,isolate_O,0.9713642213642216,0.9642857142857144,-4.272078530702148,-4.654529993797421,4.699034690856934,3,100
breast-w,pso,25,25,0,42,25,isolate_O,0.971380308880309,0.9642857142857144,4.453375160663496,-6.193287053917103,4.49896502494812,1,100
breast-w,de,25,25,0,42,25,isolate_O,0.9713642213642216,0.9642857142857144,-3.8741323429129753,-5.0309319261482175,4.587113618850708,2,100
breast-w,ga,25,25,0,42,25,isolate_O,0.9713642213642216,0.9714285714285714,-2.891897051320546,-5.699485074088492,4.38196873664856,2,100
breast-w,sa,25,25,0,42,25,isolate_O,0.9695945945945944,0.9642857142857144,14.755286934052297,-11.366864844029768,4.172661304473877,4,100
breast-w,grid,26,26,0,42,26,isolate_O,0.971380308880309,0.9642857142857144,6.111111111111111,-7.0,4.747064590454102,6,100
breast-w,random,26,26,0,42,26,isolate_O,0.9713642213642216,0.9642857142857144,-3.3710182423261115,-5.5816840628335385,4.822846412658691,1,100
breast-w,bo_tpe,26,26,0,42,26,isolate_O,0.971380308880309,0.9642857142857144,6.084055409534474,-6.922474838156507,4.445236682891846,1,100
breast-w,pso,26,26,0,42,26,isolate_O,0.9695945945945944,0.9571428571428572,8.703420400261258,-7.878866596999059,4.354192972183228,7,100
breast-w,de,26,26,0,42,26,isolate_O,0.971380308880309,0.9642857142857144,4.219989319041776,-6.06336185554261,4.23256778717041,1,100
breast-w,ga,26,26,0,42,26,isolate_O,0.9695945945945944,0.9571428571428572,7.34272358398901,-7.344489818749262,4.239386081695557,1,100
breast-w,sa,26,26,0,42,26,isolate_O,0.9695945945945944,0.9571428571428572,2.5862700113505297,-4.459086705165401,4.518437623977661,1,100
breast-w,grid,27,27,0,42,27,isolate_O,0.971380308880309,0.9642857142857144,6.111111111111111,-7.0,4.82090425491333,6,100
breast-w,random,27,27,0,42,27,isolate_O,0.9695945945945944,0.9642857142857144,3.305272983907903,-5.755699516861174,4.832894563674927,4,100
breast-w,bo_tpe,27,27,0,42,27,isolate_O,0.971380308880309,0.9642857142857144,5.754969375663178,-6.919193951005619,4.628213405609131,4,100
breast-w,pso,27,27,0,42,27,isolate_O,0.971380308880309,0.9642857142857144,6.769164544670549,-7.215678489336263,4.273159980773926,1,100
breast-w,de,27,27,0,42,27,isolate_O,0.9695785070785072,0.9642857142857144,0.8824935091254993,-4.929012208486338,4.533496856689453,1,100
breast-w,ga,27,27,0,42,27,isolate_O,0.9695785070785072,0.9642857142857144,0.8824935091254993,-4.929012208486338,4.337141513824463,1,100
breast-w,sa,27,27,0,42,27,isolate_O,0.9695945945945944,0.9571428571428572,2.54031558801935,-4.3617517116463,4.734283685684204,29,100
breast-w,grid,28,28,0,42,28,isolate_O,0.971380308880309,0.9642857142857144,6.111111111111111,-7.0,4.876867055892944,6,100
breast-w,random,28,28,0,42,28,isolate_O,0.9695945945945944,0.9571428571428572,9.210039160027195,-8.084040852344458,4.753190994262695,10,100
breast-w,bo_tpe,28,28,0,42,28,isolate_O,0.971380308880309,0.9642857142857144,6.489043309355699,-7.21864611546655,4.606456518173218,10,100
breast-w,pso,28,28,0,42,28,isolate_O,0.971380308880309,0.9642857142857144,3.4198521514005176,-5.664081884223073,4.17919397354126,7,100
breast-w,de,28,28,0,42,28,isolate_O,0.9695945945945944,0.9642857142857144,5.363743381475466,-6.45088775736763,4.5947253704071045,2,100
breast-w,ga,28,28,0,42,28,isolate_O,0.9695945945945944,0.9642857142857144,5.652232995791181,-6.490006129747918,4.295226097106934,2,100
breast-w,sa,28,28,0,42,28,isolate_O,0.9695945945945944,0.9642857142857144,15.0,-11.398238905057417,4.595537185668945,5,100
breast-w,grid,29,29,0,42,29,isolate_O,0.971380308880309,0.9642857142857144,6.111111111111111,-7.0,4.78815221786499,6,100
breast-w,random,29,29,0,42,29,isolate_O,0.971380308880309,0.9642857142857144,5.023321845328503,-6.413146462344393,4.638380289077759,1,100
breast-w,bo_tpe,29,29,0,42,29,isolate_O,0.971380308880309,0.9642857142857144,5.291048881294969,-6.704986626243055,4.53366231918335,1,100
breast-w,pso,29,29,0,42,29,isolate_O,0.971380308880309,0.9642857142857144,4.633664551502466,-6.355552195926681,4.0104827880859375,2,100
breast-w,de,29,29,0,42,29,isolate_O,0.9713642213642216,0.9642857142857144,-4.43186970198759,-4.523100904780865,4.745253801345825,1,100
breast-w,ga,29,29,0,42,29,isolate_O,0.971380308880309,0.9642857142857144,2.882967949654894,-5.414412371620252,4.119734525680542,1,100
breast-w,sa,29,29,0,42,29,isolate_O,0.9695945945945944,0.9571428571428572,15.0,-11.341008094017493,4.718706130981445,1,100
breast-w,cuckoo,0,0,0,42,0,isolate_O,0.9678088803088803,0.9571428571428572,3.9946985517276214,-4.833872698888783,6.8053624629974365,11,100
breast-w,sh,0,0,0,42,0,isolate_O,1.0,0.9642857142857143,5.976270078546495,-2.12659140529645,44.79687309265137,1,1050
breast-w,cuckoo,1,1,0,42,1,isolate_O,0.9713642213642215,0.9714285714285714,-3.262689013589817,-5.369357917500144,6.415738105773926,5,100
breast-w,sh,1,1,0,42,1,isolate_O,1.0,0.9642857142857143,3.3404400940514805,-2.0341591180411545,44.943089723587036,1,1050
breast-w,cuckoo,2,2,0,42,2,isolate_O,0.9695945945945945,0.9642857142857143,4.678307533941287,-6.552502985210417,5.436270713806152,2,100
breast-w,sh,2,2,0,42,2,isolate_O,1.0,0.9642857142857143,5.993249557574183,-7.164196932871016,43.318580627441406,1,1050
breast-w,cuckoo,3,3,0,42,3,isolate_O,0.971380308880309,0.9642857142857143,4.6010252581899405,-6.381699605165386,6.075560092926025,2,100
breast-w,sh,3,3,0,42,3,isolate_O,1.0,0.9714285714285714,6.015958051491509,-2.2533391928741136,43.17049741744995,1,1050
breast-w,cuckoo,4,4,0,42,4,isolate_O,0.9695945945945945,0.9642857142857143,6.379970567893912,-7.333688710384037,6.440512657165527,3,100
breast-w,sh,4,4,0,42,4,isolate_O,1.0,0.9142857142857143,14.340596780273533,-5.149819514836999,43.17916536331177,1,1050
breast-w,cuckoo,5,5,0,42,5,isolate_O,0.9695945945945945,0.9571428571428572,7.531336630674129,-7.276863779760982,5.533900737762451,7,100
breast-w,sh,5,5,0,42,5,isolate_O,1.0,0.9571428571428572,4.768223775896583,-3.988610467752377,44.051844120025635,1,1050
breast-w,cuckoo,6,6,0,42,6,isolate_O,0.9713642213642215,0.9714285714285714,-2.907619101888004,-5.717577942133864,6.186795711517334,1,100
breast-w,sh,6,6,0,42,6,isolate_O,1.0,0.9642857142857143,12.857203028720033,-9.02436350457881,43.69507622718811,1,1050
breast-w,cuckoo,7,7,0,42,7,isolate_O,0.9678088803088803,0.9642857142857143,13.588474513596928,-14.662332679369365,5.529586553573608,4,100
breast-w,sh,7,7,0,42,7,isolate_O,1.0,0.9571428571428572,3.7681846288178704,-1.9776267990430583,43.932292222976685,1,1050
breast-w,cuckoo,8,8,0,42,8,isolate_O,0.9695945945945945,0.9642857142857143,5.4534934270513915,-6.388947675556757,6.151276111602783,4,100
breast-w,sh,8,8,0,42,8,isolate_O,1.0,0.9071428571428571,12.383890804278398,-5.444597551999218,43.25527858734131,1,1050
breast-w,cuckoo,9,9,0,42,9,isolate_O,0.9695945945945945,0.9642857142857143,11.459688422804541,-9.798025370422025,5.736405372619629,2,100
breast-w,sh,9,9,0,42,9,isolate_O,1.0,0.9642857142857143,14.019280632534329,-14.302529235018243,45.96782636642456,1,1050
breast-w,cuckoo,10,10,0,42,10,isolate_O,0.9695945945945945,0.9642857142857143,6.721804307372137,-7.395645084117885,6.0150182247161865,1,100
breast-w,sh,10,10,0,42,10,isolate_O,1.0,0.9642857142857143,10.42641286533492,-14.626464911530773,4984.435121297836,1,1050
breast-w,cuckoo,11,11,0,42,11,isolate_O,0.9677927927927928,0.9642857142857143,7.1578249192097605,-10.874909709259672,12.073330402374268,3,100
breast-w,sh,11,11,0,42,11,isolate_O,1.0,0.9571428571428572,4.264370529966893,-1.9511892745413384,110.38765621185303,1,1050
breast-w,cuckoo,12,12,0,42,12,isolate_O,0.9695945945945945,0.9571428571428572,6.264235148153565,-6.502403933448205,10.925804138183594,2,100
breast-w,sh,12,12,0,42,12,isolate_O,1.0,0.9642857142857143,0.2663003037026934,-5.39269091915464,76.28007054328918,1,1050
breast-w,cuckoo,13,13,0,42,13,isolate_O,0.9695945945945945,0.9642857142857143,13.981883633564209,-11.077817835629599,9.69887375831604,1,100
breast-w,sh,13,13,0,42,13,isolate_O,1.0,0.9642857142857143,10.554048211476402,-10.724258039371579,64.48655652999878,1,1050
breast-w,cuckoo,14,14,0,42,14,isolate_O,0.9695945945945945,0.9642857142857143,10.712259898679397,-9.197308990729148,6.949603080749512,2,100
breast-w,sh,14,14,0,42,14,isolate_O,1.0,0.95,5.278866875453804,-1.083029062572658,58.32803750038147,1,1050
breast-w,cuckoo,15,15,0,42,15,isolate_O,0.9713642213642215,0.9714285714285714,-2.8348541264356095,-5.836782989683461,7.379972219467163,1,100
breast-w,sh,15,15,0,42,15,isolate_O,1.0,0.9642857142857143,11.976353945371574,-11.779873351422028,61.59620428085327,1,1050
breast-w,cuckoo,16,16,0,42,16,isolate_O,0.9695624195624196,0.9714285714285714,0.15608541126078457,-8.728838211243186,13.517460823059082,1,100
breast-w,sh,16,16,0,42,16,isolate_O,1.0,0.9642857142857143,-0.5341784169292225,-5.58305985478783,57.87393879890442,1,1050
breast-w,cuckoo,17,17,0,42,17,isolate_O,0.9695785070785071,0.9642857142857143,0.9545143660354327,-4.8928397041255,6.511191129684448,1,100
breast-w,sh,17,17,0,42,17,isolate_O,1.0,0.9642857142857143,0.8933000537421947,-5.4494383991047055,55.43923592567444,1,1050
breast-w,cuckoo,18,18,0,42,18,isolate_O,0.9695945945945945,0.9642857142857143,8.993112579841902,-8.656935562358768,6.364358425140381,2,100
breast-w,sh,18,18,0,42,18,isolate_O,1.0,0.9357142857142857,8.007484834791834,-5.901839272772827,55.87637257575989,1,1050
breast-w,cuckoo,19,19,0,42,19,isolate_O,0.9695945945945945,0.9642857142857143,3.2750817362212095,-5.138589754456606,6.0004494190216064,6,100
breast-w,sh,19,19,0,42,19,isolate_O,1.0,0.95,14.654838290884278,-3.558106773656654,58.06335139274597,1,1050
breast-w,cuckoo,20,20,0,42,20,isolate_O,0.971380308880309,0.9642857142857143,4.220787925848615,-6.0370786804685075,6.950547933578491,4,100
breast-w,sh,20,20,0,42,20,isolate_O,1.0,0.9642857142857143,2.5736188401081623,-5.6668029819345485,57.285677909851074,1,1050
breast-w,cuckoo,21,21,0,42,21,isolate_O,0.9695945945945945,0.9571428571428572,5.130888831596528,-5.864392122838635,6.884252548217773,2,100
breast-w,sh,21,21,0,42,21,isolate_O,1.0,0.9714285714285714,9.419326936624596,-14.610907501512903,57.73536205291748,1,1050
breast-w,cuckoo,22,22,0,42,22,isolate_O,0.9713642213642215,0.9714285714285714,-3.587213377393814,-5.222179019708867,6.5489068031311035,1,100
breast-w,sh,22,22,0,42,22,isolate_O,1.0,0.9571428571428572,0.41065666595662353,-2.56125569190727,58.51950263977051,1,1050
breast-w,cuckoo,23,23,0,42,23,isolate_O,0.971380308880309,0.9642857142857143,2.732404695115962,-5.26304692434751,6.67992377281189,2,100
breast-w,sh,23,23,0,42,23,isolate_O,1.0,0.9642857142857143,10.309195187938139,-9.91687480859197,57.02451491355896,1,1050
breast-w,cuckoo,24,24,0,42,24,isolate_O,0.9695945945945945,0.9642857142857143,4.749117934516379,-6.014884401573248,6.844790697097778,2,100
breast-w,sh,24,24,0,42,24,isolate_O,1.0,0.9714285714285714,14.200346066718371,-2.4087831009076304,60.07209491729736,1,1050
breast-w,cuckoo,25,25,0,42,25,isolate_O,0.9695945945945945,0.9571428571428572,4.626858864950346,-5.7029586361465014,6.829793691635132,3,100
breast-w,sh,25,25,0,42,25,isolate_O,1.0,0.9428571428571428,12.402482732544236,-4.519015283893925,62.24504733085632,1,1050
breast-w,cuckoo,26,26,0,42,26,isolate_O,0.9678088803088803,0.9571428571428572,6.363496908115518,-6.261137627936474,166.0796811580658,1,100
breast-w,sh,26,26,0,42,26,isolate_O,1.0,0.9642857142857143,1.1586990524994167,-5.650953372504587,103.46577644348145,1,1050
breast-w,cuckoo,27,27,0,42,27,isolate_O,0.9695945945945945,0.9642857142857143,3.305272983907903,-5.755699516861174,10.472005844116211,4,100
breast-w,sh,27,27,0,42,27,isolate_O,1.0,0.9642857142857143,12.863886934302705,-11.225126944421241,91.25558257102966,1,1050
breast-w,cuckoo,28,28,0,42,28,isolate_O,0.9695624195624196,0.9714285714285714,-1.860466063270628,-6.652180249529977,9.224325180053711,10,100
breast-w,sh,28,28,0,42,28,isolate_O,1.0,0.9285714285714286,9.580274845782382,-4.89768715810246,88.08042931556702,1,1050
breast-w,cuckoo,29,29,0,42,29,isolate_O,0.9695945945945945,0.9571428571428572,4.020897526189104,-5.236565345947699,10.756181478500366,1,100
breast-w,sh,29,29,0,42,29,isolate_O,1.0,0.9571428571428572,12.275199711401658,-9.871692625902718,56.18036484718323,1,1050
vehicle,grid,0,0,0,42,0,isolate_O,0.8550980392156863,0.8411764705882353,10.555555555555555,-7.0,11.43505859375,75,100
vehicle,random,0,0,0,42,0,isolate_O,0.8565468409586057,0.8529411764705882,11.275956394049544,-7.862896664754277,10.958030462265016,58,100
vehicle,bo_tpe,0,0,0,42,0,isolate_O,0.8610021786492374,0.8588235294117647,10.187363480956355,-7.186834566845072,15.920755863189695,12,100
vehicle,pso,0,0,0,42,0,isolate_O,0.8610021786492374,0.8470588235294118,10.542442328698192,-7.281701845771287,11.904441833496094,34,100
vehicle,de,0,0,0,42,0,isolate_O,0.8565359477124183,0.8529411764705882,13.680870319124992,-8.188060822283786,13.787311792373655,20,100
vehicle,ga,0,0,0,42,0,isolate_O,0.8565359477124183,0.8529411764705882,13.266261501312352,-8.003001590340451,16.00986933708191,20,100
vehicle,sa,0,0,0,42,0,isolate_O,0.8610021786492374,0.8470588235294118,9.283520447454276,-6.596093947598785,10.53939127922058,46,100
vehicle,grid,1,1,0,42,1,isolate_O,0.8550980392156863,0.8411764705882353,10.555555555555555,-7.0,11.382188081741331,75,100
vehicle,random,1,1,0,42,1,isolate_O,0.8565141612200436,0.8647058823529412,13.550171607920678,-8.740214524580882,11.125353336334229,39,100
vehicle,bo_tpe,1,1,0,42,1,isolate_O,0.8624727668845316,0.8470588235294118,9.18302840415599,-6.814354421496974,11.803218126296995,13,100
vehicle,pso,1,1,0,42,1,isolate_O,0.8610021786492374,0.8470588235294118,9.706283662830328,-6.898089440096856,10.493179559707642,55,100
vehicle,de,1,1,0,42,1,isolate_O,0.8639651416122003,0.8352941176470589,10.285302705483314,-6.723753582623657,11.410351514816284,4,100
vehicle,ga,1,1,0,42,1,isolate_O,0.8624727668845317,0.8529411764705882,10.748210651066572,-7.382363849591254,12.553179264068604,4,100
vehicle,sa,1,1,0,42,1,isolate_O,0.8595206971677559,0.8470588235294118,8.790611157669142,-6.449857616073786,18.841338634490967,82,100
vehicle,grid,2,2,0,42,2,isolate_O,0.8550980392156863,0.8411764705882353,10.555555555555555,-7.0,11.429101705551147,75,100
vehicle,random,2,2,0,42,2,isolate_O,0.8477015250544664,0.8470588235294118,7.422676655385898,-5.475442303013297,12.064875364303589,6,100
vehicle,bo_tpe,2,2,0,42,2,isolate_O,0.8610130718954249,0.8411764705882353,9.81994048013216,-6.790371773899641,14.737289667129517,33,100
vehicle,pso,2,2,0,42,2,isolate_O,0.8610021786492374,0.8470588235294118,9.47072074358079,-6.861510179111257,11.571037292480469,57,100
vehicle,de,2,2,0,42,2,isolate_O,0.8580283224400871,0.8470588235294118,9.004069258588876,-6.823851694001239,10.60104751586914,43,100
vehicle,ga,2,2,0,42,2,isolate_O,0.8595424836601306,0.8352941176470589,9.181088259388556,-6.289037890065747,11.971701383590698,24,100
vehicle,sa,2,2,0,42,2,isolate_O,0.8595206971677559,0.8411764705882353,10.11790474232333,-6.90467874593954,14.982787370681764,40,100
vehicle,grid,3,3,0,42,3,isolate_O,0.8550980392156863,0.8411764705882353,10.555555555555555,-7.0,11.56426239013672,75,100
vehicle,random,3,3,0,42,3,isolate_O,0.8580718954248366,0.8294117647058824,8.97619996760847,-6.315053248071061,12.379676818847656,37,100
vehicle,bo_tpe,3,3,0,42,3,isolate_O,0.8624945533769063,0.8411764705882353,9.607821345782892,-6.71171700478288,11.185638904571531,68,100
vehicle,pso,3,3,0,42,3,isolate_O,0.8610130718954248,0.8352941176470589,10.244758532474156,-6.660092833709999,10.386056900024414,83,100
vehicle,de,3,3,0,42,3,isolate_O,0.8595098039215687,0.8470588235294118,9.44329616284235,-6.999240787708244,10.69772458076477,80,100
vehicle,ga,3,3,0,42,3,isolate_O,0.8580392156862745,0.8352941176470589,10.693416313390578,-6.895921244310795,9.953303813934326,90,100
vehicle,sa,3,3,0,42,3,isolate_O,0.8609912854030501,0.8352941176470589,10.676019018169924,-6.8806854890274085,11.505306243896484,46,100
vehicle,grid,4,4,0,42,4,isolate_O,0.8550980392156863,0.8411764705882353,10.555555555555555,-7.0,11.65446925163269,75,100
vehicle,random,4,4,0,42,4,isolate_O,0.8580065359477125,0.8647058823529412,12.91002332112292,-8.468635408203724,11.098405361175535,15,100
vehicle,bo_tpe,4,4,0,42,4,isolate_O,0.8565250544662311,0.8647058823529412,13.269584420261609,-8.647120470171005,12.762412786483765,13,100
vehicle,pso,4,4,0,42,4,isolate_O,0.8609912854030501,0.8529411764705882,9.141824223653243,-6.764723408749326,10.414917707443236,47,100
vehicle,de,4,4,0,42,4,isolate_O,0.8595206971677559,0.8470588235294118,9.46608125496841,-6.713245667070973,15.59353256225586,8,100
vehicle,ga,4,4,0,42,4,isolate_O,0.8550653594771243,0.8529411764705882,11.149004130879916,-7.5634563383759,18.642704486846924,8,100
vehicle,sa,4,4,0,42,4,isolate_O,0.8580610021786492,0.8352941176470589,9.67320536115544,-6.499392876459785,18.66089391708374,7,100
vehicle,grid,5,5,0,42,5,isolate_O,0.8550980392156863,0.8411764705882353,10.555555555555555,-7.0,11.56380033493042,75,100
vehicle,random,5,5,0,42,5,isolate_O,0.8521350762527232,0.8352941176470589,7.777553641207307,-6.118529065858326,11.283557891845703,38,100
vehicle,bo_tpe,5,5,0,42,5,isolate_O,0.8624945533769063,0.8411764705882353,9.889641665926623,-6.861519940810386,13.072343349456789,15,100
vehicle,pso,5,5,0,42,5,isolate_O,0.8609803921568628,0.8470588235294118,9.8256546496359,-7.217176287455038,12.401038885116575,18,100
vehicle,de,5,5,0,42,5,isolate_O,0.8624727668845316,0.8470588235294118,9.149911346743547,-6.833682679097413,10.948275804519652,56,100
vehicle,ga,5,5,0,42,5,isolate_O,0.8476579520697168,0.8529411764705882,11.467818088628132,-8.770540690130682,10.257560729980469,19,100
vehicle,sa,5,5,0,42,5,isolate_O,0.8565468409586057,0.8529411764705882,11.16763141785034,-7.868143859188078,18.31095838546753,22,100
vehicle,grid,6,6,0,42,6,isolate_O,0.8550980392156863,0.8411764705882353,10.555555555555555,-7.0,11.32010293006897,75,100
vehicle,random,6,6,0,42,6,isolate_O,0.8594989106753813,0.8529411764705882,11.397163938436826,-7.562383173308746,11.171161651611328,9,100
vehicle,bo_tpe,6,6,0,42,6,isolate_O,0.8639542483660131,0.8470588235294118,9.710893014800874,-6.926767012466017,12.963454008102415,9,100
vehicle,pso,6,6,0,42,6,isolate_O,0.8625054466230937,0.8294117647058824,9.228984959678902,-6.439928719869148,10.97784185409546,23,100
vehicle,de,6,6,0,42,6,isolate_O,0.8580174291938999,0.8588235294117647,12.189356661812312,-8.059416614883181,15.546697616577148,20,100
vehicle,ga,6,6,0,42,6,isolate_O,0.8580174291938999,0.8588235294117647,11.024581068425924,-7.559276126798825,15.526992797851562,20,100
vehicle,sa,6,6,0,42,6,isolate_O,0.8609912854030501,0.8470588235294118,9.105175992061914,-6.817055498423755,11.99285101890564,67,100
vehicle,grid,7,7,0,42,7,isolate_O,0.8550980392156863,0.8411764705882353,10.555555555555555,-7.0,11.436908960342407,75,100
vehicle,random,7,7,0,42,7,isolate_O,0.8580174291938997,0.8529411764705882,13.452063061559135,-8.114799499262991,11.154643774032593,15,100
vehicle,bo_tpe,7,7,0,42,7,isolate_O,0.8610021786492374,0.8588235294117647,10.139067154909108,-7.160720307589963,13.992114782333374,19,100
vehicle,pso,7,7,0,42,7,isolate_O,0.8624836601307189,0.8529411764705882,9.878165133963575,-7.042127903686951,12.7138512134552,58,100
vehicle,de,7,7,0,42,7,isolate_O,0.8610130718954249,0.8470588235294118,9.312857141970124,-6.577170848813026,12.386963844299316,40,100
vehicle,ga,7,7,0,42,7,isolate_O,0.8594989106753813,0.8529411764705882,10.529126705080024,-7.434765740807448,11.019734144210815,47,100
vehicle,sa,7,7,0,42,7,isolate_O,0.8609803921568627,0.8529411764705882,11.030963283491564,-7.387552160497583,13.511255502700806,74,100
vehicle,grid,8,8,0,42,8,isolate_O,0.8550980392156863,0.8411764705882353,10.555555555555555,-7.0,12.022035121917725,75,100
vehicle,random,8,8,0,42,8,isolate_O,0.8535729847494553,0.8470588235294118,13.866363689264038,-8.254706909680028,11.057682991027832,30,100
vehicle,bo_tpe,8,8,0,42,8,isolate_O,0.8609803921568627,0.8470588235294118,9.923629285137189,-7.317256937676049,13.100245475769045,33,100
vehicle,pso,8,8,0,42,8,isolate_O,0.8580283224400871,0.8647058823529412,11.705495599566763,-7.9683289886935,14.810824394226074,23,100
vehicle,de,8,8,0,42,8,isolate_O,0.8565359477124183,0.8470588235294118,11.27655340310042,-7.386284613403926,12.194493293762209,3,100
vehicle,ga,8,8,0,42,8,isolate_O,0.8609803921568627,0.8529411764705882,10.845049461523091,-7.38575905435577,11.909772396087646,3,100
vehicle,sa,8,8,0,42,8,isolate_O,0.8610130718954248,0.8411764705882353,9.05471174776137,-6.438676522224408,9.77162742614746,42,100
vehicle,grid,9,9,0,42,9,isolate_O,0.8550980392156863,0.8411764705882353,10.555555555555555,-7.0,11.644305944442747,75,100
vehicle,random,9,9,0,42,9,isolate_O,0.8580283224400873,0.8470588235294118,8.464436534386925,-6.42975982059752,10.68979001045227,21,100
vehicle,bo_tpe,9,9,0,42,9,isolate_O,0.8624618736383441,0.8529411764705882,10.840372870191876,-7.348567169556681,15.819392681121826,13,100
vehicle,pso,9,9,0,42,9,isolate_O,0.8610021786492374,0.8411764705882353,10.550335923563338,-6.774585989199335,11.975653409957886,43,100
vehicle,de,9,9,0,42,9,isolate_O,0.8594989106753813,0.8470588235294118,10.099635650319392,-7.391197819879214,12.729137182235718,25,100
vehicle,ga,9,9,0,42,9,isolate_O,0.852124183006536,0.8470588235294118,8.122899100117081,-6.0597016007095625,11.749541759490969,25,100
vehicle,sa,9,9,0,42,9,isolate_O,0.8624727668845316,0.8470588235294118,9.19372256557521,-6.817210553346561,10.41743779182434,62,100
vehicle,grid,10,10,0,42,10,isolate_O,0.8550980392156863,0.8411764705882353,10.555555555555555,-7.0,11.793692350387571,75,100
vehicle,random,10,10,0,42,10,isolate_O,0.8565250544662311,0.8647058823529412,12.716541923354114,-8.423430518145915,11.378741264343262,60,100
vehicle,bo_tpe,10,10,0,42,10,isolate_O,0.8610021786492374,0.8470588235294118,9.32050253389613,-6.756888155535791,15.693293333053589,13,100
vehicle,pso,10,10,0,42,10,isolate_O,0.8624727668845317,0.8529411764705882,9.68223746589523,-7.046970369022132,13.360370874404907,35,100
vehicle,de,10,10,0,42,10,isolate_O,0.8610130718954249,0.8352941176470589,10.253095958859202,-6.739279770974306,13.810473203659058,21,100
vehicle,ga,10,10,0,42,10,isolate_O,0.8580283224400871,0.8470588235294118,10.657361096961262,-7.1564061094544815,12.47506618499756,64,100
vehicle,sa,10,10,0,42,10,isolate_O,0.8639542483660131,0.8470588235294118,9.684969040607427,-6.910757718133038,15.607940196990969,17,100
vehicle,grid,11,11,0,42,11,isolate_O,0.8550980392156863,0.8411764705882353,10.555555555555555,-7.0,11.32621717453003,75,100
vehicle,random,11,11,0,42,11,isolate_O,0.8580501089324619,0.8352941176470589,10.344325692283483,-6.824439597712146,11.520409345626833,37,100
vehicle,bo_tpe,11,11,0,42,11,isolate_O,0.8624618736383441,0.8470588235294118,10.8881832214839,-7.327777382713231,13.21941304206848,19,100
vehicle,pso,11,11,0,42,11,isolate_O,0.8639542483660131,0.8529411764705882,10.15653410950307,-7.0743095967933245,10.52304220199585,42,100
vehicle,de,11,11,0,42,11,isolate_O,0.8610130718954248,0.8352941176470589,10.22810665084812,-6.670238818810461,12.174560070037842,30,100
vehicle,ga,11,11,0,42,11,isolate_O,0.8580283224400873,0.8470588235294118,8.388050276534264,-6.339655287586735,10.432408571243286,32,100
vehicle,sa,11,11,0,42,11,isolate_O,0.8624945533769063,0.8470588235294118,9.581577169789837,-6.72696808993528,11.196980953216553,28,100
vehicle,grid,12,12,0,42,12,isolate_O,0.8550980392156863,0.8411764705882353,10.555555555555555,-7.0,11.544824600219728,75,100
vehicle,random,12,12,0,42,12,isolate_O,0.8506535947712418,0.8352941176470589,7.833561833708458,-6.130728502142858,10.905230283737184,9,100
vehicle,bo_tpe,12,12,0,42,12,isolate_O,0.8639651416122005,0.8411764705882353,9.89228893873312,-6.874086388656094,11.900182485580444,28,100
vehicle,pso,12,12,0,42,12,isolate_O,0.8624836601307189,0.8529411764705882,10.372083493055111,-7.196225269952922,14.179827690124512,51,100
vehicle,de,12,12,0,42,12,isolate_O,0.8580174291938997,0.8470588235294118,9.162184439863823,-6.964641777366316,11.214715957641602,52,100
vehicle,ga,12,12,0,42,12,isolate_O,0.8565686274509805,0.8411764705882353,10.386233602636157,-6.9662563578464685,10.636391401290894,72,100
vehicle,sa,12,12,0,42,12,isolate_O,0.8610021786492374,0.8588235294117647,9.47240299648004,-6.900054280171738,15.988724946975708,9,100
vehicle,grid,13,13,0,42,13,isolate_O,0.8550980392156863,0.8411764705882353,10.555555555555555,-7.0,11.56039834022522,75,100
vehicle,random,13,13,0,42,13,isolate_O,0.8609694989106753,0.8588235294117647,11.888285129754394,-7.940426158534752,11.454577445983888,32,100
vehicle,bo_tpe,13,13,0,42,13,isolate_O,0.8610021786492374,0.8352941176470589,10.007073824276638,-6.596683956309925,13.49746870994568,42,100
vehicle,pso,13,13,0,42,13,isolate_O,0.8624836601307189,0.8470588235294118,9.802388528719424,-6.916868741181153,12.412662744522097,53,100
vehicle,de,13,13,0,42,13,isolate_O,0.8639542483660131,0.8470588235294118,9.39979392562734,-6.93525278120336,12.665406465530396,8,100
vehicle,ga,13,13,0,42,13,isolate_O,0.8595206971677559,0.8470588235294118,9.168588713490022,-6.630876945989687,12.389626502990724,8,100
vehicle,sa,13,13,0,42,13,isolate_O,0.8595098039215687,0.8647058823529412,11.914769980710156,-8.016548728255458,13.748919248580933,12,100
vehicle,grid,14,14,0,42,14,isolate_O,0.8550980392156863,0.8411764705882353,10.555555555555555,-7.0,11.652389764785768,75,100
vehicle,random,14,14,0,42,14,isolate_O,0.8521132897603486,0.8529411764705882,13.651151857574238,-8.263594509333142,12.108153581619264,9,100
vehicle,bo_tpe,14,14,0,42,14,isolate_O,0.8624836601307189,0.8588235294117647,9.741750164255546,-7.01320031752192,13.146567106246948,35,100
vehicle,pso,14,14,0,42,14,isolate_O,0.8624618736383441,0.8529411764705882,10.930160094315802,-7.41816601812349,12.506227731704712,23,100
vehicle,de,14,14,0,42,14,isolate_O,0.8565795206971678,0.8411764705882353,9.687296672625536,-6.653543366737486,16.037858486175537,18,100
vehicle,ga,14,14,0,42,14,isolate_O,0.8580174291938999,0.8588235294117647,11.03503300794571,-7.569572153245146,13.958753108978271,18,100
vehicle,sa,14,14,0,42,14,isolate_O,0.8595424836601306,0.8352941176470589,9.17641160873685,-6.292417274151072,10.29967999458313,43,100
vehicle,grid,15,15,0,42,15,isolate_O,0.8550980392156863,0.8411764705882353,10.555555555555555,-7.0,11.550105571746826,75,100
vehicle,random,15,15,0,42,15,isolate_O,0.8639651416122005,0.8470588235294118,9.550450971558249,-6.730000343957117,11.290807247161863,32,100
vehicle,bo_tpe,15,15,0,42,15,isolate_O,0.8639651416122005,0.8529411764705882,9.980120535462383,-6.9387560617941215,13.057095289230348,52,100
vehicle,pso,15,15,0,42,15,isolate_O,0.8639542483660131,0.8470588235294118,9.426395980600738,-6.940790250773363,10.487706661224363,43,100
vehicle,de,15,15,0,42,15,isolate_O,0.8565686274509805,0.8411764705882353,10.047152455336208,-6.725263911315532,10.724550247192385,24,100
vehicle,ga,15,15,0,42,15,isolate_O,0.8565468409586057,0.8647058823529412,12.798233299447194,-8.376955264568622,10.431813478469849,62,100
vehicle,sa,15,15,0,42,15,isolate_O,0.8654357298474945,0.8529411764705882,10.108555346145048,-7.069699101832198,14.566487073898315,26,100
vehicle,grid,16,16,0,42,16,isolate_O,0.8550980392156863,0.8411764705882353,10.555555555555555,-7.0,11.987015724182127,75,100
vehicle,random,16,16,0,42,16,isolate_O,0.8595098039215687,0.8470588235294118,8.932214284171899,-6.643246415277268,11.251797437667848,9,100
vehicle,bo_tpe,16,16,0,42,16,isolate_O,0.8610021786492374,0.8470588235294118,9.58987883113358,-6.918248014538573,11.801610946655272,9,100
vehicle,pso,16,16,0,42,16,isolate_O,0.8609912854030501,0.8411764705882353,8.682995719962442,-6.623361299817667,11.757041454315186,28,100
vehicle,de,16,16,0,42,16,isolate_O,0.8580283224400871,0.8647058823529412,11.796488110696762,-7.959351957653686,13.309009552001951,14,100
vehicle,ga,16,16,0,42,16,isolate_O,0.8624945533769063,0.8411764705882353,9.639923956221836,-6.732620546345993,10.917247772216797,14,100
vehicle,sa,16,16,0,42,16,isolate_O,0.8624836601307189,0.8411764705882353,9.976832945038844,-6.910843567387813,12.06113886833191,72,100
vehicle,grid,17,17,0,42,17,isolate_O,0.8550980392156863,0.8411764705882353,10.555555555555555,-7.0,11.468651056289673,75,100
vehicle,random,17,17,0,42,17,isolate_O,0.8506535947712418,0.8352941176470589,7.878522439442769,-6.262818250165852,10.57011103630066,40,100
vehicle,bo_tpe,17,17,0,42,17,isolate_O,0.8610021786492374,0.8588235294117647,9.346442205406465,-6.828793518318232,11.512521982192991,26,100
vehicle,pso,17,17,0,42,17,isolate_O,0.8624836601307189,0.8470588235294118,9.73727276057485,-6.892657505215093,11.058182716369627,20,100
vehicle,de,17,17,0,42,17,isolate_O,0.8624618736383443,0.8470588235294118,9.78560652234523,-7.219086880307405,9.838707208633425,28,100
vehicle,ga,17,17,0,42,17,isolate_O,0.8580501089324619,0.8411764705882353,8.6017541193687,-6.374578461415878,9.57286787033081,20,100
vehicle,sa,17,17,0,42,17,isolate_O,0.8594989106753813,0.8529411764705882,10.225946993155643,-7.3785631992969085,13.845382452011108,25,100
vehicle,grid,18,18,0,42,18,isolate_O,0.8550980392156863,0.8411764705882353,10.555555555555555,-7.0,11.781607866287231,75,100
vehicle,random,18,18,0,42,18,isolate_O,0.8535511982570805,0.8411764705882353,9.822223708816836,-7.93454168264861,11.559985160827637,1,100
vehicle,bo_tpe,18,18,0,42,18,isolate_O,0.8610021786492374,0.8588235294117647,10.354245043013329,-7.255223269366228,13.31325364112854,20,100
vehicle,pso,18,18,0,42,18,isolate_O,0.8565359477124183,0.8529411764705882,12.116584293648287,-8.246227444865886,13.525604963302612,3,100
vehicle,de,18,18,0,42,18,isolate_O,0.8536056644880172,0.8352941176470589,7.392344497535871,-6.050468508359038,10.22116470336914,38,100
vehicle,ga,18,18,0,42,18,isolate_O,0.8521023965141612,0.8352941176470589,7.793780094265941,-6.409927404944669,10.727943897247314,67,100
vehicle,sa,18,18,0,42,18,isolate_O,0.8639651416122003,0.8529411764705882,10.378825149145944,-7.207297050945332,15.100613355636597,30,100
vehicle,grid,19,19,0,42,19,isolate_O,0.8550980392156863,0.8411764705882353,10.555555555555555,-7.0,11.700288534164429,75,100
vehicle,random,19,19,0,42,19,isolate_O,0.8624727668845317,0.8470588235294118,10.20373042537261,-7.039071008291948,11.056085348129272,36,100
vehicle,bo_tpe,19,19,0,42,19,isolate_O,0.8654357298474945,0.8529411764705882,10.134587018996534,-7.068688118888957,13.48743224143982,33,100
vehicle,pso,19,19,0,42,19,isolate_O,0.8595315904139433,0.8352941176470589,10.127354988296268,-6.627188412385682,10.882162094116213,29,100
vehicle,de,19,19,0,42,19,isolate_O,0.8624945533769063,0.8352941176470589,10.230862165543115,-6.725447637720807,11.550273418426514,12,100
vehicle,ga,19,19,0,42,19,isolate_O,0.8639542483660131,0.8529411764705882,10.18639572062036,-7.120648729433448,13.915712594985962,12,100
vehicle,sa,19,19,0,42,19,isolate_O,0.8639542483660131,0.8529411764705882,10.228652355997978,-7.104807157740488,10.396195411682127,68,100
vehicle,grid,20,20,0,42,20,isolate_O,0.8550980392156863,0.8411764705882353,10.555555555555555,-7.0,11.60616946220398,75,100
vehicle,random,20,20,0,42,20,isolate_O,0.8609803921568628,0.8529411764705882,10.46512774612808,-7.391815901790798,10.909915208816528,50,100
vehicle,bo_tpe,20,20,0,42,20,isolate_O,0.8594989106753813,0.8529411764705882,12.110215953406032,-7.9038515988079485,13.282952070236206,50,100
vehicle,pso,20,20,0,42,20,isolate_O,0.8610348583877995,0.8294117647058824,9.177214172664495,-6.395635236219285,10.792028188705444,44,100
vehicle,de,20,20,0,42,20,isolate_O,0.8654357298474945,0.8529411764705882,10.161726652507166,-7.094200156533387,10.348527431488035,61,100
vehicle,ga,20,20,0,42,20,isolate_O,0.8639651416122005,0.8529411764705882,9.97479824894683,-6.945911528974713,10.348403930664062,40,100
vehicle,sa,20,20,0,42,20,isolate_O,0.8610021786492374,0.8529411764705882,10.482095629084755,-7.240043646868603,12.200844049453735,65,100
vehicle,grid,21,21,0,42,21,isolate_O,0.8550980392156863,0.8411764705882353,10.555555555555555,-7.0,11.7132465839386,75,100
vehicle,random,21,21,0,42,21,isolate_O,0.8595098039215687,0.8470588235294118,8.838295671058336,-6.669619299101745,10.723543882369995,10,100
vehicle,bo_tpe,21,21,0,42,21,isolate_O,0.8595098039215687,0.8529411764705882,10.877915813710793,-7.419496787637845,14.80717921257019,10,100
vehicle,pso,21,21,0,42,21,isolate_O,0.8624727668845316,0.8470588235294118,9.155125100027629,-6.834856905699219,12.968562364578249,32,100
vehicle,de,21,21,0,42,21,isolate_O,0.8610021786492374,0.8470588235294118,9.508729559777247,-6.798222912634498,13.796730995178224,37,100
vehicle,ga,21,21,0,42,21,isolate_O,0.8610130718954249,0.8470588235294118,9.475581283803107,-6.6756299215183095,13.756786108016968,24,100
vehicle,sa,21,21,0,42,21,isolate_O,0.8535947712418303,0.8352941176470589,8.170887071139832,-6.446635393168254,10.109554290771484,31,100
vehicle,grid,22,22,0,42,22,isolate_O,0.8550980392156863,0.8411764705882353,10.555555555555555,-7.0,11.508291006088257,75,100
vehicle,random,22,22,0,42,22,isolate_O,0.8521023965141612,0.8470588235294118,12.185610981558458,-7.657720471868443,10.55638551712036,62,100
vehicle,bo_tpe,22,22,0,42,22,isolate_O,0.8580065359477125,0.8647058823529412,13.288686871535512,-8.672975839186277,16.08482313156128,37,100
vehicle,pso,22,22,0,42,22,isolate_O,0.8639542483660131,0.8470588235294118,9.33056250272109,-6.88500126023206,14.02844786643982,49,100
vehicle,de,22,22,0,42,22,isolate_O,0.8610021786492374,0.8529411764705882,10.462700603803029,-7.23111735964291,11.473774194717407,33,100
vehicle,ga,22,22,0,42,22,isolate_O,0.8595424836601306,0.8411764705882353,9.533566939249432,-6.653156003627689,11.88091254234314,48,100
vehicle,sa,22,22,0,42,22,isolate_O,0.8595206971677559,0.8470588235294118,9.293313513109087,-6.691212065327367,10.935203313827516,61,100
vehicle,grid,23,23,0,42,23,isolate_O,0.8550980392156863,0.8411764705882353,10.555555555555555,-7.0,11.487853288650513,75,100
vehicle,random,23,23,0,42,23,isolate_O,0.8595315904139433,0.8352941176470589,10.1553874539834,-6.7314463460136285,11.680164098739624,41,100
vehicle,bo_tpe,23,23,0,42,23,isolate_O,0.8624727668845317,0.8529411764705882,9.880552800181416,-7.1237717019392255,17.357688426971436,16,100
vehicle,pso,23,23,0,42,23,isolate_O,0.8624836601307189,0.8470588235294118,10.058513253929064,-6.973675456925816,15.07787585258484,6,100
vehicle,de,23,23,0,42,23,isolate_O,0.8639651416122005,0.8470588235294118,9.907068036443995,-6.911820906826918,13.8697829246521,5,100
vehicle,ga,23,23,0,42,23,isolate_O,0.8639651416122005,0.8470588235294118,9.907068036443995,-6.911820906826918,10.296160221099854,5,100
vehicle,sa,23,23,0,42,23,isolate_O,0.8624945533769063,0.8411764705882353,9.769527697541056,-6.789153601983768,11.22816801071167,59,100
vehicle,grid,24,24,0,42,24,isolate_O,0.8550980392156863,0.8411764705882353,10.555555555555555,-7.0,11.350236654281616,75,100
vehicle,random,24,24,0,42,24,isolate_O,0.8521132897603485,0.8411764705882353,13.648101740374091,-7.939337885977822,11.846040725708008,4,100
vehicle,bo_tpe,24,24,0,42,24,isolate_O,0.8639651416122005,0.8470588235294118,9.829663527796852,-6.873543577305549,14.961636066436768,14,100
vehicle,pso,24,24,0,42,24,isolate_O,0.8610130718954249,0.8411764705882353,9.869274914527502,-6.777550841938908,11.540296077728271,9,100
vehicle,de,24,24,0,42,24,isolate_O,0.8609694989106755,0.8529411764705882,10.28216905879416,-7.334020376767711,11.913034915924072,21,100
vehicle,ga,24,24,0,42,24,isolate_O,0.8565359477124183,0.8529411764705882,10.51184643034455,-7.537035950694395,11.692074537277222,2,100
vehicle,sa,24,24,0,42,24,isolate_O,0.8565686274509805,0.8411764705882353,10.404873165026778,-6.863701057215309,18.692777395248413,4,100
vehicle,grid,25,25,0,42,25,isolate_O,0.8550980392156863,0.8411764705882353,10.555555555555555,-7.0,11.644582748413086,75,100
vehicle,random,25,25,0,42,25,isolate_O,0.8610021786492374,0.8470588235294118,9.651594837522186,-6.873746127203036,10.982266902923584,48,100
vehicle,bo_tpe,25,25,0,42,25,isolate_O,0.8610130718954248,0.8411764705882353,9.175854323212592,-6.5347116514397365,12.816989183425903,27,100
vehicle,pso,25,25,0,42,25,isolate_O,0.8580392156862745,0.8470588235294118,8.779178987315213,-6.555898891384305,10.835212230682371,26,100
vehicle,de,25,25,0,42,25,isolate_O,0.8580610021786491,0.8352941176470589,9.350583279886168,-6.353721935215324,11.06180477142334,35,100
vehicle,ga,25,25,0,42,25,isolate_O,0.8579847494553376,0.8470588235294118,10.304820332290044,-8.149198355929247,14.064178943634031,32,100
vehicle,sa,25,25,0,42,25,isolate_O,0.8565359477124185,0.8647058823529412,12.5286479615119,-8.371652872243532,16.2504563331604,19,100
vehicle,grid,26,26,0,42,26,isolate_O,0.8550980392156863,0.8411764705882353,10.555555555555555,-7.0,11.87835693359375,75,100
vehicle,random,26,26,0,42,26,isolate_O,0.8580283224400871,0.8470588235294118,9.011936287806703,-6.829628002393646,11.186404466629028,40,100
vehicle,bo_tpe,26,26,0,42,26,isolate_O,0.8624727668845316,0.8470588235294118,9.295821232588423,-6.893459543337899,12.168605089187622,67,100
vehicle,pso,26,26,0,42,26,isolate_O,0.8610021786492374,0.8588235294117647,9.463267393659994,-6.891812598718293,10.825195789337158,13,100
vehicle,de,26,26,0,42,26,isolate_O,0.8565795206971678,0.8352941176470589,9.59422333608972,-6.473507851976125,12.161301612854004,56,100
vehicle,ga,26,26,0,42,26,isolate_O,0.8594989106753813,0.8588235294117647,11.442057345492438,-7.636501653550711,13.674060106277466,63,100
vehicle,sa,26,26,0,42,26,isolate_O,0.8624945533769063,0.8470588235294118,9.602819794997991,-6.724456063795458,12.30992341041565,28,100
vehicle,grid,27,27,0,42,27,isolate_O,0.8550980392156863,0.8411764705882353,10.555555555555555,-7.0,11.957868099212646,75,100
vehicle,random,27,27,0,42,27,isolate_O,0.8536165577342049,0.8352941176470589,9.718800791314257,-6.421429666674243,11.71250295639038,18,100
vehicle,bo_tpe,27,27,0,42,27,isolate_O,0.8610021786492374,0.8352941176470589,10.01471901608608,-6.592721563457309,11.907179594039915,14,100
vehicle,pso,27,27,0,42,27,isolate_O,0.8624727668845316,0.8470588235294118,9.038975317969609,-6.746880391434012,10.341545343399048,7,100
vehicle,de,27,27,0,42,27,isolate_O,0.8580174291938997,0.8529411764705882,11.615771149597828,-7.678884357889032,12.89805030822754,10,100
vehicle,ga,27,27,0,42,27,isolate_O,0.8639651416122005,0.8470588235294118,9.817051546501975,-6.865068456387336,11.66339898109436,53,100
vehicle,sa,27,27,0,42,27,isolate_O,0.8594989106753813,0.8529411764705882,11.16536063621242,-7.497541751394317,15.023837089538574,40,100
vehicle,grid,28,28,0,42,28,isolate_O,0.8550980392156863,0.8411764705882353,10.555555555555555,-7.0,11.456577777862549,75,100
vehicle,random,28,28,0,42,28,isolate_O,0.8506427015250544,0.8470588235294118,7.747469313124014,-6.042832933004071,11.16792345046997,34,100
vehicle,bo_tpe,28,28,0,42,28,isolate_O,0.8609803921568627,0.8470588235294118,9.504040540436009,-7.080664287587063,13.694819927215576,67,100
vehicle,pso,28,28,0,42,28,isolate_O,0.8609803921568627,0.8470588235294118,9.450773153031376,-7.020368297895617,10.184900283813477,55,100
vehicle,de,28,28,0,42,28,isolate_O,0.8579956427015251,0.8647058823529412,13.820705155545642,-8.813257000286061,17.519926071166992,71,100
vehicle,ga,28,28,0,42,28,isolate_O,0.8595098039215687,0.8470588235294118,10.314784183161343,-7.057281848976047,18.09146881103516,31,100
vehicle,sa,28,28,0,42,28,isolate_O,0.8609912854030501,0.8529411764705882,9.027437007445146,-6.725960159109728,10.39006757736206,2,100
vehicle,grid,29,29,0,42,29,isolate_O,0.8550980392156863,0.8411764705882353,10.555555555555555,-7.0,11.446101665496826,75,100
vehicle,random,29,29,0,42,29,isolate_O,0.8550871459694989,0.8411764705882353,9.67613315180025,-6.60998171428715,10.762059211730955,14,100
vehicle,bo_tpe,29,29,0,42,29,isolate_O,0.8610239651416123,0.8352941176470589,9.250642838753013,-6.356702560513746,14.390720129013062,43,100
vehicle,pso,29,29,0,42,29,isolate_O,0.8610021786492374,0.8588235294117647,9.881335216898815,-7.091119709906315,11.03489112854004,35,100
vehicle,de,29,29,0,42,29,isolate_O,0.8580501089324619,0.8352941176470589,10.544292669387698,-6.873200161732382,13.571324825286863,9,100
vehicle,ga,29,29,0,42,29,isolate_O,0.8624727668845317,0.8529411764705882,10.80965590809522,-7.420177093737534,13.221742153167725,37,100
vehicle,sa,29,29,0,42,29,isolate_O,0.8610021786492374,0.8470588235294118,9.357606672388314,-6.824026505065839,11.783644914627075,45,100
vehicle,cuckoo,0,0,0,42,0,isolate_O,0.8476797385620914,0.8294117647058824,14.273255210020587,-8.098052661136002,20.636708974838257,2,100
vehicle,sh,0,0,0,42,0,isolate_O,0.8521241830065358,0.8352941176470589,7.423384947341095,-6.032767816267018,71.040598154068,24,1050
vehicle,cuckoo,1,1,0,42,1,isolate_O,0.819553376906318,0.8529411764705882,4.5840294549712395,-3.7309807026574573,19.416073322296143,5,100
vehicle,sh,1,1,0,42,1,isolate_O,0.8610021786492374,0.8352941176470589,10.097829141210655,-6.650559889794678,60.907062292099,34,1050
vehicle,cuckoo,2,2,0,42,2,isolate_O,0.8477015250544664,0.8470588235294118,7.422676655385898,-5.475442303013297,15.004135847091675,6,100
vehicle,sh,2,2,0,42,2,isolate_O,0.8639651416122003,0.8352941176470589,10.27370108301304,-6.715347865043984,64.75598096847534,84,1050
vehicle,cuckoo,3,3,0,42,3,isolate_O,0.8402614379084966,0.8294117647058824,9.401682998438117,-8.69519015593126,16.246342182159424,55,100
vehicle,sh,3,3,0,42,3,isolate_O,0.8580718954248366,0.8294117647058824,8.97619996760847,-6.315053248071061,56.550832986831665,10,1050
vehicle,cuckoo,4,4,0,42,4,isolate_O,0.8505773420479302,0.8411764705882353,9.667603350211397,-7.648010517263735,16.864357948303223,15,100
vehicle,sh,4,4,0,42,4,isolate_O,0.8595315904139433,0.8352941176470589,10.14752785220892,-6.707391485878333,67.56269192695618,22,1050
vehicle,cuckoo,5,5,0,42,5,isolate_O,0.847690631808279,0.8352941176470589,5.404967442536446,-5.097673811807107,16.375166416168213,34,100
vehicle,sh,5,5,0,42,5,isolate_O,0.8595206971677559,0.8470588235294118,9.16815036496416,-6.62379035854034,76.68014192581177,10,1050
vehicle,cuckoo,6,6,0,42,6,isolate_O,0.8609803921568628,0.8529411764705882,9.783520577368332,-7.120961519508598,16.594425678253174,9,100
vehicle,sh,6,6,0,42,6,isolate_O,0.8595206971677559,0.8470588235294118,9.10690363277297,-6.635866713722695,65.02118253707886,22,1050
vehicle,cuckoo,7,7,0,42,7,isolate_O,0.8521132897603486,0.8352941176470589,8.380264817678276,-6.580448524590347,28.747016191482544,15,100
vehicle,sh,7,7,0,42,7,isolate_O,0.8521241830065358,0.8411764705882353,10.850424182579088,-7.10517512475548,64.25549530982971,11,1050
vehicle,cuckoo,8,8,0,42,8,isolate_O,0.8417538126361656,0.8470588235294118,6.107129476446609,-5.219051684234273,18.58754563331604,5,100
vehicle,sh,8,8,0,42,8,isolate_O,0.8565686274509803,0.8411764705882353,8.953406616720788,-6.611913142315572,60.01560854911804,11,1050
vehicle,cuckoo,9,9,0,42,9,isolate_O,0.8402614379084966,0.8235294117647058,6.32456757115625,-7.087981898892879,15.523860454559326,43,100
vehicle,sh,9,9,0,42,9,isolate_O,0.8595206971677559,0.8470588235294118,9.354739407805411,-6.6491462075483625,63.729745626449585,10,1050
vehicle,cuckoo,10,10,0,42,10,isolate_O,0.84619825708061,0.8411764705882353,7.355339569386343,-5.763511634020965,16.33970069885254,14,100
vehicle,sh,10,10,0,42,10,isolate_O,0.8595424836601306,0.8411764705882353,9.086008604512015,-6.453075735719164,89.89242792129517,59,1050
vehicle,cuckoo,11,11,0,42,11,isolate_O,0.8284749455337691,0.8411764705882353,7.416500182695286,-4.772003765914521,19.93175983428955,45,100
vehicle,sh,11,11,0,42,11,isolate_O,0.8624836601307189,0.8588235294117647,9.747413241930937,-7.0071211851559925,79.07442021369934,22,1050
vehicle,cuckoo,12,12,0,42,12,isolate_O,0.8521132897603486,0.8352941176470589,7.382886035986476,-6.097664540878116,21.975778818130493,83,100
vehicle,sh,12,12,0,42,12,isolate_O,0.8565795206971678,0.8352941176470589,9.858126524548371,-6.47693945876418,70.25658130645752,11,1050
vehicle,cuckoo,13,13,0,42,13,isolate_O,0.8520588235294116,0.8470588235294118,9.958146509022953,-7.582971862937303,26.088345766067505,91,100
vehicle,sh,13,13,0,42,13,isolate_O,0.8535947712418303,0.8352941176470589,8.216209630076882,-6.459900168440111,72.16053247451782,34,1050
vehicle,cuckoo,14,14,0,42,14,isolate_O,0.8521132897603486,0.8529411764705882,13.651151857574238,-8.263594509333142,19.53412652015686,9,100
vehicle,sh,14,14,0,42,14,isolate_O,0.8639651416122005,0.8470588235294118,10.091714589771536,-7.00181282197463,73.81220269203186,83,1050
vehicle,cuckoo,15,15,0,42,15,isolate_O,0.8432570806100218,0.8352941176470589,10.210205478578994,-6.4774600317030995,24.65781331062317,11,100
vehicle,sh,15,15,0,42,15,isolate_O,0.8639651416122005,0.8470588235294118,9.550450971558247,-6.730000343957117,72.87185668945312,10,1050
vehicle,cuckoo,16,16,0,42,16,isolate_O,0.8595098039215687,0.8470588235294118,8.932214284171899,-6.643246415277268,23.38910937309265,9,100
vehicle,sh,16,16,0,42,16,isolate_O,0.8595424836601306,0.8411764705882353,8.956541855549434,-6.402419904300848,82.05456900596619,10,1050
vehicle,cuckoo,17,17,0,42,17,isolate_O,0.8624727668845317,0.8529411764705882,9.918786433355393,-7.150093985152498,28.243555068969727,86,100
vehicle,sh,17,17,0,42,17,isolate_O,0.8550871459694989,0.8411764705882353,8.461348454089508,-6.222823292598763,77.65577006340027,10,1050
vehicle,cuckoo,18,18,0,42,18,isolate_O,0.852124183006536,0.8470588235294118,8.007484834791834,-5.901839272772827,16.20508360862732,1,100
vehicle,sh,18,18,0,42,18,isolate_O,0.8595424836601306,0.8352941176470589,9.42143294827856,-6.404525353057615,74.48070287704468,11,1050
vehicle,cuckoo,19,19,0,42,19,isolate_O,0.8343790849673203,0.8411764705882353,9.633281277384052,-5.8490875404206815,18.30800485610962,31,100
vehicle,sh,19,19,0,42,19,isolate_O,0.8624727668845317,0.8470588235294118,10.20373042537261,-7.039071008291948,106.7295069694519,10,1050
vehicle,cuckoo,20,20,0,42,20,isolate_O,0.8314161220043573,0.8294117647058824,10.405038662768005,-6.137141286938109,32.388710498809814,13,100
vehicle,sh,20,20,0,42,20,isolate_O,0.8624945533769063,0.8470588235294118,9.620686275014643,-6.742570245729368,106.2622663974762,22,1050
vehicle,cuckoo,21,21,0,42,21,isolate_O,0.8579847494553376,0.8470588235294118,10.186051055711056,-8.08349942237767,29.67763090133667,10,100
vehicle,sh,21,21,0,42,21,isolate_O,0.8595098039215687,0.8470588235294118,8.838295671058336,-6.669619299101745,96.64261198043823,10,1050
vehicle,cuckoo,22,22,0,42,22,isolate_O,0.8491830065359478,0.8411764705882353,7.836844057774102,-5.728383394388054,21.13286519050598,65,100
vehicle,sh,22,22,0,42,22,isolate_O,0.8536056644880172,0.8411764705882353,10.547863084937102,-6.9332835892951525,71.16239261627197,22,1050
vehicle,cuckoo,23,23,0,42,23,isolate_O,0.8446949891067538,0.8352941176470589,8.588617128068591,-7.77381333681824,18.814000368118286,7,100
vehicle,sh,23,23,0,42,23,isolate_O,0.8595315904139433,0.8352941176470589,10.1553874539834,-6.7314463460136285,72.85561156272888,10,1050
vehicle,cuckoo,24,24,0,42,24,isolate_O,0.8580174291938999,0.8529411764705882,12.253950160259144,-7.948619811188371,29.735458612442017,4,100
vehicle,sh,24,24,0,42,24,isolate_O,0.8610239651416123,0.8352941176470589,9.230593126328898,-6.350914263931376,113.32575178146362,24,1050
vehicle,cuckoo,25,25,0,42,25,isolate_O,0.8535729847494553,0.8411764705882353,8.774903800498953,-6.816629655156666,22.056974411010742,23,100
vehicle,sh,25,25,0,42,25,isolate_O,0.8580392156862745,0.8411764705882353,8.511116735826063,-6.550104798087604,82.48065662384033,10,1050
vehicle,cuckoo,26,26,0,42,26,isolate_O,0.8462200435729847,0.8352941176470589,8.074087412971702,-5.340670826471257,16.355642795562744,10,100
vehicle,sh,26,26,0,42,26,isolate_O,0.8580283224400871,0.8470588235294118,9.011936287806703,-6.829628002393646,68.89100861549377,10,1050
vehicle,cuckoo,27,27,0,42,27,isolate_O,0.8535838779956426,0.8529411764705882,11.145505782214075,-7.7142803610924915,26.435242652893066,75,100
vehicle,sh,27,27,0,42,27,isolate_O,0.8609912854030501,0.8411764705882353,10.141465738654132,-6.9757033760957725,76.08139538764954,12,1050
vehicle,cuckoo,28,28,0,42,28,isolate_O,0.8417973856209151,0.8470588235294118,7.932943068103866,-5.464106183333598,21.55777072906494,39,100
vehicle,sh,28,28,0,42,28,isolate_O,0.8594989106753813,0.8529411764705882,11.949744184447578,-7.87028265138749,68.6835253238678,48,1050
vehicle,cuckoo,29,29,0,42,29,isolate_O,0.8595424836601306,0.8352941176470589,9.238934886602475,-6.338425578557635,28.13740563392639,14,100
vehicle,sh,29,29,0,42,29,isolate_O,0.8565795206971678,0.8352941176470589,10.158073909364925,-6.599988274737655,67.14983940124512,10,1050
wdbc,grid,0,0,0,42,0,isolate_O,0.9824175824175824,0.9736842105263158,1.666666666666667,-5.0,5.481692552566528,26,100
wdbc,random,0,0,0,42,0,isolate_O,0.9802197802197804,0.9736842105263158,8.062166509307968,-10.440751154283925,5.130002975463867,15,100
wdbc,bo_tpe,0,0,0,42,0,isolate_O,0.9824175824175824,0.9736842105263158,9.381048859528434,-11.07066034330779,4.67318606376648,15,100
wdbc,pso,0,0,0,42,0,isolate_O,0.9824175824175824,0.9736842105263158,1.3125849976866737,-4.927780772195349,4.387604236602783,1,100
wdbc,de,0,0,0,42,0,isolate_O,0.9824175824175824,0.9736842105263158,7.739233746429086,-9.715859261899304,4.515714406967163,1,100
wdbc,ga,0,0,0,42,0,isolate_O,0.9824175824175824,0.9736842105263158,7.264780083241144,-9.423637695450674,4.364099025726318,1,100
wdbc,sa,0,0,0,42,0,isolate_O,0.9846153846153848,0.9736842105263158,2.007286858334417,-4.859817788860506,5.045952081680298,24,100
wdbc,grid,1,1,0,42,1,isolate_O,0.9824175824175824,0.9736842105263158,1.666666666666667,-5.0,5.446883916854858,26,100
wdbc,random,1,1,0,42,1,isolate_O,0.9824175824175824,0.9649122807017544,3.34609604734254,-4.943583087976471,5.544631004333496,5,100
wdbc,bo_tpe,1,1,0,42,1,isolate_O,0.9846153846153848,0.9736842105263158,1.975516165931018,-4.87558720694831,5.275376558303833,5,100
wdbc,pso,1,1,0,42,1,isolate_O,0.9824175824175824,0.9736842105263158,11.443035637865748,-12.582018011790282,4.506945610046387,6,100
wdbc,de,1,1,0,42,1,isolate_O,0.9824175824175824,0.9736842105263158,4.703819488632702,-8.174187163917043,4.471678733825684,8,100
wdbc,ga,1,1,0,42,1,isolate_O,0.9846153846153848,0.9736842105263158,3.266338013722623,-5.306636649122108,4.567936182022095,8,100
wdbc,sa,1,1,0,42,1,isolate_O,0.9824175824175824,0.9736842105263158,8.952856145837645,-10.919026828537516,4.433589220046997,2,100
wdbc,grid,2,2,0,42,2,isolate_O,0.9824175824175824,0.9736842105263158,1.666666666666667,-5.0,5.3442158699035645,26,100
wdbc,random,2,2,0,42,2,isolate_O,0.9846153846153848,0.9649122807017544,3.3947092261364133,-5.276552717991645,5.002928733825684,10,100
wdbc,bo_tpe,2,2,0,42,2,isolate_O,0.9824175824175824,0.9824561403508772,11.170900180659093,-12.089440120388186,4.699042797088623,10,100
wdbc,pso,2,2,0,42,2,isolate_O,0.9846153846153848,0.9736842105263158,1.620543899707828,-4.711680181911578,4.532404184341431,4,100
wdbc,de,2,2,0,42,2,isolate_O,0.9846153846153848,0.9736842105263158,2.3020042575443656,-4.942427327908508,4.842597007751465,2,100
wdbc,ga,2,2,0,42,2,isolate_O,0.9846153846153848,0.9736842105263158,1.3857771144266744,-4.561567430491209,4.585691928863525,2,100
wdbc,sa,2,2,0,42,2,isolate_O,0.9824175824175824,0.9736842105263158,1.111682653495981,-4.506596320938694,4.241649389266968,19,100
wdbc,grid,3,3,0,42,3,isolate_O,0.9824175824175824,0.9736842105263158,1.666666666666667,-5.0,5.372821569442749,26,100
wdbc,random,3,3,0,42,3,isolate_O,0.9846153846153848,0.9736842105263158,1.796973279136358,-4.68971034236025,5.100566387176514,2,100
wdbc,bo_tpe,3,3,0,42,3,isolate_O,0.9824175824175824,0.9736842105263158,7.982880952295215,-9.987228912336445,4.599663734436035,2,100
wdbc,pso,3,3,0,42,3,isolate_O,0.9824175824175824,0.9736842105263158,7.460666804674517,-9.547132155618602,4.609559535980225,2,100
wdbc,de,3,3,0,42,3,isolate_O,0.9824175824175824,0.9736842105263158,9.44329616284235,-11.063122357761518,4.9159698486328125,5,100
wdbc,ga,3,3,0,42,3,isolate_O,0.9846153846153848,0.9649122807017544,3.298052127112354,-5.003154836945033,4.671542406082153,5,100
wdbc,sa,3,3,0,42,3,isolate_O,0.9824175824175824,0.9649122807017544,3.2455281694822022,-4.829961281046294,4.259034395217896,4,100
wdbc,grid,4,4,0,42,4,isolate_O,0.9824175824175824,0.9736842105263158,1.666666666666667,-5.0,5.469588994979858,26,100
wdbc,random,4,4,0,42,4,isolate_O,0.9846153846153848,0.9736842105263158,1.623490061822455,-4.701502135090525,5.332785367965698,3,100
wdbc,bo_tpe,4,4,0,42,4,isolate_O,0.9824175824175824,0.9736842105263158,8.954576491945417,-11.110389079553226,4.794109582901001,3,100
wdbc,pso,4,4,0,42,4,isolate_O,0.9824175824175824,0.9736842105263158,7.263176968283382,-9.289448620301652,4.326630592346191,9,100
wdbc,de,4,4,0,42,4,isolate_O,0.9802197802197804,0.9736842105263158,11.038024139716146,-11.858499309407488,4.465009689331055,3,100
wdbc,ga,4,4,0,42,4,isolate_O,0.9824175824175824,0.9649122807017544,1.884897054454045,-5.796104049341491,4.352617263793945,3,100
wdbc,sa,4,4,0,42,4,isolate_O,0.9824175824175824,0.9736842105263158,7.813139911533778,-10.10284047158349,4.3810789585113525,69,100
wdbc,grid,5,5,0,42,5,isolate_O,0.9824175824175824,0.9736842105263158,1.666666666666667,-5.0,5.387396812438965,26,100
wdbc,random,5,5,0,42,5,isolate_O,0.9802197802197804,0.9736842105263158,11.49621440877051,-13.304350820808192,5.3174779415130615,11,100
wdbc,bo_tpe,5,5,0,42,5,isolate_O,0.9824175824175824,0.956140350877193,2.158151237198396,-4.3385937985622,5.112600088119507,11,100
wdbc,pso,5,5,0,42,5,isolate_O,0.9824175824175824,0.9736842105263158,7.514587447491164,-9.590128201275942,4.33475136756897,2,100
wdbc,de,5,5,0,42,5,isolate_O,0.9824175824175824,0.9824561403508772,12.228158097932198,-13.378452247966443,4.731176376342773,2,100
wdbc,ga,5,5,0,42,5,isolate_O,0.9824175824175824,0.9736842105263158,4.451772147155779,-7.991238226580283,4.438827753067017,2,100
wdbc,sa,5,5,0,42,5,isolate_O,0.9846153846153848,0.9649122807017544,2.881316458791656,-4.819063359956086,5.544817686080933,48,100
wdbc,grid,6,6,0,42,6,isolate_O,0.9824175824175824,0.9736842105263158,1.666666666666667,-5.0,5.272848844528198,26,100
wdbc,random,6,6,0,42,6,isolate_O,0.9802197802197804,0.956140350877193,-0.083702973864943,-5.57210061859198,5.406392574310303,2,100
wdbc,bo_tpe,6,6,0,42,6,isolate_O,0.9824175824175824,0.9736842105263158,7.159168462614524,-9.383339557221989,4.735854625701904,2,100
wdbc,pso,6,6,0,42,6,isolate_O,0.9824175824175824,0.9736842105263158,9.91493085129502,-11.497573566362766,4.574530839920044,11,100
wdbc,de,6,6,0,42,6,isolate_O,0.9846153846153848,0.9649122807017544,3.39625431682535,-5.2935519749063165,4.535852909088135,1,100
wdbc,ga,6,6,0,42,6,isolate_O,0.9846153846153848,0.9736842105263158,1.79834321875922,-4.644114361729607,4.178726673126221,1,100
wdbc,sa,6,6,0,42,6,isolate_O,0.9824175824175824,0.9736842105263158,10.573410753559973,-11.72424381167345,4.024931192398071,3,100
wdbc,grid,7,7,0,42,7,isolate_O,0.9824175824175824,0.9736842105263158,1.666666666666667,-5.0,5.522544860839844,26,100
wdbc,random,7,7,0,42,7,isolate_O,0.9802197802197804,0.9824561403508772,13.624120393780434,-14.551813904093736,5.300323963165283,5,100
wdbc,bo_tpe,7,7,0,42,7,isolate_O,0.9824175824175824,0.9736842105263158,9.668486030358777,-11.15230943426608,4.664063453674316,5,100
wdbc,pso,7,7,0,42,7,isolate_O,0.9824175824175824,0.9824561403508772,12.449529319543297,-13.378329650823929,4.35604453086853,1,100
wdbc,de,7,7,0,42,7,isolate_O,0.9824175824175824,0.9736842105263158,9.45137316253904,-11.389078968234086,4.706587791442871,2,100
wdbc,ga,7,7,0,42,7,isolate_O,0.9824175824175824,0.9736842105263158,7.7423671537014975,-9.98833898218608,4.343207359313965,2,100
wdbc,sa,7,7,0,42,7,isolate_O,0.9824175824175824,0.9649122807017544,4.169883515275513,-5.411052076609405,4.384436368942261,8,100
wdbc,grid,8,8,0,42,8,isolate_O,0.9824175824175824,0.9736842105263158,1.666666666666667,-5.0,5.511053562164307,26,100
wdbc,random,8,8,0,42,8,isolate_O,0.9824175824175824,0.9736842105263158,7.618584842763148,-9.574374903246389,5.293259382247925,4,100
wdbc,bo_tpe,8,8,0,42,8,isolate_O,0.9824175824175824,0.9736842105263158,2.2734848624484942,-4.6614220519075324,4.907293796539307,4,100
wdbc,pso,8,8,0,42,8,isolate_O,0.9824175824175824,0.9736842105263158,7.030568762758011,-9.34029738988129,4.330281496047974,1,100
wdbc,de,8,8,0,42,8,isolate_O,0.9824175824175824,0.9736842105263158,10.206400802989483,-11.670955924066307,4.5815935134887695,4,100
wdbc,ga,8,8,0,42,8,isolate_O,0.9802197802197804,0.9736842105263158,12.340497386708256,-14.066958254699866,4.308224439620972,4,100
wdbc,sa,8,8,0,42,8,isolate_O,0.9846153846153848,0.9649122807017544,2.9782759252037123,-5.044732197859087,4.782442092895508,23,100
wdbc,grid,9,9,0,42,9,isolate_O,0.9824175824175824,0.9736842105263158,1.666666666666667,-5.0,5.236876487731934,26,100
wdbc,random,9,9,0,42,9,isolate_O,0.9824175824175824,0.9736842105263158,10.890957739570789,-12.073091161918544,5.116588830947876,7,100
wdbc,bo_tpe,9,9,0,42,9,isolate_O,0.9824175824175824,0.9736842105263158,9.840123037548452,-11.787198312246073,4.687085866928101,7,100
wdbc,pso,9,9,0,42,9,isolate_O,0.9824175824175824,0.9824561403508772,11.302919183304232,-12.241415244934329,4.379959344863892,8,100
wdbc,de,9,9,0,42,9,isolate_O,0.9846153846153848,0.9649122807017544,2.9438664264363243,-5.019056209256844,4.973005771636963,15,100
wdbc,ga,9,9,0,42,9,isolate_O,0.9824175824175824,0.9736842105263158,13.50472612718734,-13.803617424872082,4.857795715332031,15,100
wdbc,sa,9,9,0,42,9,isolate_O,0.9824175824175824,0.9736842105263158,1.029399827171534,-4.92001868125747,4.420539855957031,7,100
wdbc,grid,10,10,0,42,10,isolate_O,0.9824175824175824,0.9736842105263158,1.666666666666667,-5.0,5.249675750732422,26,100
wdbc,random,10,10,0,42,10,isolate_O,0.9846153846153848,0.9736842105263158,2.013127825662659,-4.86256767913059,5.255850791931152,13,100
wdbc,bo_tpe,10,10,0,42,10,isolate_O,0.9824175824175824,0.9824561403508772,11.93218516897859,-12.913352079983325,4.8376381397247314,9,100
wdbc,pso,10,10,0,42,10,isolate_O,0.9846153846153848,0.9736842105263158,1.5677505197233144,-4.637509579206979,4.7070934772491455,3,100
wdbc,de,10,10,0,42,10,isolate_O,0.9824175824175824,0.9824561403508772,12.397884921122197,-13.487723306055496,5.115926027297974,2,100
wdbc,ga,10,10,0,42,10,isolate_O,0.9824175824175824,0.9824561403508772,11.587878103985288,-12.546278855437508,5.04311728477478,2,100
wdbc,sa,10,10,0,42,10,isolate_O,0.9846153846153848,0.9649122807017544,3.431712127063259,-5.105961986287399,4.326351881027222,2,100
wdbc,grid,11,11,0,42,11,isolate_O,0.9824175824175824,0.9736842105263158,1.666666666666667,-5.0,5.424902677536011,26,100
wdbc,random,11,11,0,42,11,isolate_O,0.9824175824175824,0.9736842105263158,1.3774047951715025,-4.770785959309206,5.5384521484375,3,100
wdbc,bo_tpe,11,11,0,42,11,isolate_O,0.9846153846153848,0.9649122807017544,3.630132700337721,-5.340038359244657,4.996573448181152,3,100
wdbc,pso,11,11,0,42,11,isolate_O,0.9824175824175824,0.9736842105263158,7.524650113487654,-9.784705397016753,4.739438772201538,12,100
wdbc,de,11,11,0,42,11,isolate_O,0.9846153846153848,0.9649122807017544,3.3608480884922924,-5.137595782651308,4.923887252807617,6,100
wdbc,ga,11,11,0,42,11,isolate_O,0.9846153846153848,0.9736842105263158,1.6100329777931566,-4.586559183687507,4.460940599441528,6,100
wdbc,sa,11,11,0,42,11,isolate_O,0.9824175824175824,0.9824561403508772,11.292422143307933,-12.301253005239204,4.2395195960998535,16,100
wdbc,grid,12,12,0,42,12,isolate_O,0.9824175824175824,0.9736842105263158,1.666666666666667,-5.0,5.250307083129883,26,100
wdbc,random,12,12,0,42,12,isolate_O,0.9802197802197804,0.9736842105263158,10.362683081288449,-12.107098443739735,5.331026792526245,2,100
wdbc,bo_tpe,12,12,0,42,12,isolate_O,0.9824175824175824,0.9736842105263158,8.073516036484936,-10.247413693624392,4.777585506439209,2,100
wdbc,pso,12,12,0,42,12,isolate_O,0.9824175824175824,0.9736842105263158,10.080990705981757,-11.71292328277154,4.2887067794799805,2,100
wdbc,de,12,12,0,42,12,isolate_O,0.9846153846153848,0.9649122807017544,3.3379208126620536,-5.043948229124017,5.137879133224487,8,100
wdbc,ga,12,12,0,42,12,isolate_O,0.9846153846153848,0.9649122807017544,3.664741481595697,-5.274007198887437,4.637222766876221,8,100
wdbc,sa,12,12,0,42,12,isolate_O,0.9802197802197804,0.9736842105263158,12.52912701990432,-14.49348198643939,4.041040420532227,10,100
wdbc,grid,13,13,0,42,13,isolate_O,0.9824175824175824,0.9736842105263158,1.666666666666667,-5.0,5.739105701446533,26,100
wdbc,random,13,13,0,42,13,isolate_O,0.9824175824175824,0.9736842105263158,9.989713908699493,-11.758570882475723,5.277817249298096,1,100
wdbc,bo_tpe,13,13,0,42,13,isolate_O,0.9824175824175824,0.9824561403508772,12.53968528813557,-13.436488986731275,4.520627021789551,1,100
wdbc,pso,13,13,0,42,13,isolate_O,0.9846153846153848,0.9649122807017544,3.5755932022238355,-5.299868198823583,4.510858058929443,3,100
wdbc,de,13,13,0,42,13,isolate_O,0.9824175824175824,0.9649122807017544,1.2241420154856175,-5.309821786626779,5.001108407974243,16,100
wdbc,ga,13,13,0,42,13,isolate_O,0.9824175824175824,0.9649122807017544,2.730283349932728,-4.783021685681577,4.499316215515137,16,100
wdbc,sa,13,13,0,42,13,isolate_O,0.9846153846153848,0.9736842105263158,2.281981582061249,-4.849514554663424,4.153995513916016,1,100
wdbc,grid,14,14,0,42,14,isolate_O,0.9824175824175824,0.9736842105263158,1.666666666666667,-5.0,5.50450873374939,26,100
wdbc,random,14,14,0,42,14,isolate_O,0.9846153846153848,0.9649122807017544,3.6843592295896688,-5.1357046793195895,5.055912494659424,2,100
wdbc,bo_tpe,14,14,0,42,14,isolate_O,0.9824175824175824,0.9736842105263158,10.418513476272178,-11.66257053691494,4.679338693618774,2,100
wdbc,pso,14,14,0,42,14,isolate_O,0.9824175824175824,0.9736842105263158,7.959758420223832,-10.145736169782964,4.319970369338989,5,100
wdbc,de,14,14,0,42,14,isolate_O,0.9824175824175824,0.9736842105263158,8.365814916014646,-10.466460980428334,4.633750677108765,8,100
wdbc,ga,14,14,0,42,14,isolate_O,0.9824175824175824,0.9736842105263158,10.092652424257164,-11.539979480766428,4.357656240463257,8,100
wdbc,sa,14,14,0,42,14,isolate_O,0.9824175824175824,0.9736842105263158,1.944798236317666,-5.377648207025422,4.187814950942993,7,100
wdbc,grid,15,15,0,42,15,isolate_O,0.9824175824175824,0.9736842105263158,1.666666666666667,-5.0,5.249007225036621,26,100
wdbc,random,15,15,0,42,15,isolate_O,0.9824175824175824,0.9736842105263158,0.905931433976372,-4.756109322433639,5.014272451400757,1,100
wdbc,bo_tpe,15,15,0,42,15,isolate_O,0.9824175824175824,0.9736842105263158,8.673160050260947,-10.604011082872113,4.788809061050415,1,100
wdbc,pso,15,15,0,42,15,isolate_O,0.9824175824175824,0.9824561403508772,10.681027267300395,-11.696478472216766,4.438721895217896,12,100
wdbc,de,15,15,0,42,15,isolate_O,0.9824175824175824,0.9649122807017544,0.8921969071425178,-4.1228145426822085,5.467629909515381,14,100
wdbc,ga,15,15,0,42,15,isolate_O,0.9846153846153848,0.9736842105263158,1.7687746060790848,-4.787610857276098,4.97396731376648,14,100
wdbc,sa,15,15,0,42,15,isolate_O,0.9846153846153848,0.9649122807017544,3.630001925710911,-5.120772770455394,4.320082187652588,1,100
wdbc,grid,16,16,0,42,16,isolate_O,0.9824175824175824,0.9736842105263158,1.666666666666667,-5.0,5.294076681137085,26,100
wdbc,random,16,16,0,42,16,isolate_O,0.9824175824175824,0.956140350877193,2.7755824782873706,-4.691322775171372,5.120092391967773,1,100
wdbc,bo_tpe,16,16,0,42,16,isolate_O,0.9824175824175824,0.9736842105263158,11.27322950191196,-12.515019205834673,4.790935516357422,1,100
wdbc,pso,16,16,0,42,16,isolate_O,0.9824175824175824,0.9824561403508772,12.136887377743165,-13.215282514595238,4.36940860748291,3,100
wdbc,de,16,16,0,42,16,isolate_O,0.9824175824175824,0.9736842105263158,8.265905339864005,-10.188399646875478,4.836819171905518,9,100
wdbc,ga,16,16,0,42,16,isolate_O,0.9824175824175824,0.9736842105263158,8.33772008621741,-10.265650140162611,4.547009706497192,9,100
wdbc,sa,16,16,0,42,16,isolate_O,0.9824175824175824,0.9649122807017544,3.193808328856257,-4.861618736600893,4.5269200801849365,1,100
wdbc,grid,17,17,0,42,17,isolate_O,0.9824175824175824,0.9736842105263158,1.666666666666667,-5.0,5.261341094970703,26,100
wdbc,random,17,17,0,42,17,isolate_O,0.9824175824175824,0.9649122807017544,0.9545143660354328,-4.8928397041255,5.766923904418945,1,100
wdbc,bo_tpe,17,17,0,42,17,isolate_O,0.9846153846153848,0.9736842105263158,1.920717849490708,-4.74479509888411,5.109533071517944,1,100
wdbc,pso,17,17,0,42,17,isolate_O,0.9846153846153848,0.9736842105263158,1.6191471775695725,-4.6594471520596805,4.528118371963501,9,100
wdbc,de,17,17,0,42,17,isolate_O,0.9824175824175824,0.9736842105263158,10.067597760008267,-11.776490269561778,4.4851953983306885,1,100
wdbc,ga,17,17,0,42,17,isolate_O,0.9846153846153848,0.9736842105263158,2.2221386513585357,-4.843833578345195,4.381575107574463,1,100
wdbc,sa,17,17,0,42,17,isolate_O,0.9802197802197804,0.9736842105263158,5.782666898331488,-8.601143664006905,4.717591762542725,1,100
wdbc,grid,18,18,0,42,18,isolate_O,0.9824175824175824,0.9736842105263158,1.666666666666667,-5.0,5.283013343811035,26,100
wdbc,random,18,18,0,42,18,isolate_O,0.9824175824175824,0.9736842105263158,2.8945418837457453,-5.1194026489559725,5.396920680999756,7,100
wdbc,bo_tpe,18,18,0,42,18,isolate_O,0.9824175824175824,0.9736842105263158,1.858819849203871,-5.664370982960698,5.450258731842041,7,100
wdbc,pso,18,18,0,42,18,isolate_O,0.9846153846153848,0.9649122807017544,3.743015053242842,-5.272264230516739,4.679168701171875,11,100
wdbc,de,18,18,0,42,18,isolate_O,0.9846153846153848,0.9736842105263158,2.514121454457092,-5.087426156071681,5.072665452957153,8,100
wdbc,ga,18,18,0,42,18,isolate_O,0.9846153846153848,0.9736842105263158,2.514121454457092,-5.087426156071681,4.476776599884033,8,100
wdbc,sa,18,18,0,42,18,isolate_O,0.9824175824175824,0.9736842105263158,8.425882584651504,-10.464780420864502,4.274174690246582,24,100
wdbc,grid,19,19,0,42,19,isolate_O,0.9824175824175824,0.9736842105263158,1.666666666666667,-5.0,5.214762449264526,26,100
wdbc,random,19,19,0,42,19,isolate_O,0.9824175824175824,0.9736842105263158,1.2478080233349154,-4.923588901113773,5.358455419540405,6,100
wdbc,bo_tpe,19,19,0,42,19,isolate_O,0.9846153846153848,0.9649122807017544,3.062583061724633,-5.029816178091131,5.148648738861084,6,100
wdbc,pso,19,19,0,42,19,isolate_O,0.9846153846153848,0.9736842105263158,1.5113691408877674,-4.594670214000642,4.421750783920288,20,100
wdbc,de,19,19,0,42,19,isolate_O,0.9846153846153848,0.9736842105263158,2.3675512235289293,-5.049788792037263,4.66002368927002,9,100
wdbc,ga,19,19,0,42,19,isolate_O,0.9846153846153848,0.9649122807017544,3.703384105335493,-5.28907730312441,4.568973064422607,9,100
wdbc,sa,19,19,0,42,19,isolate_O,0.9846153846153848,0.9736842105263158,1.853518635331956,-4.747453170664861,4.4863104820251465,8,100
wdbc,grid,20,20,0,42,20,isolate_O,0.9824175824175824,0.9736842105263158,1.666666666666667,-5.0,5.218581199645996,26,100
wdbc,random,20,20,0,42,20,isolate_O,0.9824175824175824,0.9736842105263158,2.5736188401081623,-5.6668029819345485,5.105450868606567,4,100
wdbc,bo_tpe,20,20,0,42,20,isolate_O,0.9846153846153848,0.9736842105263158,1.8163341950746776,-4.6702222527042645,5.146581649780273,4,100
wdbc,pso,20,20,0,42,20,isolate_O,0.9824175824175824,0.9736842105263158,10.031299185326915,-11.514217980427244,4.743382453918457,1,100
wdbc,de,20,20,0,42,20,isolate_O,0.9824175824175824,0.9736842105263158,10.47772126580389,-11.845746676939196,4.539306163787842,6,100
wdbc,ga,20,20,0,42,20,isolate_O,0.9824175824175824,0.9736842105263158,10.47772126580389,-11.845746676939196,4.257999897003174,6,100
wdbc,sa,20,20,0,42,20,isolate_O,0.9824175824175824,0.9473684210526316,1.811906993617108,-4.01368557062084,4.748960733413696,7,100
wdbc,grid,21,21,0,42,21,isolate_O,0.9824175824175824,0.9736842105263158,1.666666666666667,-5.0,5.3124308586120605,26,100
wdbc,random,21,21,0,42,21,isolate_O,0.9824175824175824,0.9736842105263158,1.1622878647375767,-4.495357028065223,5.261314868927002,2,100
wdbc,bo_tpe,21,21,0,42,21,isolate_O,0.9846153846153848,0.9736842105263158,2.229403013066591,-4.685148109711724,5.0939671993255615,5,100
wdbc,pso,21,21,0,42,21,isolate_O,0.9846153846153848,0.9649122807017544,3.3112640310530908,-5.101900567767688,4.472818851470947,3,100
wdbc,de,21,21,0,42,21,isolate_O,0.9824175824175824,0.9736842105263158,7.829761418878597,-10.029551446616749,4.302941799163818,13,100
wdbc,ga,21,21,0,42,21,isolate_O,0.9824175824175824,0.9736842105263158,7.829761418878597,-10.029551446616749,4.21222996711731,13,100
wdbc,sa,21,21,0,42,21,isolate_O,0.9824175824175824,0.9736842105263158,7.114734225318003,-9.268277900842609,4.412816286087036,18,100
wdbc,grid,22,22,0,42,22,isolate_O,0.9824175824175824,0.9736842105263158,1.666666666666667,-5.0,5.321653842926025,26,100
wdbc,random,22,22,0,42,22,isolate_O,0.9802197802197804,0.9736842105263158,11.983814904151584,-12.746270702519483,5.180559873580933,10,100
wdbc,bo_tpe,22,22,0,42,22,isolate_O,0.9846153846153848,0.9649122807017544,3.7680730537332727,-5.312432609133031,4.943721532821655,10,100
wdbc,pso,22,22,0,42,22,isolate_O,0.9846153846153848,0.9736842105263158,1.8816300004120297,-4.779246476656581,4.463912487030029,1,100
wdbc,de,22,22,0,42,22,isolate_O,0.9824175824175824,0.9736842105263158,1.352331090615631,-5.119538088280349,4.55404257774353,7,100
wdbc,ga,22,22,0,42,22,isolate_O,0.9802197802197804,0.9736842105263158,5.954862822211662,-9.04903667428787,4.448480129241943,7,100
wdbc,sa,22,22,0,42,22,isolate_O,0.9824175824175824,0.9736842105263158,2.418338716238761,-5.547743037969823,4.284619092941284,2,100
wdbc,grid,23,23,0,42,23,isolate_O,0.9824175824175824,0.9736842105263158,1.666666666666667,-5.0,5.386078119277954,26,100
wdbc,random,23,23,0,42,23,isolate_O,0.9824175824175824,0.9736842105263158,4.677839426567772,-8.079155604291653,5.2375078201293945,9,100
wdbc,bo_tpe,23,23,0,42,23,isolate_O,0.9824175824175824,0.9736842105263158,9.084831376246225,-11.217950530532203,4.775274991989136,9,100
wdbc,pso,23,23,0,42,23,isolate_O,0.9824175824175824,0.9824561403508772,12.106876165891869,-13.22713892084382,4.260886669158936,9,100
wdbc,de,23,23,0,42,23,isolate_O,0.9824175824175824,0.9736842105263158,11.445652005910755,-12.650226076248256,4.676120042800903,13,100
wdbc,ga,23,23,0,42,23,isolate_O,0.9824175824175824,0.9736842105263158,8.750328690865063,-10.55003435743138,4.569535255432129,13,100
wdbc,sa,23,23,0,42,23,isolate_O,0.9846153846153848,0.9649122807017544,3.083632890356822,-5.037120042178836,4.602025032043457,27,100
wdbc,grid,24,24,0,42,24,isolate_O,0.9824175824175824,0.9736842105263158,1.666666666666667,-5.0,5.261420726776123,26,100
wdbc,random,24,24,0,42,24,isolate_O,0.9846153846153848,0.9736842105263158,1.8766684745866409,-4.7200263775601226,5.180704355239868,15,100
wdbc,bo_tpe,24,24,0,42,24,isolate_O,0.9824175824175824,0.9736842105263158,11.048691058455956,-12.316459110734172,4.844011068344116,8,100
wdbc,pso,24,24,0,42,24,isolate_O,0.9846153846153848,0.9736842105263158,1.8179405197592384,-4.608981145800316,4.433343172073364,5,100
wdbc,de,24,24,0,42,24,isolate_O,0.9824175824175824,0.9824561403508772,12.482330624814823,-13.444251702162484,4.619329214096069,4,100
wdbc,ga,24,24,0,42,24,isolate_O,0.9846153846153848,0.9736842105263158,1.940955433324807,-4.583057063256871,4.50136137008667,4,100
wdbc,sa,24,24,0,42,24,isolate_O,0.9824175824175824,0.9824561403508772,11.30431399328612,-12.356170506936802,4.17415189743042,21,100
wdbc,grid,25,25,0,42,25,isolate_O,0.9824175824175824,0.9736842105263158,1.666666666666667,-5.0,5.520674705505371,26,100
wdbc,random,25,25,0,42,25,isolate_O,0.9824175824175824,0.9736842105263158,2.021092828090369,-5.44095015586003,5.265260934829712,5,100
wdbc,bo_tpe,25,25,0,42,25,isolate_O,0.9824175824175824,0.9736842105263158,7.519938639260577,-9.53496392254333,4.77502703666687,5,100
wdbc,pso,25,25,0,42,25,isolate_O,0.9824175824175824,0.9649122807017544,0.6120673415240514,-4.467509332419764,4.648816585540772,1,100
wdbc,de,25,25,0,42,25,isolate_O,0.9824175824175824,0.9736842105263158,1.6685315485749148,-4.967529417933131,4.814528226852417,19,100
wdbc,ga,25,25,0,42,25,isolate_O,0.9824175824175824,0.9736842105263158,10.104979430136693,-11.604264087740956,4.6190173625946045,19,100
wdbc,sa,25,25,0,42,25,isolate_O,0.9824175824175824,0.9649122807017544,3.8057160877230087,-5.148447581002527,4.281904220581055,7,100
wdbc,grid,26,26,0,42,26,isolate_O,0.9824175824175824,0.9736842105263158,1.666666666666667,-5.0,5.31815242767334,26,100
wdbc,random,26,26,0,42,26,isolate_O,0.9824175824175824,0.9736842105263158,9.782434942274216,-11.49086415045047,5.340938329696655,1,100
wdbc,bo_tpe,26,26,0,42,26,isolate_O,0.9846153846153848,0.9736842105263158,2.454382980535007,-5.0447204067299785,5.421079158782959,1,100
wdbc,pso,26,26,0,42,26,isolate_O,0.9846153846153848,0.9736842105263158,2.06079716650444,-4.892962627213359,4.49919056892395,7,100
wdbc,de,26,26,0,42,26,isolate_O,0.9824175824175824,0.9736842105263158,9.041378184867984,-10.684366653240666,4.251305341720581,6,100
wdbc,ga,26,26,0,42,26,isolate_O,0.9824175824175824,0.9736842105263158,9.041378184867984,-10.684366653240666,4.173227071762085,6,100
wdbc,sa,26,26,0,42,26,isolate_O,0.9824175824175824,0.9824561403508772,13.461501290215828,-14.34185581090416,4.175385236740112,1,100
wdbc,grid,27,27,0,42,27,isolate_O,0.9824175824175824,0.9736842105263158,1.666666666666667,-5.0,5.302835464477539,26,100
wdbc,random,27,27,0,42,27,isolate_O,0.9846153846153848,0.9649122807017544,3.0716250943955377,-4.951075855827934,5.337201118469238,12,100
wdbc,bo_tpe,27,27,0,42,27,isolate_O,0.9824175824175824,0.9736842105263158,8.818017263714633,-10.701820816786132,4.818195343017578,11,100
wdbc,pso,27,27,0,42,27,isolate_O,0.9846153846153848,0.9736842105263158,1.2792207747363018,-4.499461163418957,4.546114683151245,1,100
wdbc,de,27,27,0,42,27,isolate_O,0.9824175824175824,0.9649122807017544,0.8824935091254993,-4.929012208486338,4.866298675537109,1,100
wdbc,ga,27,27,0,42,27,isolate_O,0.9846153846153848,0.9649122807017544,3.0287962582414694,-4.854619432317678,4.464271783828735,15,100
wdbc,sa,27,27,0,42,27,isolate_O,0.9824175824175824,0.9736842105263158,4.87496465919584,-8.340850957692293,4.212855815887451,8,100
wdbc,grid,28,28,0,42,28,isolate_O,0.9824175824175824,0.9736842105263158,1.666666666666667,-5.0,5.257919788360596,26,100
wdbc,random,28,28,0,42,28,isolate_O,0.9824175824175824,0.9736842105263158,7.207631568119803,-9.294268240191387,5.2546226978302,10,100
wdbc,bo_tpe,28,28,0,42,28,isolate_O,0.9846153846153848,0.9649122807017544,3.1299416510938363,-5.070071948113014,4.909328937530518,10,100
wdbc,pso,28,28,0,42,28,isolate_O,0.9824175824175824,0.9736842105263158,10.840601010864535,-12.02890889205154,4.46416449546814,7,100
wdbc,de,28,28,0,42,28,isolate_O,0.9802197802197804,0.9736842105263158,12.414556566857764,-14.420425184103202,4.7269837856292725,7,100
wdbc,ga,28,28,0,42,28,isolate_O,0.9846153846153848,0.9649122807017544,2.814751568356808,-4.962145300708963,4.582021951675415,7,100
wdbc,sa,28,28,0,42,28,isolate_O,0.9824175824175824,0.956140350877193,1.8688976050768948,-4.297471062275532,4.397809982299805,5,100
wdbc,grid,29,29,0,42,29,isolate_O,0.9824175824175824,0.9736842105263158,1.666666666666667,-5.0,5.416189193725586,26,100
wdbc,random,29,29,0,42,29,isolate_O,0.9824175824175824,0.9649122807017544,4.054381151988228,-5.23865626784206,5.243986368179321,3,100
wdbc,bo_tpe,29,29,0,42,29,isolate_O,0.9846153846153848,0.9649122807017544,3.0459067697534614,-5.0222803720938165,5.147951126098633,3,100
wdbc,pso,29,29,0,42,29,isolate_O,0.9824175824175824,0.9736842105263158,7.891729182493453,-9.842568062811898,4.390028476715088,14,100
wdbc,de,29,29,0,42,29,isolate_O,0.9846153846153848,0.9649122807017544,2.885893675213346,-4.828680062607928,4.8506059646606445,16,100
wdbc,ga,29,29,0,42,29,isolate_O,0.9824175824175824,0.9649122807017544,2.6278870925000364,-4.760546514355667,4.3784120082855225,2,100
wdbc,sa,29,29,0,42,29,isolate_O,0.9824175824175824,0.9824561403508772,12.289207301869006,-13.353857316694189,3.951416969299317,7,100
wdbc,cuckoo,0,0,0,42,0,isolate_O,0.9758241758241759,0.9736842105263158,5.436966435001434,-7.536085080170576,8.561064958572388,15,100
wdbc,sh,0,0,0,42,0,isolate_O,0.9802197802197803,0.9736842105263158,4.10888298900054,-7.769156363167225,54.876442432403564,10,1050
wdbc,cuckoo,1,1,0,42,1,isolate_O,0.9824175824175825,0.9649122807017544,3.34609604734254,-4.943583087976471,9.786118268966675,5,100
wdbc,sh,1,1,0,42,1,isolate_O,0.9802197802197803,0.9736842105263158,2.8001542828249253,-6.252167992255625,58.828556060791016,10,1050
wdbc,cuckoo,2,2,0,42,2,isolate_O,0.9802197802197803,0.9736842105263158,3.1479996974222617,-5.357052619399154,6.632961273193359,2,100
wdbc,sh,2,2,0,42,2,isolate_O,0.9824175824175825,0.9649122807017544,2.2410251015019007,-6.258087638822385,52.00906443595886,23,1050
wdbc,cuckoo,3,3,0,42,3,isolate_O,0.9824175824175825,0.9736842105263158,7.982880952295215,-9.987228912336445,8.093029499053955,2,100
wdbc,sh,3,3,0,42,3,isolate_O,0.9824175824175825,0.9736842105263158,4.940990557434388,-8.378792198577754,51.97136735916138,11,1050
wdbc,cuckoo,4,4,0,42,4,isolate_O,0.9824175824175825,0.9736842105263158,8.954576491945417,-11.110389079553226,7.212176084518433,3,100
wdbc,sh,4,4,0,42,4,isolate_O,0.9824175824175825,0.9649122807017544,2.4044825796582137,-6.322238753133011,57.1168646812439,34,1050
wdbc,cuckoo,5,5,0,42,5,isolate_O,0.9824175824175825,0.9736842105263158,1.8511556275266625,-5.156325625824517,7.614795684814453,11,100
wdbc,sh,5,5,0,42,5,isolate_O,0.9802197802197803,0.9736842105263158,4.186911895172884,-7.464226199335808,51.95046663284302,12,1050
wdbc,cuckoo,6,6,0,42,6,isolate_O,0.9824175824175825,0.9649122807017544,3.631457460412748,-5.420345608009532,7.690593719482422,2,100
wdbc,sh,6,6,0,42,6,isolate_O,0.9802197802197803,0.956140350877193,-0.08370297386494308,-5.57210061859198,53.55790972709656,10,1050
wdbc,cuckoo,7,7,0,42,7,isolate_O,0.9846153846153847,0.9736842105263158,2.0002316236925286,-4.676144195963113,6.619338512420654,5,100
wdbc,sh,7,7,0,42,7,isolate_O,0.9802197802197803,0.956140350877193,-0.39394241958070353,-5.127181453751453,60.27823877334595,10,1050
wdbc,cuckoo,8,8,0,42,8,isolate_O,0.9780219780219781,0.9736842105263158,3.60937636584981,-7.757675519327433,9.915848731994629,4,100
wdbc,sh,8,8,0,42,8,isolate_O,0.9802197802197803,0.9736842105263158,3.8567731522397466,-7.715220770845663,56.68745040893555,10,1050
wdbc,cuckoo,9,9,0,42,9,isolate_O,0.9802197802197803,0.9736842105263158,14.019280632534329,-14.302529235018243,7.276594161987305,7,100
wdbc,sh,9,9,0,42,9,isolate_O,0.9802197802197803,0.9649122807017544,0.22033166295055917,-4.6351406792424505,54.488911628723145,10,1050
wdbc,cuckoo,10,10,0,42,10,isolate_O,0.9802197802197803,0.9736842105263158,3.836663488459921,-7.187748120000713,6.9370763301849365,1,100
wdbc,sh,10,10,0,42,10,isolate_O,0.9780219780219781,0.9736842105263158,3.2479045791497096,-7.245264193898211,51.13403367996216,10,1050
wdbc,cuckoo,11,11,0,42,11,isolate_O,0.9802197802197803,0.9736842105263158,3.404072091754548,-6.262312232979916,7.484601974487305,3,100
wdbc,sh,11,11,0,42,11,isolate_O,0.9802197802197803,0.9736842105263158,4.150068871882661,-7.813491780292491,58.786588191986084,10,1050
wdbc,cuckoo,12,12,0,42,12,isolate_O,0.9824175824175825,0.9736842105263158,2.0409714628423625,-5.354463723437698,7.873264312744141,2,100
wdbc,sh,12,12,0,42,12,isolate_O,0.9802197802197803,0.9736842105263158,2.8660132717393916,-6.4803571099492405,945.7767562866211,10,1050
wdbc,cuckoo,13,13,0,42,13,isolate_O,0.9824175824175825,0.9473684210526315,1.9358054192584042,-4.087332250340954,9.450175762176514,1,100
wdbc,sh,13,13,0,42,13,isolate_O,0.9824175824175825,0.9736842105263158,4.564854254477051,-8.191611176260356,59.27981901168823,10,1050
wdbc,cuckoo,14,14,0,42,14,isolate_O,0.9824175824175825,0.9736842105263158,8.458734383331716,-10.36333620742888,7.186642646789551,2,100
wdbc,sh,14,14,0,42,14,isolate_O,0.9802197802197803,0.9736842105263158,3.8181407353794263,-7.620684190669749,60.85156178474426,10,1050
wdbc,cuckoo,15,15,0,42,15,isolate_O,0.9802197802197803,0.9473684210526315,1.4513336796310226,-3.855240606479283,7.55509877204895,1,100
wdbc,sh,15,15,0,42,15,isolate_O,0.9780219780219781,0.9736842105263158,3.1979965717616388,-7.325905630067467,51.89496970176697,10,1050
wdbc,cuckoo,16,16,0,42,16,isolate_O,0.9802197802197803,0.9736842105263158,8.445609925439108,-9.978849622953483,8.227715253829956,1,100
wdbc,sh,16,16,0,42,16,isolate_O,0.9802197802197803,0.9736842105263158,4.1112971070443365,-7.792386016709704,58.958584785461426,10,1050
wdbc,cuckoo,17,17,0,42,17,isolate_O,0.9824175824175825,0.9649122807017544,0.9545143660354327,-4.8928397041255,9.355745315551758,1,100
wdbc,sh,17,17,0,42,17,isolate_O,0.9758241758241759,0.956140350877193,0.02072498270457146,-5.266779037492409,50.77989649772644,10,1050
wdbc,cuckoo,18,18,0,42,18,isolate_O,0.9802197802197803,0.9736842105263158,4.409933849074991,-7.450291314896466,9.152715921401978,7,100
wdbc,sh,18,18,0,42,18,isolate_O,0.9758241758241759,0.9649122807017544,1.765994023653783,-7.119685802128165,59.70357537269592,8,1050
wdbc,cuckoo,19,19,0,42,19,isolate_O,0.9846153846153847,0.9649122807017544,3.2298246766803893,-4.957220120998885,9.407816648483276,6,100
wdbc,sh,19,19,0,42,19,isolate_O,0.9802197802197803,0.956140350877193,0.04306905999960531,-5.54161364752974,61.76789116859436,10,1050
wdbc,cuckoo,20,20,0,42,20,isolate_O,0.9846153846153847,0.9736842105263158,2.340641630424626,-4.94044198459493,9.142459392547607,4,100
wdbc,sh,20,20,0,42,20,isolate_O,0.9802197802197803,0.9736842105263158,4.118647615378897,-7.977711783271079,53.93730640411377,10,1050
wdbc,cuckoo,21,21,0,42,21,isolate_O,0.9824175824175825,0.9736842105263158,1.1622878647375767,-4.495357028065223,8.252734661102295,2,100
wdbc,sh,21,21,0,42,21,isolate_O,0.9802197802197803,0.9736842105263158,3.3290196080474352,-7.195898321126754,43.79815912246704,10,1050
wdbc,cuckoo,22,22,0,42,22,isolate_O,0.9802197802197803,0.956140350877193,0.37374003220408847,-4.859214046100467,7.820462942123413,10,100
wdbc,sh,22,22,0,42,22,isolate_O,0.9780219780219781,0.9736842105263158,2.57267080419449,-6.57139863318308,46.720229148864746,10,1050
wdbc,cuckoo,23,23,0,42,23,isolate_O,0.9802197802197803,0.9736842105263158,11.901876442526223,-13.828642096970517,5.9247307777404785,2,100
wdbc,sh,23,23,0,42,23,isolate_O,0.9802197802197803,0.9736842105263158,2.558808531379018,-6.003351248749766,44.61152267456055,10,1050
wdbc,cuckoo,24,24,0,42,24,isolate_O,0.9824175824175825,0.9736842105263158,2.6962265546925606,-5.044091548621557,8.307757139205933,8,100
wdbc,sh,24,24,0,42,24,isolate_O,0.9802197802197803,0.9736842105263158,4.211183668593062,-8.021044046732897,44.85261845588684,10,1050
wdbc,cuckoo,25,25,0,42,25,isolate_O,0.9846153846153847,0.9649122807017544,2.7730355431051072,-4.840206432651165,6.814759969711304,5,100
wdbc,sh,25,25,0,42,25,isolate_O,0.9802197802197803,0.9649122807017544,0.5106409783026926,-4.552422982979014,44.024038791656494,10,1050
wdbc,cuckoo,26,26,0,42,26,isolate_O,0.9824175824175825,0.9736842105263158,9.782434942274215,-11.49086415045047,6.997599363327026,1,100
wdbc,sh,26,26,0,42,26,isolate_O,0.9802197802197803,0.9736842105263158,2.4880736800827012,-5.820021888415685,55.4281644821167,10,1050
wdbc,cuckoo,27,27,0,42,27,isolate_O,0.9824175824175825,0.9736842105263158,1.2566645783213772,-4.7015097384718745,6.98470401763916,12,100
wdbc,sh,27,27,0,42,27,isolate_O,0.9802197802197803,0.956140350877193,0.606706745116405,-6.03751028511976,47.424726724624634,10,1050
wdbc,cuckoo,28,28,0,42,28,isolate_O,0.9824175824175825,0.9736842105263158,2.2809343821091614,-5.845794047183649,5.925421714782715,10,100
wdbc,sh,28,28,0,42,28,isolate_O,0.9824175824175825,0.9736842105263158,2.300291634194231,-5.446121884493671,48.391453981399536,10,1050
wdbc,cuckoo,29,29,0,42,29,isolate_O,0.9824175824175825,0.9649122807017544,4.054381151988228,-5.23865626784206,7.253140449523926,3,100
wdbc,sh,29,29,0,42,29,isolate_O,0.9824175824175825,0.9736842105263158,4.250746096497963,-7.957961592065101,49.73681330680847,12,1050
car,grid,0,0,0,42,0,isolate_O,0.988413645162978,0.9971098265895952,3.888888888888889,-5.0,32.12917876243591,46,100
car,random,0,0,0,42,0,isolate_O,0.9905875582064562,0.9971098265895952,10.834500761653292,-5.47989144444772,29.61432671546936,2,100
car,bo_tpe,0,0,0,42,0,isolate_O,0.9905875582064562,0.9971098265895952,10.834500761653292,-5.47989144444772,23.76516890525818,2,100
car,pso,0,0,0,42,0,isolate_O,0.9905875582064562,0.9971098265895952,11.758097028852866,-5.758872075032897,23.84187626838684,10,100
car,de,0,0,0,42,0,isolate_O,0.9905875582064562,0.9971098265895952,8.412488293872606,-5.588958680547324,26.212514400482178,9,100
car,ga,0,0,0,42,0,isolate_O,0.9905875582064562,0.9971098265895952,12.793401613203432,-5.728789525773895,22.24735856056213,9,100
car,sa,0,0,0,42,0,isolate_O,0.9905875582064562,0.9971098265895952,10.057700342195268,-6.0485687279818565,31.80268740653992,8,100
car,grid,1,1,0,42,1,isolate_O,0.988413645162978,0.9971098265895952,3.888888888888889,-5.0,32.157355546951294,46,100
car,random,1,1,0,42,1,isolate_O,0.9905875582064562,0.9971098265895952,8.275892904395777,-5.731995982950446,32.960670709609985,5,100
car,bo_tpe,1,1,0,42,1,isolate_O,0.9905875582064562,0.9971098265895952,8.726975952305963,-5.81313725519732,23.55835795402527,5,100
car,pso,1,1,0,42,1,isolate_O,0.9905875582064562,0.9971098265895952,12.574134503311445,-6.017740117968701,23.605137825012207,5,100
car,de,1,1,0,42,1,isolate_O,0.9905875582064562,0.9971098265895952,11.554051876408836,-5.617614672234426,26.92931723594665,4,100
car,ga,1,1,0,42,1,isolate_O,0.9905875582064562,0.9971098265895952,5.246675691928837,-5.4619698524467335,22.70348024368286,4,100
car,sa,1,1,0,42,1,isolate_O,0.9905875582064562,0.9971098265895952,13.03375259989533,-5.913407093682332,21.7378191947937,2,100
car,grid,2,2,0,42,2,isolate_O,0.988413645162978,0.9971098265895952,3.888888888888889,-5.0,31.73846983909607,46,100
car,random,2,2,0,42,2,isolate_O,0.9905875582064562,0.9971098265895952,7.422676655385898,-5.475442303013297,27.200783491134644,2,100
car,bo_tpe,2,2,0,42,2,isolate_O,0.9905875582064562,0.9971098265895952,7.422676655385898,-5.475442303013297,22.785561084747314,2,100
car,pso,2,2,0,42,2,isolate_O,0.9905875582064562,0.9971098265895952,10.729888993889654,-5.916984201672878,22.55307674407959,1,100
car,de,2,2,0,42,2,isolate_O,0.9905875582064562,0.9971098265895952,11.859568752042858,-5.8008124757476125,27.04921293258667,8,100
car,ga,2,2,0,42,2,isolate_O,0.9905875582064562,0.9971098265895952,8.151141817317118,-5.931066086899727,22.375200510025024,8,100
car,sa,2,2,0,42,2,isolate_O,0.9905875582064562,0.9971098265895952,5.554581916214206,-5.731448499289515,20.7002010345459,41,100
car,grid,3,3,0,42,3,isolate_O,0.988413645162978,0.9971098265895952,3.888888888888889,-5.0,31.20854115486145,46,100
car,random,3,3,0,42,3,isolate_O,0.9905875582064562,0.9971098265895952,14.559048193139695,-5.95048114186045,29.955224752426147,8,100
car,bo_tpe,3,3,0,42,3,isolate_O,0.9905875582064562,0.9971098265895952,12.674039911851311,-5.892022098150597,23.945981740951535,8,100
car,pso,3,3,0,42,3,isolate_O,0.9905875582064562,0.9971098265895952,11.792627469184623,-5.947132155618602,22.86603665351868,5,100
car,de,3,3,0,42,3,isolate_O,0.9905875582064562,0.9971098265895952,12.795190141266897,-5.698676712815454,30.707242250442505,2,100
car,ga,3,3,0,42,3,isolate_O,0.9905875582064562,0.9971098265895952,10.750186764933677,-5.454442108772227,24.47543430328369,2,100
car,sa,3,3,0,42,3,isolate_O,0.9905875582064562,0.9971098265895952,6.208952987635526,-5.607626058930197,22.38590979576111,2,100
car,grid,4,4,0,42,4,isolate_O,0.988413645162978,0.9971098265895952,3.888888888888889,-5.0,31.8927698135376,46,100
car,random,4,4,0,42,4,isolate_O,0.9905875582064562,0.9971098265895952,8.680464302472553,-5.736233452494183,33.93208909034729,1,100
car,bo_tpe,4,4,0,42,4,isolate_O,0.9905875582064562,0.9971098265895952,8.740202917021893,-6.0267246490778525,25.226768255233765,1,100
car,pso,4,4,0,42,4,isolate_O,0.9905875582064562,0.9971098265895952,10.809216145042432,-5.746333868121655,24.711247205734253,1,100
car,de,4,4,0,42,4,isolate_O,0.9905875582064562,0.9971098265895952,13.86112211144735,-5.796104049341491,28.01558923721313,1,100
car,ga,4,4,0,42,4,isolate_O,0.9905875582064562,0.9971098265895952,13.86112211144735,-5.796104049341491,22.38493037223816,1,100
car,sa,4,4,0,42,4,isolate_O,0.9905875582064562,0.9971098265895952,15.0,-5.759681081477221,22.106740713119507,1,100
car,grid,5,5,0,42,5,isolate_O,0.988413645162978,0.9971098265895952,3.888888888888889,-5.0,32.67630314826965,46,100
car,random,5,5,0,42,5,isolate_O,0.9905875582064562,0.9971098265895952,10.31815712960631,-5.668476218287022,31.36706042289734,3,100
car,bo_tpe,5,5,0,42,5,isolate_O,0.9905875582064562,0.9971098265895952,10.31815712960631,-5.668476218287022,23.298513650894165,3,100
car,pso,5,5,0,42,5,isolate_O,0.9905875582064562,0.9971098265895952,8.518487541270732,-5.505941936901795,24.051958084106445,12,100
car,de,5,5,0,42,5,isolate_O,0.9905875582064562,0.9971098265895952,6.111922338414468,-6.035211754460953,29.833198308944706,17,100
car,ga,5,5,0,42,5,isolate_O,0.9905875582064562,0.9971098265895952,11.098164029252413,-5.858680743377469,22.40908551216125,17,100
car,sa,5,5,0,42,5,isolate_O,0.9905875582064562,0.9971098265895952,7.477874495331032,-6.025556773377025,45.80633568763733,85,100
car,grid,6,6,0,42,6,isolate_O,0.988413645162978,0.9971098265895952,3.888888888888889,-5.0,33.3380491733551,46,100
car,random,6,6,0,42,6,isolate_O,0.9905875582064562,0.9971098265895952,10.008609430416747,-6.053082434978041,32.34452939033508,1,100
car,bo_tpe,6,6,0,42,6,isolate_O,0.9905875582064562,0.9971098265895952,10.11341214749338,-5.5418291255660295,23.33200454711914,1,100
car,pso,6,6,0,42,6,isolate_O,0.9905875582064562,0.9971098265895952,14.968068466723764,-5.865715624722977,25.79927372932434,1,100
car,de,6,6,0,42,6,isolate_O,0.9905875582064562,0.9971098265895952,12.895803757755688,-5.666924493091354,27.95466041564941,3,100
car,ga,6,6,0,42,6,isolate_O,0.9905875582064562,0.9971098265895952,10.849853625384815,-5.936897715368115,21.126023054122925,3,100
car,sa,6,6,0,42,6,isolate_O,0.9905875582064562,0.9971098265895952,10.038775757083762,-5.508197773355464,24.057977437973022,1,100
car,grid,7,7,0,42,7,isolate_O,0.988413645162978,0.9971098265895952,3.888888888888889,-5.0,31.719669580459595,46,100
car,random,7,7,0,42,7,isolate_O,0.9905875582064562,0.9971098265895952,7.687597372676775,-5.5876883814897855,30.616830348968502,3,100
car,bo_tpe,7,7,0,42,7,isolate_O,0.9905875582064562,0.9971098265895952,8.563873829279412,-5.516921025243226,24.009928941726685,3,100
car,pso,7,7,0,42,7,isolate_O,0.9905875582064562,0.9971098265895952,11.16401376654478,-5.624185980845866,23.67455744743347,3,100
car,de,7,7,0,42,7,isolate_O,0.9905875582064562,0.9971098265895952,7.584525089820209,-5.74588236120875,27.97207808494568,5,100
car,ga,7,7,0,42,7,isolate_O,0.9905875582064562,0.9971098265895952,7.584525089820209,-5.74588236120875,22.42686772346497,5,100
car,sa,7,7,0,42,7,isolate_O,0.9905875582064562,0.9971098265895952,6.997619700859106,-5.724507838211348,21.97873616218567,17,100
car,grid,8,8,0,42,8,isolate_O,0.988413645162978,0.9971098265895952,3.888888888888889,-5.0,31.61780524253845,46,100
car,random,8,8,0,42,8,isolate_O,0.9905875582064562,0.9971098265895952,12.383890804278398,-5.444597551999218,29.53097105026245,2,100
car,bo_tpe,8,8,0,42,8,isolate_O,0.9905875582064562,0.9971098265895952,12.383890804278398,-5.444597551999218,24.09872078895569,2,100
car,pso,8,8,0,42,8,isolate_O,0.9905875582064562,0.9971098265895952,7.705495599566765,-5.757132668551325,23.023334741592407,3,100
car,de,8,8,0,42,8,isolate_O,0.9905875582064562,0.9971098265895952,4.864256263707805,-5.467689987886887,22.66527938842773,3,100
car,ga,8,8,0,42,8,isolate_O,0.9905875582064562,0.9971098265895952,6.877425682872407,-5.751290319006915,20.22494435310364,3,100
car,sa,8,8,0,42,8,isolate_O,0.9905875582064562,0.9971098265895952,8.792452004599998,-5.9203301877771874,28.89934802055359,20,100
car,grid,9,9,0,42,9,isolate_O,0.988413645162978,0.9971098265895952,3.888888888888889,-5.0,32.09348440170288,46,100
car,random,9,9,0,42,9,isolate_O,0.9905875582064562,0.9971098265895952,7.210754816962588,-6.066929081918634,32.09883260726929,8,100
car,bo_tpe,9,9,0,42,9,isolate_O,0.9905875582064562,0.9971098265895952,12.2181969566349,-5.598850339063255,23.453826904296875,8,100
car,pso,9,9,0,42,9,isolate_O,0.9905875582064562,0.9971098265895952,6.550335923563339,-5.701514929535541,25.710817575454712,3,100
car,de,9,9,0,42,9,isolate_O,0.9905875582064562,0.9971098265895952,13.46476416140441,-5.924121304103717,28.47637343406677,1,100
car,ga,9,9,0,42,9,isolate_O,0.9905875582064562,0.9971098265895952,8.626799817763398,-5.545285111959229,28.695140600204468,1,100
car,sa,9,9,0,42,9,isolate_O,0.9905875582064562,0.9971098265895952,7.250131127254024,-5.703728185741504,23.5471625328064,9,100
car,grid,10,10,0,42,10,isolate_O,0.988413645162978,0.9971098265895952,3.888888888888889,-5.0,30.96140480041504,46,100
car,random,10,10,0,42,10,isolate_O,0.9905875582064562,0.9971098265895952,7.355339569386343,-5.763511634020965,30.67796421051025,8,100
car,bo_tpe,10,10,0,42,10,isolate_O,0.9905875582064562,0.9971098265895952,13.518667983018007,-5.524623160449963,23.9736852645874,8,100
car,pso,10,10,0,42,10,isolate_O,0.9905875582064562,0.9971098265895952,8.477302555570102,-5.7586747053126,27.49210500717163,9,100
car,de,10,10,0,42,10,isolate_O,0.9905875582064562,0.9971098265895952,8.780729595622622,-5.442392621366039,38.41540813446045,1,100
car,ga,10,10,0,42,10,isolate_O,0.9905875582064562,0.9971098265895952,13.298469246992394,-5.677976121301269,30.012390613555908,1,100
car,sa,10,10,0,42,10,isolate_O,0.9905875582064562,0.9971098265895952,15.0,-5.961208658084427,22.90239191055298,9,100
car,grid,11,11,0,42,11,isolate_O,0.988413645162978,0.9971098265895952,3.888888888888889,-5.0,33.430429458618164,46,100
car,random,11,11,0,42,11,isolate_O,0.9905875582064562,0.9971098265895952,9.259258404660695,-5.611677154875544,35.8817617893219,14,100
car,bo_tpe,11,11,0,42,11,isolate_O,0.9905875582064562,0.9971098265895952,8.669466091642903,-5.890236595708495,22.883750677108765,11,100
car,pso,11,11,0,42,11,isolate_O,0.9905875582064562,0.9971098265895952,10.72042979868751,-5.445916803720925,22.7298743724823,2,100
car,de,11,11,0,42,11,isolate_O,0.9905875582064562,0.9971098265895952,8.407211682049676,-5.777118357303113,25.855358839035038,5,100
car,ga,11,11,0,42,11,isolate_O,0.9905875582064562,0.9971098265895952,8.407211682049676,-5.777118357303113,21.02384614944458,5,100
car,sa,11,11,0,42,11,isolate_O,0.9905875582064562,0.9971098265895952,8.472574964197335,-5.676351430718549,20.281378746032715,23,100
car,grid,12,12,0,42,12,isolate_O,0.988413645162978,0.9971098265895952,3.888888888888889,-5.0,31.54895758628845,46,100
car,random,12,12,0,42,12,isolate_O,0.9905875582064562,0.9971098265895952,9.868359364510278,-5.681592689361569,31.88312268257141,9,100
car,bo_tpe,12,12,0,42,12,isolate_O,0.9905875582064562,0.9971098265895952,10.36849026695246,-5.86408197771975,22.742496967315677,9,100
car,pso,12,12,0,42,12,isolate_O,0.9905875582064562,0.9971098265895952,14.075504703060474,-5.495872844163998,23.38602566719055,14,100
car,de,12,12,0,42,12,isolate_O,0.9905875582064562,0.9971098265895952,10.576801840441444,-5.793188496425627,30.255622148513797,26,100
car,ga,12,12,0,42,12,isolate_O,0.9876890074818186,0.9913294797687862,11.423477515852884,-9.809213616861062,29.6516387462616,21,100
car,sa,12,12,0,42,12,isolate_O,0.9905875582064562,0.9971098265895952,8.110554013280222,-6.010458305959825,24.592663526535038,6,100
car,grid,13,13,0,42,13,isolate_O,0.988413645162978,0.9971098265895952,3.888888888888889,-5.0,31.597048044204712,46,100
car,random,13,13,0,42,13,isolate_O,0.9905875582064562,0.9971098265895952,8.129106691939157,-5.833280398496672,30.469876050949097,3,100
car,bo_tpe,13,13,0,42,13,isolate_O,0.9905875582064562,0.9971098265895952,14.30037156763346,-5.483522138587486,23.50566029548645,3,100
car,pso,13,13,0,42,13,isolate_O,0.9905875582064562,0.9971098265895952,8.445051388127508,-5.691183909374042,23.33490467071533,13,100
car,de,13,13,0,42,13,isolate_O,0.9905875582064562,0.9971098265895952,11.280130385002238,-6.038386650014781,28.18512749671936,2,100
car,ga,13,13,0,42,13,isolate_O,0.9905875582064562,0.9971098265895952,11.280130385002238,-6.038386650014781,22.57672953605652,2,100
car,sa,13,13,0,42,13,isolate_O,0.9905875582064562,0.9971098265895952,9.542191560562422,-5.912603874980082,22.2202582359314,2,100
car,grid,14,14,0,42,14,isolate_O,0.988413645162978,0.9971098265895952,3.888888888888889,-5.0,31.794395923614506,46,100
car,random,14,14,0,42,14,isolate_O,0.9905875582064562,0.9971098265895952,9.609604817069176,-5.952661375008811,28.053765773773197,6,100
car,bo_tpe,14,14,0,42,14,isolate_O,0.9905875582064562,0.9971098265895952,14.815493706969038,-5.513578333212401,23.889952182769772,6,100
car,pso,14,14,0,42,14,isolate_O,0.9905875582064562,0.9971098265895952,6.777525139312256,-5.678474060854015,22.624423265457157,1,100
car,de,14,14,0,42,14,isolate_O,0.9905875582064562,0.9971098265895952,13.83093077438181,-5.765076947324051,28.87361478805542,1,100
car,ga,14,14,0,42,14,isolate_O,0.9905875582064562,0.9971098265895952,8.134509960937057,-5.579042786258282,22.10531759262085,1,100
car,sa,14,14,0,42,14,isolate_O,0.9905875582064562,0.9971098265895952,12.088592479236542,-5.439758223572023,28.28675103187561,24,100
car,grid,15,15,0,42,15,isolate_O,0.988413645162978,0.9971098265895952,3.888888888888889,-5.0,32.46319818496704,46,100
car,random,15,15,0,42,15,isolate_O,0.9905875582064562,0.9971098265895952,7.157046147450568,-5.717843643330557,28.007766485214237,6,100
car,bo_tpe,15,15,0,42,15,isolate_O,0.9905875582064562,0.9971098265895952,14.867843718514353,-5.781308308209663,22.91420006752014,6,100
car,pso,15,15,0,42,15,isolate_O,0.9905875582064562,0.9971098265895952,10.461861184429026,-5.750837104458817,26.793428897857662,11,100
car,de,15,15,0,42,15,isolate_O,0.9905875582064562,0.9971098265895952,9.46290963119616,-5.627176795826967,41.30478239059448,4,100
car,ga,15,15,0,42,15,isolate_O,0.9905875582064562,0.9971098265895952,6.71540611358295,-5.456154412615456,28.25246500968933,4,100
car,sa,15,15,0,42,15,isolate_O,0.9905875582064562,0.9971098265895952,7.82943715738515,-5.86725843939118,21.773479223251343,13,100
car,grid,16,16,0,42,16,isolate_O,0.988413645162978,0.9971098265895952,3.888888888888889,-5.0,35.03227949142456,46,100
car,random,16,16,0,42,16,isolate_O,0.9905875582064562,0.9971098265895952,8.513328985627894,-5.513906979705192,32.58297300338745,9,100
car,bo_tpe,16,16,0,42,16,isolate_O,0.9905875582064562,0.9971098265895952,8.115472398994811,-5.800733712675569,22.43873953819275,9,100
car,pso,16,16,0,42,16,isolate_O,0.9905875582064562,0.9971098265895952,10.658660312937425,-5.48613341142857,23.13105797767639,11,100
car,de,16,16,0,42,16,isolate_O,0.9905875582064562,0.9971098265895952,12.35307095174774,-5.498812308364754,27.13031935691833,1,100
car,ga,16,16,0,42,16,isolate_O,0.9905875582064562,0.9971098265895952,9.010372778262628,-5.472190983003301,23.8465256690979,1,100
car,sa,16,16,0,42,16,isolate_O,0.9905875582064562,0.9971098265895952,9.853515475207548,-6.031432081712469,28.987635135650635,30,100
car,grid,17,17,0,42,17,isolate_O,0.988413645162978,0.9971098265895952,3.888888888888889,-5.0,31.52793550491333,46,100
car,random,17,17,0,42,17,isolate_O,0.9905849421859466,0.9971098265895952,4.657093493308926,-5.266545986502724,33.31311345100403,4,100
car,bo_tpe,17,17,0,42,17,isolate_O,0.9905875582064562,0.9971098265895952,6.44563362520366,-5.574794086246522,23.319979190826416,4,100
car,pso,17,17,0,42,17,isolate_O,0.9905875582064562,0.9971098265895952,6.207685983879148,-5.872067803196039,24.81466388702393,5,100
car,de,17,17,0,42,17,isolate_O,0.9905875582064562,0.9971098265895952,4.93259108675861,-5.590599398412451,24.59705138206482,4,100
car,ga,17,17,0,42,17,isolate_O,0.9905875582064562,0.9971098265895952,5.897666261118369,-5.479210685026934,22.90545678138733,4,100
car,sa,17,17,0,42,17,isolate_O,0.9905875582064562,0.9971098265895952,9.722439555245774,-5.860873945933783,30.03760838508606,23,100
car,grid,18,18,0,42,18,isolate_O,0.988413645162978,0.9971098265895952,3.888888888888889,-5.0,32.215569496154785,46,100
car,random,18,18,0,42,18,isolate_O,0.9905875582064562,0.9971098265895952,8.007484834791834,-5.901839272772827,34.578776359558105,1,100
car,bo_tpe,18,18,0,42,18,isolate_O,0.9905875582064562,0.9971098265895952,8.007484834791834,-5.901839272772827,23.332836866378784,1,100
car,pso,18,18,0,42,18,isolate_O,0.9905875582064562,0.9971098265895952,10.570794553423395,-6.064266693111958,23.38811206817627,3,100
car,de,18,18,0,42,18,isolate_O,0.9905875582064562,0.9971098265895952,7.356442093058672,-5.657059560517905,26.794357538223267,3,100
car,ga,18,18,0,42,18,isolate_O,0.9905875582064562,0.9971098265895952,5.795991385304758,-5.551142812854614,23.236249446868896,3,100
car,sa,18,18,0,42,18,isolate_O,0.9905875582064562,0.9971098265895952,8.007484834791834,-5.901839272772827,22.29119324684143,1,100
car,grid,19,19,0,42,19,isolate_O,0.988413645162978,0.9971098265895952,3.888888888888889,-5.0,31.64111280441284,46,100
car,random,19,19,0,42,19,isolate_O,0.9905875582064562,0.9971098265895952,13.779852708854584,-5.56390085612286,31.895431518554688,5,100
car,bo_tpe,19,19,0,42,19,isolate_O,0.9905875582064562,0.9971098265895952,8.231557817317682,-5.5595977341725344,23.827006578445435,5,100
car,pso,19,19,0,42,19,isolate_O,0.9905875582064562,0.9971098265895952,13.683137324949996,-5.913088771310864,22.76486086845398,2,100
car,de,19,19,0,42,19,isolate_O,0.9905875582064562,0.9971098265895952,11.96901631863668,-5.558151788138366,30.144992113113403,4,100
car,ga,19,19,0,42,19,isolate_O,0.9905875582064562,0.9971098265895952,12.04032180392158,-5.837001233226514,25.1822247505188,4,100
car,sa,19,19,0,42,19,isolate_O,0.9905875582064562,0.9971098265895952,7.063415163484688,-5.431262947329607,33.80471134185791,53,100
car,grid,20,20,0,42,20,isolate_O,0.988413645162978,0.9971098265895952,3.888888888888889,-5.0,31.92007350921631,46,100
car,random,20,20,0,42,20,isolate_O,0.9905875582064562,0.9971098265895952,12.820161101273058,-5.7283397836310925,33.112229347229004,13,100
car,bo_tpe,20,20,0,42,20,isolate_O,0.9905875582064562,0.9971098265895952,12.851186049868836,-5.873062722434139,24.140514373779297,11,100
car,pso,20,20,0,42,20,isolate_O,0.9905875582064562,0.9971098265895952,9.355375687668609,-5.590889850279744,24.0688750743866,12,100
car,de,20,20,0,42,20,isolate_O,0.9905875582064562,0.9971098265895952,7.80353617179524,-5.514722964569895,24.742687463760376,5,100
car,ga,20,20,0,42,20,isolate_O,0.9905875582064562,0.9971098265895952,9.635703627651589,-5.522342478169286,22.02860403060913,5,100
car,sa,20,20,0,42,20,isolate_O,0.9905875582064562,0.9971098265895952,6.540577491592982,-5.463426196668111,28.78096628189087,5,100
car,grid,21,21,0,42,21,isolate_O,0.988413645162978,0.9971098265895952,3.888888888888889,-5.0,31.41229772567749,46,100
car,random,21,21,0,42,21,isolate_O,0.9905875582064562,0.9971098265895952,6.412900440310461,-5.799539102258711,31.34127116203308,10,100
car,bo_tpe,21,21,0,42,21,isolate_O,0.9905875582064562,0.9971098265895952,7.151660684321088,-5.558443663925574,22.821322441101078,10,100
car,pso,21,21,0,42,21,isolate_O,0.9905875582064562,0.9971098265895952,10.156758165624138,-5.810435692792202,23.833232641220093,1,100
car,de,21,21,0,42,21,isolate_O,0.9905875582064562,0.9971098265895952,9.475581283803107,-6.046652393504916,26.12032461166382,1,100
car,ga,21,21,0,42,21,isolate_O,0.9905875582064562,0.9971098265895952,9.475581283803107,-6.046652393504916,20.69693279266357,1,100
car,sa,21,21,0,42,21,isolate_O,0.9905875582064562,0.9971098265895952,15.0,-5.455924678120203,20.8387508392334,19,100
car,grid,22,22,0,42,22,isolate_O,0.988413645162978,0.9971098265895952,3.888888888888889,-5.0,31.50329875946045,46,100
car,random,22,22,0,42,22,isolate_O,0.9905875582064562,0.9971098265895952,11.724945761664175,-5.813107580046349,31.74978828430176,12,100
car,bo_tpe,22,22,0,42,22,isolate_O,0.9905875582064562,0.9971098265895952,12.067598484248087,-5.900531590606497,24.112165212631226,19,100
car,pso,22,22,0,42,22,isolate_O,0.9905875582064562,0.9971098265895952,9.434678988300911,-5.678416331056585,25.328890800476078,2,100
car,de,22,22,0,42,22,isolate_O,0.9905875582064562,0.9971098265895952,11.96638807647982,-5.559196863357897,25.3242609500885,13,100
car,ga,22,22,0,42,22,isolate_O,0.9905875582064562,0.9971098265895952,11.96638807647982,-5.559196863357897,20.73330283164978,13,100
car,sa,22,22,0,42,22,isolate_O,0.9905875582064562,0.9971098265895952,15.0,-5.610983338345477,23.40713787078857,27,100
car,grid,23,23,0,42,23,isolate_O,0.988413645162978,0.9971098265895952,3.888888888888889,-5.0,31.53276824951172,46,100
car,random,23,23,0,42,23,isolate_O,0.9905875582064562,0.9971098265895952,13.032043856147617,-5.896332204404727,29.21401858329773,2,100
car,bo_tpe,23,23,0,42,23,isolate_O,0.9905875582064562,0.9971098265895952,7.403846643266453,-5.745518494807495,23.04855871200561,2,100
car,pso,23,23,0,42,23,isolate_O,0.9905875582064562,0.9971098265895952,6.022128604734959,-5.525395743787064,24.450350999832157,6,100
car,de,23,23,0,42,23,isolate_O,0.9905875582064562,0.9971098265895952,11.347648147520228,-6.0382059905608685,27.100356101989743,5,100
car,ga,23,23,0,42,23,isolate_O,0.9905875582064562,0.9971098265895952,9.331692718471656,-5.435641955561811,23.7107834815979,5,100
car,sa,23,23,0,42,23,isolate_O,0.9905875582064562,0.9971098265895952,10.723865244605204,-5.708011393668223,32.803924798965454,34,100
car,grid,24,24,0,42,24,isolate_O,0.988413645162978,0.9971098265895952,3.888888888888889,-5.0,31.64219117164612,46,100
car,random,24,24,0,42,24,isolate_O,0.9905875582064562,0.9971098265895952,10.1559609970888,-6.005816050130891,30.579516172409058,2,100
car,bo_tpe,24,24,0,42,24,isolate_O,0.9905875582064562,0.9971098265895952,10.28846353194319,-5.792867357225503,23.618829488754272,2,100
car,pso,24,24,0,42,24,isolate_O,0.9905875582064562,0.9971098265895952,6.146950154640852,-5.888544687202353,23.499127626419067,2,100
car,de,24,24,0,42,24,isolate_O,0.9905875582064562,0.9971098265895952,6.494756386543841,-5.884804189137336,25.58545970916748,2,100
car,ga,24,24,0,42,24,isolate_O,0.9905875582064562,0.9971098265895952,6.494756386543841,-5.884804189137336,22.12385654449463,2,100
car,sa,24,24,0,42,24,isolate_O,0.9905875582064562,0.9971098265895952,14.36743928075714,-5.578302010470088,22.582916259765625,2,100
car,grid,25,25,0,42,25,isolate_O,0.988413645162978,0.9971098265895952,3.888888888888889,-5.0,36.72807455062866,46,100
car,random,25,25,0,42,25,isolate_O,0.9905875582064562,0.9971098265895952,8.597031743663548,-5.834164569707154,31.9968855381012,1,100
car,bo_tpe,25,25,0,42,25,isolate_O,0.9905875582064562,0.9971098265895952,9.845710466902084,-5.95847341286694,23.500015020370483,1,100
car,pso,25,25,0,42,25,isolate_O,0.9905875582064562,0.9971098265895952,12.888699371491644,-5.69210795856077,24.57104110717773,2,100
car,de,25,25,0,42,25,isolate_O,0.9905875582064562,0.9971098265895952,7.656692785582449,-5.91068792665049,29.682292699813843,12,100
car,ga,25,25,0,42,25,isolate_O,0.9905875582064562,0.9971098265895952,8.225942061297847,-5.448243452900131,25.512269735336304,12,100
car,sa,25,25,0,42,25,isolate_O,0.9905875582064562,0.9971098265895952,10.723313034613874,-5.583142016115092,21.91922926902771,1,100
car,grid,26,26,0,42,26,isolate_O,0.988413645162978,0.9971098265895952,3.888888888888889,-5.0,32.003385066986084,46,100
car,random,26,26,0,42,26,isolate_O,0.9905875582064562,0.9971098265895952,14.0383660367388,-5.52552300601308,30.876002311706543,10,100
car,bo_tpe,26,26,0,42,26,isolate_O,0.9905875582064562,0.9971098265895952,6.615324087524724,-5.676143951501229,22.693777084350582,10,100
car,pso,26,26,0,42,26,isolate_O,0.9905875582064562,0.9971098265895952,8.703420400261258,-5.805154261026427,23.52533984184265,5,100
car,de,26,26,0,42,26,isolate_O,0.9905875582064562,0.9971098265895952,14.248360563507116,-5.643872803770218,25.678606033325195,3,100
car,ga,26,26,0,42,26,isolate_O,0.9905875582064562,0.9971098265895952,14.248360563507116,-5.643872803770218,21.2588484287262,3,100
car,sa,26,26,0,42,26,isolate_O,0.9905875582064562,0.9971098265895952,9.96194513700006,-6.030381979844602,21.29504156112671,2,100
car,grid,27,27,0,42,27,isolate_O,0.988413645162978,0.9971098265895952,3.888888888888889,-5.0,31.368710041046143,46,100
car,random,27,27,0,42,27,isolate_O,0.9905875582064562,0.9971098265895952,11.607263511173972,-5.806817095338502,32.460357666015625,4,100
car,bo_tpe,27,27,0,42,27,isolate_O,0.9905875582064562,0.9971098265895952,6.791594597830267,-5.905783217035175,24.581836700439453,4,100
car,pso,27,27,0,42,27,isolate_O,0.9905875582064562,0.9971098265895952,12.611133654919392,-5.687548244422427,23.75711941719055,1,100
car,de,27,27,0,42,27,isolate_O,0.9905875582064562,0.9971098265895952,12.25237292528434,-5.657340069446837,26.09785270690918,1,100
car,ga,27,27,0,42,27,isolate_O,0.9905849421859466,0.9971098265895952,14.640637313020331,-5.307321768732677,21.17497444152832,1,100
car,sa,27,27,0,42,27,isolate_O,0.9905875582064562,0.9971098265895952,13.81345542164024,-5.695377857297234,28.84378719329834,14,100
car,grid,28,28,0,42,28,isolate_O,0.988413645162978,0.9971098265895952,3.888888888888889,-5.0,31.777796745300293,46,100
car,random,28,28,0,42,28,isolate_O,0.9905875582064562,0.9971098265895952,10.626164125469522,-5.802126330243963,31.34208941459656,1,100
car,bo_tpe,28,28,0,42,28,isolate_O,0.9905875582064562,0.9971098265895952,10.626164125469522,-5.802126330243963,22.90264081954956,1,100
car,pso,28,28,0,42,28,isolate_O,0.9905875582064562,0.9971098265895952,8.423926803073217,-5.861328609600605,23.522346019744877,8,100
car,de,28,28,0,42,28,isolate_O,0.9905875582064562,0.9971098265895952,13.679233011150563,-5.535532056029096,24.73216342926025,8,100
car,ga,28,28,0,42,28,isolate_O,0.9905875582064562,0.9971098265895952,13.679233011150563,-5.535532056029096,23.615299940109253,8,100
car,sa,28,28,0,42,28,isolate_O,0.9905875582064562,0.9971098265895952,5.916195740374572,-5.742355291019187,21.63038396835327,1,100
car,grid,29,29,0,42,29,isolate_O,0.988413645162978,0.9971098265895952,3.888888888888889,-5.0,31.63436460494995,46,100
car,random,29,29,0,42,29,isolate_O,0.9905875582064562,0.9971098265895952,12.835681752238456,-6.049789040945866,31.88017582893372,1,100
car,bo_tpe,29,29,0,42,29,isolate_O,0.9905875582064562,0.9971098265895952,6.021922316286635,-5.507441547535715,23.69390034675598,1,100
car,pso,29,29,0,42,29,isolate_O,0.9905875582064562,0.9971098265895952,6.447257672730394,-6.064978497111452,24.2908992767334,5,100
car,de,29,29,0,42,29,isolate_O,0.9905875582064562,0.9971098265895952,8.224943752462064,-5.726893816359515,25.539698362350464,6,100
car,ga,29,29,0,42,29,isolate_O,0.9905849421859466,0.9971098265895952,8.305425045565471,-5.316095924378747,25.81789779663086,6,100
car,sa,29,29,0,42,29,isolate_O,0.9905875582064562,0.9971098265895952,10.16100549740138,-5.614335731683517,39.4480984210968,1,100
car,cuckoo,0,0,0,42,0,isolate_O,0.9905875582064562,0.9971098265895953,10.834500761653292,-5.47989144444772,54.65804600715637,2,100
car,sh,0,0,0,42,0,isolate_O,0.9905875582064562,0.9971098265895953,13.616374345959464,-5.62629412964651,57.21243333816528,10,1050
car,cuckoo,1,1,0,42,1,isolate_O,0.9891408988646472,0.9971098265895953,8.650552071869903,-6.173530798787326,44.92001986503601,5,100
car,sh,1,1,0,42,1,isolate_O,0.9905849421859466,0.9971098265895953,12.20055897365776,-5.301040841850249,57.38864850997925,10,1050
car,cuckoo,2,2,0,42,2,isolate_O,0.9905875582064562,0.9971098265895953,7.422676655385898,-5.475442303013297,27.68955707550049,2,100
car,sh,2,2,0,42,2,isolate_O,0.9905875582064562,0.9971098265895953,14.440669554528888,-5.821935597745123,64.60208892822266,10,1050
car,cuckoo,3,3,0,42,3,isolate_O,0.988413645162978,0.9971098265895953,6.3583359969847,-4.792811209394518,66.5130512714386,8,100
car,sh,3,3,0,42,3,isolate_O,0.9905849421859466,0.9971098265895953,8.01284353583406,-5.222769813341166,57.122705936431885,10,1050
car,cuckoo,4,4,0,42,4,isolate_O,0.9898629205252968,0.9971098265895953,14.340596780273533,-5.149819514836999,50.88129115104675,1,100
car,sh,4,4,0,42,4,isolate_O,0.9905875582064562,0.9971098265895953,10.222020658419988,-5.715963776784587,57.101749420166016,10,1050
car,cuckoo,5,5,0,42,5,isolate_O,0.9905875582064562,0.9971098265895953,10.31815712960631,-5.668476218287022,45.66029691696167,3,100
car,sh,5,5,0,42,5,isolate_O,0.9905875582064562,0.9971098265895953,6.765371398056786,-5.737811634434843,56.635249853134155,10,1050
car,cuckoo,6,6,0,42,6,isolate_O,0.9905875582064562,0.9971098265895953,12.372840892894896,-5.613410179691217,41.55131411552429,1,100
car,sh,6,6,0,42,6,isolate_O,0.9905875582064562,0.9971098265895953,8.55925175987895,-5.883118046503176,60.647136926651,10,1050
car,cuckoo,7,7,0,42,7,isolate_O,0.9905875582064562,0.9971098265895953,10.779053870388992,-5.49224546244741,39.2007520198822,3,100
car,sh,7,7,0,42,7,isolate_O,0.9905875582064562,0.9971098265895953,10.92781401565097,-5.5969776959709865,55.94538879394531,10,1050
car,cuckoo,8,8,0,42,8,isolate_O,0.9905875582064562,0.9971098265895953,12.383890804278398,-5.444597551999218,55.57301902770996,2,100
car,sh,8,8,0,42,8,isolate_O,0.9905875582064562,0.9971098265895953,11.378711540651725,-5.500970908441582,56.471139669418335,10,1050
car,cuckoo,9,9,0,42,9,isolate_O,0.9905875582064562,0.9971098265895953,7.724787587037525,-5.63849771186592,46.40522575378418,8,100
car,sh,9,9,0,42,9,isolate_O,0.9905875582064562,0.9971098265895953,13.343854123208668,-5.685715648161052,55.885719537734985,10,1050
car,cuckoo,10,10,0,42,10,isolate_O,0.9905875582064562,0.9971098265895953,7.355339569386343,-5.763511634020965,34.61760401725769,8,100
car,sh,10,10,0,42,10,isolate_O,0.9905875582064562,0.9971098265895953,12.063108263808044,-5.603107796951857,57.57312059402466,10,1050
car,cuckoo,11,11,0,42,11,isolate_O,0.9891408988646472,0.9971098265895953,6.448827838176222,-6.163573315216361,46.812596559524536,14,100
car,sh,11,11,0,42,11,isolate_O,0.9905875582064562,0.9971098265895953,13.052948580380498,-5.441470693549091,57.912299156188965,10,1050
car,cuckoo,12,12,0,42,12,isolate_O,0.9898629205252968,0.9971098265895953,12.25337593551669,-5.419899210758287,36.586021184921265,9,100
car,sh,12,12,0,42,12,isolate_O,0.9905875582064562,0.9971098265895953,7.839940409995929,-5.535400307928871,58.48723363876343,10,1050
car,cuckoo,13,13,0,42,13,isolate_O,0.9905849421859466,0.9971098265895953,12.25366934388774,-5.209852807144844,52.099422216415405,3,100
car,sh,13,13,0,42,13,isolate_O,0.9905875582064562,0.9971098265895953,13.298745296882469,-5.827124109380268,56.406121253967285,10,1050
car,cuckoo,14,14,0,42,14,isolate_O,0.9905849421859466,0.9971098265895953,12.13400536708896,-5.268163552185242,34.44760322570801,6,100
car,sh,14,14,0,42,14,isolate_O,0.9905875582064562,0.9971098265895953,7.423042483453537,-5.510446304482095,59.18008255958557,22,1050
car,cuckoo,15,15,0,42,15,isolate_O,0.9891408988646472,0.9971098265895953,10.210205478578994,-6.4774600317030995,36.116048097610474,6,100
car,sh,15,15,0,42,15,isolate_O,0.9905875582064562,0.9971098265895953,7.157046147450568,-5.717843643330557,70.6250593662262,10,1050
car,cuckoo,16,16,0,42,16,isolate_O,0.9905849421859466,0.9971098265895953,10.04889833919946,-5.221157210316276,43.37854337692261,9,100
car,sh,16,16,0,42,16,isolate_O,0.9905875582064562,0.9971098265895953,8.513328985627894,-5.513906979705192,62.87414002418518,10,1050
car,cuckoo,17,17,0,42,17,isolate_O,0.9905875582064562,0.9971098265895953,7.914748979031577,-5.590925797473586,36.67580556869507,4,100
car,sh,17,17,0,42,17,isolate_O,0.9905849421859466,0.9971098265895953,9.845562972207919,-5.299854349849234,64.179532289505,10,1050
car,cuckoo,18,18,0,42,18,isolate_O,0.9905875582064562,0.9971098265895953,8.007484834791834,-5.901839272772827,44.40091943740845,1,100
car,sh,18,18,0,42,18,isolate_O,0.9905875582064562,0.9971098265895953,11.161913944660306,-5.927452560880274,63.64514470100403,10,1050
car,cuckoo,19,19,0,42,19,isolate_O,0.9891408988646472,0.9971098265895953,5.461453816641236,-6.19010012139049,44.685872077941895,5,100
car,sh,19,19,0,42,19,isolate_O,0.9905875582064562,0.9971098265895953,13.779852708854584,-5.56390085612286,63.28316831588745,10,1050
car,cuckoo,20,20,0,42,20,isolate_O,0.9905875582064562,0.9971098265895953,12.774664698975469,-5.595688334346757,50.875874042510986,13,100
car,sh,20,20,0,42,20,isolate_O,0.9905875582064562,0.9971098265895953,14.147610843580875,-5.704031759810192,81.13442063331604,11,1050
car,cuckoo,21,21,0,42,21,isolate_O,0.9905875582064562,0.9971098265895953,4.86215447298482,-5.524676013201187,68.83534359931946,10,100
car,sh,21,21,0,42,21,isolate_O,0.9905875582064562,0.9971098265895953,14.58363664170114,-5.439804822060422,64.75145220756531,10,1050
car,cuckoo,22,22,0,42,22,isolate_O,0.9898629205252968,0.9971098265895953,5.662234507208936,-5.972792033770529,48.3136191368103,12,100
car,sh,22,22,0,42,22,isolate_O,0.9905875582064562,0.9971098265895953,9.604754941633848,-5.568010966869258,73.02019453048706,10,1050
car,cuckoo,23,23,0,42,23,isolate_O,0.9891408988646472,0.9942196531791907,10.309195187938139,-9.91687480859197,42.60029888153076,2,100
car,sh,23,23,0,42,23,isolate_O,0.9905875582064562,0.9971098265895953,9.460810577984496,-5.790754686349265,63.37888050079346,10,1050
car,cuckoo,24,24,0,42,24,isolate_O,0.9905875582064562,0.9971098265895953,14.54321697091985,-5.866744780924862,38.31044554710388,2,100
car,sh,24,24,0,42,24,isolate_O,0.9905875582064562,0.9971098265895953,12.971911623970179,-5.541282152974791,70.43464517593384,10,1050
car,cuckoo,25,25,0,42,25,isolate_O,0.9891408988646472,0.9971098265895953,4.626858864950346,-5.7029586361465014,62.56690430641174,1,100
car,sh,25,25,0,42,25,isolate_O,0.9905875582064562,0.9971098265895953,13.432308057013639,-5.870331044471914,84.45124292373657,10,1050
car,cuckoo,26,26,0,42,26,isolate_O,0.9905849421859466,0.9971098265895953,8.074087412971702,-5.340670826471257,57.21808433532715,10,100
car,sh,26,26,0,42,26,isolate_O,0.9905875582064562,0.9971098265895953,14.0383660367388,-5.5255230060130796,71.2622799873352,10,1050
car,cuckoo,27,27,0,42,27,isolate_O,0.9905875582064562,0.9971098265895953,7.679120789147477,-5.817700401497755,39.25562858581543,4,100
car,sh,27,27,0,42,27,isolate_O,0.9905875582064562,0.9971098265895953,8.482858820775848,-5.63679973929076,65.9728798866272,10,1050
car,cuckoo,28,28,0,42,28,isolate_O,0.9905875582064562,0.9971098265895953,10.626164125469522,-5.802126330243963,62.275612115859985,1,100
car,sh,28,28,0,42,28,isolate_O,0.9905875582064562,0.9971098265895953,14.154042460263842,-5.670798408194967,84.3197910785675,12,1050
car,cuckoo,29,29,0,42,29,isolate_O,0.9891408988646472,0.9971098265895953,9.00585983615384,-6.3173347938188495,90.28602385520935,1,100
car,sh,29,29,0,42,29,isolate_O,0.9905875582064562,0.9971098265895953,7.412600240887436,-5.4980594577899815,90.25028872489929,10,1050
ilpd,grid,0,0,0,42,0,isolate_O,0.7210706932052163,0.7094017094017094,1.666666666666667,3.0,13.19332242012024,1,100
ilpd,random,0,0,0,42,0,isolate_O,0.7189201555708078,0.7094017094017094,9.284825990982227,2.979246118221596,12.91628909111023,8,100
ilpd,bo_tpe,0,0,0,42,0,isolate_O,0.7253260123541525,0.717948717948718,-0.425313890561333,2.738921708012543,8.14786958694458,52,100
ilpd,pso,0,0,0,42,0,isolate_O,0.7253260123541525,0.717948717948718,-0.1454239353078201,2.997439975540942,8.830402374267578,43,100
ilpd,de,0,0,0,42,0,isolate_O,0.71459620224205,0.7094017094017094,7.739233746429086,-10.143839152250337,9.649427890777588,1,100
ilpd,ga,0,0,0,42,0,isolate_O,0.71459620224205,0.7094017094017094,7.739233746429086,-10.143839152250337,7.698957204818726,1,100
ilpd,sa,0,0,0,42,0,isolate_O,0.7189201555708078,0.7094017094017094,14.636834854537607,3.0,9.40609574317932,7,100
ilpd,grid,1,1,0,42,1,isolate_O,0.7210706932052163,0.7094017094017094,1.666666666666667,3.0,12.437201261520386,1,100
ilpd,random,1,1,0,42,1,isolate_O,0.725348890414093,0.7008547008547008,0.3985578353005214,1.1259519275292045,12.273295640945436,43,100
ilpd,bo_tpe,1,1,0,42,1,isolate_O,0.71459620224205,0.7094017094017094,-4.997712503653102,-9.558013692626885,6.010437488555908,2,100
ilpd,pso,1,1,0,42,1,isolate_O,0.71459620224205,0.7094017094017094,-3.643528356859616,-9.300157633984648,6.164298534393311,2,100
ilpd,de,1,1,0,42,1,isolate_O,0.7275223061084422,0.6923076923076923,0.4765121799967655,1.439723071662372,6.393447160720825,93,100
ilpd,ga,1,1,0,42,1,isolate_O,0.7253260123541525,0.7094017094017094,-0.2312615572902658,2.582701034975643,5.93852686882019,95,100
ilpd,sa,1,1,0,42,1,isolate_O,0.71459620224205,0.7094017094017094,4.014911848173926,-8.10827229230677,20.2581787109375,3,100
ilpd,grid,2,2,0,42,2,isolate_O,0.7210706932052163,0.7094017094017094,1.666666666666667,3.0,12.74451494216919,1,100
ilpd,random,2,2,0,42,2,isolate_O,0.727476549988561,0.6923076923076923,0.2755705856003949,1.450478588972377,11.62176275253296,56,100
ilpd,bo_tpe,2,2,0,42,2,isolate_O,0.7253717684740335,0.6923076923076923,0.320797106563044,1.3327838634294302,6.976529836654663,27,100
ilpd,pso,2,2,0,42,2,isolate_O,0.7189430336307483,0.717948717948718,2.517825297174398,2.9323769220038063,8.711613416671753,2,100
ilpd,de,2,2,0,42,2,isolate_O,0.71459620224205,0.7094017094017094,0.2322426849863283,-9.62715941854578,7.440590143203735,1,100
ilpd,ga,2,2,0,42,2,isolate_O,0.71459620224205,0.7094017094017094,0.2322426849863283,-9.62715941854578,7.034180641174316,1,100
ilpd,sa,2,2,0,42,2,isolate_O,0.71459620224205,0.7094017094017094,3.719898042840075,-14.533327827097956,7.23168420791626,1,100
ilpd,grid,3,3,0,42,3,isolate_O,0.7210706932052163,0.7094017094017094,1.666666666666667,3.0,12.376830577850342,1,100
ilpd,random,3,3,0,42,3,isolate_O,0.71459620224205,0.7094017094017094,0.818094778258887,-5.805103106442065,10.866685390472412,2,100
ilpd,bo_tpe,3,3,0,42,3,isolate_O,0.714641958361931,0.717948717948718,14.986663178231415,2.213953261725555,6.363565921783447,2,100
ilpd,pso,3,3,0,42,3,isolate_O,0.7231983527796844,0.7008547008547008,0.5004621982532385,1.7871470868769497,7.989486217498779,35,100
ilpd,de,3,3,0,42,3,isolate_O,0.7210249370853352,0.7008547008547008,-0.00739650388511,2.5222849457954304,8.166698932647705,1,100
ilpd,ga,3,3,0,42,3,isolate_O,0.7210478151452758,0.7008547008547008,0.7038063521183053,1.5466482818490424,7.300455331802368,1,100
ilpd,sa,3,3,0,42,3,isolate_O,0.7253260123541525,0.717948717948718,-0.0490869242981244,3.0,5.84975790977478,8,100
ilpd,grid,4,4,0,42,4,isolate_O,0.7210706932052163,0.7094017094017094,1.666666666666667,3.0,13.539784908294678,1,100
ilpd,random,4,4,0,42,4,isolate_O,0.71459620224205,0.7094017094017094,8.954576491945417,-11.110389079553226,11.491211891174316,3,100
ilpd,bo_tpe,4,4,0,42,4,isolate_O,0.71459620224205,0.7094017094017094,8.954576491945417,-11.110389079553226,9.959730386734009,3,100
ilpd,pso,4,4,0,42,4,isolate_O,0.71459620224205,0.7094017094017094,-2.343572142375703,-8.035798648826294,6.501890420913696,2,100
ilpd,de,4,4,0,42,4,isolate_O,0.7210706932052163,0.7094017094017094,0.3566678058317691,1.735944515545203,11.84407663345337,2,100
ilpd,ga,4,4,0,42,4,isolate_O,0.7318005033173188,0.6923076923076923,0.3566678058317691,1.301600692177143,12.244866847991943,82,100
ilpd,sa,4,4,0,42,4,isolate_O,0.71459620224205,0.7094017094017094,15.0,-14.66302834754363,16.708797931671143,11,100
ilpd,grid,5,5,0,42,5,isolate_O,0.7210706932052163,0.7094017094017094,1.666666666666667,3.0,12.709737062454224,1,100
ilpd,random,5,5,0,42,5,isolate_O,0.7189430336307483,0.717948717948718,10.117276625212284,2.8830721427880093,11.474688529968262,1,100
ilpd,bo_tpe,5,5,0,42,5,isolate_O,0.7296499656829102,0.7008547008547008,0.3203673684574165,1.5967554232057908,6.666716575622559,67,100
ilpd,pso,5,5,0,42,5,isolate_O,0.71459620224205,0.7094017094017094,9.623068561671587,-10.80738697118365,7.947681188583374,1,100
ilpd,de,5,5,0,42,5,isolate_O,0.727476549988561,0.7094017094017094,-0.1988080959397002,2.6847356470473285,6.465890407562256,27,100
ilpd,ga,5,5,0,42,5,isolate_O,0.7189201555708078,0.7094017094017094,12.533435675616207,2.9817949687186998,6.278960704803467,2,100
ilpd,sa,5,5,0,42,5,isolate_O,0.7253260123541525,0.717948717948718,-0.1446814486192908,3.0,5.631298780441284,16,100
ilpd,grid,6,6,0,42,6,isolate_O,0.7210706932052163,0.7094017094017094,1.666666666666667,3.0,12.452129602432253,1,100
ilpd,random,6,6,0,42,6,isolate_O,0.7167924959963397,0.717948717948718,9.345516929066388,2.895733891594876,9.41707706451416,2,100
ilpd,bo_tpe,6,6,0,42,6,isolate_O,0.7253717684740335,0.717948717948718,0.6521891221894656,2.400211788527834,6.953629732131958,18,100
ilpd,pso,6,6,0,42,6,isolate_O,0.71459620224205,0.7094017094017094,4.294445958099869,-9.84211263859868,9.313238382339478,2,100
ilpd,de,6,6,0,42,6,isolate_O,0.71459620224205,0.7094017094017094,5.763287029438864,-8.821124343359909,12.74481439590454,1,100
ilpd,ga,6,6,0,42,6,isolate_O,0.7167696179363992,0.7094017094017094,8.598353223280446,2.962747146410424,7.604862451553345,1,100
ilpd,sa,6,6,0,42,6,isolate_O,0.7231983527796844,0.7094017094017094,0.3010001115666775,3.0,10.682815313339232,89,100
ilpd,grid,7,7,0,42,7,isolate_O,0.7210706932052163,0.7094017094017094,1.666666666666667,3.0,12.649030685424805,1,100
ilpd,random,7,7,0,42,7,isolate_O,0.71459620224205,0.7094017094017094,-3.473834212520857,-0.9614617396779366,10.22270965576172,1,100
ilpd,bo_tpe,7,7,0,42,7,isolate_O,0.7189430336307483,0.717948717948718,12.979558643770424,2.883297797784656,8.486502408981323,1,100
ilpd,pso,7,7,0,42,7,isolate_O,0.7253717684740335,0.717948717948718,0.6464673031911485,2.423099368449658,6.603285551071167,17,100
ilpd,de,7,7,0,42,7,isolate_O,0.7189430336307483,0.717948717948718,4.324120506505782,2.917993433096617,8.473258972167969,2,100
ilpd,ga,7,7,0,42,7,isolate_O,0.7146190803019905,0.717948717948718,1.003325698224509,0.7239620171327132,6.277559280395508,2,100
ilpd,sa,7,7,0,42,7,isolate_O,0.7253260123541525,0.7008547008547008,-0.0885909657999803,2.53612113601346,7.128967761993408,9,100
ilpd,grid,8,8,0,42,8,isolate_O,0.7210706932052163,0.7094017094017094,1.666666666666667,3.0,12.998856782913208,1,100
ilpd,random,8,8,0,42,8,isolate_O,0.723221230839625,0.717948717948718,0.7964166819988012,2.136253699337491,10.380487203598022,1,100
ilpd,bo_tpe,8,8,0,42,8,isolate_O,0.727476549988561,0.7008547008547008,-0.3407280565533383,2.1882402384379462,7.893333911895752,33,100
ilpd,pso,8,8,0,42,8,isolate_O,0.7210935712651569,0.717948717948718,2.6421367369068807,2.8769338653994536,9.60319995880127,1,100
ilpd,de,8,8,0,42,8,isolate_O,0.727476549988561,0.717948717948718,-0.1729570983063544,2.9325274652458315,6.036951541900635,26,100
ilpd,ga,8,8,0,42,8,isolate_O,0.7210935712651569,0.717948717948718,1.834922887569543,2.89182823378316,6.817394495010376,1,100
ilpd,sa,8,8,0,42,8,isolate_O,0.7210706932052163,0.7094017094017094,1.6911999728937284,3.0,6.438435792922974,1,100
ilpd,grid,9,9,0,42,9,isolate_O,0.7210706932052163,0.7094017094017094,1.666666666666667,3.0,12.462054252624512,1,100
ilpd,random,9,9,0,42,9,isolate_O,0.7167924959963397,0.7350427350427351,6.203712446041141,2.418941275063304,9.436816453933716,1,100
ilpd,bo_tpe,9,9,0,42,9,isolate_O,0.7189430336307483,0.717948717948718,11.293446311702114,2.9160354236886845,7.073232173919678,1,100
ilpd,pso,9,9,0,42,9,isolate_O,0.71459620224205,0.7094017094017094,0.0055578922324759,-14.279049357096596,6.4689531326293945,1,100
ilpd,de,9,9,0,42,9,isolate_O,0.71459620224205,0.7094017094017094,-4.468245310648056,-7.129535997668843,6.693729877471924,5,100
ilpd,ga,9,9,0,42,9,isolate_O,0.7167696179363992,0.7094017094017094,0.4587922028911162,0.6832401144646822,7.450121641159058,5,100
ilpd,sa,9,9,0,42,9,isolate_O,0.7253260123541525,0.717948717948718,-0.0137036585697876,3.0,5.553899049758911,53,100
ilpd,grid,10,10,0,42,10,isolate_O,0.7210706932052163,0.7094017094017094,1.666666666666667,3.0,12.628910064697266,1,100
ilpd,random,10,10,0,42,10,isolate_O,0.71459620224205,0.7094017094017094,10.42641286533492,-14.626464911530771,10.003480672836304,1,100
ilpd,bo_tpe,10,10,0,42,10,isolate_O,0.714641958361931,0.717948717948718,10.2905591648917,2.191476743840136,8.07464075088501,1,100
ilpd,pso,10,10,0,42,10,isolate_O,0.71459620224205,0.7094017094017094,-2.4322494802766856,-7.853977388969538,6.003982067108154,1,100
ilpd,de,10,10,0,42,10,isolate_O,0.7253260123541525,0.7008547008547008,-0.0668266186108788,2.4569466277137906,6.832966327667236,28,100
ilpd,ga,10,10,0,42,10,isolate_O,0.727476549988561,0.7008547008547008,-0.2076431585607456,2.3463624989879754,7.041396856307983,41,100
ilpd,sa,10,10,0,42,10,isolate_O,0.7210706932052163,0.7094017094017094,2.6332097784735478,3.0,24.311989068984985,1,100
ilpd,grid,11,11,0,42,11,isolate_O,0.7210706932052163,0.7094017094017094,1.666666666666667,3.0,13.200117349624634,1,100
ilpd,random,11,11,0,42,11,isolate_O,0.714641958361931,0.717948717948718,7.844297174821103,2.2339929508671936,9.36718487739563,1,100
ilpd,bo_tpe,11,11,0,42,11,isolate_O,0.7253260123541525,0.7008547008547008,-0.1458570480290641,2.395864550702406,6.24934720993042,13,100
ilpd,pso,11,11,0,42,11,isolate_O,0.7296499656829102,0.6923076923076923,0.4465714750097437,1.357350079422007,6.781789064407349,78,100
ilpd,de,11,11,0,42,11,isolate_O,0.71459620224205,0.7094017094017094,-2.428595944616008,-6.0129984760779305,11.647300243377686,1,100
ilpd,ga,11,11,0,42,11,isolate_O,0.714641958361931,0.717948717948718,2.702340456323494,2.1326900216995743,12.578579902648926,1,100
ilpd,sa,11,11,0,42,11,isolate_O,0.71459620224205,0.7094017094017094,-1.394606222464616,-14.649445653222758,5.344577789306641,1,100
ilpd,grid,12,12,0,42,12,isolate_O,0.7210706932052163,0.7094017094017094,1.666666666666667,3.0,12.824468612670898,1,100
ilpd,random,12,12,0,42,12,isolate_O,0.7189430336307483,0.717948717948718,3.012632547233471,2.9124868860940545,8.6417818069458,1,100
ilpd,bo_tpe,12,12,0,42,12,isolate_O,0.7253260123541525,0.7008547008547008,-0.0896076490828421,2.581968013246352,7.302981615066528,64,100
ilpd,pso,12,12,0,42,12,isolate_O,0.71459620224205,0.7094017094017094,10.080990705981757,-11.71292328277154,10.695246458053589,2,100
ilpd,de,12,12,0,42,12,isolate_O,0.7210478151452758,0.7094017094017094,0.1272890251891318,1.8417352978805268,6.212436676025391,1,100
ilpd,ga,12,12,0,42,12,isolate_O,0.7274994280485017,0.6923076923076923,0.3237170098061539,1.1483437232247222,6.111359596252441,29,100
ilpd,sa,12,12,0,42,12,isolate_O,0.71459620224205,0.7094017094017094,-1.9167431524065528,-1.679105462722715,5.375152826309204,1,100
ilpd,grid,13,13,0,42,13,isolate_O,0.7210706932052163,0.7094017094017094,1.666666666666667,3.0,13.347360372543337,1,100
ilpd,random,13,13,0,42,13,isolate_O,0.7188743994509267,0.7008547008547008,-0.4682424620114318,0.7037735222177126,11.858031511306764,1,100
ilpd,bo_tpe,13,13,0,42,13,isolate_O,0.71459620224205,0.7094017094017094,10.554048211476402,-10.72425803937158,10.408697128295898,1,100
ilpd,pso,13,13,0,42,13,isolate_O,0.727476549988561,0.717948717948718,-0.2212486605987598,2.9718335780061635,9.560998916625977,40,100
ilpd,de,13,13,0,42,13,isolate_O,0.7253260123541525,0.717948717948718,-0.0344161022665616,2.971734597357998,13.260005712509155,24,100
ilpd,ga,13,13,0,42,13,isolate_O,0.7189430336307483,0.717948717948718,9.743004452415672,2.9017337519945734,9.753706216812134,3,100
ilpd,sa,13,13,0,42,13,isolate_O,0.71459620224205,0.7094017094017094,10.554048211476402,-10.72425803937158,8.388176679611206,1,100
ilpd,grid,14,14,0,42,14,isolate_O,0.7210706932052163,0.7094017094017094,1.666666666666667,3.0,12.448156833648682,1,100
ilpd,random,14,14,0,42,14,isolate_O,0.7189430336307483,0.717948717948718,13.7001393660168,2.910905453224828,11.096439361572266,2,100
ilpd,bo_tpe,14,14,0,42,14,isolate_O,0.7231983527796844,0.7008547008547008,0.2407764003153231,1.5113460799989815,11.38697075843811,3,100
ilpd,pso,14,14,0,42,14,isolate_O,0.7210706932052163,0.7094017094017094,2.2073952619547548,2.9999070071305813,8.453351974487305,2,100
ilpd,de,14,14,0,42,14,isolate_O,0.71459620224205,0.7094017094017094,9.926447201826234,-13.855849455494456,11.26930546760559,6,100
ilpd,ga,14,14,0,42,14,isolate_O,0.71459620224205,0.7094017094017094,9.926447201826234,-13.855849455494456,7.802415609359741,6,100
ilpd,sa,14,14,0,42,14,isolate_O,0.71459620224205,0.7094017094017094,9.610906012071553,-10.357923195891866,6.754579782485962,7,100
ilpd,grid,15,15,0,42,15,isolate_O,0.7210706932052163,0.7094017094017094,1.666666666666667,3.0,13.615423202514648,1,100
ilpd,random,15,15,0,42,15,isolate_O,0.7167924959963397,0.7264957264957265,10.9477099157076,2.4443590275112683,10.22986888885498,1,100
ilpd,bo_tpe,15,15,0,42,15,isolate_O,0.7189430336307483,0.717948717948718,7.165973062211757,2.901658869874161,7.513472318649292,1,100
ilpd,pso,15,15,0,42,15,isolate_O,0.7189430336307483,0.717948717948718,7.859285352292442,2.881893398525513,7.432492017745972,1,100
ilpd,de,15,15,0,42,15,isolate_O,0.727476549988561,0.717948717948718,-0.1458482080552832,2.8333431525851576,5.917076349258423,36,100
ilpd,ga,15,15,0,42,15,isolate_O,0.7189430336307483,0.717948717948718,2.224845588856177,2.931413829987504,5.75626802444458,2,100
ilpd,sa,15,15,0,42,15,isolate_O,0.71459620224205,0.7094017094017094,11.976353945371574,-11.779873351422028,8.8629629611969,1,100
ilpd,grid,16,16,0,42,16,isolate_O,0.7210706932052163,0.7094017094017094,1.666666666666667,3.0,13.001341819763184,1,100
ilpd,random,16,16,0,42,16,isolate_O,0.7146648364218715,0.717948717948718,9.54583780435816,2.7792023939731934,11.244747400283812,1,100
ilpd,bo_tpe,16,16,0,42,16,isolate_O,0.723221230839625,0.7094017094017094,0.2731606720666348,1.7588952658499486,8.90100622177124,86,100
ilpd,pso,16,16,0,42,16,isolate_O,0.71459620224205,0.7094017094017094,12.136887377743165,-12.805198413812953,21.760409593582157,1,100
ilpd,de,16,16,0,42,16,isolate_O,0.71459620224205,0.7094017094017094,-3.118523490769509,-8.734568092152081,10.206199645996094,2,100
ilpd,ga,16,16,0,42,16,isolate_O,0.71459620224205,0.7094017094017094,-3.118523490769509,-8.734568092152081,7.61690092086792,2,100
ilpd,sa,16,16,0,42,16,isolate_O,0.7274994280485017,0.7008547008547008,0.3763258738869479,1.1238584215975689,6.373115301132202,88,100
ilpd,grid,17,17,0,42,17,isolate_O,0.7210706932052163,0.7094017094017094,1.666666666666667,3.0,14.32096004486084,1,100
ilpd,random,17,17,0,42,17,isolate_O,0.7253260123541525,0.6923076923076923,-0.2893761621117541,2.159448453138644,10.50271463394165,68,100
ilpd,bo_tpe,17,17,0,42,17,isolate_O,0.7318005033173188,0.6923076923076923,0.3336350986232597,1.273318585841505,7.554564476013184,98,100
ilpd,pso,17,17,0,42,17,isolate_O,0.723221230839625,0.7264957264957265,0.7065166477324425,2.1592601611503497,8.317670583724976,7,100
ilpd,de,17,17,0,42,17,isolate_O,0.7253260123541525,0.717948717948718,-0.015369846136477,2.9888103687634144,11.325223922729492,46,100
ilpd,ga,17,17,0,42,17,isolate_O,0.7318005033173188,0.6923076923076923,0.3294174206323008,1.27635747708285,7.76935338973999,37,100
ilpd,sa,17,17,0,42,17,isolate_O,0.727476549988561,0.7008547008547008,-0.2190491589770875,2.4065225937059607,8.623011827468872,25,100
ilpd,grid,18,18,0,42,18,isolate_O,0.7210706932052163,0.7094017094017094,1.666666666666667,3.0,17.0154767036438,1,100
ilpd,random,18,18,0,42,18,isolate_O,0.7188972775108672,0.7094017094017094,0.6577232906995523,2.981350527904926,12.16732692718506,2,100
ilpd,bo_tpe,18,18,0,42,18,isolate_O,0.7189430336307483,0.717948717948718,4.737842610788472,2.9016134141092795,8.84457540512085,2,100
ilpd,pso,18,18,0,42,18,isolate_O,0.7189430336307483,0.717948717948718,12.346338665457573,2.911713137926054,12.756394147872925,7,100
ilpd,de,18,18,0,42,18,isolate_O,0.7253717684740335,0.7008547008547008,0.5006076346672099,1.9212429815390704,8.585593461990356,54,100
ilpd,ga,18,18,0,42,18,isolate_O,0.71459620224205,0.7094017094017094,0.6164665607200686,-13.510951476033906,11.15293836593628,2,100
ilpd,sa,18,18,0,42,18,isolate_O,0.7189201555708078,0.7094017094017094,15.0,3.0,8.842381954193115,19,100
ilpd,grid,19,19,0,42,19,isolate_O,0.7210706932052163,0.7094017094017094,1.666666666666667,3.0,12.583654403686523,1,100
ilpd,random,19,19,0,42,19,isolate_O,0.7167924959963397,0.7350427350427351,9.566188926572554,2.4126290159284665,9.936628580093384,1,100
ilpd,bo_tpe,19,19,0,42,19,isolate_O,0.727476549988561,0.7094017094017094,-0.2854671216473106,2.380400185872758,8.551332712173462,92,100
ilpd,pso,19,19,0,42,19,isolate_O,0.7189430336307483,0.717948717948718,6.992007115588865,2.9243317452268465,9.48255467414856,1,100
ilpd,de,19,19,0,42,19,isolate_O,0.7189430336307483,0.7094017094017094,0.4784953727485441,2.1751458818427416,9.817581415176392,2,100
ilpd,ga,19,19,0,42,19,isolate_O,0.7253717684740335,0.7094017094017094,0.3514451220117651,1.6656482067006664,7.303556203842163,37,100
ilpd,sa,19,19,0,42,19,isolate_O,0.727476549988561,0.717948717948718,-0.1920064807567525,3.0,6.137491226196289,62,100
ilpd,grid,20,20,0,42,20,isolate_O,0.7210706932052163,0.7094017094017094,1.666666666666667,3.0,13.304362297058104,1,100
ilpd,random,20,20,0,42,20,isolate_O,0.71459620224205,0.7094017094017094,-4.282208287662934,-2.54836352834009,11.856780529022217,3,100
ilpd,bo_tpe,20,20,0,42,20,isolate_O,0.7274994280485017,0.7008547008547008,0.4580357227818779,1.288372301599458,8.549583435058594,17,100
ilpd,pso,20,20,0,42,20,isolate_O,0.7189430336307483,0.717948717948718,7.386472151198884,2.913363132011463,7.052635192871094,1,100
ilpd,de,20,20,0,42,20,isolate_O,0.71459620224205,0.7094017094017094,0.6015192526031861,-6.699359223547042,6.507579565048218,1,100
ilpd,ga,20,20,0,42,20,isolate_O,0.71459620224205,0.7094017094017094,0.6015192526031861,-6.699359223547042,6.527381420135498,1,100
ilpd,sa,20,20,0,42,20,isolate_O,0.71459620224205,0.7094017094017094,2.349427360148312,-6.35263894537591,6.177302122116089,12,100
ilpd,grid,21,21,0,42,21,isolate_O,0.7210706932052163,0.7094017094017094,1.666666666666667,3.0,12.95785927772522,1,100
ilpd,random,21,21,0,42,21,isolate_O,0.7189430336307483,0.717948717948718,1.0505814613180338,2.435950284608566,9.709790468215942,1,100
ilpd,bo_tpe,21,21,0,42,21,isolate_O,0.727476549988561,0.717948717948718,-0.3205046803343001,2.5708926216784853,6.634686231613159,67,100
ilpd,pso,21,21,0,42,21,isolate_O,0.727476549988561,0.717948717948718,-0.2893432196350729,2.8795607780871,7.866721868515015,56,100
ilpd,de,21,21,0,42,21,isolate_O,0.71459620224205,0.7094017094017094,9.196023808168505,-13.39623828740024,10.69826364517212,2,100
ilpd,ga,21,21,0,42,21,isolate_O,0.71459620224205,0.7094017094017094,9.196023808168505,-13.39623828740024,7.08570122718811,2,100
ilpd,sa,21,21,0,42,21,isolate_O,0.7167467398764586,0.6923076923076923,-1.3914370157665443,0.3194725889903158,4.987883806228638,1,100
ilpd,grid,22,22,0,42,22,isolate_O,0.7210706932052163,0.7094017094017094,1.666666666666667,3.0,12.943748712539673,1,100
ilpd,random,22,22,0,42,22,isolate_O,0.7210478151452758,0.7008547008547008,0.2244639012206857,2.9662865061359973,8.911606788635254,1,100
ilpd,bo_tpe,22,22,0,42,22,isolate_O,0.7189430336307483,0.717948717948718,11.790385512241624,2.909973246226875,8.456356048583984,1,100
ilpd,pso,22,22,0,42,22,isolate_O,0.7189430336307483,0.717948717948718,14.68368032314726,2.909869838262077,14.41886019706726,1,100
ilpd,de,22,22,0,42,22,isolate_O,0.727476549988561,0.717948717948718,-0.1960388294098094,2.927355371970858,7.342583417892456,61,100
ilpd,ga,22,22,0,42,22,isolate_O,0.7210706932052163,0.7094017094017094,2.0069761657693546,2.984973133243645,6.310303449630737,1,100
ilpd,sa,22,22,0,42,22,isolate_O,0.71459620224205,0.7094017094017094,-0.8307892528231475,-6.329740888259414,6.096726894378662,1,100
ilpd,grid,23,23,0,42,23,isolate_O,0.7210706932052163,0.7094017094017094,1.666666666666667,3.0,12.725074529647827,1,100
ilpd,random,23,23,0,42,23,isolate_O,0.714641958361931,0.717948717948718,4.661103708858828,2.2033171395873445,13.217983484268188,4,100
ilpd,bo_tpe,23,23,0,42,23,isolate_O,0.723221230839625,0.7008547008547008,0.4536364679718628,1.726108150640212,6.957970857620239,31,100
ilpd,pso,23,23,0,42,23,isolate_O,0.7210706932052163,0.717948717948718,1.779794925786752,2.9467694525982724,6.633365631103516,1,100
ilpd,de,23,23,0,42,23,isolate_O,0.71459620224205,0.7094017094017094,-2.4271155136472755,-12.953255097636072,6.961396932601929,2,100
ilpd,ga,23,23,0,42,23,isolate_O,0.71459620224205,0.7094017094017094,-2.4271155136472755,-12.953255097636072,7.422659635543823,2,100
ilpd,sa,23,23,0,42,23,isolate_O,0.7210706932052163,0.7094017094017094,2.288304909474886,3.0,6.520287275314331,2,100
ilpd,grid,24,24,0,42,24,isolate_O,0.7210706932052163,0.7094017094017094,1.666666666666667,3.0,12.91720199584961,1,100
ilpd,random,24,24,0,42,24,isolate_O,0.7189430336307483,0.717948717948718,9.735028987658804,2.918112138592484,10.606698274612429,5,100
ilpd,bo_tpe,24,24,0,42,24,isolate_O,0.71459620224205,0.7094017094017094,-2.2691084035295077,-8.088359817271197,6.677865982055664,5,100
ilpd,pso,24,24,0,42,24,isolate_O,0.71459620224205,0.7094017094017094,8.3561350726347,-14.962278925411177,8.64691686630249,4,100
ilpd,de,24,24,0,42,24,isolate_O,0.71459620224205,0.7094017094017094,1.6053767333863078,-7.706808318495411,9.911291360855104,1,100
ilpd,ga,24,24,0,42,24,isolate_O,0.71459620224205,0.7094017094017094,1.6053767333863078,-7.706808318495411,8.26118779182434,1,100
ilpd,sa,24,24,0,42,24,isolate_O,0.71459620224205,0.7094017094017094,9.846282399456843,-13.369154836437405,21.59422826766968,29,100
ilpd,grid,25,25,0,42,25,isolate_O,0.7210706932052163,0.7094017094017094,1.666666666666667,3.0,12.899327516555786,1,100
ilpd,random,25,25,0,42,25,isolate_O,0.7167696179363992,0.7094017094017094,2.660962563387381,2.9557361257964523,11.067647218704224,2,100
ilpd,bo_tpe,25,25,0,42,25,isolate_O,0.7146190803019905,0.717948717948718,1.0301269968102689,2.0488827394628384,7.092608213424683,2,100
ilpd,pso,25,25,0,42,25,isolate_O,0.7274994280485017,0.6923076923076923,0.3731926335538302,1.2601227302917466,8.996502161026001,34,100
ilpd,de,25,25,0,42,25,isolate_O,0.71459620224205,0.7094017094017094,-1.7855753353598436,-14.994383366921934,5.322548389434815,1,100
ilpd,ga,25,25,0,42,25,isolate_O,0.71459620224205,0.7094017094017094,-1.7855753353598436,-14.994383366921934,5.539788246154785,1,100
ilpd,sa,25,25,0,42,25,isolate_O,0.71459620224205,0.7094017094017094,15.0,-15.0,7.896211624145508,6,100
ilpd,grid,26,26,0,42,26,isolate_O,0.7210706932052163,0.7094017094017094,1.666666666666667,3.0,12.64833950996399,1,100
ilpd,random,26,26,0,42,26,isolate_O,0.723221230839625,0.6923076923076923,0.4290141399075438,2.026379623126552,13.15867519378662,41,100
ilpd,bo_tpe,26,26,0,42,26,isolate_O,0.7253717684740335,0.7094017094017094,0.5319637956952346,2.0151600410769523,7.185193061828613,25,100
ilpd,pso,26,26,0,42,26,isolate_O,0.71459620224205,0.7094017094017094,-0.7557626422089667,-12.339541243857314,6.588099479675293,2,100
ilpd,de,26,26,0,42,26,isolate_O,0.727476549988561,0.7094017094017094,-0.1931468176240258,2.696435448532285,10.61290192604065,11,100
ilpd,ga,26,26,0,42,26,isolate_O,0.7296499656829102,0.6923076923076923,0.4268999952145714,1.4216904036378586,8.06380558013916,63,100
ilpd,sa,26,26,0,42,26,isolate_O,0.71459620224205,0.7094017094017094,1.1586990524994167,-5.650953372504587,5.234594345092773,1,100
ilpd,grid,27,27,0,42,27,isolate_O,0.7210706932052163,0.7094017094017094,1.666666666666667,3.0,12.618036031723022,1,100
ilpd,random,27,27,0,42,27,isolate_O,0.71459620224205,0.7094017094017094,-1.264883130571739,-9.139799094103518,14.565452337265016,3,100
ilpd,bo_tpe,27,27,0,42,27,isolate_O,0.71459620224205,0.7094017094017094,-1.264883130571739,-9.139799094103518,6.741469383239746,3,100
ilpd,pso,27,27,0,42,27,isolate_O,0.71459620224205,0.7094017094017094,11.9797064268021,-13.23243783761475,11.125030517578123,2,100
ilpd,de,27,27,0,42,27,isolate_O,0.723221230839625,0.7094017094017094,0.4554224587980322,2.356854397148663,7.510082960128784,5,100
ilpd,ga,27,27,0,42,27,isolate_O,0.723221230839625,0.7094017094017094,0.6021771967494994,1.981482809340928,7.247633695602417,5,100
ilpd,sa,27,27,0,42,27,isolate_O,0.7189430336307483,0.717948717948718,9.440827304086987,2.8792944550108417,16.4904363155365,10,100
ilpd,grid,28,28,0,42,28,isolate_O,0.7210706932052163,0.7094017094017094,1.666666666666667,3.0,12.507927894592283,1,100
ilpd,random,28,28,0,42,28,isolate_O,0.7210249370853352,0.7008547008547008,0.0236522785136656,2.7915309125692183,11.10757064819336,2,100
ilpd,bo_tpe,28,28,0,42,28,isolate_O,0.727476549988561,0.717948717948718,-0.1839195149365426,2.9700452132279147,6.636103391647339,33,100
ilpd,pso,28,28,0,42,28,isolate_O,0.7189201555708078,0.717948717948718,0.7794804663126005,2.3609927887133573,7.466837644577026,1,100
ilpd,de,28,28,0,42,28,isolate_O,0.7253260123541525,0.6923076923076923,-0.1444860860931154,2.2945988930182217,8.425411939620972,56,100
ilpd,ga,28,28,0,42,28,isolate_O,0.7189430336307483,0.717948717948718,7.442570202727257,2.9108085704053077,8.929661989212036,2,100
ilpd,sa,28,28,0,42,28,isolate_O,0.71459620224205,0.7094017094017094,5.201080975543736,-7.796220038624261,6.159358739852905,5,100
ilpd,grid,29,29,0,42,29,isolate_O,0.7210706932052163,0.7094017094017094,1.666666666666667,3.0,12.69476556777954,1,100
ilpd,random,29,29,0,42,29,isolate_O,0.7146648364218715,0.7094017094017094,1.1507487745857503,2.7285473738832167,11.195586204528809,2,100
ilpd,bo_tpe,29,29,0,42,29,isolate_O,0.71459620224205,0.7094017094017094,-3.5348722383252795,-1.26173032205487,8.436672687530518,2,100
ilpd,pso,29,29,0,42,29,isolate_O,0.71459620224205,0.7094017094017094,-1.213899623461836,-4.464263277551398,8.23902940750122,2,100
ilpd,de,29,29,0,42,29,isolate_O,0.7253260123541525,0.717948717948718,-0.371202949801745,2.840843451391451,9.752591609954834,53,100
ilpd,ga,29,29,0,42,29,isolate_O,0.7189430336307483,0.717948717948718,6.198277367264993,2.914439509142848,7.793592214584351,1,100
ilpd,sa,29,29,0,42,29,isolate_O,0.71459620224205,0.7094017094017094,15.0,-13.72685251821672,13.9702045917511,2,100
ilpd,cuckoo,0,0,0,42,0,isolate_O,0.7210706932052163,0.7094017094017094,2.4351040165172204,3.0,20.41443705558777,8,100
ilpd,sh,0,0,0,42,0,isolate_O,0.7666666666666666,0.7264957264957265,4.123006644330971,-4.768188920364327,50.80290102958679,1,1050
ilpd,cuckoo,1,1,0,42,1,isolate_O,0.7210706932052163,0.7094017094017094,2.2708999326312727,3.0,10.417784929275513,2,100
ilpd,sh,1,1,0,42,1,isolate_O,0.8166666666666667,0.7264957264957265,1.9139764235100465,-2.850511113436106,67.23136377334595,50,1050
ilpd,cuckoo,2,2,0,42,2,isolate_O,0.7189201555708078,0.7094017094017094,7.44344817983867,3.0,11.132997035980225,1,100
ilpd,sh,2,2,0,42,2,isolate_O,0.8166666666666667,0.7350427350427351,1.7543924141231386,-3.072566388572138,80.90079474449158,27,1050
ilpd,cuckoo,3,3,0,42,3,isolate_O,0.7210706932052163,0.7094017094017094,2.463422245996065,3.0,12.073810577392578,2,100
ilpd,sh,3,3,0,42,3,isolate_O,0.8166666666666667,0.7264957264957265,2.4720024829785654,-2.973573514765185,71.36496448516846,2,1050
ilpd,cuckoo,4,4,0,42,4,isolate_O,0.7210706932052163,0.7094017094017094,2.256098297018429,3.0,22.537827014923096,3,100
ilpd,sh,4,4,0,42,4,isolate_O,0.8166666666666667,0.7264957264957265,2.16205597877466,-2.7406812275959673,59.12631440162659,39,1050
ilpd,cuckoo,5,5,0,42,5,isolate_O,0.7189201555708078,0.7094017094017094,3.943815077197363,3.0,20.48379683494568,1,100
ilpd,sh,5,5,0,42,5,isolate_O,0.8166666666666667,0.7264957264957265,2.364848036518352,-3.249062152303635,49.71979093551636,25,1050
ilpd,cuckoo,6,6,0,42,6,isolate_O,0.7189201555708078,0.7094017094017094,4.138295224642368,3.0,13.827064037322998,2,100
ilpd,sh,6,6,0,42,6,isolate_O,0.8166666666666667,0.7264957264957265,2.163987897730495,-2.7009101601367718,83.58809089660645,37,1050
ilpd,cuckoo,7,7,0,42,7,isolate_O,0.71459620224205,0.7094017094017094,-3.4738342125208566,-0.9614617396779366,20.601912260055542,1,100
ilpd,sh,7,7,0,42,7,isolate_O,0.7666666666666666,0.7094017094017094,13.182567497734624,-12.602949976333498,82.29683017730713,1,1050
ilpd,cuckoo,8,8,0,42,8,isolate_O,0.7210706932052163,0.7094017094017094,1.7421970726646512,3.0,16.642441749572754,1,100
ilpd,sh,8,8,0,42,8,isolate_O,0.8166666666666667,0.7350427350427351,1.819848910969566,-3.09227580375482,61.95520257949829,38,1050
ilpd,cuckoo,9,9,0,42,9,isolate_O,0.7189201555708078,0.7094017094017094,15.0,3.0,29.07666325569153,1,100
ilpd,sh,9,9,0,42,9,isolate_O,0.8166666666666667,0.717948717948718,2.657419118160016,-3.789951346470872,65.14061641693115,38,1050
ilpd,cuckoo,10,10,0,42,10,isolate_O,0.7189201555708078,0.7094017094017094,11.303771039644472,3.0,17.847920656204224,1,100
ilpd,sh,10,10,0,42,10,isolate_O,0.8166666666666667,0.7264957264957265,1.8798658791611311,-2.8141298692153836,69.35280680656433,73,1050
ilpd,cuckoo,11,11,0,42,11,isolate_O,0.7189201555708078,0.7094017094017094,14.937937632137054,3.0,15.798152208328247,1,100
ilpd,sh,11,11,0,42,11,isolate_O,0.8166666666666667,0.7264957264957265,2.4867113673971115,-2.972921599181179,62.92599272727966,14,1050
ilpd,cuckoo,12,12,0,42,12,isolate_O,0.723221230839625,0.7008547008547008,0.4165029332337724,2.25636847343805,18.629669666290283,34,100
ilpd,sh,12,12,0,42,12,isolate_O,0.8166666666666667,0.7264957264957265,1.9498836928819063,-3.098159372398465,64.99296927452087,15,1050
ilpd,cuckoo,13,13,0,42,13,isolate_O,0.7189201555708078,0.7094017094017094,15.0,3.0,17.881975412368774,1,100
ilpd,sh,13,13,0,42,13,isolate_O,0.8166666666666667,0.7350427350427351,1.9667043433265574,-3.1465568474436196,64.13002467155457,39,1050
ilpd,cuckoo,14,14,0,42,14,isolate_O,0.7189201555708078,0.7094017094017094,10.756229235717718,3.0,26.89217448234558,2,100
ilpd,sh,14,14,0,42,14,isolate_O,0.7666666666666666,0.7094017094017094,12.409989105435002,-13.01799879138117,65.39930033683777,1,1050
ilpd,cuckoo,15,15,0,42,15,isolate_O,0.7189430336307483,0.717948717948718,3.982095443550024,2.911652773897641,24.591838359832764,1,100
ilpd,sh,15,15,0,42,15,isolate_O,0.7666666666666666,0.7094017094017094,11.976353945371574,-11.779873351422028,53.50156211853027,1,1050
ilpd,cuckoo,16,16,0,42,16,isolate_O,0.7189201555708078,0.7094017094017094,11.23644034840964,3.0,13.064391851425171,1,100
ilpd,sh,16,16,0,42,16,isolate_O,0.8166666666666667,0.7350427350427351,1.781607987601861,-3.145654025306806,52.64422297477722,13,1050
ilpd,cuckoo,17,17,0,42,17,isolate_O,0.7189201555708078,0.7094017094017094,8.595047754397433,3.0,30.20835828781128,1,100
ilpd,sh,17,17,0,42,17,isolate_O,0.8166666666666667,0.717948717948718,2.715441651754455,-3.8652235526483505,49.057772636413574,37,1050
ilpd,cuckoo,18,18,0,42,18,isolate_O,0.7210706932052163,0.7094017094017094,1.9713264818198781,3.0,17.959866285324097,2,100
ilpd,sh,18,18,0,42,18,isolate_O,0.8166666666666667,0.7264957264957265,2.7167228532577825,-3.2077608263728994,61.700721740722656,98,1050
ilpd,cuckoo,19,19,0,42,19,isolate_O,0.7189201555708078,0.7094017094017094,11.561736330458515,3.0,11.290839910507202,1,100
ilpd,sh,19,19,0,42,19,isolate_O,0.8166666666666667,0.7264957264957265,1.6619139896727724,-2.8386282701295045,61.87506103515625,2,1050
ilpd,cuckoo,20,20,0,42,20,isolate_O,0.7189430336307483,0.7008547008547008,0.3233387643900425,1.8465875914590253,15.1383216381073,3,100
ilpd,sh,20,20,0,42,20,isolate_O,0.8166666666666667,0.7350427350427351,2.217416791065581,-3.4896389886045824,290.58566403388977,14,1050
ilpd,cuckoo,21,21,0,42,21,isolate_O,0.7210706932052163,0.7094017094017094,2.6136418265623726,3.0,16.484097003936768,1,100
ilpd,sh,21,21,0,42,21,isolate_O,0.7666666666666666,0.7094017094017094,12.146847208076494,-11.818867870846947,92.84959077835083,2,1050
ilpd,cuckoo,22,22,0,42,22,isolate_O,0.7253260123541525,0.7094017094017094,-0.26850047003972655,2.446715310518733,12.43921446800232,29,100
ilpd,sh,22,22,0,42,22,isolate_O,0.8166666666666667,0.717948717948718,2.743669607620445,-3.9262951483249875,58.38052463531494,1,1050
ilpd,cuckoo,23,23,0,42,23,isolate_O,0.7210706932052163,0.7094017094017094,2.448140980518513,3.0,14.891637563705444,4,100
ilpd,sh,23,23,0,42,23,isolate_O,0.7666666666666666,0.7008547008547008,7.361046945056184,-7.585258292542572,64.33364129066467,1,1050
ilpd,cuckoo,24,24,0,42,24,isolate_O,0.7189201555708078,0.7094017094017094,13.928982583126817,3.0,47.10067319869995,5,100
ilpd,sh,24,24,0,42,24,isolate_O,0.7666666666666666,0.7350427350427351,3.044368291615422,-3.761248881122061,65.3192720413208,1,1050
ilpd,cuckoo,25,25,0,42,25,isolate_O,0.7210249370853352,0.7094017094017094,0.012688282055007272,2.894074716648676,18.877857446670532,2,100
ilpd,sh,25,25,0,42,25,isolate_O,0.8166666666666667,0.7350427350427351,2.0943158299805393,-3.2637957624437686,58.95624852180481,97,1050
ilpd,cuckoo,26,26,0,42,26,isolate_O,0.7189201555708078,0.7094017094017094,6.971590432696601,3.0,25.093093395233154,1,100
ilpd,sh,26,26,0,42,26,isolate_O,0.8166666666666667,0.7264957264957265,2.726916683207916,-3.343955085389588,51.564388275146484,25,1050
ilpd,cuckoo,27,27,0,42,27,isolate_O,0.7189201555708078,0.7094017094017094,15.0,3.0,12.804400205612183,8,100
ilpd,sh,27,27,0,42,27,isolate_O,0.8166666666666667,0.7264957264957265,2.158018123115591,-3.0568874760489493,50.36054873466492,26,1050
ilpd,cuckoo,28,28,0,42,28,isolate_O,0.7210706932052163,0.7094017094017094,2.4146038378106436,3.0,13.221583366394043,2,100
ilpd,sh,28,28,0,42,28,isolate_O,0.8166666666666667,0.7350427350427351,2.6374504455038927,-3.6573056872043104,58.00860285758972,2,1050
ilpd,cuckoo,29,29,0,42,29,isolate_O,0.7189201555708078,0.7094017094017094,15.0,3.0,17.71707797050476,2,100
ilpd,sh,29,29,0,42,29,isolate_O,0.8166666666666667,0.7264957264957265,2.1924362977822875,-3.2352184018266055,63.2404408454895,2,1050
qsar-biodeg,grid,0,0,0,42,0,isolate_O,0.89339954916878,0.8720379146919431,3.888888888888889,-5.0,17.595412731170654,46,100
qsar-biodeg,random,0,0,0,42,0,isolate_O,0.8969498450267681,0.8767772511848341,4.123006644330971,-4.768188920364327,15.3464252948761,2,100
qsar-biodeg,bo_tpe,0,0,0,42,0,isolate_O,0.9005071851225697,0.8720379146919431,4.633719157563142,-5.7244334114343,14.80129623413086,19,100
qsar-biodeg,pso,0,0,0,42,0,isolate_O,0.9005071851225697,0.8672985781990521,6.652829708621542,-6.647865922116507,12.815157651901243,27,100
qsar-biodeg,de,0,0,0,42,0,isolate_O,0.8957523245984784,0.8625592417061612,5.872499829308458,-5.804326595710874,15.41604232788086,42,100
qsar-biodeg,ga,0,0,0,42,0,isolate_O,0.8957593688362919,0.8672985781990521,7.591172209784203,-7.14398725611837,16.0471453666687,28,100
qsar-biodeg,sa,0,0,0,42,0,isolate_O,0.9016694843617922,0.8767772511848341,5.699938314274472,-5.404677431189262,21.46509313583374,11,100
qsar-biodeg,grid,1,1,0,42,1,isolate_O,0.89339954916878,0.8720379146919431,3.888888888888889,-5.0,18.4534375667572,46,100
qsar-biodeg,random,1,1,0,42,1,isolate_O,0.8981332769794308,0.8815165876777251,3.9982426695988096,-4.588986941031628,17.572672843933105,5,100
qsar-biodeg,bo_tpe,1,1,0,42,1,isolate_O,0.899323753169907,0.8720379146919431,4.060032107712809,-5.446845970861829,14.806124925613403,5,100
qsar-biodeg,pso,1,1,0,42,1,isolate_O,0.9016694843617922,0.8767772511848341,5.8745693261697225,-5.584529812263715,15.563146591186523,26,100
qsar-biodeg,de,1,1,0,42,1,isolate_O,0.8993096646942801,0.8530805687203792,7.206619816582934,-6.305074879223411,15.92631769180298,32,100
qsar-biodeg,ga,1,1,0,42,1,isolate_O,0.8981332769794308,0.8578199052132701,4.886650191264305,-5.328724962514901,14.20508074760437,43,100
qsar-biodeg,sa,1,1,0,42,1,isolate_O,0.9004860524091294,0.8720379146919431,5.5504487844462576,-5.328549453055895,15.175384998321531,2,100
qsar-biodeg,grid,2,2,0,42,2,isolate_O,0.89339954916878,0.8720379146919431,3.888888888888889,-5.0,16.982699632644653,46,100
qsar-biodeg,random,2,2,0,42,2,isolate_O,0.8993167089320935,0.8625592417061612,5.152349733439227,-5.5368015034027565,14.859880447387695,17,100
qsar-biodeg,bo_tpe,2,2,0,42,2,isolate_O,0.9004930966469429,0.8720379146919431,5.201936108875371,-5.283514908593731,13.185904264450071,19,100
qsar-biodeg,pso,2,2,0,42,2,isolate_O,0.901669484361792,0.8767772511848341,6.2338026737910575,-5.706261268063566,12.490660667419434,25,100
qsar-biodeg,de,2,2,0,42,2,isolate_O,0.9004860524091294,0.8720379146919431,6.24531325560856,-5.722350221338036,14.429163217544556,46,100
qsar-biodeg,ga,2,2,0,42,2,isolate_O,0.9005001408847562,0.8720379146919431,5.13649380045733,-5.761200429549499,13.45731520652771,44,100
qsar-biodeg,sa,2,2,0,42,2,isolate_O,0.8969498450267681,0.8720379146919431,3.21285828812758,-4.864820323403928,21.369065284729004,22,100
qsar-biodeg,grid,3,3,0,42,3,isolate_O,0.89339954916878,0.8720379146919431,3.888888888888889,-5.0,16.52819275856018,46,100
qsar-biodeg,random,3,3,0,42,3,isolate_O,0.8910326852634544,0.8672985781990521,1.796973279136358,-4.68971034236025,15.60160779953003,2,100
qsar-biodeg,bo_tpe,3,3,0,42,3,isolate_O,0.9005071851225697,0.8720379146919431,3.4945505280842943,-5.491737017413648,13.885873317718506,44,100
qsar-biodeg,pso,3,3,0,42,3,isolate_O,0.9005071851225697,0.8672985781990521,6.969535589300888,-6.7970634665003296,13.21618628501892,5,100
qsar-biodeg,de,3,3,0,42,3,isolate_O,0.8969498450267681,0.8815165876777251,3.612560408283557,-4.437625714113466,14.176292896270752,7,100
qsar-biodeg,ga,3,3,0,42,3,isolate_O,0.9005071851225697,0.8672985781990521,3.850326364295295,-5.527083182719601,12.824562072753906,7,100
qsar-biodeg,sa,3,3,0,42,3,isolate_O,0.9004790081713159,0.8767772511848341,6.208952987635526,-5.607626058930197,18.572506427764893,2,100
qsar-biodeg,grid,4,4,0,42,4,isolate_O,0.89339954916878,0.8720379146919431,3.888888888888889,-5.0,16.023131370544434,46,100
qsar-biodeg,random,4,4,0,42,4,isolate_O,0.8910256410256411,0.8720379146919431,7.378598532881872,-7.1382067450887625,15.405761003494264,15,100
qsar-biodeg,bo_tpe,4,4,0,42,4,isolate_O,0.9016694843617922,0.8767772511848341,5.980797190244537,-5.601612611748381,13.26713228225708,16,100
qsar-biodeg,pso,4,4,0,42,4,isolate_O,0.9016694843617922,0.8767772511848341,5.75793735207355,-5.469080446593601,14.264370679855348,7,100
qsar-biodeg,de,4,4,0,42,4,isolate_O,0.8981262327416175,0.8625592417061612,6.696673299240258,-6.411236570894287,14.262390375137327,13,100
qsar-biodeg,ga,4,4,0,42,4,isolate_O,0.9004930966469429,0.8720379146919431,4.957351975707489,-5.07861814784876,16.78110432624817,13,100
qsar-biodeg,sa,4,4,0,42,4,isolate_O,0.9004860524091294,0.8625592417061612,5.697273526808209,-5.557742026795726,22.13041591644287,45,100
qsar-biodeg,grid,5,5,0,42,5,isolate_O,0.89339954916878,0.8720379146919431,3.888888888888889,-5.0,17.57226276397705,46,100
qsar-biodeg,random,5,5,0,42,5,isolate_O,0.8957593688362919,0.8720379146919431,6.618370552667907,-6.489093208968837,16.892187356948853,77,100
qsar-biodeg,bo_tpe,5,5,0,42,5,isolate_O,0.901683572837419,0.8720379146919431,4.8578447687523845,-5.112118411666264,15.368970155715942,17,100
qsar-biodeg,pso,5,5,0,42,5,isolate_O,0.9016694843617922,0.8767772511848341,5.710695058040068,-5.419881425551075,14.422581434249878,12,100
qsar-biodeg,de,5,5,0,42,5,isolate_O,0.9016906170752323,0.8672985781990521,6.56212664135437,-6.5872062685934925,15.33523654937744,54,100
qsar-biodeg,ga,5,5,0,42,5,isolate_O,0.8993237531699071,0.8625592417061612,4.205174343057322,-5.747579234878725,14.097912549972534,46,100
qsar-biodeg,sa,5,5,0,42,5,isolate_O,0.8981403212172443,0.8672985781990521,4.78629416917005,-6.126476483503556,13.10407829284668,8,100
qsar-biodeg,grid,6,6,0,42,6,isolate_O,0.89339954916878,0.8720379146919431,3.888888888888889,-5.0,17.696973085403442,46,100
qsar-biodeg,random,6,6,0,42,6,isolate_O,0.9004930966469429,0.8578199052132701,7.368210169091768,-6.430040281079805,16.724387645721436,33,100
qsar-biodeg,bo_tpe,6,6,0,42,6,isolate_O,0.8993237531699071,0.8672985781990521,6.385346636996927,-6.487158730465906,13.94457983970642,25,100
qsar-biodeg,pso,6,6,0,42,6,isolate_O,0.9004930966469429,0.8720379146919431,4.9725050046358525,-5.078842840674865,12.61832046508789,41,100
qsar-biodeg,de,6,6,0,42,6,isolate_O,0.8981332769794308,0.8720379146919431,4.923000530580703,-5.694351766728133,13.975883960723875,18,100
qsar-biodeg,ga,6,6,0,42,6,isolate_O,0.8993237531699071,0.8672985781990521,4.082714031722542,-5.594733708286916,13.085574626922607,18,100
qsar-biodeg,sa,6,6,0,42,6,isolate_O,0.8993167089320936,0.8720379146919431,4.378234667269388,-5.467476204067681,15.115017890930176,48,100
qsar-biodeg,grid,7,7,0,42,7,isolate_O,0.89339954916878,0.8720379146919431,3.888888888888889,-5.0,14.522358655929564,46,100
qsar-biodeg,random,7,7,0,42,7,isolate_O,0.8862566920259228,0.8530805687203792,8.380264817678276,-6.580448524590347,13.794190406799316,15,100
qsar-biodeg,bo_tpe,7,7,0,42,7,isolate_O,0.9004790081713159,0.8767772511848341,6.197303789622266,-5.596047441688428,14.961960315704346,73,100
qsar-biodeg,pso,7,7,0,42,7,isolate_O,0.8993167089320936,0.8815165876777251,4.280878799812401,-4.721466816848741,11.51773762702942,25,100
qsar-biodeg,de,7,7,0,42,7,isolate_O,0.901683572837419,0.8767772511848341,4.908306336235042,-5.037047662659136,12.996256351470947,8,100
qsar-biodeg,ga,7,7,0,42,7,isolate_O,0.9016694843617922,0.8767772511848341,5.933128809619567,-5.616775029397835,11.465791463851929,8,100
qsar-biodeg,sa,7,7,0,42,7,isolate_O,0.8981332769794308,0.8720379146919431,3.412323248255454,-5.487560972417744,13.322044134140016,84,100
qsar-biodeg,grid,8,8,0,42,8,isolate_O,0.89339954916878,0.8720379146919431,3.888888888888889,-5.0,14.408544301986694,46,100
qsar-biodeg,random,8,8,0,42,8,isolate_O,0.8934065934065935,0.8672985781990521,5.453493427051392,-6.388947675556757,13.392897129058838,5,100
qsar-biodeg,bo_tpe,8,8,0,42,8,isolate_O,0.8993237531699071,0.8720379146919431,4.8726043120123546,-5.865699776393618,11.05425500869751,5,100
qsar-biodeg,pso,8,8,0,42,8,isolate_O,0.899323753169907,0.8720379146919431,4.074875265470696,-5.456974283100378,10.90799641609192,41,100
qsar-biodeg,de,8,8,0,42,8,isolate_O,0.8993167089320936,0.8815165876777251,4.216445000014156,-4.731695499483026,11.220622062683104,15,100
qsar-biodeg,ga,8,8,0,42,8,isolate_O,0.8981403212172443,0.8672985781990521,6.349975640135359,-6.513683781309497,11.384981632232666,9,100
qsar-biodeg,sa,8,8,0,42,8,isolate_O,0.8993237531699071,0.8625592417061612,3.911584501048959,-5.631289749109442,11.278834104537964,43,100
qsar-biodeg,grid,9,9,0,42,9,isolate_O,0.89339954916878,0.8720379146919431,3.888888888888889,-5.0,14.515092611312866,46,100
qsar-biodeg,random,9,9,0,42,9,isolate_O,0.8969568892645816,0.8672985781990521,6.594215631878926,-6.654581115564559,13.694217681884766,21,100
qsar-biodeg,bo_tpe,9,9,0,42,9,isolate_O,0.9005071851225697,0.8720379146919431,4.725821588716743,-5.769578925666935,11.896538734436035,18,100
qsar-biodeg,pso,9,9,0,42,9,isolate_O,0.9005001408847562,0.8720379146919431,5.126675480332892,-5.74717536631114,10.602895736694336,28,100
qsar-biodeg,de,9,9,0,42,9,isolate_O,0.9004930966469429,0.8720379146919431,5.431356932504633,-5.356156268224212,13.329799890518188,16,100
qsar-biodeg,ga,9,9,0,42,9,isolate_O,0.8993237531699071,0.8625592417061612,3.999704698169136,-5.782815137892031,14.280702829360962,16,100
qsar-biodeg,sa,9,9,0,42,9,isolate_O,0.8969568892645816,0.8720379146919431,5.362030879919234,-6.052748664448052,11.636765956878662,14,100
qsar-biodeg,grid,10,10,0,42,10,isolate_O,0.89339954916878,0.8720379146919431,3.888888888888889,-5.0,14.309021949768066,46,100
qsar-biodeg,random,10,10,0,42,10,isolate_O,0.8993237531699071,0.8625592417061612,4.170284124745461,-5.763791260819588,13.071027517318726,90,100
qsar-biodeg,bo_tpe,10,10,0,42,10,isolate_O,0.9005001408847564,0.8767772511848341,4.7694559247729735,-4.904418460466417,11.360923767089844,38,100
qsar-biodeg,pso,10,10,0,42,10,isolate_O,0.9004930966469429,0.8530805687203792,7.090706035641022,-6.272414713674669,12.065812587738035,21,100
qsar-biodeg,de,10,10,0,42,10,isolate_O,0.9004930966469429,0.8720379146919431,5.202753670444405,-5.246588164958792,12.190831661224363,70,100
qsar-biodeg,ga,10,10,0,42,10,isolate_O,0.9005001408847562,0.8720379146919431,4.825420812791784,-5.040065699123785,12.870046377182009,60,100
qsar-biodeg,sa,10,10,0,42,10,isolate_O,0.8981332769794308,0.8720379146919431,6.424079801316815,-6.377306883406379,18.69342017173767,69,100
qsar-biodeg,grid,11,11,0,42,11,isolate_O,0.89339954916878,0.8720379146919431,3.888888888888889,-5.0,14.062612533569336,46,100
qsar-biodeg,random,11,11,0,42,11,isolate_O,0.89339954916878,0.8767772511848341,3.955423207314226,-5.08848952285736,14.58540415763855,42,100
qsar-biodeg,bo_tpe,11,11,0,42,11,isolate_O,0.9016906170752323,0.8672985781990521,6.611201019889623,-6.62211059951346,11.219515562057495,19,100
qsar-biodeg,pso,11,11,0,42,11,isolate_O,0.9005001408847564,0.8815165876777251,4.525549616100004,-4.799326922149884,11.101162910461426,48,100
qsar-biodeg,de,11,11,0,42,11,isolate_O,0.8993237531699071,0.8625592417061612,4.029701264048403,-5.794979607541272,12.31216025352478,12,100
qsar-biodeg,ga,11,11,0,42,11,isolate_O,0.9016624401239788,0.8767772511848341,6.101751258917143,-5.588418070459263,11.475754499435425,12,100
qsar-biodeg,sa,11,11,0,42,11,isolate_O,0.8993167089320936,0.8815165876777251,4.581195197340927,-4.9129732387662965,10.74403166770935,23,100
qsar-biodeg,grid,12,12,0,42,12,isolate_O,0.89339954916878,0.8720379146919431,3.888888888888889,-5.0,14.471189737319946,46,100
qsar-biodeg,random,12,12,0,42,12,isolate_O,0.8981332769794308,0.8578199052132701,4.819099396499658,-5.2090186277667545,13.081225395202637,9,100
qsar-biodeg,bo_tpe,12,12,0,42,12,isolate_O,0.9016694843617922,0.8767772511848341,5.806581450615444,-5.461630788809848,11.27676510810852,9,100
qsar-biodeg,pso,12,12,0,42,12,isolate_O,0.8993237531699071,0.8720379146919431,4.2645802336560825,-5.671297347252434,10.577309370040894,29,100
qsar-biodeg,de,12,12,0,42,12,isolate_O,0.9005071851225697,0.8720379146919431,4.5461187032593084,-5.688547076954994,12.969732999801636,50,100
qsar-biodeg,ga,12,12,0,42,12,isolate_O,0.8981403212172443,0.8720379146919431,5.186540540800522,-6.006687751833636,11.849613428115845,65,100
qsar-biodeg,sa,12,12,0,42,12,isolate_O,0.8969498450267681,0.8767772511848341,4.17420762704262,-4.794575337933324,13.21287751197815,8,100
qsar-biodeg,grid,13,13,0,42,13,isolate_O,0.89339954916878,0.8720379146919431,3.888888888888889,-5.0,14.287051916122437,46,100
qsar-biodeg,random,13,13,0,42,13,isolate_O,0.8910326852634546,0.8720379146919431,2.5866658296613227,-4.118301084629202,13.684368133544922,24,100
qsar-biodeg,bo_tpe,13,13,0,42,13,isolate_O,0.9004860524091294,0.8720379146919431,5.554260620693822,-5.326119494457151,12.286059379577637,23,100
qsar-biodeg,pso,13,13,0,42,13,isolate_O,0.8993167089320936,0.8720379146919431,3.454761007595631,-5.490700119946238,11.24510645866394,18,100
qsar-biodeg,de,13,13,0,42,13,isolate_O,0.8969498450267681,0.8720379146919431,3.864127328109884,-5.309821786626779,13.10163402557373,36,100
qsar-biodeg,ga,13,13,0,42,13,isolate_O,0.8851155255001408,0.8767772511848341,-0.3062243782292332,-4.953440530755825,13.186537027359009,2,100
qsar-biodeg,sa,13,13,0,42,13,isolate_O,0.8981332769794308,0.8578199052132701,4.88009830651796,-5.20966019165745,14.314239263534546,60,100
qsar-biodeg,grid,14,14,0,42,14,isolate_O,0.89339954916878,0.8720379146919431,3.888888888888889,-5.0,14.63282060623169,46,100
qsar-biodeg,random,14,14,0,42,14,isolate_O,0.8945829811214427,0.8767772511848341,3.6843592295896688,-5.1357046793195895,12.833343029022217,45,100
qsar-biodeg,bo_tpe,14,14,0,42,14,isolate_O,0.8922020287404904,0.8530805687203792,8.18969906608433,-6.84232766062538,18.30093216896057,6,100
qsar-biodeg,pso,14,14,0,42,14,isolate_O,0.9005071851225697,0.8720379146919431,4.826099773674792,-5.85259007695687,10.544846296310425,22,100
qsar-biodeg,de,14,14,0,42,14,isolate_O,0.9005071851225697,0.8720379146919431,4.65383260522672,-5.731373776256575,13.423157453536987,5,100
qsar-biodeg,ga,14,14,0,42,14,isolate_O,0.9005001408847564,0.8815165876777251,4.433953495751685,-4.7709666406836,13.390277624130247,5,100
qsar-biodeg,sa,14,14,0,42,14,isolate_O,0.8993237531699071,0.8625592417061612,3.916564089660531,-5.709170387903628,15.10161828994751,5,100
qsar-biodeg,grid,15,15,0,42,15,isolate_O,0.89339954916878,0.8720379146919431,3.888888888888889,-5.0,14.249272108078005,46,100
qsar-biodeg,random,15,15,0,42,15,isolate_O,0.8957664130741054,0.8672985781990521,3.025769994718903,-4.379901694697423,13.79642629623413,25,100
qsar-biodeg,bo_tpe,15,15,0,42,15,isolate_O,0.9005001408847562,0.8672985781990521,5.036710064824118,-5.256464051958705,11.731159448623655,14,100
qsar-biodeg,pso,15,15,0,42,15,isolate_O,0.9005071851225697,0.8672985781990521,6.681027267300397,-6.673020058329112,11.018871784210203,23,100
qsar-biodeg,de,15,15,0,42,15,isolate_O,0.8993237531699071,0.8672985781990521,6.31872564813257,-6.472078266260046,13.036150455474854,14,100
qsar-biodeg,ga,15,15,0,42,15,isolate_O,0.8945900253592562,0.8720379146919431,2.230549658614871,-4.419816176157019,17.463693618774414,14,100
qsar-biodeg,sa,15,15,0,42,15,isolate_O,0.8981332769794308,0.8720379146919431,4.4951973803248535,-5.56127737185838,19.268060207366943,80,100
qsar-biodeg,grid,16,16,0,42,16,isolate_O,0.89339954916878,0.8720379146919431,3.888888888888889,-5.0,18.24472522735596,46,100
qsar-biodeg,random,16,16,0,42,16,isolate_O,0.8981403212172443,0.8672985781990521,6.32892657438391,-6.50365231664531,13.916755199432371,12,100
qsar-biodeg,bo_tpe,16,16,0,42,16,isolate_O,0.9028670047900818,0.8767772511848341,4.902678754245158,-5.049471944402506,11.927470922470093,24,100
qsar-biodeg,pso,16,16,0,42,16,isolate_O,0.9016694843617922,0.8767772511848341,5.821267171199792,-5.477065506614026,10.486853122711182,40,100
qsar-biodeg,de,16,16,0,42,16,isolate_O,0.8957523245984784,0.8625592417061612,7.430180767613589,-6.612548651572385,13.68329668045044,23,100
qsar-biodeg,ga,16,16,0,42,16,isolate_O,0.9004790081713159,0.8767772511848341,6.159866885878798,-5.6267750420171545,13.233346462249756,51,100
qsar-biodeg,sa,16,16,0,42,16,isolate_O,0.8993237531699071,0.8625592417061612,3.938540390631173,-5.766335405215868,12.18722915649414,28,100
qsar-biodeg,grid,17,17,0,42,17,isolate_O,0.89339954916878,0.8720379146919431,3.888888888888889,-5.0,14.966391801834106,46,100
qsar-biodeg,random,17,17,0,42,17,isolate_O,0.8993167089320936,0.8672985781990521,4.657093493308926,-5.266545986502724,13.58545446395874,28,100
qsar-biodeg,bo_tpe,17,17,0,42,17,isolate_O,0.8993237531699071,0.8625592417061612,3.9946740848193736,-5.737566482542608,11.232849836349487,19,100
qsar-biodeg,pso,17,17,0,42,17,isolate_O,0.8993237531699071,0.8672985781990521,3.5589546974898107,-5.490397570868448,10.502932786941528,13,100
qsar-biodeg,de,17,17,0,42,17,isolate_O,0.8981332769794308,0.8720379146919431,4.93259108675861,-5.590599398412451,11.344443559646606,12,100
qsar-biodeg,ga,17,17,0,42,17,isolate_O,0.8993237531699071,0.8720379146919431,5.0784647525685855,-5.969368847091106,10.818840980529783,12,100
qsar-biodeg,sa,17,17,0,42,17,isolate_O,0.8969428007889547,0.8625592417061612,6.721027897778251,-6.349653021117575,13.745803356170654,2,100
qsar-biodeg,grid,18,18,0,42,18,isolate_O,0.89339954916878,0.8720379146919431,3.888888888888889,-5.0,14.28722095489502,46,100
qsar-biodeg,random,18,18,0,42,18,isolate_O,0.8993167089320936,0.8625592417061612,4.765364404781433,-5.291788216450263,13.980789184570312,53,100
qsar-biodeg,bo_tpe,18,18,0,42,18,isolate_O,0.9005001408847564,0.8815165876777251,4.587942108765819,-4.908932896620558,11.16638207435608,13,100
qsar-biodeg,pso,18,18,0,42,18,isolate_O,0.9004860524091294,0.8720379146919431,6.330176304434334,-5.765188169256589,11.493356704711914,51,100
qsar-biodeg,de,18,18,0,42,18,isolate_O,0.8993237531699071,0.8720379146919431,4.507219394598721,-5.762614944424508,11.92428493499756,14,100
qsar-biodeg,ga,18,18,0,42,18,isolate_O,0.8969498450267681,0.8720379146919431,3.001213905417836,-5.102937582773153,11.872190952301024,14,100
qsar-biodeg,sa,18,18,0,42,18,isolate_O,0.8993237531699071,0.8720379146919431,4.187602784688937,-5.622021046251268,11.31753134727478,30,100
qsar-biodeg,grid,19,19,0,42,19,isolate_O,0.89339954916878,0.8720379146919431,3.888888888888889,-5.0,14.210147857666016,46,100
qsar-biodeg,random,19,19,0,42,19,isolate_O,0.8886587771203157,0.8815165876777251,1.9511545664767291,-3.630020212180874,13.422341346740724,17,100
qsar-biodeg,bo_tpe,19,19,0,42,19,isolate_O,0.8993237531699071,0.8720379146919431,4.2821312319151605,-5.682002488475385,11.636433124542236,45,100
qsar-biodeg,pso,19,19,0,42,19,isolate_O,0.8993096646942801,0.8720379146919431,5.267879259467598,-5.30634681398821,10.771285057067873,39,100
qsar-biodeg,de,19,19,0,42,19,isolate_O,0.9005071851225697,0.8672985781990521,3.987572320797077,-5.585224341591718,12.009928941726685,7,100
qsar-biodeg,ga,19,19,0,42,19,isolate_O,0.8969568892645816,0.8720379146919431,3.0696492602399137,-4.888112331674027,12.64709496498108,7,100
qsar-biodeg,sa,19,19,0,42,19,isolate_O,0.8981403212172443,0.8720379146919431,4.253291845492909,-5.593554274817331,12.523033142089844,37,100
qsar-biodeg,grid,20,20,0,42,20,isolate_O,0.89339954916878,0.8720379146919431,3.888888888888889,-5.0,14.490294456481934,46,100
qsar-biodeg,random,20,20,0,42,20,isolate_O,0.8957734573119188,0.8672985781990521,4.220787925848615,-6.037078680468508,13.637998342514038,4,100
qsar-biodeg,bo_tpe,20,20,0,42,20,isolate_O,0.9005071851225697,0.8672985781990521,6.925715193425623,-6.718592710714207,11.568851947784424,11,100
qsar-biodeg,pso,20,20,0,42,20,isolate_O,0.9016694843617922,0.8767772511848341,5.910874370063272,-5.590889850279744,10.891431093215942,38,100
qsar-biodeg,de,20,20,0,42,20,isolate_O,0.8957734573119188,0.8625592417061612,4.348507152912564,-6.033658086087652,12.003190755844116,51,100
qsar-biodeg,ga,20,20,0,42,20,isolate_O,0.8969639335023951,0.8720379146919431,1.6536750301400804,-4.411034637660182,12.26641058921814,56,100
qsar-biodeg,sa,20,20,0,42,20,isolate_O,0.8981332769794308,0.8578199052132701,5.102854707659707,-5.324138575789254,11.197121381759644,7,100
qsar-biodeg,grid,21,21,0,42,21,isolate_O,0.89339954916878,0.8720379146919431,3.888888888888889,-5.0,14.512991905212402,46,100
qsar-biodeg,random,21,21,0,42,21,isolate_O,0.8981121442659905,0.8720379146919431,6.412900440310461,-5.799539102258711,13.057913780212402,43,100
qsar-biodeg,bo_tpe,21,21,0,42,21,isolate_O,0.8993167089320936,0.8578199052132701,5.090809433172996,-5.36309299040999,11.433403730392456,11,100
qsar-biodeg,pso,21,21,0,42,21,isolate_O,0.9005001408847564,0.8767772511848341,4.75154202083754,-4.937145753476642,11.459184408187866,23,100
qsar-biodeg,de,21,21,0,42,21,isolate_O,0.9005071851225697,0.8720379146919431,4.577113523492659,-5.678121183382566,12.959710597991943,43,100
qsar-biodeg,ga,21,21,0,42,21,isolate_O,0.8993026204564666,0.8578199052132701,7.399256607811658,-6.470148852057794,11.587759256362917,44,100
qsar-biodeg,sa,21,21,0,42,21,isolate_O,0.9005071851225697,0.8720379146919431,4.439132235199365,-5.613154544743508,10.368518352508543,31,100
qsar-biodeg,grid,22,22,0,42,22,isolate_O,0.89339954916878,0.8720379146919431,3.888888888888889,-5.0,14.356148958206177,46,100
qsar-biodeg,random,22,22,0,42,22,isolate_O,0.9005071851225697,0.8720379146919431,4.685684769062174,-5.716077218708433,12.737996339797974,12,100
qsar-biodeg,bo_tpe,22,22,0,42,22,isolate_O,0.9005001408847564,0.8815165876777251,4.599989132622905,-4.875061499103844,11.922817707061768,30,100
qsar-biodeg,pso,22,22,0,42,22,isolate_O,0.8993237531699071,0.8625592417061612,4.290161301082186,-5.855731430334485,13.129467010498049,46,100
qsar-biodeg,de,22,22,0,42,22,isolate_O,0.8993096646942801,0.8720379146919431,5.249997425145981,-5.301165426228194,12.455175876617432,13,100
qsar-biodeg,ga,22,22,0,42,22,isolate_O,0.8981332769794308,0.8815165876777251,4.091720149780938,-4.583092370033856,12.11492085456848,13,100
qsar-biodeg,sa,22,22,0,42,22,isolate_O,0.8934065934065935,0.8720379146919431,5.467749674326729,-6.447717219476482,15.406196355819702,17,100
qsar-biodeg,grid,23,23,0,42,23,isolate_O,0.89339954916878,0.8720379146919431,3.888888888888889,-5.0,14.716876745224,46,100
qsar-biodeg,random,23,23,0,42,23,isolate_O,0.8957664130741053,0.8672985781990521,5.687945624619504,-5.868524452646966,13.597706317901611,43,100
qsar-biodeg,bo_tpe,23,23,0,42,23,isolate_O,0.9028529163144547,0.8767772511848341,5.793380356770871,-5.509507578467153,11.485885620117188,36,100
qsar-biodeg,pso,23,23,0,42,23,isolate_O,0.9028529163144547,0.8767772511848341,5.866112860486856,-5.525395743787064,10.99110746383667,13,100
qsar-biodeg,de,23,23,0,42,23,isolate_O,0.8957593688362919,0.8672985781990521,7.190326529079442,-6.701880407535943,12.463309049606323,37,100
qsar-biodeg,ga,23,23,0,42,23,isolate_O,0.8981332769794308,0.8672985781990521,6.607079411351453,-6.542230738303318,12.676331996917725,34,100
qsar-biodeg,sa,23,23,0,42,23,isolate_O,0.8969428007889547,0.8672985781990521,7.239358050435026,-6.509461073069909,14.105881214141846,52,100
qsar-biodeg,grid,24,24,0,42,24,isolate_O,0.89339954916878,0.8720379146919431,3.888888888888889,-5.0,14.219548225402832,46,100
qsar-biodeg,random,24,24,0,42,24,isolate_O,0.8957664130741053,0.8720379146919431,3.336598215250042,-4.976106323064721,16.240808963775635,21,100
qsar-biodeg,bo_tpe,24,24,0,42,24,isolate_O,0.9005071851225697,0.8720379146919431,4.606629363588489,-5.6917011840315626,12.81597089767456,20,100
qsar-biodeg,pso,24,24,0,42,24,isolate_O,0.9004860524091294,0.8720379146919431,5.496750679949754,-5.293178885154383,11.88281273841858,30,100
qsar-biodeg,de,24,24,0,42,24,isolate_O,0.9016906170752323,0.8672985781990521,6.5855701342473925,-6.582539946074129,11.46444535255432,2,100
qsar-biodeg,ga,24,24,0,42,24,isolate_O,0.9004790081713159,0.8767772511848341,6.21232551263248,-5.671941718142092,11.045021772384644,2,100
qsar-biodeg,sa,24,24,0,42,24,isolate_O,0.8957382361228514,0.8578199052132701,7.2925477575327005,-6.088955980539516,14.389956951141356,8,100
qsar-biodeg,grid,25,25,0,42,25,isolate_O,0.89339954916878,0.8720379146919431,3.888888888888889,-5.0,14.474545001983644,46,100
qsar-biodeg,random,25,25,0,42,25,isolate_O,0.9016694843617922,0.8767772511848341,5.744798079069264,-5.519819476888834,13.02180290222168,7,100
qsar-biodeg,bo_tpe,25,25,0,42,25,isolate_O,0.9016694843617922,0.8767772511848341,5.83781431010862,-5.488639749686274,11.313588619232178,7,100
qsar-biodeg,pso,25,25,0,42,25,isolate_O,0.9004790081713159,0.8767772511848341,6.127376058878677,-5.581748830397851,10.848052024841309,11,100
qsar-biodeg,de,25,25,0,42,25,isolate_O,0.9005001408847562,0.8720379146919431,5.1236265550540026,-5.735292947450423,11.632165908813477,28,100
qsar-biodeg,ga,25,25,0,42,25,isolate_O,0.8993237531699071,0.8625592417061612,4.321958133432103,-5.797992073609954,12.363365411758425,57,100
qsar-biodeg,sa,25,25,0,42,25,isolate_O,0.8993167089320935,0.8720379146919431,5.075878671889287,-5.7306959466266365,13.20087456703186,5,100
qsar-biodeg,grid,26,26,0,42,26,isolate_O,0.89339954916878,0.8720379146919431,3.888888888888889,-5.0,14.660853624343872,46,100
qsar-biodeg,random,26,26,0,42,26,isolate_O,0.8969428007889546,0.8672985781990521,6.363496908115518,-6.261137627936474,13.8637433052063,10,100
qsar-biodeg,bo_tpe,26,26,0,42,26,isolate_O,0.9005001408847564,0.8815165876777251,4.622689669428032,-4.854304212038442,11.571617603302002,10,100
qsar-biodeg,pso,26,26,0,42,26,isolate_O,0.8993167089320936,0.8672985781990521,4.613249778486002,-5.339064336738618,12.191298007965088,45,100
qsar-biodeg,de,26,26,0,42,26,isolate_O,0.9004930966469429,0.8720379146919431,5.13137033162317,-5.137851076356932,12.136688947677612,20,100
qsar-biodeg,ga,26,26,0,42,26,isolate_O,0.8993167089320936,0.8720379146919431,4.4436805298379225,-5.483941557409063,10.993634223937988,20,100
qsar-biodeg,sa,26,26,0,42,26,isolate_O,0.8981332769794308,0.8720379146919431,4.650645284472402,-5.502486916727771,11.100348472595217,2,100
qsar-biodeg,grid,27,27,0,42,27,isolate_O,0.89339954916878,0.8720379146919431,3.888888888888889,-5.0,14.359733819961548,46,100
qsar-biodeg,random,27,27,0,42,27,isolate_O,0.9004860524091294,0.8720379146919431,5.583304695965083,-5.377289146110845,14.733787775039673,38,100
qsar-biodeg,bo_tpe,27,27,0,42,27,isolate_O,0.9005001408847564,0.8815165876777251,4.606004732721151,-4.833173858305165,11.59145975112915,19,100
qsar-biodeg,pso,27,27,0,42,27,isolate_O,0.9005001408847564,0.8815165876777251,4.443682349785558,-4.779899746141375,11.711276769638062,1,100
qsar-biodeg,de,27,27,0,42,27,isolate_O,0.8981262327416173,0.8672985781990521,6.933019758812419,-6.571492238120227,12.655399322509766,73,100
qsar-biodeg,ga,27,27,0,42,27,isolate_O,0.8969568892645816,0.8720379146919431,3.415379259300415,-5.280936582760188,13.056874990463257,72,100
qsar-biodeg,sa,27,27,0,42,27,isolate_O,0.8981403212172443,0.8720379146919431,4.323782469087589,-5.7254613276223845,11.693641185760498,13,100
qsar-biodeg,grid,28,28,0,42,28,isolate_O,0.89339954916878,0.8720379146919431,3.888888888888889,-5.0,14.15858268737793,46,100
qsar-biodeg,random,28,28,0,42,28,isolate_O,0.8922161172161174,0.8720379146919431,2.642592363212655,-3.994672926414074,14.580538749694824,10,100
qsar-biodeg,bo_tpe,28,28,0,42,28,isolate_O,0.9005071851225697,0.8720379146919431,4.389875052959406,-5.699115498916437,11.36487340927124,12,100
qsar-biodeg,pso,28,28,0,42,28,isolate_O,0.8993096646942801,0.8720379146919431,5.450423180089315,-5.407846484877132,11.025266647338867,16,100
qsar-biodeg,de,28,28,0,42,28,isolate_O,0.8981332769794308,0.8625592417061612,4.570449540757691,-5.113831552340843,13.218821048736572,38,100
qsar-biodeg,ga,28,28,0,42,28,isolate_O,0.8945829811214427,0.8767772511848341,1.551719942122168,-4.030552687767283,13.945115566253662,30,100
qsar-biodeg,sa,28,28,0,42,28,isolate_O,0.9005001408847562,0.8672985781990521,4.774827282292995,-5.086184077088474,11.776398181915283,43,100
qsar-biodeg,grid,29,29,0,42,29,isolate_O,0.89339954916878,0.8720379146919431,3.888888888888889,-5.0,14.800949096679688,46,100
qsar-biodeg,random,29,29,0,42,29,isolate_O,0.8957734573119188,0.8672985781990521,5.023321845328503,-6.413146462344393,14.481597423553469,3,100
qsar-biodeg,bo_tpe,29,29,0,42,29,isolate_O,0.8993237531699071,0.8625592417061612,3.925169599157028,-5.659829521661397,11.876128435134888,3,100
qsar-biodeg,pso,29,29,0,42,29,isolate_O,0.9005001408847564,0.8720379146919431,5.016502244941153,-5.23763642742729,11.220184087753296,19,100
qsar-biodeg,de,29,29,0,42,29,isolate_O,0.8969498450267681,0.8720379146919431,2.885893675213346,-4.828680062607928,11.906222105026243,16,100
qsar-biodeg,ga,29,29,0,42,29,isolate_O,0.9005071851225697,0.8672985781990521,4.863280343145025,-5.8845164308278815,12.726462602615356,16,100
qsar-biodeg,sa,29,29,0,42,29,isolate_O,0.8993167089320936,0.8578199052132701,4.793965592252235,-5.298703966204108,14.952250480651855,57,100
qsar-biodeg,cuckoo,0,0,0,42,0,isolate_O,0.8898422090729783,0.8672985781990521,6.7728115822799735,-7.085147138065872,29.695047616958618,2,100
qsar-biodeg,sh,0,0,0,42,0,isolate_O,0.9095238095238095,0.8815165876777251,10.99591769141236,-13.614783954240611,74.64570116996765,25,1050
qsar-biodeg,cuckoo,1,1,0,42,1,isolate_O,0.8945900253592562,0.8672985781990521,2.9353494846133987,-5.301298787939576,23.254350662231445,5,100
qsar-biodeg,sh,1,1,0,42,1,isolate_O,0.9095238095238095,0.8862559241706162,11.54230942341465,-14.729658346641797,61.93868803977966,14,1050
qsar-biodeg,cuckoo,2,2,0,42,2,isolate_O,0.889821076359538,0.8483412322274881,7.422676655385898,-5.475442303013297,16.63058829307556,2,100
qsar-biodeg,sh,2,2,0,42,2,isolate_O,0.9095238095238095,0.8767772511848341,8.368540920321156,-11.435511987308947,52.67771816253662,3,1050
qsar-biodeg,cuckoo,3,3,0,42,3,isolate_O,0.8898492533107918,0.8767772511848341,1.3196367100041502,-3.7229855524352717,20.75256371498108,2,100
qsar-biodeg,sh,3,3,0,42,3,isolate_O,0.9095238095238095,0.8767772511848341,9.533795029803958,-12.489591764715714,68.05372333526611,3,1050
qsar-biodeg,cuckoo,4,4,0,42,4,isolate_O,0.8957734573119188,0.8625592417061612,4.717798921056149,-6.221895987889969,26.509772777557373,35,100
qsar-biodeg,sh,4,4,0,42,4,isolate_O,0.9142857142857143,0.8767772511848341,5.449967506514653,-7.026999446085242,67.04504299163818,26,1050
qsar-biodeg,cuckoo,5,5,0,42,5,isolate_O,0.8909974640743871,0.8625592417061612,6.181960191044168,-5.347513109440284,25.331246614456177,55,100
qsar-biodeg,sh,5,5,0,42,5,isolate_O,0.9142857142857143,0.8720379146919431,5.395329769040931,-6.915225396663663,67.76026844978333,3,1050
qsar-biodeg,cuckoo,6,6,0,42,6,isolate_O,0.8910185967878276,0.8720379146919431,3.9002036525732517,-4.348608844477814,25.48880124092102,5,100
qsar-biodeg,sh,6,6,0,42,6,isolate_O,0.9095238095238095,0.8815165876777251,11.424582461156636,-14.249460736945501,70.46987295150757,1,1050
qsar-biodeg,cuckoo,7,7,0,42,7,isolate_O,0.8862566920259228,0.8530805687203792,8.380264817678276,-6.580448524590347,23.396824836730957,15,100
qsar-biodeg,sh,7,7,0,42,7,isolate_O,0.9095238095238095,0.8767772511848341,11.157416929071033,-14.194207304787497,61.51228308677673,3,1050
qsar-biodeg,cuckoo,8,8,0,42,8,isolate_O,0.8981332769794308,0.8720379146919431,4.134305395798942,-5.3979813294388155,29.196040630340576,5,100
qsar-biodeg,sh,8,8,0,42,8,isolate_O,0.9142857142857143,0.8720379146919431,5.741402338918816,-7.384932533796375,65.3552348613739,3,1050
qsar-biodeg,cuckoo,9,9,0,42,9,isolate_O,0.8934065934065935,0.8720379146919431,2.2254763320772404,-4.6716629157921234,20.56879687309265,63,100
qsar-biodeg,sh,9,9,0,42,9,isolate_O,0.9095238095238095,0.8767772511848341,9.291903180823546,-12.426674566645499,53.212584018707275,13,1050
qsar-biodeg,cuckoo,10,10,0,42,10,isolate_O,0.8886587771203157,0.8625592417061612,7.833240961664546,-7.396280057573892,18.629428386688232,13,100
qsar-biodeg,sh,10,10,0,42,10,isolate_O,0.9095238095238095,0.8767772511848341,8.611487488888894,-11.521432818843701,67.2078127861023,14,1050
qsar-biodeg,cuckoo,11,11,0,42,11,isolate_O,0.8957664130741053,0.8815165876777251,3.89852852684467,-5.96375500781447,20.079391956329346,37,100
qsar-biodeg,sh,11,11,0,42,11,isolate_O,0.9142857142857143,0.8720379146919431,5.8715457525768695,-7.448883821643695,53.44416809082031,37,1050
qsar-biodeg,cuckoo,12,12,0,42,12,isolate_O,0.8945829811214427,0.8720379146919431,6.040752665291331,-6.263206554071225,21.247746229171753,6,100
qsar-biodeg,sh,12,12,0,42,12,isolate_O,0.9095238095238095,0.8767772511848341,9.588502423370267,-12.785791030620434,67.86140990257263,14,1050
qsar-biodeg,cuckoo,13,13,0,42,13,isolate_O,0.8957734573119189,0.8720379146919431,2.4365198865567144,-4.484664188962224,23.91570496559143,55,100
qsar-biodeg,sh,13,13,0,42,13,isolate_O,0.9095238095238095,0.8720379146919431,11.25682342005247,-13.6370859688992,67.8627028465271,1,1050
qsar-biodeg,cuckoo,14,14,0,42,14,isolate_O,0.8981403212172443,0.8672985781990521,4.61495748637883,-5.857236713032698,24.7972993850708,39,100
qsar-biodeg,sh,14,14,0,42,14,isolate_O,0.9142857142857143,0.8720379146919431,5.339472399299561,-6.907229340605431,53.255940198898315,1,1050
qsar-biodeg,cuckoo,15,15,0,42,15,isolate_O,0.8886587771203157,0.8720379146919431,0.005848607458496913,-4.131802797539082,25.064821004867554,3,100
qsar-biodeg,sh,15,15,0,42,15,isolate_O,0.9142857142857143,0.8815165876777251,5.678915565477338,-7.22202141505656,53.27319693565369,3,1050
qsar-biodeg,cuckoo,16,16,0,42,16,isolate_O,0.8981403212172443,0.8672985781990521,6.32892657438391,-6.50365231664531,20.71450686454773,12,100
qsar-biodeg,sh,16,16,0,42,16,isolate_O,0.9095238095238095,0.8767772511848341,9.452810222496797,-12.147860876583003,76.12538146972656,1,1050
qsar-biodeg,cuckoo,17,17,0,42,17,isolate_O,0.8851084812623276,0.8862559241706162,3.4780240635524855,-6.185676675847567,18.34610629081726,1,100
qsar-biodeg,sh,17,17,0,42,17,isolate_O,0.9095238095238095,0.8815165876777251,10.945354599906203,-13.776382891254725,52.57191610336304,1,1050
qsar-biodeg,cuckoo,18,18,0,42,18,isolate_O,0.8910326852634546,0.8720379146919431,2.6588196570146954,-4.155824842536867,22.363616228103638,11,100
qsar-biodeg,sh,18,18,0,42,18,isolate_O,0.9095238095238095,0.8815165876777251,12.341864636227587,-14.79031561647859,53.130518198013306,3,1050
qsar-biodeg,cuckoo,19,19,0,42,19,isolate_O,0.8934065934065935,0.8767772511848341,4.751125970267812,-6.398332132767153,21.126953601837158,18,100
qsar-biodeg,sh,19,19,0,42,19,isolate_O,0.9095238095238095,0.8767772511848341,8.281700348357514,-10.821713326473386,52.939044713974,13,1050
qsar-biodeg,cuckoo,20,20,0,42,20,isolate_O,0.898105100028177,0.8767772511848341,5.802260891859616,-5.4028831369281285,21.201826572418213,15,100
qsar-biodeg,sh,20,20,0,42,20,isolate_O,0.9095238095238095,0.8815165876777251,11.902810466984882,-14.860047324003608,53.1287624835968,3,1050
qsar-biodeg,cuckoo,21,21,0,42,21,isolate_O,0.8910256410256411,0.8767772511848341,1.1558652931671967,-4.124758259822573,17.905182600021362,5,100
qsar-biodeg,sh,21,21,0,42,21,isolate_O,0.9095238095238095,0.8767772511848341,9.316374712441318,-12.069043534559857,54.91218185424805,3,1050
qsar-biodeg,cuckoo,22,22,0,42,22,isolate_O,0.8945829811214427,0.8767772511848341,3.551104796886813,-4.482786423175892,18.47053599357605,12,100
qsar-biodeg,sh,22,22,0,42,22,isolate_O,0.9095238095238095,0.8815165876777251,12.169063917074599,-14.900776585735368,54.35336422920227,2,1050
qsar-biodeg,cuckoo,23,23,0,42,23,isolate_O,0.8851084812623273,0.8672985781990521,7.361046945056184,-7.585258292542572,19.904006719589233,2,100
qsar-biodeg,sh,23,23,0,42,23,isolate_O,0.9142857142857143,0.8815165876777251,5.61972799611279,-7.239897477052792,53.944379806518555,27,1050
qsar-biodeg,cuckoo,24,24,0,42,24,isolate_O,0.8910326852634546,0.8767772511848341,2.5809144360948473,-3.95375616739153,25.87194561958313,26,100
qsar-biodeg,sh,24,24,0,42,24,isolate_O,0.9095238095238095,0.8720379146919431,10.58973728596902,-12.977871353946455,54.06067252159119,25,1050
qsar-biodeg,cuckoo,25,25,0,42,25,isolate_O,0.9005071851225697,0.8720379146919431,4.626858864950346,-5.7029586361465014,17.543429136276245,7,100
qsar-biodeg,sh,25,25,0,42,25,isolate_O,0.9142857142857143,0.8767772511848341,5.6240300488737915,-7.265616932181641,53.35332775115967,2,1050
qsar-biodeg,cuckoo,26,26,0,42,26,isolate_O,0.8969498450267681,0.8672985781990521,6.857274004539605,-6.654331259547353,20.86000680923462,10,100
qsar-biodeg,sh,26,26,0,42,26,isolate_O,0.9095238095238095,0.8767772511848341,11.009323224766234,-13.91448663965543,52.7721734046936,3,1050
qsar-biodeg,cuckoo,27,27,0,42,27,isolate_O,0.8933854606931529,0.8720379146919431,3.343547223831874,-4.071353690320719,20.088783502578735,15,100
qsar-biodeg,sh,27,27,0,42,27,isolate_O,0.9142857142857143,0.8720379146919431,5.32700030670358,-6.882662325053637,63.807801723480225,3,1050
qsar-biodeg,cuckoo,28,28,0,42,28,isolate_O,0.8969428007889547,0.8530805687203792,7.264441881720197,-6.312271069289549,19.022913217544556,54,100
qsar-biodeg,sh,28,28,0,42,28,isolate_O,0.9095238095238095,0.8815165876777251,12.112218339802347,-14.889970144946412,53.207462787628174,26,1050
qsar-biodeg,cuckoo,29,29,0,42,29,isolate_O,0.8945829811214427,0.8720379146919431,4.054381151988228,-5.23865626784206,22.748247385025024,3,100
qsar-biodeg,sh,29,29,0,42,29,isolate_O,0.9142857142857143,0.8767772511848341,5.683115663762893,-7.264319037993823,52.75332260131836,2,1050
banknote,grid,0,0,0,42,0,isolate_O,1.0,1.0,-0.5555555555555554,3.0,8.352050304412842,18,100
banknote,random,0,0,0,42,0,isolate_O,1.0,1.0,5.976270078546495,-2.12659140529645,7.5561089515686035,1,100
banknote,bo_tpe,0,0,0,42,0,isolate_O,1.0,1.0,5.976270078546495,-2.12659140529645,5.935153245925903,1,100
banknote,pso,0,0,0,42,0,isolate_O,1.0,1.0,2.5791215948046524,2.659467557632212,6.219624757766724,6,100
banknote,de,0,0,0,42,0,isolate_O,1.0,1.0,11.265404784005447,1.429600390998992,6.715729236602783,3,100
banknote,ga,0,0,0,42,0,isolate_O,1.0,1.0,11.265404784005447,1.429600390998992,6.301876783370972,3,100
banknote,sa,0,0,0,42,0,isolate_O,1.0,1.0,5.976270078546495,-2.12659140529645,6.8734962940216064,1,100
banknote,grid,1,1,0,42,1,isolate_O,1.0,1.0,-0.5555555555555554,3.0,8.267335653305054,18,100
banknote,random,1,1,0,42,1,isolate_O,1.0,1.0,3.3404400940514805,-2.0341591180411545,8.163603782653809,1,100
banknote,bo_tpe,1,1,0,42,1,isolate_O,1.0,1.0,3.3404400940514805,-2.0341591180411545,6.725332736968994,1,100
banknote,pso,1,1,0,42,1,isolate_O,1.0,1.0,6.84861382865687,-6.925655772795263,5.145456075668335,1,100
banknote,de,1,1,0,42,1,isolate_O,1.0,1.0,5.236432494005134,2.108346533866836,8.168477058410645,1,100
banknote,ga,1,1,0,42,1,isolate_O,1.0,1.0,5.236432494005134,2.108346533866836,7.692689895629883,1,100
banknote,sa,1,1,0,42,1,isolate_O,1.0,1.0,3.3404400940514805,-2.0341591180411545,5.668256044387817,1,100
banknote,grid,2,2,0,42,2,isolate_O,1.0,1.0,-0.5555555555555554,3.0,8.307860374450684,18,100
banknote,random,2,2,0,42,2,isolate_O,1.0,1.0,7.422676655385898,-5.475442303013297,7.599868535995483,2,100
banknote,bo_tpe,2,2,0,42,2,isolate_O,1.0,1.0,7.422676655385898,-5.475442303013297,6.0456154346466064,2,100
banknote,pso,2,2,0,42,2,isolate_O,1.0,1.0,10.778358178372292,-4.104209959619352,4.899579763412476,1,100
banknote,de,2,2,0,42,2,isolate_O,1.0,1.0,7.00201051931308,-1.885910517387696,6.681108951568604,3,100
banknote,ga,2,2,0,42,2,isolate_O,1.0,1.0,7.00201051931308,-1.885910517387696,5.564439296722412,3,100
banknote,sa,2,2,0,42,2,isolate_O,1.0,1.0,1.4671345849505346,-2.7335726765514194,7.338570833206177,18,100
banknote,grid,3,3,0,42,3,isolate_O,1.0,1.0,-0.5555555555555554,3.0,8.133349180221558,18,100
banknote,random,3,3,0,42,3,isolate_O,1.0,1.0,6.015958051491509,-2.2533391928741136,7.521022796630859,1,100
banknote,bo_tpe,3,3,0,42,3,isolate_O,1.0,1.0,6.015958051491509,-2.2533391928741136,6.17149019241333,1,100
banknote,pso,3,3,0,42,3,isolate_O,1.0,1.0,7.55580736700383,-6.322009877449887,5.625056266784668,1,100
banknote,de,3,3,0,42,3,isolate_O,1.0,1.0,11.025489304127936,-4.52108335084138,6.064556837081909,2,100
banknote,ga,3,3,0,42,3,isolate_O,1.0,1.0,11.025489304127936,-4.52108335084138,6.08158278465271,2,100
banknote,sa,3,3,0,42,3,isolate_O,1.0,1.0,6.015958051491509,-2.2533391928741136,6.259939193725586,1,100
banknote,grid,4,4,0,42,4,isolate_O,1.0,1.0,-0.5555555555555554,3.0,8.225202560424805,18,100
banknote,random,4,4,0,42,4,isolate_O,1.0,1.0,14.340596780273533,-5.149819514836999,7.183860778808594,1,100
banknote,bo_tpe,4,4,0,42,4,isolate_O,1.0,1.0,14.340596780273533,-5.149819514836999,5.767646551132202,1,100
banknote,pso,4,4,0,42,4,isolate_O,1.0,1.0,12.6376291411855,-7.205363499590426,5.203013896942139,1,100
banknote,de,4,4,0,42,4,isolate_O,1.0,1.0,13.86112211144735,-5.796104049341491,5.268813610076904,1,100
banknote,ga,4,4,0,42,4,isolate_O,1.0,1.0,13.86112211144735,-5.796104049341491,5.569423675537109,1,100
banknote,sa,4,4,0,42,4,isolate_O,1.0,1.0,14.340596780273533,-5.149819514836999,4.963408470153809,1,100
banknote,grid,5,5,0,42,5,isolate_O,1.0,1.0,-0.5555555555555554,3.0,8.217739820480347,18,100
banknote,random,5,5,0,42,5,isolate_O,1.0,1.0,-0.8656168932114721,1.5349963428825897,7.877592086791992,1,100
banknote,bo_tpe,5,5,0,42,5,isolate_O,1.0,1.0,-0.8656168932114721,1.5349963428825897,7.146007299423218,1,100
banknote,pso,5,5,0,42,5,isolate_O,1.0,1.0,10.156448909697165,2.3026273708358147,5.3655173778533936,1,100
banknote,de,5,5,0,42,5,isolate_O,1.0,1.0,3.6989510445028415,2.5353514786665983,9.309471368789673,1,100
banknote,ga,5,5,0,42,5,isolate_O,1.0,1.0,3.6989510445028415,2.5353514786665983,7.984530448913574,1,100
banknote,sa,5,5,0,42,5,isolate_O,1.0,1.0,4.520625478966716,3.0,6.209975004196167,1,100
banknote,grid,6,6,0,42,6,isolate_O,1.0,1.0,-0.5555555555555554,3.0,9.770049571990969,18,100
banknote,random,6,6,0,42,6,isolate_O,1.0,1.0,12.857203028720033,-9.02436350457881,9.009043216705322,1,100
banknote,bo_tpe,6,6,0,42,6,isolate_O,1.0,1.0,12.857203028720033,-9.02436350457881,7.299286603927612,1,100
banknote,pso,6,6,0,42,6,isolate_O,1.0,1.0,13.214026242073556,-4.364199797889398,5.366907596588135,1,100
banknote,de,6,6,0,42,6,isolate_O,1.0,1.0,14.74889980372933,-3.6103870930713695,6.098976135253906,3,100
banknote,ga,6,6,0,42,6,isolate_O,1.0,1.0,14.74889980372933,-3.6103870930713695,5.327228307723999,3,100
banknote,sa,6,6,0,42,6,isolate_O,1.0,1.0,12.857203028720033,-9.02436350457881,7.279396533966064,1,100
banknote,grid,7,7,0,42,7,isolate_O,1.0,1.0,-0.5555555555555554,3.0,9.347521305084229,18,100
banknote,random,7,7,0,42,7,isolate_O,1.0,1.0,3.7681846288178704,-1.9776267990430585,7.892575740814209,1,100
banknote,bo_tpe,7,7,0,42,7,isolate_O,1.0,1.0,3.7681846288178704,-1.9776267990430585,6.324144124984741,1,100
banknote,pso,7,7,0,42,7,isolate_O,1.0,1.0,13.630995250718245,-1.2840378261891452,5.175328493118286,2,100
banknote,de,7,7,0,42,7,isolate_O,1.0,1.0,10.941388575040923,-6.577170848813026,6.46952486038208,1,100
banknote,ga,7,7,0,42,7,isolate_O,1.0,1.0,10.941388575040923,-6.577170848813026,6.141135692596436,1,100
banknote,sa,7,7,0,42,7,isolate_O,1.0,1.0,-0.0927828049201444,-1.8001490066514356,4.991400241851807,1,100
banknote,grid,8,8,0,42,8,isolate_O,1.0,1.0,-0.5555555555555554,3.0,8.29312252998352,18,100
banknote,random,8,8,0,42,8,isolate_O,1.0,1.0,12.468588055836324,2.4337319307767764,7.553919553756714,1,100
banknote,bo_tpe,8,8,0,42,8,isolate_O,1.0,1.0,12.468588055836324,2.4337319307767764,6.194860935211182,1,100
banknote,pso,8,8,0,42,8,isolate_O,1.0,1.0,14.286879030154868,-6.53378549998833,5.365396022796631,3,100
banknote,de,8,8,0,42,8,isolate_O,1.0,1.0,1.5394455321112144,2.770983180082659,9.204488039016724,1,100
banknote,ga,8,8,0,42,8,isolate_O,1.0,1.0,1.5394455321112144,2.770983180082659,6.130868911743164,1,100
banknote,sa,8,8,0,42,8,isolate_O,1.0,1.0,12.468588055836324,2.4337319307767764,4.798154830932617,1,100
banknote,grid,9,9,0,42,9,isolate_O,1.0,1.0,-0.5555555555555554,3.0,8.13073205947876,18,100
banknote,random,9,9,0,42,9,isolate_O,1.0,1.0,8.98214782797522,-4.690323319750634,8.67320466041565,6,100
banknote,bo_tpe,9,9,0,42,9,isolate_O,1.0,1.0,8.98214782797522,-4.690323319750634,6.04434609413147,6,100
banknote,pso,9,9,0,42,9,isolate_O,1.0,1.0,8.208425447397742,2.158584755065672,6.66335916519165,1,100
banknote,de,9,9,0,42,9,isolate_O,1.0,1.0,12.404984079401691,-9.837290236424003,6.581684350967407,1,100
banknote,ga,9,9,0,42,9,isolate_O,1.0,1.0,12.404984079401691,-9.837290236424003,6.468486547470093,1,100
banknote,sa,9,9,0,42,9,isolate_O,1.0,1.0,-1.9601636116346732,1.593350095251444,7.034539937973023,6,100
banknote,grid,10,10,0,42,10,isolate_O,1.0,1.0,-0.5555555555555554,3.0,8.247050046920776,18,100
banknote,random,10,10,0,42,10,isolate_O,1.0,1.0,7.672964698525508,-1.521530114304987,7.713799238204956,2,100
banknote,bo_tpe,10,10,0,42,10,isolate_O,1.0,1.0,7.672964698525508,-1.521530114304987,6.997453451156616,2,100
banknote,pso,10,10,0,42,10,isolate_O,1.0,1.0,14.668862212128944,-2.2980169461928828,5.963494300842285,4,100
banknote,de,10,10,0,42,10,isolate_O,1.0,1.0,14.120034192579508,-11.261727418575356,7.452587604522705,1,100
banknote,ga,10,10,0,42,10,isolate_O,1.0,1.0,14.120034192579508,-11.261727418575356,6.610731601715088,1,100
banknote,sa,10,10,0,42,10,isolate_O,1.0,1.0,13.8579090439744,-9.64363955720717,6.184935808181763,9,100
banknote,grid,11,11,0,42,11,isolate_O,1.0,1.0,-0.5555555555555554,3.0,8.446349620819092,18,100
banknote,random,11,11,0,42,11,isolate_O,1.0,1.0,4.264370529966893,-1.9511892745413384,7.887000322341919,2,100
banknote,bo_tpe,11,11,0,42,11,isolate_O,1.0,1.0,4.264370529966893,-1.9511892745413384,6.90955114364624,2,100
banknote,pso,11,11,0,42,11,isolate_O,1.0,1.0,9.956277946974271,-8.967915254230572,6.66849160194397,1,100
banknote,de,11,11,0,42,11,isolate_O,1.0,1.0,-2.0414783084508814,1.7077984132866495,6.981538772583008,3,100
banknote,ga,11,11,0,42,11,isolate_O,1.0,1.0,-2.0414783084508814,1.7077984132866495,6.032163858413696,3,100
banknote,sa,11,11,0,42,11,isolate_O,1.0,1.0,2.346945802812162,-4.397111186597344,7.246906280517578,25,100
banknote,grid,12,12,0,42,12,isolate_O,1.0,1.0,-0.5555555555555554,3.0,8.22561264038086,18,100
banknote,random,12,12,0,42,12,isolate_O,1.0,1.0,6.040752665291331,-6.263206554071225,7.769814968109131,1,100
banknote,bo_tpe,12,12,0,42,12,isolate_O,1.0,1.0,6.040752665291331,-6.263206554071225,6.707081079483032,1,100
banknote,pso,12,12,0,42,12,isolate_O,1.0,1.0,4.776778103984622,1.5909454989888443,7.2734949588775635,1,100
banknote,de,12,12,0,42,12,isolate_O,1.0,1.0,0.0164891621689218,2.041552971469642,9.366764545440674,1,100
banknote,ga,12,12,0,42,12,isolate_O,1.0,1.0,0.0164891621689218,2.041552971469642,8.019349575042725,1,100
banknote,sa,12,12,0,42,12,isolate_O,1.0,1.0,8.967417805200922,-8.15812784786514,5.449865102767944,1,100
banknote,grid,13,13,0,42,13,isolate_O,1.0,1.0,-0.5555555555555554,3.0,8.818533897399902,18,100
banknote,random,13,13,0,42,13,isolate_O,1.0,1.0,11.48557065322737,2.383485564773995,7.97954511642456,2,100
banknote,bo_tpe,13,13,0,42,13,isolate_O,1.0,1.0,11.48557065322737,2.383485564773995,6.415740251541138,2,100
banknote,pso,13,13,0,42,13,isolate_O,1.0,1.0,10.816004832026362,-3.32895763700264,5.283767223358154,1,100
banknote,de,13,13,0,42,13,isolate_O,1.0,1.0,13.208143561316756,2.7264625542759973,8.320928812026978,1,100
banknote,ga,13,13,0,42,13,isolate_O,1.0,1.0,13.208143561316756,2.7264625542759973,7.023669004440308,1,100
banknote,sa,13,13,0,42,13,isolate_O,1.0,1.0,13.155245471702315,-8.952787630698975,6.131188631057739,2,100
banknote,grid,14,14,0,42,14,isolate_O,1.0,1.0,-0.5555555555555554,3.0,8.404277324676514,18,100
banknote,random,14,14,0,42,14,isolate_O,1.0,1.0,5.278866875453804,-1.083029062572658,7.809942007064819,1,100
banknote,bo_tpe,14,14,0,42,14,isolate_O,1.0,1.0,5.278866875453804,-1.083029062572658,6.879019021987915,1,100
banknote,pso,14,14,0,42,14,isolate_O,1.0,1.0,9.311474859409262,-8.428013753794737,5.216001987457275,1,100
banknote,de,14,14,0,42,14,isolate_O,1.0,1.0,11.61966637778223,-8.502959996983382,4.775452375411987,1,100
banknote,ga,14,14,0,42,14,isolate_O,1.0,1.0,11.61966637778223,-8.502959996983382,4.962026596069336,1,100
banknote,sa,14,14,0,42,14,isolate_O,1.0,1.0,5.278866875453804,-1.083029062572658,6.946468830108643,1,100
banknote,grid,15,15,0,42,15,isolate_O,1.0,1.0,-0.5555555555555554,3.0,8.146920919418335,18,100
banknote,random,15,15,0,42,15,isolate_O,1.0,1.0,13.352597956731248,-10.245356641439276,7.960139513015747,6,100
banknote,bo_tpe,15,15,0,42,15,isolate_O,1.0,1.0,13.352597956731248,-10.245356641439276,6.862831115722656,6,100
banknote,pso,15,15,0,42,15,isolate_O,1.0,1.0,14.125071623625873,-1.6677620552471542,5.3982884883880615,2,100
banknote,de,15,15,0,42,15,isolate_O,1.0,1.0,9.375427537509424,-8.783582926634885,7.307463645935059,1,100
banknote,ga,15,15,0,42,15,isolate_O,1.0,1.0,9.375427537509424,-8.783582926634885,7.659080028533935,1,100
banknote,sa,15,15,0,42,15,isolate_O,1.0,1.0,2.2369540343007364,-4.331181696588425,6.015987873077393,31,100
banknote,grid,16,16,0,42,16,isolate_O,1.0,1.0,-0.5555555555555554,3.0,8.086021423339844,18,100
banknote,random,16,16,0,42,16,isolate_O,1.0,1.0,8.932214284171899,-6.643246415277268,7.351315021514893,5,100
banknote,bo_tpe,16,16,0,42,16,isolate_O,1.0,1.0,8.932214284171899,-6.643246415277268,5.7059326171875,5,100
banknote,pso,16,16,0,42,16,isolate_O,1.0,1.0,7.7898263016238865,2.543429870126843,6.873934745788574,1,100
banknote,de,16,16,0,42,16,isolate_O,1.0,1.0,14.172676621288408,2.72972977949906,6.9339599609375,1,100
banknote,ga,16,16,0,42,16,isolate_O,1.0,1.0,14.172676621288408,2.72972977949906,7.231698036193848,1,100
banknote,sa,16,16,0,42,16,isolate_O,1.0,1.0,0.3497777325606612,-1.6913368545248788,8.963551044464111,11,100
banknote,grid,17,17,0,42,17,isolate_O,1.0,1.0,-0.5555555555555554,3.0,8.159161567687988,18,100
banknote,random,17,17,0,42,17,isolate_O,1.0,1.0,10.739709199998266,-3.1859966080346016,7.1280951499938965,3,100
banknote,bo_tpe,17,17,0,42,17,isolate_O,1.0,1.0,10.739709199998266,-3.1859966080346016,5.804657936096191,3,100
banknote,pso,17,17,0,42,17,isolate_O,1.0,1.0,11.77697199299662,-6.9905100872039405,5.092709064483643,4,100
banknote,de,17,17,0,42,17,isolate_O,1.0,1.0,3.5632899818721686,-3.995824047018351,7.581341505050659,4,100
banknote,ga,17,17,0,42,17,isolate_O,1.0,1.0,3.5632899818721686,-3.995824047018351,6.493894100189209,4,100
banknote,sa,17,17,0,42,17,isolate_O,1.0,1.0,2.141102276394907,-3.387878077874943,4.814173698425293,2,100
banknote,grid,18,18,0,42,18,isolate_O,1.0,1.0,-0.5555555555555554,3.0,8.129051208496094,18,100
banknote,random,18,18,0,42,18,isolate_O,1.0,1.0,8.007484834791834,-5.901839272772827,7.192187070846558,1,100
banknote,bo_tpe,18,18,0,42,18,isolate_O,1.0,1.0,8.007484834791834,-5.901839272772827,6.256781101226807,1,100
banknote,pso,18,18,0,42,18,isolate_O,1.0,1.0,5.685386159358101,-1.0062686504841931,5.574506044387817,1,100
banknote,de,18,18,0,42,18,isolate_O,1.0,1.0,2.9861153843514554,-2.086535772812109,6.050518751144409,1,100
banknote,ga,18,18,0,42,18,isolate_O,1.0,1.0,2.9861153843514554,-2.086535772812109,5.106491565704346,1,100
banknote,sa,18,18,0,42,18,isolate_O,1.0,1.0,8.007484834791834,-5.901839272772827,6.540464162826538,1,100
banknote,grid,19,19,0,42,19,isolate_O,1.0,1.0,-0.5555555555555554,3.0,8.479710817337036,18,100
banknote,random,19,19,0,42,19,isolate_O,1.0,1.0,14.654838290884278,-3.558106773656654,8.29387617111206,1,100
banknote,bo_tpe,19,19,0,42,19,isolate_O,1.0,1.0,14.654838290884278,-3.558106773656654,6.450761556625366,1,100
banknote,pso,19,19,0,42,19,isolate_O,1.0,1.0,14.8548675024567,-4.076257621758268,5.373175144195557,2,100
banknote,de,19,19,0,42,19,isolate_O,1.0,1.0,3.407575914585216,1.6656482067006664,7.027926206588745,1,100
banknote,ga,19,19,0,42,19,isolate_O,1.0,1.0,3.407575914585216,1.6656482067006664,5.660926580429077,1,100
banknote,sa,19,19,0,42,19,isolate_O,1.0,1.0,-2.0872694639761487,3.0,7.046786308288574,1,100
banknote,grid,20,20,0,42,20,isolate_O,1.0,1.0,-0.5555555555555554,3.0,8.826017141342163,18,100
banknote,random,20,20,0,42,20,isolate_O,1.0,1.0,0.4463280413316788,-2.065093195179017,8.889759063720703,1,100
banknote,bo_tpe,20,20,0,42,20,isolate_O,1.0,1.0,0.4463280413316788,-2.065093195179017,10.35388469696045,1,100
banknote,pso,20,20,0,42,20,isolate_O,1.0,1.0,13.714000225179714,-1.6133898085275111,6.708055257797241,2,100
banknote,de,20,20,0,42,20,isolate_O,1.0,1.0,8.881357647151733,-6.923607715263863,7.050046920776367,5,100
banknote,ga,20,20,0,42,20,isolate_O,1.0,1.0,8.881357647151733,-6.923607715263863,6.479732036590576,5,100
banknote,sa,20,20,0,42,20,isolate_O,1.0,1.0,7.477689053316058,-3.059024327782856,9.457502365112305,1,100
banknote,grid,21,21,0,42,21,isolate_O,1.0,1.0,-0.5555555555555554,3.0,10.613544464111328,18,100
banknote,random,21,21,0,42,21,isolate_O,1.0,1.0,1.0454378792923364,-3.0496146967554,7.868520498275757,4,100
banknote,bo_tpe,21,21,0,42,21,isolate_O,1.0,1.0,1.0454378792923364,-3.0496146967554,7.521618127822876,4,100
banknote,pso,21,21,0,42,21,isolate_O,1.0,1.0,14.889686610994794,-7.507371018781144,6.478327035903931,1,100
banknote,de,21,21,0,42,21,isolate_O,1.0,1.0,10.62235177634942,-4.094753467722576,6.722366809844971,1,100
banknote,ga,21,21,0,42,21,isolate_O,1.0,1.0,10.62235177634942,-4.094753467722576,8.808650493621826,1,100
banknote,sa,21,21,0,42,21,isolate_O,1.0,1.0,13.875965665897862,-10.503448730855766,8.051244974136353,19,100
banknote,grid,22,22,0,42,22,isolate_O,1.0,1.0,-0.5555555555555554,3.0,8.993899822235107,18,100
banknote,random,22,22,0,42,22,isolate_O,1.0,1.0,0.4106566659566235,-2.56125569190727,9.566599607467651,2,100
banknote,bo_tpe,22,22,0,42,22,isolate_O,1.0,1.0,0.4106566659566235,-2.56125569190727,7.1749677658081055,2,100
banknote,pso,22,22,0,42,22,isolate_O,1.0,1.0,14.923255223410948,-11.742502989587486,6.100126504898071,2,100
banknote,de,22,22,0,42,22,isolate_O,1.0,1.0,4.186740894878936,2.778161139843629,8.800140142440796,3,100
banknote,ga,22,22,0,42,22,isolate_O,1.0,1.0,4.186740894878936,2.778161139843629,6.222183465957642,3,100
banknote,sa,22,22,0,42,22,isolate_O,1.0,1.0,-2.1184427717439607,2.567200177805587,9.44168996810913,11,100
banknote,grid,23,23,0,42,23,isolate_O,1.0,1.0,-0.5555555555555554,3.0,8.12924599647522,18,100
banknote,random,23,23,0,42,23,isolate_O,1.0,1.0,5.345957676931786,2.0453268686666526,7.735915422439575,1,100
banknote,bo_tpe,23,23,0,42,23,isolate_O,1.0,1.0,5.345957676931786,2.0453268686666526,7.065514326095581,1,100
banknote,pso,23,23,0,42,23,isolate_O,1.0,1.0,-0.4713461919139838,2.436559314722452,6.359814167022705,4,100
banknote,de,23,23,0,42,23,isolate_O,1.0,1.0,8.878661613147285,-3.45375202419185,5.993193626403809,1,100
banknote,ga,23,23,0,42,23,isolate_O,1.0,1.0,8.878661613147285,-3.45375202419185,5.406466245651245,1,100
banknote,sa,23,23,0,42,23,isolate_O,1.0,1.0,5.345957676931786,2.0453268686666526,5.154500722885132,1,100
banknote,grid,24,24,0,42,24,isolate_O,1.0,1.0,-0.5555555555555554,3.0,8.251074314117432,18,100
banknote,random,24,24,0,42,24,isolate_O,1.0,1.0,14.200346066718373,-2.4087831009076304,6.928022146224976,1,100
banknote,bo_tpe,24,24,0,42,24,isolate_O,1.0,1.0,14.200346066718373,-2.4087831009076304,6.635620355606079,1,100
banknote,pso,24,24,0,42,24,isolate_O,1.0,1.0,11.153183148774447,-3.941667050705208,5.294175624847412,1,100
banknote,de,24,24,0,42,24,isolate_O,1.0,1.0,6.494756386543841,-5.884804189137336,5.230644226074219,2,100
banknote,ga,24,24,0,42,24,isolate_O,1.0,1.0,6.494756386543841,-5.884804189137336,4.855456352233887,2,100
banknote,sa,24,24,0,42,24,isolate_O,1.0,1.0,14.200346066718373,-2.4087831009076304,4.9673707485198975,1,100
banknote,grid,25,25,0,42,25,isolate_O,1.0,1.0,-0.5555555555555554,3.0,8.430870056152344,18,100
banknote,random,25,25,0,42,25,isolate_O,1.0,1.0,12.402482732544236,-4.519015283893925,7.655354022979736,1,100
banknote,bo_tpe,25,25,0,42,25,isolate_O,1.0,1.0,12.402482732544236,-4.519015283893925,6.476264476776123,1,100
banknote,pso,25,25,0,42,25,isolate_O,1.0,1.0,12.888699371491644,-5.69210795856077,5.192330360412598,2,100
banknote,de,25,25,0,42,25,isolate_O,1.0,1.0,14.81724357818414,-0.8351829271247091,6.144557237625122,4,100
banknote,ga,25,25,0,42,25,isolate_O,1.0,1.0,14.81724357818414,-0.8351829271247091,6.5608532428741455,4,100
banknote,sa,25,25,0,42,25,isolate_O,1.0,1.0,12.402482732544236,-4.519015283893925,5.986668348312378,1,100
banknote,grid,26,26,0,42,26,isolate_O,1.0,1.0,-0.5555555555555554,3.0,8.430590867996216,18,100
banknote,random,26,26,0,42,26,isolate_O,1.0,1.0,10.365953230759468,-0.7940267489245247,7.778703689575195,2,100
banknote,bo_tpe,26,26,0,42,26,isolate_O,1.0,1.0,10.365953230759468,-0.7940267489245247,6.604371786117554,2,100
banknote,pso,26,26,0,42,26,isolate_O,1.0,1.0,2.087761673904072,-2.373041761778401,5.768333196640015,1,100
banknote,de,26,26,0,42,26,isolate_O,1.0,1.0,11.262304027388804,-5.129939677472251,5.964933156967163,3,100
banknote,ga,26,26,0,42,26,isolate_O,1.0,1.0,11.262304027388804,-5.129939677472251,6.453806877136231,3,100
banknote,sa,26,26,0,42,26,isolate_O,1.0,1.0,2.5862700113505297,-4.459086705165401,5.867250204086304,2,100
banknote,grid,27,27,0,42,27,isolate_O,1.0,1.0,-0.5555555555555554,3.0,8.14420485496521,18,100
banknote,random,27,27,0,42,27,isolate_O,1.0,1.0,2.667615457452404,2.630219378601371,7.747925281524658,1,100
banknote,bo_tpe,27,27,0,42,27,isolate_O,1.0,1.0,2.667615457452404,2.630219378601371,6.890389919281006,1,100
banknote,pso,27,27,0,42,27,isolate_O,1.0,1.0,1.831891757115578,-4.113692678773438,5.530271291732788,1,100
banknote,de,27,27,0,42,27,isolate_O,1.0,1.0,13.624237307512676,-0.7859883612157663,5.911343336105347,1,100
banknote,ga,27,27,0,42,27,isolate_O,1.0,1.0,13.624237307512676,-0.7859883612157663,6.265671491622925,1,100
banknote,sa,27,27,0,42,27,isolate_O,1.0,1.0,6.482951273405923,2.905287902107337,5.26889181137085,1,100
banknote,grid,28,28,0,42,28,isolate_O,1.0,1.0,-0.5555555555555554,3.0,8.3749361038208,18,100
banknote,random,28,28,0,42,28,isolate_O,1.0,1.0,9.580274845782382,-4.89768715810246,7.569470167160034,1,100
banknote,bo_tpe,28,28,0,42,28,isolate_O,1.0,1.0,9.580274845782382,-4.89768715810246,6.8639185428619385,1,100
banknote,pso,28,28,0,42,28,isolate_O,1.0,1.0,11.386343934259816,2.13297564271916,6.613560438156128,1,100
banknote,de,28,28,0,42,28,isolate_O,1.0,1.0,12.52007554914452,2.115831185826945,6.316719055175781,1,100
banknote,ga,28,28,0,42,28,isolate_O,1.0,1.0,12.52007554914452,2.115831185826945,6.857047319412232,1,100
banknote,sa,28,28,0,42,28,isolate_O,1.0,1.0,9.580274845782382,-4.89768715810246,5.153269767761231,1,100
banknote,grid,29,29,0,42,29,isolate_O,1.0,1.0,-0.5555555555555554,3.0,9.011488437652588,18,100
banknote,random,29,29,0,42,29,isolate_O,1.0,1.0,12.275199711401658,-9.871692625902718,7.654150009155273,1,100
banknote,bo_tpe,29,29,0,42,29,isolate_O,1.0,1.0,12.275199711401658,-9.871692625902718,6.540564298629761,1,100
banknote,pso,29,29,0,42,29,isolate_O,1.0,1.0,8.868711716934154,-6.9929183019526455,5.216464996337891,1,100
banknote,de,29,29,0,42,29,isolate_O,1.0,1.0,10.762127875969572,-3.883283127065978,7.108050107955933,6,100
banknote,ga,29,29,0,42,29,isolate_O,1.0,1.0,10.762127875969572,-3.883283127065978,6.712813138961792,6,100
banknote,sa,29,29,0,42,29,isolate_O,1.0,1.0,12.275199711401658,-9.871692625902718,4.807870864868164,1,100
banknote,cuckoo,0,0,0,42,0,isolate_O,1.0,1.0,5.976270078546495,-2.12659140529645,9.31762409210205,1,100
banknote,sh,0,0,0,42,0,isolate_O,1.0,1.0,5.976270078546495,-2.12659140529645,50.777888774871826,1,1050
banknote,cuckoo,1,1,0,42,1,isolate_O,1.0,1.0,3.3404400940514805,-2.0341591180411545,14.49900484085083,1,100
banknote,sh,1,1,0,42,1,isolate_O,1.0,1.0,3.3404400940514805,-2.0341591180411545,49.951005697250366,1,1050
banknote,cuckoo,2,2,0,42,2,isolate_O,1.0,1.0,7.422676655385898,-5.475442303013297,10.973591566085815,2,100
banknote,sh,2,2,0,42,2,isolate_O,1.0,1.0,5.993249557574183,-7.164196932871016,55.02109932899475,1,1050
banknote,cuckoo,3,3,0,42,3,isolate_O,1.0,1.0,6.015958051491509,-2.2533391928741136,10.461448192596436,1,100
banknote,sh,3,3,0,42,3,isolate_O,1.0,1.0,6.015958051491509,-2.2533391928741136,47.7489447593689,1,1050
banknote,cuckoo,4,4,0,42,4,isolate_O,1.0,1.0,14.340596780273533,-5.149819514836999,9.173547983169556,1,100
banknote,sh,4,4,0,42,4,isolate_O,1.0,1.0,14.340596780273533,-5.149819514836999,49.47412347793579,1,1050
banknote,cuckoo,5,5,0,42,5,isolate_O,1.0,1.0,-0.8656168932114721,1.5349963428825895,10.211732387542725,1,100
banknote,sh,5,5,0,42,5,isolate_O,1.0,1.0,4.768223775896583,-3.988610467752377,47.63778805732727,1,1050
banknote,cuckoo,6,6,0,42,6,isolate_O,1.0,1.0,12.857203028720033,-9.02436350457881,8.487945318222046,1,100
banknote,sh,6,6,0,42,6,isolate_O,1.0,1.0,12.857203028720033,-9.02436350457881,47.80108046531677,1,1050
banknote,cuckoo,7,7,0,42,7,isolate_O,1.0,1.0,3.7681846288178704,-1.9776267990430583,9.059078454971313,1,100
banknote,sh,7,7,0,42,7,isolate_O,1.0,1.0,3.7681846288178704,-1.9776267990430583,50.237940073013306,1,1050
banknote,cuckoo,8,8,0,42,8,isolate_O,1.0,1.0,12.468588055836324,2.4337319307767764,10.150868654251099,1,100
banknote,sh,8,8,0,42,8,isolate_O,1.0,1.0,12.383890804278398,-5.444597551999218,48.09060978889465,1,1050
banknote,cuckoo,9,9,0,42,9,isolate_O,1.0,1.0,8.98214782797522,-4.690323319750634,7.919103145599365,6,100
banknote,sh,9,9,0,42,9,isolate_O,1.0,0.9963636363636363,14.019280632534329,-14.302529235018243,46.86531162261963,1,1050
banknote,cuckoo,10,10,0,42,10,isolate_O,1.0,1.0,7.672964698525508,-1.521530114304987,7.737535238265991,2,100
banknote,sh,10,10,0,42,10,isolate_O,1.0,1.0,7.672964698525508,-1.521530114304987,48.57260060310364,1,1050
banknote,cuckoo,11,11,0,42,11,isolate_O,1.0,1.0,4.264370529966893,-1.9511892745413384,10.620298862457275,2,100
banknote,sh,11,11,0,42,11,isolate_O,1.0,1.0,4.264370529966893,-1.9511892745413384,46.58450627326965,1,1050
banknote,cuckoo,12,12,0,42,12,isolate_O,1.0,1.0,6.040752665291331,-6.263206554071225,10.269236087799072,1,100
banknote,sh,12,12,0,42,12,isolate_O,1.0,1.0,6.040752665291331,-6.263206554071225,47.070544719696045,1,1050
banknote,cuckoo,13,13,0,42,13,isolate_O,1.0,1.0,11.48557065322737,2.383485564773995,11.39512586593628,2,100
banknote,sh,13,13,0,42,13,isolate_O,1.0,1.0,10.554048211476402,-10.724258039371579,49.307674169540405,1,1050
banknote,cuckoo,14,14,0,42,14,isolate_O,1.0,1.0,5.278866875453804,-1.083029062572658,7.68809962272644,1,100
banknote,sh,14,14,0,42,14,isolate_O,1.0,0.9927272727272727,12.408553714496254,-14.855154926463278,46.798990964889526,1,1050
banknote,cuckoo,15,15,0,42,15,isolate_O,1.0,1.0,13.352597956731248,-10.245356641439276,10.385780811309814,6,100
banknote,sh,15,15,0,42,15,isolate_O,1.0,1.0,11.976353945371574,-11.779873351422028,47.53604197502136,1,1050
banknote,cuckoo,16,16,0,42,16,isolate_O,1.0,1.0,8.932214284171899,-6.643246415277268,9.580870389938354,5,100
banknote,sh,16,16,0,42,16,isolate_O,1.0,0.9927272727272727,8.774523236427129,-12.052834349983815,48.31891417503357,1,1050
banknote,cuckoo,17,17,0,42,17,isolate_O,1.0,1.0,10.739709199998266,-3.1859966080346016,11.12389087677002,3,100
banknote,sh,17,17,0,42,17,isolate_O,1.0,1.0,10.739709199998266,-3.1859966080346016,49.875208377838135,1,1050
banknote,cuckoo,18,18,0,42,18,isolate_O,1.0,1.0,8.007484834791834,-5.901839272772827,8.68683648109436,1,100
banknote,sh,18,18,0,42,18,isolate_O,1.0,1.0,8.007484834791834,-5.901839272772827,48.87138104438782,1,1050
banknote,cuckoo,19,19,0,42,19,isolate_O,1.0,1.0,14.654838290884278,-3.558106773656654,8.991396427154541,1,100
banknote,sh,19,19,0,42,19,isolate_O,1.0,1.0,14.654838290884278,-3.558106773656654,50.73627972602844,1,1050
banknote,cuckoo,20,20,0,42,20,isolate_O,1.0,1.0,0.4463280413316788,-2.065093195179017,8.36846137046814,1,100
banknote,sh,20,20,0,42,20,isolate_O,1.0,0.9963636363636363,2.5736188401081623,-5.6668029819345485,49.369967460632324,1,1050
banknote,cuckoo,21,21,0,42,21,isolate_O,1.0,1.0,1.0454378792923364,-3.0496146967554,10.631449222564697,4,100
banknote,sh,21,21,0,42,21,isolate_O,1.0,1.0,1.0454378792923364,-3.0496146967554,47.919029712677,1,1050
banknote,cuckoo,22,22,0,42,22,isolate_O,1.0,1.0,0.41065666595662353,-2.56125569190727,10.828666925430298,2,100
banknote,sh,22,22,0,42,22,isolate_O,1.0,1.0,0.41065666595662353,-2.56125569190727,48.408955335617065,1,1050
banknote,cuckoo,23,23,0,42,23,isolate_O,1.0,1.0,5.345957676931786,2.0453268686666526,9.259219884872437,1,100
banknote,sh,23,23,0,42,23,isolate_O,1.0,1.0,10.309195187938139,-9.91687480859197,51.156166553497314,1,1050
banknote,cuckoo,24,24,0,42,24,isolate_O,1.0,1.0,14.200346066718371,-2.4087831009076304,9.488629341125488,1,100
banknote,sh,24,24,0,42,24,isolate_O,1.0,1.0,14.200346066718371,-2.4087831009076304,62.03956079483032,1,1050
banknote,cuckoo,25,25,0,42,25,isolate_O,1.0,1.0,12.402482732544236,-4.519015283893925,12.572725772857666,1,100
banknote,sh,25,25,0,42,25,isolate_O,1.0,1.0,12.402482732544236,-4.519015283893925,56.08977246284485,1,1050
banknote,cuckoo,26,26,0,42,26,isolate_O,1.0,1.0,10.365953230759468,-0.7940267489245247,7.275118589401245,2,100
banknote,sh,26,26,0,42,26,isolate_O,1.0,1.0,6.363496908115518,-6.261137627936474,49.77794623374939,1,1050
banknote,cuckoo,27,27,0,42,27,isolate_O,1.0,1.0,2.6676154574524036,2.630219378601371,9.319611072540283,1,100
banknote,sh,27,27,0,42,27,isolate_O,1.0,1.0,9.836552948254816,-3.063420255664628,46.94861102104187,1,1050
banknote,cuckoo,28,28,0,42,28,isolate_O,1.0,1.0,9.580274845782382,-4.89768715810246,11.968344926834106,1,100
banknote,sh,28,28,0,42,28,isolate_O,1.0,1.0,9.580274845782382,-4.89768715810246,53.14483642578125,1,1050
banknote,cuckoo,29,29,0,42,29,isolate_O,1.0,1.0,12.275199711401658,-9.871692625902718,9.490464448928833,1,100
banknote,sh,29,29,0,42,29,isolate_O,1.0,1.0,4.054381151988228,-5.23865626784206,49.5807044506073,1,1050
steel-faults,grid,0,0,0,42,0,isolate_O,0.7506441240535214,0.8071979434447301,1.666666666666667,-3.0,62.18611788749695,37,100
steel-faults,random,0,0,0,42,0,isolate_O,0.7487127891297585,0.8123393316195373,1.3713790490264728,-2.9866131606537287,54.07117486000061,46,100
steel-faults,bo_tpe,0,0,0,42,0,isolate_O,0.7538761539259412,0.7994858611825193,1.74511558103773,-3.5729609060124483,54.45072150230408,12,100
steel-faults,pso,0,0,0,42,0,isolate_O,0.7525733845036822,0.8149100257069408,1.4393636361135675,-2.568486239700837,45.43711423873901,29,100
steel-faults,de,0,0,0,42,0,isolate_O,0.7480572554714241,0.7763496143958869,13.508457458923289,-9.733060208244698,73.51938056945801,38,100
steel-faults,ga,0,0,0,42,0,isolate_O,0.7500031117104035,0.7840616966580977,9.732546741616778,-7.999414368376132,51.47919011116028,34,100
steel-faults,sa,0,0,0,42,0,isolate_O,0.7519344466341666,0.8071979434447301,1.972372599170828,-2.7662839955393665,51.98107981681824,10,100
steel-faults,grid,1,1,0,42,1,isolate_O,0.7506441240535214,0.8071979434447301,1.666666666666667,-3.0,59.968997955322266,37,100
steel-faults,random,1,1,0,42,1,isolate_O,0.7487065657089514,0.8149100257069408,1.2684835631848568,-2.5381929179523475,56.59062337875366,5,100
steel-faults,bo_tpe,1,1,0,42,1,isolate_O,0.7532143968468,0.8097686375321337,1.59905504589939,-2.5715166500208197,42.066569566726685,47,100
steel-faults,pso,1,1,0,42,1,isolate_O,0.7525837568716938,0.794344473007712,2.10023283395929,-2.9633247033543264,49.829296588897705,23,100
steel-faults,de,1,1,0,42,1,isolate_O,0.7532164713204024,0.8071979434447301,1.5946343299818435,-2.4933064335955963,49.30881404876709,87,100
steel-faults,ga,1,1,0,42,1,isolate_O,0.7480717767866404,0.7789203084832905,10.00729345260105,-8.428671239877167,56.26568555831909,79,100
steel-faults,sa,1,1,0,42,1,isolate_O,0.7525692355564775,0.794344473007712,2.15388806159223,-2.4542354233340973,48.80402708053589,2,100
steel-faults,grid,2,2,0,42,2,isolate_O,0.7506441240535214,0.8071979434447301,1.666666666666667,-3.0,60.929213762283325,37,100
steel-faults,random,2,2,0,42,2,isolate_O,0.7538782283995435,0.7892030848329049,3.3947092261364133,-5.276552717991645,66.61866331100464,57,100
steel-faults,bo_tpe,2,2,0,42,2,isolate_O,0.7538574836635205,0.8097686375321337,1.6969564403129418,-2.7155989672197145,47.41280150413513,37,100
steel-faults,pso,2,2,0,42,2,isolate_O,0.7538595581371227,0.8097686375321337,1.4491241053293678,-2.4069805705813163,45.88991498947144,45,100
steel-faults,de,2,2,0,42,2,isolate_O,0.7493496525256715,0.7969151670951157,1.6496496447256028,-2.1284181044617263,53.43564248085022,5,100
steel-faults,ga,2,2,0,42,2,isolate_O,0.7538761539259413,0.7994858611825193,2.1329226810117734,-2.952648625658636,45.92801308631897,24,100
steel-faults,sa,2,2,0,42,2,isolate_O,0.7525941292397054,0.7917737789203085,2.711696961542017,-4.969754595725993,43.50531983375549,86,100
steel-faults,grid,3,3,0,42,3,isolate_O,0.7506441240535214,0.8071979434447301,1.666666666666667,-3.0,61.55418300628662,37,100
steel-faults,random,3,3,0,42,3,isolate_O,0.7506544964215329,0.7969151670951157,2.4720024829785654,-2.973573514765185,57.09555387496948,11,100
steel-faults,bo_tpe,3,3,0,42,3,isolate_O,0.7525713100300798,0.8097686375321337,1.3976725743608367,-2.429930245360312,50.71555972099304,32,100
steel-faults,pso,3,3,0,42,3,isolate_O,0.751307955606265,0.794344473007712,1.6409739314131873,-3.736264903105082,54.82278513908386,20,100
steel-faults,de,3,3,0,42,3,isolate_O,0.7525733845036822,0.8123393316195373,1.654681592009434,-2.778457859312815,51.85443878173828,9,100
steel-faults,ga,3,3,0,42,3,isolate_O,0.7538595581371228,0.8149100257069408,1.5263934345338368,-2.689496248402728,42.3919517993927,50,100
steel-faults,sa,3,3,0,42,3,isolate_O,0.7513017321854579,0.7917737789203085,3.8379327438090094,-5.572153675781336,46.01777648925781,21,100
steel-faults,grid,4,4,0,42,4,isolate_O,0.7506441240535214,0.8071979434447301,1.666666666666667,-3.0,60.690813302993774,37,100
steel-faults,random,4,4,0,42,4,isolate_O,0.7461404418628772,0.7866323907455013,2.9380000580346533,-3.769509956131986,58.13079619407654,20,100
steel-faults,bo_tpe,4,4,0,42,4,isolate_O,0.7532143968468001,0.8123393316195373,1.6936265022293333,-2.716768664203518,48.209100008010864,34,100
steel-faults,pso,4,4,0,42,4,isolate_O,0.751289285343844,0.7994858611825193,2.012726899668344,-3.2391538693410507,46.81668543815613,7,100
steel-faults,de,4,4,0,42,4,isolate_O,0.7467939010476091,0.8097686375321337,0.5685433349548603,-3.2332700505020853,51.495638847351074,3,100
steel-faults,ga,4,4,0,42,4,isolate_O,0.753220620267607,0.7969151670951157,1.965702995367298,-3.256352265347452,55.81439185142517,28,100
steel-faults,sa,4,4,0,42,4,isolate_O,0.7480593299450266,0.7763496143958869,13.667034449843165,-9.838063152673769,97.78771138191225,9,100
steel-faults,grid,5,5,0,42,5,isolate_O,0.7506441240535214,0.8071979434447301,1.666666666666667,-3.0,61.89471697807312,37,100
steel-faults,random,5,5,0,42,5,isolate_O,0.7454952805725548,0.781491002570694,10.90174945842064,-8.662291156205367,56.63444972038269,8,100
steel-faults,bo_tpe,5,5,0,42,5,isolate_O,0.7512851363966393,0.7737789203084833,10.761347006850729,-8.381911866940248,59.183565855026245,8,100
steel-faults,pso,5,5,0,42,5,isolate_O,0.7500031117104035,0.794344473007712,4.431056853912281,-5.9388985594043024,46.55744791030884,24,100
steel-faults,de,5,5,0,42,5,isolate_O,0.7525920547661031,0.7917737789203085,3.169464108399973,-5.174831741572918,52.90685725212097,24,100
steel-faults,ga,5,5,0,42,5,isolate_O,0.7506565708951353,0.7917737789203085,3.996030340038745,-5.673789853389502,50.58861207962036,44,100
steel-faults,sa,5,5,0,42,5,isolate_O,0.7538782283995435,0.7917737789203085,2.459600775171733,-3.0998368054868566,54.56724882125855,46,100
steel-faults,grid,6,6,0,42,6,isolate_O,0.7506441240535214,0.8071979434447301,1.666666666666667,-3.0,61.198456048965454,37,100
steel-faults,random,6,6,0,42,6,isolate_O,0.7500155585520174,0.7969151670951157,1.7081569854665846,-3.794650220470377,60.00198841094971,5,100
steel-faults,bo_tpe,6,6,0,42,6,isolate_O,0.751930297686962,0.7969151670951157,1.9705070192690624,-3.266592434777572,47.65252423286438,5,100
steel-faults,pso,6,6,0,42,6,isolate_O,0.7500051861840059,0.7789203084832905,10.781992026501516,-8.53195890430681,71.98792791366577,19,100
steel-faults,de,6,6,0,42,6,isolate_O,0.7512789129758324,0.8020565552699229,1.8770559565963207,-2.411496909642634,52.5809817314148,18,100
steel-faults,ga,6,6,0,42,6,isolate_O,0.7538782283995435,0.7892030848329049,3.438067949441376,-5.2935519749063165,49.83627414703369,18,100
steel-faults,sa,6,6,0,42,6,isolate_O,0.7519427445285759,0.7917737789203085,1.83180049104924,-3.60357155597944,70.69436359405518,22,100
steel-faults,grid,7,7,0,42,7,isolate_O,0.7506441240535214,0.8071979434447301,1.666666666666667,-3.0,60.35471534729004,37,100
steel-faults,random,7,7,0,42,7,isolate_O,0.7422736230681466,0.7917737789203085,8.147989255595165,-8.333680506215366,56.538170337677,2,100
steel-faults,bo_tpe,7,7,0,42,7,isolate_O,0.7461404418628772,0.7763496143958869,8.809197168701884,-7.513256490070758,52.08132028579712,23,100
steel-faults,pso,7,7,0,42,7,isolate_O,0.7512975832382534,0.7892030848329049,2.1873572146778315,-3.1201207034855054,53.03901624679565,25,100
steel-faults,de,7,7,0,42,7,isolate_O,0.746125920547661,0.781491002570694,14.05483891316602,-9.98833898218608,69.31355595588684,46,100
steel-faults,ga,7,7,0,42,7,isolate_O,0.7435660201223939,0.7866323907455013,6.463282243835241,-6.56856628639949,50.21895670890808,28,100
steel-faults,sa,7,7,0,42,7,isolate_O,0.7480676278394357,0.7789203084832905,9.235223508719692,-7.634610840334346,69.28432893753052,16,100
steel-faults,grid,8,8,0,42,8,isolate_O,0.7506441240535214,0.8071979434447301,1.666666666666667,-3.0,61.07387328147888,37,100
steel-faults,random,8,8,0,42,8,isolate_O,0.7519323721605643,0.7763496143958869,10.671413455333564,-8.374256726469174,56.59752988815308,74,100
steel-faults,bo_tpe,8,8,0,42,8,isolate_O,0.7512872108702418,0.7789203084832905,10.439536139098918,-8.326273610237724,61.70148944854736,47,100
steel-faults,pso,8,8,0,42,8,isolate_O,0.7500093351312105,0.781491002570694,9.737594822136808,-8.157295754814857,58.95500349998474,57,100
steel-faults,de,8,8,0,42,8,isolate_O,0.7512996577118557,0.7969151670951157,2.8933716259720565,-4.722213757211652,44.53028225898743,24,100
steel-faults,ga,8,8,0,42,8,isolate_O,0.7519427445285759,0.7969151670951157,2.3983316204571983,-2.969835222803825,45.723206758499146,25,100
steel-faults,sa,8,8,0,42,8,isolate_O,0.7435577222279847,0.7789203084832905,11.655471432678764,-9.04324458529352,103.42189741134644,23,100
steel-faults,grid,9,9,0,42,9,isolate_O,0.7506441240535214,0.8071979434447301,1.666666666666667,-3.0,60.52167844772339,37,100
steel-faults,random,9,9,0,42,9,isolate_O,0.7442132558863188,0.7866323907455013,6.594215631878926,-6.654581115564559,57.97702527046204,11,100
steel-faults,bo_tpe,9,9,0,42,9,isolate_O,0.7519323721605643,0.8071979434447301,1.9411936893264148,-2.8094990033019265,47.835930585861206,65,100
steel-faults,pso,9,9,0,42,9,isolate_O,0.7525692355564775,0.8020565552699229,1.9926807473036543,-2.407480952092817,41.61443495750427,39,100
steel-faults,de,9,9,0,42,9,isolate_O,0.751295508764651,0.8020565552699229,2.0138295443441647,-3.139600003660579,56.75550699234009,9,100
steel-faults,ga,9,9,0,42,9,isolate_O,0.7538595581371227,0.794344473007712,1.754670308570647,-2.2355441442498,74.29959678649902,9,100
steel-faults,sa,9,9,0,42,9,isolate_O,0.7500134840784152,0.7917737789203085,3.4309435127924117,-5.464440982057411,88.48021197319031,8,100
steel-faults,grid,10,10,0,42,10,isolate_O,0.7506441240535214,0.8071979434447301,1.666666666666667,-3.0,61.43578600883484,37,100
steel-faults,random,10,10,0,42,10,isolate_O,0.7512975832382534,0.7917737789203085,4.170284124745461,-5.763791260819588,55.54305696487427,12,100
steel-faults,bo_tpe,10,10,0,42,10,isolate_O,0.7474266154963178,0.7712082262210797,14.287664534426456,-10.359923518421338,105.0648639202118,50,100
steel-faults,pso,10,10,0,42,10,isolate_O,0.7532372160564258,0.7917737789203085,2.719142475893925,-4.948598812649211,45.40699934959412,5,100
steel-faults,de,10,10,0,42,10,isolate_O,0.7538761539259412,0.7917737789203085,1.827916865931157,-3.6095387957071496,48.003278732299805,6,100
steel-faults,ga,10,10,0,42,10,isolate_O,0.7525754589772845,0.8123393316195373,1.675289134386766,-2.784322076853428,47.74757885932922,6,100
steel-faults,sa,10,10,0,42,10,isolate_O,0.7461279950212634,0.7737789203084833,11.195581857317611,-8.567812042763377,63.17780160903931,10,100
steel-faults,grid,11,11,0,42,11,isolate_O,0.7506441240535214,0.8071979434447301,1.666666666666667,-3.0,74.36958718299866,37,100
steel-faults,random,11,11,0,42,11,isolate_O,0.7525754589772846,0.7892030848329049,1.874266139206087,-2.2325816801141567,61.28402972221375,30,100
steel-faults,bo_tpe,11,11,0,42,11,isolate_O,0.7513038066590603,0.7892030848329049,2.815882305267869,-5.05611255132572,41.58232116699219,15,100
steel-faults,pso,11,11,0,42,11,isolate_O,0.753233067109221,0.794344473007712,2.1680680950521656,-3.0276283842001104,45.71801495552063,6,100
steel-faults,de,11,11,0,42,11,isolate_O,0.7545213152162639,0.794344473007712,2.37986247459582,-3.032342228117713,53.269770860672,13,100
steel-faults,ga,11,11,0,42,11,isolate_O,0.750654496421533,0.7969151670951157,3.818709990661356,-5.498667316369081,51.56955027580261,13,100
steel-faults,sa,11,11,0,42,11,isolate_O,0.7525899802925008,0.7917737789203085,3.1971852991430865,-5.148162264984242,40.07172107696533,19,100
steel-faults,grid,12,12,0,42,12,isolate_O,0.7506441240535214,0.8071979434447301,1.666666666666667,-3.0,61.1006932258606,37,100
steel-faults,random,12,12,0,42,12,isolate_O,0.7467856031532,0.7866323907455013,7.067112063351074,-7.01030658855716,54.330782651901245,6,100
steel-faults,bo_tpe,12,12,0,42,12,isolate_O,0.7525713100300798,0.7969151670951157,1.864671369953353,-2.281765128473481,45.8857855796814,14,100
steel-faults,pso,12,12,0,42,12,isolate_O,0.7532351415828233,0.794344473007712,2.4551094482697904,-3.054751374197027,51.14319062232971,21,100
steel-faults,de,12,12,0,42,12,isolate_O,0.7454952805725548,0.7866323907455013,3.3379208126620536,-4.72146389678591,50.38538384437561,50,100
steel-faults,ga,12,12,0,42,12,isolate_O,0.7512975832382534,0.7917737789203085,2.172243829497773,-3.1396304695854416,48.07012748718262,49,100
steel-faults,sa,12,12,0,42,12,isolate_O,0.7506503474743285,0.7789203084832905,10.637328098057187,-8.472366591764187,58.95793557167053,25,100
steel-faults,grid,13,13,0,42,13,isolate_O,0.7506441240535214,0.8071979434447301,1.666666666666667,-3.0,61.45289421081543,37,100
steel-faults,random,13,13,0,42,13,isolate_O,0.746132143968468,0.8020565552699229,2.45708055749615,-2.762736871594255,57.155319690704346,8,100
steel-faults,bo_tpe,13,13,0,42,13,isolate_O,0.753880302873146,0.7917737789203085,2.63763307351959,-4.881477802011946,46.905744314193726,22,100
steel-faults,pso,13,13,0,42,13,isolate_O,0.7519406700549736,0.7969151670951157,2.4370516671106315,-4.583462757439803,45.85188293457031,24,100
steel-faults,de,13,13,0,42,13,isolate_O,0.7448355979670158,0.7737789203084833,14.92093192278107,-10.5243609095477,82.92691111564636,19,100
steel-faults,ga,13,13,0,42,13,isolate_O,0.7467814542059952,0.7789203084832905,10.040000858895455,-8.466743398411529,62.89549517631531,19,100
steel-faults,sa,13,13,0,42,13,isolate_O,0.7480676278394356,0.794344473007712,4.586302604410806,-6.051997549706549,63.155961751937866,4,100
steel-faults,grid,14,14,0,42,14,isolate_O,0.7506441240535214,0.8071979434447301,1.666666666666667,-3.0,60.9882025718689,37,100
steel-faults,random,14,14,0,42,14,isolate_O,0.7487148636033607,0.781491002570694,11.129627158485398,-8.839416738935682,54.14543104171753,6,100
steel-faults,bo_tpe,14,14,0,42,14,isolate_O,0.7487148636033607,0.781491002570694,11.129627158485398,-8.839416738935682,77.14551281929016,6,100
steel-faults,pso,14,14,0,42,14,isolate_O,0.7487190125505653,0.7917737789203085,3.5342276290791896,-5.2705410278493,41.51143789291382,13,100
steel-faults,de,14,14,0,42,14,isolate_O,0.7525754589772845,0.7969151670951157,1.849876452194112,-2.1063411124792726,60.70824456214905,29,100
steel-faults,ga,14,14,0,42,14,isolate_O,0.7506565708951354,0.7866323907455013,2.6450566923110395,-3.301013354356714,46.23455786705017,12,100
steel-faults,sa,14,14,0,42,14,isolate_O,0.7525920547661031,0.7917737789203085,3.2143851784536626,-5.1779560692832565,35.784857749938965,5,100
steel-faults,grid,15,15,0,42,15,isolate_O,0.7506441240535214,0.8071979434447301,1.666666666666667,-3.0,62.09652543067932,37,100
steel-faults,random,15,15,0,42,15,isolate_O,0.7455015039933617,0.7917737789203085,3.770186185877776,-5.772166263572792,61.19121217727661,6,100
steel-faults,bo_tpe,15,15,0,42,15,isolate_O,0.7512872108702416,0.8097686375321337,1.7367400318860562,-2.6071833909337707,50.58641767501831,34,100
steel-faults,pso,15,15,0,42,15,isolate_O,0.7538761539259413,0.7969151670951157,2.2879393573126103,-2.953050909092121,48.27274537086487,8,100
steel-faults,de,15,15,0,42,15,isolate_O,0.7525733845036822,0.8123393316195373,1.888135155857133,-2.642525262799672,52.954622983932495,4,100
steel-faults,ga,15,15,0,42,15,isolate_O,0.750648273000726,0.7994858611825193,2.1015415248818705,-3.2802335181128366,44.38691592216492,4,100
steel-faults,sa,15,15,0,42,15,isolate_O,0.7519261487397573,0.794344473007712,1.986159928777876,-2.2784237737585284,43.72361612319946,26,100
steel-faults,grid,16,16,0,42,16,isolate_O,0.7506441240535214,0.8071979434447301,1.666666666666667,-3.0,60.31610989570618,37,100
steel-faults,random,16,16,0,42,16,isolate_O,0.7506420495799191,0.8020565552699229,1.781607987601861,-3.145654025306806,55.03656315803528,12,100
steel-faults,bo_tpe,16,16,0,42,16,isolate_O,0.7519468934757806,0.7917737789203085,3.7564229615152,-5.519414079561617,47.17098617553711,30,100
steel-faults,pso,16,16,0,42,16,isolate_O,0.7532351415828233,0.794344473007712,2.469920683149139,-3.058282332458188,42.57767462730408,32,100
steel-faults,de,16,16,0,42,16,isolate_O,0.7512872108702415,0.781491002570694,10.037017045073853,-8.074652786420604,59.70542240142822,53,100
steel-faults,ga,16,16,0,42,16,isolate_O,0.7448542682294368,0.7892030848329049,6.338336777587301,-6.6663489870518,63.36969971656799,1,100
steel-faults,sa,16,16,0,42,16,isolate_O,0.7429395290944922,0.7994858611825193,-0.1826539458693888,-3.050159125738108,53.93744134902954,21,100
steel-faults,grid,17,17,0,42,17,isolate_O,0.7506441240535214,0.8071979434447301,1.666666666666667,-3.0,61.00061273574829,37,100
steel-faults,random,17,17,0,42,17,isolate_O,0.7506586453687377,0.794344473007712,3.004480205785992,-4.767264841995647,51.99023914337158,40,100
steel-faults,bo_tpe,17,17,0,42,17,isolate_O,0.7467752307851883,0.7763496143958869,12.654983403191752,-9.392106636683422,54.452399492263794,17,100
steel-faults,pso,17,17,0,42,17,isolate_O,0.7538782283995437,0.7917737789203085,3.4402472272169997,-5.400279832360833,39.14560389518738,33,100
steel-faults,de,17,17,0,42,17,isolate_O,0.7525899802925007,0.7994858611825193,2.181215488997897,-2.964099345612984,45.71654748916626,64,100
steel-faults,ga,17,17,0,42,17,isolate_O,0.7519365211077689,0.794344473007712,2.283579857926056,-4.516819540734558,39.21881484985352,55,100
steel-faults,sa,17,17,0,42,17,isolate_O,0.748082149154652,0.8123393316195373,0.9928761366377172,-3.1394898141394054,51.69752240180969,2,100
steel-faults,grid,18,18,0,42,18,isolate_O,0.7506441240535214,0.8071979434447301,1.666666666666667,-3.0,60.310813903808594,37,100
steel-faults,random,18,18,0,42,18,isolate_O,0.7506607198423401,0.7866323907455013,2.8945418837457453,-5.1194026489559725,62.55229687690735,11,100
steel-faults,bo_tpe,18,18,0,42,18,isolate_O,0.7525713100300799,0.8020565552699229,1.961422389730252,-2.494354482763403,48.80156445503235,14,100
steel-faults,pso,18,18,0,42,18,isolate_O,0.7519344466341665,0.8071979434447301,1.904791799495177,-2.7240421896536184,51.633415937423706,45,100
steel-faults,de,18,18,0,42,18,isolate_O,0.7519531168965875,0.7840616966580977,2.5942164179653338,-3.16457202431749,49.78168344497681,18,100
steel-faults,ga,18,18,0,42,18,isolate_O,0.7538595581371227,0.8097686375321337,1.5976674478945192,-2.743121398636001,45.16848063468933,18,100
steel-faults,sa,18,18,0,42,18,isolate_O,0.7448459703350274,0.7737789203084833,12.274302275767935,-9.285806007619485,83.23344302177429,15,100
steel-faults,grid,19,19,0,42,19,isolate_O,0.7506441240535214,0.8071979434447301,1.666666666666667,-3.0,60.44354009628296,37,100
steel-faults,random,19,19,0,42,19,isolate_O,0.7512913598174462,0.8123393316195373,1.6619139896727724,-2.8386282701295045,55.30434727668762,15,100
steel-faults,bo_tpe,19,19,0,42,19,isolate_O,0.7506503474743285,0.8020565552699229,2.023144168832503,-3.1554721453818297,46.664451122283936,34,100
steel-faults,pso,19,19,0,42,19,isolate_O,0.7538595581371227,0.8097686375321337,1.4436460802073825,-2.405820864558012,57.29284167289734,34,100
steel-faults,de,19,19,0,42,19,isolate_O,0.7513017321854579,0.7917737789203085,2.9881177309507194,-5.024305355865243,50.43373799324036,15,100
steel-faults,ga,19,19,0,42,19,isolate_O,0.7532351415828233,0.7917737789203085,2.3675512235289293,-3.041734778241993,50.7275333404541,15,100
steel-faults,sa,19,19,0,42,19,isolate_O,0.7513100300798674,0.794344473007712,1.5959185455206928,-3.705757513853765,45.31268572807312,14,100
steel-faults,grid,20,20,0,42,20,isolate_O,0.7506441240535214,0.8071979434447301,1.666666666666667,-3.0,60.3691680431366,37,100
steel-faults,random,20,20,0,42,20,isolate_O,0.7512809874494347,0.7994858611825193,1.8950325401399093,-2.3441904232445445,54.54772090911865,30,100
steel-faults,bo_tpe,20,20,0,42,20,isolate_O,0.7532226947412094,0.8071979434447301,1.8137413193184488,-2.6526838540063995,45.70566701889038,14,100
steel-faults,pso,20,20,0,42,20,isolate_O,0.7500051861840058,0.781491002570694,9.487095467806157,-8.132762408159035,60.73497104644776,28,100
steel-faults,de,20,20,0,42,20,isolate_O,0.7519406700549737,0.7994858611825193,2.0886028831125314,-3.0900730767843227,70.7553482055664,30,100
steel-faults,ga,20,20,0,42,20,isolate_O,0.7480800746810498,0.7969151670951157,2.1536285763635843,-3.9209989992570593,48.931684255599976,17,100
steel-faults,sa,20,20,0,42,20,isolate_O,0.7538761539259412,0.8020565552699229,1.728514241616257,-3.565214999517112,46.41874361038208,15,100
steel-faults,grid,21,21,0,42,21,isolate_O,0.7506441240535214,0.8071979434447301,1.666666666666667,-3.0,61.39484238624573,37,100
steel-faults,random,21,21,0,42,21,isolate_O,0.7499989627631989,0.7737789203084833,10.186051055711056,-8.08349942237767,54.43318796157837,4,100
steel-faults,bo_tpe,21,21,0,42,21,isolate_O,0.7525899802925008,0.7917737789203085,3.652335749513501,-5.4830931588132445,43.37052059173584,4,100
steel-faults,pso,21,21,0,42,21,isolate_O,0.7506379006327145,0.8020565552699229,2.2236700019481312,-2.57819247097964,51.75502252578735,7,100
steel-faults,de,21,21,0,42,21,isolate_O,0.7467835286795975,0.781491002570694,9.652690137245257,-8.235867139700112,73.48219418525696,7,100
steel-faults,ga,21,21,0,42,21,isolate_O,0.7480800746810496,0.7892030848329049,3.8278899803890702,-5.716380224567757,58.19417905807495,29,100
steel-faults,sa,21,21,0,42,21,isolate_O,0.7506565708951354,0.7917737789203085,3.297492371556912,-5.365009830170004,52.78195381164551,29,100
steel-faults,grid,22,22,0,42,22,isolate_O,0.7506441240535214,0.8071979434447301,1.666666666666667,-3.0,60.7159264087677,37,100
steel-faults,random,22,22,0,42,22,isolate_O,0.7512975832382534,0.7969151670951157,2.529866078561822,-4.587279329591654,52.105860233306885,20,100
steel-faults,bo_tpe,22,22,0,42,22,isolate_O,0.7538740794523389,0.7994858611825193,2.302090514479324,-2.938130715751469,46.40291619300842,48,100
steel-faults,pso,22,22,0,42,22,isolate_O,0.7512996577118556,0.794344473007712,3.875027370400743,-5.552032921030451,40.72429847717285,27,100
steel-faults,de,22,22,0,42,22,isolate_O,0.7513017321854579,0.7917737789203085,3.621750082406313,-5.501607692159964,45.63607025146485,13,100
steel-faults,ga,22,22,0,42,22,isolate_O,0.751930297686962,0.7712082262210797,10.926909927954895,-8.47539906025938,47.46474528312683,28,100
steel-faults,sa,22,22,0,42,22,isolate_O,0.7538761539259414,0.7917737789203085,3.2939484492026843,-5.189747028180472,52.982248306274414,17,100
steel-faults,grid,23,23,0,42,23,isolate_O,0.7506441240535214,0.8071979434447301,1.666666666666667,-3.0,62.86267423629761,37,100
steel-faults,random,23,23,0,42,23,isolate_O,0.7461425163364795,0.781491002570694,2.4306755425993165,-3.9959937684246416,58.1678421497345,7,100
steel-faults,bo_tpe,23,23,0,42,23,isolate_O,0.7532143968468001,0.8097686375321337,1.6050214486558947,-2.5544946685266083,48.23142623901367,15,100
steel-faults,pso,23,23,0,42,23,isolate_O,0.7519261487397574,0.8097686375321337,1.950904580356022,-2.600869724445044,44.7372317314148,37,100
steel-faults,de,23,23,0,42,23,isolate_O,0.7506441240535213,0.8149100257069408,1.1590111110481978,-2.5101427997906534,49.117079734802246,44,100
steel-faults,ga,23,23,0,42,23,isolate_O,0.7480800746810498,0.794344473007712,2.016478837144166,-3.8406716515983232,48.609442472457886,67,100
steel-faults,sa,23,23,0,42,23,isolate_O,0.7403443626179856,0.7917737789203085,11.555164859949988,-10.07378994403118,71.7658519744873,5,100
steel-faults,grid,24,24,0,42,24,isolate_O,0.7506441240535214,0.8071979434447301,1.666666666666667,-3.0,60.423871755599976,37,100
steel-faults,random,24,24,0,42,24,isolate_O,0.7474307644435225,0.7994858611825193,3.336598215250042,-4.976106323064721,63.1626353263855,21,100
steel-faults,bo_tpe,24,24,0,42,24,isolate_O,0.753220620267607,0.7789203084832905,10.593052002148715,-8.346570170371201,75.58258390426636,34,100
steel-faults,pso,24,24,0,42,24,isolate_O,0.7500134840784151,0.781491002570694,9.548877996513436,-8.041570557773799,72.91324520111084,15,100
steel-faults,de,24,24,0,42,24,isolate_O,0.7500072606576081,0.7789203084832905,9.660905976027806,-8.153806598594919,57.76177072525024,6,100
steel-faults,ga,24,24,0,42,24,isolate_O,0.7506399751063169,0.7994858611825193,1.88152069346152,-3.217405008077531,47.61372232437134,6,100
steel-faults,sa,24,24,0,42,24,isolate_O,0.75257131003008,0.8123393316195373,1.4447800676009137,-2.5243964979974747,93.96130609512328,43,100
steel-faults,grid,25,25,0,42,25,isolate_O,0.7506441240535214,0.8071979434447301,1.666666666666667,-3.0,60.77520251274109,37,100
steel-faults,random,25,25,0,42,25,isolate_O,0.753861632610725,0.8123393316195373,1.5210225227565104,-2.414647717000061,53.11929535865784,9,100
steel-faults,bo_tpe,25,25,0,42,25,isolate_O,0.753861632610725,0.8123393316195373,1.5210225227565104,-2.414647717000061,50.92866635322571,9,100
steel-faults,pso,25,25,0,42,25,isolate_O,0.7525816823980915,0.794344473007712,2.4873511584311085,-4.647043306464348,44.64477825164795,88,100
steel-faults,de,25,25,0,42,25,isolate_O,0.7513058811326625,0.7892030848329049,3.2177688304781595,-5.253178300924457,52.37949728965759,35,100
steel-faults,ga,25,25,0,42,25,isolate_O,0.7525837568716938,0.7969151670951157,2.0961953674407017,-2.947412109747564,42.31415438652039,62,100
steel-faults,sa,25,25,0,42,25,isolate_O,0.7512913598174464,0.7917737789203085,2.68621439846442,-4.786147385464997,55.79085278511048,7,100
steel-faults,grid,26,26,0,42,26,isolate_O,0.7506441240535214,0.8071979434447301,1.666666666666667,-3.0,61.120805740356445,37,100
steel-faults,random,26,26,0,42,26,isolate_O,0.7467980499948138,0.8071979434447301,0.2508154506260274,-3.389162989689085,57.31984114646912,10,100
steel-faults,bo_tpe,26,26,0,42,26,isolate_O,0.7512955087646509,0.794344473007712,2.4833771828100195,-2.950287968535344,45.91160249710083,21,100
steel-faults,pso,26,26,0,42,26,isolate_O,0.7538740794523389,0.7994858611825193,2.233228097643164,-2.9231561244226127,50.46869921684265,1,100
steel-faults,de,26,26,0,42,26,isolate_O,0.7500155585520175,0.7994858611825193,1.7430135295460447,-3.7867678547379526,49.92668390274048,26,100
steel-faults,ga,26,26,0,42,26,isolate_O,0.7487252359713723,0.781491002570694,9.334033916293992,-7.948280729765444,44.0894923210144,36,100
steel-faults,sa,26,26,0,42,26,isolate_O,0.7519323721605643,0.7789203084832905,10.433069554772027,-8.23854502131529,55.93792963027954,2,100
steel-faults,grid,27,27,0,42,27,isolate_O,0.7506441240535214,0.8071979434447301,1.666666666666667,-3.0,60.96182823181152,37,100
steel-faults,random,27,27,0,42,27,isolate_O,0.7500031117104035,0.7917737789203085,3.0716250943955377,-4.951075855827934,61.1559317111969,15,100
steel-faults,bo_tpe,27,27,0,42,27,isolate_O,0.753226843688414,0.794344473007712,2.0097287918833926,-2.96121433175712,49.27813839912415,24,100
steel-faults,pso,27,27,0,42,27,isolate_O,0.7525879058188985,0.7892030848329049,2.2004164732186875,-3.082646400499245,48.27421832084656,1,100
steel-faults,de,27,27,0,42,27,isolate_O,0.7480738512602427,0.794344473007712,3.2963493504191126,-4.929012208486338,61.97921800613403,42,100
steel-faults,ga,27,27,0,42,27,isolate_O,0.7480593299450264,0.7763496143958869,13.508378079746976,-9.748184544849842,58.113797664642334,21,100
steel-faults,sa,27,27,0,42,27,isolate_O,0.7493579504200809,0.7840616966580977,9.706714441726229,-7.958979569302997,87.0156455039978,43,100
steel-faults,grid,28,28,0,42,28,isolate_O,0.7506441240535214,0.8071979434447301,1.666666666666667,-3.0,60.06832504272461,37,100
steel-faults,random,28,28,0,42,28,isolate_O,0.7461425163364797,0.7866323907455013,2.6374504455038927,-3.6573056872043104,54.84202408790589,10,100
steel-faults,bo_tpe,28,28,0,42,28,isolate_O,0.7532351415828233,0.7917737789203085,3.5521419020323006,-5.44697730135365,44.27937173843384,19,100
steel-faults,pso,28,28,0,42,28,isolate_O,0.7538637070843273,0.8123393316195373,1.8685449128789835,-2.650248803558374,48.79984855651856,16,100
steel-faults,de,28,28,0,42,28,isolate_O,0.7525941292397055,0.7917737789203085,2.760416172224934,-4.966334539796105,72.30314993858337,58,100
steel-faults,ga,28,28,0,42,28,isolate_O,0.7532164713204026,0.8123393316195373,1.5698075349595753,-2.6218014838783525,60.87671756744385,47,100
steel-faults,sa,28,28,0,42,28,isolate_O,0.7525899802925008,0.7994858611825193,1.7599748128446904,-3.6316089143837775,47.519118547439575,20,100
steel-faults,grid,29,29,0,42,29,isolate_O,0.7506441240535214,0.8071979434447301,1.666666666666667,-3.0,60.36060500144959,37,100
steel-faults,random,29,29,0,42,29,isolate_O,0.7493620993672856,0.794344473007712,2.1924362977822875,-3.235218401826605,53.82015252113342,1,100
steel-faults,bo_tpe,29,29,0,42,29,isolate_O,0.753861632610725,0.8123393316195373,1.5195481359335783,-2.414897809653935,51.96650505065918,16,100
steel-faults,pso,29,29,0,42,29,isolate_O,0.7500134840784151,0.794344473007712,1.931014840096996,-3.56507112299705,56.99909949302673,34,100
steel-faults,de,29,29,0,42,29,isolate_O,0.7512934342910487,0.7917737789203085,2.6278870925000364,-4.760546514355667,54.31073784828186,16,100
steel-faults,ga,29,29,0,42,29,isolate_O,0.753239290530028,0.7917737789203085,2.76508198101163,-4.963618336230185,58.72194218635559,16,100
steel-faults,sa,29,29,0,42,29,isolate_O,0.7474245410227155,0.7763496143958869,10.352793159485586,-8.573882362275912,112.64160084724426,1,100
steel-faults,cuckoo,0,0,0,42,0,isolate_O,0.7429042630432529,0.7994858611825193,2.7900896168720366,-2.673321638402054,98.20574998855591,1,100
steel-faults,sh,0,0,0,42,0,isolate_O,0.745497355046157,0.794344473007712,5.876119001546527,-6.775594410376215,68.05661582946777,10,1050
steel-faults,cuckoo,1,1,0,42,1,isolate_O,0.7487065657089514,0.8149100257069408,1.2684835631848568,-2.5381929179523475,64.8563940525055,5,100
steel-faults,sh,1,1,0,42,1,isolate_O,0.7442070324655118,0.7789203084832905,3.3169743653505463,-3.899668791205748,69.21872782707214,10,1050
steel-faults,cuckoo,2,2,0,42,2,isolate_O,0.7409915983819106,0.794344473007712,5.993249557574183,-7.164196932871016,79.78630542755127,2,100
steel-faults,sh,2,2,0,42,2,isolate_O,0.7480738512602427,0.7840616966580977,3.024975594650577,-3.7599480534570286,137.59900975227356,24,1050
steel-faults,cuckoo,3,3,0,42,3,isolate_O,0.7493662483144902,0.7789203084832905,2.7215981122687283,-3.3575969997053017,89.31382250785828,11,100
steel-faults,sh,3,3,0,42,3,isolate_O,0.7480759257338451,0.7969151670951157,4.0402323274315055,-5.370439584653495,94.34860134124756,24,1050
steel-faults,cuckoo,4,4,0,42,4,isolate_O,0.7429312312000829,0.7840616966580977,0.012676826873327496,-4.081374158101354,194.05177426338196,2,100
steel-faults,sh,4,4,0,42,4,isolate_O,0.7461404418628772,0.7866323907455013,2.9380000580346533,-3.7695099561319854,166.1190938949585,10,1050
steel-faults,cuckoo,5,5,0,42,5,isolate_O,0.7461404418628772,0.7892030848329049,4.860610939670154,-5.947895131867664,101.32340455055237,8,100
steel-faults,sh,5,5,0,42,5,isolate_O,0.7416284617778239,0.7737789203084833,3.2029540118919826,-4.489239902625748,103.68356108665466,12,1050
steel-faults,cuckoo,6,6,0,42,6,isolate_O,0.7500155585520174,0.7969151670951157,1.7081569854665846,-3.794650220470377,114.47639608383179,5,100
steel-faults,sh,6,6,0,42,6,isolate_O,0.7416367596722331,0.7763496143958869,3.403525054793228,-3.58451186327094,121.30283308029175,36,1050
steel-faults,cuckoo,7,7,0,42,7,isolate_O,0.7390581889845452,0.7789203084832905,2.8793833646394438,-6.247246979847888,428.556764125824,2,100
steel-faults,sh,7,7,0,42,7,isolate_O,0.7474286899699201,0.7969151670951157,4.182290798855657,-5.359949205783982,223.7629930973053,24,1050
steel-faults,cuckoo,8,8,0,42,8,isolate_O,0.7409915983819106,0.794344473007712,7.393641922068792,-7.330348131428541,171.7589888572693,5,100
steel-faults,sh,8,8,0,42,8,isolate_O,0.7364713204024479,0.7840616966580977,5.578076527341242,-7.773788405070511,239.85872411727905,11,1050
steel-faults,cuckoo,9,9,0,42,9,isolate_O,0.7403339902499739,0.7892030848329049,14.583413598440671,-11.151702649803116,169.88398480415344,9,100
steel-faults,sh,9,9,0,42,9,isolate_O,0.7474224665491132,0.8123393316195373,1.223971336920937,-2.8553272210771237,150.03972220420837,10,1050
steel-faults,cuckoo,10,10,0,42,10,isolate_O,0.7493579504200809,0.7969151670951157,2.466815201029384,-2.865594928805784,121.02705430984497,12,100
steel-faults,sh,10,10,0,42,10,isolate_O,0.751289285343844,0.8046272493573264,1.8798658791611311,-2.8141298692153836,97.67922711372375,36,1050
steel-faults,cuckoo,11,11,0,42,11,isolate_O,0.7461425163364795,0.794344473007712,4.354689610033088,-5.554071565530203,93.15528345108032,2,100
steel-faults,sh,11,11,0,42,11,isolate_O,0.751930297686962,0.794344473007712,2.0547494367180157,-3.3373007864584086,93.64145016670227,73,1050
steel-faults,cuckoo,12,12,0,42,12,isolate_O,0.7513079556062648,0.7866323907455013,2.561278528715331,-3.152979510204042,104.4283094406128,13,100
steel-faults,sh,12,12,0,42,12,isolate_O,0.7396950523804585,0.7737789203084833,3.867928017057526,-3.7337941303568947,100.29356002807617,22,1050
steel-faults,cuckoo,13,13,0,42,13,isolate_O,0.746132143968468,0.8020565552699229,2.45708055749615,-2.762736871594255,145.20311069488525,8,100
steel-faults,sh,13,13,0,42,13,isolate_O,0.7493600248936831,0.8020565552699229,1.9667043433265574,-3.1465568474436196,97.57971906661987,22,1050
steel-faults,cuckoo,14,14,0,42,14,isolate_O,0.7487148636033607,0.781491002570694,11.129627158485398,-8.839416738935682,181.3262119293213,6,100
steel-faults,sh,14,14,0,42,14,isolate_O,0.7448521937558346,0.7789203084832905,3.1843156572154108,-3.819891224386943,112.41675972938538,10,1050
steel-faults,cuckoo,15,15,0,42,15,isolate_O,0.751930297686962,0.8046272493573264,1.7418860272112653,-3.0900053879497054,137.59390211105347,35,100
steel-faults,sh,15,15,0,42,15,isolate_O,0.7396971268540609,0.7840616966580977,3.096125918846724,-4.314166348356585,108.310537815094,10,1050
steel-faults,cuckoo,16,16,0,42,16,isolate_O,0.7435680945959964,0.7866323907455013,6.32892657438391,-6.50365231664531,135.6853985786438,12,100
steel-faults,sh,16,16,0,42,16,isolate_O,0.7506420495799191,0.8020565552699229,1.781607987601861,-3.145654025306806,143.43383359909058,24,1050
steel-faults,cuckoo,17,17,0,42,17,isolate_O,0.7422632507001349,0.794344473007712,11.868085459369357,-9.666861443469,105.78138208389282,11,100
steel-faults,sh,17,17,0,42,17,isolate_O,0.7429333056736853,0.794344473007712,0.753825088539859,-3.8419355907265924,72.84197449684143,34,1050
steel-faults,cuckoo,18,18,0,42,18,isolate_O,0.7506524219479307,0.8020565552699229,2.0379521504900246,-3.166087126696457,100.21862506866455,11,100
steel-faults,sh,18,18,0,42,18,isolate_O,0.7409874494347058,0.781491002570694,3.519758328824075,-3.4584871645212463,72.18898177146912,22,1050
steel-faults,cuckoo,19,19,0,42,19,isolate_O,0.7461508142308888,0.7917737789203085,2.65026245696819,-5.046725125144657,110.37830853462219,10,100
steel-faults,sh,19,19,0,42,19,isolate_O,0.7512913598174462,0.8123393316195373,1.6619139896727724,-2.8386282701295045,84.47113275527954,12,1050
steel-faults,cuckoo,20,20,0,42,20,isolate_O,0.7512851363966393,0.8123393316195373,1.7082096859959879,-2.5664190648102845,96.16807532310486,90,100
steel-faults,sh,20,20,0,42,20,isolate_O,0.7396992013276631,0.7866323907455013,1.0150199654562435,-4.340988845564819,97.03510403633118,10,1050
steel-faults,cuckoo,21,21,0,42,21,isolate_O,0.7499989627631989,0.7737789203084833,10.186051055711056,-8.08349942237767,140.29269289970398,4,100
steel-faults,sh,21,21,0,42,21,isolate_O,0.746138367389275,0.8174807197943444,1.0773398943070944,-2.8429369635683273,97.0175154209137,10,1050
steel-faults,cuckoo,22,22,0,42,22,isolate_O,0.7500051861840058,0.7917737789203085,2.9686939736721847,-4.9001080484867625,93.68880534172058,55,100
steel-faults,sh,22,22,0,42,22,isolate_O,0.7474328389171248,0.7866323907455013,2.906361057129619,-3.65477147592013,90.46058225631714,11,1050
steel-faults,cuckoo,23,23,0,42,23,isolate_O,0.751301732185458,0.794344473007712,2.8861866937095826,-4.697892877180422,101.03574442863464,24,100
steel-faults,sh,23,23,0,42,23,isolate_O,0.7403443626179856,0.7737789203084833,3.3459901956406206,-4.480487630693693,91.8279173374176,10,1050
steel-faults,cuckoo,24,24,0,42,24,isolate_O,0.740346437091588,0.7840616966580977,0.6087769700268559,-4.235634223550597,128.6432454586029,1,100
steel-faults,sh,24,24,0,42,24,isolate_O,0.7467856031531998,0.781491002570694,3.044368291615422,-3.761248881122061,96.26915645599365,10,1050
steel-faults,cuckoo,25,25,0,42,25,isolate_O,0.753861632610725,0.8123393316195373,1.5210225227565104,-2.4146477170000615,87.23523950576782,9,100
steel-faults,sh,25,25,0,42,25,isolate_O,0.748075925733845,0.7789203084832905,3.048870970941932,-3.4479408440124857,93.4390823841095,24,1050
steel-faults,cuckoo,26,26,0,42,26,isolate_O,0.7500010372368011,0.794344473007712,2.1160485763842405,-3.389550017062323,150.50918054580688,71,100
steel-faults,sh,26,26,0,42,26,isolate_O,0.7448687895446531,0.7994858611825193,0.9404958925109881,-3.8508821415326526,146.5609302520752,11,1050
steel-faults,cuckoo,27,27,0,42,27,isolate_O,0.7448667150710506,0.7969151670951157,3.305272983907903,-5.755699516861174,125.90005016326904,15,100
steel-faults,sh,27,27,0,42,27,isolate_O,0.744856342703039,0.7763496143958869,3.638691849070616,-4.755512990334559,117.51872277259827,10,1050
steel-faults,cuckoo,28,28,0,42,28,isolate_O,0.7403485115651904,0.794344473007712,2.908456796648524,-5.8079447744076695,72.13001036643982,10,100
steel-faults,sh,28,28,0,42,28,isolate_O,0.7493620993672856,0.7840616966580977,2.195944304561033,-3.567195442125122,73.23191785812378,10,1050
steel-faults,cuckoo,29,29,0,42,29,isolate_O,0.7455015039933617,0.794344473007712,4.054381151988228,-5.23865626784206,96.75500822067261,1,100
steel-faults,sh,29,29,0,42,29,isolate_O,0.7422881443833627,0.794344473007712,1.050332989972846,-4.025998497413116,73.35901641845703,10,1050
ozone-8hr,grid,0,0,0,42,0,isolate_O,0.9422745241136046,0.95069033530572,1.666666666666667,-5.0,62.32247042655945,1,100
ozone-8hr,random,0,0,0,42,0,isolate_O,0.9422793894058262,0.9388560157790928,8.062166509307968,-10.440751154283925,56.97335720062256,1,100
ozone-8hr,bo_tpe,0,0,0,42,0,isolate_O,0.9432670437268138,0.940828402366864,7.36384773900465,-10.023570295589051,44.548585176467896,1,100
ozone-8hr,pso,0,0,0,42,0,isolate_O,0.9442522654016908,0.9447731755424064,7.39953867080725,-9.795568089478548,43.30320715904236,1,100
ozone-8hr,de,0,0,0,42,0,isolate_O,0.9437584382411968,0.9447731755424064,7.307702229625077,-9.731972917354176,45.999688148498535,1,100
ozone-8hr,ga,0,0,0,42,0,isolate_O,0.9442510490786352,0.9428007889546351,7.323354079179811,-9.83277062784991,48.08164167404175,1,100
ozone-8hr,sa,0,0,0,42,0,isolate_O,0.9442522654016908,0.940828402366864,6.919190186056455,-9.379340534127984,58.250985860824585,1,100
ozone-8hr,grid,1,1,0,42,1,isolate_O,0.9422745241136046,0.95069033530572,1.666666666666667,-5.0,60.582740783691406,1,100
ozone-8hr,random,1,1,0,42,1,isolate_O,0.9432658274037584,0.9428007889546351,8.384657869063691,-10.231447962069431,61.06365394592285,1,100
ozone-8hr,bo_tpe,1,1,0,42,1,isolate_O,0.9432658274037584,0.9467455621301776,6.581613721205904,-9.402053081119526,42.06750845909119,1,100
ozone-8hr,pso,1,1,0,42,1,isolate_O,0.94277321656632,0.9546351084812624,1.4854159607668975,-5.942538343003449,50.87396955490112,1,100
ozone-8hr,de,1,1,0,42,1,isolate_O,0.9432658274037584,0.9467455621301776,6.0414229287506345,-9.065522762951131,48.00149655342102,1,100
ozone-8hr,ga,1,1,0,42,1,isolate_O,0.9427695675971538,0.9546351084812624,3.424938319112891,-6.851506107198409,48.39516377449036,1,100
ozone-8hr,sa,1,1,0,42,1,isolate_O,0.9442522654016908,0.940828402366864,7.146997718112953,-9.489930868198575,81.6883385181427,1,100
ozone-8hr,grid,2,2,0,42,2,isolate_O,0.9422745241136046,0.95069033530572,1.666666666666667,-5.0,61.93977165222168,1,100
ozone-8hr,random,2,2,0,42,2,isolate_O,0.9437584382411968,0.9447731755424064,7.392829274199293,-9.77231862717021,50.91044545173645,1,100
ozone-8hr,bo_tpe,2,2,0,42,2,isolate_O,0.9427744328893756,0.9467455621301776,5.837521901294642,-9.065096736957008,38.40469026565552,1,100
ozone-8hr,pso,2,2,0,42,2,isolate_O,0.9442522654016908,0.9428007889546351,7.740042460953097,-9.879256987532749,46.578895568847656,1,100
ozone-8hr,de,2,2,0,42,2,isolate_O,0.9427707839202092,0.9546351084812624,3.1658580528074385,-7.11264900913575,52.79785871505737,1,100
ozone-8hr,ga,2,2,0,42,2,isolate_O,0.9427695675971538,0.9526627218934912,3.013386198365592,-6.695745932885012,52.11710548400879,1,100
ozone-8hr,sa,2,2,0,42,2,isolate_O,0.9427720002432644,0.9428007889546351,8.348892482936728,-10.34337176167762,42.88741421699524,1,100
ozone-8hr,grid,3,3,0,42,3,isolate_O,0.9422745241136046,0.95069033530572,1.666666666666667,-5.0,61.36371684074402,1,100
ozone-8hr,random,3,3,0,42,3,isolate_O,0.9437584382411968,0.9428007889546351,7.982880952295215,-9.987228912336445,55.43511199951172,1,100
ozone-8hr,bo_tpe,3,3,0,42,3,isolate_O,0.9437584382411968,0.9428007889546351,7.982880952295215,-9.987228912336445,40.82564401626587,1,100
ozone-8hr,pso,3,3,0,42,3,isolate_O,0.9432658274037584,0.95069033530572,4.1924134464026,-8.044902616150658,48.69427418708801,1,100
ozone-8hr,de,3,3,0,42,3,isolate_O,0.9422769567597152,0.9388560157790928,9.44329616284235,-11.063122357761518,51.084195137023926,1,100
ozone-8hr,ga,3,3,0,42,3,isolate_O,0.9427720002432648,0.9467455621301776,5.986982271524335,-8.96004225776635,45.01418352127075,1,100
ozone-8hr,sa,3,3,0,42,3,isolate_O,0.9437584382411968,0.9526627218934912,2.87388040891547,-7.070525889806654,40.475934743881226,1,100
ozone-8hr,grid,4,4,0,42,4,isolate_O,0.9422745241136046,0.95069033530572,1.666666666666667,-5.0,61.74180054664612,1,100
ozone-8hr,random,4,4,0,42,4,isolate_O,0.9442522654016908,0.9428007889546351,7.633844902499591,-9.815337114041252,63.47020077705383,2,100
ozone-8hr,bo_tpe,4,4,0,42,4,isolate_O,0.9437584382411968,0.9428007889546351,7.852066265262141,-9.922576849160471,40.31493926048279,2,100
ozone-8hr,pso,4,4,0,42,4,isolate_O,0.94277321656632,0.9487179487179488,5.534135026938396,-8.778689796577076,50.26239347457886,2,100
ozone-8hr,de,4,4,0,42,4,isolate_O,0.9442522654016908,0.9467455621301776,6.468902717786833,-9.267800135203968,51.492516040802,2,100
ozone-8hr,ga,4,4,0,42,4,isolate_O,0.9412917350848384,0.9388560157790928,9.868591139074022,-11.45215926168991,60.149898529052734,1,100
ozone-8hr,sa,4,4,0,42,4,isolate_O,0.941781913276166,0.9526627218934912,2.899238199609374,-6.369518109013533,57.67024493217468,1,100
ozone-8hr,grid,5,5,0,42,5,isolate_O,0.9422745241136046,0.95069033530572,1.666666666666667,-5.0,62.64578056335449,1,100
ozone-8hr,random,5,5,0,42,5,isolate_O,0.9437584382411968,0.940828402366864,7.092066284665668,-9.43384611347741,58.39951825141907,1,100
ozone-8hr,bo_tpe,5,5,0,42,5,isolate_O,0.9432621784345924,0.9526627218934912,2.8763590651737143,-6.515942184560426,41.47716021537781,1,100
ozone-8hr,pso,5,5,0,42,5,isolate_O,0.9437596545642524,0.9526627218934912,3.3989877027237902,-7.388652660220065,47.39780211448669,1,100
ozone-8hr,de,5,5,0,42,5,isolate_O,0.9412953840540048,0.9447731755424064,7.220572444687493,-10.113871118458173,52.67439913749695,1,100
ozone-8hr,ga,5,5,0,42,5,isolate_O,0.9427744328893752,0.95069033530572,5.30651122084284,-8.74037125535001,43.38978624343872,1,100
ozone-8hr,sa,5,5,0,42,5,isolate_O,0.9393139937967524,0.95069033530572,2.21167803226185,-4.704300203949419,92.18326544761658,1,100
ozone-8hr,grid,6,6,0,42,6,isolate_O,0.9422745241136046,0.95069033530572,1.666666666666667,-5.0,61.61565184593201,1,100
ozone-8hr,random,6,6,0,42,6,isolate_O,0.9422781730827708,0.9428007889546351,8.405793923495446,-10.12985864904276,60.614901304245,2,100
ozone-8hr,bo_tpe,6,6,0,42,6,isolate_O,0.9437584382411968,0.9526627218934912,2.7340918918463712,-7.052265629885828,40.93145132064819,2,100
ozone-8hr,pso,6,6,0,42,6,isolate_O,0.9437584382411968,0.9526627218934912,2.8245755920726494,-7.118727076961194,45.53199815750122,1,100
ozone-8hr,de,6,6,0,42,6,isolate_O,0.9437584382411968,0.940828402366864,6.736989468889279,-9.255308956864642,43.69941997528076,1,100
ozone-8hr,ga,6,6,0,42,6,isolate_O,0.9437584382411968,0.940828402366864,6.736989468889279,-9.255308956864642,44.58314776420593,1,100
ozone-8hr,sa,6,6,0,42,6,isolate_O,0.9437584382411968,0.9447731755424064,7.053726433324331,-9.635495765573983,41.65411043167114,3,100
ozone-8hr,grid,7,7,0,42,7,isolate_O,0.9422745241136046,0.95069033530572,1.666666666666667,-5.0,60.96504545211792,1,100
ozone-8hr,random,7,7,0,42,7,isolate_O,0.9432646110807028,0.9546351084812624,2.44769378770118,-6.40677921267141,55.64918255805969,1,100
ozone-8hr,bo_tpe,7,7,0,42,7,isolate_O,0.942279389405826,0.940828402366864,9.387779766290944,-10.858841590842612,42.9859139919281,1,100
ozone-8hr,pso,7,7,0,42,7,isolate_O,0.9437596545642524,0.9447731755424064,6.6333643361875225,-9.30540930978197,41.6830940246582,1,100
ozone-8hr,de,7,7,0,42,7,isolate_O,0.9422806057288816,0.9467455621301776,4.937468707870085,-8.720737431060162,46.43029451370239,1,100
ozone-8hr,ga,7,7,0,42,7,isolate_O,0.9427707839202092,0.9388560157790928,8.355757700926873,-10.52570991048144,46.41030263900757,1,100
ozone-8hr,sa,7,7,0,42,7,isolate_O,0.94227574043666,0.9526627218934912,2.785513695606756,-6.430667064458026,45.51581382751465,1,100
ozone-8hr,grid,8,8,0,42,8,isolate_O,0.9422745241136046,0.95069033530572,1.666666666666667,-5.0,60.47256231307984,1,100
ozone-8hr,random,8,8,0,42,8,isolate_O,0.941292951407894,0.9487179487179488,3.60937636584981,-7.757675519327433,56.152021646499634,1,100
ozone-8hr,bo_tpe,8,8,0,42,8,isolate_O,0.9437584382411968,0.9447731755424064,7.56063200747066,-9.839778078922714,41.81269264221192,1,100
ozone-8hr,pso,8,8,0,42,8,isolate_O,0.9442522654016908,0.940828402366864,6.928116263445787,-9.357132668551325,42.868024587631226,1,100
ozone-8hr,de,8,8,0,42,8,isolate_O,0.9432646110807033,0.9428007889546351,7.33455888814002,-9.53579170009237,39.93925476074219,1,100
ozone-8hr,ga,8,8,0,42,8,isolate_O,0.9432658274037584,0.95069033530572,3.761037601784517,-7.695339925457235,40.16416954994202,1,100
ozone-8hr,sa,8,8,0,42,8,isolate_O,0.94277321656632,0.9487179487179488,4.543897983853061,-8.312932756838018,92.0319049358368,1,100
ozone-8hr,grid,9,9,0,42,9,isolate_O,0.9422745241136046,0.95069033530572,1.666666666666667,-5.0,61.085798263549805,1,100
ozone-8hr,random,9,9,0,42,9,isolate_O,0.941784345922277,0.9467455621301776,8.280986188827963,-9.912007278678,59.19239377975464,1,100
ozone-8hr,bo_tpe,9,9,0,42,9,isolate_O,0.9442522654016908,0.9467455621301776,6.47949514400025,-9.279011181071043,49.17112803459168,1,100
ozone-8hr,pso,9,9,0,42,9,isolate_O,0.9432658274037584,0.95069033530572,3.587474458441069,-7.635359299948224,43.4551956653595,1,100
ozone-8hr,de,9,9,0,42,9,isolate_O,0.9398102536033568,0.9467455621301776,9.049935561469562,-10.322271217506344,65.85479784011841,2,100
ozone-8hr,ga,9,9,0,42,9,isolate_O,0.9422745241136046,0.9487179487179488,1.4241136392859086,-4.715687305820557,70.8256185054779,2,100
ozone-8hr,sa,9,9,0,42,9,isolate_O,0.9388274645745908,0.9388560157790928,15.0,-3.669550184432501,74.79791498184204,1,100
ozone-8hr,grid,10,10,0,42,10,isolate_O,0.9422745241136046,0.95069033530572,1.666666666666667,-5.0,62.01162219047546,1,100
ozone-8hr,random,10,10,0,42,10,isolate_O,0.9422793894058262,0.9546351084812624,1.7941568727572736,-6.089124644115822,53.9319441318512,1,100
ozone-8hr,bo_tpe,10,10,0,42,10,isolate_O,0.9432646110807028,0.9447731755424064,6.372865473746905,-8.957521791444814,43.11302375793457,1,100
ozone-8hr,pso,10,10,0,42,10,isolate_O,0.9437584382411968,0.9447731755424064,7.276007386267677,-9.76458625896483,42.87975788116455,1,100
ozone-8hr,de,10,10,0,42,10,isolate_O,0.9437584382411968,0.9467455621301776,6.515210958890272,-9.31572061376452,54.01037383079529,2,100
ozone-8hr,ga,10,10,0,42,10,isolate_O,0.9432646110807028,0.9447731755424064,6.552438548408908,-9.069203018949434,55.88250350952149,2,100
ozone-8hr,sa,10,10,0,42,10,isolate_O,0.9422806057288816,0.9447731755424064,8.055168772825397,-10.564244000973847,43.1526894569397,1,100
ozone-8hr,grid,11,11,0,42,11,isolate_O,0.9422745241136046,0.95069033530572,1.666666666666667,-5.0,62.74643349647522,1,100
ozone-8hr,random,11,11,0,42,11,isolate_O,0.9432633947576476,0.9388560157790928,8.46980287440391,-10.528445719623376,67.09722542762756,1,100
ozone-8hr,bo_tpe,11,11,0,42,11,isolate_O,0.9437596545642524,0.95069033530572,3.376388644111066,-7.355514391026084,42.44191598892212,1,100
ozone-8hr,pso,11,11,0,42,11,isolate_O,0.9442522654016908,0.9467455621301776,6.383462637032405,-9.228584601686036,44.61603879928589,1,100
ozone-8hr,de,11,11,0,42,11,isolate_O,0.9427720002432644,0.940828402366864,8.403765037612988,-10.383608539900544,45.951680183410645,1,100
ozone-8hr,ga,11,11,0,42,11,isolate_O,0.9427720002432644,0.9428007889546351,8.256859050335985,-10.299011853108972,43.18959331512451,1,100
ozone-8hr,sa,11,11,0,42,11,isolate_O,0.9432658274037584,0.95069033530572,3.762417007061155,-7.631276879683167,39.21150779724121,1,100
ozone-8hr,grid,12,12,0,42,12,isolate_O,0.9422745241136046,0.95069033530572,1.666666666666667,-5.0,61.43543863296509,1,100
ozone-8hr,random,12,12,0,42,12,isolate_O,0.9437596545642524,0.9526627218934912,3.385005405182124,-7.367055962082023,61.68074631690979,1,100
ozone-8hr,bo_tpe,12,12,0,42,12,isolate_O,0.9442522654016908,0.9428007889546351,7.743331570098187,-9.86311538470335,41.65955209732056,1,100
ozone-8hr,pso,12,12,0,42,12,isolate_O,0.943758438241197,0.9467455621301776,6.239172625186816,-9.130081170325672,44.7789089679718,1,100
ozone-8hr,de,12,12,0,42,12,isolate_O,0.9422769567597152,0.9428007889546351,10.576801840441444,-11.375795437768144,52.05087375640869,1,100
ozone-8hr,ga,12,12,0,42,12,isolate_O,0.9432646110807028,0.9546351084812624,2.778268548524049,-6.790041831648509,49.28494215011597,1,100
ozone-8hr,sa,12,12,0,42,12,isolate_O,0.9442522654016908,0.9428007889546351,7.318653019361233,-9.638247824604573,52.96866106987,1,100
ozone-8hr,grid,13,13,0,42,13,isolate_O,0.9422745241136046,0.95069033530572,1.666666666666667,-5.0,62.927274227142334,1,100
ozone-8hr,random,13,13,0,42,13,isolate_O,0.9417831295992216,0.9487179487179488,6.283205577236222,-8.703920155181434,66.20392560958862,1,100
ozone-8hr,bo_tpe,13,13,0,42,13,isolate_O,0.94277321656632,0.9428007889546351,8.644772164441314,-10.420333666767268,53.10126543045044,1,100
ozone-8hr,pso,13,13,0,42,13,isolate_O,0.9437596545642524,0.9467455621301776,6.388554243574288,-9.206438600226337,54.32912087440491,1,100
ozone-8hr,de,13,13,0,42,13,isolate_O,0.9437584382411968,0.9447731755424064,7.275833820942037,-9.671025711424376,63.87368035316467,1,100
ozone-8hr,ga,13,13,0,42,13,isolate_O,0.9427683512740984,0.9487179487179488,1.3636075083372745,-4.658800924822178,65.69187021255493,1,100
ozone-8hr,sa,13,13,0,42,13,isolate_O,0.9442522654016908,0.940828402366864,7.130589344943976,-9.506772120988742,44.393208503723145,1,100
ozone-8hr,grid,14,14,0,42,14,isolate_O,0.9422745241136046,0.95069033530572,1.666666666666667,-5.0,61.22667026519776,1,100
ozone-8hr,random,14,14,0,42,14,isolate_O,0.9432633947576476,0.9526627218934912,2.596163523141408,-6.4161959278492695,52.91465878486633,1,100
ozone-8hr,bo_tpe,14,14,0,42,14,isolate_O,0.9437584382411968,0.9526627218934912,2.9064786559273106,-7.010922856962082,40.21725058555603,1,100
ozone-8hr,pso,14,14,0,42,14,isolate_O,0.9442522654016908,0.940828402366864,7.06372315725636,-9.427245760163748,42.31915831565857,2,100
ozone-8hr,de,14,14,0,42,14,isolate_O,0.9407979079243448,0.9368836291913216,10.450767692749949,-11.89667033238493,50.58280038833618,2,100
ozone-8hr,ga,14,14,0,42,14,isolate_O,0.9422745241136046,0.95069033530572,1.5833398268610948,-4.913079413104782,53.46031904220581,2,100
ozone-8hr,sa,14,14,0,42,14,isolate_O,0.9417879948914432,0.9487179487179488,1.5821528912776697,-6.327796198388184,44.55734872817993,1,100
ozone-8hr,grid,15,15,0,42,15,isolate_O,0.9422745241136046,0.95069033530572,1.666666666666667,-5.0,61.268714427948,1,100
ozone-8hr,random,15,15,0,42,15,isolate_O,0.9427744328893752,0.9447731755424064,3.3996364019474683,-7.74163618781708,51.80069398880005,1,100
ozone-8hr,bo_tpe,15,15,0,42,15,isolate_O,0.9442522654016908,0.940828402366864,7.674020774469403,-9.803918334290303,47.72993087768555,1,100
ozone-8hr,pso,15,15,0,42,15,isolate_O,0.9422793894058262,0.9487179487179488,5.648543788899428,-8.633206845336645,42.6919333934784,1,100
ozone-8hr,de,15,15,0,42,15,isolate_O,0.9417867785683878,0.9546351084812624,1.888135155857133,-6.179908893210395,63.11447238922119,1,100
ozone-8hr,ga,15,15,0,42,15,isolate_O,0.9422733077905492,0.95069033530572,1.6476760986329508,-4.821707365788256,63.91076898574829,1,100
ozone-8hr,sa,15,15,0,42,15,isolate_O,0.941292951407894,0.9428007889546351,8.489296907363444,-10.832340106011356,44.22580862045288,1,100
ozone-8hr,grid,16,16,0,42,16,isolate_O,0.9422745241136046,0.95069033530572,1.666666666666667,-5.0,62.20199632644653,1,100
ozone-8hr,random,16,16,0,42,16,isolate_O,0.9422781730827708,0.9526627218934912,4.1112971070443365,-7.792386016709704,60.257643699646,1,100
ozone-8hr,bo_tpe,16,16,0,42,16,isolate_O,0.943756005595086,0.9526627218934912,2.876120618283799,-6.541042345186105,42.46487593650818,1,100
ozone-8hr,pso,16,16,0,42,16,isolate_O,0.9432658274037584,0.9428007889546351,8.372896062102088,-10.1875236229776,42.10709619522095,1,100
ozone-8hr,de,16,16,0,42,16,isolate_O,0.9432658274037584,0.9428007889546351,8.265905339864005,-10.188399646875478,54.79818534851074,2,100
ozone-8hr,ga,16,16,0,42,16,isolate_O,0.9427720002432644,0.940828402366864,8.66482330389583,-10.565456960928367,55.45555329322815,2,100
ozone-8hr,sa,16,16,0,42,16,isolate_O,0.94227574043666,0.95069033530572,4.181136149552622,-7.158637337706616,84.48988699913025,1,100
ozone-8hr,grid,17,17,0,42,17,isolate_O,0.9422745241136046,0.95069033530572,1.666666666666667,-5.0,60.86092901229858,1,100
ozone-8hr,random,17,17,0,42,17,isolate_O,0.9437584382411968,0.9526627218934912,2.8074898255316905,-7.129464140975264,60.56371855735779,1,100
ozone-8hr,bo_tpe,17,17,0,42,17,isolate_O,0.9437596545642524,0.9447731755424064,6.791461737318637,-9.396633977232437,40.89583897590637,1,100
ozone-8hr,pso,17,17,0,42,17,isolate_O,0.9432646110807033,0.9526627218934912,3.1207307427367965,-6.94533047458946,46.4030749797821,1,100
ozone-8hr,de,17,17,0,42,17,isolate_O,0.9432658274037584,0.9526627218934912,3.0233210899988308,-7.213285777806841,46.87487554550171,1,100
ozone-8hr,ga,17,17,0,42,17,isolate_O,0.9432646110807028,0.9428007889546351,8.072572981013215,-10.013251691326534,41.70027709007263,1,100
ozone-8hr,sa,17,17,0,42,17,isolate_O,0.9432658274037584,0.9447731755424064,6.503055542101535,-9.40662091661375,80.32593297958374,1,100
ozone-8hr,grid,18,18,0,42,18,isolate_O,0.9422745241136046,0.95069033530572,1.666666666666667,-5.0,61.43599343299866,1,100
ozone-8hr,random,18,18,0,42,18,isolate_O,0.9427720002432648,0.9487179487179488,1.4255557119055258,-6.243321650053163,65.04497909545898,2,100
ozone-8hr,bo_tpe,18,18,0,42,18,isolate_O,0.9432646110807033,0.9526627218934912,3.163176784670355,-6.975845416358774,40.18339705467224,2,100
ozone-8hr,pso,18,18,0,42,18,isolate_O,0.9427720002432648,0.95069033530572,3.8123411020537272,-7.703836407347571,44.18477940559387,1,100
ozone-8hr,de,18,18,0,42,18,isolate_O,0.9432658274037584,0.9526627218934912,2.932452012617266,-7.108118398746764,57.29176712036133,1,100
ozone-8hr,ga,18,18,0,42,18,isolate_O,0.9422745241136046,0.9487179487179488,1.4372200387284968,-4.634761820122209,67.352205991745,1,100
ozone-8hr,sa,18,18,0,42,18,isolate_O,0.9412917350848384,0.95069033530572,1.174360915573574,-5.745515283589339,91.16838264465332,2,100
ozone-8hr,grid,19,19,0,42,19,isolate_O,0.9422745241136046,0.95069033530572,1.666666666666667,-5.0,60.944823026657104,1,100
ozone-8hr,random,19,19,0,42,19,isolate_O,0.9442522654016908,0.940828402366864,6.951411531506324,-9.385827722162604,57.47126340866089,1,100
ozone-8hr,bo_tpe,19,19,0,42,19,isolate_O,0.9437584382411968,0.9428007889546351,6.870083479625495,-9.390199449641656,41.302982330322266,1,100
ozone-8hr,pso,19,19,0,42,19,isolate_O,0.9427659186279876,0.95069033530572,1.86919910368296,-5.021159539551407,48.41045594215393,1,100
ozone-8hr,de,19,19,0,42,19,isolate_O,0.9432658274037584,0.95069033530572,3.659241394322725,-7.574828324344887,52.52821397781372,1,100
ozone-8hr,ga,19,19,0,42,19,isolate_O,0.9427707839202092,0.95069033530572,3.3459744564143725,-7.134252050792781,63.04605174064636,1,100
ozone-8hr,sa,19,19,0,42,19,isolate_O,0.9422769567597152,0.9526627218934912,2.8357120510689877,-6.674210123573025,44.45156717300415,1,100
ozone-8hr,grid,20,20,0,42,20,isolate_O,0.9422745241136046,0.95069033530572,1.666666666666667,-5.0,60.45915865898132,1,100
ozone-8hr,random,20,20,0,42,20,isolate_O,0.9437596545642524,0.9526627218934912,3.3188591601509643,-7.35819942546199,62.0239417552948,1,100
ozone-8hr,bo_tpe,20,20,0,42,20,isolate_O,0.9437596545642524,0.9467455621301776,6.431000644798143,-9.231166012864945,41.67312026023865,1,100
ozone-8hr,pso,20,20,0,42,20,isolate_O,0.9422781730827708,0.9526627218934912,2.451011315716233,-6.5971844313749815,46.26288723945618,1,100
ozone-8hr,de,20,20,0,42,20,isolate_O,0.9437596545642524,0.9447731755424064,6.616026698739594,-9.305031204369463,42.28523921966553,1,100
ozone-8hr,ga,20,20,0,42,20,isolate_O,0.9437572219181414,0.9388560157790928,7.80353617179524,-10.131200583819048,41.54956889152527,1,100
ozone-8hr,sa,20,20,0,42,20,isolate_O,0.9417806969531106,0.9467455621301776,1.6790967898018707,-4.586131630453619,77.13893485069275,1,100
ozone-8hr,grid,21,21,0,42,21,isolate_O,0.9422745241136046,0.95069033530572,1.666666666666667,-5.0,62.82870006561279,1,100
ozone-8hr,random,21,21,0,42,21,isolate_O,0.9422793894058262,0.9388560157790928,8.313872955483896,-10.605975058990078,60.68601727485657,1,100
ozone-8hr,bo_tpe,21,21,0,42,21,isolate_O,0.9442522654016908,0.9467455621301776,6.529913040821484,-9.3128219670706,45.11989784240723,1,100
ozone-8hr,pso,21,21,0,42,21,isolate_O,0.9432646110807033,0.9526627218934912,3.023699592271427,-6.910377299983294,45.21381378173828,2,100
ozone-8hr,de,21,21,0,42,21,isolate_O,0.9437584382411968,0.9447731755424064,7.829761418878597,-10.029551446616749,44.704079389572144,1,100
ozone-8hr,ga,21,21,0,42,21,isolate_O,0.9442522654016908,0.9447731755424064,7.539216338026101,-9.87170291199248,50.4674186706543,1,100
ozone-8hr,sa,21,21,0,42,21,isolate_O,0.9432646110807028,0.9546351084812624,2.8329764976042497,-6.892970496385589,72.49865555763245,1,100
ozone-8hr,grid,22,22,0,42,22,isolate_O,0.9422745241136046,0.95069033530572,1.666666666666667,-5.0,61.06266951560974,1,100
ozone-8hr,random,22,22,0,42,22,isolate_O,0.9412941677309494,0.940828402366864,5.1633448097540295,-9.17247102158978,59.62992858886719,1,100
ozone-8hr,bo_tpe,22,22,0,42,22,isolate_O,0.9432646110807028,0.940828402366864,6.651135564437117,-9.169781404926493,40.488234519958496,1,100
ozone-8hr,pso,22,22,0,42,22,isolate_O,0.9432658274037584,0.9467455621301776,6.243023246077755,-9.113303211613388,43.63962411880493,1,100
ozone-8hr,de,22,22,0,42,22,isolate_O,0.9437584382411968,0.9526627218934912,2.61728642406261,-6.879168259158835,46.0365993976593,1,100
ozone-8hr,ga,22,22,0,42,22,isolate_O,0.9432670437268138,0.95069033530572,4.546559054144577,-8.145393029251824,53.26065182685852,1,100
ozone-8hr,sa,22,22,0,42,22,isolate_O,0.9422769567597152,0.9526627218934912,3.635173371546205,-7.08735398358976,87.75117039680481,1,100
ozone-8hr,grid,23,23,0,42,23,isolate_O,0.9422745241136046,0.95069033530572,1.666666666666667,-5.0,61.34068965911865,1,100
ozone-8hr,random,23,23,0,42,23,isolate_O,0.9417879948914432,0.940828402366864,6.166943521281006,-9.9237051231211,56.172173261642456,1,100
ozone-8hr,bo_tpe,23,23,0,42,23,isolate_O,0.9437584382411968,0.9447731755424064,7.210876253271843,-9.667413329684427,40.60093379020691,1,100
ozone-8hr,pso,23,23,0,42,23,isolate_O,0.9437596545642524,0.9467455621301776,6.583667641414544,-9.26925063981436,45.00215768814087,1,100
ozone-8hr,de,23,23,0,42,23,isolate_O,0.9412941677309494,0.940828402366864,5.841250975109304,-9.81507809430646,52.045475244522095,1,100
ozone-8hr,ga,23,23,0,42,23,isolate_O,0.9427744328893752,0.9487179487179488,5.261354963126247,-8.71533951508285,61.68228626251221,1,100
ozone-8hr,sa,23,23,0,42,23,isolate_O,0.9427707839202092,0.9526627218934912,2.454461982402006,-6.500769525260917,92.60284376144408,1,100
ozone-8hr,grid,24,24,0,42,24,isolate_O,0.9422745241136046,0.95069033530572,1.666666666666667,-5.0,61.36197376251221,1,100
ozone-8hr,random,24,24,0,42,24,isolate_O,0.9427707839202092,0.9487179487179488,6.217821012911887,-8.68627570703205,59.3658595085144,1,100
ozone-8hr,bo_tpe,24,24,0,42,24,isolate_O,0.9427695675971538,0.9388560157790928,8.819918820579927,-10.736565141994967,42.68936324119568,1,100
ozone-8hr,pso,24,24,0,42,24,isolate_O,0.9432658274037584,0.95069033530572,3.734087281009847,-7.601510683133839,45.3886935710907,1,100
ozone-8hr,de,24,24,0,42,24,isolate_O,0.9432658274037584,0.9467455621301776,6.069638715199305,-9.016810584516628,47.246849060058594,1,100
ozone-8hr,ga,24,24,0,42,24,isolate_O,0.9437596545642524,0.95069033530572,3.472788050670054,-7.451941506756293,48.942161560058594,1,100
ozone-8hr,sa,24,24,0,42,24,isolate_O,0.9432646110807028,0.9546351084812624,3.01052946846394,-6.99738333625599,66.68678259849548,1,100
ozone-8hr,grid,25,25,0,42,25,isolate_O,0.9422745241136046,0.95069033530572,1.666666666666667,-5.0,60.51722192764282,1,100
ozone-8hr,random,25,25,0,42,25,isolate_O,0.9437596545642524,0.9467455621301776,6.657407541871265,-9.372848104545891,59.25299286842346,1,100
ozone-8hr,bo_tpe,25,25,0,42,25,isolate_O,0.9432646110807028,0.9447731755424064,7.810773831728594,-9.980639474271843,42.80166411399841,1,100
ozone-8hr,pso,25,25,0,42,25,isolate_O,0.9437584382411968,0.9526627218934912,2.6272402753150974,-6.890367485462368,49.67025423049927,1,100
ozone-8hr,de,25,25,0,42,25,isolate_O,0.9417794806300552,0.9467455621301776,1.956947769859262,-4.954690060137984,57.55106854438782,1,100
ozone-8hr,ga,25,25,0,42,25,isolate_O,0.9432658274037584,0.95069033530572,3.9958752247802094,-7.76299006516594,49.94812083244324,1,100
ozone-8hr,sa,25,25,0,42,25,isolate_O,0.939318859088974,0.9368836291913216,0.8758153150552528,-6.054795404998306,54.579814195632935,1,100
ozone-8hr,grid,26,26,0,42,26,isolate_O,0.9422745241136046,0.95069033530572,1.666666666666667,-5.0,60.46459126472473,1,100
ozone-8hr,random,26,26,0,42,26,isolate_O,0.941292951407894,0.9428007889546351,4.396067616742027,-8.87647937209439,59.58617854118347,1,100
ozone-8hr,bo_tpe,26,26,0,42,26,isolate_O,0.9437596545642524,0.9526627218934912,3.430425684841177,-7.49356485311259,40.377307176589966,1,100
ozone-8hr,pso,26,26,0,42,26,isolate_O,0.9442510490786352,0.940828402366864,7.525803319682722,-9.93806020801115,42.3515043258667,1,100
ozone-8hr,de,26,26,0,42,26,isolate_O,0.9442522654016908,0.9428007889546351,7.721580737985,-9.835341296465646,44.6659152507782,1,100
ozone-8hr,ga,26,26,0,42,26,isolate_O,0.9432646110807033,0.9428007889546351,7.680816882850959,-9.73993645485681,43.82400751113892,1,100
ozone-8hr,sa,26,26,0,42,26,isolate_O,0.94277321656632,0.9546351084812624,1.3893493779873256,-5.917601429019846,40.40789222717285,1,100
ozone-8hr,grid,27,27,0,42,27,isolate_O,0.9422745241136046,0.95069033530572,1.666666666666667,-5.0,60.845773220062256,1,100
ozone-8hr,random,27,27,0,42,27,isolate_O,0.941292951407894,0.9368836291913216,10.665796036377484,-12.06768872437896,61.238372802734375,1,100
ozone-8hr,bo_tpe,27,27,0,42,27,isolate_O,0.9442522654016908,0.940828402366864,7.197026645314755,-9.517150830083311,51.47445726394653,1,100
ozone-8hr,pso,27,27,0,42,27,isolate_O,0.9432658274037584,0.95069033530572,4.131246264778943,-8.01431913550253,43.13226938247681,1,100
ozone-8hr,de,27,27,0,42,27,isolate_O,0.9437572219181414,0.9388560157790928,7.882865779005439,-10.169841961043018,46.92895555496216,1,100
ozone-8hr,ga,27,27,0,42,27,isolate_O,0.9427720002432648,0.95069033530572,3.9091062528694063,-7.750176668624253,42.63159990310669,1,100
ozone-8hr,sa,27,27,0,42,27,isolate_O,0.939318859088974,0.940828402366864,15.0,-4.4565586256405,89.28126168251038,1,100
ozone-8hr,grid,28,28,0,42,28,isolate_O,0.9422745241136046,0.95069033530572,1.666666666666667,-5.0,75.45975494384766,1,100
ozone-8hr,random,28,28,0,42,28,isolate_O,0.94277321656632,0.9526627218934912,2.3723504063334198,-6.677633945420546,59.93030953407288,1,100
ozone-8hr,bo_tpe,28,28,0,42,28,isolate_O,0.9437596545642524,0.9526627218934912,3.02269793432329,-7.180773422795584,43.10871076583862,2,100
ozone-8hr,pso,28,28,0,42,28,isolate_O,0.9432658274037584,0.9447731755424064,6.592697781689896,-9.461328609600605,43.28644061088562,1,100
ozone-8hr,de,28,28,0,42,28,isolate_O,0.9412917350848384,0.9467455621301776,5.652232995791181,-8.134142222795152,54.02296042442322,1,100
ozone-8hr,ga,28,28,0,42,28,isolate_O,0.940801556893511,0.9428007889546351,11.334842772658828,-14.11431137498602,52.61018657684326,1,100
ozone-8hr,sa,28,28,0,42,28,isolate_O,0.9427695675971538,0.9526627218934912,3.227018869770321,-6.857986812021442,81.27074122428894,1,100
ozone-8hr,grid,29,29,0,42,29,isolate_O,0.9422745241136046,0.95069033530572,1.666666666666667,-5.0,60.78965306282044,1,100
ozone-8hr,random,29,29,0,42,29,isolate_O,0.9417867785683878,0.95069033530572,5.094006421167759,-8.328448170858167,60.26818227767944,2,100
ozone-8hr,bo_tpe,29,29,0,42,29,isolate_O,0.9437584382411968,0.9526627218934912,2.7986760772577903,-7.096123371739253,40.684314012527466,2,100
ozone-8hr,pso,29,29,0,42,29,isolate_O,0.9442522654016908,0.940828402366864,6.946030132241817,-9.367811015196168,44.963512897491455,1,100
ozone-8hr,de,29,29,0,42,29,isolate_O,0.9427720002432644,0.9428007889546351,8.188820914341063,-10.174308800813616,47.18727135658264,1,100
ozone-8hr,ga,29,29,0,42,29,isolate_O,0.9422806057288816,0.9487179487179488,5.331258512045831,-8.632686412691328,44.78407096862793,1,100
ozone-8hr,sa,29,29,0,42,29,isolate_O,0.94277321656632,0.95069033530572,4.614357936500976,-8.192653172425393,36.819594621658325,2,100
ozone-8hr,cuckoo,0,0,0,42,0,isolate_O,0.9383324210910418,0.9408284023668639,5.158575197933265,-3.6037755083146497,118.25561475753784,1,100
ozone-8hr,sh,0,0,0,42,0,isolate_O,0.96,0.9309664694280079,7.055267521432878,-5.192102706055856,65.72090196609497,1,1050
ozone-8hr,cuckoo,1,1,0,42,1,isolate_O,0.9407991242474003,0.9388560157790927,3.832036502264738,-8.422905356446435,98.5463559627533,1,100
ozone-8hr,sh,1,1,0,42,1,isolate_O,0.96,0.9428007889546351,2.9353494846133987,-5.301298787939576,74.60680794715881,1,1050
ozone-8hr,cuckoo,2,2,0,42,2,isolate_O,0.941290518761783,0.9447731755424064,2.5157247411902826,-5.50902136545947,91.38227534294128,1,100
ozone-8hr,sh,2,2,0,42,2,isolate_O,0.96,0.9250493096646942,7.422676655385898,-5.475442303013297,68.75245189666748,1,1050
ozone-8hr,cuckoo,3,3,0,42,3,isolate_O,0.9437584382411968,0.9428007889546351,7.982880952295215,-9.987228912336445,105.60220146179199,1,100
ozone-8hr,sh,3,3,0,42,3,isolate_O,0.96,0.9349112426035503,8.068218050470723,-4.958866277007884,69.82037591934204,1,1050
ozone-8hr,cuckoo,4,4,0,42,4,isolate_O,0.9417831295992215,0.9408284023668639,10.58765843587505,-11.441668657195445,142.5690929889679,1,100
ozone-8hr,sh,4,4,0,42,4,isolate_O,0.96,0.9309664694280079,14.340596780273533,-5.149819514836999,356.1296594142914,1,1050
ozone-8hr,cuckoo,5,5,0,42,5,isolate_O,0.9407954752782338,0.9388560157790927,11.776465649929252,-12.279449570655949,139.96188306808472,1,100
ozone-8hr,sh,5,5,0,42,5,isolate_O,0.96,0.9289940828402367,10.31815712960631,-5.668476218287022,194.95120215415955,1,1050
ozone-8hr,cuckoo,6,6,0,42,6,isolate_O,0.94227574043666,0.9526627218934911,1.6444581709012975,-5.54679455457094,193.7452781200409,2,100
ozone-8hr,sh,6,6,0,42,6,isolate_O,0.96,0.9289940828402367,9.182635015623346,-5.263136622554494,104.41180229187012,1,1050
ozone-8hr,cuckoo,7,7,0,42,7,isolate_O,0.9427732165663201,0.9546351084812623,1.6891781832188122,-6.103640315514232,150.71599078178406,1,100
ozone-8hr,sh,7,7,0,42,7,isolate_O,0.96,0.9289940828402367,14.559790239932052,-5.307074332612194,88.93979930877686,1,1050
ozone-8hr,cuckoo,8,8,0,42,8,isolate_O,0.9427720002432647,0.9506903353057199,4.1322776538807275,-7.960742484719232,149.4941325187683,1,100
ozone-8hr,sh,8,8,0,42,8,isolate_O,0.96,0.9270216962524654,12.383890804278398,-5.444597551999218,95.55144476890564,1,1050
ozone-8hr,cuckoo,9,9,0,42,9,isolate_O,0.941784345922277,0.9467455621301775,1.140288328490115,-5.991314233095347,131.61997938156128,1,100
ozone-8hr,sh,9,9,0,42,9,isolate_O,0.96,0.9467455621301775,1.9380390755103942,-6.656375148286964,90.83649969100952,1,1050
ozone-8hr,cuckoo,10,10,0,42,10,isolate_O,0.9422781730827708,0.9526627218934911,3.836663488459921,-7.187748120000713,116.71822190284729,1,100
ozone-8hr,sh,10,10,0,42,10,isolate_O,0.96,0.9289940828402367,7.355339569386343,-5.763511634020965,111.00297021865845,1,1050
ozone-8hr,cuckoo,11,11,0,42,11,isolate_O,0.9388262482515357,0.9408284023668639,9.599289404416371,-13.04275070635845,74.11689972877502,1,100
ozone-8hr,sh,11,11,0,42,11,isolate_O,0.96,0.9349112426035503,3.955423207314226,-5.08848952285736,79.97552871704102,3,1050
ozone-8hr,cuckoo,12,12,0,42,12,isolate_O,0.941784345922277,0.9467455621301775,7.098442315533227,-9.23821190305964,101.3667848110199,1,100
ozone-8hr,sh,12,12,0,42,12,isolate_O,0.96,0.9408284023668639,2.548815647212894,-7.748750216891878,72.08456921577454,3,1050
ozone-8hr,cuckoo,13,13,0,42,13,isolate_O,0.9393200754120296,0.9428007889546351,10.554048211476402,-10.724258039371579,125.76035070419312,1,100
ozone-8hr,sh,13,13,0,42,13,isolate_O,0.96,0.9270216962524654,8.129106691939157,-5.833280398496672,85.53566431999207,1,1050
ozone-8hr,cuckoo,14,14,0,42,14,isolate_O,0.9427720002432645,0.9447731755424064,8.458734383331716,-10.36333620742888,81.95267605781555,1,100
ozone-8hr,sh,14,14,0,42,14,isolate_O,0.96,0.9368836291913215,3.6843592295896688,-5.1357046793195895,83.44400763511658,2,1050
ozone-8hr,cuckoo,15,15,0,42,15,isolate_O,0.9427720002432647,0.9487179487179487,1.431589609343372,-6.229044481742209,79.77450013160706,1,100
ozone-8hr,sh,15,15,0,42,15,isolate_O,0.96,0.9388560157790927,2.808406521930813,-7.688588595495153,80.12938046455383,1,1050
ozone-8hr,cuckoo,16,16,0,42,16,isolate_O,0.9412929514078939,0.9408284023668639,3.6613910101411697,-8.340956099218452,93.8487389087677,1,100
ozone-8hr,sh,16,16,0,42,16,isolate_O,0.96,0.9289940828402367,10.04889833919946,-5.221157210316276,85.44834446907043,1,1050
ozone-8hr,cuckoo,17,17,0,42,17,isolate_O,0.9422806057288817,0.9487179487179487,5.299914720900774,-8.59348364774325,105.30392169952393,1,100
ozone-8hr,sh,17,17,0,42,17,isolate_O,0.96,0.9368836291913215,4.670572486200042,-9.906213104574158,85.04124569892883,1,1050
ozone-8hr,cuckoo,18,18,0,42,18,isolate_O,0.9383348537371525,0.9388560157790927,12.692177148445115,-3.269395024345266,126.41931319236755,1,100
ozone-8hr,sh,18,18,0,42,18,isolate_O,0.96,0.9289940828402367,8.174551567371564,-5.343628353093017,87.08810210227966,2,1050
ozone-8hr,cuckoo,19,19,0,42,19,isolate_O,0.9402992154716292,0.9526627218934911,1.441583865058226,-5.159262294352068,98.14018154144287,1,100
ozone-8hr,sh,19,19,0,42,19,isolate_O,0.96,0.9349112426035503,6.04335666939355,-5.031123354409907,107.1865746974945,1,1050
ozone-8hr,cuckoo,20,20,0,42,20,isolate_O,0.9417831295992215,0.9428007889546351,2.6861998363110313,-5.498675596636025,142.95090746879578,1,100
ozone-8hr,sh,20,20,0,42,20,isolate_O,0.96,0.9447731755424064,2.5736188401081623,-5.6668029819345485,82.67608094215393,1,1050
ozone-8hr,cuckoo,21,21,0,42,21,isolate_O,0.9417867785683878,0.9467455621301775,5.52618336383207,-8.987963968864282,96.99711799621582,1,100
ozone-8hr,sh,21,21,0,42,21,isolate_O,0.96,0.9388560157790927,2.736328682685711,-7.613624785689263,92.61588883399963,1,1050
ozone-8hr,cuckoo,22,22,0,42,22,isolate_O,0.9417879948914433,0.9506903353057199,1.7945533948524153,-6.4239776217284845,108.0733551979065,1,100
ozone-8hr,sh,22,22,0,42,22,isolate_O,0.96,0.9349112426035503,4.685684769062174,-5.716077218708433,76.2526125907898,1,1050
ozone-8hr,cuckoo,23,23,0,42,23,isolate_O,0.9393212917350848,0.9447731755424064,9.027731013641699,-12.063140845816566,77.23459601402283,1,100
ozone-8hr,sh,23,23,0,42,23,isolate_O,0.96,0.9368836291913215,3.431930523323194,-8.763190077326204,84.49743556976318,1,1050
ozone-8hr,cuckoo,24,24,0,42,24,isolate_O,0.9407930426321232,0.9467455621301775,2.125331581220694,-5.002699174276707,123.22528862953186,1,100
ozone-8hr,sh,24,24,0,42,24,isolate_O,0.96,0.9289940828402367,11.88440307044726,-5.37574440786077,79.05100059509277,1,1050
ozone-8hr,cuckoo,25,25,0,42,25,isolate_O,0.9427707839202093,0.9506903353057199,3.4200709521448474,-7.135167744739521,85.47823905944824,1,100
ozone-8hr,sh,25,25,0,42,25,isolate_O,0.96,0.9349112426035503,4.626858864950346,-5.7029586361465014,82.18421196937561,1,1050
ozone-8hr,cuckoo,26,26,0,42,26,isolate_O,0.9427720002432645,0.9428007889546351,8.009224854631018,-10.172085939373126,119.92284607887268,1,100
ozone-8hr,sh,26,26,0,42,26,isolate_O,0.96,0.9526627218934911,1.1586990524994167,-5.650953372504587,74.32963991165161,1,1050
ozone-8hr,cuckoo,27,27,0,42,27,isolate_O,0.9412929514078939,0.9368836291913215,10.665796036377484,-12.06768872437896,134.6091423034668,1,100
ozone-8hr,sh,27,27,0,42,27,isolate_O,0.96,0.9447731755424064,3.305272983907903,-5.755699516861174,74.59022927284241,1,1050
ozone-8hr,cuckoo,28,28,0,42,28,isolate_O,0.9437596545642523,0.9526627218934911,3.281599621180629,-7.394102907185818,148.99706363677979,2,100
ozone-8hr,sh,28,28,0,42,28,isolate_O,0.96,0.9270216962524654,10.626164125469522,-5.802126330243963,106.75770854949951,1,1050
ozone-8hr,cuckoo,29,29,0,42,29,isolate_O,0.9412917350848385,0.9526627218934911,1.0859596866212442,-5.502722772119776,120.23145961761475,2,100
ozone-8hr,sh,29,29,0,42,29,isolate_O,0.96,0.9349112426035503,4.054381151988228,-5.23865626784206,81.3072772026062,1,1050
