dataset,optimizer,seed,cv_best,test_acc,best_log2C,best_log2gamma,time_sec,evals_to_99pct,n_evals_used
diabetes,grid,0,0.7736638677862189,0.7987012987012987,3.888888888888889,-9.0,42.93776345252991,25,100
diabetes,random,0,0.7752765560442489,0.7922077922077922,11.419864596958703,-13.252177035724896,19.08930253982544,21,100
diabetes,bo_tpe,0,0.7769159003065441,0.7987012987012987,3.801892849155612,-8.988773550266343,13.646491765975952,21,100
diabetes,pso,0,0.7769025723044116,0.7987012987012987,6.819498768287854,-10.363635417680916,22.112266540527344,7,100
diabetes,de,0,0.7769025723044116,0.7987012987012987,7.805703186982749,-11.458261691589152,15.86014199256897,1,100
diabetes,ga,0,0.7769159003065441,0.8116883116883117,8.138443997164522,-9.536989517443548,12.062791109085085,1,100
diabetes,grid,1,0.780021324803412,0.7597402597402597,1.666666666666667,-5.0,21.086678504943848,26,100
diabetes,random,1,0.778381980541117,0.7532467532467533,1.5328980354419226,-5.512954159363034,15.058608055114746,5,100
diabetes,bo_tpe,1,0.7832866853258695,0.7597402597402597,0.3248428283336053,-4.165589518824092,9.312411785125732,5,100
diabetes,pso,1,0.7767959482873519,0.7532467532467533,7.409708462153548,-12.198826615488,9.543893814086914,6,100
diabetes,de,1,0.7767959482873517,0.7597402597402597,10.070262173496133,-14.619795821630628,11.048751831054688,8,100
diabetes,ga,1,0.7783953085432493,0.7467532467532467,5.330076210786721,-7.107544132192792,12.19939661026001,8,100
diabetes,grid,2,0.757270425163268,0.8051948051948052,1.666666666666667,-9.0,22.38866353034973,25,100
diabetes,random,2,0.757297081167533,0.8376623376623377,2.01743802603281,-5.082397704160453,21.3999707698822,2,100
diabetes,bo_tpe,2,0.7588964414234306,0.8246753246753247,1.7941627908734414,-8.384988674753306,10.7101309299469,2,100
diabetes,pso,2,0.7588964414234306,0.8246753246753247,0.0839847364477006,-7.00085914112722,13.199638843536375,3,100
diabetes,de,2,0.7588964414234306,0.8181818181818182,3.652615816095743,-10.151574422515134,13.237453937530518,2,100
diabetes,ga,2,0.7572837531654004,0.8376623376623377,3.138629392716717,-5.848108332878497,24.08525276184082,2,100
diabetes,grid,3,0.7818339330934293,0.7532467532467533,-0.5555555555555554,-7.0,29.07602095603943,25,100
diabetes,random,3,0.7850459816073571,0.7597402597402597,0.818094778258887,-5.805103106442065,21.36527132987976,2,100
diabetes,bo_tpe,3,0.786658669865387,0.7532467532467533,0.2956050326793871,-4.685510074029603,11.665811777114868,2,100
diabetes,pso,3,0.7882846861255498,0.7337662337662337,8.059205555989863,-8.35428978875765,16.172192335128784,6,100
diabetes,de,3,0.7834199653471945,0.7467532467532467,0.6028782262838828,-6.471937595201243,9.702866792678831,4,100
diabetes,ga,3,0.7818339330934293,0.7532467532467533,4.58102596281668,-12.124699536532583,9.487715482711792,4,100
diabetes,grid,4,0.7703985072637611,0.7987012987012987,1.666666666666667,-9.0,21.889156818389893,25,100
diabetes,random,4,0.7720245235239237,0.7987012987012987,5.43392244889916,-13.052519108029848,15.4130961894989,3,100
diabetes,bo_tpe,4,0.7720245235239238,0.7727272727272727,0.0460058894233528,-8.361575544274267,10.861772298812866,3,100
diabetes,pso,4,0.7703985072637611,0.7922077922077922,4.792079487317587,-11.96065553558087,14.341882705688477,9,100
diabetes,de,4,0.7720245235239238,0.7922077922077922,1.998747996445096,-10.150599033133531,22.878228664398197,2,100
diabetes,ga,4,0.7720245235239238,0.7987012987012987,3.2732992585380427,-11.096900848291822,25.91602396965027,2,100
diabetes,grid,5,0.7703718512594963,0.7792207792207793,1.666666666666667,-9.0,20.80200409889221,25,100
diabetes,random,5,0.7687724910035986,0.7792207792207793,3.2847003816210254,-9.670561210794336,15.826619386672974,9,100
diabetes,bo_tpe,5,0.7769025723044114,0.7727272727272727,-0.6120736685537542,-6.26710464584666,8.972299814224243,57,100
diabetes,pso,5,0.7801679328268692,0.7727272727272727,-0.1019945021202912,-6.445760247287161,9.672267198562622,19,100
diabetes,de,5,0.7769025723044114,0.7792207792207793,-0.4536294967818381,-6.706501527656564,11.982571125030518,38,100
diabetes,ga,5,0.7752898840463814,0.7727272727272727,1.4731060913455654,-8.13914054349768,9.79673671722412,17,100
diabetes,grid,6,0.783379981340797,0.7402597402597403,8.333333333333334,-11.0,21.638173818588257,16,100
diabetes,random,6,0.7817539650806344,0.7402597402597403,14.174452006319475,-13.808031345358232,14.143877029418944,2,100
diabetes,bo_tpe,6,0.7817539650806344,0.7402597402597403,7.26555388033329,-10.337663187820048,9.911112546920776,2,100
diabetes,pso,6,0.783406637345062,0.7532467532467533,2.0691794933888934,-6.632466947202378,14.056086301803589,3,100
diabetes,de,6,0.7833933093429295,0.7467532467532467,13.53541143754087,-13.176010661143277,25.460108518600464,2,100
diabetes,ga,6,0.783379981340797,0.7402597402597403,7.892775051314603,-10.641376731524677,12.75917649269104,2,100
diabetes,grid,7,0.7816873250699721,0.7467532467532467,-0.5555555555555554,-5.0,19.606292963027958,25,100
diabetes,random,7,0.7849660135945622,0.7467532467532467,-0.5184272610736134,-4.652473423395316,14.318883657455444,10,100
diabetes,bo_tpe,7,0.7800879648140744,0.7467532467532467,13.624120393780434,-14.551813904093736,13.226950883865356,5,100
diabetes,pso,7,0.7849660135945622,0.7272727272727273,1.630995250718243,-6.30055796399339,8.431712865829468,1,100
diabetes,de,7,0.7784619485539117,0.7467532467532467,12.1451746646255,-13.457206383770975,17.236286640167236,2,100
diabetes,ga,7,0.7784486205517793,0.7467532467532467,9.060191224417087,-12.010984539229815,7.998168230056763,2,100
diabetes,grid,8,0.7834732773557244,0.7532467532467533,6.111111111111111,-11.0,19.46193242073059,26,100
diabetes,random,8,0.7834999333599894,0.7532467532467533,4.439062410718581,-8.536039533720956,14.379934072494509,4,100
diabetes,bo_tpe,8,0.7835132613621217,0.7662337662337663,9.172437151633307,-11.324402528129792,9.762737274169922,4,100
diabetes,pso,8,0.7835132613621217,0.7597402597402597,8.295538094826753,-10.903062398926766,10.65076756477356,1,100
diabetes,de,8,0.7834732773557244,0.7532467532467533,7.878465458510255,-12.464486160381549,10.148294925689695,4,100
diabetes,ga,8,0.7818872451019592,0.7662337662337663,3.250072588063868,-7.473828910519383,16.426972150802612,4,100
diabetes,grid,9,0.7833399973343995,0.7662337662337663,15.0,-15.0,18.657609939575195,25,100
diabetes,random,9,0.783353325336532,0.7662337662337663,9.868262657543124,-11.38132209338302,14.741784572601318,2,100
diabetes,bo_tpe,9,0.7849393575902972,0.7532467532467533,5.697049650887495,-12.650762913486131,9.972264289855955,2,100
diabetes,pso,9,0.7849393575902972,0.7662337662337663,2.771491647982369,-9.533562069373652,12.609406232833862,11,100
diabetes,de,9,0.7833399973343995,0.7662337662337663,13.850976944564517,-13.940566821215048,13.330302000045776,15,100
diabetes,ga,9,0.7849793415966946,0.7662337662337663,14.292446425433983,-13.453249296944392,10.093320846557615,15,100
diabetes,grid,10,0.7703451952552313,0.7857142857142857,10.555555555555555,-15.0,21.75951385498047,35,100
diabetes,random,10,0.7703451952552313,0.7857142857142857,10.42641286533492,-14.626464911530771,15.965087890625,1,100
diabetes,bo_tpe,10,0.7719845395175264,0.7922077922077922,6.923136000424451,-11.470381708869516,12.791929483413696,1,100
diabetes,pso,10,0.7719845395175264,0.7922077922077922,6.910200512222285,-11.374904599634952,9.711012601852415,2,100
diabetes,de,10,0.7703585232573638,0.7792207792207793,10.176472450913558,-9.614006646905512,12.422159433364868,22,100
diabetes,ga,10,0.7719845395175264,0.7857142857142857,11.536784740036996,-10.29905013441009,12.263679027557371,38,100
diabetes,grid,11,0.7816873250699721,0.7727272727272727,15.0,-15.0,17.65114688873291,63,100
diabetes,random,11,0.7784352925496468,0.7727272727272727,9.599289404416371,-13.04275070635845,11.083287239074709,6,100
diabetes,bo_tpe,11,0.7784352925496468,0.7727272727272727,9.599289404416371,-13.04275070635845,10.515108346939089,6,100
diabetes,pso,11,0.7800613088098094,0.7727272727272727,14.633885745371275,-14.683149542568698,12.50445556640625,12,100
diabetes,de,11,0.7784352925496468,0.7727272727272727,8.467247145518215,-11.360111499815314,15.213022470474243,15,100
diabetes,ga,11,0.7800613088098095,0.7727272727272727,8.467247145518215,-12.66882462756273,10.081833839416504,15,100
diabetes,grid,12,0.7816606690657071,0.7597402597402597,-0.5555555555555554,-5.0,17.850365161895752,26,100
diabetes,random,12,0.7833133413301347,0.7597402597402597,0.2663003037026934,-5.39269091915464,11.559938192367554,2,100
diabetes,bo_tpe,12,0.7898307343729175,0.7597402597402597,-0.1556408459204375,-5.662018408899779,8.465614557266235,2,100
diabetes,pso,12,0.789817406370785,0.7597402597402597,-0.0003061196331977,-5.72785082605621,10.346572160720823,25,100
diabetes,de,12,0.7833133413301346,0.7532467532467533,0.1754217884430087,-6.182669472566046,11.861832857131958,20,100
diabetes,ga,12,0.7849393575902972,0.7532467532467533,-1.267949932252053,-5.419249983255941,8.859808921813965,20,100
diabetes,grid,13,0.7720111955217913,0.8181818181818182,8.333333333333334,-13.0,16.909401178359985,26,100
diabetes,random,13,0.7736372117819539,0.8181818181818182,8.885001151971041,-14.048408364296554,15.534925937652588,1,100
diabetes,bo_tpe,13,0.7752765560442489,0.8181818181818182,12.644203521015797,-14.478889677088045,12.02991509437561,15,100
diabetes,pso,13,0.776862588298014,0.8181818181818182,11.801484640939858,-11.036025195680612,15.598332643508911,5,100
diabetes,de,13,0.7736372117819539,0.8181818181818182,7.275833820942037,-13.264758170411223,18.902541875839237,9,100
diabetes,ga,13,0.7752099160335866,0.8181818181818182,-1.2865169890027777,-3.9224826649026543,14.758949756622314,16,100
diabetes,grid,14,0.7735039317606291,0.7922077922077922,3.888888888888889,-7.0,17.727214336395264,25,100
diabetes,random,14,0.7800079968012795,0.7792207792207793,2.596163523141408,-6.4161959278492695,14.13669228553772,34,100
diabetes,bo_tpe,14,0.7832733573237372,0.7792207792207793,1.2481349656114462,-5.447627142362346,9.727006196975708,55,100
diabetes,pso,14,0.7848993735838998,0.7857142857142857,1.4681327101074366,-5.974052416085795,10.93761920928955,32,100
diabetes,de,14,0.7800213248034119,0.7857142857142857,0.9428594634052844,-5.726735644444378,15.318048000335692,56,100
diabetes,ga,14,0.778381980541117,0.7857142857142857,2.975176902558827,-6.650027251769041,12.160547733306885,8,100
diabetes,grid,15,0.7638811142209783,0.8051948051948052,12.77777777777778,-15.0,19.264991283416748,26,100
diabetes,random,15,0.7622417699586832,0.7922077922077922,6.9807934279443735,-12.492983124255204,12.761487245559692,15,100
diabetes,bo_tpe,15,0.765480474476876,0.8051948051948052,-1.213940282523176,-4.636855536364498,8.291630268096924,34,100
diabetes,pso,15,0.7638677862188459,0.7987012987012987,8.896677059902183,-14.269390420449378,8.439696788787842,12,100
diabetes,de,15,0.7622417699586832,0.8051948051948052,8.282228728439815,-14.04030340666103,14.976420879364014,3,100
diabetes,ga,15,0.7638677862188459,0.7922077922077922,9.907615800785631,-12.299696861094928,8.56398868560791,3,100
diabetes,grid,16,0.7800879648140744,0.7662337662337663,6.111111111111111,-9.0,17.947232246398926,25,100
diabetes,random,16,0.7833399973343995,0.7727272727272727,13.78432264856757,-13.161432160588785,13.400298595428469,42,100
diabetes,bo_tpe,16,0.7833399973343995,0.7727272727272727,7.242511554632632,-9.38267201032187,10.41326665878296,26,100
diabetes,pso,16,0.7817139810742371,0.7857142857142857,9.23155646578729,-10.308387484839514,9.285836935043337,3,100
diabetes,de,16,0.7784619485539118,0.7597402597402597,14.172676621288408,-14.47336180314887,15.858034610748293,3,100
diabetes,ga,16,0.7817139810742371,0.7727272727272727,7.481485766243613,-9.678050159359715,8.865265846252441,44,100
diabetes,grid,17,0.7671864587498334,0.8181818181818182,-0.5555555555555554,-7.0,18.31004428863525,25,100
diabetes,random,17,0.7622950819672132,0.8181818181818182,5.757789193836036,-13.496322833051789,12.506551742553713,1,100
diabetes,bo_tpe,17,0.7687991470078636,0.8246753246753247,-1.176863988844361,-6.247435174046391,14.026336431503296,18,100
diabetes,pso,17,0.7704251632680262,0.8376623376623377,-0.1066825841396352,-6.758987098685537,9.313169479370115,17,100
diabetes,de,17,0.767173130747701,0.8441558441558441,4.395573947482866,-11.288488506403118,10.002723693847656,12,100
diabetes,ga,17,0.7655471144875384,0.8311688311688312,-1.9584927957669969,-5.0589468736336185,8.723854303359985,8,100
diabetes,grid,18,0.7703585232573638,0.7987012987012987,8.333333333333334,-15.0,17.763296127319336,34,100
diabetes,random,18,0.768732506997201,0.7987012987012987,3.6051856273293454,-10.302400630275368,13.254281997680664,18,100
diabetes,bo_tpe,18,0.7719845395175262,0.7987012987012987,6.379064333858556,-12.84582122881322,9.988483667373655,26,100
diabetes,pso,18,0.7670665067306411,0.7662337662337663,9.011719842291736,-6.522564386139707,19.60656499862671,23,100
diabetes,de,18,0.7703585232573638,0.7987012987012987,2.932452012617266,-9.914998511672248,14.546467065811155,30,100
diabetes,ga,18,0.7703585232573638,0.7987012987012987,8.169412522550616,-14.69142915380431,12.071735620498655,22,100
diabetes,grid,19,0.7801546048247368,0.7987012987012987,10.555555555555555,-11.0,19.116288661956787,26,100
diabetes,random,19,0.7801546048247368,0.7987012987012987,12.182089806160246,-11.714481707585067,13.41542387008667,6,100
diabetes,bo_tpe,19,0.7801546048247368,0.7987012987012987,14.296174724151918,-12.822984853294225,14.622406959533691,6,100
diabetes,pso,19,0.7801546048247368,0.7987012987012987,10.401266412935376,-10.79938996667556,14.183533430099487,20,100
diabetes,de,19,0.7801546048247368,0.8051948051948052,10.8995258310835,-11.023668627492814,11.133914470672607,50,100
diabetes,ga,19,0.7801546048247368,0.7987012987012987,12.779283389540318,-12.123747620485132,14.916467189788818,39,100
diabetes,grid,20,0.7703985072637611,0.7792207792207793,-0.5555555555555554,-5.0,17.01294755935669,25,100
diabetes,random,20,0.7736505397840864,0.8116883116883117,-0.2485322491894219,-6.685353929159783,16.059491634368896,19,100
diabetes,bo_tpe,20,0.7655071304811409,0.8181818181818182,2.591046743568131,-9.6281344274294,14.111316919326782,5,100
diabetes,pso,20,0.7769159003065441,0.7727272727272727,-0.8619726936886911,-5.578101583333757,8.523722648620605,1,100
diabetes,de,20,0.7752765560442489,0.7792207792207793,-0.7014919899187917,-5.385698470112736,10.890382528305054,1,100
diabetes,ga,20,0.7736505397840864,0.8116883116883117,-0.307058323401133,-6.561651119133442,7.113965272903442,1,100
diabetes,grid,21,0.7850726376116219,0.7337662337662337,-0.5555555555555554,-5.0,19.3079845905304,26,100
diabetes,random,21,0.783406637345062,0.7467532467532467,1.544251532354619,-6.717473991726431,14.96433973312378,2,100
diabetes,bo_tpe,21,0.7834466213514595,0.7272727272727273,8.954686704921865,-8.916015617184298,20.71019196510315,2,100
diabetes,pso,21,0.783406637345062,0.7402597402597403,4.074219817813063,-7.908135127869976,11.988848209381104,3,100
diabetes,de,21,0.7817939490870319,0.7337662337662337,-1.5665822952213857,-3.190427668600732,17.406654357910156,2,100
diabetes,ga,21,0.7834199653471945,0.7272727272727273,0.5557280977048644,-5.867011962314176,10.194705247879028,2,100
diabetes,grid,22,0.7703318672530988,0.7532467532467533,-0.5555555555555554,-7.0,17.106663942337036,25,100
diabetes,random,22,0.7719312275089963,0.7597402597402597,7.28217085378073,-14.332342209185764,10.906244277954102,10,100
diabetes,bo_tpe,22,0.7735705717712915,0.7662337662337663,3.8796364356555535,-11.664661238317787,8.907382249832153,10,100
diabetes,pso,22,0.7719178995068638,0.7857142857142857,4.431234915669732,-8.245678743733526,7.805514097213745,9,100
diabetes,de,22,0.7719712115153938,0.7532467532467533,-1.2842175126194189,-5.077237021602452,8.301050662994385,6,100
diabetes,ga,22,0.7719712115153938,0.7532467532467533,-1.2842175126194189,-5.077237021602452,8.726262092590332,6,100
diabetes,grid,23,0.7720111955217913,0.7987012987012987,10.555555555555555,-15.0,19.875408411026,16,100
diabetes,random,23,0.7720245235239237,0.8051948051948052,6.29570898316506,-9.631807726062906,21.71315979957581,2,100
diabetes,bo_tpe,23,0.7704118352658936,0.7857142857142857,7.946639804543725,-13.1741156756679,11.715164422988892,2,100
diabetes,pso,23,0.7720111955217913,0.8181818181818182,4.91869031772308,-8.47302280388361,8.158320188522339,1,100
diabetes,de,23,0.7704118352658936,0.7857142857142857,5.741276398103699,-11.075664532456752,8.46782398223877,6,100
diabetes,ga,23,0.7736372117819539,0.7922077922077922,0.345406124851678,-7.0458303217451865,11.450103044509888,6,100
diabetes,grid,24,0.7671331467413034,0.7727272727272727,3.888888888888889,-7.0,17.60922622680664,25,100
diabetes,random,24,0.7703851792616286,0.7727272727272727,4.439053959017647,-7.062050756440719,14.315283298492432,30,100
diabetes,bo_tpe,24,0.7671331467413035,0.7662337662337663,9.063925563075037,-9.479301103159388,10.90878176689148,8,100
diabetes,pso,24,0.7720111955217913,0.7662337662337663,0.4349953180843742,-5.871245361882296,10.51812982559204,5,100
diabetes,de,24,0.7704384912701586,0.7142857142857143,1.473094026431749,-1.925314118310645,9.977944612503052,14,100
diabetes,ga,24,0.7720111955217912,0.7727272727272727,4.309248483753517,-6.988869795705973,13.185540676116943,18,100
diabetes,grid,25,0.7687458349993337,0.7792207792207793,-0.5555555555555554,-7.0,22.573891639709476,25,100
diabetes,random,25,0.7687724910035986,0.7922077922077922,10.941979038799523,-12.842406834648052,13.808996438980104,8,100
diabetes,bo_tpe,25,0.7703851792616287,0.8116883116883117,-0.7466797491295855,-5.898685090875433,9.500341176986694,8,100
diabetes,pso,25,0.767119818739171,0.7922077922077922,9.382959830108405,-13.5120861214404,20.177144289016724,9,100
diabetes,de,25,0.7719978675196588,0.7922077922077922,-2.0656146415279686,-4.8324818703634485,9.672815084457396,8,100
diabetes,ga,25,0.7703718512594963,0.7792207792207793,-2.0656146415279686,-5.248885973720784,11.764895677566528,8,100
diabetes,grid,26,0.785072637611622,0.7727272727272727,12.77777777777778,-11.0,20.793691396713257,26,100
diabetes,random,26,0.7850593096094897,0.7727272727272727,6.39834542209292,-7.636929103387566,15.70360541343689,1,100
diabetes,bo_tpe,26,0.7866986538717846,0.7727272727272727,6.361689843400041,-7.896041152966621,14.174843549728394,1,100
diabetes,pso,26,0.7883246701319473,0.7727272727272727,7.660751688517479,-8.54187412651747,10.33936858177185,25,100
diabetes,de,26,0.7850726376116219,0.7792207792207793,5.13137033162317,-7.235938416772917,17.665201902389526,6,100
diabetes,ga,26,0.7883379981340798,0.7727272727272727,14.01421383028531,-11.417655982204336,20.9268741607666,52,100
diabetes,grid,27,0.7769558843129414,0.7792207792207793,-0.5555555555555554,-7.0,19.322593927383423,25,100
diabetes,random,27,0.7720911635345862,0.7727272727272727,5.869830246220435,-12.80403868644454,21.280723571777344,4,100
diabetes,bo_tpe,27,0.778608556577369,0.7792207792207793,4.926125448968011,-12.54086800515667,9.935399055480955,22,100
diabetes,pso,27,0.7753565240570439,0.7792207792207793,3.090345531750452,-10.75139265270746,9.53013014793396,4,100
diabetes,de,27,0.7769825403172066,0.7792207792207793,1.034959508713511,-8.606434123698325,15.542337894439695,8,100
diabetes,ga,27,0.7769825403172066,0.7792207792207793,1.034959508713511,-8.606434123698325,13.763871908187866,8,100
diabetes,grid,28,0.7736505397840864,0.7402597402597403,12.77777777777778,-9.0,18.116271257400516,65,100
diabetes,random,28,0.7703851792616287,0.7597402597402597,14.942552817930045,-10.044485847522724,18.567360639572144,11,100
diabetes,bo_tpe,28,0.7785419165667065,0.7532467532467533,14.290551195162813,-9.632386226722817,46.0956346988678,33,100
diabetes,pso,28,0.7720111955217913,0.7532467532467533,5.626067551792713,-5.765835437720648,10.879636764526367,7,100
diabetes,de,28,0.7752765560442489,0.7467532467532467,13.023252249410278,-8.586858165705564,32.4792046546936,28,100
diabetes,ga,28,0.7736372117819539,0.7467532467532467,13.220098445446109,-8.900026859140901,27.824490785598755,12,100
diabetes,grid,29,0.7768892443022791,0.7597402597402597,6.111111111111111,-7.0,18.96403455734253,26,100
diabetes,random,29,0.7801279488204719,0.7662337662337663,9.633108609547069,-8.844468762488045,15.489434480667114,1,100
diabetes,bo_tpe,29,0.7817672930827669,0.7792207792207793,12.28166743780891,-10.118349407873136,24.842411279678345,1,100
diabetes,pso,29,0.7801279488204719,0.7662337662337663,10.01112404909374,-8.799058158804407,10.338751316070557,2,100
diabetes,de,29,0.7784886045581768,0.7597402597402597,8.26784403680109,-7.698041110236484,19.82125186920166,34,100
diabetes,ga,29,0.7785152605624417,0.7857142857142857,0.8824675810363964,-5.783190846247312,9.878877401351929,39,100
diabetes,sa,0,0.7752898840463814,0.7922077922077922,-1.7346766509819465,-5.02322402072914,37.668808698654175,24,100
diabetes,sa,1,0.7767959482873519,0.7597402597402597,6.69296978492607,-10.939005154883816,39.70102310180664,3,100
diabetes,sa,2,0.7621618019458882,0.8181818181818182,0.9143897073050525,-7.988980787020061,10.644930839538574,23,100
diabetes,sa,3,0.7866586698653871,0.7337662337662337,12.429521194084566,-10.59748133431775,22.664989948272705,4,100
diabetes,sa,4,0.7736372117819539,0.7987012987012987,11.27991625984205,-12.199311752799884,15.119648933410645,10,100
diabetes,sa,5,0.7720245235239238,0.7857142857142857,-0.4520419050006794,-5.554619199493779,13.809295654296875,53,100
diabetes,sa,6,0.783406637345062,0.7532467532467533,2.0939065261718297,-6.73652491481423,10.055867195129395,11,100
diabetes,sa,7,0.7784619485539117,0.7402597402597403,14.855044211366558,-14.717680829332469,17.59212851524353,18,100
diabetes,sa,8,0.7834732773557244,0.7467532467532467,9.645478713455804,-14.236365271009877,14.53128957748413,15,100
diabetes,sa,9,0.7833399973343995,0.7662337662337663,11.0291648101153,-12.755238091322388,12.820311307907104,23,100
diabetes,sa,10,0.7719845395175264,0.7857142857142857,8.066095806768512,-12.326180832582398,21.645943641662598,1,100
diabetes,sa,11,0.7784352925496468,0.7727272727272727,11.585287989162524,-15.0,15.370007753372192,19,100
diabetes,sa,12,0.7832866853258696,0.7532467532467533,-0.4355977618211617,-6.077310857593336,9.600707769393921,2,100
diabetes,sa,13,0.7736505397840864,0.8181818181818182,13.054181326862848,-15.0,52.07073950767517,1,100
diabetes,sa,14,0.7686258829801413,0.7792207792207793,2.523439025060977,-7.773846940188498,13.328646659851074,7,100
diabetes,sa,15,0.7655071304811408,0.8051948051948052,13.63692188168272,-15.0,15.286793947219849,2,100
diabetes,sa,16,0.7833399973343995,0.7727272727272727,15.0,-13.727208483436707,19.372925519943237,29,100
diabetes,sa,17,0.7655604424896708,0.8181818181818182,-0.441264814667357,-7.1230527726813815,21.721012353897095,25,100
diabetes,sa,18,0.7703585232573638,0.7987012987012987,8.273391214090962,-15.0,35.665632486343384,27,100
diabetes,sa,19,0.7768892443022791,0.8116883116883117,-1.0920642169736599,-5.3594266250659075,8.046573877334595,32,100
diabetes,sa,20,0.7752765560442489,0.7727272727272727,-0.6415831870611951,-5.504005997762323,7.931289434432983,54,100
diabetes,sa,21,0.7834599493535919,0.7207792207792207,8.931950469308742,-9.033861215896298,10.650295734405518,11,100
diabetes,sa,22,0.773557243769159,0.7597402597402597,7.347652716176206,-14.484067989634138,10.127846479415894,2,100
diabetes,sa,23,0.7720245235239238,0.8051948051948052,-0.9964756335015776,-6.0266254652893645,21.1828396320343,21,100
diabetes,sa,24,0.7703985072637611,0.7597402597402597,8.512473348474552,-9.386392507692495,35.63361477851868,20,100
diabetes,sa,25,0.7703718512594963,0.7922077922077922,-0.5079686368753302,-6.946837336597469,11.490412473678589,9,100
diabetes,sa,26,0.785072637611622,0.7727272727272727,7.329350350662979,-8.270269547645162,13.191638231277466,1,100
diabetes,sa,27,0.7753565240570438,0.7792207792207793,7.537663463616167,-15.0,20.274848699569702,29,100
diabetes,sa,28,0.7752898840463814,0.7337662337662337,13.224835226629391,-9.122896452954215,36.73597741127014,25,100
diabetes,sa,29,0.7817539650806344,0.7792207792207793,15.0,-11.434017706046998,31.341617345809937,1,100
breast-w,grid,0,0.971380308880309,0.9642857142857144,6.111111111111111,-7.0,5.518221616744995,6,100
breast-w,random,0,0.971380308880309,0.9642857142857144,6.403935408357594,-7.1051727576782335,5.642693996429443,13,100
breast-w,bo_tpe,0,0.971380308880309,0.9642857142857144,7.164750018200413,-7.408022102554927,5.530349254608154,12,100
breast-w,pso,0,0.9695945945945944,0.9571428571428572,4.856174727729076,-5.911778948911404,4.903203010559082,1,100
breast-w,de,0,0.9695785070785072,0.9642857142857144,2.1896743771209075,-5.253698035516349,5.254892826080322,1,100
breast-w,ga,0,0.9695945945945944,0.9571428571428572,8.768934611418802,-7.825304631994147,4.853829860687256,1,100
breast-w,grid,1,0.9767535392535394,0.95,6.111111111111111,-7.0,5.465906143188477,7,100
breast-w,random,1,0.9767535392535394,0.95,2.9353494846133987,-5.301298787939576,5.430422782897949,5,100
breast-w,bo_tpe,1,0.9767535392535394,0.95,2.9353494846133987,-5.301298787939576,5.4303131103515625,5,100
breast-w,pso,1,0.9767535392535394,0.95,5.873233287877447,-7.608532144190182,5.003156900405884,1,100
breast-w,de,1,0.9767535392535394,0.95,10.00729345260105,-9.952642356251282,4.919445276260376,3,100
breast-w,ga,1,0.9767535392535394,0.95,10.00729345260105,-9.952642356251282,5.1362714767456055,3,100
breast-w,grid,2,0.9678088803088803,0.9571428571428572,-5.0,-5.0,5.638363838195801,6,100
breast-w,random,2,0.9678088803088803,0.9714285714285714,-0.9070273192431504,-3.853122605688053,5.405209064483643,2,100
breast-w,bo_tpe,2,0.9678088803088803,0.9714285714285714,-0.9070273192431504,-3.853122605688053,5.686423301696777,2,100
breast-w,pso,2,0.9678088803088803,0.9714285714285714,-2.3450222697931133,-5.543245467247072,4.762455940246582,2,100
breast-w,de,2,0.9678088803088803,0.9642857142857144,6.378885592175776,-13.345513041568257,5.465208053588867,1,100
breast-w,ga,2,0.9678088803088803,0.9642857142857144,4.444695670040389,-11.079899562355257,5.252352476119995,1,100
breast-w,grid,3,0.9803410553410552,0.9285714285714286,10.555555555555555,-13.0,5.491196632385254,7,100
breast-w,random,3,0.9803410553410552,0.9285714285714286,9.821648127991253,-12.155394215373107,5.735475778579712,2,100
breast-w,bo_tpe,3,0.9803410553410554,0.9357142857142856,0.4398212533211523,-5.716030623076575,4.97284722328186,2,100
breast-w,pso,3,0.9803410553410554,0.9357142857142856,1.1369290751611218,-6.050299243454013,5.002318382263184,2,100
breast-w,de,3,0.978555341055341,0.9285714285714286,9.44329616284235,-11.063122357761518,5.671228647232056,4,100
breast-w,ga,3,0.9803410553410552,0.9285714285714286,10.536998989312332,-13.087177502124897,4.867483854293823,4,100
breast-w,grid,4,0.97493564993565,0.95,8.333333333333334,-9.0,5.534368276596069,6,100
breast-w,random,4,0.97493564993565,0.95,8.954576491945417,-11.110389079553226,5.757853031158447,3,100
breast-w,bo_tpe,4,0.97493564993565,0.95,8.954576491945417,-11.110389079553226,5.730463743209839,3,100
breast-w,pso,4,0.9731660231660232,0.95,-1.987273100331656,-5.661413706687833,5.480746269226074,7,100
breast-w,de,4,0.9749517374517376,0.9571428571428572,1.998747996445096,-10.914738818136932,5.7527923583984375,2,100
breast-w,ga,4,0.97493564993565,0.95,11.038024139716146,-13.275371555902415,5.283030271530151,2,100
breast-w,grid,5,0.9731660231660232,0.9571428571428572,6.111111111111111,-15.0,5.827082872390747,6,100
breast-w,random,5,0.9731660231660232,0.9642857142857144,2.3066603786880613,-6.397056418117984,6.030156850814819,7,100
breast-w,bo_tpe,5,0.9731660231660232,0.9642857142857144,3.0908816567120327,-7.341647047205406,5.0875232219696045,7,100
breast-w,pso,5,0.9731660231660232,0.9571428571428572,-2.995409509904796,-6.152165897672621,5.347237348556519,1,100
breast-w,de,5,0.9731660231660232,0.9571428571428572,5.30651122084284,-13.844140128380564,5.855024576187134,2,100
breast-w,ga,5,0.9731660231660232,0.9571428571428572,2.348542010807733,-5.9714216981817385,5.150772571563721,2,100
breast-w,grid,6,0.9695785070785072,0.9642857142857144,1.666666666666667,-9.0,5.86029052734375,6,100
breast-w,random,6,0.9695785070785072,0.9642857142857144,3.0651259746983968,-11.094879114175916,5.289222240447998,2,100
breast-w,bo_tpe,6,0.9695785070785072,0.9642857142857144,-2.966215587060308,-6.077552486718132,5.614718675613403,2,100
breast-w,pso,6,0.9695785070785072,0.9642857142857144,-2.5538221197758397,-6.3751953812845255,5.22442626953125,3,100
breast-w,de,6,0.9695785070785072,0.9642857142857144,0.1174575182242891,-8.351882787167042,5.4719719886779785,1,100
breast-w,ga,6,0.9695785070785072,0.9642857142857144,2.381344795907565,-9.949124167340402,5.178738832473755,1,100
breast-w,grid,7,0.9660070785070788,0.9785714285714284,10.555555555555555,-15.0,5.856896162033081,6,100
breast-w,random,7,0.9660070785070788,0.9785714285714284,4.0568586509280085,-8.646389413000897,6.143315315246582,2,100
breast-w,bo_tpe,7,0.966023166023166,0.9857142857142858,3.073802219384288,-8.694036112302477,5.766692161560059,2,100
breast-w,pso,7,0.966023166023166,0.9857142857142858,1.746358587824277,-7.925987873822443,4.963909864425659,1,100
breast-w,de,7,0.966023166023166,0.9857142857142858,0.7575052347344295,-6.988626494112362,5.522897720336914,2,100
breast-w,ga,7,0.966023166023166,0.9857142857142858,4.689743086672992,-12.209708950281314,5.22590970993042,2,100
breast-w,grid,8,0.9713963963963964,0.9571428571428572,-0.5555555555555554,-7.0,5.657298803329468,6,100
breast-w,random,8,0.971412483912484,0.9571428571428572,6.981725058802788,-2.0233595996234968,5.957880973815918,4,100
breast-w,bo_tpe,8,0.971412483912484,0.9571428571428572,9.515215547115004,-1.849996665910244,5.682299137115479,4,100
breast-w,pso,8,0.9731821106821108,0.95,1.1992503681438254,-3.6001656355471208,5.641633749008179,1,100
breast-w,de,8,0.9749678249678247,0.95,1.5394455321112144,-3.826009322799684,5.637474060058594,4,100
breast-w,ga,8,0.9731821106821108,0.9571428571428572,0.2444513645542483,-4.3852216605022925,5.0950026512146,2,100
breast-w,grid,9,0.9731660231660232,0.9571428571428572,-0.5555555555555554,-7.0,5.59244441986084,6,100
breast-w,random,9,0.9731660231660232,0.9571428571428572,4.915465862682922,-12.59106847873302,5.592609882354736,2,100
breast-w,bo_tpe,9,0.9731660231660232,0.9571428571428572,4.915465862682922,-12.59106847873302,5.326659440994263,2,100
breast-w,pso,9,0.9731660231660232,0.9571428571428572,-1.4496640764366608,-4.089623872819255,4.952000617980957,5,100
breast-w,de,9,0.9731660231660232,0.95,4.698886539545761,-13.827224447338065,5.606171607971191,2,100
breast-w,ga,9,0.9731660231660232,0.95,4.698886539545761,-13.827224447338065,5.30651593208313,2,100
breast-w,grid,10,0.9749195624195626,0.9571428571428572,-0.5555555555555554,-5.0,6.141109943389893,6,100
breast-w,random,10,0.9713642213642212,0.9642857142857144,1.298537436853766,-3.5431594247841964,5.876232385635376,1,100
breast-w,bo_tpe,10,0.97493564993565,0.9571428571428572,0.1204911110065687,-5.978884108648172,5.755032062530518,1,100
breast-w,pso,10,0.971348133848134,0.9571428571428572,6.5053744050556,-10.222369796229698,5.456961154937744,2,100
breast-w,de,10,0.973133848133848,0.9571428571428572,-0.4777113265094517,-3.3934170121754086,5.530911445617676,3,100
breast-w,ga,10,0.9731499356499358,0.9571428571428572,-0.3457752858859225,-6.442617518692671,5.194701433181763,3,100
breast-w,grid,11,0.9749195624195626,0.9428571428571428,-0.5555555555555554,-5.0,6.001927137374878,6,100
breast-w,random,11,0.973133848133848,0.9357142857142856,-1.6982676480954573,-3.61798775117707,5.717343330383301,2,100
breast-w,bo_tpe,11,0.9749195624195626,0.9357142857142856,-0.3007003978318228,-3.2196306926135376,5.487550258636475,2,100
breast-w,pso,11,0.973133848133848,0.9571428571428572,9.956277946974271,-8.967915254230572,5.104238033294678,2,100
breast-w,de,11,0.9749195624195626,0.9571428571428572,2.065497101208962,-4.351284528917217,5.213293075561523,1,100
breast-w,ga,11,0.9749195624195626,0.9571428571428572,2.065497101208962,-4.351284528917217,5.46117377281189,1,100
breast-w,grid,12,0.9695785070785072,0.95,15.0,-15.0,5.6428773403167725,6,100
breast-w,random,12,0.9695785070785072,0.9642857142857144,10.362683081288449,-12.107098443739735,5.755444765090942,2,100
breast-w,bo_tpe,12,0.971348133848134,0.9642857142857144,1.2647105230670574,-5.702407834459938,5.635491609573364,2,100
breast-w,pso,12,0.9695785070785072,0.9642857142857144,10.080990705981757,-11.71292328277154,4.922475337982178,2,100
breast-w,de,12,0.9695785070785072,0.9642857142857144,12.92618747409361,-14.123275457820563,6.102747440338135,3,100
breast-w,ga,12,0.9695785070785072,0.95,12.47305936359979,-13.377579115229782,5.831148862838745,3,100
breast-w,grid,13,0.9731660231660232,0.9571428571428572,3.888888888888889,-9.0,6.142397403717041,6,100
breast-w,random,13,0.9731660231660232,0.9571428571428572,3.742360253016221,-8.875305548739373,5.849762201309204,1,100
breast-w,bo_tpe,13,0.9731660231660232,0.9571428571428572,5.784110601971746,-11.371801353434702,5.676982641220093,1,100
breast-w,pso,13,0.9731660231660232,0.9571428571428572,2.680643189709748,-5.419260425221027,5.418512582778931,1,100
breast-w,de,13,0.9731660231660232,0.9571428571428572,7.275833820942037,-12.33089194892143,5.480417728424072,2,100
breast-w,ga,13,0.9731660231660232,0.9571428571428572,-2.5727214398903464,-5.2463606781046215,5.376579761505127,2,100
breast-w,grid,14,0.9677606177606176,0.9571428571428572,3.888888888888889,-13.0,6.172189474105835,6,100
breast-w,random,14,0.9677767052767052,0.9785714285714284,-2.7989368277823434,-5.958235711229902,6.47809648513794,2,100
breast-w,bo_tpe,14,0.9695624195624196,0.9785714285714284,-2.44204617777595,-6.274700952488781,5.877887725830078,2,100
breast-w,pso,14,0.9695624195624196,0.9785714285714284,1.989952962495357,-10.583121781500108,5.91863489151001,5,100
breast-w,de,14,0.9695624195624196,0.9785714285714284,2.975176902558827,-11.281905969641045,5.825027227401733,6,100
breast-w,ga,14,0.9695624195624196,0.9785714285714284,6.544494864009348,-14.88701220920442,5.323628902435303,6,100
breast-w,grid,15,0.965990990990991,0.9714285714285714,-2.7777777777777777,-5.0,6.0847766399383545,6,100
breast-w,random,15,0.9677927927927928,0.9714285714285714,-0.9856006739184452,-7.418794933139785,5.914947509765625,1,100
breast-w,bo_tpe,15,0.9677927927927928,0.9714285714285714,-1.457372490296636,-6.841189771956022,6.124735832214356,1,100
breast-w,pso,15,0.9677767052767052,0.9714285714285714,-0.0113475908722993,-8.19656592692202,5.502283811569214,3,100
breast-w,de,15,0.965990990990991,0.9714285714285714,2.7951696669982717,-10.828677698091347,6.043233394622803,3,100
breast-w,ga,15,0.9677767052767052,0.9714285714285714,2.671175002672121,-10.828677698091347,5.843925714492798,3,100
breast-w,grid,16,0.9731821106821108,0.9571428571428572,6.111111111111111,-7.0,6.065404653549194,6,100
breast-w,random,16,0.9731821106821108,0.9571428571428572,14.53705528021386,-11.122278390935492,5.5890538692474365,1,100
breast-w,bo_tpe,16,0.9731821106821108,0.9571428571428572,0.9004877396823159,-5.169132431375036,6.418274402618408,1,100
breast-w,pso,16,0.9731821106821108,0.95,12.03634423839917,-12.129953608880568,5.159368753433228,3,100
breast-w,de,16,0.9731821106821108,0.9571428571428572,6.338336777587301,-7.24660538117666,5.623751401901245,1,100
breast-w,ga,16,0.9731821106821108,0.9571428571428572,6.338336777587301,-7.24660538117666,4.983757257461548,1,100
breast-w,grid,17,0.9713963963963964,0.9571428571428572,-0.5555555555555554,-7.0,5.811835527420044,6,100
breast-w,random,17,0.9731821106821108,0.9571428571428572,-2.6122721204289334,-5.622729336050988,5.783600568771362,1,100
breast-w,bo_tpe,17,0.9731821106821108,0.9571428571428572,-1.836433086357516,-5.650571715752141,5.250076770782471,1,100
breast-w,pso,17,0.9731821106821108,0.9571428571428572,-1.9772849827196588,-5.474668869800913,5.2079784870147705,2,100
breast-w,de,17,0.9713963963963964,0.9571428571428572,-0.7011607287646315,-8.055167323394429,5.594030857086182,1,100
breast-w,ga,17,0.9731821106821108,0.9571428571428572,-0.5225077129681344,-6.416692248357617,5.328226566314697,2,100
breast-w,grid,18,0.9678410553410556,0.95,-0.5555555555555554,-3.0,5.863476276397705,6,100
breast-w,random,18,0.9678410553410556,0.95,-1.0273128163243817,-3.1705974490123943,6.245422124862671,2,100
breast-w,bo_tpe,18,0.9678410553410556,0.95,-1.0273128163243817,-3.1705974490123943,5.935703992843628,2,100
breast-w,pso,18,0.9678410553410556,0.95,-0.3966181407789211,-3.079970805696445,5.4026038646698,1,100
breast-w,de,18,0.9678410553410556,0.95,-2.474582169362653,-3.7290100017040295,6.200429916381836,5,100
breast-w,ga,18,0.9678410553410556,0.95,-2.474582169362653,-3.7290100017040295,5.751883506774902,5,100
breast-w,grid,19,0.9641891891891892,0.9928571428571428,-0.5555555555555554,-5.0,5.925531387329102,6,100
breast-w,random,19,0.9641891891891892,0.9928571428571428,-0.6815348790563931,-5.117506222482966,6.025920152664185,4,100
breast-w,bo_tpe,19,0.965990990990991,0.9928571428571428,-0.4543143029535375,-4.1800795197871095,5.516648054122925,6,100
breast-w,pso,19,0.9641731016731016,0.9928571428571428,3.93921680383388,-10.172520379824872,5.061198472976685,1,100
breast-w,de,19,0.9623873873873874,0.9928571428571428,6.284349175978059,-12.08219649881303,5.606540203094482,3,100
breast-w,ga,19,0.9641891891891892,0.9857142857142858,9.98964232718552,-12.2689069580626,4.8189005851745605,3,100
breast-w,grid,20,0.9678249678249676,0.9785714285714284,-0.5555555555555554,-5.0,5.666439056396484,6,100
breast-w,random,20,0.9660392535392536,0.9714285714285714,1.5841281546729349,-5.808460988847269,5.773121356964111,4,100
breast-w,bo_tpe,20,0.966055341055341,0.9714285714285714,6.598217929679699,-11.080406794361922,5.626568555831909,4,100
breast-w,pso,20,0.9678249678249676,0.9785714285714284,-0.8619726936886911,-5.578101583333757,5.272633075714111,1,100
breast-w,de,20,0.966055341055341,0.9714285714285714,3.4898505393154737,-7.901948122305164,6.123192310333252,1,100
breast-w,ga,20,0.9660392535392536,0.9785714285714284,-2.5656061484711623,-5.593049669059216,5.169214010238648,1,100
breast-w,grid,21,0.9677767052767052,0.9785714285714284,-0.5555555555555554,-5.0,5.889969110488892,6,100
breast-w,random,21,0.9695624195624196,0.9714285714285714,1.0454378792923364,-3.0496146967554,5.50771689414978,2,100
breast-w,bo_tpe,21,0.9695624195624196,0.9714285714285714,1.0454378792923364,-3.0496146967554,5.4143266677856445,2,100
breast-w,pso,21,0.9695624195624196,0.9785714285714284,2.134544370809196,-4.712928271005862,5.369349241256714,3,100
breast-w,de,21,0.9677767052767056,0.9785714285714284,10.100940811399097,-13.39623828740024,5.4597251415252686,2,100
breast-w,ga,21,0.9677767052767056,0.9857142857142858,8.101817137893912,-11.505952258801011,4.934615850448608,2,100
breast-w,grid,22,0.9677767052767052,0.9642857142857144,-2.7777777777777777,-5.0,5.629721403121948,6,100
breast-w,random,22,0.9695624195624196,0.9714285714285714,-1.842881716630156,-5.935869212715737,5.5987701416015625,1,100
breast-w,bo_tpe,22,0.9677606177606176,0.9714285714285714,-0.8307892528231475,-6.329740888259414,5.692010641098023,1,100
breast-w,pso,22,0.9677606177606176,0.9428571428571428,7.685310485236407,-1.341223405607833,4.65936541557312,1,100
breast-w,de,22,0.971348133848134,0.9714285714285714,-1.2842175126194189,-5.077237021602452,6.359097003936768,1,100
breast-w,ga,22,0.971348133848134,0.9714285714285714,-1.2842175126194189,-5.077237021602452,8.206143617630005,1,100
breast-w,grid,23,0.9713963963963964,0.9642857142857144,3.888888888888889,-13.0,7.71631121635437,6,100
breast-w,random,23,0.971412483912484,0.9571428571428572,2.606147257128041,-5.354006275671711,7.44537615776062,2,100
breast-w,bo_tpe,23,0.9713963963963964,0.9642857142857144,7.361046945056184,-7.585258292542572,5.249234676361084,2,100
breast-w,pso,23,0.971412483912484,0.9571428571428572,2.88450808502233,-5.25962822630212,5.028145790100098,1,100
breast-w,de,23,0.9731821106821108,0.9642857142857144,-0.2086635578054458,-8.853419427640226,5.299171686172485,6,100
breast-w,ga,23,0.9731821106821108,0.9571428571428572,1.38873325477762,-3.2785202614048377,5.299174547195435,6,100
breast-w,grid,24,0.9731660231660232,0.9571428571428572,-0.5555555555555554,-5.0,5.8461902141571045,6,100
breast-w,random,24,0.9713803088803088,0.9642857142857144,1.410385671303862,-8.404534444496727,5.527527809143066,2,100
breast-w,bo_tpe,24,0.9731660231660232,0.9571428571428572,-0.9929691462918852,-4.561179081787033,5.564910411834717,2,100
breast-w,pso,24,0.9731660231660232,0.9571428571428572,-0.7044404492930054,-4.598139221455689,4.794048309326172,4,100
breast-w,de,24,0.9713803088803088,0.9642857142857144,7.85201694026153,-14.890685975808214,5.140043497085571,1,100
breast-w,ga,24,0.9713803088803088,0.95,1.0481571782505426,-7.074705397944217,5.397422552108765,1,100
breast-w,grid,25,0.971380308880309,0.9642857142857144,3.888888888888889,-5.0,6.183898210525513,6,100
breast-w,random,25,0.9695945945945944,0.9642857142857144,9.38109115097333,-7.526053762470319,6.357071399688721,3,100
breast-w,bo_tpe,25,0.9713963963963964,0.9642857142857144,2.199294059651544,-3.7963434272415713,5.5677649974823,3,100
breast-w,pso,25,0.9713963963963964,0.9642857142857144,2.5801463258694493,-4.1102417870610655,5.13672137260437,1,100
breast-w,de,25,0.9713963963963964,0.9642857142857144,2.5621661637436146,-4.039700136607622,5.705391645431519,2,100
breast-w,ga,25,0.9695785070785072,0.9714285714285714,-0.3007355011696768,-7.575966056985647,5.709995031356812,2,100
breast-w,grid,26,0.9713159588159588,0.9642857142857144,1.666666666666667,-7.0,6.341770172119141,6,100
breast-w,random,26,0.9713159588159588,0.9642857142857144,1.1586990524994167,-5.650953372504587,5.686552286148071,1,100
breast-w,bo_tpe,26,0.9713159588159588,0.9642857142857144,1.1586990524994167,-5.650953372504587,5.918558120727539,1,100
breast-w,pso,26,0.9713159588159588,0.9642857142857144,2.5023070701639014,-7.841683340595722,5.356369972229004,5,100
breast-w,de,26,0.9713159588159588,0.9642857142857144,6.007885212033015,-11.633808837808314,5.010212421417236,1,100
breast-w,ga,26,0.9713159588159588,0.9714285714285714,3.740664634298668,-9.14156238637117,4.68587589263916,1,100
breast-w,grid,27,0.9695785070785072,0.9571428571428572,-2.7777777777777777,-5.0,5.398887395858765,6,100
breast-w,random,27,0.9713642213642212,0.9571428571428572,-1.380402417992621,-4.219489493182346,5.509732961654663,4,100
breast-w,bo_tpe,27,0.9695785070785072,0.95,14.412831397418891,-14.705804573122244,5.233059644699097,4,100
breast-w,pso,27,0.9695785070785072,0.95,11.9797064268021,-13.23243783761475,5.333306550979614,1,100
breast-w,de,27,0.9731499356499356,0.9571428571428572,-0.5524327085549627,-4.178275738166787,5.63094162940979,1,100
breast-w,ga,27,0.9713481338481336,0.9642857142857144,3.0687411050255182,-11.727310261774752,5.083774566650391,1,100
breast-w,grid,28,0.9767535392535394,0.9428571428571428,1.666666666666667,-5.0,5.760921955108643,7,100
breast-w,random,28,0.9767535392535394,0.9428571428571428,2.083626357479444,-5.735866896539788,5.846511602401733,10,100
breast-w,bo_tpe,28,0.9749839124839126,0.95,5.558266398606685,-12.94261290509234,5.873412609100342,10,100
breast-w,pso,28,0.9767535392535394,0.9428571428571428,2.0853666424552983,-6.105664508917084,5.2641918659210205,6,100
breast-w,de,28,0.9785392535392536,0.9357142857142856,0.5441836165059044,-3.734038828133402,5.319415092468262,2,100
breast-w,ga,28,0.9767535392535394,0.9428571428571428,-0.5632535996007348,-4.144411601668512,5.575451850891113,2,100
breast-w,grid,29,0.9696267696267696,0.9571428571428572,-2.7777777777777777,-5.0,5.6946210861206055,6,100
breast-w,random,29,0.9696267696267696,0.9642857142857144,2.660144375714026,-10.513830151434632,5.494477510452271,3,100
breast-w,bo_tpe,29,0.9696267696267696,0.9642857142857144,5.398521754374505,-13.03607474339649,5.733160495758057,3,100
breast-w,pso,29,0.9696428571428573,0.9571428571428572,-3.262672984652593,-5.872869557746748,5.055307626724243,2,100
breast-w,de,29,0.971412483912484,0.9571428571428572,-4.109498322501545,-4.760546514355667,5.591081857681274,1,100
breast-w,ga,29,0.9696267696267696,0.9642857142857144,-0.6235478228719771,-5.9051603631650025,5.088035583496094,1,100
breast-w,sa,0,0.971380308880309,0.9642857142857143,5.952735304417031,-7.002345787399042,8.103593826293945,20,100
breast-w,sa,1,0.9767535392535394,0.95,5.933698622021118,-7.271093265912203,6.267789840698242,2,100
breast-w,sa,2,0.9678088803088803,0.9714285714285714,-1.946766275621662,-4.557828952483224,6.601604223251343,15,100
breast-w,sa,3,0.9803410553410552,0.9285714285714286,8.199148033677552,-10.784190700043473,6.527140140533447,4,100
breast-w,sa,4,0.97493564993565,0.95,13.06592617596066,-14.45919802269319,6.001720905303955,10,100
breast-w,sa,5,0.9606499356499357,0.95,13.080255989713605,-0.6263500969076877,6.859849214553833,6,100
breast-w,sa,6,0.9695785070785071,0.9642857142857143,-3.68548486080572,-5.499351249520397,6.360819101333618,2,100
breast-w,sa,7,0.9660231660231661,0.9857142857142858,2.1233741969994586,-8.091890627042948,6.052412271499634,2,100
breast-w,sa,8,0.9714124839124839,0.9571428571428572,13.733577545832357,-1.8522690094653629,6.74535870552063,4,100
breast-w,sa,9,0.9749517374517375,0.9571428571428572,-1.3842081714191359,-4.405496226525782,6.933848142623901,5,100
breast-w,sa,10,0.9713481338481339,0.9642857142857143,10.458844697743185,-13.506339683768067,6.723508596420288,1,100
breast-w,sa,11,0.9731338481338481,0.95,1.8056052129272238,-9.152997139929505,6.642104148864746,9,100
breast-w,sa,12,0.9695624195624195,0.9642857142857143,1.754018835821054,-6.31535055625593,6.254717588424683,2,100
breast-w,sa,13,0.9731660231660232,0.9571428571428572,-0.7889345018321229,-4.165678994775062,6.009634494781494,1,100
breast-w,sa,14,0.9695624195624195,0.9785714285714285,0.4698197261385241,-8.94021421081892,6.696177959442139,19,100
breast-w,sa,15,0.9677767052767052,0.9714285714285714,3.989483730300158,-12.160374389613223,5.766661167144775,1,100
breast-w,sa,16,0.9731821106821107,0.9571428571428572,0.5188232750194852,-4.959228518322845,7.689169406890869,1,100
breast-w,sa,17,0.9713963963963964,0.9571428571428572,7.515494884342267,-15.0,6.793734073638916,1,100
breast-w,sa,18,0.9606499356499357,0.9642857142857143,13.001184419588553,-8.927521009227323,8.413009881973267,6,100
breast-w,sa,19,0.9659749034749033,0.9928571428571429,-0.5052481617851043,-4.596637465384861,6.240722894668579,12,100
breast-w,sa,20,0.9678249678249677,0.9785714285714285,-0.3574827550348867,-4.978841414098853,8.67041301727295,16,100
breast-w,sa,21,0.9695624195624195,0.9785714285714285,2.288871735489569,-5.018139611279576,6.190083980560303,8,100
breast-w,sa,22,0.9695624195624196,0.9642857142857143,-4.834694321677819,-4.470294683122855,5.868783712387085,1,100
breast-w,sa,23,0.9714124839124839,0.9571428571428572,2.5102507494307553,-5.461173658533859,6.37853741645813,7,100
breast-w,sa,24,0.9713803088803088,0.9571428571428572,7.641406596745332,-15.0,6.191105365753174,30,100
breast-w,sa,25,0.9695945945945945,0.9642857142857143,15.0,-10.46159470224074,6.308780670166016,4,100
breast-w,sa,26,0.9713159588159588,0.9642857142857143,1.1586990524994167,-5.650953372504587,6.173879861831665,1,100
breast-w,sa,27,0.9695785070785071,0.9642857142857143,-2.605122546560764,-5.484778243212264,7.774579763412476,10,100
breast-w,sa,28,0.9767535392535394,0.9428571428571428,-0.6536508082011725,-4.281707436622623,7.086584091186523,6,100
breast-w,sa,29,0.9714124839124839,0.9571428571428572,-3.5892756027161146,-4.841648236144438,5.971768379211426,2,100
vehicle,grid,0,0.8550980392156863,0.8411764705882353,10.555555555555555,-7.0,16.06684923171997,75,100
vehicle,random,0,0.8565468409586057,0.8529411764705882,11.275956394049544,-7.862896664754277,14.05236005783081,58,100
vehicle,bo_tpe,0,0.8610021786492374,0.8588235294117647,10.187363480956355,-7.186834566845072,19.76868963241577,12,100
vehicle,pso,0,0.8610021786492374,0.8470588235294118,10.542442328698192,-7.281701845771287,14.650872945785522,34,100
vehicle,de,0,0.8565359477124183,0.8529411764705882,13.680870319124992,-8.188060822283786,21.095457792282104,20,100
vehicle,ga,0,0.8565359477124183,0.8529411764705882,13.266261501312352,-8.003001590340451,21.190550804138184,20,100
vehicle,grid,1,0.8491394335511983,0.8352941176470589,10.555555555555555,-7.0,14.535958766937256,75,100
vehicle,random,1,0.843202614379085,0.8294117647058824,8.275892904395777,-5.731995982950446,13.27546501159668,34,100
vehicle,bo_tpe,1,0.8550435729847494,0.8352941176470589,9.88938243216198,-6.159184733356303,16.767671823501587,13,100
vehicle,pso,1,0.8550544662309368,0.8294117647058824,8.96226025771968,-6.6761335124489145,14.04429030418396,11,100
vehicle,de,1,0.853562091503268,0.8352941176470589,10.519466955695572,-6.827764671070241,13.977357864379885,56,100
vehicle,ga,1,0.8506209150326797,0.8411764705882353,9.098158048799167,-6.9116466341886005,17.624967575073242,47,100
vehicle,grid,2,0.847636165577342,0.8470588235294118,15.0,-9.0,15.066429853439333,94,100
vehicle,random,2,0.8417320261437908,0.8294117647058824,4.428197149393579,-5.109057220408655,14.759916305541992,35,100
vehicle,bo_tpe,2,0.8520697167755991,0.8294117647058824,12.976046096040854,-8.031907532704164,23.37257671356201,43,100
vehicle,pso,2,0.841732026143791,0.8294117647058824,5.654977730206887,-5.665342378649408,11.733137130737305,22,100
vehicle,de,2,0.8387581699346406,0.8235294117647058,4.41819770831515,-4.804327799803946,12.200806140899658,20,100
vehicle,ga,2,0.8476252723311546,0.8294117647058824,12.337942940366474,-7.768518721786629,16.93542170524597,24,100
vehicle,grid,3,0.8401742919389978,0.8529411764705882,8.333333333333334,-7.0,12.660072565078735,56,100
vehicle,random,3,0.838769063180828,0.8,14.432052123471353,-10.849484321608667,14.598711252212524,35,100
vehicle,bo_tpe,3,0.8431808278867102,0.8235294117647058,14.899067298903187,-9.22085722401387,22.274998426437374,20,100
vehicle,pso,3,0.8461220043572986,0.8411764705882353,10.86277506931259,-7.433725128667508,25.116185903549194,19,100
vehicle,de,3,0.8416666666666666,0.8470588235294118,12.73528504953735,-8.322917528256703,14.741522073745728,63,100
vehicle,ga,3,0.8431481481481482,0.8647058823529412,4.59113104096759,-5.100426836578016,11.56218671798706,24,100
vehicle,grid,4,0.8564596949891067,0.7647058823529411,15.0,-7.0,12.708887338638306,66,100
vehicle,random,4,0.8564705882352941,0.7764705882352941,13.916565893508867,-6.987746524915174,15.60817837715149,42,100
vehicle,bo_tpe,4,0.8579411764705881,0.7705882352941177,10.036075175521106,-5.562258607950495,14.69715452194214,21,100
vehicle,pso,4,0.8550435729847494,0.788235294117647,11.77784950104758,-8.298440934591923,15.820953845977783,1,100
vehicle,de,4,0.8550435729847494,0.7941176470588235,11.038024139716146,-8.012996967376388,15.188321828842165,6,100
vehicle,ga,4,0.8579411764705881,0.7470588235294118,14.580980457081155,-6.9126499186939565,24.970484495162964,6,100
vehicle,grid,5,0.8550108932461875,0.8176470588235294,15.0,-9.0,14.50851345062256,75,100
vehicle,random,5,0.8505991285403051,0.8411764705882353,14.62937475212021,-7.818993529748692,13.485417604446411,24,100
vehicle,bo_tpe,5,0.8609477124183007,0.8470588235294118,11.769737946351889,-7.325843726221323,20.163638830184937,32,100
vehicle,pso,5,0.8594771241830065,0.8294117647058824,13.585630051862312,-7.770111655814071,17.57206392288208,31,100
vehicle,de,5,0.8594662309368193,0.8411764705882353,13.02794897555964,-7.829747818868934,16.963589906692505,56,100
vehicle,ga,5,0.8505991285403051,0.8294117647058824,10.704761648587132,-6.308777579134135,14.096611976623535,77,100
vehicle,grid,6,0.8447167755991286,0.8411764705882353,12.77777777777778,-9.0,14.150687217712402,65,100
vehicle,random,6,0.8505773420479302,0.8352941176470589,10.58467907052054,-7.786527463890309,13.694512128829956,1,100
vehicle,bo_tpe,6,0.8505882352941176,0.8470588235294118,12.191311892354625,-8.207772826639857,19.3543643951416,1,100
vehicle,pso,6,0.8535729847494553,0.8352941176470589,7.525625905437999,-6.2291380224369695,11.690553188323976,19,100
vehicle,de,6,0.8550108932461875,0.8470588235294118,10.567826357711834,-7.375540449372553,17.259524822235107,22,100
vehicle,ga,6,0.8520588235294116,0.8352941176470589,10.103812992704922,-7.636642830075391,18.155165195465088,19,100
vehicle,grid,7,0.8416557734204794,0.8235294117647058,6.111111111111111,-5.0,14.313394784927368,56,100
vehicle,random,7,0.8416993464052288,0.8117647058823529,8.380264817678276,-6.580448524590347,13.20483374595642,3,100
vehicle,bo_tpe,7,0.8461437908496732,0.8294117647058824,9.309836587099552,-6.423477254770666,15.644015550613403,3,100
vehicle,pso,7,0.8476034858387799,0.8294117647058824,11.352885452442814,-7.811770199531091,15.301368474960327,23,100
vehicle,de,7,0.8446623093681918,0.8235294117647058,8.826726473587797,-6.850773232329159,13.825023651123049,8,100
vehicle,ga,7,0.8446732026143792,0.8117647058823529,7.588573913094645,-6.221082172361395,13.25618028640747,8,100
vehicle,grid,8,0.8416884531590414,0.8764705882352941,15.0,-9.0,14.060402154922484,75,100
vehicle,random,8,0.8343137254901961,0.8529411764705882,13.866363689264038,-8.254706909680028,15.07372498512268,18,100
vehicle,bo_tpe,8,0.8461437908496732,0.8941176470588236,13.410834431283792,-8.636132777961363,23.83017373085022,36,100
vehicle,pso,8,0.8358278867102398,0.8647058823529412,8.647157001397236,-5.048941796232258,14.175393342971802,26,100
vehicle,de,8,0.8461437908496732,0.888235294117647,13.300029681462483,-8.464304876460924,20.546632051467896,3,100
vehicle,ga,8,0.8461764705882354,0.8294117647058824,12.225877120296389,-6.859202481111366,14.786378145217896,3,100
vehicle,grid,9,0.8535511982570807,0.8588235294117647,12.77777777777778,-7.0,14.405773401260376,65,100
vehicle,random,9,0.8520697167755991,0.8588235294117647,11.497409290010964,-6.617967443389215,12.21276569366455,12,100
vehicle,bo_tpe,9,0.8580065359477125,0.8411764705882353,10.1338085382251,-6.385388042825764,18.39619541168213,14,100
vehicle,pso,9,0.8579956427015251,0.8411764705882353,11.52323697044488,-6.935017539883006,20.45847797393799,23,100
vehicle,de,9,0.8565141612200436,0.8529411764705882,13.062376236061716,-7.643264799464823,13.992204427719116,21,100
vehicle,ga,9,0.8550326797385621,0.8411764705882353,9.018863590735474,-6.0597016007095625,14.90330696105957,1,100
vehicle,grid,10,0.8550217864923748,0.8470588235294118,12.77777777777778,-9.0,14.16499137878418,56,100
vehicle,random,10,0.8594444444444443,0.8470588235294118,7.355339569386343,-5.763511634020965,13.609148740768433,14,100
vehicle,bo_tpe,10,0.8668409586056643,0.8588235294117647,9.631334454903056,-7.0148616889278514,17.6982901096344,22,100
vehicle,pso,10,0.8638997821350763,0.8529411764705882,10.16217597894342,-7.653409862701653,18.51725673675537,19,100
vehicle,de,10,0.8579738562091503,0.8588235294117647,8.157674134307399,-5.972683894786264,15.087889194488524,47,100
vehicle,ga,10,0.8638997821350763,0.8470588235294118,9.873568108410849,-7.475270484354178,16.833797454833984,78,100
vehicle,grid,11,0.8595098039215687,0.8529411764705882,15.0,-9.0,14.244717597961426,46,100
vehicle,random,11,0.8594989106753813,0.8411764705882353,14.733466607169373,-8.9150271063085,15.479328155517578,19,100
vehicle,bo_tpe,11,0.8639433551198257,0.8588235294117647,14.710351984774354,-8.402743151068856,22.064799547195435,43,100
vehicle,pso,11,0.8609803921568627,0.8294117647058824,5.979951061585959,-5.851366958556351,10.699312448501589,46,100
vehicle,de,11,0.8638888888888889,0.8529411764705882,6.344791391469595,-5.777118357303113,11.369476556777954,30,100
vehicle,ga,11,0.8638888888888889,0.8647058823529412,6.849002303655922,-5.895155093160024,11.451472043991089,22,100
vehicle,grid,12,0.8520261437908496,0.8352941176470589,15.0,-9.0,13.554373502731323,75,100
vehicle,random,12,0.8520806100217865,0.8529411764705882,14.148348474781145,-7.6927498267264305,12.342346906661987,33,100
vehicle,bo_tpe,12,0.8579847494553376,0.8588235294117647,14.306960311458996,-7.652643672653796,23.243744134902958,35,100
vehicle,pso,12,0.8550108932461875,0.8470588235294118,14.486658617099891,-8.296889540332318,18.703115940093998,16,100
vehicle,de,12,0.8549891067538127,0.8411764705882353,14.97515375395306,-8.878815143546644,18.472350358963013,32,100
vehicle,ga,12,0.8446732026143791,0.8411764705882353,7.486230756404141,-5.949315530476024,13.598419427871704,54,100
vehicle,grid,13,0.8446732026143792,0.8470588235294118,10.555555555555555,-9.0,13.6437246799469,55,100
vehicle,random,13,0.8475925925925927,0.8294117647058824,13.371034962918976,-10.599437360436172,13.337002992630005,11,100
vehicle,bo_tpe,13,0.8475925925925925,0.8352941176470589,14.92732716853564,-9.017578575735754,18.221911907196045,18,100
vehicle,pso,13,0.84760348583878,0.8588235294117647,6.764999510321788,-6.963755436060156,13.626839637756348,27,100
vehicle,de,13,0.8446732026143791,0.8470588235294118,10.393169504356775,-8.767139535449818,15.151418685913086,8,100
vehicle,ga,13,0.849106753812636,0.8411764705882353,11.28558647281752,-9.130591693775951,17.997737646102905,22,100
vehicle,grid,14,0.8343137254901961,0.8647058823529412,10.555555555555555,-7.0,13.366663694381714,65,100
vehicle,random,14,0.843169934640523,0.8588235294117647,11.129627158485398,-8.839416738935682,13.955605030059814,6,100
vehicle,bo_tpe,14,0.8461328976034859,0.8764705882352941,11.946168240791591,-8.800576815238909,17.25908327102661,6,100
vehicle,pso,14,0.8446623093681918,0.8588235294117647,11.945246868326784,-9.228957437057112,20.467426776885983,70,100
vehicle,de,14,0.8461328976034859,0.8764705882352941,11.939805693249683,-8.800557995551559,21.147234201431274,1,100
vehicle,ga,14,0.8431808278867102,0.8647058823529412,11.709353852766098,-9.05634502763581,21.46131420135498,1,100
vehicle,grid,15,0.8506100217864923,0.8117647058823529,8.333333333333334,-7.0,12.051645517349243,56,100
vehicle,random,15,0.8535511982570807,0.8235294117647058,10.210205478578994,-6.4774600317031,11.907630681991575,12,100
vehicle,bo_tpe,15,0.8535838779956426,0.8235294117647058,10.99304800920208,-6.668753667619838,12.54058599472046,20,100
vehicle,pso,15,0.8565141612200436,0.8235294117647058,6.779031722861474,-5.692437057059396,10.515225887298584,41,100
vehicle,de,15,0.852124183006536,0.8117647058823529,10.734708500127052,-8.783582926634885,11.316016674041748,4,100
vehicle,ga,15,0.8491067538126362,0.8176470588235294,9.375427537509424,-8.891867388139719,9.867855548858644,4,100
vehicle,grid,16,0.843202614379085,0.8823529411764706,12.77777777777778,-7.0,12.349005222320557,85,100
vehicle,random,16,0.8446732026143791,0.8529411764705882,14.550790328799042,-8.579602961259184,11.892333984375,47,100
vehicle,bo_tpe,16,0.8491285403050108,0.8764705882352941,11.996562592692946,-6.149126216900482,28.03844904899597,14,100
vehicle,pso,16,0.850566448801743,0.8941176470588236,13.01595114423708,-7.364776391853747,20.55849862098694,57,100
vehicle,de,16,0.8535511982570805,0.8823529411764706,10.388301076574288,-6.188874545561244,16.892712831497192,94,100
vehicle,ga,16,0.8520697167755991,0.8764705882352941,10.605336914440567,-6.260913742331635,15.00273060798645,88,100
vehicle,grid,17,0.8535729847494554,0.8294117647058824,12.77777777777778,-9.0,15.23590898513794,56,100
vehicle,random,17,0.8580283224400871,0.8235294117647058,9.899584224336127,-7.564872694274562,11.748945474624634,51,100
vehicle,bo_tpe,17,0.8565250544662311,0.8352941176470589,14.600250465424104,-10.504279319132648,20.326293230056763,24,100
vehicle,pso,17,0.8535838779956428,0.8117647058823529,11.66818982124707,-8.50591583751325,13.257980823516846,20,100
vehicle,de,17,0.8565359477124183,0.8529411764705882,9.78560652234523,-7.316827091719439,12.358700037002563,28,100
vehicle,ga,17,0.8506100217864925,0.8470588235294118,10.844999100469131,-7.684355181062055,11.182593584060667,70,100
vehicle,grid,18,0.8417102396514162,0.8529411764705882,10.555555555555555,-7.0,12.847984313964844,75,100
vehicle,random,18,0.8446840958605664,0.8470588235294118,14.939143591352504,-8.059688996864116,12.49177598953247,37,100
vehicle,bo_tpe,18,0.8446732026143792,0.8470588235294118,10.49555248057233,-6.887084572222741,14.305669784545898,42,100
vehicle,pso,18,0.8447058823529412,0.8352941176470589,13.672713981889292,-8.610639905007233,19.185545921325684,3,100
vehicle,de,18,0.8432244008714598,0.8235294117647058,13.726567550812252,-9.00087397286753,13.392685651779177,68,100
vehicle,ga,18,0.8416993464052288,0.8529411764705882,11.659409838758943,-6.556627506391249,11.228003025054932,26,100
vehicle,grid,19,0.849193899782135,0.8470588235294118,8.333333333333334,-7.0,14.408460855484009,65,100
vehicle,random,19,0.8403485838779957,0.8294117647058824,10.20373042537261,-7.039071008291948,11.919107913970947,17,100
vehicle,bo_tpe,19,0.852156862745098,0.8470588235294118,8.259434143154657,-6.768861374772202,11.985666990280151,24,100
vehicle,pso,19,0.849193899782135,0.8411764705882353,8.918960402367622,-7.2313320335605855,17.04409170150757,37,100
vehicle,de,19,0.8432788671023965,0.8352941176470589,5.641960362943193,-5.425596925614224,14.667112588882446,6,100
vehicle,ga,19,0.852156862745098,0.8588235294117647,7.708272154187087,-6.414748211118249,14.676042556762695,28,100
vehicle,grid,20,0.838769063180828,0.8352941176470589,6.111111111111111,-5.0,12.61568021774292,56,100
vehicle,random,20,0.8475925925925927,0.8235294117647058,10.556170692344857,-6.730629618338172,11.668058395385742,13,100
vehicle,bo_tpe,20,0.8505773420479302,0.8294117647058824,13.685426293397184,-7.920850685346211,20.383171319961548,17,100
vehicle,pso,20,0.8535403050108933,0.8294117647058824,12.05465521005268,-7.195579621353399,21.431841135025024,33,100
vehicle,de,20,0.847636165577342,0.8176470588235294,14.2767408912532,-8.219946105742354,17.760305404663086,26,100
vehicle,ga,20,0.8490958605664488,0.8235294117647058,10.961960604744208,-6.771788323439665,17.9415340423584,29,100
vehicle,grid,21,0.846165577342048,0.8529411764705882,10.555555555555555,-7.0,24.779850482940677,56,100
vehicle,random,21,0.8476252723311546,0.8470588235294118,8.838295671058336,-6.669619299101745,14.110613584518433,23,100
vehicle,bo_tpe,21,0.8638997821350763,0.8235294117647058,13.613395700966572,-7.003377295440314,23.863197565078732,54,100
vehicle,pso,21,0.8550108932461875,0.8117647058823529,14.889686610994794,-7.507371018781144,24.48932981491089,1,100
vehicle,de,21,0.8550108932461873,0.8176470588235294,12.600547487097923,-6.499761095177815,14.889790296554564,46,100
vehicle,ga,21,0.857962962962963,0.8176470588235294,12.649569457343215,-6.593153690185725,15.394728183746338,68,100
vehicle,grid,22,0.8447167755991286,0.8705882352941177,15.0,-9.0,19.304412126541138,75,100
vehicle,random,22,0.8446840958605664,0.8470588235294118,11.672072199077434,-6.642028324263531,13.04906940460205,87,100
vehicle,bo_tpe,22,0.8491503267973857,0.8647058823529412,13.341956765698566,-8.036791996707898,24.15428996086121,17,100
vehicle,pso,22,0.8521023965141612,0.8705882352941177,13.51228335942242,-8.088049920509167,20.17587399482727,22,100
vehicle,de,22,0.8491394335511984,0.8705882352941177,14.474041373725358,-8.455050434166129,14.76365351676941,48,100
vehicle,ga,22,0.8461873638344226,0.8470588235294118,12.71863940401725,-7.514149640336792,16.18286108970642,87,100
vehicle,grid,23,0.8521132897603486,0.8647058823529412,10.555555555555555,-5.0,14.37570095062256,66,100
vehicle,random,23,0.8565795206971678,0.8470588235294118,13.790777152876329,-4.622123476041542,13.50757884979248,26,100
vehicle,bo_tpe,23,0.8565795206971678,0.8470588235294118,10.389508702479924,-4.622346917394501,14.200355052947998,17,100
vehicle,pso,23,0.8565686274509803,0.8470588235294118,11.069182552347474,-4.553229851882453,14.946452856063845,25,100
vehicle,de,23,0.8550980392156863,0.8470588235294118,13.926248243552314,-4.587172882467829,16.162549018859863,20,100
vehicle,ga,23,0.8476797385620916,0.8823529411764706,9.907068036443995,-6.911820906826918,14.335097074508669,5,100
vehicle,grid,24,0.8609586056644881,0.8588235294117647,15.0,-9.0,17.04063892364502,94,100
vehicle,random,24,0.8579847494553376,0.8470588235294118,14.92911450178194,-9.30575439976905,15.748197317123411,4,100
vehicle,bo_tpe,24,0.8609477124183007,0.8470588235294118,14.93459696137079,-9.247810010497636,27.096840381622314,4,100
vehicle,pso,24,0.8594662309368193,0.8588235294117647,14.993040635586445,-9.13032796411026,33.91068983078003,7,100
vehicle,de,24,0.8505991285403051,0.8470588235294118,11.142346402691066,-7.8879361793235425,14.85812282562256,21,100
vehicle,ga,24,0.8402287581699348,0.8411764705882353,9.521419226334457,-7.020047067048148,16.55193257331848,3,100
vehicle,grid,25,0.8505773420479302,0.8294117647058824,8.333333333333334,-5.0,15.016853332519531,56,100
vehicle,random,25,0.850566448801743,0.8176470588235294,8.597031743663548,-5.834164569707154,12.91882061958313,13,100
vehicle,bo_tpe,25,0.8521023965141612,0.8176470588235294,14.430941595005104,-8.30164070277992,22.0996413230896,26,100
vehicle,pso,25,0.8564923747276689,0.8235294117647058,6.7102164655916745,-4.7796566543772165,14.859058856964111,34,100
vehicle,de,25,0.8550108932461875,0.8235294117647058,6.110696250763922,-4.445096698824193,13.42405891418457,12,100
vehicle,ga,25,0.8505991285403048,0.8294117647058824,7.65956240677631,-4.973969739220662,10.570867776870728,12,100
vehicle,grid,26,0.8505337690631809,0.8470588235294118,10.555555555555555,-7.0,12.68583869934082,56,100
vehicle,random,26,0.8535294117647059,0.8352941176470589,7.80347486418947,-6.235839637602243,12.041782140731812,38,100
vehicle,bo_tpe,26,0.8535403050108933,0.8294117647058824,7.138297064863405,-5.389526548258465,11.036251068115234,20,100
vehicle,pso,26,0.8564923747276689,0.8411764705882353,11.889020392855077,-7.188145215572897,17.274248838424683,13,100
vehicle,de,26,0.8535403050108933,0.8411764705882353,7.555200920682115,-5.869589947425739,12.965728521347046,20,100
vehicle,ga,26,0.8564705882352941,0.8411764705882353,11.211444229650036,-7.596166412374309,16.795366287231445,49,100
vehicle,grid,27,0.8579956427015251,0.8058823529411765,12.77777777777778,-7.0,16.295389890670776,56,100
vehicle,random,27,0.8623747276688454,0.8058823529411765,5.583304695965083,-5.377289146110845,14.275267839431764,89,100
vehicle,bo_tpe,27,0.8638888888888889,0.788235294117647,12.030251494071177,-6.554601131998932,17.80788516998291,14,100
vehicle,pso,27,0.8623747276688454,0.8117647058823529,5.89070842684527,-5.483465104503948,14.611400365829468,53,100
vehicle,de,27,0.8594771241830065,0.8117647058823529,12.207758246890236,-7.0504971925484,13.582279443740845,10,100
vehicle,ga,27,0.8639106753812638,0.8058823529411765,12.998897226638707,-7.008689159490462,15.35922646522522,10,100
vehicle,grid,28,0.8476143790849673,0.8352941176470589,6.111111111111111,-5.0,12.814449071884155,56,100
vehicle,random,28,0.8491285403050108,0.8411764705882353,7.913469471470529,-6.321841724341649,11.81882381439209,34,100
vehicle,bo_tpe,28,0.8432244008714596,0.8529411764705882,13.929208970272278,-9.316830588648868,18.031385898590088,3,100
vehicle,pso,28,0.8550000000000001,0.8647058823529412,8.16151849351983,-5.679907970127668,10.363288640975952,31,100
vehicle,de,28,0.8491394335511983,0.8470588235294118,8.787307048556517,-6.871910740461534,15.21576452255249,31,100
vehicle,ga,28,0.8461764705882352,0.8588235294117647,13.421027856390973,-8.813257000286061,18.751224517822266,8,100
vehicle,grid,29,0.8313725490196078,0.888235294117647,6.111111111111111,-5.0,12.499154090881348,56,100
vehicle,random,29,0.8224727668845315,0.8529411764705882,5.023321845328503,-6.413146462344393,11.841622591018677,1,100
vehicle,bo_tpe,29,0.835806100217865,0.8823529411764706,6.58961845655518,-4.743899090277463,10.923554182052612,39,100
vehicle,pso,29,0.8314052287581699,0.8764705882352941,11.085693795624897,-5.899823862414455,13.524240493774414,24,100
vehicle,de,29,0.8269498910675382,0.8823529411764706,6.068811442899396,-5.5538958510411724,12.876062870025637,11,100
vehicle,ga,29,0.8328431372549019,0.888235294117647,6.583315250745304,-4.80162095137312,12.933117151260376,42,100
vehicle,sa,0,0.8610021786492374,0.8470588235294118,9.283520447454276,-6.596093947598785,12.384455680847168,46,100
vehicle,sa,1,0.8535729847494554,0.8352941176470589,9.98286324807121,-6.149041380425554,16.06624484062195,36,100
vehicle,sa,2,0.8490958605664488,0.8352941176470589,13.445353252893549,-8.40948256574801,21.190375804901123,68,100
vehicle,sa,3,0.8431481481481482,0.8352941176470589,8.810186538563375,-7.676452061707645,14.395896196365356,48,100
vehicle,sa,4,0.860893246187364,0.7705882352941177,9.810984952285253,-5.571909328011497,26.583818197250366,9,100
vehicle,sa,5,0.8594662309368191,0.8411764705882353,11.569819273438222,-7.211250915270959,23.27934193611145,15,100
vehicle,sa,6,0.8461873638344226,0.8411764705882353,12.857203028720033,-9.02436350457881,29.682827711105347,1,100
vehicle,sa,7,0.8416993464052288,0.8294117647058824,9.110514426143382,-6.336834835727616,11.86143445968628,42,100
vehicle,sa,8,0.8461437908496732,0.8941176470588236,13.028503874683054,-8.479203605107742,30.750388622283936,17,100
vehicle,sa,9,0.8639106753812635,0.8411764705882353,11.229416663521022,-6.757495128341956,20.494045972824097,13,100
vehicle,sa,10,0.8668409586056646,0.8529411764705882,9.320407290943008,-7.02888953059834,25.177192449569702,39,100
vehicle,sa,11,0.862450980392157,0.8470588235294118,5.715028761885616,-5.557305607730938,17.597765684127808,23,100
vehicle,sa,12,0.8535076252723313,0.8352941176470589,15.0,-8.969296371732295,19.40757179260254,26,100
vehicle,sa,13,0.8461764705882352,0.8235294117647058,9.264909998163105,-6.496006994911301,24.07799458503723,15,100
vehicle,sa,14,0.8416884531590414,0.8588235294117647,11.089317380875038,-8.679756065681264,12.790369272232056,70,100
vehicle,sa,15,0.8550326797385621,0.8294117647058824,10.243858643670752,-6.249809762311147,14.706930160522461,17,100
vehicle,sa,16,0.8491067538126362,0.8647058823529412,14.254173320792589,-8.293969680160178,19.57329273223877,54,100
vehicle,sa,17,0.8580065359477125,0.8352941176470589,15.0,-10.70397438469709,19.594494104385376,23,100
vehicle,sa,18,0.8461437908496732,0.8411764705882353,14.575262987948213,-8.282784218169622,29.89851975440979,5,100
vehicle,sa,19,0.8477450980392156,0.8529411764705882,8.890349366510902,-6.893348579971509,17.778027534484863,37,100
vehicle,sa,20,0.852037037037037,0.8117647058823529,15.0,-7.928707493162166,41.02239966392517,47,100
vehicle,sa,21,0.8623856209150327,0.8176470588235294,12.063866784127645,-6.510631371419766,15.045401811599731,95,100
vehicle,sa,22,0.8432244008714598,0.8529411764705882,10.191851811591917,-6.610730625349656,13.614369869232178,47,100
vehicle,sa,23,0.8550980392156863,0.8470588235294118,11.917416998734051,-4.607589100757156,14.468681573867798,36,100
vehicle,sa,24,0.8609586056644881,0.8588235294117647,15.0,-9.061767747517704,29.21877408027649,39,100
vehicle,sa,25,0.855065359477124,0.8117647058823529,13.891521726159406,-8.056513303086641,19.100560188293457,22,100
vehicle,sa,26,0.8579520697167757,0.8294117647058824,15.0,-9.42751269784851,17.43829655647278,21,100
vehicle,sa,27,0.8624291938997821,0.8058823529411765,13.141484495854597,-7.404909054426467,28.582117795944214,22,100
vehicle,sa,28,0.8491394335511983,0.8411764705882353,8.530512108212607,-6.763545736086399,23.404518127441406,2,100
vehicle,sa,29,0.8313943355119827,0.8823529411764706,6.339740414058497,-5.620463842700178,33.650089740753174,53,100
wdbc,grid,0,0.9824175824175824,0.9736842105263158,1.666666666666667,-5.0,6.82012677192688,26,100
wdbc,random,0,0.9802197802197804,0.9736842105263158,8.062166509307968,-10.440751154283925,6.926364421844482,15,100
wdbc,bo_tpe,0,0.9824175824175824,0.9736842105263158,9.381048859528434,-11.07066034330779,6.044953346252441,15,100
wdbc,pso,0,0.9824175824175824,0.9736842105263158,1.3125849976866737,-4.927780772195349,6.27645206451416,1,100
wdbc,de,0,0.9824175824175824,0.9736842105263158,7.739233746429086,-9.715859261899304,5.921760082244873,1,100
wdbc,ga,0,0.9824175824175824,0.9736842105263158,7.264780083241144,-9.423637695450674,5.864880084991455,1,100
wdbc,grid,1,0.9802197802197804,0.9824561403508772,1.666666666666667,-5.0,6.60077428817749,36,100
wdbc,random,1,0.9802197802197804,0.9736842105263158,2.9353494846133987,-5.301298787939576,6.734014987945557,5,100
wdbc,bo_tpe,1,0.9802197802197804,0.9736842105263158,2.9353494846133987,-5.301298787939576,6.401924133300781,5,100
wdbc,pso,1,0.9802197802197804,0.9824561403508772,2.015182362805143,-5.053851677526773,5.738288402557373,6,100
wdbc,de,1,0.9802197802197804,0.9824561403508772,9.543626839231134,-14.709993158296776,6.45177149772644,14,100
wdbc,ga,1,0.9802197802197804,0.9824561403508772,7.261748249077216,-12.430899174404884,5.581769943237305,14,100
wdbc,grid,2,0.975824175824176,0.9824561403508772,8.333333333333334,-15.0,5.737260103225708,25,100
wdbc,random,2,0.975824175824176,0.9912280701754386,1.637474250797517,-6.3337530777714015,6.358919620513916,3,100
wdbc,bo_tpe,2,0.975824175824176,0.9824561403508772,5.572223381524023,-12.214993221027951,6.401252031326294,3,100
wdbc,pso,2,0.975824175824176,0.9824561403508772,3.998391624247815,-10.537202380437265,7.739426374435425,3,100
wdbc,de,2,0.978021978021978,0.9912280701754386,1.919213311434662,-5.8008124757476125,7.8638551235198975,2,100
wdbc,ga,2,0.978021978021978,0.9912280701754386,1.919213311434662,-5.8008124757476125,7.637516736984253,2,100
wdbc,grid,3,0.978021978021978,0.9824561403508772,3.888888888888889,-7.0,6.6935625076293945,25,100
wdbc,random,3,0.978021978021978,0.9824561403508772,3.130398327524972,-6.559075523414958,5.915556907653809,2,100
wdbc,bo_tpe,3,0.9802197802197804,0.9824561403508772,2.113136080908672,-5.454704541255166,6.101858377456665,14,100
wdbc,pso,3,0.9802197802197804,0.9824561403508772,2.358725333461147,-5.417815739591652,5.403889179229736,46,100
wdbc,de,3,0.978021978021978,0.9824561403508772,2.503860998617103,-5.656947894451497,6.344945907592773,4,100
wdbc,ga,3,0.9802197802197804,0.9736842105263158,1.9353081191300303,-5.396237104781726,5.62289023399353,4,100
wdbc,grid,4,0.978021978021978,0.9649122807017544,1.666666666666667,-5.0,7.506317138671875,26,100
wdbc,random,4,0.9802197802197804,0.956140350877193,2.511515371750848,-5.954404932115182,7.0389673709869385,3,100
wdbc,bo_tpe,4,0.98021978021978,0.9736842105263158,7.249246947237909,-11.293157165670872,6.444455146789551,3,100
wdbc,pso,4,0.9802197802197804,0.9649122807017544,3.85367535746924,-5.896570153513297,5.565826177597046,7,100
wdbc,de,4,0.9802197802197804,0.9473684210526316,0.2485441976236675,-4.523715588353175,5.855757474899292,3,100
wdbc,ga,4,0.9802197802197804,0.956140350877193,1.884897054454045,-5.796104049341491,5.591838836669922,3,100
wdbc,grid,5,0.978021978021978,0.9824561403508772,10.555555555555555,-13.0,6.178547859191895,35,100
wdbc,random,5,0.975824175824176,0.9824561403508772,8.045415719754011,-10.646537026246277,6.136398792266846,11,100
wdbc,bo_tpe,5,0.978021978021978,0.9736842105263158,6.1624239507565095,-8.965271920577182,5.974916458129883,11,100
wdbc,pso,5,0.978021978021978,0.9824561403508772,10.808241723783084,-12.78086503437318,5.1837708950042725,1,100
wdbc,de,5,0.9802197802197804,0.9824561403508772,2.848093286695564,-6.125585662828634,6.073886871337891,6,100
wdbc,ga,5,0.9802197802197804,0.9824561403508772,2.848093286695564,-6.125585662828634,5.614533424377441,6,100
wdbc,grid,6,0.978021978021978,0.9912280701754386,8.333333333333334,-15.0,6.469674825668335,36,100
wdbc,random,6,0.978021978021978,0.9912280701754386,6.335935426501024,-12.967469973831363,6.146508932113648,2,100
wdbc,bo_tpe,6,0.978021978021978,0.9912280701754386,9.692756455272107,-14.47100888896036,5.752702951431274,2,100
wdbc,pso,6,0.978021978021978,0.9912280701754386,10.657874903072962,-14.865179656216103,5.688283681869507,7,100
wdbc,de,6,0.978021978021978,0.9912280701754386,7.549358674061477,-12.798916821402653,5.621516704559326,5,100
wdbc,ga,6,0.978021978021978,0.9912280701754386,7.549358674061477,-12.798916821402653,5.161105632781982,5,100
wdbc,grid,7,0.9846153846153848,0.9649122807017544,3.888888888888889,-7.0,5.9343101978302,26,100
wdbc,random,7,0.9824175824175824,0.956140350877193,2.44769378770118,-6.40677921267141,5.796660423278809,5,100
wdbc,bo_tpe,7,0.9868131868131867,0.9649122807017544,4.070547745157052,-7.0168716990648665,5.6036012172698975,5,100
wdbc,pso,7,0.9868131868131867,0.9736842105263158,3.562940774996001,-6.26460164489024,5.020065069198608,1,100
wdbc,de,7,0.9846153846153848,0.9649122807017544,5.090965179159067,-7.981179230104201,5.851799249649048,16,100
wdbc,ga,7,0.9824175824175824,0.9649122807017544,10.009447024992406,-9.770784405906028,5.414480686187744,2,100
wdbc,grid,8,0.9802197802197804,0.9912280701754386,1.666666666666667,-5.0,6.42323899269104,25,100
wdbc,random,8,0.9824175824175824,0.9824561403508772,2.480974799628976,-5.9285214252110325,6.463460206985474,4,100
wdbc,bo_tpe,8,0.9824175824175824,0.9824561403508772,1.5178348893785172,-5.343811376923795,5.579708576202393,4,100
wdbc,pso,8,0.9846153846153848,0.9824561403508772,2.0532473387636534,-5.708035364636839,5.655226707458496,1,100
wdbc,de,8,0.9802197802197804,0.9824561403508772,0.1184101031645212,-4.363748668222591,5.681588649749756,4,100
wdbc,ga,8,0.9824175824175824,0.9912280701754386,0.8167318596034802,-4.416752589288352,4.90033483505249,4,100
wdbc,grid,9,0.975824175824176,0.9824561403508772,1.666666666666667,-7.0,6.48252534866333,26,100
wdbc,random,9,0.975824175824176,0.9824561403508772,1.8561045832282064,-7.005978689207163,6.254949331283569,8,100
wdbc,bo_tpe,9,0.975824175824176,0.9824561403508772,4.628616422251162,-4.764255561011362,7.054082155227661,8,100
wdbc,pso,9,0.978021978021978,0.9824561403508772,0.6853285903836364,-5.16438733929063,5.707714796066284,3,100
wdbc,de,9,0.975824175824176,0.9736842105263158,6.27398072695669,-5.467310875145158,7.643101930618286,14,100
wdbc,ga,9,0.975824175824176,0.9824561403508772,2.152412154262296,-7.280481945947194,6.245010852813721,14,100
wdbc,grid,10,0.9714285714285716,0.9824561403508772,8.333333333333334,-13.0,6.596067428588867,26,100
wdbc,random,10,0.9714285714285712,0.9649122807017544,5.850887360225226,-12.440939143172514,6.326953649520874,1,100
wdbc,bo_tpe,10,0.9736263736263736,0.9824561403508772,7.850538755882519,-12.921972671933602,5.555478096008301,1,100
wdbc,pso,10,0.9736263736263736,0.9824561403508772,8.689972660112614,-13.981789698324429,5.365028142929077,2,100
wdbc,de,10,0.9736263736263736,0.9824561403508772,7.200222957246456,-12.312921784523637,5.699105262756348,2,100
wdbc,ga,10,0.9714285714285712,0.9824561403508772,5.594158078166418,-10.759777472635331,5.740082263946533,2,100
wdbc,grid,11,0.9846153846153848,0.9649122807017544,3.888888888888889,-7.0,6.190561294555664,26,100
wdbc,random,11,0.989010989010989,0.9649122807017544,7.279406584467274,-9.374194332938334,6.283662557601929,3,100
wdbc,bo_tpe,11,0.989010989010989,0.9649122807017544,6.913852324275918,-8.293400997373517,5.577800750732422,3,100
wdbc,pso,11,0.9868131868131867,0.956140350877193,6.419759226593486,-12.21861636032185,5.238020420074463,2,100
wdbc,de,11,0.9868131868131867,0.9736842105263158,4.341464134765422,-6.943349048439839,5.158874750137329,5,100
wdbc,ga,11,0.9868131868131867,0.9649122807017544,8.477696865261752,-9.962374616682975,5.815754413604736,5,100
wdbc,grid,12,0.9692307692307692,0.9912280701754386,8.333333333333334,-13.0,6.779708623886108,26,100
wdbc,random,12,0.9692307692307692,0.9824561403508772,2.806184188462641,-9.20458342444692,6.128599882125855,2,100
wdbc,bo_tpe,12,0.9714285714285712,0.9824561403508772,2.6595962842702345,-6.977642574888015,5.854403734207153,2,100
wdbc,pso,12,0.9714285714285712,0.9824561403508772,2.646551930676342,-6.783943940492981,5.481261968612671,7,100
wdbc,de,12,0.9714285714285716,0.9824561403508772,8.408914855455693,-12.928571121777946,6.436166763305664,4,100
wdbc,ga,12,0.9714285714285716,0.9824561403508772,8.408914855455693,-12.928571121777946,6.923732042312622,4,100
wdbc,grid,13,0.978021978021978,0.9824561403508772,1.666666666666667,-5.0,9.48920440673828,36,100
wdbc,random,13,0.9736263736263736,0.9736842105263158,8.885001151971041,-14.048408364296554,8.673197984695435,3,100
wdbc,bo_tpe,13,0.975824175824176,0.9824561403508772,5.042258309640674,-7.305930654663792,7.0767107009887695,14,100
wdbc,pso,13,0.978021978021978,0.9824561403508772,4.783398342052659,-6.829380180480646,4.827130079269409,3,100
wdbc,de,13,0.975824175824176,0.9736842105263158,5.276058059348734,-9.083580460565887,6.223458051681519,19,100
wdbc,ga,13,0.975824175824176,0.9824561403508772,4.15539398936804,-6.046408684516118,4.528240442276001,19,100
wdbc,grid,14,0.978021978021978,0.9912280701754386,3.888888888888889,-7.0,5.288859605789185,25,100
wdbc,random,14,0.9802197802197804,0.9912280701754386,4.003571136280508,-7.276697750279241,5.265403985977173,12,100
wdbc,bo_tpe,14,0.9824175824175824,0.9912280701754386,3.58279132892782,-6.456779215051438,4.982738256454468,13,100
wdbc,pso,14,0.9846153846153848,0.9824561403508772,2.48159890286528,-5.178290188191516,4.514639139175415,3,100
wdbc,de,14,0.9824175824175824,0.9824561403508772,2.975176902558827,-5.870714454201778,4.703218460083008,3,100
wdbc,ga,14,0.9846153846153848,0.9824561403508772,3.2928086373204017,-5.808129182304978,4.354658842086792,3,100
wdbc,grid,15,0.978021978021978,0.9824561403508772,1.666666666666667,-5.0,5.44860577583313,35,100
wdbc,random,15,0.9802197802197804,0.9824561403508772,0.905931433976372,-4.756109322433639,4.944948434829712,3,100
wdbc,bo_tpe,15,0.9802197802197804,0.9824561403508772,11.96686244679755,-14.22125853965275,5.054774522781372,3,100
wdbc,pso,15,0.978021978021978,0.9649122807017544,4.558353881185001,-9.081463734245244,4.338242053985596,15,100
wdbc,de,15,0.978021978021978,0.9736842105263158,2.230549658614871,-4.419816176157019,5.604046106338501,3,100
wdbc,ga,15,0.978021978021978,0.9736842105263158,2.230549658614871,-4.419816176157019,4.997732639312744,3,100
wdbc,grid,16,0.978021978021978,0.9824561403508772,3.888888888888889,-7.0,5.41339635848999,26,100
wdbc,random,16,0.9824175824175824,0.9824561403508772,2.7755824782873706,-4.691322775171372,5.725786447525024,14,100
wdbc,bo_tpe,16,0.978021978021978,0.9824561403508772,5.022661827885561,-8.285504471881797,4.661558151245117,6,100
wdbc,pso,16,0.9824175824175824,0.9736842105263158,3.1294843801324,-4.724121676459037,4.361860752105713,8,100
wdbc,de,16,0.978021978021978,0.9473684210526316,7.035591607946533,-4.7760891460479895,4.604829072952271,1,100
wdbc,ga,16,0.978021978021978,0.9736842105263158,7.430180767613589,-13.002413456290476,4.546348333358765,1,100
wdbc,grid,17,0.9736263736263736,1.0,1.666666666666667,-5.0,5.275405883789063,34,100
wdbc,random,17,0.9736263736263736,1.0,0.9545143660354328,-4.8928397041255,5.406365394592285,1,100
wdbc,bo_tpe,17,0.975824175824176,1.0,6.083710511504072,-6.1879615045542975,5.230531930923462,1,100
wdbc,pso,17,0.9736263736263736,0.9736842105263158,8.653834753315152,-11.266543213118638,4.420777320861816,2,100
wdbc,de,17,0.975824175824176,1.0,3.674299474614431,-5.590599398412451,5.289269685745239,2,100
wdbc,ga,17,0.975824175824176,1.0,7.598363936690029,-8.308418103909158,5.114092588424683,2,100
wdbc,grid,18,0.9824175824175824,0.956140350877193,1.666666666666667,-7.0,6.18816065788269,26,100
wdbc,random,18,0.9846153846153848,0.956140350877193,9.723492502320214,-14.625471985377173,6.240473985671997,7,100
wdbc,bo_tpe,18,0.9846153846153848,0.956140350877193,9.723492502320214,-14.625471985377173,5.903496026992798,7,100
wdbc,pso,18,0.9824175824175824,0.956140350877193,3.2535826420548086,-8.195791038017768,5.290478229522705,16,100
wdbc,de,18,0.9846153846153848,0.956140350877193,10.029576160970056,-14.96401322782006,5.139353752136231,8,100
wdbc,ga,18,0.9846153846153848,0.956140350877193,9.257628428475975,-14.13991395212035,5.579884767532349,8,100
wdbc,grid,19,0.9802197802197804,0.9736842105263158,1.666666666666667,-5.0,5.9275617599487305,35,100
wdbc,random,19,0.9824175824175824,0.9736842105263158,6.679945091321304,-10.192812488114855,6.550275564193726,7,100
wdbc,bo_tpe,19,0.9802197802197804,0.9736842105263158,4.931256934669268,-7.552772709600193,6.441417217254639,7,100
wdbc,pso,19,0.9824175824175824,0.9649122807017544,9.683137324949996,-9.354177149545468,5.650068521499634,4,100
wdbc,de,19,0.9802197802197804,0.9736842105263158,4.226362827848985,-9.469851025655837,5.793368101119995,9,100
wdbc,ga,19,0.9802197802197804,0.956140350877193,13.64056234831177,-13.001806242173918,5.351858139038086,9,100
wdbc,grid,20,0.978021978021978,0.9736842105263158,1.666666666666667,-7.0,6.307806491851807,26,100
wdbc,random,20,0.975824175824176,0.9824561403508772,10.504897879887254,-14.340042484420456,6.112063884735107,4,100
wdbc,bo_tpe,20,0.978021978021978,0.9824561403508772,10.147730388344058,-14.89854398116999,5.528886556625366,4,100
wdbc,pso,20,0.978021978021978,0.9736842105263158,1.5650275539747032,-6.756518565940324,5.226571321487427,1,100
wdbc,de,20,0.978021978021978,0.9824561403508772,11.266106715793658,-14.910510975730478,5.186814069747925,1,100
wdbc,ga,20,0.978021978021978,0.9824561403508772,11.266106715793658,-14.910510975730478,5.033073425292969,1,100
wdbc,grid,21,0.9714285714285716,0.9912280701754386,3.888888888888889,-7.0,6.773639917373657,26,100
wdbc,random,21,0.9714285714285716,0.9912280701754386,1.544251532354619,-6.717473991726431,6.119359731674194,2,100
wdbc,bo_tpe,21,0.9714285714285716,0.9912280701754386,6.475905401249839,-11.41848109947421,6.436091423034668,2,100
wdbc,pso,21,0.975824175824176,0.9824561403508772,3.4036914173305264,-7.529837351045948,5.137733936309815,3,100
wdbc,de,21,0.9714285714285716,0.9912280701754386,1.309843405049877,-6.499761095177815,5.641120672225952,2,100
wdbc,ga,21,0.975824175824176,0.9824561403508772,3.567567668955604,-7.642558720879866,5.5062360763549805,2,100
wdbc,grid,22,0.989010989010989,0.956140350877193,3.888888888888889,-7.0,6.08721137046814,26,100
wdbc,random,22,0.989010989010989,0.9473684210526316,10.97102454283416,-13.870706174940208,6.4294753074646,14,100
wdbc,bo_tpe,22,0.9912087912087912,0.9473684210526316,8.40071818599955,-11.315163441137098,5.714299201965332,13,100
wdbc,pso,22,0.989010989010989,0.956140350877193,8.726136741033757,-11.86055319531014,5.251341819763184,1,100
wdbc,de,22,0.9868131868131867,0.9473684210526316,2.61728642406261,-5.914310078004199,5.521611213684082,7,100
wdbc,ga,22,0.9912087912087912,0.9473684210526316,8.477355028769184,-11.442307584201966,4.840723752975464,7,100
wdbc,grid,23,0.9670329670329668,0.9824561403508772,6.111111111111111,-7.0,6.611040353775024,26,100
wdbc,random,23,0.9692307692307692,0.9736842105263158,7.787797574285273,-7.493494072853078,6.709949493408203,2,100
wdbc,bo_tpe,23,0.9714285714285712,0.9736842105263158,10.609264813230526,-9.850275855637614,6.193536281585693,2,100
wdbc,pso,23,0.9714285714285712,0.9736842105263158,10.615690465249353,-9.994140932815473,5.269647598266602,9,100
wdbc,de,23,0.9670329670329668,0.9824561403508772,14.28507874541996,-14.68514689213932,6.070232152938843,6,100
wdbc,ga,23,0.9692307692307692,0.9824561403508772,9.279673325761078,-10.440169967711032,5.91815710067749,6,100
wdbc,grid,24,0.978021978021978,0.9736842105263158,8.333333333333334,-13.0,8.328344821929932,35,100
wdbc,random,24,0.978021978021978,0.9912280701754386,8.021826972285018,-12.2332988899128,6.4017534255981445,8,100
wdbc,bo_tpe,24,0.9802197802197804,0.9912280701754386,10.146186524043037,-14.112399203250623,5.522996425628662,8,100
wdbc,pso,24,0.978021978021978,0.9736842105263158,1.887267846620412,-5.940725044088914,5.094326734542847,4,100
wdbc,de,24,0.9802197802197804,0.9912280701754386,9.660905976027806,-13.521393557295124,5.055205821990967,14,100
wdbc,ga,24,0.9802197802197804,0.9912280701754386,9.660905976027806,-13.521393557295124,5.52892279624939,14,100
wdbc,grid,25,0.9758241758241756,0.9473684210526316,-0.5555555555555554,-7.0,6.16109561920166,25,100
wdbc,random,25,0.975824175824176,0.9649122807017544,3.420070952144848,-7.135167744739521,6.4872753620147705,1,100
wdbc,bo_tpe,25,0.9802197802197804,0.9649122807017544,3.883700461353866,-6.209021755034213,6.0496156215667725,5,100
wdbc,pso,25,0.9802197802197804,0.9473684210526316,3.4617868887343013,-6.047734851018467,5.469393491744995,1,100
wdbc,de,25,0.975824175824176,0.9649122807017544,1.4042318631751043,-5.253178300924457,6.1371800899505615,10,100
wdbc,ga,25,0.975824175824176,0.9649122807017544,0.6484247766110958,-5.253178300924457,5.695918798446655,10,100
wdbc,grid,26,0.978021978021978,0.9912280701754386,1.666666666666667,-5.0,6.182965278625488,35,100
wdbc,random,26,0.9802197802197804,0.9912280701754386,1.1586990524994167,-5.650953372504587,7.652161598205566,1,100
wdbc,bo_tpe,26,0.9802197802197804,0.9912280701754386,1.1586990524994167,-5.650953372504587,6.412809371948242,1,100
wdbc,pso,26,0.9802197802197804,0.9912280701754386,3.312630477479761,-5.570250890960619,6.37598729133606,8,100
wdbc,de,26,0.978021978021978,0.9912280701754386,5.13137033162317,-8.84389611656643,6.410745620727539,1,100
wdbc,ga,26,0.9802197802197804,0.9912280701754386,4.556356288493223,-7.825639270952186,5.838224411010742,4,100
wdbc,grid,27,0.975824175824176,0.9824561403508772,3.888888888888889,-9.0,6.528406620025635,26,100
wdbc,random,27,0.975824175824176,0.9736842105263158,14.511910655088569,-9.532865756799035,6.841146230697632,4,100
wdbc,bo_tpe,27,0.978021978021978,0.9649122807017544,14.33793623298313,-9.932897987666651,6.058242321014404,12,100
wdbc,pso,27,0.9802197802197804,0.9824561403508772,4.355295870875615,-5.228962137270052,5.781787395477295,3,100
wdbc,de,27,0.978021978021978,0.9912280701754386,1.282100683897208,-5.461292887594681,5.901725769042969,15,100
wdbc,ga,27,0.978021978021978,0.9912280701754386,1.326379248924509,-5.502159692176567,5.501837253570557,15,100
wdbc,grid,28,0.9736263736263736,0.9912280701754386,1.666666666666667,-7.0,6.38117241859436,26,100
wdbc,random,28,0.9736263736263736,0.9912280701754386,2.3723504063334198,-6.677633945420546,6.533679246902466,10,100
wdbc,bo_tpe,28,0.9714285714285716,0.9912280701754386,2.908456796648524,-5.8079447744076695,6.531869411468506,10,100
wdbc,pso,28,0.9736263736263736,0.9912280701754386,0.5701325647998123,-5.899934527135645,5.7412402629852295,7,100
wdbc,de,28,0.9714285714285716,0.9736842105263158,13.603862134252026,-12.960191572625758,5.482974529266357,2,100
wdbc,ga,28,0.9736263736263736,0.9912280701754386,4.641707836200693,-9.56909558056694,5.505762100219727,2,100
wdbc,grid,29,0.9736263736263736,0.9824561403508772,8.333333333333334,-13.0,6.295205593109131,25,100
wdbc,random,29,0.9736263736263736,0.9473684210526316,14.519229337374789,-14.33189491363049,6.83870530128479,1,100
wdbc,bo_tpe,29,0.975824175824176,0.9473684210526316,14.258792461594656,-13.367694962703606,6.584543466567993,1,100
wdbc,pso,29,0.975824175824176,0.956140350877193,10.8890551711213,-10.592918301952643,5.978390455245972,4,100
wdbc,de,29,0.9736263736263736,0.9736842105263158,7.081863358149906,-9.15977022837746,6.0707480907440186,2,100
wdbc,ga,29,0.9736263736263736,0.9824561403508772,9.650333751823869,-14.151950194466808,5.69651985168457,2,100
wdbc,sa,0,0.9846153846153847,0.9736842105263158,2.0072868583344174,-4.859817788860506,13.498619079589844,24,100
wdbc,sa,1,0.9736263736263737,0.9736842105263158,3.563996053666161,-5.961565301116471,8.550261497497559,2,100
wdbc,sa,2,0.9758241758241759,0.9824561403508771,7.4435605160247,-13.915289784006095,8.572320699691772,37,100
wdbc,sa,3,0.9780219780219781,0.9824561403508771,2.7733277749645877,-6.641465609645151,7.775692939758301,4,100
wdbc,sa,4,0.9802197802197803,0.956140350877193,3.0844614063419575,-6.44086645881214,8.346789121627808,27,100
wdbc,sa,5,0.9780219780219781,0.9824561403508771,10.924312407867122,-13.068639014799736,8.516565561294556,8,100
wdbc,sa,6,0.9780219780219781,0.9912280701754386,8.19401437227426,-12.739870225460649,7.907744407653809,3,100
wdbc,sa,7,0.9846153846153847,0.9649122807017544,3.18582328971256,-6.245053904122537,8.636964559555054,14,100
wdbc,sa,8,0.9824175824175825,0.9912280701754386,0.8029517230142774,-4.361531486618641,9.340420722961426,29,100
wdbc,sa,9,0.9758241758241759,0.9736842105263158,6.5922073073563245,-5.910042015900988,8.473836660385132,7,100
wdbc,sa,10,0.9758241758241759,0.9736842105263158,1.792667956370827,-4.068409775241894,7.468383312225342,1,100
wdbc,sa,11,0.9868131868131869,0.956140350877193,4.0989512149805964,-9.854226617947962,7.073759078979492,14,100
wdbc,sa,12,0.9714285714285713,0.9824561403508771,10.642637945598315,-15.0,6.9474852085113525,2,100
wdbc,sa,13,0.9736263736263737,0.9736842105263158,6.7425836448667065,-10.556270191238763,6.671881437301636,2,100
wdbc,sa,14,0.9780219780219779,0.9824561403508771,10.685011489272048,-15.0,8.381442070007324,5,100
wdbc,sa,15,0.9802197802197803,0.9736842105263158,12.863206972564317,-14.408960034956984,8.408676862716675,2,100
wdbc,sa,16,0.9780219780219781,0.9649122807017544,4.430381635887207,-4.646434413603464,8.523019790649414,5,100
wdbc,sa,17,0.9758241758241759,1.0,2.9394578657457258,-6.154952431695012,8.159974098205566,1,100
wdbc,sa,18,0.9824175824175825,0.9385964912280702,3.30639155756158,-8.935995232584204,7.558116436004639,23,100
wdbc,sa,19,0.9802197802197803,0.9736842105263158,6.381120948448823,-11.141264030516748,7.815022230148315,8,100
wdbc,sa,20,0.9758241758241759,0.9824561403508771,2.091847295454017,-6.948496894795574,8.458202838897705,8,100
wdbc,sa,21,0.9736263736263737,0.9824561403508771,3.754336441637623,-8.08532445687648,8.826992988586426,16,100
wdbc,sa,22,0.9912087912087912,0.9473684210526315,10.39942341701779,-13.38801494979347,8.448690176010132,2,100
wdbc,sa,23,0.9692307692307693,0.9824561403508771,2.7871190023056487,-5.807148369223841,8.60591197013855,27,100
wdbc,sa,24,0.9802197802197803,0.9912280701754386,10.635128917964483,-14.525208588801485,7.556619644165039,36,100
wdbc,sa,25,0.9780219780219781,0.9473684210526315,5.477275531060041,-5.744589483134595,8.585907697677612,5,100
wdbc,sa,26,0.9802197802197803,0.9912280701754386,1.1586990524994167,-5.650953372504587,6.899108409881592,1,100
wdbc,sa,27,0.9780219780219781,0.9824561403508771,4.004136179446683,-5.6747046140937165,7.14957332611084,11,100
wdbc,sa,28,0.9736263736263737,0.9736842105263158,15.0,-14.233870340779909,8.15599513053894,6,100
wdbc,sa,29,0.9736263736263737,0.9473684210526315,15.0,-14.58830514309176,6.677027225494385,1,100
car,grid,0,0.988413645162978,0.9971098265895952,3.888888888888889,-5.0,48.635735511779785,46,100
car,random,0,0.9905875582064562,0.9971098265895952,10.834500761653292,-5.47989144444772,36.08745288848877,2,100
car,bo_tpe,0,0.9905875582064562,0.9971098265895952,10.834500761653292,-5.47989144444772,30.294384002685547,2,100
car,pso,0,0.9905875582064562,0.9971098265895952,11.758097028852866,-5.758872075032897,29.383490085601807,10,100
car,de,0,0.9905875582064562,0.9971098265895952,8.412488293872606,-5.588958680547324,32.97005105018616,9,100
car,ga,0,0.9905875582064562,0.9971098265895952,12.793401613203432,-5.728789525773895,26.627979040145878,9,100
car,grid,1,0.9949327682729032,0.9942196531791908,3.888888888888889,-5.0,38.23206734657288,36,100
car,random,1,0.9949327682729032,0.9913294797687862,3.34609604734254,-4.943583087976471,40.49024200439453,5,100
car,bo_tpe,1,0.9949327682729032,0.9913294797687862,3.34609604734254,-4.943583087976471,36.53087544441223,5,100
car,pso,1,0.9949327682729032,0.9942196531791908,7.311103175250215,-5.033683104446048,31.94033908843994,5,100
car,de,1,0.9949327682729032,0.9942196531791908,4.1867176577080745,-5.031254680935923,32.9911732673645,4,100
car,ga,1,0.9949327682729032,0.9942196531791908,8.682777416019496,-4.945823606459655,25.356908798217773,4,100
car,grid,2,0.9927667032909536,1.0,3.888888888888889,-5.0,49.88396310806274,46,100
car,random,2,0.9942133626327628,1.0,7.422676655385898,-5.475442303013297,31.11249136924744,2,100
car,bo_tpe,2,0.9949353842934128,1.0,14.274900232167274,-5.729455229557033,24.437491178512573,2,100
car,pso,2,0.9949353842934128,1.0,10.729888993889654,-5.916984201672878,25.1906316280365,1,100
car,de,2,0.9949353842934128,1.0,9.727813075941564,-5.715332844764719,29.75044631958008,18,100
car,ga,2,0.9942133626327628,1.0,9.211491343918388,-5.0530882139418205,25.755165815353397,8,100
car,grid,3,0.9905980222884948,1.0,6.111111111111111,-5.0,33.4464054107666,36,100
car,random,3,0.9920472976508136,1.0,9.478782788749642,-6.448405008580236,31.86744260787964,8,100
car,bo_tpe,3,0.9927667032909536,1.0,14.863637182284895,-4.678209140241805,27.14330554008484,8,100
car,pso,3,0.9927667032909536,1.0,9.146675493396495,-4.575692736307616,28.01741933822632,5,100
car,de,3,0.9927667032909536,1.0,11.025489304127936,-4.52108335084138,32.89801549911499,2,100
car,ga,3,0.9927667032909536,1.0,11.025489304127936,-4.52108335084138,26.968592166900635,2,100
car,grid,4,0.9942159786532728,1.0,3.888888888888889,-5.0,33.54185461997986,36,100
car,random,4,0.9942159786532728,1.0,14.340596780273533,-5.149819514836999,36.537277698516846,1,100
car,bo_tpe,4,0.9949380003139224,1.0,11.3184722235159,-4.719278961948866,31.33250594139099,1,100
car,pso,4,0.9949380003139224,1.0,5.172908118958084,-4.638168375763834,32.30372428894043,1,100
car,de,4,0.9949380003139224,1.0,5.004523786974918,-4.705017685025752,35.87095665931702,1,100
car,ga,4,0.9942159786532728,1.0,12.432705483753129,-5.209054786257033,27.703940629959103,1,100
car,grid,5,0.9963794276147124,1.0,6.111111111111111,-5.0,44.02516412734985,46,100
car,random,5,0.9971040652958718,1.0,11.333204052307238,-4.810524070330386,42.4859573841095,3,100
car,bo_tpe,5,0.9971040652958718,1.0,11.740236785814425,-4.71093988205643,35.42874503135681,3,100
car,pso,5,0.9971040652958718,1.0,4.042511207620278,-4.788189565521495,44.67589831352234,12,100
car,de,5,0.9963794276147124,1.0,9.42197241479706,-5.712508891990991,46.55069422721863,17,100
car,ga,5,0.9971040652958718,1.0,11.534305152190663,-4.827607573914706,28.24249529838562,17,100
car,grid,6,0.993486108931094,0.9971098265895952,3.888888888888889,-5.0,35.07064175605774,36,100
car,random,6,0.993486108931094,0.9942196531791908,12.260608141986836,-4.94760087196496,34.54351258277893,1,100
car,bo_tpe,6,0.9942107466122534,0.9942196531791908,4.392546847494346,-4.873324023908312,29.025568962097168,1,100
car,pso,6,0.9942107466122534,0.9942196531791908,11.611623509741804,-4.849141328611094,28.34023356437683,1,100
car,de,6,0.993486108931094,0.9942196531791908,4.082714031722542,-4.817607827227549,38.99325275421143,3,100
car,ga,6,0.9927640872704442,0.9942196531791908,10.1893315364467,-5.282570321800151,23.04399871826172,3,100
car,grid,7,0.9927614712499344,1.0,3.888888888888889,-5.0,33.541592836380005,36,100
car,random,7,0.9934834929105844,1.0,8.002566572572654,-4.278819965633266,32.75589609146118,3,100
car,bo_tpe,7,0.9942081305917438,1.0,11.691781874143771,-4.657884036773373,28.349082231521606,3,100
car,pso,7,0.9942081305917438,1.0,5.046424383941599,-4.721466816848741,28.008140563964844,3,100
car,de,7,0.9942081305917438,1.0,7.584525089820209,-4.741802248611606,30.476760625839237,5,100
car,ga,7,0.9942081305917438,1.0,5.226099175842878,-4.76878467104079,22.981138706207275,5,100
car,grid,8,0.9884293412860355,1.0,6.111111111111111,-5.0,33.646240234375,36,100
car,random,8,0.9898760006278448,1.0,12.383890804278398,-5.444597551999218,37.49761390686035,2,100
car,bo_tpe,8,0.9898760006278448,1.0,12.383890804278398,-5.444597551999218,26.655808448791504,2,100
car,pso,8,0.9898760006278448,1.0,14.286879030154868,-5.10857911331621,25.878458261489868,3,100
car,de,8,0.9898760006278448,1.0,10.220757178999602,-5.200628685365768,23.5182843208313,3,100
car,ga,8,0.9891513629466856,1.0,8.761836499924883,-6.4656887896473565,22.221315622329712,3,100
car,grid,9,0.9971066813163816,1.0,3.888888888888889,-5.0,33.30376076698303,46,100
car,random,9,0.9971066813163816,1.0,7.210754816962588,-6.066929081918634,33.62957811355591,8,100
car,bo_tpe,9,0.9978287029770314,1.0,6.290259363317706,-5.066926479739472,28.754927158355716,8,100
car,pso,9,0.9971066813163816,1.0,10.77149164798237,-4.992056713060752,26.520111322402958,3,100
car,de,9,0.9978287029770314,1.0,9.16413828206345,-5.019056209256844,33.22793459892273,14,100
car,ga,9,0.9978287029770314,1.0,9.16413828206345,-5.019056209256844,38.16215252876282,14,100
car,grid,10,0.9949353842934128,1.0,6.111111111111111,-5.0,33.55826163291931,46,100
car,random,10,0.9949353842934128,1.0,5.691158976036302,-4.376375466262388,30.9723858833313,8,100
car,bo_tpe,10,0.9956600219745724,1.0,11.14129595676491,-4.566829944965127,26.63848328590393,8,100
car,pso,10,0.9956600219745724,1.0,6.326046190929269,-4.514929816334765,27.582433462142944,9,100
car,de,10,0.9956600219745724,1.0,6.515210958890272,-4.582305779396293,34.824223279953,17,100
car,ga,10,0.9956600219745724,1.0,7.564403258872968,-4.514585432960661,39.495545625686646,17,100
car,grid,11,0.9934939569926228,0.9884393063583816,3.888888888888889,-5.0,34.13105368614197,36,100
car,random,11,0.9942159786532728,0.9884393063583816,8.173847028661768,-4.639946261005779,36.04077410697937,14,100
car,bo_tpe,11,0.9942159786532728,0.9884393063583816,11.128823960199314,-4.692934188835957,28.16291117668152,13,100
car,pso,11,0.9942159786532728,0.9884393063583816,5.85060090525378,-4.8588310749034616,26.752047538757324,2,100
car,de,11,0.9942159786532728,0.9884393063583816,13.9665690658355,-4.857826611301572,30.54798698425293,5,100
car,ga,11,0.9942159786532728,0.9884393063583816,11.11531386200523,-4.85999478406867,23.31275320053101,5,100
car,grid,12,0.995662637995082,0.9971098265895952,6.111111111111111,-7.0,32.56971502304077,46,100
car,random,12,0.9963872756762412,1.0,12.894861478557814,-4.096001523559471,34.03307771682739,9,100
car,bo_tpe,12,0.9963872756762412,1.0,4.892395083162528,-4.188692482330854,27.629920482635494,9,100
car,pso,12,0.9963872756762412,0.9971098265895952,4.024410825499734,-5.2889316693643496,32.37966227531433,14,100
car,de,12,0.9963872756762412,1.0,11.098957279852089,-4.198014860467183,36.38151621818543,26,100
car,ga,12,0.9963872756762412,1.0,9.253748086821004,-4.152048057730701,31.217352390289307,21,100
car,grid,13,0.9920394495892848,0.9942196531791908,6.111111111111111,-7.0,34.21873211860657,46,100
car,random,13,0.9920394495892848,0.9971098265895952,8.129106691939157,-5.833280398496672,32.51227021217346,3,100
car,bo_tpe,13,0.9920394495892848,0.9971098265895952,10.26911669148878,-5.753646237993431,26.812345266342163,3,100
car,pso,13,0.9920420656097944,0.9971098265895952,3.223464634320658,-4.878015600794379,26.322404861450195,1,100
car,de,13,0.992044681630304,0.9942196531791908,8.530214032418451,-8.797951845982016,36.94502663612366,2,100
car,ga,13,0.992044681630304,0.9913294797687862,9.784594243894864,-9.227372821389263,24.30651330947876,2,100
car,grid,14,0.9949380003139224,0.9942196531791908,3.888888888888889,-5.0,33.28056335449219,46,100
car,random,14,0.9942159786532728,0.9971098265895952,10.452827382658583,-5.547983493202569,28.513915300369263,31,100
car,bo_tpe,14,0.9949380003139224,0.9971098265895952,14.815493706969038,-5.513578333212401,24.95904779434204,12,100
car,pso,14,0.9949380003139224,0.9942196531791908,4.826099773674792,-4.990248009184128,27.663861513137817,3,100
car,de,14,0.9949380003139224,0.9971098265895952,7.826349615763293,-5.129462241360351,30.85127305984497,3,100
car,ga,14,0.995662637995082,1.0,4.245909062539514,-5.595328255283181,22.982849836349487,3,100
car,grid,15,0.992771935331973,0.9913294797687862,3.888888888888889,-5.0,32.82029843330383,46,100
car,random,15,0.9927640872704442,0.9913294797687862,3.025769994718903,-4.379901694697423,28.01645255088806,6,100
car,bo_tpe,15,0.992771935331973,0.9913294797687862,13.598788116301082,-4.970310107161153,26.11827039718628,6,100
car,pso,15,0.9920472976508136,0.9913294797687862,9.189581813775698,-4.851730868857839,26.609410047531128,11,100
car,de,15,0.9927640872704442,0.9913294797687862,4.528877220073111,-4.419816176157019,38.13265609741211,4,100
car,ga,15,0.9927640872704442,0.9913294797687862,2.6252453593540044,-4.370144953061384,28.46051001548767,4,100
car,grid,16,0.9949380003139224,1.0,3.888888888888889,-5.0,31.797414541244507,46,100
car,random,16,0.995662637995082,1.0,9.84703472131699,-4.483496248892044,31.42021870613098,9,100
car,bo_tpe,16,0.995662637995082,1.0,7.57055494849023,-4.776379490956951,28.053550958633423,9,100
car,pso,16,0.995662637995082,1.0,14.098825219770072,-4.4530479644630265,26.386895418167114,11,100
car,de,16,0.995662637995082,1.0,8.586291745163724,-4.526630223067457,27.27134346961975,1,100
car,ga,16,0.995662637995082,1.0,8.586291745163724,-4.526630223067457,25.713242769241333,1,100
car,grid,17,0.9963794276147124,1.0,3.888888888888889,-5.0,32.00127863883972,46,100
car,random,17,0.9963794276147124,1.0,7.750417920872717,-4.639147912445388,33.58095121383667,4,100
car,bo_tpe,17,0.9971040652958718,1.0,10.243028115179833,-5.389749705907974,24.950990200042725,4,100
car,pso,17,0.9963794276147124,1.0,4.3835466585878375,-5.338710065859933,26.04796600341797,5,100
car,de,17,0.9963794276147124,1.0,6.350796262968892,-4.717082380690129,31.0815212726593,4,100
car,ga,17,0.9963794276147124,1.0,6.36005390426778,-4.622341386777924,23.865605115890503,4,100
car,grid,18,0.9978339350180504,0.9884393063583816,6.111111111111111,-7.0,31.651408672332764,46,100
car,random,18,0.9971066813163816,0.9971098265895952,8.007484834791834,-5.901839272772827,34.78717494010925,1,100
car,bo_tpe,18,0.997831318997541,0.9884393063583816,7.87669646261144,-7.880368352841372,22.564428091049194,1,100
car,pso,18,0.997831318997541,0.9913294797687862,7.9691734976913295,-7.709178907364427,22.52391886711121,3,100
car,de,18,0.997831318997541,0.9971098265895952,14.88347688357164,-6.31067403100093,27.45540332794189,3,100
car,ga,18,0.9978339350180504,0.9913294797687862,5.236501470500407,-6.410549493253176,25.21233081817627,3,100
car,grid,19,0.997104065295872,1.0,3.888888888888889,-5.0,32.81294560432434,46,100
car,random,19,0.9978287029770314,0.9971098265895952,11.939924978615547,-5.78213375686094,31.920952081680294,12,100
car,bo_tpe,19,0.997826086956522,1.0,6.104704421568662,-5.338695712170776,24.82637572288513,14,100
car,pso,19,0.9978287029770314,0.9971098265895952,13.683137324949996,-5.751106776450458,23.977587699890137,2,100
car,de,19,0.997826086956522,1.0,10.619311635363662,-5.303402950567328,30.653721570968628,4,100
car,ga,19,0.9978287029770314,0.9971098265895952,13.561510230393148,-5.780396345209132,24.143384218215942,4,100
car,grid,20,0.9971040652958718,0.9971098265895952,3.888888888888889,-5.0,32.724045276641846,46,100
car,random,20,0.9978287029770314,1.0,8.35004781813816,-4.634639593601253,38.82792496681213,13,100
car,bo_tpe,20,0.9985533406581908,0.9971098265895952,12.67473775332273,-4.8111912328156805,26.964841842651367,11,100
car,pso,20,0.9985533406581908,0.9971098265895952,6.838685106726972,-4.7628405292103135,27.881571531295776,12,100
car,de,20,0.9963794276147124,0.9971098265895952,9.04885673170191,-5.262889082762023,26.47196340560913,5,100
car,ga,20,0.9985533406581908,0.9971098265895952,4.43335513309467,-4.723343200490541,23.526405572891235,5,100
car,grid,21,0.9942107466122534,1.0,3.888888888888889,-5.0,32.32109022140503,46,100
car,random,21,0.994935384293413,1.0,14.249060341646288,-4.400116926007568,31.530460357666016,22,100
car,bo_tpe,21,0.9956600219745724,1.0,2.4383648361816244,-4.437556779851386,27.617125511169437,12,100
car,pso,21,0.9956574059540628,1.0,8.268830041253219,-4.504091961204994,28.086302995681763,12,100
car,de,21,0.9956574059540628,1.0,3.603900585496661,-4.546916367283498,27.62690138816833,1,100
car,ga,21,0.9956574059540628,1.0,14.84652683180378,-4.549550096122987,24.68298602104187,1,100
car,grid,22,0.9927667032909536,1.0,3.888888888888889,-5.0,32.249568939208984,36,100
car,random,22,0.9949353842934128,1.0,3.551104796886813,-4.482786423175892,32.90244197845459,12,100
car,bo_tpe,22,0.9949353842934128,1.0,4.679197952920878,-4.233472404188034,28.63935160636902,13,100
car,pso,22,0.9949353842934128,1.0,8.957197349039044,-4.702490357418624,30.61392641067505,2,100
car,de,22,0.9949353842934128,1.0,8.832158508965968,-4.399043835436082,31.68567276000977,13,100
car,ga,22,0.9949353842934128,1.0,3.4833335966557306,-4.483699019868604,22.950717449188232,13,100
car,grid,23,0.9913252759901636,1.0,6.111111111111111,-7.0,32.14061212539673,36,100
car,random,23,0.992771935331973,0.9942196531791908,7.361046945056184,-7.585258292542572,29.38900136947632,2,100
car,bo_tpe,23,0.992771935331973,0.9942196531791908,7.361046945056184,-7.585258292542572,24.76608920097351,2,100
car,pso,23,0.9934913409721132,1.0,5.131739023002515,-6.067256642415981,24.40454912185669,6,100
car,de,23,0.9927693193114632,1.0,8.066910426691747,-4.208060778100787,27.135576963424683,1,100
car,ga,23,0.992771935331973,1.0,5.540369925081546,-6.54335827103033,23.69054746627808,1,100
car,grid,24,0.9971040652958718,0.9971098265895952,3.888888888888889,-5.0,32.08351159095764,46,100
car,random,24,0.9971040652958718,1.0,8.436131251541505,-4.888876068363523,33.98933267593384,9,100
car,bo_tpe,24,0.9978287029770314,0.9971098265895952,7.332401085702701,-5.767683353808295,24.456645011901852,9,100
car,pso,24,0.9978287029770314,0.9971098265895952,6.146950154640852,-5.888544687202353,23.717925310134888,2,100
car,de,24,0.9978287029770314,0.9971098265895952,6.494756386543841,-5.884804189137336,25.000609874725345,2,100
car,ga,24,0.9978287029770314,0.9971098265895952,6.494756386543841,-5.884804189137336,22.873934507369995,2,100
car,grid,25,0.9978287029770314,1.0,3.888888888888889,-5.0,31.12560558319092,46,100
car,random,25,0.9978287029770314,1.0,5.28488976503558,-4.937041062087527,31.943979501724243,1,100
car,bo_tpe,25,0.9978287029770314,1.0,4.653649802282364,-4.701269004621199,25.070415019989014,1,100
car,pso,25,0.9978287029770314,1.0,6.7102164655916745,-4.7796566543772165,36.65679693222046,2,100
car,de,25,0.9978287029770314,1.0,8.518996919910544,-4.967529417933131,32.623449087142944,12,100
car,ga,25,0.9978287029770314,1.0,8.518996919910544,-4.967529417933131,35.8342649936676,12,100
car,grid,26,0.9891487469261758,1.0,6.111111111111111,-5.0,40.74420785903931,46,100
car,random,26,0.9898707685868255,1.0,14.0383660367388,-5.52552300601308,34.59105730056763,10,100
car,bo_tpe,26,0.990595406267985,1.0,9.494825651933445,-4.552529816581958,29.41280221939087,10,100
car,pso,26,0.990595406267985,0.9971098265895952,3.2132399111218506,-4.475508170546861,33.84078001976013,5,100
car,de,26,0.9898733846073352,1.0,7.686176085573162,-4.5981889409778205,28.43029379844665,3,100
car,ga,26,0.9905980222884948,0.9971098265895952,3.5150926100615063,-5.795260513195666,22.641277074813843,3,100
car,grid,27,0.9942133626327632,0.9942196531791908,3.888888888888889,-5.0,46.33601117134094,36,100
car,random,27,0.9942133626327632,0.9971098265895952,14.329313320481369,-4.500198772205321,41.11052775382996,15,100
car,bo_tpe,27,0.9956600219745724,0.9942196531791908,8.25251213423985,-5.248365372714207,27.9998779296875,12,100
car,pso,27,0.9956600219745724,0.9942196531791908,4.355295870875615,-5.228962137270052,25.951730966567997,1,100
car,de,27,0.9942133626327632,0.9942196531791908,14.603761960848606,-4.929012208486338,31.146214485168457,10,100
car,ga,27,0.9956600219745724,0.9942196531791908,14.401382968052868,-5.207938686033697,22.67332649230957,10,100
car,grid,28,0.9942107466122534,0.9971098265895952,3.888888888888889,-5.0,33.03274130821228,46,100
car,random,28,0.993486108931094,0.9971098265895952,9.580274845782382,-4.89768715810246,32.91261959075928,1,100
car,bo_tpe,28,0.9942107466122534,1.0,4.389875052959406,-5.251187788797813,27.608819246292114,1,100
car,pso,28,0.9942107466122534,0.9942196531791908,3.2802746430285654,-4.828908892051542,28.78115510940552,8,100
car,de,28,0.993486108931094,0.9971098265895952,12.766757639266466,-5.015235290661704,27.08974385261536,8,100
car,ga,28,0.993486108931094,0.9971098265895952,14.726883306688071,-5.213392482059142,26.9240140914917,8,100
car,grid,29,0.9905954062679851,1.0,3.888888888888889,-5.0,32.95205330848694,36,100
car,random,29,0.9920472976508136,1.0,12.003961916069784,-4.36218511008915,33.678253412246704,1,100
car,bo_tpe,29,0.9934939569926228,1.0,9.09295300890361,-4.5967534572703,29.274160146713257,1,100
car,pso,29,0.9934939569926228,1.0,5.388917944023109,-4.5793483074239205,28.329997539520264,5,100
car,de,29,0.992044681630304,1.0,6.926078255814473,-4.021637569958477,29.81213903427124,6,100
car,ga,29,0.9934939569926228,1.0,11.0786345526511,-4.596041872339425,25.272289752960205,6,100
car,sa,0,0.9905875582064562,0.9971098265895953,10.057700342195268,-6.0485687279818565,41.16042184829712,8,100
car,sa,1,0.9949327682729032,0.9884393063583815,2.284096589524569,-3.9655026379222615,34.256993532180786,2,100
car,sa,2,0.9949353842934128,1.0,14.6600449793609,-5.947022676692207,31.722453832626343,41,100
car,sa,3,0.9927667032909537,1.0,4.564877662914704,-4.452994894765001,34.994683265686035,2,100
car,sa,4,0.9942159786532727,1.0,14.340596780273533,-5.149819514836999,28.0128755569458,1,100
car,sa,5,0.9971040652958718,1.0,4.61416988590331,-4.856105537280652,44.196845054626465,80,100
car,sa,6,0.9942107466122534,0.9942196531791907,6.729805650145388,-4.899818584898971,22.84081196784973,1,100
car,sa,7,0.9934834929105844,1.0,7.897479481944963,-4.346078918759517,25.3789484500885,15,100
car,sa,8,0.9898760006278449,1.0,12.893174546721205,-5.515159267503343,29.31075882911682,20,100
car,sa,9,0.9978287029770314,1.0,12.348753137994903,-5.026019923273228,20.56253743171692,9,100
car,sa,10,0.9956600219745724,1.0,14.271536291584962,-4.533095675479064,24.687730312347412,10,100
car,sa,11,0.9942159786532727,0.9884393063583815,3.5924295448757695,-4.803858261173008,24.70505928993225,23,100
car,sa,12,0.9963872756762413,1.0,8.146313928822611,-3.9853396433391755,24.0764102935791,6,100
car,sa,13,0.9927745513524826,0.9942196531791907,6.705848144622576,-7.8136172763559,22.078473567962646,2,100
car,sa,14,0.9949380003139225,0.9971098265895953,5.291319841206602,-5.434555320599879,28.507194757461548,24,100
car,sa,15,0.9920472976508135,0.9913294797687862,11.520638491301618,-5.088241703300511,21.40007710456848,13,100
car,sa,16,0.9956626379950819,1.0,14.146151751572544,-4.402258971969668,29.359614372253418,30,100
car,sa,17,0.9963794276147124,1.0,5.284241563344204,-5.021795668162103,32.0080451965332,2,100
car,sa,18,0.9971066813163816,0.9971098265895953,8.007484834791834,-5.901839272772827,21.582818746566772,1,100
car,sa,19,0.9978260869565219,1.0,4.33470979121892,-5.17821172148737,33.62490797042847,56,100
car,sa,20,0.9985533406581908,0.9971098265895953,11.456085871104857,-4.713773594694237,27.197649478912354,5,100
car,sa,21,0.9956574059540628,1.0,5.903809228894476,-4.557446202218922,22.982160091400146,32,100
car,sa,22,0.9949353842934128,1.0,15.0,-4.631896257284778,26.042869806289673,15,100
car,sa,23,0.9934939569926229,1.0,2.1678654390718948,-4.828460710086661,31.80145764350891,34,100
car,sa,24,0.9978287029770314,0.9971098265895953,7.373908953082699,-5.8642224054013194,21.984879732131958,2,100
car,sa,25,0.9978287029770314,1.0,5.414046646594462,-4.8460622858653455,20.747025966644287,1,100
car,sa,26,0.9898733846073353,0.9971098265895953,3.1615710517707156,-5.325651925428684,23.836374759674072,2,100
car,sa,27,0.9956600219745724,0.9942196531791907,9.886445166675557,-5.236496563654184,25.654568910598755,14,100
car,sa,28,0.9942107466122534,0.9971098265895953,4.01787394745323,-5.126409962916725,36.59215807914734,1,100
car,sa,29,0.9934939569926229,1.0,5.049514524089872,-4.56344634077444,22.42569088935852,1,100
ilpd,grid,0,0.7188743994509267,0.7008547008547008,-0.5555555555555554,1.0,45.128214597702026,1,100
ilpd,random,0,0.7210249370853352,0.7094017094017094,1.3713790490264728,-2.9866131606537287,30.14503049850464,8,100
ilpd,bo_tpe,0,0.7296042095630291,0.717948717948718,-0.1697736628906304,1.7167234963216036,15.74627137184143,52,100
ilpd,pso,0,0.71459620224205,0.7094017094017094,9.993823171215722,-11.149049207505158,19.94547963142395,1,100
ilpd,de,0,0.71459620224205,0.7094017094017094,7.739233746429086,-10.143839152250337,13.924331903457642,1,100
ilpd,ga,0,0.7210249370853352,0.717948717948718,1.0148420432629668,-2.3505516754652938,10.925256252288818,1,100
ilpd,grid,1,0.71459620224205,0.7094017094017094,-5.0,-15.0,22.582910537719727,1,100
ilpd,random,1,0.7189201555708076,0.7094017094017094,0.3985578353005214,1.1259519275292045,22.686372995376587,2,100
ilpd,bo_tpe,1,0.7210249370853352,0.6923076923076923,0.6985063674636898,2.9972375451082565,9.68879222869873,2,100
ilpd,pso,1,0.7167467398764586,0.717948717948718,-1.1911168297740695,1.1331989608683957,10.886836767196655,2,100
ilpd,de,1,0.7274536719286205,0.717948717948718,-0.3033366337089351,2.458657437890388,10.315354347229004,41,100
ilpd,ga,1,0.7210935712651567,0.7008547008547008,0.9963173826219672,0.9627075181733864,9.498058795928957,2,100
ilpd,grid,2,0.7253717684740335,0.6923076923076923,-0.5555555555555554,-1.0,21.714341402053837,27,100
ilpd,random,2,0.7231754747197439,0.6752136752136753,7.422676655385898,-5.475442303013297,17.677167892456055,6,100
ilpd,bo_tpe,2,0.7295355753832075,0.6837606837606838,12.005383544906469,-9.81837129287721,24.269587755203247,6,100
ilpd,pso,2,0.7274079158087396,0.7008547008547008,1.620543899707828,-4.552476848541119,12.951339721679688,22,100
ilpd,de,2,0.7274307938686799,0.7008547008547008,1.754466065245004,-4.318016680393688,14.46159553527832,5,100
ilpd,ga,2,0.7254175245939145,0.6837606837606838,1.5799694269173448,-2.705128723808501,15.616673231124878,5,100
ilpd,grid,3,0.7253260123541525,0.6239316239316239,1.666666666666667,3.0,22.57130479812622,29,100
ilpd,random,3,0.7188286433310456,0.6410256410256411,1.861877287839229,2.0734976452791862,18.02494692802429,2,100
ilpd,bo_tpe,3,0.71459620224205,0.7094017094017094,0.818094778258887,-5.805103106442065,9.951817750930786,2,100
ilpd,pso,3,0.7402882635552507,0.6581196581196581,0.2574693225150675,2.4495601035251697,11.90602707862854,77,100
ilpd,de,3,0.71459620224205,0.7094017094017094,-3.287016657127513,-10.737410881270206,9.37451696395874,1,100
ilpd,ga,3,0.71459620224205,0.7094017094017094,-3.287016657127513,-10.737410881270206,9.893063306808472,1,100
ilpd,grid,4,0.7445893388240679,0.6581196581196581,1.666666666666667,1.0,19.108253002166748,39,100
ilpd,random,4,0.7488446579730039,0.6324786324786325,2.2910635065151164,0.583948486993787,17.683415412902832,47,100
ilpd,bo_tpe,4,0.759643102264928,0.6239316239316239,1.4123290722524002,-0.0159231158111382,12.434054136276243,23,100
ilpd,pso,4,0.7595973461450469,0.6239316239316239,1.2846808283662483,0.2556715147462243,10.5056471824646,65,100
ilpd,de,4,0.7510409517272937,0.6666666666666666,1.485365829068781,0.9945996074940142,20.92466449737549,47,100
ilpd,ga,4,0.7553191489361704,0.6581196581196581,0.360350267110248,2.057955380735655,17.92762017250061,86,100
ilpd,grid,5,0.7167467398764586,0.7094017094017094,10.555555555555555,-11.0,26.287522315979004,1,100
ilpd,random,5,0.71459620224205,0.7094017094017094,0.9360100315244396,-11.621017884097473,20.110262632369995,1,100
ilpd,bo_tpe,5,0.7167696179363992,0.7008547008547008,0.0892472773874173,-1.578366133041692,9.855239391326904,2,100
ilpd,pso,5,0.7188286433310456,0.7094017094017094,11.019679378422644,-10.304843993809,10.546252489089966,1,100
ilpd,de,5,0.7167467398764586,0.7094017094017094,7.988672684953514,-9.303862426719178,12.067194938659668,2,100
ilpd,ga,5,0.7188286433310456,0.7094017094017094,10.749077433255689,-10.210876389796676,8.330245733261108,2,100
ilpd,grid,6,0.736010066346374,0.6923076923076923,10.555555555555555,-7.0,24.688756942749023,28,100
ilpd,random,6,0.736010066346374,0.6837606837606838,1.7081569854665846,-3.794650220470377,17.61377191543579,5,100
ilpd,bo_tpe,6,0.7360329444063144,0.6837606837606838,9.58199748851122,-6.969619835580487,33.045403718948364,5,100
ilpd,pso,6,0.7424388011896592,0.6837606837606838,3.178497821509821,-4.138828773850579,14.872628927230837,56,100
ilpd,de,6,0.7360329444063144,0.6837606837606838,11.240322979373971,-7.290822203660802,20.834290266036987,10,100
ilpd,ga,6,0.7359871882864335,0.7008547008547008,11.997312621904236,-7.215093390209446,19.25170397758484,10,100
ilpd,grid,7,0.7168611301761612,0.7008547008547008,10.555555555555555,-7.0,13.952678203582764,1,100
ilpd,random,7,0.7189887897506292,0.6837606837606838,11.256591003274124,-7.30131300550409,12.08182954788208,1,100
ilpd,bo_tpe,7,0.7210478151452758,0.7094017094017094,-1.1928781970692617,-0.1542560539155847,10.089078903198242,1,100
ilpd,pso,7,0.7188743994509267,0.717948717948718,-0.4885849959495596,-2.307651003715213,8.925651550292969,1,100
ilpd,de,7,0.71459620224205,0.7094017094017094,10.51371380490387,-10.946270580169347,14.289724349975586,2,100
ilpd,ga,7,0.71459620224205,0.7094017094017094,10.51371380490387,-10.946270580169347,8.982239007949829,2,100
ilpd,grid,8,0.725440402653855,0.7094017094017094,1.666666666666667,-3.0,22.593507766723636,28,100
ilpd,random,8,0.7275909402882637,0.6923076923076923,6.107129476446609,-5.219051684234273,18.48451590538025,6,100
ilpd,bo_tpe,8,0.7405170441546558,0.7008547008547008,1.0483150567895825,-2.01630319805009,9.783443689346312,51,100
ilpd,pso,8,0.736193090825898,0.7094017094017094,1.5337870081256115,-2.494428585266078,8.784103155136108,80,100
ilpd,de,8,0.7275451841683827,0.7094017094017094,2.427742568847924,-3.644569800207613,10.561254739761353,30,100
ilpd,ga,8,0.727568062228323,0.7094017094017094,9.052636775835404,-6.712998364782317,11.27514386177063,21,100
ilpd,grid,9,0.7210249370853352,0.6837606837606838,-0.5555555555555554,1.0,19.2180449962616,1,100
ilpd,random,9,0.723221230839625,0.6837606837606838,-0.13768649373183,0.7212151758202463,12.012565612792969,6,100
ilpd,bo_tpe,9,0.7253946465339741,0.6923076923076923,-0.0075225039167013,0.2978088353582002,8.09510087966919,6,100
ilpd,pso,9,0.71459620224205,0.7094017094017094,0.0055578922324759,-14.279049357096596,6.084940910339356,2,100
ilpd,de,9,0.71459620224205,0.7094017094017094,-4.468245310648056,-7.129535997668843,6.005185604095459,5,100
ilpd,ga,9,0.71459620224205,0.7094017094017094,-4.468245310648056,-7.129535997668843,5.12346076965332,5,100
ilpd,grid,10,0.7317776252573782,0.6495726495726496,3.888888888888889,1.0,13.069196224212646,28,100
ilpd,random,10,0.7446350949439487,0.6666666666666666,8.707196367355944,2.1610802315088584,9.651787042617798,6,100
ilpd,bo_tpe,10,0.7532372454815832,0.6923076923076923,2.2854634926125854,2.208120201274891,7.72614598274231,52,100
ilpd,pso,10,0.7446579730038894,0.6666666666666666,8.531317890609952,2.25543975001044,7.111624002456665,31,100
ilpd,de,10,0.7489361702127659,0.6837606837606838,3.510179948099532,2.2246680621605925,8.64139175415039,5,100
ilpd,ga,10,0.7510867078471746,0.6923076923076923,2.1375008506244964,2.2246680621605925,7.901491641998291,5,100
ilpd,grid,11,0.71459620224205,0.7094017094017094,-5.0,-15.0,15.066897630691528,1,100
ilpd,random,11,0.71459620224205,0.7094017094017094,-1.394606222464616,-14.649445653222758,18.13937282562256,1,100
ilpd,bo_tpe,11,0.7253717684740335,0.7008547008547008,-0.1704779290246747,1.8907439279090017,13.214572429656982,13,100
ilpd,pso,11,0.7253717684740335,0.6837606837606838,2.988307378152585,-0.2831495425686974,17.743402004241943,5,100
ilpd,de,11,0.7189430336307481,0.6581196581196581,4.912048195627364,-0.8152872989281459,11.98332381248474,1,100
ilpd,ga,11,0.7189201555708078,0.6752136752136753,4.131513961836137,-0.7940261319107498,9.460581064224243,1,100
ilpd,grid,12,0.716723861816518,0.6923076923076923,12.77777777777778,-7.0,14.881834268569946,1,100
ilpd,random,12,0.71459620224205,0.7094017094017094,-1.9167431524065528,-1.679105462722715,10.306003093719482,1,100
ilpd,bo_tpe,12,0.71459620224205,0.7094017094017094,-1.9167431524065528,-1.679105462722715,7.21871542930603,1,100
ilpd,pso,12,0.71459620224205,0.7094017094017094,-2.880726999029817,2.4535706424505968,10.92905306816101,2,100
ilpd,de,12,0.71459620224205,0.7094017094017094,-1.213592309204774,-11.772754612474063,6.4187328815460205,2,100
ilpd,ga,12,0.71459620224205,0.7094017094017094,-1.213592309204774,-11.772754612474063,5.624897241592407,2,100
ilpd,grid,13,0.727476549988561,0.717948717948718,-0.5555555555555554,1.0,12.255473375320436,29,100
ilpd,random,13,0.723221230839625,0.717948717948718,-0.4682424620114318,0.7037735222177126,10.556795597076416,12,100
ilpd,bo_tpe,13,0.7296728437428508,0.6752136752136753,0.4755241132465032,1.3793871728648437,7.167405128479004,70,100
ilpd,pso,13,0.7253260123541525,0.7094017094017094,-0.7580327540429748,1.173907337686787,8.471862077713013,4,100
ilpd,de,13,0.7231754747197439,0.7008547008547008,-1.7164650063187654,-1.019649191984367,17.087018251419067,11,100
ilpd,ga,13,0.7296499656829102,0.7094017094017094,-0.7316225750603408,0.866578713244678,9.315265417099,66,100
ilpd,grid,14,0.7276138183482042,0.7008547008547008,6.111111111111111,-5.0,15.30164361000061,40,100
ilpd,random,14,0.7255090368336766,0.6837606837606838,11.09073950217207,-6.45944455493434,12.443827152252195,9,100
ilpd,bo_tpe,14,0.7297185998627317,0.7094017094017094,0.2300770504007028,-1.2748326548360422,21.254138708114624,9,100
ilpd,pso,14,0.725440402653855,0.7094017094017094,0.93785070510782,-2.0816644140507874,26.428386926651,11,100
ilpd,de,14,0.7276595744680853,0.6837606837606838,13.551603806490611,-7.5485175001276446,58.06024622917175,3,100
ilpd,ga,14,0.7276138183482042,0.7008547008547008,6.866830766829693,-5.133649665112055,27.84921264648437,3,100
ilpd,grid,15,0.7231983527796844,0.7350427350427351,10.555555555555555,-7.0,36.24189519882202,47,100
ilpd,random,15,0.7231754747197439,0.7350427350427351,10.835990027389496,-7.0102573957422765,27.05919885635376,12,100
ilpd,bo_tpe,15,0.7188286433310455,0.717948717948718,3.6658444102603447,-2.9132556165504955,39.64995574951172,1,100
ilpd,pso,15,0.7210478151452758,0.7350427350427351,8.944395184137559,-5.996364824481088,15.080632209777832,1,100
ilpd,de,15,0.7188743994509266,0.717948717948718,4.075959685982669,-2.8930254057057727,13.02793312072754,2,100
ilpd,ga,15,0.7188515213909861,0.717948717948718,-0.6978784271500666,0.8453597309269592,20.123879194259644,2,100
ilpd,grid,16,0.71459620224205,0.7094017094017094,-5.0,-15.0,45.17048120498657,1,100
ilpd,random,16,0.71459620224205,0.7094017094017094,-0.5341784169292225,-5.58305985478783,41.46670031547546,1,100
ilpd,bo_tpe,16,0.7210935712651567,0.7094017094017094,-0.1702247402752568,-0.6463488176827417,27.8502938747406,1,100
ilpd,pso,16,0.71459620224205,0.7094017094017094,12.136887377743165,-12.805198413812953,53.31787395477295,3,100
ilpd,de,16,0.716723861816518,0.7008547008547008,-0.5126985836466389,2.5409841721320205,36.83745431900024,2,100
ilpd,ga,16,0.71459620224205,0.7094017094017094,-3.118523490769509,-8.734568092152081,28.079909324646,2,100
ilpd,grid,17,0.7338824067719057,0.6923076923076923,1.666666666666667,-3.0,40.54878568649292,37,100
ilpd,random,17,0.7403111416151912,0.6923076923076923,5.313611603950799,-4.743149173892757,31.345346450805664,12,100
ilpd,bo_tpe,17,0.7424616792495998,0.7008547008547008,4.046969059527244,-4.303162602919925,24.5091016292572,63,100
ilpd,pso,17,0.7424616792495998,0.6923076923076923,5.4170010327549845,-4.720788406362101,18.075061798095703,47,100
ilpd,de,17,0.7381606039807826,0.7008547008547008,3.5632899818721686,-3.995824047018351,13.559599876403809,4,100
ilpd,ga,17,0.7467398764584765,0.7008547008547008,3.947287332077804,-3.9946603621710017,18.64367961883545,69,100
ilpd,grid,18,0.7253260123541525,0.717948717948718,-0.5555555555555554,1.0,40.866929054260254,29,100
ilpd,random,18,0.7424845573095402,0.6581196581196581,5.614103585013229,2.445505934199957,37.04171586036682,76,100
ilpd,bo_tpe,18,0.7467856325783574,0.6581196581196581,9.583232069350888,2.402831679128152,22.20180368423462,37,100
ilpd,pso,18,0.7467856325783574,0.6581196581196581,7.451415284486892,2.383765119413434,35.71625304222107,34,100
ilpd,de,18,0.7467856325783574,0.6581196581196581,4.106501077907207,2.3992915774586274,27.24240779876709,76,100
ilpd,ga,18,0.71459620224205,0.7094017094017094,0.6164665607200686,-13.510951476033906,35.739750623703,2,100
ilpd,grid,19,0.7252802562342714,0.6923076923076923,-0.5555555555555554,1.0,51.54794454574585,28,100
ilpd,random,19,0.727476549988561,0.6923076923076923,-0.6838454003288081,-1.3613497598744146,29.435639142990112,36,100
ilpd,bo_tpe,19,0.727476549988561,0.6923076923076923,-0.6526448065184085,-1.4565313052255933,19.307803630828857,40,100
ilpd,pso,19,0.725440402653855,0.6581196581196581,12.519128332041785,-7.631220595961995,38.63758111000061,40,100
ilpd,de,19,0.7254175245939145,0.6752136752136753,10.797983599069376,-7.142622437289104,30.752161026000977,12,100
ilpd,ga,19,0.7296957218027913,0.6581196581196581,12.058861115377267,-7.465036226609177,27.55787181854248,12,100
ilpd,grid,20,0.7188743994509267,0.7094017094017094,10.555555555555555,-9.0,32.90800333023071,1,100
ilpd,random,20,0.71459620224205,0.7094017094017094,-4.282208287662934,-2.54836352834009,29.699629306793213,3,100
ilpd,bo_tpe,20,0.7167009837565775,0.7094017094017094,-1.4944401518915158,-0.6526522426259669,21.634087562561035,3,100
ilpd,pso,20,0.7167467398764586,0.7094017094017094,8.782825445999475,-8.1172061526115,20.981056928634644,1,100
ilpd,de,20,0.71459620224205,0.7094017094017094,0.6015192526031861,-6.699359223547042,15.841687440872192,1,100
ilpd,ga,20,0.71459620224205,0.7094017094017094,0.6015192526031861,-6.699359223547042,14.4422869682312,1,100
ilpd,grid,21,0.7189201555708077,0.6837606837606838,12.77777777777778,-7.0,37.10381889343262,1,100
ilpd,random,21,0.7252802562342713,0.7008547008547008,11.387124915091274,-6.583178571933917,26.708584547042847,33,100
ilpd,bo_tpe,21,0.7274079158087395,0.7094017094017094,1.481102970636841,-2.211264818127238,24.36880087852478,31,100
ilpd,pso,21,0.7274307938686799,0.7008547008547008,14.21373674390409,-7.75570417789142,79.5557165145874,21,100
ilpd,de,21,0.7295584534431481,0.7008547008547008,9.475581283803107,-6.046652393504916,65.614501953125,17,100
ilpd,ga,21,0.7295813315030885,0.7094017094017094,11.797051777033232,-6.869947612402051,34.61628818511963,17,100
ilpd,grid,22,0.7273850377487989,0.6923076923076923,10.555555555555555,-7.0,41.32698392868042,75,100
ilpd,random,22,0.7295584534431482,0.6837606837606838,12.185610981558458,-7.657720471868443,31.11861252784729,87,100
ilpd,bo_tpe,22,0.71459620224205,0.7094017094017094,-0.8307892528231475,-6.329740888259414,27.9052414894104,1,100
ilpd,pso,22,0.7274079158087396,0.6923076923076923,13.51228335942242,-8.142502989587486,68.61288499832153,22,100
ilpd,de,22,0.7316861130176162,0.6837606837606838,11.64958583731198,-7.361907378192967,37.924821853637695,84,100
ilpd,ga,22,0.71459620224205,0.7094017094017094,2.3269383086415214,-11.412683171248508,16.438294410705566,1,100
ilpd,grid,23,0.7210935712651569,0.6581196581196581,15.0,-9.0,41.89574980735779,1,100
ilpd,random,23,0.7189887897506292,0.6837606837606838,12.565317104185423,-7.205681520447032,41.7822744846344,2,100
ilpd,bo_tpe,23,0.725348890414093,0.717948717948718,-0.1391078932371423,2.79649089933046,38.92346096038818,47,100
ilpd,pso,23,0.7318233813772593,0.6581196581196581,6.542598267614885,-3.4383898760410827,24.81358647346497,26,100
ilpd,de,23,0.7189430336307483,0.6666666666666666,12.992441370479568,-8.379858232265095,49.52779459953308,2,100
ilpd,ga,23,0.7188972775108672,0.7094017094017094,11.566565959796776,-10.440169967711032,22.395867347717285,2,100
ilpd,grid,24,0.7317547471974377,0.717948717948718,3.888888888888889,-5.0,35.27630376815796,38,100
ilpd,random,24,0.7274994280485017,0.6923076923076923,7.870507238176751,-7.111493290735515,30.57485604286194,23,100
ilpd,bo_tpe,24,0.7318005033173188,0.6923076923076923,6.695537664826091,-6.4272165457327,29.51101541519165,63,100
ilpd,pso,24,0.7338366506520249,0.6666666666666666,0.9522569321227548,0.8182151504207651,31.2797634601593,37,100
ilpd,de,24,0.7274994280485017,0.6923076923076923,9.24320140054331,-7.621339070643041,31.980388641357425,6,100
ilpd,ga,24,0.7446122168840084,0.6581196581196581,1.538541755232175,-0.5062334593115718,18.651505708694454,37,100
ilpd,grid,25,0.7274994280485017,0.6752136752136753,10.555555555555555,-7.0,33.45026254653931,29,100
ilpd,random,25,0.725348890414093,0.6666666666666666,11.84308517141763,-7.065220421587217,26.57931661605835,10,100
ilpd,bo_tpe,25,0.7275451841683827,0.7008547008547008,2.0528415026709403,0.3948197937421938,16.463052988052368,10,100
ilpd,pso,25,0.723221230839625,0.7094017094017094,0.6707132689243052,2.026708304596149,17.42524528503418,8,100
ilpd,de,25,0.7231983527796844,0.7094017094017094,-0.3254216209200189,2.799670750772188,14.70793914794922,6,100
ilpd,ga,25,0.7318005033173188,0.7008547008547008,0.8011007478674146,1.7859431265328842,13.658592224121094,83,100
ilpd,grid,26,0.7188972775108672,0.7094017094017094,15.0,-13.0,34.557108879089355,1,100
ilpd,random,26,0.7231297185998627,0.7008547008547008,-0.1388006136074615,1.8953330558884431,25.0081148147583,71,100
ilpd,bo_tpe,26,0.7209791809654542,0.6923076923076923,0.0176245865076076,1.9699503834921237,13.489834070205688,1,100
ilpd,pso,26,0.71459620224205,0.7094017094017094,-0.7557626422089667,-12.339541243857314,8.917226076126099,1,100
ilpd,de,26,0.71459620224205,0.7094017094017094,4.831978352098091,-10.780808568937502,10.576064586639404,1,100
ilpd,ga,26,0.71459620224205,0.7094017094017094,4.831978352098091,-10.780808568937502,13.325910806655884,1,100
ilpd,grid,27,0.7211622054449783,0.6752136752136753,-0.5555555555555554,-1.0,22.2634859085083,1,100
ilpd,random,27,0.727568062228323,0.6923076923076923,-0.5868765410767551,-1.9396858625676716,27.22156882286072,16,100
ilpd,bo_tpe,27,0.71459620224205,0.7094017094017094,-1.264883130571739,-9.139799094103518,14.393434524536133,8,100
ilpd,pso,27,0.727568062228323,0.6837606837606838,1.0535306386817893,-3.026962304415341,13.984190940856934,55,100
ilpd,de,27,0.716723861816518,0.7094017094017094,10.071047523317851,-10.169841961043018,15.618161678314207,1,100
ilpd,ga,27,0.716723861816518,0.7094017094017094,10.071047523317851,-10.169841961043018,13.306162357330322,1,100
ilpd,grid,28,0.7339052848318464,0.6923076923076923,3.888888888888889,-5.0,38.24661183357239,46,100
ilpd,random,28,0.725257378174331,0.6923076923076923,9.210039160027195,-8.084040852344458,24.82083630561829,32,100
ilpd,bo_tpe,28,0.7232898650194464,0.7264957264957265,0.9593638701631082,2.062309591468088,13.99884867668152,47,100
ilpd,pso,28,0.7360558224662549,0.6837606837606838,5.400772453946093,-5.534412841400496,24.920304536819454,36,100
ilpd,de,28,0.7274307938686799,0.6923076923076923,9.103927034618724,-7.917620237523666,37.76100778579712,50,100
ilpd,ga,28,0.7295813315030886,0.6923076923076923,14.252362188018008,-10.785804360511955,24.426132440567017,26,100
ilpd,grid,29,0.7209791809654542,0.6495726495726496,-0.5555555555555554,1.0,20.003087759017944,1,100
ilpd,random,29,0.7252802562342714,0.5811965811965812,4.5540003592534894,1.551663713721933,20.23147225379944,6,100
ilpd,bo_tpe,29,0.7317089910775568,0.6324786324786325,0.0847968840242332,1.4427054561626784,13.674589395523071,29,100
ilpd,pso,29,0.727385037748799,0.5726495726495726,13.081740872996662,1.484591978326695,27.93041729927063,6,100
ilpd,de,29,0.7253031342942119,0.6153846153846154,6.229268398555936,2.390136086784352,15.33227014541626,13,100
ilpd,ga,29,0.7274536719286205,0.6239316239316239,6.298538990749277,2.401545242315411,12.123626470565796,13,100
ilpd,sa,0,0.7189201555708078,0.7094017094017094,14.636834854537607,3.0,9.176427602767944,7,100
ilpd,sa,1,0.7231983527796844,0.6923076923076923,0.26343873714081845,1.5976074809385503,6.163762092590332,48,100
ilpd,sa,2,0.7188743994509267,0.7094017094017094,-0.3838474106387526,-3.2516126693518084,5.5807600021362305,1,100
ilpd,sa,3,0.71459620224205,0.7094017094017094,2.078667423782159,-6.522127889320627,5.091187953948975,5,100
ilpd,sa,4,0.71459620224205,0.7094017094017094,15.0,-14.445830147603946,16.151933908462524,9,100
ilpd,sa,5,0.7317547471974377,0.7008547008547008,9.421635741961598,0.6837956995205148,8.79673171043396,65,100
ilpd,sa,6,0.725257378174331,0.6923076923076923,12.857203028720033,-9.02436350457881,15.671851634979248,1,100
ilpd,sa,7,0.7274536719286205,0.6923076923076923,-0.4704411017097585,-2.5052633500245554,9.58126950263977,9,100
ilpd,sa,8,0.7146419583619311,0.7350427350427351,10.753811656239046,1.7782821814095113,9.408870220184326,1,100
ilpd,sa,9,0.71459620224205,0.7094017094017094,-4.792516922286001,-5.966257341322702,9.84945821762085,1,100
ilpd,sa,10,0.7360329444063144,0.6837606837606838,15.0,1.4859374113673098,32.001615047454834,50,100
ilpd,sa,11,0.71459620224205,0.7094017094017094,-1.394606222464616,-14.649445653222758,8.713064432144165,1,100
ilpd,sa,12,0.7274079158087396,0.717948717948718,1.9024117811472783,1.3253763777720433,8.410244941711426,36,100
ilpd,sa,13,0.71459620224205,0.7094017094017094,9.064912700412295,-11.950351922026094,14.96096420288086,13,100
ilpd,sa,14,0.7276138183482042,0.6581196581196581,10.457816310485295,-4.4043114838447375,9.117782354354858,12,100
ilpd,sa,15,0.7210706932052163,0.717948717948718,9.530734841504382,-6.27622943021905,9.520894527435303,2,100
ilpd,sa,16,0.71459620224205,0.7094017094017094,-0.5341784169292225,-5.58305985478783,9.695478677749634,1,100
ilpd,sa,17,0.7252802562342714,0.6752136752136753,3.465648622301129,1.6023671032110385,10.729921579360962,18,100
ilpd,sa,18,0.7360558224662549,0.7008547008547008,11.322855470678007,1.598747383668674,12.357426881790161,17,100
ilpd,sa,19,0.7253260123541525,0.7264957264957265,0.25540684566977756,2.9888517892994475,9.86988353729248,22,100
ilpd,sa,20,0.7274994280485017,0.6923076923076923,0.958641352627484,-0.4102458892806807,9.918508291244507,32,100
ilpd,sa,21,0.7339281628917869,0.7008547008547008,3.611410885678388,2.8636141089914435,10.445608377456665,40,100
ilpd,sa,22,0.7231983527796844,0.7008547008547008,-0.05208736158758942,3.0,8.916401863098145,27,100
ilpd,sa,23,0.7188972775108672,0.7094017094017094,-1.0734159217869943,-1.078896251642048,8.56433653831482,30,100
ilpd,sa,24,0.7317318691374972,0.6581196581196581,9.567483756440824,-6.577074432992613,29.848137855529785,6,100
ilpd,sa,25,0.7296270876229697,0.7435897435897436,1.0858027197736182,1.7342137377606726,6.852013111114502,18,100
ilpd,sa,26,0.7296042095630291,0.6837606837606838,-0.22062418939907247,1.2529348986554119,5.959202289581299,14,100
ilpd,sa,27,0.7253260123541525,0.7008547008547008,0.0009827779421846539,3.0,7.6004087924957275,37,100
ilpd,sa,28,0.7253717684740335,0.6581196581196581,3.139198047540744,-4.1386283944061315,17.78112483024597,13,100
ilpd,sa,29,0.71459620224205,0.7008547008547008,13.211552835987302,-11.431668464922447,12.147266149520874,4,100
qsar-biodeg,grid,0,0.89339954916878,0.8720379146919431,3.888888888888889,-5.0,31.677767992019653,46,100
qsar-biodeg,random,0,0.8969498450267681,0.8767772511848341,4.123006644330971,-4.768188920364327,28.198601722717285,2,100
qsar-biodeg,bo_tpe,0,0.9005071851225697,0.8720379146919431,4.633719157563142,-5.7244334114343,27.401955127716064,19,100
qsar-biodeg,pso,0,0.9005071851225697,0.8672985781990521,6.652829708621542,-6.647865922116507,22.60889172554016,27,100
qsar-biodeg,de,0,0.8957523245984784,0.8625592417061612,5.872499829308458,-5.804326595710874,29.7893660068512,42,100
qsar-biodeg,ga,0,0.8957593688362919,0.8672985781990521,7.591172209784203,-7.14398725611837,26.93699550628662,28,100
qsar-biodeg,grid,1,0.8826923076923077,0.8909952606635071,6.111111111111111,-5.0,31.50950527191162,36,100
qsar-biodeg,random,1,0.8779444914060299,0.9004739336492891,2.9353494846133987,-5.301298787939576,30.72303342819214,5,100
qsar-biodeg,bo_tpe,1,0.8838616511693435,0.914691943127962,2.604835426491652,-3.924719853510824,30.5024471282959,5,100
qsar-biodeg,pso,1,0.8909833755987602,0.8767772511848341,7.510196311277008,-5.801953684802661,29.31340217590332,48,100
qsar-biodeg,de,1,0.8862426035502959,0.8767772511848341,7.260622924386712,-5.45009143570354,28.69227194786072,25,100
qsar-biodeg,ga,1,0.8874401239785854,0.8862559241706162,6.643560669732031,-5.354213254433708,27.830646276474,35,100
qsar-biodeg,grid,2,0.8909904198365737,0.8388625592417062,10.555555555555555,-13.0,34.56877541542053,26,100
qsar-biodeg,random,2,0.8909833755987602,0.8672985781990521,2.142698673991214,-4.383924153508252,28.22436237335205,3,100
qsar-biodeg,bo_tpe,2,0.8945336714567486,0.8436018957345972,10.642682450062855,-13.370007433042842,23.36970448493957,10,100
qsar-biodeg,pso,2,0.8933502395040858,0.8436018957345972,10.287366883862964,-12.971493927353894,27.58218002319336,4,100
qsar-biodeg,de,2,0.8909763313609467,0.8672985781990521,2.8324966616005227,-4.609276739519837,26.02055549621582,2,100
qsar-biodeg,ga,2,0.8933502395040858,0.8436018957345972,11.373046483296656,-14.031138346338524,26.47434687614441,2,100
qsar-biodeg,grid,3,0.8791420118343195,0.8909952606635071,3.888888888888889,-7.0,31.529350519180294,26,100
qsar-biodeg,random,3,0.8791279233586927,0.8625592417061612,6.056891463008912,-11.465149619397536,34.6685688495636,2,100
qsar-biodeg,bo_tpe,3,0.8779726683572837,0.8909952606635071,5.705402884241817,-7.855930532284772,25.717185735702515,2,100
qsar-biodeg,pso,3,0.8755987602141448,0.8957345971563981,0.2641535907441916,-3.987857278265869,23.845489025115967,2,100
qsar-biodeg,de,3,0.8767681036911806,0.8957345971563981,3.4105303396891724,-6.918472165441663,25.445616722106934,5,100
qsar-biodeg,ga,3,0.8779515356438434,0.8672985781990521,8.739136805690677,-12.95390364141474,24.05003333091736,5,100
qsar-biodeg,grid,4,0.8886094674556213,0.8530805687203792,3.888888888888889,-7.0,72.6123275756836,35,100
qsar-biodeg,random,4,0.883868695407157,0.8578199052132701,1.623490061822455,-4.701502135090525,36.42857766151428,4,100
qsar-biodeg,bo_tpe,4,0.8850239504085659,0.8436018957345972,9.820422318163688,-13.587385605047528,25.67750859260559,4,100
qsar-biodeg,pso,4,0.8850239504085659,0.8436018957345972,8.563478215956714,-12.359066339781714,21.24191427230835,9,100
qsar-biodeg,de,4,0.8838405184559031,0.8530805687203792,7.147116639900592,-10.90634790229914,31.69344663619995,2,100
qsar-biodeg,ga,4,0.8862285150746689,0.8530805687203792,3.0741638243631995,-5.21619709367806,25.020118236541748,4,100
qsar-biodeg,grid,5,0.8886306001690617,0.8483412322274881,6.111111111111111,-7.0,28.967705965042114,36,100
qsar-biodeg,random,5,0.8886446886446887,0.8530805687203792,5.294759340013581,-6.961059097398362,30.400304794311523,11,100
qsar-biodeg,bo_tpe,5,0.8922090729783039,0.8530805687203792,1.816843975442442,-4.680866432117659,23.814355611801147,17,100
qsar-biodeg,pso,5,0.8933925049309664,0.8578199052132701,3.884379591932484,-6.188180332715086,22.565158367156982,27,100
qsar-biodeg,de,5,0.8910045083122007,0.8578199052132701,3.169464108399973,-4.842268476096699,26.72968435287476,9,100
qsar-biodeg,ga,5,0.893385460693153,0.8436018957345972,4.368346430219837,-6.122418864040585,24.780205249786377,22,100
qsar-biodeg,grid,6,0.8803324880247956,0.90521327014218,3.888888888888889,-5.0,30.930799961090088,36,100
qsar-biodeg,random,6,0.8839039165962242,0.8909952606635071,7.368210169091768,-6.430040281079805,31.2532172203064,5,100
qsar-biodeg,bo_tpe,6,0.8909763313609467,0.90521327014218,4.797419519401341,-5.778844678214703,29.681274890899655,24,100
qsar-biodeg,pso,6,0.8838968723584107,0.9004739336492891,3.7960073282090567,-4.877980287358046,29.492035150527958,13,100
qsar-biodeg,de,6,0.8815159199774584,0.90521327014218,6.330234421157109,-5.282570321800151,34.364712953567505,18,100
qsar-biodeg,ga,6,0.8874260355029586,0.9004739336492891,5.0420697807659725,-5.741930968015074,29.02912998199463,18,100
qsar-biodeg,grid,7,0.876803324880248,0.8957345971563981,-0.5555555555555554,-5.0,32.8530375957489,26,100
qsar-biodeg,random,7,0.876803324880248,0.8957345971563981,-0.5184272610736134,-4.652473423395316,35.53110909461975,12,100
qsar-biodeg,bo_tpe,7,0.8827204846435617,0.8767772511848341,0.4481231121352581,-3.751385891922503,47.65605688095093,37,100
qsar-biodeg,pso,7,0.8827345731191885,0.8862559241706162,0.8321952810334299,-5.185006842288811,32.9354202747345,1,100
qsar-biodeg,de,7,0.8779656241194704,0.8720379146919431,10.941388575040923,-8.956212823125668,36.84450697898865,8,100
qsar-biodeg,ga,7,0.8862637362637363,0.8909952606635071,5.419052119609467,-6.168835584580729,21.328360080718998,55,100
qsar-biodeg,grid,8,0.8779656241194702,0.8862559241706162,3.888888888888889,-7.0,30.72384738922119,26,100
qsar-biodeg,random,8,0.8791561003099464,0.8815165876777251,2.480974799628976,-5.9285214252110325,26.57519483566284,4,100
qsar-biodeg,bo_tpe,8,0.87916314454776,0.8720379146919431,12.065783052960963,-14.858515518898429,24.51250505447388,4,100
qsar-biodeg,pso,8,0.8779797125950972,0.8767772511848341,10.411765263653724,-13.36623883443747,20.37737512588501,1,100
qsar-biodeg,de,8,0.8779797125950972,0.8767772511848341,8.686835147086969,-11.53555576315086,20.626527309417725,4,100
qsar-biodeg,ga,8,0.8815300084530854,0.8815165876777251,2.95875903747176,-4.05924241946728,21.16359066963196,9,100
qsar-biodeg,grid,9,0.8827063961679347,0.8672985781990521,3.888888888888889,-7.0,27.006611824035645,35,100
qsar-biodeg,random,9,0.8838898281205975,0.8672985781990521,4.559480270766938,-7.160001634205776,25.01807427406311,20,100
qsar-biodeg,bo_tpe,9,0.88507326007326,0.8672985781990521,4.936827827183752,-7.681848420633637,18.275028467178345,21,100
qsar-biodeg,pso,9,0.8827063961679347,0.8720379146919431,1.171205918472631,-5.554186623175742,18.242578744888306,19,100
qsar-biodeg,de,9,0.8838898281205975,0.8672985781990521,4.45460197509016,-7.129535997668843,26.14875030517578,34,100
qsar-biodeg,ga,9,0.8779726683572837,0.8815165876777251,2.4026309028001496,-4.648675977948043,30.412704706192017,16,100
qsar-biodeg,grid,10,0.879134967596506,0.8815165876777251,3.888888888888889,-7.0,33.60830473899841,26,100
qsar-biodeg,random,10,0.8815088757396449,0.8862559241706162,4.170284124745461,-5.763791260819588,30.29836797714233,13,100
qsar-biodeg,bo_tpe,10,0.8826993519301212,0.8909952606635071,3.9454512582080654,-5.522558335792816,24.713619470596317,14,100
qsar-biodeg,pso,10,0.8862566920259228,0.8815165876777251,3.032111214853236,-7.135630948171628,24.574734687805176,8,100
qsar-biodeg,de,10,0.8815088757396449,0.8815165876777251,3.378927269247065,-7.435567447597874,26.613754749298096,14,100
qsar-biodeg,ga,10,0.8791561003099464,0.8909952606635071,1.2496180067200204,-5.4647236020980205,28.401471614837646,13,100
qsar-biodeg,grid,11,0.889821076359538,0.8767772511848341,1.666666666666667,-5.0,32.823256731033325,36,100
qsar-biodeg,random,11,0.8910045083122007,0.8767772511848341,1.3774047951715025,-4.770785959309206,32.19180941581726,3,100
qsar-biodeg,bo_tpe,11,0.8910045083122007,0.8720379146919431,0.3787254065484391,-4.814996197120147,19.843123197555546,3,100
qsar-biodeg,pso,11,0.883896872358411,0.8672985781990521,9.344304382178578,-9.080515823079285,23.207331895828247,2,100
qsar-biodeg,de,11,0.8874753451676529,0.8672985781990521,2.065497101208962,-4.351284528917217,20.867123126983643,6,100
qsar-biodeg,ga,11,0.8933925049309664,0.8672985781990521,1.654101889110645,-4.341852760280367,20.230414152145386,6,100
qsar-biodeg,grid,12,0.8744082840236687,0.909952606635071,1.666666666666667,-5.0,24.19826650619507,26,100
qsar-biodeg,random,12,0.8732248520710059,0.919431279620853,3.1328060361332337,-6.876448594416344,25.72998642921448,2,100
qsar-biodeg,bo_tpe,12,0.8767751479289941,0.924170616113744,1.8486950468591423,-6.077221305945426,21.793704509735107,2,100
qsar-biodeg,pso,12,0.8767751479289941,0.914691943127962,1.6925892347975324,-5.754694202967714,18.654884338378903,7,100
qsar-biodeg,de,12,0.8767751479289941,0.914691943127962,1.5721884186027983,-5.345251614847021,28.018510580062863,4,100
qsar-biodeg,ga,12,0.8756128486897718,0.919431279620853,3.3379208126620536,-6.834909806641024,20.659693479537964,4,100
qsar-biodeg,grid,13,0.876803324880248,0.8909952606635071,6.111111111111111,-5.0,24.584975719451904,36,100
qsar-biodeg,random,13,0.8767821921668076,0.8862559241706162,2.5866658296613227,-4.118301084629202,24.25255537033081,17,100
qsar-biodeg,bo_tpe,13,0.8815370526908988,0.8957345971563981,6.42046591883342,-4.993199820924504,20.357483386993408,38,100
qsar-biodeg,pso,13,0.8791772330233869,0.8957345971563981,6.2050598561960335,-5.358713527372681,22.60166430473328,23,100
qsar-biodeg,de,13,0.8779797125950972,0.8909952606635071,7.313566015155029,-5.309821786626779,28.061261415481567,30,100
qsar-biodeg,ga,13,0.8708720766413073,0.8720379146919431,11.32125149288714,-9.260149979566462,27.83850836753845,2,100
qsar-biodeg,grid,14,0.8767328825021133,0.8672985781990521,6.111111111111111,-5.0,29.124271631240845,45,100
qsar-biodeg,random,14,0.8850450831220062,0.8957345971563981,3.6843592295896688,-5.1357046793195895,25.34071016311645,39,100
qsar-biodeg,bo_tpe,14,0.8862285150746689,0.8909952606635071,4.306733177467907,-5.356255602224189,23.171306371688843,44,100
qsar-biodeg,pso,14,0.8826711749788674,0.8815165876777251,4.826099773674792,-5.549832176777727,21.51244568824768,15,100
qsar-biodeg,de,14,0.88385460693153,0.8815165876777251,4.755902020823637,-5.506938409101304,27.783060550689697,8,100
qsar-biodeg,ga,14,0.8862285150746689,0.8957345971563981,4.200776360449947,-5.251824990093152,26.797064781188965,8,100
qsar-biodeg,grid,15,0.885087348548887,0.8672985781990521,3.888888888888889,-7.0,27.98220372200012,36,100
qsar-biodeg,random,15,0.8862778247393633,0.8672985781990521,0.5080185721282398,-5.459995951882345,30.415528535842896,3,100
qsar-biodeg,bo_tpe,15,0.889821076359538,0.8578199052132701,1.9286814609487728,-6.057665353634603,25.938143491744995,3,100
qsar-biodeg,pso,15,0.8910045083122007,0.8625592417061612,2.7772680821121702,-6.593275869366404,23.968827486038208,65,100
qsar-biodeg,de,15,0.889821076359538,0.8625592417061612,1.888135155857133,-6.179908893210395,28.29440450668335,14,100
qsar-biodeg,ga,15,0.893371372217526,0.8625592417061612,2.520749183982197,-6.473070668918509,30.16348171234131,85,100
qsar-biodeg,grid,16,0.8743730628346013,0.9004739336492891,1.666666666666667,-5.0,43.72549819946289,26,100
qsar-biodeg,random,16,0.8767399267399268,0.90521327014218,0.6329238626856508,-4.4122366869248495,37.25395846366882,4,100
qsar-biodeg,bo_tpe,16,0.8720202874049028,0.8625592417061612,14.310313079915115,-12.867425519232423,38.57505822181702,4,100
qsar-biodeg,pso,16,0.8719991546914624,0.8578199052132701,12.136887377743165,-12.805198413812953,28.851964950561523,3,100
qsar-biodeg,de,16,0.8731896308819385,0.8578199052132701,8.265905339864005,-12.055413078199734,32.619935274124146,9,100
qsar-biodeg,ga,16,0.8755494505494505,0.8578199052132701,7.187033474571312,-11.475156666972758,34.67264676094055,9,100
qsar-biodeg,grid,17,0.8685193012116089,0.9004739336492891,1.666666666666667,-5.0,27.009897708892822,26,100
qsar-biodeg,random,17,0.870865032403494,0.909952606635071,5.412701270226636,-6.128291865017685,29.823355436325077,1,100
qsar-biodeg,bo_tpe,17,0.8708932093547478,0.9004739336492891,1.4924818218433047,-4.405487721059646,21.76168394088745,1,100
qsar-biodeg,pso,17,0.8708932093547478,0.90521327014218,1.6191471775695725,-4.6594471520596805,21.83690404891968,17,100
qsar-biodeg,de,17,0.8720555085939701,0.8862559241706162,6.340072324545851,-6.865633970931269,24.22967958450317,1,100
qsar-biodeg,ga,17,0.8732389405466329,0.8862559241706162,6.467943582997034,-6.82323851202327,16.865241050720215,12,100
qsar-biodeg,grid,18,0.8827345731191885,0.8767772511848341,1.666666666666667,-5.0,25.188702821731567,26,100
qsar-biodeg,random,18,0.8839180050718513,0.8815165876777251,1.3226314080688573,-3.908256673018745,24.503332376480103,58,100
qsar-biodeg,bo_tpe,18,0.8886587771203155,0.8672985781990521,1.637009169224932,-3.3732103791439214,19.3726806640625,23,100
qsar-biodeg,pso,18,0.8898422090729783,0.8672985781990521,1.712508244716378,-3.233881812312614,24.1545627117157,35,100
qsar-biodeg,de,18,0.8850943927867005,0.8767772511848341,1.5192116376431128,-3.737048579366027,21.671502828598022,14,100
qsar-biodeg,ga,18,0.8886587771203157,0.8720379146919431,1.8098350281999287,-3.4765759343417724,24.267436027526852,14,100
qsar-biodeg,grid,19,0.8838898281205975,0.8199052132701422,3.888888888888889,-7.0,25.22750973701477,26,100
qsar-biodeg,random,19,0.8850803043110735,0.8246445497630331,12.545304339905536,-12.048709916003148,21.333689212799072,6,100
qsar-biodeg,bo_tpe,19,0.8898351648351648,0.8341232227488151,3.398067201090639,-7.236398907981217,16.394829034805298,12,100
qsar-biodeg,pso,19,0.8898351648351648,0.8293838862559242,3.5106486476566827,-7.30951290729551,15.5207679271698,17,100
qsar-biodeg,de,19,0.8910045083122007,0.8341232227488151,1.2333083564764102,-5.7840784332461626,26.431214570999146,9,100
qsar-biodeg,ga,19,0.8909904198365737,0.8293838862559242,3.6661320891377183,-6.720913863431079,22.85694646835327,9,100
qsar-biodeg,grid,20,0.8886165116934348,0.8436018957345972,1.666666666666667,-5.0,32.21951985359192,26,100
qsar-biodeg,random,20,0.8921738517892364,0.8436018957345972,0.1594917173037036,-4.519659780866119,25.79619169235229,23,100
qsar-biodeg,bo_tpe,20,0.889806987883911,0.8388625592417062,1.3427321208231402,-4.216944772157184,22.49054336547852,4,100
qsar-biodeg,pso,20,0.8862496477881093,0.8483412322274881,3.064293823712524,-5.073755613986373,20.302918195724487,16,100
qsar-biodeg,de,20,0.8897999436460975,0.8436018957345972,-0.3756664692958457,-4.764402492055211,25.855481147766117,17,100
qsar-biodeg,ga,20,0.8909904198365737,0.8483412322274881,0.6339717887829166,-4.384906573797007,20.696106910705566,17,100
qsar-biodeg,grid,21,0.8803043110735418,0.8767772511848341,3.888888888888889,-7.0,27.4594841003418,26,100
qsar-biodeg,random,21,0.8862285150746689,0.8483412322274881,1.1622878647375767,-4.495357028065223,26.583415269851685,5,100
qsar-biodeg,bo_tpe,21,0.8874260355029586,0.8625592417061612,0.5090364546889452,-4.670544874286638,21.295918464660645,5,100
qsar-biodeg,pso,21,0.8826782192166809,0.8483412322274881,1.4001044143514232,-4.674157803315135,20.58280658721924,14,100
qsar-biodeg,de,21,0.8791279233586927,0.8767772511848341,3.8278899803890702,-6.888318263959592,20.41977620124817,7,100
qsar-biodeg,ga,21,0.883882783882784,0.8625592417061612,0.5557280977048644,-5.21881028709744,20.73094630241394,18,100
qsar-biodeg,grid,22,0.8933502395040858,0.8388625592417062,3.888888888888889,-5.0,24.33598017692566,36,100
qsar-biodeg,random,22,0.892152719075796,0.8436018957345972,3.551104796886813,-4.482786423175892,21.642313241958615,12,100
qsar-biodeg,bo_tpe,22,0.8957241476472246,0.8578199052132701,3.6040457775694943,-5.5584346082643545,24.598851919174194,24,100
qsar-biodeg,pso,22,0.8957171034094111,0.8436018957345972,4.321892105320149,-5.678416331056585,18.36522483825684,1,100
qsar-biodeg,de,22,0.8969005353620737,0.8388625592417062,3.131545381398029,-5.003787203492269,18.874643087387085,25,100
qsar-biodeg,ga,22,0.8945407156945618,0.8436018957345972,3.417977794791984,-4.613140877138247,18.07001638412476,40,100
qsar-biodeg,grid,23,0.8862707805015498,0.8530805687203792,15.0,-15.0,32.25649976730347,36,100
qsar-biodeg,random,23,0.8839250493096648,0.8815165876777251,1.5757469988028028,-5.477942732771528,34.105679512023926,2,100
qsar-biodeg,bo_tpe,23,0.8874542124542126,0.8625592417061612,10.702952217753325,-14.309217836998508,27.71167206764221,9,100
qsar-biodeg,pso,23,0.8922020287404904,0.8625592417061612,4.365713733742787,-7.107182077455483,20.96863532066345,21,100
qsar-biodeg,de,23,0.8874542124542126,0.8530805687203792,11.939924480408912,-14.537562617286364,24.77543830871582,13,100
qsar-biodeg,ga,23,0.8874753451676529,0.8625592417061612,4.475300123555513,-6.834061769846564,18.32706308364868,13,100
qsar-biodeg,grid,24,0.880276134122288,0.8862559241706162,3.888888888888889,-5.0,20.120952129364014,26,100
qsar-biodeg,random,24,0.8815370526908989,0.8767772511848341,6.258165058027313,-9.41511185143047,21.027560710906982,15,100
qsar-biodeg,bo_tpe,24,0.8815370526908989,0.8815165876777251,5.22740261013621,-9.440739237722068,16.830551624298096,24,100
qsar-biodeg,pso,24,0.8862144265990419,0.8957345971563981,3.153183148774449,-4.659868296294672,16.4512939453125,30,100
qsar-biodeg,de,24,0.8850239504085657,0.8909952606635071,2.758127025756947,-4.465767582901142,16.581414699554443,2,100
qsar-biodeg,ga,24,0.8826923076923077,0.8767772511848341,1.1390734725118032,-5.007762859921037,14.448105096817017,2,100
qsar-biodeg,grid,25,0.8815370526908989,0.8957345971563981,6.111111111111111,-9.0,20.219088792800903,45,100
qsar-biodeg,random,25,0.8791420118343195,0.9004739336492891,1.185151712730943,-5.5634331142251945,17.93121838569641,5,100
qsar-biodeg,bo_tpe,25,0.8815370526908989,0.8909952606635071,4.713160248176829,-7.982019024142379,15.559150457382202,5,100
qsar-biodeg,pso,25,0.8815300084530854,0.8957345971563981,5.382959830108403,-9.18174883039785,14.579962730407717,11,100
qsar-biodeg,de,25,0.8815300084530854,0.8957345971563981,3.636454266621703,-7.384078480588101,14.916907787322998,32,100
qsar-biodeg,ga,25,0.8815300084530854,0.8957345971563981,3.871940063017314,-7.489816742194554,15.725364208221436,27,100
qsar-biodeg,grid,26,0.8791420118343195,0.8862559241706162,1.666666666666667,-5.0,19.66802930831909,36,100
qsar-biodeg,random,26,0.8767681036911806,0.8909952606635071,1.7363447710673992,-5.850457087696146,20.19168281555176,1,100
qsar-biodeg,bo_tpe,26,0.8850662158354468,0.8815165876777251,2.5827137772554773,-5.403448323847488,17.925132036209106,1,100
qsar-biodeg,pso,26,0.8826923076923077,0.8862559241706162,2.756875997578084,-5.2579775561088535,18.738641262054443,38,100
qsar-biodeg,de,26,0.8803465765004226,0.9004739336492891,1.7430135295460447,-3.7867678547379526,22.558730602264404,20,100
qsar-biodeg,ga,26,0.8791561003099464,0.8767772511848341,3.8664885518412606,-6.07391760170102,15.336294412612917,6,100
qsar-biodeg,grid,27,0.8720695970695971,0.8767772511848341,1.666666666666667,-5.0,20.374650955200195,26,100
qsar-biodeg,random,27,0.8720625528317838,0.8767772511848341,2.1394890479498585,-5.439971292540074,20.54597520828247,12,100
qsar-biodeg,bo_tpe,27,0.8767962806424345,0.8767772511848341,11.957560192564989,-14.932738834143782,16.87680459022522,16,100
qsar-biodeg,pso,27,0.8732600732600732,0.8815165876777251,0.3646554334386249,-4.355573315521112,15.271851062774658,1,100
qsar-biodeg,de,27,0.8697027331642715,0.8767772511848341,0.8824935091254993,-4.929012208486338,19.40603256225586,1,100
qsar-biodeg,ga,27,0.8720625528317836,0.8720379146919431,12.998897226638707,-14.803193574125066,24.14022469520569,1,100
qsar-biodeg,grid,28,0.8826852634544942,0.8720379146919431,1.666666666666667,-5.0,26.313750743865967,26,100
qsar-biodeg,random,28,0.8838616511693435,0.8625592417061612,2.083626357479444,-5.735866896539788,20.307936429977417,10,100
qsar-biodeg,bo_tpe,28,0.8838616511693435,0.8720379146919431,3.037728989210996,-6.1725296310365385,17.235716581344604,10,100
qsar-biodeg,pso,28,0.8838757396449705,0.8720379146919431,0.6419006002690937,-4.91460206412666,15.79763674736023,7,100
qsar-biodeg,de,28,0.8826923076923077,0.8720379146919431,0.6567735698403867,-4.647794393169469,19.58505582809448,7,100
qsar-biodeg,ga,28,0.8827063961679347,0.8625592417061612,7.854388424217582,-10.584430223790852,18.809197664260864,7,100
qsar-biodeg,grid,29,0.8684981684981686,0.909952606635071,1.666666666666667,-5.0,23.71318864822388,26,100
qsar-biodeg,random,29,0.8696816004508314,0.909952606635071,0.9205213152525112,-4.792322711050071,23.11537790298462,27,100
qsar-biodeg,bo_tpe,29,0.8673217807833193,0.9004739336492891,6.019218579869834,-6.814438083273256,23.15288662910461,12,100
qsar-biodeg,pso,29,0.8732318963088194,0.924170616113744,1.7798075215339004,-4.244148577487506,17.688021421432495,24,100
qsar-biodeg,de,29,0.8744435052127362,0.909952606635071,0.1762616015702425,-4.635642149536684,22.33957076072693,26,100
qsar-biodeg,ga,29,0.8684981684981686,0.90521327014218,0.9119294563460372,-4.760546514355667,20.917895793914795,16,100
qsar-biodeg,sa,0,0.9016694843617922,0.8767772511848341,5.699938314274472,-5.404677431189262,20.99542212486267,11,100
qsar-biodeg,sa,1,0.8862355593124824,0.8909952606635071,5.496718324941389,-5.072467289065863,23.05961036682129,2,100
qsar-biodeg,sa,2,0.8897999436460975,0.8672985781990521,2.2679681381292354,-4.514419950881829,14.140157699584961,18,100
qsar-biodeg,sa,3,0.8803183995491688,0.8672985781990521,6.754476095806757,-11.805638943469317,15.91994595527649,5,100
qsar-biodeg,sa,4,0.8886094674556212,0.8530805687203792,4.2370029458896,-7.307201915454051,18.896024465560913,35,100
qsar-biodeg,sa,5,0.8933925049309664,0.8530805687203792,2.9414599917863278,-5.076739855558618,14.31957745552063,8,100
qsar-biodeg,sa,6,0.88507326007326,0.8957345971563981,4.044439810230656,-4.6727940877736795,17.901199102401733,24,100
qsar-biodeg,sa,7,0.8815511411665258,0.8862559241706162,0.931033677689431,-5.289230941019541,15.396807432174683,16,100
qsar-biodeg,sa,8,0.87916314454776,0.8767772511848341,9.801337011772446,-12.92027385985312,15.349526405334473,6,100
qsar-biodeg,sa,9,0.8862566920259228,0.8672985781990521,5.750740119604251,-7.983508212542302,18.354451417922974,11,100
qsar-biodeg,sa,10,0.8732248520710059,0.8815165876777251,5.971818403471634,-6.476930634554595,23.16411328315735,1,100
qsar-biodeg,sa,11,0.8921949845026769,0.8767772511848341,2.614602711799897,-5.173872117358962,15.072136402130127,23,100
qsar-biodeg,sa,12,0.8756058044519583,0.9241706161137441,2.8925875850316873,-6.463775983459634,14.693324565887451,4,100
qsar-biodeg,sa,13,0.870850943927867,0.8957345971563981,7.220347087811594,-10.221762264528051,19.70731234550476,2,100
qsar-biodeg,sa,14,0.8826711749788674,0.8862559241706162,4.669839457271837,-5.356346076438916,12.974233865737915,43,100
qsar-biodeg,sa,15,0.8839039165962242,0.8625592417061612,2.8676830891784926,-6.900953581573269,14.159151315689087,9,100
qsar-biodeg,sa,16,0.8743589743589743,0.8578199052132701,5.718383717213033,-9.974332003372645,15.02636456489563,31,100
qsar-biodeg,sa,17,0.8708932093547478,0.9052132701421801,1.5961338093818975,-4.302415037559109,14.857738971710205,1,100
qsar-biodeg,sa,18,0.8791913214990139,0.8862559241706162,6.027890663098373,-5.768810990131304,16.92112898826599,1,100
qsar-biodeg,sa,19,0.8910045083122007,0.8388625592417062,2.7924593932549784,-6.150885405330202,14.909844398498535,35,100
qsar-biodeg,sa,20,0.892166807551423,0.8578199052132701,0.6209135971081319,-3.823567016044888,11.719374656677246,7,100
qsar-biodeg,sa,21,0.8838616511693435,0.8483412322274881,1.1785292149601982,-4.487910306926783,15.761663675308228,61,100
qsar-biodeg,sa,22,0.8969005353620737,0.8483412322274881,4.422532294631921,-5.733081415330776,13.504451990127563,27,100
qsar-biodeg,sa,23,0.8922020287404904,0.8625592417061612,3.018176550723682,-6.28265861576636,13.834513902664185,8,100
qsar-biodeg,sa,24,0.8850943927867005,0.8862559241706162,7.570735350243455,-11.377923626575171,16.46372151374817,37,100
qsar-biodeg,sa,25,0.8803395322626091,0.8909952606635071,12.316616764310826,-12.94383692363387,11.813883543014526,5,100
qsar-biodeg,sa,26,0.8827063961679347,0.8815165876777251,3.8871388272297436,-5.773308175367686,12.866156816482544,1,100
qsar-biodeg,sa,27,0.8767962806424345,0.8767772511848341,11.090759818339318,-14.0579306130261,15.791736841201782,31,100
qsar-biodeg,sa,28,0.8827063961679347,0.8625592417061612,7.932727863880618,-10.768349762790876,10.802117347717285,6,100
qsar-biodeg,sa,29,0.8744294167371092,0.9241706161137441,1.5440433473813435,-4.382873020728823,12.266037940979004,39,100
banknote,grid,0,1.0,1.0,-0.5555555555555554,3.0,12.324937343597412,18,100
banknote,random,0,1.0,1.0,5.976270078546495,-2.12659140529645,10.847897052764893,1,100
banknote,bo_tpe,0,1.0,1.0,5.976270078546495,-2.12659140529645,9.83228850364685,1,100
banknote,pso,0,1.0,1.0,2.5791215948046524,2.659467557632212,14.024459838867188,6,100
banknote,de,0,1.0,1.0,11.265404784005447,1.429600390998992,13.114442348480225,3,100
banknote,ga,0,1.0,1.0,11.265404784005447,1.429600390998992,10.27958607673645,3,100
banknote,grid,1,1.0,1.0,-0.5555555555555554,-1.0,12.97100591659546,18,100
banknote,random,1,1.0,1.0,3.3404400940514805,-2.0341591180411545,13.717167377471924,1,100
banknote,bo_tpe,1,1.0,1.0,3.3404400940514805,-2.0341591180411545,10.304493188858032,1,100
banknote,pso,1,1.0,1.0,4.36088912096986,-0.444398423549341,8.761637926101685,1,100
banknote,de,1,1.0,1.0,5.236432494005134,2.108346533866836,14.11203670501709,1,100
banknote,ga,1,1.0,1.0,5.236432494005134,2.108346533866836,10.87303376197815,1,100
banknote,grid,2,1.0,1.0,-0.5555555555555554,-1.0,11.453171014785768,18,100
banknote,random,2,1.0,1.0,7.422676655385898,-5.475442303013297,11.085747957229614,2,100
banknote,bo_tpe,2,1.0,1.0,7.422676655385898,-5.475442303013297,8.113202810287476,2,100
banknote,pso,2,1.0,1.0,10.778358178372292,-4.104209959619352,7.045687913894653,1,100
banknote,de,2,1.0,1.0,7.00201051931308,-1.885910517387696,9.438385725021362,3,100
banknote,ga,2,1.0,1.0,7.00201051931308,-1.885910517387696,7.333484649658203,3,100
banknote,grid,3,1.0,1.0,-0.5555555555555554,-1.0,11.877103567123411,18,100
banknote,random,3,1.0,1.0,6.015958051491509,-2.2533391928741136,10.828563928604126,1,100
banknote,bo_tpe,3,1.0,1.0,6.015958051491509,-2.2533391928741136,8.886307716369629,1,100
banknote,pso,3,1.0,1.0,7.55580736700383,-6.322009877449887,7.655301570892334,1,100
banknote,de,3,1.0,1.0,11.025489304127936,-4.52108335084138,8.556659460067749,2,100
banknote,ga,3,1.0,1.0,11.025489304127936,-4.52108335084138,9.24104142189026,2,100
banknote,grid,4,1.0,1.0,-0.5555555555555554,3.0,11.720290184020996,18,100
banknote,random,4,1.0,1.0,14.340596780273533,-5.149819514836999,10.242259979248049,1,100
banknote,bo_tpe,4,1.0,1.0,14.340596780273533,-5.149819514836999,8.14819073677063,1,100
banknote,pso,4,1.0,1.0,12.6376291411855,-7.205363499590426,7.578204154968262,1,100
banknote,de,4,1.0,1.0,13.86112211144735,-5.796104049341491,7.661470413208008,1,100
banknote,ga,4,1.0,1.0,13.86112211144735,-5.796104049341491,8.005311250686646,1,100
banknote,grid,5,1.0,1.0,1.666666666666667,-3.0,11.417269468307495,18,100
banknote,random,5,1.0,1.0,-0.8656168932114721,1.5349963428825897,11.148208141326904,1,100
banknote,bo_tpe,5,1.0,1.0,-0.8656168932114721,1.5349963428825897,9.197473526000977,1,100
banknote,pso,5,1.0,1.0,10.156448909697165,2.3026273708358147,7.376657247543335,1,100
banknote,de,5,1.0,1.0,11.100058474907604,-0.4570657847431132,9.047605514526367,1,100
banknote,ga,5,1.0,1.0,11.100058474907604,-0.4570657847431132,10.046177387237549,1,100
banknote,grid,6,1.0,1.0,-2.7777777777777777,1.0,11.873040676116943,18,100
banknote,random,6,1.0,1.0,12.857203028720033,-9.02436350457881,10.955766439437866,1,100
banknote,bo_tpe,6,1.0,1.0,12.857203028720033,-9.02436350457881,8.976208209991455,1,100
banknote,pso,6,1.0,1.0,13.214026242073556,-4.364199797889398,6.883965492248535,1,100
banknote,de,6,1.0,1.0,14.74889980372933,-3.6103870930713695,9.954806566238403,3,100
banknote,ga,6,1.0,1.0,14.74889980372933,-3.6103870930713695,9.644909143447876,3,100
banknote,grid,7,1.0,0.9963636363636365,-2.7777777777777777,1.0,15.45282745361328,18,100
banknote,random,7,1.0,1.0,3.7681846288178704,-1.9776267990430585,12.049821138381958,1,100
banknote,bo_tpe,7,1.0,1.0,3.7681846288178704,-1.9776267990430585,10.8686842918396,1,100
banknote,pso,7,1.0,1.0,13.630995250718245,-1.2840378261891452,7.737665414810181,2,100
banknote,de,7,1.0,0.9963636363636365,7.501909332093339,1.1498484174523576,9.878713369369509,1,100
banknote,ga,7,1.0,0.9963636363636365,7.501909332093339,1.1498484174523576,9.635749578475952,1,100
banknote,grid,8,1.0,1.0,-0.5555555555555554,-1.0,11.420448303222656,18,100
banknote,random,8,1.0,1.0,12.468588055836324,2.4337319307767764,11.102128982543944,1,100
banknote,bo_tpe,8,1.0,1.0,12.468588055836324,2.4337319307767764,8.988914012908936,1,100
banknote,pso,8,1.0,1.0,14.286879030154868,-6.53378549998833,7.478816747665405,3,100
banknote,de,8,1.0,1.0,1.5394455321112144,2.770983180082659,13.444056034088137,1,100
banknote,ga,8,1.0,1.0,1.5394455321112144,2.770983180082659,8.92928671836853,1,100
banknote,grid,9,1.0,1.0,1.666666666666667,-3.0,11.462661743164062,18,100
banknote,random,9,1.0,1.0,8.98214782797522,-4.690323319750634,10.084831476211548,6,100
banknote,bo_tpe,9,1.0,1.0,8.98214782797522,-4.690323319750634,8.560605764389038,6,100
banknote,pso,9,1.0,1.0,8.208425447397742,2.158584755065672,9.141971826553345,1,100
banknote,de,9,1.0,1.0,12.404984079401691,-9.837290236424003,9.22309923171997,1,100
banknote,ga,9,1.0,1.0,12.404984079401691,-9.837290236424003,9.0617938041687,1,100
banknote,grid,10,1.0,1.0,-0.5555555555555554,3.0,11.529016971588137,18,100
banknote,random,10,1.0,1.0,7.672964698525508,-1.521530114304987,11.155230045318604,2,100
banknote,bo_tpe,10,1.0,1.0,7.672964698525508,-1.521530114304987,9.32148027420044,2,100
banknote,pso,10,1.0,1.0,14.668862212128944,-2.2980169461928828,7.7310261726379395,3,100
banknote,de,10,1.0,1.0,3.510179948099532,2.2246680621605925,10.716437101364136,1,100
banknote,ga,10,1.0,1.0,3.510179948099532,2.2246680621605925,10.770468711853027,1,100
banknote,grid,11,1.0,1.0,-0.5555555555555554,-1.0,12.029393434524536,18,100
banknote,random,11,1.0,1.0,4.264370529966893,-1.9511892745413384,10.934249877929688,2,100
banknote,bo_tpe,11,1.0,1.0,4.264370529966893,-1.9511892745413384,10.029653787612917,2,100
banknote,pso,11,1.0,1.0,2.988307378152585,-0.2831495425686974,9.627817392349243,1,100
banknote,de,11,1.0,1.0,-2.0414783084508814,1.7077984132866495,9.549548864364624,3,100
banknote,ga,11,1.0,1.0,-2.0414783084508814,1.7077984132866495,7.548369646072388,3,100
banknote,grid,12,1.0,1.0,-0.5555555555555554,-1.0,11.62354612350464,18,100
banknote,random,12,1.0,1.0,6.040752665291331,-6.263206554071225,10.848381280899048,1,100
banknote,bo_tpe,12,1.0,1.0,6.040752665291331,-6.263206554071225,9.113824129104614,1,100
banknote,pso,12,1.0,1.0,4.776778103984622,1.5909454989888443,9.220311641693115,1,100
banknote,de,12,1.0,1.0,0.0164891621689218,2.041552971469642,12.629297018051147,1,100
banknote,ga,12,1.0,1.0,0.0164891621689218,2.041552971469642,11.435198783874512,1,100
banknote,grid,13,1.0,1.0,-0.5555555555555554,3.0,11.6179780960083,18,100
banknote,random,13,1.0,1.0,11.48557065322737,2.383485564773995,11.234004497528076,2,100
banknote,bo_tpe,13,1.0,1.0,11.48557065322737,2.383485564773995,9.174527406692505,2,100
banknote,pso,13,1.0,1.0,10.816004832026362,-3.32895763700264,7.447131395339966,1,100
banknote,de,13,1.0,1.0,13.208143561316756,2.7264625542759973,12.01844048500061,1,100
banknote,ga,13,1.0,1.0,13.208143561316756,2.7264625542759973,10.892998933792114,1,100
banknote,grid,14,1.0,1.0,-0.5555555555555554,3.0,12.529687643051147,18,100
banknote,random,14,1.0,1.0,5.278866875453804,-1.083029062572658,11.045275926589966,1,100
banknote,bo_tpe,14,1.0,1.0,5.278866875453804,-1.083029062572658,9.735652923583984,1,100
banknote,pso,14,1.0,1.0,9.311474859409262,-8.428013753794737,8.980231523513794,1,100
banknote,de,14,1.0,1.0,11.61966637778223,-8.502959996983382,7.332875728607178,1,100
banknote,ga,14,1.0,1.0,11.61966637778223,-8.502959996983382,7.951158285140991,1,100
banknote,grid,15,1.0,1.0,1.666666666666667,-3.0,13.307209968566896,18,100
banknote,random,15,1.0,1.0,13.352597956731248,-10.245356641439276,13.076725006103516,6,100
banknote,bo_tpe,15,1.0,1.0,13.352597956731248,-10.245356641439276,9.819637775421144,6,100
banknote,pso,15,1.0,1.0,14.125071623625873,-1.6677620552471542,7.381233215332031,2,100
banknote,de,15,1.0,1.0,9.375427537509424,-8.783582926634885,10.983671188354492,1,100
banknote,ga,15,1.0,1.0,9.375427537509424,-8.783582926634885,11.017957210540771,1,100
banknote,grid,16,1.0,1.0,-0.5555555555555554,3.0,11.1853187084198,18,100
banknote,random,16,1.0,1.0,8.932214284171899,-6.643246415277268,10.627790689468384,5,100
banknote,bo_tpe,16,1.0,1.0,8.932214284171899,-6.643246415277268,7.566179037094116,5,100
banknote,pso,16,1.0,1.0,7.7898263016238865,2.543429870126843,9.308902263641356,1,100
banknote,de,16,1.0,1.0,14.172676621288408,2.72972977949906,9.573285818099976,1,100
banknote,ga,16,1.0,1.0,14.172676621288408,2.72972977949906,8.749957084655762,1,100
banknote,grid,17,1.0,1.0,1.666666666666667,-3.0,11.02489447593689,18,100
banknote,random,17,1.0,1.0,10.739709199998266,-3.1859966080346016,9.683459997177124,3,100
banknote,bo_tpe,17,1.0,1.0,10.739709199998266,-3.1859966080346016,7.80088472366333,3,100
banknote,pso,17,1.0,1.0,11.77697199299662,-6.9905100872039405,6.860328912734985,4,100
banknote,de,17,1.0,1.0,3.5632899818721686,-3.995824047018351,9.853206396102903,4,100
banknote,ga,17,1.0,1.0,3.5632899818721686,-3.995824047018351,9.472071409225464,4,100
banknote,grid,18,1.0,1.0,1.666666666666667,-3.0,13.357726812362673,18,100
banknote,random,18,1.0,1.0,8.007484834791834,-5.901839272772827,11.297813177108765,1,100
banknote,bo_tpe,18,1.0,1.0,8.007484834791834,-5.901839272772827,7.666581153869629,1,100
banknote,pso,18,1.0,1.0,5.685386159358101,-1.0062686504841931,7.474945545196533,1,100
banknote,de,18,1.0,1.0,2.9861153843514554,-2.086535772812109,8.035963773727417,1,100
banknote,ga,18,1.0,1.0,2.9861153843514554,-2.086535772812109,6.7790350914001465,1,100
banknote,grid,19,1.0,1.0,-0.5555555555555554,3.0,11.19240665435791,18,100
banknote,random,19,1.0,1.0,14.654838290884278,-3.558106773656654,11.214632272720335,4,100
banknote,bo_tpe,19,1.0,1.0,14.654838290884278,-3.558106773656654,9.033162117004396,4,100
banknote,pso,19,1.0,1.0,14.8548675024567,-4.076257621758268,7.0138936042785645,2,100
banknote,de,19,1.0,1.0,3.407575914585216,1.6656482067006664,9.599361658096312,1,100
banknote,ga,19,1.0,1.0,3.407575914585216,1.6656482067006664,7.551537990570068,1,100
banknote,grid,20,1.0,1.0,-0.5555555555555554,-1.0,11.16042971611023,18,100
banknote,random,20,1.0,1.0,6.762616021545485,1.1588471023695242,9.041624784469604,1,100
banknote,bo_tpe,20,1.0,1.0,6.762616021545485,1.1588471023695242,9.174081325531006,1,100
banknote,pso,20,1.0,1.0,13.714000225179714,-1.6133898085275111,7.182401657104492,2,100
banknote,de,20,1.0,1.0,8.881357647151733,-6.923607715263863,7.762623786926269,4,100
banknote,ga,20,1.0,1.0,8.881357647151733,-6.923607715263863,7.193507671356201,4,100
banknote,grid,21,1.0,1.0,-0.5555555555555554,3.0,11.084875106811523,18,100
banknote,random,21,1.0,1.0,1.0454378792923364,-3.0496146967554,9.614113330841064,4,100
banknote,bo_tpe,21,1.0,1.0,1.0454378792923364,-3.0496146967554,9.226552486419678,4,100
banknote,pso,21,1.0,1.0,14.889686610994794,-7.507371018781144,6.892308950424194,1,100
banknote,de,21,1.0,1.0,10.62235177634942,-4.094753467722576,6.724959850311279,1,100
banknote,ga,21,1.0,1.0,10.62235177634942,-4.094753467722576,7.483621120452881,1,100
banknote,grid,22,1.0,1.0,-0.5555555555555554,3.0,11.30648708343506,18,100
banknote,random,22,1.0,1.0,0.4106566659566235,-2.56125569190727,10.115329027175903,2,100
banknote,bo_tpe,22,1.0,1.0,0.4106566659566235,-2.56125569190727,9.027960062026978,2,100
banknote,pso,22,1.0,1.0,8.957197349039044,-4.702490357418624,6.863215684890747,2,100
banknote,de,22,1.0,1.0,4.186740894878936,2.778161139843629,10.2419593334198,3,100
banknote,ga,22,1.0,1.0,4.186740894878936,2.778161139843629,8.626281023025513,3,100
banknote,grid,23,1.0,1.0,-2.7777777777777777,1.0,11.264262199401855,18,100
banknote,random,23,1.0,1.0,5.345957676931786,2.0453268686666526,10.547750234603882,1,100
banknote,bo_tpe,23,1.0,1.0,5.345957676931786,2.0453268686666526,9.682764768600464,1,100
banknote,pso,23,1.0,1.0,-0.4713461919139838,2.436559314722452,8.863585233688354,4,100
banknote,de,23,1.0,1.0,8.878661613147285,-3.45375202419185,7.714453220367432,1,100
banknote,ga,23,1.0,1.0,8.878661613147285,-3.45375202419185,7.344521522521973,1,100
banknote,grid,24,1.0,1.0,-0.5555555555555554,3.0,11.319458961486816,18,100
banknote,random,24,1.0,1.0,14.200346066718373,-2.4087831009076304,9.294209480285645,1,100
banknote,bo_tpe,24,1.0,1.0,14.200346066718373,-2.4087831009076304,8.539945602416992,1,100
banknote,pso,24,1.0,1.0,11.153183148774447,-3.941667050705208,6.974918842315674,1,100
banknote,de,24,1.0,1.0,6.494756386543841,-5.884804189137336,7.041893243789673,2,100
banknote,ga,24,1.0,1.0,6.494756386543841,-5.884804189137336,6.518601417541504,2,100
banknote,grid,25,1.0,1.0,-0.5555555555555554,-1.0,11.030133962631226,18,100
banknote,random,25,1.0,1.0,12.402482732544236,-4.519015283893925,10.779073238372805,1,100
banknote,bo_tpe,25,1.0,1.0,12.402482732544236,-4.519015283893925,8.500227212905884,1,100
banknote,pso,25,1.0,1.0,12.888699371491644,-5.69210795856077,7.172679662704468,2,100
banknote,de,25,1.0,1.0,14.81724357818414,-0.8351829271247091,7.9420576095581055,4,100
banknote,ga,25,1.0,1.0,14.81724357818414,-0.8351829271247091,7.975618124008179,4,100
banknote,grid,26,1.0,1.0,-0.5555555555555554,3.0,9.46284532546997,18,100
banknote,random,26,1.0,1.0,10.365953230759468,-0.7940267489245247,9.208046436309814,2,100
banknote,bo_tpe,26,1.0,1.0,10.365953230759468,-0.7940267489245247,8.57559847831726,2,100
banknote,pso,26,1.0,1.0,2.087761673904072,-2.373041761778401,7.6150062084198,1,100
banknote,de,26,1.0,1.0,11.262304027388804,-5.129939677472251,8.622753381729126,3,100
banknote,ga,26,1.0,1.0,11.262304027388804,-5.129939677472251,8.486780881881714,3,100
banknote,grid,27,1.0,1.0,-0.5555555555555554,3.0,8.50441598892212,18,100
banknote,random,27,1.0,1.0,2.667615457452404,2.630219378601371,7.778325319290161,1,100
banknote,bo_tpe,27,1.0,1.0,2.667615457452404,2.630219378601371,8.397659301757812,1,100
banknote,pso,27,1.0,1.0,8.939181587600547,-3.0624516807841093,6.855708599090576,1,100
banknote,de,27,1.0,1.0,0.862273868724726,1.981482809340928,8.722781658172607,1,100
banknote,ga,27,1.0,1.0,0.862273868724726,1.981482809340928,8.446218252182007,1,100
banknote,grid,28,1.0,1.0,-0.5555555555555554,3.0,9.735527276992798,18,100
banknote,random,28,1.0,1.0,9.580274845782382,-4.89768715810246,9.559557437896729,1,100
banknote,bo_tpe,28,1.0,1.0,9.580274845782382,-4.89768715810246,9.257220983505247,1,100
banknote,pso,28,1.0,1.0,11.386343934259816,2.13297564271916,8.495503425598145,1,100
banknote,de,28,1.0,1.0,12.52007554914452,2.115831185826945,7.912694215774536,1,100
banknote,ga,28,1.0,1.0,12.52007554914452,2.115831185826945,8.91920781135559,1,100
banknote,grid,29,1.0,1.0,-0.5555555555555554,3.0,9.867249965667725,18,100
banknote,random,29,1.0,1.0,12.275199711401658,-9.871692625902718,9.42637300491333,1,100
banknote,bo_tpe,29,1.0,1.0,12.275199711401658,-9.871692625902718,8.937113046646118,1,100
banknote,pso,29,1.0,1.0,8.868711716934154,-6.9929183019526455,8.169313669204712,1,100
banknote,de,29,1.0,1.0,10.762127875969572,-3.883283127065978,9.520864009857178,6,100
banknote,ga,29,1.0,1.0,10.762127875969572,-3.883283127065978,9.26445174217224,6,100
banknote,sa,0,1.0,1.0,5.976270078546495,-2.12659140529645,6.927499055862427,1,100
banknote,sa,1,1.0,1.0,3.3404400940514805,-2.0341591180411545,4.585259199142456,1,100
banknote,sa,2,1.0,1.0,1.4671345849505346,-2.7335726765514194,6.761786460876465,18,100
banknote,sa,3,1.0,1.0,6.015958051491509,-2.2533391928741136,8.136811971664429,1,100
banknote,sa,4,1.0,1.0,14.340596780273533,-5.149819514836999,4.560275077819824,1,100
banknote,sa,5,1.0,1.0,2.702160669254232,1.9350540157254807,5.578869819641113,1,100
banknote,sa,6,1.0,1.0,12.857203028720033,-9.02436350457881,5.020784378051758,1,100
banknote,sa,7,1.0,1.0,-0.09278280492014446,-1.8001490066514356,6.176889896392822,1,100
banknote,sa,8,1.0,1.0,12.468588055836324,2.4337319307767764,5.781763076782227,1,100
banknote,sa,9,1.0,1.0,-1.9601636116346735,1.5933500952514439,7.210175275802612,6,100
banknote,sa,10,1.0,1.0,11.458287244365732,-8.782938916474556,4.359537363052368,7,100
banknote,sa,11,1.0,1.0,5.906688648898783,-5.985254143225025,6.188658714294434,23,100
banknote,sa,12,1.0,1.0,9.180933424553114,-5.939312850318257,5.188141107559204,1,100
banknote,sa,13,1.0,1.0,15.0,-11.249103437568037,5.491878509521484,2,100
banknote,sa,14,1.0,1.0,5.278866875453804,-1.083029062572658,7.390232801437378,1,100
banknote,sa,15,1.0,1.0,4.879451585594756,-5.490562204992173,6.104724168777466,35,100
banknote,sa,16,1.0,1.0,1.1369507463459971,3.0,6.4662697315216064,10,100
banknote,sa,17,1.0,1.0,2.141102276394907,-3.387878077874943,6.855870485305786,2,100
banknote,sa,18,1.0,1.0,8.007484834791834,-5.901839272772827,5.711530447006226,1,100
banknote,sa,19,1.0,1.0,2.031677102692541,-1.8330592742274308,8.80172872543335,8,100
banknote,sa,20,1.0,1.0,6.762616021545485,1.1588471023695242,6.997089624404907,1,100
banknote,sa,21,1.0,1.0,14.262339626625183,-9.630776080651057,6.862751483917236,19,100
banknote,sa,22,1.0,1.0,2.3923076306187703,-2.7489126729451323,9.302580118179321,11,100
banknote,sa,23,1.0,1.0,5.345957676931786,2.0453268686666526,5.7159295082092285,1,100
banknote,sa,24,1.0,1.0,14.200346066718371,-2.4087831009076304,4.850177049636841,1,100
banknote,sa,25,1.0,1.0,12.402482732544236,-4.519015283893925,4.649282455444336,1,100
banknote,sa,26,1.0,1.0,2.3254111467131047,-2.752878741492339,9.491232872009277,2,100
banknote,sa,27,1.0,1.0,6.482951273405923,2.905287902107337,6.657871961593628,1,100
banknote,sa,28,1.0,1.0,9.580274845782382,-4.89768715810246,8.788570642471313,1,100
banknote,sa,29,1.0,1.0,12.275199711401658,-9.871692625902718,6.881843090057373,1,100
steel-faults,grid,0,0.7506441240535214,0.8071979434447301,1.666666666666667,-3.0,53.72811722755432,37,100
steel-faults,random,0,0.7487127891297585,0.8123393316195373,1.3713790490264728,-2.9866131606537287,50.72325372695923,46,100
steel-faults,bo_tpe,0,0.7538761539259412,0.7994858611825193,1.74511558103773,-3.5729609060124483,50.33070921897888,12,100
steel-faults,pso,0,0.7525733845036822,0.8149100257069408,1.4393636361135675,-2.568486239700837,42.5519289970398,29,100
steel-faults,de,0,0.7480572554714241,0.7763496143958869,13.508457458923289,-9.733060208244698,69.09430003166199,38,100
steel-faults,ga,0,0.7500031117104035,0.7840616966580977,9.732546741616778,-7.999414368376132,48.429280519485474,34,100
steel-faults,grid,1,0.7802925007779276,0.7326478149100257,1.666666666666667,-3.0,62.15599775314331,37,100
steel-faults,random,1,0.7744860491650243,0.7326478149100257,1.2684835631848568,-2.5381929179523475,60.70807242393494,6,100
steel-faults,bo_tpe,1,0.7777160045638419,0.7326478149100257,0.7820937543149975,-2.598828373177748,50.90980815887451,30,100
steel-faults,pso,1,0.7789959547764754,0.7249357326478149,2.168138708639052,-3.220550088339707,42.438316822052,42,100
steel-faults,de,1,0.7790021781972823,0.7275064267352185,1.870681790228014,-3.112894471524488,56.79599928855896,69,100
steel-faults,ga,1,0.7635432009127683,0.7223650385604113,2.32669952731076,-1.9348393341691816,55.40732264518738,27,100
steel-faults,grid,2,0.7609542578570688,0.7557840616966581,1.666666666666667,-5.0,60.35733127593994,36,100
steel-faults,random,2,0.7648169277045949,0.7609254498714653,2.01743802603281,-5.082397704160453,51.39354228973389,44,100
steel-faults,bo_tpe,2,0.7686858209729281,0.7532133676092545,0.7757019054289733,-4.209326818278201,41.95506262779236,20,100
steel-faults,pso,2,0.766119697126854,0.7660668380462725,2.9498828359379634,-4.717567902389374,39.23465275764465,4,100
steel-faults,de,2,0.7654641634685199,0.7609254498714653,2.563207418372308,-5.46048211363007,47.094101667404175,5,100
steel-faults,ga,2,0.766760709469972,0.7660668380462725,1.2830943054263892,-3.928991564242407,40.64132595062256,5,100
steel-faults,grid,3,0.7738595581371227,0.7506426735218509,1.666666666666667,-3.0,58.30079388618469,36,100
steel-faults,random,3,0.7738657815579297,0.7583547557840618,0.4956101099127856,-3.259983748808676,55.594818115234375,11,100
steel-faults,bo_tpe,3,0.7770812156415309,0.7634961439588689,1.2887208039043552,-3.251041189604243,44.88120031356812,22,100
steel-faults,pso,3,0.7777326003526606,0.7557840616966581,0.7945493583693515,-3.032372264319829,48.565821170806885,65,100
steel-faults,de,3,0.7745088683746498,0.7609254498714653,0.9680244603375135,-3.1714130931903206,44.26889157295227,7,100
steel-faults,ga,3,0.7751519551913703,0.7557840616966581,0.6840232749758286,-3.0953019432646105,39.40048885345459,7,100
steel-faults,grid,4,0.7641655429934654,0.7480719794344473,6.111111111111111,-7.0,58.8471577167511,36,100
steel-faults,random,4,0.7603132455139507,0.7506426735218509,1.623490061822455,-4.701502135090525,56.0356822013855,20,100
steel-faults,bo_tpe,4,0.7674058707602945,0.7480719794344473,1.3683973459518524,-2.8012929047232102,42.75218605995178,44,100
steel-faults,pso,4,0.7693351312104554,0.7532133676092545,1.686484572902594,-2.722765992076704,42.01847791671753,25,100
steel-faults,de,4,0.7654641634685199,0.7557840616966581,0.5685433349548603,-3.2332700505020853,49.95865440368652,13,100
steel-faults,ga,4,0.7680448086298102,0.7583547557840618,1.741457817909315,-2.695596552622109,55.14440870285034,13,100
steel-faults,grid,5,0.7577346748262628,0.7506426735218509,1.666666666666667,-3.0,59.95242094993591,37,100
steel-faults,random,5,0.7487190125505653,0.7583547557840618,4.0483769163395085,-2.347042611876393,63.978944063186646,3,100
steel-faults,bo_tpe,5,0.7590374442485219,0.7557840616966581,0.1892750175018145,-3.008988855477579,45.65017247200012,41,100
steel-faults,pso,5,0.7616139404626077,0.7634961439588689,0.1375630224993125,-3.19255145597972,46.79939579963684,24,100
steel-faults,de,5,0.7519593403173944,0.7506426735218509,3.3733459795650145,-5.763211115279422,73.49911594390869,9,100
steel-faults,ga,5,0.7538782283995437,0.7455012853470437,2.395944541827283,-3.376251496007216,52.06492710113525,9,100
steel-faults,grid,6,0.7564381288248108,0.7712082262210797,3.888888888888889,-7.0,62.363510608673096,36,100
steel-faults,random,6,0.7577263769318535,0.7866323907455013,5.596347243856432,-7.461466285980222,57.134827852249146,4,100
steel-faults,bo_tpe,6,0.7596639352764236,0.7866323907455013,4.987039041956443,-6.730331860524711,38.01739001274109,4,100
steel-faults,pso,6,0.757728451405456,0.7840616966580977,4.174772648694334,-6.820511189389908,42.032065868377686,36,100
steel-faults,de,6,0.7603090965667463,0.781491002570694,5.773685148488191,-7.215093390209446,47.89387774467468,30,100
steel-faults,ga,6,0.7596680842236282,0.7969151670951157,3.219737905616124,-5.571053235262827,42.84875774383545,21,100
steel-faults,grid,7,0.7706047090550773,0.7377892030848329,1.666666666666667,-5.0,57.608104944229126,36,100
steel-faults,random,7,0.7596577118556167,0.7275064267352185,8.147989255595165,-8.333680506215366,54.91971611976624,17,100
steel-faults,bo_tpe,7,0.767383051550669,0.7249357326478149,1.2080159693473025,-4.927021301840092,43.65045928955078,21,100
steel-faults,pso,7,0.7673851260242713,0.7275064267352185,3.952804460111617,-6.640327106623969,38.57831239700317,24,100
steel-faults,de,7,0.7596535629084119,0.712082262210797,5.090965179159067,-7.728274505459736,61.19398808479309,58,100
steel-faults,ga,7,0.7635286795975521,0.7300771208226221,5.624278034360538,-7.075527663193647,45.52721667289734,48,100
steel-faults,grid,8,0.7699719946063687,0.7583547557840618,1.666666666666667,-3.0,59.684725284576416,37,100
steel-faults,random,8,0.7609584068042735,0.7506426735218509,-0.2773125949550081,-3.176640704299663,54.40206480026245,5,100
steel-faults,bo_tpe,8,0.7706150814230889,0.7583547557840618,2.0847429838764358,-3.11564557132995,46.828540086746216,17,100
steel-faults,pso,8,0.7712540192926045,0.7583547557840618,3.235385521937816,-5.356820846074303,49.60028100013733,47,100
steel-faults,de,8,0.7706171558966911,0.7455012853470437,2.427742568847924,-2.608298938068379,44.46616363525391,21,100
steel-faults,ga,8,0.769967845659164,0.7532133676092545,3.131894285224634,-3.231974455322734,43.35293459892273,60,100
steel-faults,grid,9,0.7538927497147598,0.781491002570694,1.666666666666667,-3.0,59.0092842578888,36,100
steel-faults,random,9,0.7519676382118038,0.794344473007712,6.594215631878926,-6.654581115564559,51.61915063858032,11,100
steel-faults,bo_tpe,9,0.7635618711751893,0.7712082262210797,2.291053143597231,-4.539480595760052,40.43481111526489,17,100
steel-faults,pso,9,0.7635577222279847,0.7712082262210797,3.19478210854861,-5.347214584768196,39.05286645889282,40,100
steel-faults,de,9,0.755189295716212,0.7840616966580977,9.16413828206345,-8.760923779012048,56.12382936477661,9,100
steel-faults,ga,9,0.7609853749611035,0.7866323907455013,1.1556742731347165,-3.4075879870744386,56.618916511535645,9,100
steel-faults,grid,10,0.7609542578570687,0.7917737789203085,1.666666666666667,-3.0,58.70211911201477,36,100
steel-faults,random,10,0.7590291463541128,0.7866323907455013,1.298537436853766,-3.5431594247841964,53.79157185554504,37,100
steel-faults,bo_tpe,10,0.7641821387822839,0.781491002570694,2.6092684258089007,-3.857779203417677,44.61645603179932,35,100
steel-faults,pso,10,0.7641842132558863,0.7866323907455013,0.8027687681085104,-3.7022574458085753,43.48632073402405,5,100
steel-faults,de,10,0.7648210766517997,0.7789203084832905,2.7259807732502126,-4.143904653699645,45.05661249160767,14,100
steel-faults,ga,10,0.7654662379421222,0.7840616966580977,2.4428251654133977,-3.897040838464664,44.72836184501648,14,100
steel-faults,grid,11,0.7713038066590603,0.7583547557840618,1.666666666666667,-3.0,57.819843769073486,36,100
steel-faults,random,11,0.772592054766103,0.7480719794344473,0.9990401886110868,-2.379043049216696,58.73860359191895,30,100
steel-faults,bo_tpe,11,0.7758137122705113,0.7429305912596401,1.223947312475185,-3.497543674629452,42.36808943748474,15,100
steel-faults,pso,11,0.7796805310652422,0.7455012853470437,1.5307192402379686,-3.79515348711436,40.95022439956665,6,100
steel-faults,de,11,0.7745192407426614,0.7223650385604113,2.595824099092817,-4.315163662010035,44.005311489105225,13,100
steel-faults,ga,11,0.7803215434083601,0.7429305912596401,2.065497101208962,-3.938481873745011,43.15873408317566,13,100
steel-faults,grid,12,0.7609189918058293,0.7686375321336761,3.888888888888889,-5.0,77.5097861289978,37,100
steel-faults,random,12,0.7628627735712062,0.7737789203084833,2.7043396048614827,-4.276645902835686,58.53485107421875,13,100
steel-faults,bo_tpe,12,0.7686650762369048,0.7866323907455013,0.9833983036514956,-3.1749317813604687,16853.248582839966,14,100
steel-faults,pso,12,0.7673809770770668,0.781491002570694,1.1259470328922447,-3.051384787473004,62.0928955078125,21,100
steel-faults,de,12,0.7628710714656156,0.7892030848329049,0.6315298978557697,-3.0905795221478947,52.20395493507385,43,100
steel-faults,ga,12,0.7570770666943263,0.8020565552699229,0.3501038120942232,-3.4197555901520227,46.83266019821167,44,100
steel-faults,grid,13,0.7564194585623898,0.7763496143958869,1.666666666666667,-5.0,65.60579133033752,36,100
steel-faults,random,13,0.7577077066694327,0.7763496143958869,1.077085456620761,-3.95421838983237,70.28811836242676,59,100
steel-faults,bo_tpe,13,0.7622196867544859,0.7763496143958869,0.2954282396120028,-3.746095939404863,44.37760829925537,29,100
steel-faults,pso,13,0.7602821284099159,0.7892030848329049,3.0303063878134413,-5.244846177262446,41.80116248130798,3,100
steel-faults,de,13,0.7493247588424439,0.7737789203084833,9.784594243894864,-9.227372821389263,58.80033040046692,2,100
steel-faults,ga,13,0.7506109324758843,0.7789203084832905,10.061975027053608,-9.238851184777465,55.002400159835815,19,100
steel-faults,grid,14,0.7654641634685199,0.7789203084832905,1.666666666666667,-3.0,58.59302234649658,36,100
steel-faults,random,14,0.7551726999273934,0.7737789203084833,4.902958156545605,-6.466704260845317,52.80537509918213,21,100
steel-faults,bo_tpe,14,0.7731978010579815,0.7763496143958869,0.5588917813402681,-3.807254738130596,44.70367813110352,35,100
steel-faults,pso,14,0.7719116274245411,0.7737789203084833,1.2046973082039747,-3.41466171396334,42.75039315223694,41,100
steel-faults,de,14,0.7686899699201327,0.781491002570694,0.9428594634052844,-3.321342890065683,56.13579034805298,76,100
steel-faults,ga,14,0.7648314490198113,0.7892030848329049,0.4298980673794288,-2.70218372687283,45.13809561729431,32,100
steel-faults,grid,15,0.7603360647235764,0.7712082262210797,1.666666666666667,-5.0,57.968090772628784,36,100
steel-faults,random,15,0.7564692459288456,0.7660668380462725,0.905931433976372,-4.756109322433639,56.93159079551697,17,100
steel-faults,bo_tpe,15,0.7622715485945442,0.7840616966580977,0.7262921426941007,-3.1079456088992883,43.35590314865112,23,100
steel-faults,pso,15,0.7629104864640597,0.7737789203084833,1.47830665191195,-4.67917425261202,41.00554823875427,8,100
steel-faults,de,15,0.7616201638834146,0.7763496143958869,0.8921969071425178,-3.5959601357776023,49.716710805892944,4,100
steel-faults,ga,15,0.7635514988071777,0.7789203084832905,0.9658662483668752,-3.369302410881277,45.56601333618164,16,100
steel-faults,grid,16,0.7571123327455658,0.7506426735218509,1.666666666666667,-5.0,58.38422727584839,36,100
steel-faults,random,16,0.7570998859039519,0.7866323907455013,2.7755824782873706,-4.691322775171372,52.26191806793213,12,100
steel-faults,bo_tpe,16,0.7596867544860492,0.7403598971722365,1.9146758846126652,-5.468887378187547,44.26929473876953,23,100
steel-faults,pso,16,0.7590457421429312,0.7455012853470437,2.465102991523659,-5.80744661036373,35.92638158798218,25,100
steel-faults,de,16,0.7545296131106731,0.7506426735218509,2.8982129455133965,-5.714163994523686,54.4077742099762,1,100
steel-faults,ga,16,0.7538865262939529,0.7506426735218509,4.320588236339338,-6.755235348980897,52.23736143112183,1,100
steel-faults,grid,17,0.7628752204128203,0.8071979434447301,1.666666666666667,-3.0,57.53606605529785,37,100
steel-faults,random,17,0.7551498807177679,0.7737789203084833,3.004480205785992,-4.767264841995647,48.98986029624939,11,100
steel-faults,bo_tpe,17,0.7635183072295405,0.7969151670951157,1.1432511223765571,-2.8883327050609524,47.39899563789368,36,100
steel-faults,pso,17,0.7622300591224977,0.8046272493573264,0.8468027449274711,-2.643852592963722,40.212522745132446,33,100
steel-faults,de,17,0.7615828233585729,0.7789203084832905,1.1193359893496029,-3.271653431988076,41.52401256561279,12,100
steel-faults,ga,17,0.7577243024582512,0.7737789203084833,3.575929598677695,-4.307196587450652,34.66434288024902,12,100
steel-faults,grid,18,0.7712726895550255,0.7583547557840618,1.666666666666667,-3.0,58.6261887550354,37,100
steel-faults,random,18,0.7757722227984648,0.7455012853470437,0.8899708800395238,-3.421750143049758,57.65376257896423,64,100
steel-faults,bo_tpe,18,0.7757763717456696,0.7455012853470437,1.0902560708809474,-3.680389774583957,45.92195510864258,17,100
steel-faults,pso,18,0.7783528679597552,0.7455012853470437,1.1853479686718162,-3.5067160687718566,44.67066407203674,58,100
steel-faults,de,18,0.776421533035992,0.7429305912596401,1.5976674478945192,-3.737048579366027,46.73683762550354,18,100
steel-faults,ga,18,0.776421533035992,0.7429305912596401,1.5976674478945192,-3.737048579366027,42.9075345993042,18,100
steel-faults,grid,19,0.7628938906752412,0.7583547557840618,1.666666666666667,-3.0,57.07446503639221,27,100
steel-faults,random,19,0.7641842132558864,0.7557840616966581,1.6619139896727724,-2.8386282701295045,51.92922043800354,15,100
steel-faults,bo_tpe,19,0.7680427341562078,0.7557840616966581,0.7064691865147585,-3.604439086254567,45.10465240478516,44,100
steel-faults,pso,19,0.7673954983922829,0.7403598971722365,3.4970048647911924,-6.093215650809011,37.39281439781189,49,100
steel-faults,de,19,0.7686837464993258,0.7557840616966581,1.863134046863697,-2.779890965087468,46.72596979141235,55,100
steel-faults,ga,19,0.7673975728658852,0.7403598971722365,3.06670115676813,-5.836224829555202,45.92192983627319,33,100
steel-faults,grid,20,0.7513100300798673,0.781491002570694,1.666666666666667,-3.0,56.74178075790405,36,100
steel-faults,random,20,0.7564526501400269,0.7712082262210797,0.1562933092617786,-3.5432350443656717,51.77348303794861,15,100
steel-faults,bo_tpe,20,0.7635390519655638,0.7609254498714653,1.0975453087174307,-3.543612288760132,40.953449726104736,16,100
steel-faults,pso,20,0.7622466549113163,0.7660668380462725,0.4701333518880557,-3.19512028275536,43.27378821372986,57,100
steel-faults,de,20,0.7551581786121772,0.7737789203084833,0.4149127002677899,-3.966550692283532,44.49821329116821,17,100
steel-faults,ga,20,0.7603153199875531,0.7609254498714653,1.3141460641434122,-3.616191501948001,44.023582458496094,17,100
steel-faults,grid,21,0.7706420495799191,0.7377892030848329,1.666666666666667,-3.0,61.90074753761292,36,100
steel-faults,random,21,0.7751519551913701,0.7377892030848329,1.0454378792923364,-3.0496146967554,51.01594305038452,4,100
steel-faults,bo_tpe,21,0.776440203298413,0.7249357326478149,1.2095703295460418,-3.369626180868061,43.05283713340759,4,100
steel-faults,pso,21,0.7725671610828752,0.7352185089974294,1.0405301530091982,-3.664838337127251,43.86181139945984,25,100
steel-faults,de,21,0.7693558759464786,0.7352185089974294,2.0801255089018174,-4.247833594647233,44.68192648887634,38,100
steel-faults,ga,21,0.7738657815579296,0.7352185089974294,1.5465142236370393,-3.207890981446794,45.86132907867432,51,100
steel-faults,grid,22,0.7596431905404003,0.7789203084832905,1.666666666666667,-3.0,57.75101017951965,37,100
steel-faults,random,22,0.7590084016180894,0.7917737789203085,3.699740939019483,-5.735966924205552,50.0869722366333,12,100
steel-faults,bo_tpe,22,0.7647899595477646,0.781491002570694,1.9681203684910769,-2.8314128510036176,48.80549073219299,54,100
steel-faults,pso,22,0.7641530961518515,0.7763496143958869,1.7735071414497785,-2.916007965563128,46.14048790931702,25,100
steel-faults,de,22,0.7647961829685718,0.7763496143958869,1.775347986398112,-2.871922328126225,43.72835826873779,34,100
steel-faults,ga,22,0.7557888185872834,0.7866323907455013,8.461083781549721,-8.815721069270461,41.204262018203735,16,100
steel-faults,grid,23,0.7480883725754589,0.781491002570694,1.666666666666667,-5.0,57.9700493812561,36,100
steel-faults,random,23,0.7493683227880925,0.7917737789203085,2.4306755425993165,-3.9959937684246416,54.66243767738342,54,100
steel-faults,bo_tpe,23,0.7545316875842756,0.781491002570694,2.3679608296294123,-4.214465954275351,45.47137975692749,48,100
steel-faults,pso,23,0.7545233896898662,0.7969151670951157,1.205983658077156,-3.9233502622477614,40.505701303482056,36,100
steel-faults,de,23,0.7493620993672856,0.7994858611825193,1.3855266637103831,-3.388059808054038,48.84829020500183,9,100
steel-faults,ga,23,0.7487127891297584,0.7583547557840618,6.299194373469732,-3.4271655785354893,47.388092041015625,9,100
steel-faults,grid,24,0.7680323617881962,0.7480719794344473,1.666666666666667,-3.0,57.43110513687134,36,100
steel-faults,random,24,0.7673809770770668,0.7557840616966581,3.044368291615422,-3.761248881122061,61.8809986114502,12,100
steel-faults,bo_tpe,24,0.7731791307955607,0.7506426735218509,2.8848744152214563,-2.622139931164851,50.049530267715454,12,100
steel-faults,pso,24,0.7718888082149155,0.7455012853470437,3.2603298970107173,-2.6682558490472106,49.81153702735901,32,100
steel-faults,de,24,0.7731915776371745,0.7506426735218509,2.448942027081351,-3.372003965696793,42.72977232933045,30,100
steel-faults,ga,24,0.7686733741313142,0.7583547557840618,2.2933151277874986,-2.4454080736932093,39.58517265319824,36,100
steel-faults,grid,25,0.7628835183072296,0.7429305912596401,1.666666666666667,-3.0,57.37036204338074,36,100
steel-faults,random,25,0.7628918162016387,0.7352185089974294,3.741026866150637,-3.8929144188176,50.265037059783936,7,100
steel-faults,bo_tpe,25,0.7686858209729281,0.7275064267352185,2.7750078160110214,-3.601596868715543,44.85577869415283,9,100
steel-faults,pso,25,0.7699636967119593,0.7429305912596401,2.913843792784019,-4.914222155641969,40.79259085655213,21,100
steel-faults,de,25,0.7693289077896484,0.7455012853470437,2.137862174210995,-3.213462145946357,49.672428369522095,35,100
steel-faults,ga,25,0.7673996473394876,0.7146529562982005,3.497817707932339,-3.209050355239148,41.77050018310547,50,100
steel-faults,grid,26,0.7686733741313143,0.7634961439588689,1.666666666666667,-5.0,56.75769543647766,36,100
steel-faults,random,26,0.7609438854890571,0.7352185089974294,1.7363447710673992,-5.850457087696146,52.86319303512573,1,100
steel-faults,bo_tpe,26,0.7706109324758842,0.7660668380462725,2.1515720031616112,-4.697221466290305,37.20864534378052,37,100
steel-faults,pso,26,0.7712436469245929,0.7532133676092545,0.108799845203019,-4.023700522919653,41.0311496257782,17,100
steel-faults,de,26,0.7699574732911525,0.7609254498714653,0.8628472037785899,-4.1493928134272124,39.58486223220825,62,100
steel-faults,ga,26,0.7602966497251322,0.7480719794344473,6.0528793915608485,-6.404702946077092,44.333829402923584,42,100
steel-faults,grid,27,0.7770583964319054,0.7455012853470437,1.666666666666667,-3.0,57.10290718078613,37,100
steel-faults,random,27,0.7719054040037341,0.7429305912596401,0.7630578909624308,-2.6876427761242567,57.165053844451904,19,100
steel-faults,bo_tpe,27,0.7776952598278186,0.7557840616966581,2.716752688648864,-3.943721117546153,48.19660234451294,67,100
steel-faults,pso,27,0.780275904989109,0.7506426735218509,1.9147099393253897,-3.4836731040895224,42.484675884246826,32,100
steel-faults,de,27,0.7667378902603464,0.7352185089974294,8.954724329535706,-9.351343099996232,55.079681396484375,1,100
steel-faults,ga,27,0.7712436469245929,0.7583547557840618,1.6854543897076346,-4.285861843775703,45.22423839569092,1,100
steel-faults,grid,28,0.7551851467690074,0.7737789203084833,1.666666666666667,-3.0,58.14026713371277,36,100
steel-faults,random,28,0.759037444248522,0.7763496143958869,2.300291634194231,-5.446121884493671,52.14845418930054,10,100
steel-faults,bo_tpe,28,0.7609874494347059,0.7686375321336761,0.8811837046461815,-3.254628357804297,42.3789267539978,10,100
steel-faults,pso,28,0.7577491961414792,0.7634961439588689,3.082400412358973,-5.861328609600605,38.96303486824036,16,100
steel-faults,de,28,0.7461653355461052,0.7609254498714653,13.018451300650144,-10.467841216755703,70.00207114219666,21,100
steel-faults,ga,28,0.7603402136707811,0.7686375321336761,0.6578800355105763,-2.890559956430022,50.63199663162232,84,100
steel-faults,grid,29,0.7660968779172285,0.7866323907455013,1.666666666666667,-3.0,57.70509886741638,37,100
steel-faults,random,29,0.7686671507105072,0.781491002570694,0.7134385509266377,-2.67965255741788,51.1060802936554,9,100
steel-faults,bo_tpe,29,0.7770521730110984,0.781491002570694,1.1461650446882223,-2.7327548144216287,50.02883815765381,48,100
steel-faults,pso,29,0.7660906544964216,0.7686375321336761,1.2997461719289056,-3.56507112299705,49.49161100387573,47,100
steel-faults,de,29,0.7770500985374962,0.781491002570694,1.1831155851354898,-2.681735460871735,45.915082693099976,24,100
steel-faults,ga,29,0.7660906544964216,0.7737789203084833,3.22329887660532,-4.7563742352805045,44.68588972091675,16,100
steel-faults,sa,0,0.7519344466341666,0.8071979434447301,1.9723725991708276,-2.7662839955393665,59.04502534866333,10,100
steel-faults,sa,1,0.7699782180271756,0.7275064267352185,2.284096589524569,-3.9655026379222615,60.54241180419922,2,100
steel-faults,sa,2,0.7635390519655638,0.7583547557840618,0.6756513234780717,-3.729781408325554,48.189244508743286,28,100
steel-faults,sa,3,0.7770832901151333,0.7609254498714653,1.803349274331314,-3.5781567188645886,43.25137639045715,15,100
steel-faults,sa,4,0.7654600145213153,0.7532133676092545,7.730217414924601,-7.704959090616119,84.87192702293396,20,100
steel-faults,sa,5,0.7506524219479307,0.7532133676092545,4.293939630529403,-2.277855798109785,55.15197420120239,12,100
steel-faults,sa,6,0.7596577118556167,0.7866323907455013,5.387491259661634,-7.450626158348854,46.00559854507446,3,100
steel-faults,sa,7,0.7731832797427652,0.7429305912596401,1.5096691330420065,-4.721246883382812,38.90383958816528,16,100
steel-faults,sa,8,0.7725505652940565,0.7532133676092545,1.8253481418161313,-2.8738590892829246,54.00158500671387,54,100
steel-faults,sa,9,0.7571081837983611,0.7866323907455013,0.5107781221529435,-2.5579575288979797,82.43184876441956,8,100
steel-faults,sa,10,0.7551519551913702,0.7634961439588689,14.36655625208835,-11.479602772582265,93.35289025306702,19,100
steel-faults,sa,11,0.7777471216678769,0.7377892030848329,2.073621862014524,-4.177286202130093,39.58739972114563,19,100
steel-faults,sa,12,0.7512664661342184,0.7840616966580977,8.366909711367727,-7.82768736280809,75.30869936943054,4,100
steel-faults,sa,13,0.7551270615081422,0.794344473007712,4.549857719187613,-6.265705645146187,55.23555135726929,12,100
steel-faults,sa,14,0.7712706150814231,0.7892030848329049,0.4632706839710996,-3.384558832338631,40.46121335029602,27,100
steel-faults,sa,15,0.7551809978218027,0.7506426735218509,11.8134300295886,-10.654099220823383,54.320534467697144,24,100
steel-faults,sa,16,0.7551726999273936,0.7737789203084833,3.619480749651305,-4.3340648443521,52.16705942153931,24,100
steel-faults,sa,17,0.7609397365418524,0.7660668380462725,1.2611765606635306,-4.024916756699403,46.699118852615356,2,100
steel-faults,sa,18,0.7648376724406182,0.7480719794344473,9.385466435247647,-8.73821441694042,82.62760066986084,22,100
steel-faults,sa,19,0.7680406596826055,0.7506426735218509,1.9997006489170157,-2.7849137020126142,41.37016177177429,24,100
steel-faults,sa,20,0.7609646302250804,0.7609254498714653,0.864150579190184,-2.9711321088802976,53.46290731430054,15,100
steel-faults,sa,21,0.7648314490198113,0.7455012853470437,4.0354972311194,-6.583187915028183,49.22012186050415,18,100
steel-faults,sa,22,0.7622155378072815,0.7892030848329049,1.9844495880034994,-3.4703770887191325,48.700051069259644,15,100
steel-faults,sa,23,0.7519531168965875,0.7866323907455013,2.0931238083962884,-4.080112263111598,64.88895463943481,8,100
steel-faults,sa,24,0.7596556373820145,0.7429305912596401,5.663350628280321,-7.41226827871402,87.11200046539307,1,100
steel-faults,sa,25,0.7680406596826056,0.7275064267352185,2.2061953493503905,-2.9794417641161925,53.214905738830566,81,100
steel-faults,sa,26,0.772533969505238,0.7583547557840618,0.44931113091921293,-4.001403619482543,42.728041887283325,3,100
steel-faults,sa,27,0.778344570065346,0.7557840616966581,1.7505589253196878,-3.350597145855007,48.47155261039734,46,100
steel-faults,sa,28,0.7603526605123949,0.7737789203084833,1.2159784436217214,-3.308290953095328,40.089112520217896,16,100
steel-faults,sa,29,0.754502644953843,0.7840616966580977,9.01074833083295,-8.508444334220945,68.55147457122803,4,100
ozone-8hr,grid,0,0.9422745241136046,0.95069033530572,1.666666666666667,-5.0,59.49976468086243,1,100
ozone-8hr,random,0,0.9422793894058262,0.9388560157790928,8.062166509307968,-10.440751154283925,55.49913454055786,1,100
ozone-8hr,bo_tpe,0,0.9432670437268138,0.940828402366864,7.36384773900465,-10.023570295589051,42.322092056274414,1,100
ozone-8hr,pso,0,0.9442522654016908,0.9447731755424064,7.39953867080725,-9.795568089478548,41.634087324142456,1,100
ozone-8hr,de,0,0.9437584382411968,0.9447731755424064,7.307702229625077,-9.731972917354176,44.63102984428406,1,100
ozone-8hr,ga,0,0.9442510490786352,0.9428007889546351,7.323354079179811,-9.83277062784991,46.19353866577149,1,100
ozone-8hr,grid,1,0.9467214012041598,0.9487179487179488,1.666666666666667,-5.0,58.87451982498169,35,100
ozone-8hr,random,1,0.9467189685580488,0.9368836291913216,3.34609604734254,-4.943583087976471,57.83935904502869,1,100
ozone-8hr,bo_tpe,1,0.949188104360518,0.940828402366864,2.4959175676477203,-4.472377369856946,49.594748735427856,5,100
ozone-8hr,pso,1,0.9496807151979564,0.940828402366864,2.849733540852492,-4.416842675461917,51.97493171691895,6,100
ozone-8hr,de,1,0.9486942772000244,0.9428007889546351,2.4375103016030213,-4.701397417217891,62.346434116363525,6,100
ozone-8hr,ga,1,0.9467238338502708,0.9526627218934912,1.0220568082914023,-5.239288861266438,46.387526750564575,3,100
ozone-8hr,grid,2,0.9467214012041598,0.9428007889546351,1.666666666666667,-5.0,58.10193967819214,26,100
ozone-8hr,random,2,0.9472164446877092,0.9428007889546351,1.637474250797517,-6.3337530777714015,48.30501961708069,2,100
ozone-8hr,bo_tpe,2,0.9467262664963814,0.930966469428008,12.257482550383832,-12.868929372655954,42.32451391220093,2,100
ozone-8hr,pso,2,0.9457446937906708,0.9270216962524654,13.455332286064513,-11.979397025433656,48.37490725517273,1,100
ozone-8hr,de,2,0.9472152283646535,0.9447731755424064,1.919213311434662,-6.020966368397001,52.2751030921936,2,100
ozone-8hr,ga,2,0.9482004500395306,0.9447731755424064,1.602220417177209,-5.8008124757476125,62.64637470245361,2,100
ozone-8hr,grid,3,0.9472091467493768,0.9428007889546351,6.111111111111111,-9.0,71.07318377494812,26,100
ozone-8hr,random,3,0.9477041902329258,0.9428007889546351,4.67171064703173,-8.480828177019,52.48658466339111,1,100
ozone-8hr,bo_tpe,3,0.9477054065559812,0.9428007889546351,9.769937902937558,-11.38322631268074,38.258121728897095,1,100
ozone-8hr,pso,3,0.948690628230858,0.9428007889546351,8.889721539436275,-10.936264903105082,44.67195892333984,11,100
ozone-8hr,de,3,0.9477041902329258,0.940828402366864,9.44329616284235,-11.063122357761518,51.7518801689148,2,100
ozone-8hr,ga,3,0.949184455391352,0.9329388560157792,2.54461389715735,-5.061918523151878,45.98057913780213,2,100
ozone-8hr,grid,4,0.9452411360457336,0.9487179487179488,6.111111111111111,-9.0,58.19890475273132,1,100
ozone-8hr,random,4,0.9452411360457338,0.9526627218934912,4.4524261833154615,-7.929938853201661,58.9346649646759,1,100
ozone-8hr,bo_tpe,4,0.9462287903667214,0.9487179487179488,6.067171495288222,-8.56153243090705,38.97600984573364,1,100
ozone-8hr,pso,4,0.9462251413975552,0.9487179487179488,4.8179920507957865,-8.759066339781715,47.9155170917511,2,100
ozone-8hr,de,4,0.9432694763729248,0.9487179487179488,7.147116639900592,-9.267800135203968,48.75570940971375,1,100
ozone-8hr,ga,4,0.9442571306939124,0.9428007889546351,9.429810687383236,-10.27998418331402,51.68707036972046,1,100
ozone-8hr,grid,5,0.9462239250744996,0.930966469428008,6.111111111111111,-9.0,58.68811106681824,1,100
ozone-8hr,random,5,0.9452411360457336,0.9329388560157792,7.092066284665668,-9.43384611347741,56.16435122489929,1,100
ozone-8hr,bo_tpe,5,0.9462214924283888,0.9388560157790928,1.870604483857493,-6.147007477527014,49.30852794647217,1,100
ozone-8hr,pso,5,0.9467189685580488,0.9329388560157792,5.822535509045755,-8.741530179315657,43.12439155578613,2,100
ozone-8hr,de,5,0.9472115793954874,0.930966469428008,4.826622420609856,-8.099360145860672,52.54168224334717,2,100
ozone-8hr,ga,5,0.9472115793954874,0.9349112426035504,4.919384684298504,-8.262380080784931,41.36872816085816,2,100
ozone-8hr,grid,6,0.9452411360457336,0.9447731755424064,1.666666666666667,-5.0,58.77609586715698,1,100
ozone-8hr,random,6,0.9437572219181414,0.9447731755424064,1.7081569854665846,-3.794650220470377,61.038946866989136,2,100
ozone-8hr,bo_tpe,6,0.9467226175272152,0.9428007889546351,0.8721992137028162,-4.654137337669959,46.99047899246216,5,100
ozone-8hr,pso,6,0.9457373958523384,0.95069033530572,2.217268841269891,-6.345561612103949,52.87923336029053,1,100
ozone-8hr,de,6,0.9442559143708568,0.95069033530572,3.587614366306465,-7.636147692900359,51.38483738899231,1,100
ozone-8hr,ga,6,0.9462300066897767,0.9467455621301776,1.5742258421367032,-5.246051698043977,42.86143064498901,1,100
ozone-8hr,grid,7,0.9462239250744998,0.9388560157790928,3.888888888888889,-7.0,58.29153633117676,1,100
ozone-8hr,random,7,0.947210363072432,0.9447731755424064,2.44769378770118,-6.40677921267141,53.33393979072571,2,100
ozone-8hr,bo_tpe,7,0.9477041902329258,0.9428007889546351,3.644816136853642,-8.170628366820123,39.51306700706482,2,100
ozone-8hr,pso,7,0.9472127957185428,0.9447731755424064,3.7867169979132944,-8.07641587691344,40.32959699630737,1,100
ozone-8hr,de,7,0.9462251413975552,0.940828402366864,10.781265964532306,-12.22664110394079,45.4480938911438,1,100
ozone-8hr,ga,7,0.9472115793954876,0.940828402366864,10.410765516471937,-11.845512730555512,45.48214101791382,2,100
ozone-8hr,grid,8,0.9452435686918446,0.95069033530572,1.666666666666667,-5.0,58.72117471694946,1,100
ozone-8hr,random,8,0.9462348719819984,0.940828402366864,4.439062410718581,-8.536039533720956,3439.778258562088,1,100
ozone-8hr,bo_tpe,8,0.9496867968132336,0.9388560157790928,2.7292797269742857,-7.056852898109602,86.70672845840454,4,100
ozone-8hr,pso,8,0.9506732348111658,0.9388560157790928,1.7995270827627383,-6.256986371610856,71.93810939788818,1,100
ozone-8hr,de,8,0.9462324393358876,0.940828402366864,3.757637462455977,-8.290519744391645,47.67026662826538,1,100
ozone-8hr,ga,8,0.9467299154655476,0.940828402366864,4.243065526844051,-8.452959141986781,49.925029039382935,4,100
ozone-8hr,grid,9,0.9452472176610108,0.9585798816568049,1.666666666666667,-5.0,77.45772361755371,1,100
ozone-8hr,random,9,0.9427683512740984,0.9428007889546351,9.291903180823546,-12.4266745666455,70.61731505393982,1,100
ozone-8hr,bo_tpe,9,0.9457325305601167,0.9566074950690336,1.0574844302979551,-5.235911258288488,48.95366621017456,1,100
ozone-8hr,pso,9,0.9452447850149,0.9546351084812624,1.737586356429949,-4.567932938202407,50.649794816970825,1,100
ozone-8hr,de,9,0.9442583470169676,0.9566074950690336,2.4026309028001496,-5.851709702029909,75.34069776535034,2,100
ozone-8hr,ga,9,0.9452460013379552,0.9546351084812624,1.3232072420485936,-4.504080020468291,67.86100745201111,2,100
ozone-8hr,grid,10,0.9447485252082952,0.9349112426035504,10.555555555555555,-13.0,64.84460592269897,1,100
ozone-8hr,random,10,0.9467238338502708,0.9487179487179488,1.365456109579024,-5.643654254243158,56.406009912490845,2,100
ozone-8hr,bo_tpe,10,0.943764519856474,0.9428007889546351,9.034487375516576,-3.5822620041138755,68.28767275810242,1,100
ozone-8hr,pso,10,0.9462312230128322,0.9368836291913216,5.60833856568757,-9.56557114489376,55.40506172180176,1,100
ozone-8hr,de,10,0.9457361795292828,0.9428007889546351,1.8527595368313372,-6.290764902975956,57.80299234390259,2,100
ozone-8hr,ga,10,0.9462300066897767,0.9428007889546351,2.6564933314081447,-6.845905791969039,70.90579748153687,2,100
ozone-8hr,grid,11,0.9437620872103633,0.9566074950690336,1.666666666666667,-5.0,62.24549508094788,1,100
ozone-8hr,random,11,0.9422830383749924,0.9487179487179488,8.46980287440391,-10.528445719623376,65.30069041252136,1,100
ozone-8hr,bo_tpe,11,0.9452411360457338,0.9526627218934912,2.1546122616209096,-5.44741067126,48.19669246673584,1,100
ozone-8hr,pso,11,0.9442571306939124,0.9467455621301776,9.533077359495744,-11.0765801440783,56.88386797904968,1,100
ozone-8hr,de,11,0.9447485252082954,0.95069033530572,2.37986247459582,-5.794979607541272,59.94583463668823,1,100
ozone-8hr,ga,11,0.9452423523687892,0.95069033530572,2.353684120558057,-5.794979607541272,52.09723567962647,1,100
ozone-8hr,grid,12,0.9452423523687892,0.9349112426035504,6.111111111111111,-9.0,63.16907000541687,1,100
ozone-8hr,random,12,0.9457349632062276,0.9368836291913216,3.385005405182124,-7.367055962082023,65.06217622756958,1,100
ozone-8hr,bo_tpe,12,0.9457361795292828,0.930966469428008,5.713475166309538,-8.239252191473447,47.37449073791504,1,100
ozone-8hr,pso,12,0.9472127957185428,0.9388560157790928,2.352727627688629,-6.57756390470654,49.310967683792114,2,100
ozone-8hr,de,12,0.946227574043666,0.9368836291913216,2.912965031660802,-6.834909806641024,62.896209478378296,1,100
ozone-8hr,ga,12,0.9457325305601167,0.9388560157790928,2.84365354216477,-7.071245925959545,55.10729694366455,1,100
ozone-8hr,grid,13,0.9457386121753938,0.9349112426035504,1.666666666666667,-5.0,73.78081917762756,1,100
ozone-8hr,random,13,0.9462312230128322,0.940828402366864,2.401537552985856,-5.918479566452332,65.40747499465942,2,100
ozone-8hr,bo_tpe,13,0.94721887733382,0.9388560157790928,1.7434614879893018,-5.321279668833922,61.94204783439636,5,100
ozone-8hr,pso,13,0.9467238338502708,0.9329388560157792,2.205059856196033,-5.328927466169155,62.78001570701599,2,100
ozone-8hr,de,13,0.9447485252082954,0.9230769230769232,14.949261127984707,-4.41949731981723,75.75111150741577,1,100
ozone-8hr,ga,13,0.946725050173326,0.9388560157790928,1.6114652736832014,-5.096290896590032,60.97275614738464,10,100
ozone-8hr,grid,14,0.9427683512740984,0.9526627218934912,1.666666666666667,-5.0,78.02608823776245,1,100
ozone-8hr,random,14,0.9408003405704556,0.9349112426035504,1.0018396078756764,-6.451696212891566,62.536937952041626,1,100
ozone-8hr,bo_tpe,14,0.9437535729489752,0.9467455621301776,1.3313589908144254,-4.606987647831638,159.35598731040955,1,100
ozone-8hr,pso,14,0.9422793894058262,0.9447731755424064,0.6106453332311135,-5.1181647322036286,139.357604265213,2,100
ozone-8hr,de,14,0.9407966916012892,0.9428007889546351,0.6184361659338977,-4.204342475654955,68.92921710014343,2,100
ozone-8hr,ga,14,0.9417867785683878,0.9428007889546351,0.1259664008658423,-4.748150397014631,98.72936844825745,2,100
ozone-8hr,grid,15,0.945238703399623,0.9467455621301776,1.666666666666667,-5.0,61.54937696456909,1,100
ozone-8hr,random,15,0.9447460925621846,0.9447731755424064,0.9799731300049092,-5.320586050460952,53.14442420005798,1,100
ozone-8hr,bo_tpe,15,0.9452460013379552,0.9388560157790928,3.046461272424751,-6.389833585377052,47.29227304458618,1,100
ozone-8hr,pso,15,0.9447521741774616,0.940828402366864,3.189636272806503,-6.693321211717592,47.88527941703797,1,100
ozone-8hr,de,15,0.9457313142370614,0.9487179487179488,1.4346179002865649,-4.773546079981988,59.4810574054718,1,100
ozone-8hr,ga,15,0.9452411360457338,0.9447731755424064,1.7597983042769574,-5.3885665143607495,67.87402176856995,1,100
ozone-8hr,grid,16,0.948205315331752,0.9447731755424064,1.666666666666667,-5.0,69.94957113265991,35,100
ozone-8hr,random,16,0.947713920817369,0.940828402366864,3.867019240265297,-6.576069347160701,56.76329183578491,4,100
ozone-8hr,bo_tpe,16,0.950179407650672,0.940828402366864,2.2017187065510173,-5.28737547106722,44.05355191230774,4,100
ozone-8hr,pso,16,0.950179407650672,0.940828402366864,2.331438432975479,-5.260841928435203,44.43548321723938,13,100
ozone-8hr,de,16,0.9432743416651462,0.9388560157790928,6.221539894526593,-7.66742468641012,53.38716769218445,1,100
ozone-8hr,ga,16,0.9467286991424922,0.9428007889546351,5.776434810479909,-7.579364032979456,46.185898542404175,1,100
ozone-8hr,grid,17,0.9481992337164752,0.9428007889546351,3.888888888888889,-7.0,57.29393172264099,35,100
ozone-8hr,random,17,0.9481968010703644,0.940828402366864,2.8074898255316905,-7.129464140975264,58.1484797000885,1,100
ozone-8hr,bo_tpe,17,0.9491868880374628,0.9428007889546351,3.242251650575473,-6.673528550362158,38.54745507240296,1,100
ozone-8hr,pso,17,0.9501721097123396,0.940828402366864,1.7719901900910084,-5.748357644505917,50.126983642578125,8,100
ozone-8hr,de,17,0.949184455391352,0.9388560157790928,2.3953475444799617,-6.010039392351613,54.13376069068909,1,100
ozone-8hr,ga,17,0.9501721097123396,0.940828402366864,1.6832733157161934,-5.743139441239885,41.8953070640564,1,100
ozone-8hr,grid,18,0.9501757586815058,0.921104536489152,3.888888888888889,-5.0,57.139102935791016,35,100
ozone-8hr,random,18,0.950173326035395,0.9368836291913216,1.6897300786070986,-5.709003511973199,66.23857998847961,14,100
ozone-8hr,bo_tpe,18,0.9521486346773702,0.9289940828402368,2.18831296835371,-5.490455129361733,45.51554322242737,11,100
ozone-8hr,pso,18,0.9501757586815058,0.9171597633136096,14.28365360104144,-5.010639905007233,53.91927456855774,2,100
ozone-8hr,de,18,0.950670802165055,0.9250493096646942,2.7054546710793383,-5.150357628833293,51.59870314598084,3,100
ozone-8hr,ga,18,0.9506695858419996,0.9289940828402368,2.514121454457092,-6.065914508343208,48.36668038368225,3,100
ozone-8hr,grid,19,0.9452374870765676,0.9487179487179488,1.666666666666667,-5.0,58.27838516235352,1,100
ozone-8hr,random,19,0.9462202761053335,0.9487179487179488,1.2478080233349154,-4.923588901113773,54.48417067527771,1,100
ozone-8hr,bo_tpe,19,0.945238703399623,0.9388560157790928,11.481218355091066,-4.2830826236631765,53.73534154891968,1,100
ozone-8hr,pso,19,0.9447460925621846,0.9388560157790928,7.384136512258761,-4.365554498501023,52.602227210998535,1,100
ozone-8hr,de,19,0.945238703399623,0.9388560157790928,10.619311635363662,-4.263441395216886,59.36015701293945,1,100
ozone-8hr,ga,19,0.9447460925621846,0.9388560157790928,4.612030257523016,-4.314910879838796,57.152005672454834,1,100
ozone-8hr,grid,20,0.9457313142370614,0.9566074950690336,1.666666666666667,-5.0,72.43342590332031,1,100
ozone-8hr,random,20,0.9457349632062276,0.9566074950690336,1.5841281546729349,-5.808460988847269,84.93931221961975,1,100
ozone-8hr,bo_tpe,20,0.9467214012041598,0.9585798816568049,1.5480187586802785,-5.603182328187476,75.99186658859253,4,100
ozone-8hr,pso,20,0.9457373958523384,0.9526627218934912,4.160575621493189,-7.919792617640633,56.16113185882568,1,100
ozone-8hr,de,20,0.9452447850149,0.95069033530572,6.616026698739594,-9.305031204369463,46.18962073326111,1,100
ozone-8hr,ga,20,0.9437669525025848,0.9546351084812624,8.25358425673794,-10.52262244741519,55.020440101623535,1,100
ozone-8hr,grid,21,0.9467214012041598,0.9526627218934912,1.666666666666667,-5.0,63.230958223342896,35,100
ozone-8hr,random,21,0.942775649212431,0.9388560157790928,8.313872955483896,-10.605975058990078,56.22769093513489,1,100
ozone-8hr,bo_tpe,21,0.9467189685580488,0.9467455621301776,2.227418150115398,-5.377215937515524,42.72658324241638,5,100
ozone-8hr,pso,21,0.9472127957185428,0.9487179487179488,2.1775095656212478,-5.399958150555445,48.15948820114136,3,100
ozone-8hr,de,21,0.9462312230128322,0.95069033530572,2.718957739058289,-6.499761095177815,52.08655118942261,1,100
ozone-8hr,ga,21,0.94327069269598,0.9447731755424064,5.682904711832701,-8.060632039154395,44.97382020950317,1,100
ozone-8hr,grid,22,0.9432682600498692,0.9585798816568049,1.666666666666667,-5.0,62.687596559524536,1,100
ozone-8hr,random,22,0.9437572219181414,0.9566074950690336,5.16654687218314,-8.879160379855314,57.524038314819336,1,100
ozone-8hr,bo_tpe,22,0.9442510490786352,0.9526627218934912,5.962886473510249,-9.116021500281777,39.98213243484497,1,100
ozone-8hr,pso,22,0.9437596545642524,0.9546351084812624,3.598904277888172,-7.186845441442284,43.63567781448364,1,100
ozone-8hr,de,22,0.9432658274037584,0.9526627218934912,4.221711456215056,-7.5750616221488976,55.98889636993408,1,100
ozone-8hr,ga,22,0.9432646110807028,0.9526627218934912,4.869764805946304,-8.795611371996381,60.8290536403656,1,100
ozone-8hr,grid,23,0.9477066228790368,0.9467455621301776,1.666666666666667,-5.0,60.2660858631134,27,100
ozone-8hr,random,23,0.9477054065559812,0.9428007889546351,1.5757469988028028,-5.477942732771528,52.81440472602844,9,100
ozone-8hr,bo_tpe,23,0.9472140120415984,0.9368836291913216,3.413497990291548,-8.233698461577537,43.68963050842285,3,100
ozone-8hr,pso,23,0.9501708933892844,0.9388560157790928,1.0803478785277507,-5.605416524706593,50.78426885604858,9,100
ozone-8hr,de,23,0.9486918445539136,0.9428007889546351,1.4439046484169469,-5.288842650134393,50.96729755401611,1,100
ozone-8hr,ga,23,0.9427707839202092,0.9388560157790928,13.780584917920372,-14.961233818282537,66.97347021102905,1,100
ozone-8hr,grid,24,0.9427671349510428,0.9467455621301776,3.888888888888889,-7.0,61.85204005241394,1,100
ozone-8hr,random,24,0.9437547892720308,0.9428007889546351,3.336598215250042,-4.976106323064721,56.79109978675842,1,100
ozone-8hr,bo_tpe,24,0.9442449674633584,0.9467455621301776,1.7218660560061192,-5.739064536867213,45.66597771644592,1,100
ozone-8hr,pso,24,0.9437547892720304,0.9467455621301776,2.9178909720735318,-5.369109681689598,51.9503538608551,1,100
ozone-8hr,de,24,0.9432597457884814,0.9467455621301776,1.473094026431749,-5.124698071521086,58.52420902252197,1,100
ozone-8hr,ga,24,0.9427695675971538,0.9467455621301776,4.347261813507238,-7.257235436189388,44.90865993499756,1,100
ozone-8hr,grid,25,0.94327069269598,0.9526627218934912,1.666666666666667,-5.0,70.79663038253784,1,100
ozone-8hr,random,25,0.9457349632062276,0.9546351084812624,1.185151712730943,-5.5634331142251945,73.11630511283875,1,100
ozone-8hr,bo_tpe,25,0.946227574043666,0.9546351084812624,0.9240609923905948,-5.186714525729853,58.47860336303711,1,100
ozone-8hr,pso,25,0.9452423523687892,0.9526627218934912,1.254375392508091,-4.658997789992756,61.850746870040894,1,100
ozone-8hr,de,25,0.9437633035334184,0.9566074950690336,2.5214171283524607,-6.900252959372234,69.13098478317261,1,100
ozone-8hr,ga,25,0.9467201848811044,0.9546351084812624,0.771347050978934,-5.23364867335889,50.05571365356445,12,100
ozone-8hr,grid,26,0.947707839202092,0.9349112426035504,6.111111111111111,-5.0,61.99118638038635,26,100
ozone-8hr,random,26,0.9467226175272152,0.9329388560157792,8.074087412971702,-5.340670826471257,63.20546984672546,1,100
ozone-8hr,bo_tpe,26,0.9477090555251476,0.9329388560157792,14.16591811432829,-4.846855499074825,56.68915104866028,1,100
ozone-8hr,pso,26,0.9477090555251476,0.9329388560157792,10.503480125519689,-4.832509509106558,52.94615960121155,1,100
ozone-8hr,de,26,0.9477090555251476,0.9349112426035504,9.041378184867984,-4.88749090890812,55.57106065750122,3,100
ozone-8hr,ga,26,0.9482004500395306,0.9349112426035504,8.124703459933079,-5.011285544518659,48.02829051017761,3,100
ozone-8hr,grid,27,0.946227574043666,0.9526627218934912,1.666666666666667,-5.0,59.69309139251709,1,100
ozone-8hr,random,27,0.9462287903667214,0.9546351084812624,2.1394890479498585,-5.439971292540074,60.68293523788452,1,100
ozone-8hr,bo_tpe,27,0.9413002493462266,0.9467455621301776,8.15997711927599,-3.5908993305008043,64.76927375793457,1,100
ozone-8hr,pso,27,0.9477066228790368,0.9526627218934912,1.544900025846137,-5.202579633177721,49.304518699646,1,100
ozone-8hr,de,27,0.9437633035334184,0.9546351084812624,0.8824935091254993,-4.929012208486338,50.200515031814575,1,100
ozone-8hr,ga,27,0.9457361795292828,0.95069033530572,1.257011352244724,-4.196369339663492,45.83798742294312,2,100
ozone-8hr,grid,28,0.9437657361795292,0.9487179487179488,1.666666666666667,-5.0,60.55256533622742,1,100
ozone-8hr,random,28,0.9427792981815968,0.9467455621301776,2.3723504063334198,-6.677633945420546,60.08081912994385,1,100
ozone-8hr,bo_tpe,28,0.9452411360457336,0.9487179487179488,1.178036451549712,-5.435094494782027,47.48665642738342,1,100
ozone-8hr,pso,28,0.9427792981815968,0.9526627218934912,1.816026599363252,-5.907496045076606,45.44371151924133,1,100
ozone-8hr,de,28,0.9398224168339112,0.9329388560157792,11.334842772658828,-13.267187106253644,47.74998760223389,1,100
ozone-8hr,ga,28,0.94277321656632,0.940828402366864,0.1295017363345985,-4.144411601668512,56.1827118396759,1,100
ozone-8hr,grid,29,0.944253481724746,0.95069033530572,1.666666666666667,-5.0,64.87969923019409,1,100
ozone-8hr,random,29,0.9447448762391292,0.9487179487179488,2.39395658922426,-6.171799676804794,68.51095700263977,2,100
ozone-8hr,bo_tpe,29,0.9477066228790368,0.95069033530572,1.282344927052021,-5.646166386358083,58.81666445732117,3,100
ozone-8hr,pso,29,0.9432621784345924,0.9526627218934912,5.367987158530418,-8.254792735733275,46.80468416213989,1,100
ozone-8hr,de,29,0.9452374870765674,0.9447731755424064,0.6165049970026542,-4.584333080053013,62.23954582214356,1,100
ozone-8hr,ga,29,0.9462263577206104,0.9487179487179488,1.4532040992307065,-5.630111041030087,40.86066722869873,1,100
ozone-8hr,sa,0,0.9442522654016907,0.9408284023668639,6.919190186056455,-9.379340534127984,55.85761904716492,1,100
ozone-8hr,sa,1,0.9452423523687893,0.9467455621301775,4.014911848173926,-8.10827229230677,75.4074296951294,1,100
ozone-8hr,sa,2,0.9457386121753938,0.9428007889546351,7.8167499084141525,-10.373709053578581,31.053059577941895,1,100
ozone-8hr,sa,3,0.9482004500395306,0.9428007889546351,10.426488342727554,-11.823397366137991,43.9212806224823,1,100
ozone-8hr,sa,4,0.9452411360457337,0.9506903353057199,4.060251339936899,-7.829188863141005,66.54887104034424,1,100
ozone-8hr,sa,5,0.9462251413975553,0.9388560157790927,1.2973433112261892,-5.48728354889119,84.67389965057373,1,100
ozone-8hr,sa,6,0.9437645198564738,0.9487179487179487,3.1387008946496437,-6.409798776450563,44.76351976394653,3,100
ozone-8hr,sa,7,0.9472103630724321,0.9447731755424064,2.804305727481696,-6.668798293374197,37.829482078552246,6,100
ozone-8hr,sa,8,0.9472200936568752,0.9408284023668639,3.187524722378053,-7.400781412601818,64.94615888595581,20,100
ozone-8hr,sa,9,0.9427707839202093,0.9585798816568047,4.873036882664967,-9.006408497318763,50.91060543060303,1,100
ozone-8hr,sa,10,0.9457361795292829,0.9447731755424064,2.3078072049588876,-6.354260695313362,56.58965849876404,1,100
ozone-8hr,sa,11,0.9452423523687893,0.9506903353057199,2.244126191919245,-5.7180460303499325,33.05859994888306,1,100
ozone-8hr,sa,12,0.9447497415313506,0.9270216962524654,15.0,-13.847396173423583,46.1330509185791,1,100
ozone-8hr,sa,13,0.9467262664963816,0.9408284023668639,1.8787796920365163,-5.879076176401929,45.37443566322327,9,100
ozone-8hr,sa,14,0.9417855622453324,0.9487179487179487,1.5821528912776697,-6.327796198388184,42.46486496925354,1,100
ozone-8hr,sa,15,0.9447485252082954,0.9447731755424064,1.7378534329317172,-5.406473800657588,52.8374080657959,1,100
ozone-8hr,sa,16,0.9487003588153013,0.9388560157790927,3.1365560741227965,-6.114176189246363,68.94146251678467,25,100
ozone-8hr,sa,17,0.9472115793954874,0.9428007889546351,0.8933000537421947,-5.4494383991047055,85.62656211853027,1,100
ozone-8hr,sa,18,0.9506683695189443,0.9191321499013807,8.773567552491869,-4.96147137426809,79.23592638969421,2,100
ozone-8hr,sa,19,0.9447460925621846,0.9388560157790927,5.20612960142305,-4.513866385059642,58.086644411087036,1,100
ozone-8hr,sa,20,0.9452411360457337,0.9585798816568047,2.587574012461856,-6.393522940533508,75.65962433815002,1,100
ozone-8hr,sa,21,0.9432719090190356,0.9487179487179487,4.638038748789165,-7.404933109538174,72.69854950904846,1,100
ozone-8hr,sa,22,0.9427720002432645,0.9546351084812623,1.6941614391993376,-4.802236586996322,65.19417190551758,1,100
ozone-8hr,sa,23,0.9491868880374629,0.9428007889546351,1.7258397950860693,-5.258959775732837,84.29996228218079,51,100
ozone-8hr,sa,24,0.9422769567597153,0.9408284023668639,13.195060078804817,-4.317713481019034,61.50774598121643,1,100
ozone-8hr,sa,25,0.9452411360457337,0.9546351084812623,1.1942271796759663,-5.534195779374793,58.04863166809082,1,100
ozone-8hr,sa,26,0.9477114881712583,0.9349112426035503,2.6380573642601766,-4.969028821103322,70.0065507888794,1,100
ozone-8hr,sa,27,0.9413002493462266,0.9467455621301775,15.0,-3.6140376034459685,83.4438362121582,1,100
ozone-8hr,sa,28,0.9447473088852398,0.9487179487179487,0.9322649523247577,-5.199089463998794,76.62662768363953,1,100
ozone-8hr,sa,29,0.9447448762391291,0.9388560157790927,0.46639608053422776,-4.217644707390998,71.00033617019653,2,100
