dataset,optimizer,rep,seed,seed_split,seed_cv,seed_opt,decomp_mode,cv_best,test_acc,best_log2C,best_log2gamma,time_sec,evals_to_99pct,n_evals_used
diabetes,grid,0,0,0,42,0,isolate_S,0.7736638677862189,0.7987012987012987,3.8888888888888893,-9.0,32.70930624008179,25,100
diabetes,random,0,0,0,42,0,isolate_S,0.7752765560442489,0.7922077922077922,11.419864596958703,-13.252177035724896,16.87051033973694,21,100
diabetes,bo_tpe,0,0,0,42,0,isolate_S,0.7769159003065441,0.7987012987012987,3.801892849155612,-8.988773550266343,9.274064779281616,21,100
diabetes,pso,0,0,0,42,0,isolate_S,0.7769025723044116,0.7987012987012987,6.819498768287854,-10.363635417680916,15.073646306991577,7,100
diabetes,de,0,0,0,42,0,isolate_S,0.7769025723044116,0.7987012987012987,7.805703186982749,-11.458261691589152,11.934039115905762,1,100
diabetes,ga,0,0,0,42,0,isolate_S,0.7769159003065441,0.8116883116883117,8.138443997164522,-9.536989517443548,8.653523206710815,1,100
diabetes,sa,0,0,0,42,0,isolate_S,0.7752898840463814,0.7922077922077922,-1.7346766509819465,-5.02322402072914,7.5837483406066895,24,100
diabetes,grid,1,1,1,42,0,isolate_S,0.780021324803412,0.7597402597402597,1.666666666666667,-5.0,15.876874685287476,26,100
diabetes,random,1,1,1,42,0,isolate_S,0.7767959482873517,0.7597402597402597,9.785271587966033,-14.294619739422227,13.724475383758545,21,100
diabetes,bo_tpe,1,1,1,42,0,isolate_S,0.7784219645475143,0.7532467532467533,8.157851541862634,-14.112273500802335,9.472543954849243,16,100
diabetes,pso,1,1,1,42,0,isolate_S,0.7832600293216048,0.7532467532467533,1.6879993752677083,-5.5069381957135635,12.595383882522583,16,100
diabetes,de,1,1,1,42,0,isolate_S,0.7767959482873519,0.7532467532467533,8.759209410393606,-14.702502560486476,10.39023494720459,6,100
diabetes,ga,1,1,1,42,0,isolate_S,0.7767959482873517,0.7597402597402597,10.481611142316558,-14.936443842965941,8.876932382583618,6,100
diabetes,sa,1,1,1,42,0,isolate_S,0.7767959482873519,0.7662337662337663,6.03363582290923,-10.54528330242771,8.464423418045044,23,100
diabetes,grid,2,2,2,42,0,isolate_S,0.757270425163268,0.8051948051948052,1.666666666666667,-9.0,15.629501342773438,25,100
diabetes,random,2,2,2,42,0,isolate_S,0.7572837531654006,0.8181818181818182,1.3085670184836768,-8.453206123032793,13.983444929122925,13,100
diabetes,bo_tpe,2,2,2,42,0,isolate_S,0.7589097694255631,0.8181818181818182,4.255607866915209,-10.79340056088488,9.028267621994019,17,100
diabetes,pso,2,2,2,42,0,isolate_S,0.7621484739437558,0.8311688311688312,-0.5048830311478009,-5.661398503100481,11.506697416305542,2,100
diabetes,de,2,2,2,42,0,isolate_S,0.7605624416899907,0.8181818181818182,0.7429146127443125,-4.188336127259318,13.380008220672607,7,100
diabetes,ga,2,2,2,42,0,isolate_S,0.7589097694255631,0.8181818181818182,7.728380200767615,-14.127390210402309,12.755757808685303,7,100
diabetes,sa,2,2,2,42,0,isolate_S,0.7589097694255631,0.8181818181818182,8.612293167879765,-15.0,17.29756236076355,50,100
diabetes,grid,3,3,3,42,0,isolate_S,0.7818339330934293,0.7532467532467533,-0.5555555555555554,-7.0,14.871286630630493,25,100
diabetes,random,3,3,3,42,0,isolate_S,0.7866586698653871,0.7467532467532467,-0.024937129600839825,-4.629167980478936,12.920607328414917,21,100
diabetes,bo_tpe,3,3,3,42,0,isolate_S,0.7882713581234173,0.7337662337662337,9.294328702928475,-8.497986012832087,12.721458911895752,33,100
diabetes,pso,3,3,3,42,0,isolate_S,0.7867253098760496,0.7467532467532467,-2.039689845517813,-5.439717088379191,10.114718675613403,7,100
diabetes,de,3,3,3,42,0,isolate_S,0.7866586698653871,0.7467532467532467,11.394594164430314,-10.143839152250335,14.181396961212158,10,100
diabetes,ga,3,3,3,42,0,isolate_S,0.7882846861255498,0.7337662337662337,7.579657459486755,-8.093804023286097,10.868349552154541,10,100
diabetes,sa,3,3,3,42,0,isolate_S,0.783433293349327,0.7467532467532467,3.9412592145164735,-9.930636895155024,8.673330068588257,30,100
diabetes,grid,4,4,4,42,0,isolate_S,0.7703985072637611,0.7987012987012987,1.666666666666667,-9.0,15.538999557495117,25,100
diabetes,random,4,4,4,42,0,isolate_S,0.7752499000399841,0.7922077922077922,11.419864596958703,-13.252177035724896,13.108304262161255,25,100
diabetes,bo_tpe,4,4,4,42,0,isolate_S,0.7736372117819539,0.7987012987012987,11.015123666226163,-11.96120926682549,10.259762048721313,11,100
diabetes,pso,4,4,4,42,0,isolate_S,0.7720245235239238,0.7857142857142857,-0.6687281297620551,-7.482807266291698,10.513126373291016,1,100
diabetes,de,4,4,4,42,0,isolate_S,0.7736372117819539,0.7987012987012987,12.44445105971324,-12.76290102300785,11.219060897827148,1,100
diabetes,ga,4,4,4,42,0,isolate_S,0.7736372117819539,0.7987012987012987,10.643013669928695,-11.838198829153939,9.059479713439941,1,100
diabetes,sa,4,4,4,42,0,isolate_S,0.7736372117819539,0.7922077922077922,12.859569993671927,-13.748754601257811,7.523492336273193,30,100
diabetes,grid,5,5,5,42,0,isolate_S,0.7703718512594963,0.7792207792207793,1.666666666666667,-9.0,16.84392237663269,25,100
diabetes,random,5,5,5,42,0,isolate_S,0.7752632280421166,0.7922077922077922,-1.7501413064725035,-3.9199278428908055,14.862589836120605,41,100
diabetes,bo_tpe,5,5,5,42,0,isolate_S,0.7769025723044114,0.7792207792207793,-0.7611532071117102,-6.458365063375497,12.34882378578186,16,100
diabetes,pso,5,5,5,42,0,isolate_S,0.7769025723044116,0.7727272727272727,-1.3427720703992287,-4.803207233497652,11.11737322807312,7,100
diabetes,de,5,5,5,42,0,isolate_S,0.7752632280421163,0.7792207792207793,-0.9991937916584903,-6.298449959107657,24.733057022094727,10,100
diabetes,ga,5,5,5,42,0,isolate_S,0.7769292283086766,0.7727272727272727,0.9942378107476957,-7.579730666185374,9.041786432266235,10,100
diabetes,sa,5,5,5,42,0,isolate_S,0.7703851792616287,0.7662337662337663,2.9306287819218877,-9.643237513560848,9.288028001785278,23,100
diabetes,grid,6,6,6,42,0,isolate_S,0.783379981340797,0.7402597402597403,8.333333333333334,-11.0,15.593038558959961,16,100
diabetes,random,6,6,6,42,0,isolate_S,0.7817539650806344,0.7402597402597403,9.785271587966033,-14.294619739422227,14.296961784362793,21,100
diabetes,bo_tpe,6,6,6,42,0,isolate_S,0.783379981340797,0.7402597402597403,10.39880249358278,-12.194133093021575,11.120306015014648,11,100
diabetes,pso,6,6,6,42,0,isolate_S,0.7833933093429295,0.7402597402597403,5.669859221491366,-9.458391139089949,11.297773838043213,2,100
diabetes,de,6,6,6,42,0,isolate_S,0.7817672930827669,0.7467532467532467,3.7307170708225996,-8.093804023286097,10.88770842552185,1,100
diabetes,ga,6,6,6,42,0,isolate_S,0.783379981340797,0.7402597402597403,10.529450572665063,-12.202301560443916,9.206355333328247,1,100
diabetes,sa,6,6,6,42,0,isolate_S,0.7817539650806344,0.7402597402597403,13.728307843242238,-13.7824200690963,11.498854160308838,30,100
diabetes,grid,7,7,7,42,0,isolate_S,0.7816873250699721,0.7467532467532467,-0.5555555555555554,-5.0,14.966537952423096,25,100
diabetes,random,7,7,7,42,0,isolate_S,0.7784619485539117,0.7402597402597403,-0.024937129600839825,-4.629167980478936,13.923460006713867,15,100
diabetes,bo_tpe,7,7,7,42,0,isolate_S,0.7833399973343995,0.7337662337662337,0.8533825674721687,-5.689704007772698,10.52524733543396,14,100
diabetes,pso,7,7,7,42,0,isolate_S,0.7833399973343995,0.7337662337662337,1.2500442500737847,-5.969214918621726,10.512712001800537,10,100
diabetes,de,7,7,7,42,0,isolate_S,0.7800746368119419,0.7402597402597403,12.647913182817524,-14.977322993539072,15.688154697418213,1,100
diabetes,ga,7,7,7,42,0,isolate_S,0.781713981074237,0.7337662337662337,1.8247609543179388,-6.250091989532206,11.265903949737549,6,100
diabetes,sa,7,7,7,42,0,isolate_S,0.7833133413301346,0.7467532467532467,-0.8792420874785296,-4.798042502357441,7.088451623916626,32,100
diabetes,grid,8,8,8,42,0,isolate_S,0.7834732773557244,0.7532467532467533,6.111111111111111,-11.0,16.256784200668335,26,100
diabetes,random,8,8,8,42,0,isolate_S,0.7834732773557244,0.7532467532467533,9.785271587966033,-14.294619739422227,14.33996295928955,15,100
diabetes,bo_tpe,8,8,8,42,0,isolate_S,0.7818739170998267,0.7532467532467533,5.901948163115687,-9.440163681796273,8.963770627975464,17,100
diabetes,pso,8,8,8,42,0,isolate_S,0.7834732773557244,0.7532467532467533,8.971092049969302,-13.520073377743607,13.74650764465332,2,100
diabetes,de,8,8,8,42,0,isolate_S,0.7834999333599895,0.7532467532467533,5.507086449514517,-9.415646239938798,10.84132695198059,1,100
diabetes,ga,8,8,8,42,0,isolate_S,0.7835132613621217,0.7662337662337663,10.081146915293669,-11.838198829153939,9.218407154083252,1,100
diabetes,sa,8,8,8,42,0,isolate_S,0.7834732773557244,0.7467532467532467,10.454716393355524,-15.0,15.337741613388062,31,100
diabetes,grid,9,9,9,42,0,isolate_S,0.7833399973343995,0.7662337662337663,15.0,-15.0,14.760600328445435,25,100
diabetes,random,9,9,9,42,0,isolate_S,0.7833399973343995,0.7662337662337663,11.419864596958703,-13.252177035724896,12.85826063156128,15,100
diabetes,bo_tpe,9,9,9,42,0,isolate_S,0.7849793415966946,0.7662337662337663,14.984297238905247,-14.623553787261535,11.27557897567749,11,100
diabetes,pso,9,9,9,42,0,isolate_S,0.7849260295881647,0.7727272727272727,2.4904591206539846,-8.410279145935126,10.399381160736084,1,100
diabetes,de,9,9,9,42,0,isolate_S,0.7833666533386646,0.7662337662337663,12.538197736952778,-12.390934697538771,10.545360326766968,1,100
diabetes,ga,9,9,9,42,0,isolate_S,0.783353325336532,0.7662337662337663,10.883459276643833,-11.85046777171344,12.039723873138428,1,100
diabetes,sa,9,9,9,42,0,isolate_S,0.7849660135945622,0.7662337662337663,14.861529874649527,-15.0,7.83588433265686,29,100
diabetes,grid,10,10,10,42,0,isolate_S,0.7703451952552313,0.7857142857142857,10.555555555555557,-15.0,17.289061784744263,35,100
diabetes,random,10,10,10,42,0,isolate_S,0.7703451952552313,0.7922077922077922,8.126591789305468,-12.512706875724952,13.748855113983154,21,100
diabetes,bo_tpe,10,10,10,42,0,isolate_S,0.7703451952552313,0.7857142857142857,9.086204286426538,-13.40920587679486,8.965378999710083,19,100
diabetes,pso,10,10,10,42,0,isolate_S,0.7703451952552313,0.7857142857142857,10.777466661227816,-14.78082039932365,14.015427827835083,20,100
diabetes,de,10,10,10,42,0,isolate_S,0.7703985072637611,0.7987012987012987,0.40392749338455847,-7.391630018442148,16.924022436141968,6,100
diabetes,ga,10,10,10,42,0,isolate_S,0.7719712115153938,0.7857142857142857,10.237163269771585,-14.528782436036357,10.808513641357422,6,100
diabetes,sa,10,10,10,42,0,isolate_S,0.7703585232573638,0.7792207792207793,7.766805631870171,-8.408089989278992,9.08325719833374,30,100
diabetes,grid,11,11,11,42,0,isolate_S,0.7816873250699721,0.7727272727272727,15.0,-15.0,15.581670761108398,63,100
diabetes,random,11,11,11,42,0,isolate_S,0.7784352925496469,0.7727272727272727,6.544571772083351,-10.717929215258845,14.01543927192688,22,100
diabetes,bo_tpe,11,11,11,42,0,isolate_S,0.7800613088098094,0.7727272727272727,14.954265383950778,-14.982770997604,10.28999400138855,11,100
diabetes,pso,11,11,11,42,0,isolate_S,0.7800613088098095,0.7727272727272727,9.993401476219296,-14.114880553193261,13.63099479675293,20,100
diabetes,de,11,11,11,42,0,isolate_S,0.7800613088098094,0.7792207792207793,5.507086449514517,-9.415646239938798,10.487881422042847,1,100
diabetes,ga,11,11,11,42,0,isolate_S,0.7800613088098095,0.7727272727272727,7.6864525938992205,-11.838198829153939,9.052014827728271,1,100
diabetes,sa,11,11,11,42,0,isolate_S,0.7816873250699721,0.7727272727272727,15.0,-15.0,6.833423376083374,39,100
diabetes,grid,12,12,12,42,0,isolate_S,0.7816606690657071,0.7597402597402597,-0.5555555555555554,-5.0,15.887872695922852,26,100
diabetes,random,12,12,12,42,0,isolate_S,0.783300013328002,0.7597402597402597,-1.7501413064725035,-3.9199278428908055,13.962047576904297,13,100
diabetes,bo_tpe,12,12,12,42,0,isolate_S,0.7881913901106226,0.7532467532467533,-0.33229876519375934,-5.600553574263932,9.103418827056885,33,100
diabetes,pso,12,12,12,42,0,isolate_S,0.7849260295881647,0.7532467532467533,-1.3299485116469725,-5.158578757164935,11.382273435592651,16,100
diabetes,de,12,12,12,42,0,isolate_S,0.7784352925496469,0.7662337662337663,1.998732056964152,-9.02223773017485,22.755335807800293,1,100
diabetes,ga,12,12,12,42,0,isolate_S,0.7800613088098094,0.7532467532467533,1.4725074602818866,-6.776826081937098,9.243938207626343,1,100
diabetes,sa,12,12,12,42,0,isolate_S,0.7800613088098094,0.7532467532467533,1.6705725054891805,-6.834011377076182,8.090111255645752,29,100
diabetes,grid,13,13,13,42,0,isolate_S,0.7720111955217913,0.8181818181818182,8.333333333333334,-13.0,15.835874319076538,26,100
diabetes,random,13,13,13,42,0,isolate_S,0.775223244035719,0.8116883116883117,8.989585506350085,-9.646134884607594,13.37088656425476,22,100
diabetes,bo_tpe,13,13,13,42,0,isolate_S,0.7752765560442489,0.8181818181818182,12.949681088370154,-14.580734117124575,10.77350664138794,20,100
diabetes,pso,13,13,13,42,0,isolate_S,0.7736372117819539,0.8181818181818182,7.735969681607783,-12.903961794294098,12.106070280075073,1,100
diabetes,de,13,13,13,42,0,isolate_S,0.7752099160335866,0.8181818181818182,-1.949668900008394,-3.3505887916634975,11.138491868972778,1,100
diabetes,ga,13,13,13,42,0,isolate_S,0.7736372117819539,0.8181818181818182,7.297690678447917,-11.81960430598506,9.049944162368774,1,100
diabetes,sa,13,13,13,42,0,isolate_S,0.7736505397840864,0.8181818181818182,12.673009585427243,-14.36451447905347,7.288509845733643,24,100
diabetes,grid,14,14,14,42,0,isolate_S,0.7735039317606291,0.7922077922077922,3.8888888888888893,-7.0,14.4847993850708,25,100
diabetes,random,14,14,14,42,0,isolate_S,0.7767692922830868,0.7987012987012987,-0.024937129600839825,-4.629167980478936,13.349551677703857,29,100
diabetes,bo_tpe,14,14,14,42,0,isolate_S,0.7718779155004666,0.7792207792207793,6.530110048993104,-8.689863269329216,10.071535110473633,14,100
diabetes,pso,14,14,14,42,0,isolate_S,0.7816473410635746,0.7857142857142857,1.8707530987421173,-6.449363790221571,10.878493309020996,74,100
diabetes,de,14,14,14,42,0,isolate_S,0.7718645874983341,0.7727272727272727,5.324379759617547,-8.559686459236737,10.893109798431396,1,100
diabetes,ga,14,14,14,42,0,isolate_S,0.7718779155004666,0.7792207792207793,4.9684621265901665,-7.84105854406823,9.054074764251709,1,100
diabetes,sa,14,14,14,42,0,isolate_S,0.7735172597627615,0.7987012987012987,-0.34325888938843807,-4.53392382147401,8.467770338058472,29,100
diabetes,grid,15,15,15,42,0,isolate_S,0.7638811142209783,0.8051948051948052,12.777777777777779,-15.0,15.617341756820679,26,100
diabetes,random,15,15,15,42,0,isolate_S,0.7638677862188458,0.7922077922077922,11.758898149976076,-13.270228657908664,12.822624921798706,22,100
diabetes,bo_tpe,15,15,15,42,0,isolate_S,0.7655071304811408,0.8051948051948052,12.699749565799017,-14.428388153320316,9.411334037780762,21,100
diabetes,pso,15,15,15,42,0,isolate_S,0.7638677862188459,0.7987012987012987,8.426890751203295,-13.808350457282913,14.629940271377563,7,100
diabetes,de,15,15,15,42,0,isolate_S,0.7655071304811408,0.8051948051948052,12.670041604487002,-14.398424004969863,12.817661762237549,6,100
diabetes,ga,15,15,15,42,0,isolate_S,0.7655071304811408,0.8051948051948052,13.47347466151536,-14.952955734850976,10.393692016601562,6,100
diabetes,sa,15,15,15,42,0,isolate_S,0.7655071304811408,0.8051948051948052,13.291469054443953,-15.0,7.444134712219238,28,100
diabetes,grid,16,16,16,42,0,isolate_S,0.7800879648140744,0.7662337662337663,6.111111111111111,-9.0,16.06378483772278,25,100
diabetes,random,16,16,16,42,0,isolate_S,0.7800879648140743,0.7857142857142857,8.2034707498537,-9.778603070212007,13.827642917633057,15,100
diabetes,bo_tpe,16,16,16,42,0,isolate_S,0.7833266693322671,0.7727272727272727,12.452141121317144,-12.180273257286057,12.618017196655273,15,100
diabetes,pso,16,16,16,42,0,isolate_S,0.7833399973343996,0.7662337662337663,5.505555303120918,-8.565656881606504,10.894319295883179,1,100
diabetes,de,16,16,16,42,0,isolate_S,0.781713981074237,0.7727272727272727,7.739233746429086,-9.715859261899304,11.251445055007935,1,100
diabetes,ga,16,16,16,42,0,isolate_S,0.781713981074237,0.7727272727272727,7.307702229625077,-9.829167106193562,8.871218204498291,1,100
diabetes,sa,16,16,16,42,0,isolate_S,0.7833399973343995,0.7727272727272727,15.0,-13.721772682073134,7.011006593704224,37,100
diabetes,grid,17,17,17,42,0,isolate_S,0.7671864587498334,0.8181818181818182,-0.5555555555555554,-7.0,14.944292783737183,25,100
diabetes,random,17,17,17,42,0,isolate_S,0.7639210982273757,0.8311688311688312,1.3085670184836768,-8.453206123032793,13.759631395339966,25,100
diabetes,bo_tpe,17,17,17,42,0,isolate_S,0.767173130747701,0.8181818181818182,0.8514992229850975,-8.373015566244026,15.048598289489746,43,100
diabetes,pso,17,17,17,42,0,isolate_S,0.7655337864854058,0.8441558441558441,3.9950164050683012,-10.976921598467174,11.065185308456421,2,100
diabetes,de,17,17,17,42,0,isolate_S,0.7671864587498334,0.8181818181818182,0.08462451397349557,-7.391630018442148,12.828136920928955,10,100
diabetes,ga,17,17,17,42,0,isolate_S,0.767173130747701,0.8441558441558441,7.739233746429086,-14.644611043333843,9.502383947372437,10,100
diabetes,sa,17,17,17,42,0,isolate_S,0.7655471144875384,0.8311688311688312,-1.5507966984888417,-5.499004634627197,8.54993224143982,22,100
diabetes,grid,18,18,18,42,0,isolate_S,0.7703585232573638,0.7987012987012987,8.333333333333334,-15.0,16.272014141082764,34,100
diabetes,random,18,18,18,42,0,isolate_S,0.7752365720378516,0.8051948051948052,1.3085670184836768,-8.453206123032793,14.399847984313965,25,100
diabetes,bo_tpe,18,18,18,42,0,isolate_S,0.7719845395175262,0.7987012987012987,6.942763597212361,-13.221798189600433,18.513131141662598,59,100
diabetes,pso,18,18,18,42,0,isolate_S,0.7703585232573638,0.8051948051948052,4.458157382242385,-11.784261843635898,11.390181541442871,2,100
diabetes,de,18,18,18,42,0,isolate_S,0.7719845395175262,0.7987012987012987,6.137357126379397,-12.444588280634415,14.015219926834106,10,100
diabetes,ga,18,18,18,42,0,isolate_S,0.7719845395175262,0.7987012987012987,5.440736200913372,-11.914932276493495,14.943512201309204,10,100
diabetes,sa,18,18,18,42,0,isolate_S,0.7703451952552312,0.8051948051948052,-0.12762472779605116,-6.322847377274661,6.752997159957886,63,100
diabetes,grid,19,19,19,42,0,isolate_S,0.7801546048247368,0.7987012987012987,10.555555555555557,-11.0,16.700196504592896,26,100
diabetes,random,19,19,19,42,0,isolate_S,0.7817806210848992,0.7987012987012987,8.2034707498537,-9.778603070212007,14.470354318618774,27,100
diabetes,bo_tpe,19,19,19,42,0,isolate_S,0.7801546048247368,0.7987012987012987,11.782983789348192,-11.610703879056826,11.440717458724976,20,100
diabetes,pso,19,19,19,42,0,isolate_S,0.7801546048247368,0.7987012987012987,11.261735750191958,-11.235107107524957,15.508780717849731,1,100
diabetes,de,19,19,19,42,0,isolate_S,0.7769025723044116,0.7987012987012987,7.94048994321026,-9.415646239938798,13.893502235412598,1,100
diabetes,ga,19,19,19,42,0,isolate_S,0.7768892443022791,0.8051948051948052,11.190688632231005,-14.395459644501642,9.113580703735352,1,100
diabetes,sa,19,19,19,42,0,isolate_S,0.7785152605624417,0.8051948051948052,-0.6568369552120799,-5.0983755582640935,6.673480272293091,33,100
diabetes,grid,20,20,20,42,0,isolate_S,0.7703985072637611,0.7792207792207793,-0.5555555555555554,-5.0,15.253715515136719,25,100
diabetes,random,20,20,20,42,0,isolate_S,0.7703985072637611,0.8181818181818182,1.3085670184836768,-8.453206123032793,13.653678894042969,21,100
diabetes,bo_tpe,20,20,20,42,0,isolate_S,0.7655071304811409,0.8116883116883117,7.272515025110797,-14.085777915694198,8.844335794448853,21,100
diabetes,pso,20,20,20,42,0,isolate_S,0.7752898840463814,0.7922077922077922,-0.25617561829172253,-6.196933964221602,10.956686735153198,41,100
diabetes,de,20,20,20,42,0,isolate_S,0.7720245235239237,0.7922077922077922,0.3673605370354225,-6.280354755118666,14.705829858779907,10,100
diabetes,ga,20,20,20,42,0,isolate_S,0.7720245235239238,0.7857142857142857,0.45601747453290153,-5.817042386434549,9.934434652328491,10,100
diabetes,sa,20,20,20,42,0,isolate_S,0.7752898840463814,0.7727272727272727,-1.7598809202128634,-4.984701416424933,6.690537929534912,32,100
diabetes,grid,21,21,21,42,0,isolate_S,0.7850726376116219,0.7337662337662337,-0.5555555555555554,-5.0,14.538243770599365,26,100
diabetes,random,21,21,21,42,0,isolate_S,0.7834332933493269,0.7272727272727273,-1.7501413064725035,-3.9199278428908055,13.012194156646729,21,100
diabetes,bo_tpe,21,21,21,42,0,isolate_S,0.7834599493535919,0.7272727272727273,12.315154001869569,-10.692322364322624,11.75071096420288,14,100
diabetes,pso,21,21,21,42,0,isolate_S,0.785072637611622,0.7272727272727273,-0.24190297114713388,-4.790289069633819,10.407843112945557,1,100
diabetes,de,21,21,21,42,0,isolate_S,0.7850726376116219,0.7272727272727273,11.394594164430314,-10.143839152250335,16.31044602394104,7,100
diabetes,ga,21,21,21,42,0,isolate_S,0.7850326536052246,0.7272727272727273,5.146990414467906,-8.19036200592294,10.693679332733154,7,100
diabetes,sa,21,21,21,42,0,isolate_S,0.7883246701319473,0.7272727272727273,-0.1101234406092757,-5.088095527445725,6.418608903884888,28,100
diabetes,grid,22,22,22,42,0,isolate_S,0.7703318672530988,0.7532467532467533,-0.5555555555555554,-7.0,15.016627788543701,25,100
diabetes,random,22,22,22,42,0,isolate_S,0.7719578835132613,0.7662337662337663,-1.7501413064725035,-3.9199278428908055,13.475609540939331,22,100
diabetes,bo_tpe,22,22,22,42,0,isolate_S,0.7735705717712915,0.7597402597402597,7.126193682778645,-14.337182768033523,8.871015548706055,19,100
diabetes,pso,22,22,22,42,0,isolate_S,0.7703052112488338,0.7597402597402597,2.5351859646336434,-8.961662885722005,10.751938581466675,2,100
diabetes,de,22,22,22,42,0,isolate_S,0.7735705717712915,0.7597402597402597,7.739233746429086,-14.959525362949,12.512677907943726,6,100
diabetes,ga,22,22,22,42,0,isolate_S,0.7719312275089965,0.7597402597402597,7.625665952503462,-14.792054044901443,8.878981351852417,6,100
diabetes,sa,22,22,22,42,0,isolate_S,0.7735705717712915,0.7662337662337663,6.405519786390481,-14.17497749084633,7.004942893981934,26,100
diabetes,grid,23,23,23,42,0,isolate_S,0.7720111955217913,0.7987012987012987,10.555555555555557,-15.0,16.924322605133057,16,100
diabetes,random,23,23,23,42,0,isolate_S,0.7720378515260563,0.7922077922077922,9.088288038470655,-14.42689926843646,14.345140218734741,15,100
diabetes,bo_tpe,23,23,23,42,0,isolate_S,0.7720245235239238,0.8116883116883117,-1.5000562324440698,-3.28080541873818,8.820393800735474,13,100
diabetes,pso,23,23,23,42,0,isolate_S,0.7704118352658936,0.8051948051948052,6.32339553675542,-12.891211304933108,11.198900938034058,1,100
diabetes,de,23,23,23,42,0,isolate_S,0.7720245235239236,0.7987012987012987,0.5161560307775046,-7.391630018442148,16.01301097869873,1,100
diabetes,ga,23,23,23,42,0,isolate_S,0.7720245235239237,0.8116883116883117,5.080742083120115,-8.944803843488824,9.403801918029785,1,100
diabetes,sa,23,23,23,42,0,isolate_S,0.7720111955217913,0.7987012987012987,10.605234355461459,-15.0,8.308716297149658,31,100
diabetes,grid,24,24,24,42,0,isolate_S,0.7671331467413034,0.7727272727272727,3.8888888888888893,-7.0,15.05289602279663,25,100
diabetes,random,24,24,24,42,0,isolate_S,0.7720245235239237,0.7597402597402597,8.989585506350085,-9.646134884607594,13.174690961837769,3,100
diabetes,bo_tpe,24,24,24,42,0,isolate_S,0.7736372117819539,0.7727272727272727,3.8167270395955795,-6.694248845741768,9.337871074676514,3,100
diabetes,pso,24,24,24,42,0,isolate_S,0.7736505397840863,0.7727272727272727,5.204622066654958,-7.580820399323651,10.983620405197144,1,100
diabetes,de,24,24,24,42,0,isolate_S,0.7703851792616287,0.7727272727272727,10.385000012963207,-11.406039570900003,15.523794412612915,1,100
diabetes,ga,24,24,24,42,0,isolate_S,0.7703985072637611,0.7727272727272727,7.210169731401768,-8.614766064440536,10.533742904663086,1,100
diabetes,sa,24,24,24,42,0,isolate_S,0.7720111955217912,0.7792207792207793,-0.6675762374734967,-5.200299126061211,7.495828628540039,19,100
diabetes,grid,25,25,25,42,0,isolate_S,0.7687458349993337,0.7792207792207793,-0.5555555555555554,-7.0,16.591148853302002,25,100
diabetes,random,25,25,25,42,0,isolate_S,0.7687724910035986,0.7922077922077922,6.332029084131502,-10.222989163089983,14.51986575126648,25,100
diabetes,bo_tpe,25,25,25,42,0,isolate_S,0.767119818739171,0.7792207792207793,4.244546364916282,-11.673004388479571,8.8145592212677,13,100
diabetes,pso,25,25,25,42,0,isolate_S,0.767119818739171,0.7922077922077922,0.8810348375854824,-8.184261843635898,11.50571346282959,1,100
diabetes,de,25,25,25,42,0,isolate_S,0.7655204584832733,0.7922077922077922,8.710839689613895,-11.375847732226983,11.91979193687439,1,100
diabetes,ga,25,25,25,42,0,isolate_S,0.7671598027455685,0.7922077922077922,9.589583439121247,-12.08433750778978,9.310067415237427,6,100
diabetes,sa,25,25,25,42,0,isolate_S,0.7671331467413035,0.7922077922077922,11.263597682038908,-12.844953333651445,15.681663274765015,29,100
diabetes,grid,26,26,26,42,0,isolate_S,0.785072637611622,0.7727272727272727,12.777777777777779,-11.0,18.49548840522766,26,100
diabetes,random,26,26,26,42,0,isolate_S,0.7850859656137545,0.7597402597402597,-1.7501413064725035,-3.9199278428908055,14.813500165939331,15,100
diabetes,bo_tpe,26,26,26,42,0,isolate_S,0.7883113421298147,0.7727272727272727,5.153291652182417,-7.112010562375063,11.068747282028198,31,100
diabetes,pso,26,26,26,42,0,isolate_S,0.7883379981340798,0.7727272727272727,8.815022872917464,-8.777319114663365,18.426168203353882,34,100
diabetes,de,26,26,26,42,0,isolate_S,0.7899640143942424,0.7727272727272727,13.450821925414047,-11.154099458944998,20.511300086975098,13,100
diabetes,ga,26,26,26,42,0,isolate_S,0.7883379981340798,0.7727272727272727,8.768934611418802,-8.808588726924818,10.331993818283081,13,100
diabetes,sa,26,26,26,42,0,isolate_S,0.7867119818739171,0.7727272727272727,7.754462043557851,-8.25415607403589,7.084475755691528,51,100
diabetes,grid,27,27,27,42,0,isolate_S,0.7769558843129414,0.7792207792207793,-0.5555555555555554,-7.0,15.474550247192383,25,100
diabetes,random,27,27,27,42,0,isolate_S,0.7753298680527789,0.7727272727272727,6.730258696201663,-14.638064168625116,13.56807827949524,15,100
diabetes,bo_tpe,27,27,27,42,0,isolate_S,0.778608556577369,0.7792207792207793,3.5308152680304823,-11.101920630852478,9.600684642791748,17,100
diabetes,pso,27,27,27,42,0,isolate_S,0.7753565240570438,0.7792207792207793,3.9912740941894027,-11.51922069666459,10.974019050598145,1,100
diabetes,de,27,27,27,42,0,isolate_S,0.7769825403172066,0.7792207792207793,7.286066903160088,-14.930303162041621,10.600983381271362,1,100
diabetes,ga,27,27,27,42,0,isolate_S,0.7720911635345862,0.7727272727272727,7.739233746429086,-14.644611043333843,9.509153604507446,1,100
diabetes,sa,27,27,27,42,0,isolate_S,0.7769825403172066,0.7792207792207793,3.6195580742907767,-11.172268163952674,10.636771440505981,30,100
diabetes,grid,28,28,28,42,0,isolate_S,0.7736505397840864,0.7402597402597403,12.777777777777779,-9.0,16.64475703239441,65,100
diabetes,random,28,28,28,42,0,isolate_S,0.7736638677862189,0.7727272727272727,8.948575462891274,-6.83623171179476,14.762459516525269,58,100
diabetes,bo_tpe,28,28,28,42,0,isolate_S,0.776915900306544,0.7597402597402597,9.58132518869693,-7.076721373210775,14.754228830337524,28,100
diabetes,pso,28,28,28,42,0,isolate_S,0.7719978675196588,0.7792207792207793,-0.4058156496342322,-5.0197344518003195,12.444595098495483,16,100
diabetes,de,28,28,28,42,0,isolate_S,0.776915900306544,0.7337662337662337,12.594559384006898,-8.771548511439857,14.710575103759766,40,100
diabetes,ga,28,28,28,42,0,isolate_S,0.776915900306544,0.7402597402597403,13.537247095009198,-9.238916823269953,14.384449481964111,68,100
diabetes,sa,28,28,28,42,0,isolate_S,0.776915900306544,0.7597402597402597,9.40714240880635,-7.108909605821697,7.6384899616241455,27,100
diabetes,grid,29,29,29,42,0,isolate_S,0.7768892443022791,0.7597402597402597,6.111111111111111,-7.0,15.725583553314209,26,100
diabetes,random,29,29,29,42,0,isolate_S,0.7801412768226044,0.7597402597402597,6.403935408357594,-7.1051727576782335,14.173463821411133,26,100
diabetes,bo_tpe,29,29,29,42,0,isolate_S,0.7817406370785018,0.7662337662337663,0.0009451731730502066,-4.501830860646899,8.491881847381592,37,100
diabetes,pso,29,29,29,42,0,isolate_S,0.7801412768226043,0.7792207792207793,10.562446430756978,-9.358872075032897,18.449190616607666,23,100
diabetes,de,29,29,29,42,0,isolate_S,0.7817806210848993,0.7727272727272727,11.317071082430644,-9.81114250954164,16.581775426864624,13,100
diabetes,ga,29,29,29,42,0,isolate_S,0.7850326536052246,0.7597402597402597,7.176219728428318,-7.7289416221139176,11.876024961471558,28,100
diabetes,sa,29,29,29,42,0,isolate_S,0.776862588298014,0.7857142857142857,-0.1335751875971951,-4.763332025909116,6.981235980987549,45,100
breast-w,grid,0,0,0,42,0,isolate_S,0.971380308880309,0.9642857142857143,6.111111111111111,-7.0,4.730692625045776,6,100
breast-w,random,0,0,0,42,0,isolate_S,0.971380308880309,0.9642857142857143,6.403935408357594,-7.1051727576782335,4.507731914520264,13,100
breast-w,bo_tpe,0,0,0,42,0,isolate_S,0.971380308880309,0.9642857142857143,7.164750018200413,-7.408022102554927,4.542068004608154,12,100
breast-w,pso,0,0,0,42,0,isolate_S,0.9695945945945945,0.9571428571428572,4.856174727729076,-5.911778948911404,3.83528208732605,1,100
breast-w,de,0,0,0,42,0,isolate_S,0.9695785070785071,0.9642857142857143,2.1896743771209075,-5.253698035516349,4.603939771652222,1,100
breast-w,ga,0,0,0,42,0,isolate_S,0.9695945945945945,0.9571428571428572,8.768934611418802,-7.825304631994147,4.17372727394104,1,100
breast-w,sa,0,0,0,42,0,isolate_S,0.971380308880309,0.9642857142857143,5.952735304417031,-7.002345787399042,4.588372468948364,20,100
breast-w,grid,1,1,1,42,0,isolate_S,0.9767535392535394,0.95,6.111111111111111,-7.0,4.702865362167358,7,100
breast-w,random,1,1,1,42,0,isolate_S,0.9767535392535394,0.95,5.436966435001434,-7.536085080170576,4.337159633636475,11,100
breast-w,bo_tpe,1,1,1,42,0,isolate_S,0.9767535392535394,0.95,5.011866335026992,-6.4263612005667525,4.361109733581543,13,100
breast-w,pso,1,1,1,42,0,isolate_S,0.9767535392535394,0.95,8.856174727729076,-9.374009860039637,3.92734432220459,1,100
breast-w,de,1,1,1,42,0,isolate_S,0.9767535392535394,0.95,7.307702229625077,-8.093804023286097,4.0902099609375,1,100
breast-w,ga,1,1,1,42,0,isolate_S,0.9767535392535394,0.95,7.307702229625077,-8.093804023286097,4.04021143913269,1,100
breast-w,sa,1,1,1,42,0,isolate_S,0.9749678249678249,0.95,-1.2526647481243602,-5.021634518672138,4.380062580108643,19,100
breast-w,grid,2,2,2,42,0,isolate_S,0.9678088803088803,0.9571428571428572,-5.0,-5.0,4.6520068645477295,6,100
breast-w,random,2,2,2,42,0,isolate_S,0.9678088803088803,0.9714285714285714,1.3085670184836768,-8.453206123032793,4.687034368515015,13,100
breast-w,bo_tpe,2,2,2,42,0,isolate_S,0.9695945945945945,0.9714285714285714,-3.678341584012658,-5.0690880905308395,4.827228546142578,13,100
breast-w,pso,2,2,2,42,0,isolate_S,0.9678088803088803,0.9642857142857143,6.32339553675542,-12.891211304933108,3.9722933769226074,1,100
breast-w,de,2,2,2,42,0,isolate_S,0.9678088803088803,0.9642857142857143,0.9942378107476957,-7.391630018442148,4.3083672523498535,1,100
breast-w,ga,2,2,2,42,0,isolate_S,0.9678088803088803,0.9642857142857143,0.9942378107476957,-7.391630018442148,4.095944404602051,1,100
breast-w,sa,2,2,2,42,0,isolate_S,0.9695945945945945,0.9714285714285714,-2.5321100235487695,-5.88459016085669,4.483276605606079,20,100
breast-w,grid,3,3,3,42,0,isolate_S,0.9803410553410552,0.9285714285714286,10.555555555555557,-13.0,4.724138259887695,7,100
breast-w,random,3,3,3,42,0,isolate_S,0.9803410553410552,0.9285714285714286,8.062166509307968,-10.440751154283923,4.785303831100464,13,100
breast-w,bo_tpe,3,3,3,42,0,isolate_S,0.9803410553410554,0.9357142857142857,0.6990866761380452,-6.048555094258101,4.463976621627808,12,100
breast-w,pso,3,3,3,42,0,isolate_S,0.9803410553410552,0.9285714285714286,7.310698263069815,-9.920073377743607,3.8119025230407715,1,100
breast-w,de,3,3,3,42,0,isolate_S,0.9803410553410552,0.9285714285714286,7.739233746429086,-10.143839152250335,3.9832053184509277,1,100
breast-w,ga,3,3,3,42,0,isolate_S,0.9803410553410552,0.9285714285714286,7.739233746429086,-10.143839152250335,3.8952651023864746,1,100
breast-w,sa,3,3,3,42,0,isolate_S,0.978555341055341,0.9357142857142857,2.660307534640995,-7.093405073891599,4.327225685119629,19,100
breast-w,grid,4,4,4,42,0,isolate_S,0.97493564993565,0.95,8.333333333333334,-9.0,4.6127848625183105,6,100
breast-w,random,4,4,4,42,0,isolate_S,0.97493564993565,0.95,11.419864596958703,-13.252177035724896,4.48947548866272,13,100
breast-w,bo_tpe,4,4,4,42,0,isolate_S,0.9731660231660232,0.95,-0.47752063838920566,-7.67181899868039,4.741428852081299,13,100
breast-w,pso,4,4,4,42,0,isolate_S,0.97493564993565,0.95,8.856174727729076,-9.374009860039637,4.063449859619141,1,100
breast-w,de,4,4,4,42,0,isolate_S,0.97493564993565,0.95,12.148085531751388,-14.395459644501642,4.287398815155029,1,100
breast-w,ga,4,4,4,42,0,isolate_S,0.97493564993565,0.95,12.148085531751388,-14.395459644501642,3.7714388370513916,1,100
breast-w,sa,4,4,4,42,0,isolate_S,0.97493564993565,0.95,9.769650133007264,-10.283495588639019,4.6494059562683105,20,100
breast-w,grid,5,5,5,42,0,isolate_S,0.9731660231660232,0.9571428571428572,6.111111111111111,-15.0,4.549206256866455,6,100
breast-w,random,5,5,5,42,0,isolate_S,0.9731660231660232,0.9571428571428572,5.420732124082585,-14.021916209893435,4.505150079727173,15,100
breast-w,bo_tpe,5,5,5,42,0,isolate_S,0.9731660231660232,0.9642857142857143,0.88901613910413,-4.875421469405138,4.955074787139893,12,100
breast-w,pso,5,5,5,42,0,isolate_S,0.9731660231660232,0.9571428571428572,2.53461863427497,-11.099435891188149,4.212195158004761,1,100
breast-w,de,5,5,5,42,0,isolate_S,0.9731660231660232,0.9571428571428572,6.310135475638308,-14.950948704919787,4.470869302749634,1,100
breast-w,ga,5,5,5,42,0,isolate_S,0.971380308880309,0.9642857142857143,4.363877701192726,-8.944803843488824,3.9833157062530518,1,100
breast-w,sa,5,5,5,42,0,isolate_S,0.9731660231660232,0.9571428571428572,-2.790475042767511,-6.26790281168853,4.264341354370117,20,100
breast-w,grid,6,6,6,42,0,isolate_S,0.9695785070785071,0.9642857142857143,1.666666666666667,-9.0,4.905389070510864,6,100
breast-w,random,6,6,6,42,0,isolate_S,0.9695785070785071,0.9642857142857143,1.3085670184836768,-8.453206123032793,4.475990533828735,12,100
breast-w,bo_tpe,6,6,6,42,0,isolate_S,0.9695785070785071,0.9642857142857143,4.079330260302938,-12.290597099436983,4.704387187957764,12,100
breast-w,pso,6,6,6,42,0,isolate_S,0.9695785070785071,0.9642857142857143,0.8810348375854824,-8.184261843635898,3.9487314224243164,1,100
breast-w,de,6,6,6,42,0,isolate_S,0.9695785070785071,0.9642857142857143,0.9942378107476957,-7.391630018442148,4.2658021450042725,1,100
breast-w,ga,6,6,6,42,0,isolate_S,0.9695785070785071,0.9642857142857143,0.9942378107476957,-7.391630018442148,4.2354724407196045,1,100
breast-w,sa,6,6,6,42,0,isolate_S,0.9695785070785071,0.9642857142857143,-1.5102080351757294,-6.9365914117370835,4.493267297744751,22,100
breast-w,grid,7,7,7,42,0,isolate_S,0.9660070785070787,0.9785714285714285,10.555555555555557,-15.0,4.756074905395508,6,100
breast-w,random,7,7,7,42,0,isolate_S,0.9660231660231661,0.9785714285714285,4.326215457126125,-10.60033934397115,4.529591798782349,1,100
breast-w,bo_tpe,7,7,7,42,0,isolate_S,0.9660231660231661,0.9785714285714285,3.3179056084872007,-9.584989427808374,4.189844369888306,1,100
breast-w,pso,7,7,7,42,0,isolate_S,0.9660231660231661,0.9785714285714285,6.498873486008296,-12.713660322185941,4.0671772956848145,1,100
breast-w,de,7,7,7,42,0,isolate_S,0.9660231660231661,0.9785714285714285,2.334547945140941,-8.460596009905048,4.429749011993408,1,100
breast-w,ga,7,7,7,42,0,isolate_S,0.9660231660231661,0.9785714285714285,5.446233340183504,-11.622993719668685,3.9312641620635986,1,100
breast-w,sa,7,7,7,42,0,isolate_S,0.9660392535392536,0.9857142857142858,-2.4561653950483855,-6.174206073858574,4.825397491455078,1,100
breast-w,grid,8,8,8,42,0,isolate_S,0.9713963963963964,0.9571428571428572,-0.5555555555555554,-7.0,4.628365993499756,6,100
breast-w,random,8,8,8,42,0,isolate_S,0.9714124839124839,0.9571428571428572,5.976270078546495,-2.12659140529645,4.485532760620117,1,100
breast-w,bo_tpe,8,8,8,42,0,isolate_S,0.9714124839124839,0.9571428571428572,5.976270078546495,-2.12659140529645,4.893599987030029,1,100
breast-w,pso,8,8,8,42,0,isolate_S,0.9749678249678249,0.95,1.3125849976866735,-3.6759875474604895,3.948065757751465,1,100
breast-w,de,8,8,8,42,0,isolate_S,0.9749678249678249,0.9642857142857143,1.60221379406949,-4.270097400341425,4.426346063613892,1,100
breast-w,ga,8,8,8,42,0,isolate_S,0.9714124839124839,0.9571428571428572,7.132715515343598,-1.8690619022880295,4.192026376724243,1,100
breast-w,sa,8,8,8,42,0,isolate_S,0.9731821106821107,0.9571428571428572,0.5194204886404536,-4.24359751608683,5.239264011383057,1,100
breast-w,grid,9,9,9,42,0,isolate_S,0.9731660231660232,0.9571428571428572,-0.5555555555555554,-7.0,5.319564342498779,6,100
breast-w,random,9,9,9,42,0,isolate_S,0.9731660231660232,0.9571428571428572,8.062166509307968,-10.440751154283923,7.770549297332764,11,100
breast-w,bo_tpe,9,9,9,42,0,isolate_S,0.9731660231660232,0.9571428571428572,8.730396841043707,-11.673004388479571,4.849408388137817,14,100
breast-w,pso,9,9,9,42,0,isolate_S,0.9731660231660232,0.9571428571428572,0.8810348375854824,-8.184261843635898,4.0151941776275635,1,100
breast-w,de,9,9,9,42,0,isolate_S,0.9731660231660232,0.9571428571428572,7.739233746429086,-10.143839152250335,4.197204351425171,1,100
breast-w,ga,9,9,9,42,0,isolate_S,0.9731660231660232,0.9571428571428572,7.739233746429086,-10.143839152250335,3.6629467010498047,1,100
breast-w,sa,9,9,9,42,0,isolate_S,0.9731660231660232,0.9571428571428572,-1.2526647481243602,-5.021634518672138,4.683604717254639,19,100
breast-w,grid,10,10,10,42,0,isolate_S,0.9749195624195626,0.9571428571428572,-0.5555555555555554,-5.0,4.6013569831848145,6,100
breast-w,random,10,10,10,42,0,isolate_S,0.9731338481338481,0.9571428571428572,-0.024937129600839825,-4.629167980478936,4.4462971687316895,13,100
breast-w,bo_tpe,10,10,10,42,0,isolate_S,0.9731499356499358,0.9571428571428572,0.6960231390555868,-7.651831913141367,4.432544946670532,13,100
breast-w,pso,10,10,10,42,0,isolate_S,0.9731499356499358,0.9571428571428572,-0.6687281297620551,-6.415784587379224,4.219887733459473,2,100
breast-w,de,10,10,10,42,0,isolate_S,0.9713481338481339,0.9571428571428572,11.317071082430644,-14.950706996937335,3.859571933746338,1,100
breast-w,ga,10,10,10,42,0,isolate_S,0.9713642213642213,0.9571428571428572,0.9237496481153702,-7.999414368376132,3.6657605171203613,1,100
breast-w,sa,10,10,10,42,0,isolate_S,0.9731499356499358,0.9571428571428572,-2.5321100235487695,-5.88459016085669,4.560528039932251,20,100
breast-w,grid,11,11,11,42,0,isolate_S,0.9749195624195626,0.9428571428571428,-0.5555555555555554,-5.0,4.757417917251587,6,100
breast-w,random,11,11,11,42,0,isolate_S,0.9749195624195626,0.9357142857142857,-1.7501413064725035,-3.9199278428908055,4.58787202835083,11,100
breast-w,bo_tpe,11,11,11,42,0,isolate_S,0.9749195624195626,0.95,-2.4585921515859837,-5.868077118440331,4.6838037967681885,13,100
breast-w,pso,11,11,11,42,0,isolate_S,0.9749195624195626,0.9428571428571428,-0.273731170233396,-5.044223687674023,3.9983298778533936,1,100
breast-w,de,11,11,11,42,0,isolate_S,0.9749195624195626,0.9571428571428572,0.9942378107476957,-3.928200642281534,4.278624773025513,1,100
breast-w,ga,11,11,11,42,0,isolate_S,0.9731338481338481,0.95,0.9942378107476957,-7.391630018442148,3.9812428951263428,1,100
breast-w,sa,11,11,11,42,0,isolate_S,0.9749195624195626,0.95,-2.5321100235487695,-5.88459016085669,4.5244879722595215,19,100
breast-w,grid,12,12,12,42,0,isolate_S,0.9695785070785071,0.95,15.0,-15.0,4.725148439407349,6,100
breast-w,random,12,12,12,42,0,isolate_S,0.9695785070785071,0.9642857142857143,11.419864596958703,-13.252177035724896,4.4982476234436035,13,100
breast-w,bo_tpe,12,12,12,42,0,isolate_S,0.9695624195624195,0.9642857142857143,5.895771767653691,-10.751538715613956,4.4084391593933105,13,100
breast-w,pso,12,12,12,42,0,isolate_S,0.9695624195624195,0.9642857142857143,6.777466661227816,-11.18082039932365,3.8285810947418213,1,100
breast-w,de,12,12,12,42,0,isolate_S,0.9695785070785071,0.9642857142857143,8.710839689613895,-10.73566777274676,4.173435688018799,1,100
breast-w,ga,12,12,12,42,0,isolate_S,0.9695785070785071,0.9642857142857143,12.952501396203447,-14.950706996937335,3.844083309173584,1,100
breast-w,sa,12,12,12,42,0,isolate_S,0.969546332046332,0.9714285714285714,-1.2526647481243602,-5.021634518672138,4.761691331863403,19,100
breast-w,grid,13,13,13,42,0,isolate_S,0.9731660231660232,0.9571428571428572,3.8888888888888893,-9.0,4.707671403884888,6,100
breast-w,random,13,13,13,42,0,isolate_S,0.9731660231660232,0.9571428571428572,2.19015801147572,-7.133424831611854,4.414591312408447,13,100
breast-w,bo_tpe,13,13,13,42,0,isolate_S,0.9731660231660232,0.9571428571428572,4.120768090806129,-5.875519936082187,4.45093560218811,13,100
breast-w,pso,13,13,13,42,0,isolate_S,0.9731660231660232,0.9571428571428572,3.726268829766604,-8.644223687674023,3.8192496299743652,1,100
breast-w,de,13,13,13,42,0,isolate_S,0.9731660231660232,0.9571428571428572,10.390133491345747,-14.702502560486476,3.9820680618286133,1,100
breast-w,ga,13,13,13,42,0,isolate_S,0.9731660231660232,0.9571428571428572,10.600206274953567,-14.950706996937335,3.7316672801971436,1,100
breast-w,sa,13,13,13,42,0,isolate_S,0.9731660231660232,0.9571428571428572,6.5614579483393545,-11.922754165580178,4.396134376525879,20,100
breast-w,grid,14,14,14,42,0,isolate_S,0.9677606177606177,0.9571428571428572,3.8888888888888893,-13.0,4.766037702560425,6,100
breast-w,random,14,14,14,42,0,isolate_S,0.9695624195624195,0.9785714285714285,5.420732124082585,-14.021916209893435,4.496070623397827,13,100
breast-w,bo_tpe,14,14,14,42,0,isolate_S,0.9695624195624195,0.9785714285714285,3.4349383157937163,-11.809816532156443,4.819387197494507,14,100
breast-w,pso,14,14,14,42,0,isolate_S,0.9695624195624195,0.9785714285714285,2.53461863427497,-11.099435891188149,4.220747470855713,1,100
breast-w,de,14,14,14,42,0,isolate_S,0.9695624195624195,0.9785714285714285,0.2926690807532868,-8.639768605028449,4.438365936279297,1,100
breast-w,ga,14,14,14,42,0,isolate_S,0.9695624195624195,0.9785714285714285,6.0282053980753325,-14.583926415205122,3.9537458419799805,1,100
breast-w,sa,14,14,14,42,0,isolate_S,0.9695624195624195,0.9785714285714285,-2.8102266275744108,-6.084017000216594,4.468443393707275,20,100
breast-w,grid,15,15,15,42,0,isolate_S,0.965990990990991,0.9714285714285714,-2.7777777777777777,-5.0,4.830172061920166,6,100
breast-w,random,15,15,15,42,0,isolate_S,0.965990990990991,0.9714285714285714,5.464961069333993,-13.30907080634805,4.547638177871704,2,100
breast-w,bo_tpe,15,15,15,42,0,isolate_S,0.965990990990991,0.9714285714285714,0.23162290660802753,-8.60624146269047,4.898021459579468,2,100
breast-w,pso,15,15,15,42,0,isolate_S,0.9677927927927928,0.9714285714285714,-2.5617386729949336,-5.713304735050292,4.122323989868164,1,100
breast-w,de,15,15,15,42,0,isolate_S,0.965990990990991,0.9714285714285714,0.8115311208507254,-8.559686459236737,4.440156936645508,1,100
breast-w,ga,15,15,15,42,0,isolate_S,0.9677767052767052,0.9714285714285714,0.9466919858291654,-9.117268660759663,4.2402184009552,1,100
breast-w,sa,15,15,15,42,0,isolate_S,0.9677927927927928,0.9714285714285714,-2.5321100235487695,-5.88459016085669,4.486962556838989,20,100
breast-w,grid,16,16,16,42,0,isolate_S,0.9731821106821107,0.9571428571428572,6.111111111111111,-7.0,4.669658660888672,6,100
breast-w,random,16,16,16,42,0,isolate_S,0.9731821106821107,0.9571428571428572,6.403935408357594,-7.1051727576782335,4.566499948501587,13,100
breast-w,bo_tpe,16,16,16,42,0,isolate_S,0.9731821106821107,0.9571428571428572,6.568715334849596,-7.222307455081191,4.645113945007324,12,100
breast-w,pso,16,16,16,42,0,isolate_S,0.9749678249678249,0.9571428571428572,11.838355852699477,-11.032275063905846,3.8343403339385986,1,100
breast-w,de,16,16,16,42,0,isolate_S,0.9713963963963964,0.95,11.317071082430644,-14.950706996937335,4.2570178508758545,1,100
breast-w,ga,16,16,16,42,0,isolate_S,0.9749678249678249,0.9571428571428572,11.874702125960479,-11.003423110523226,4.008461236953735,1,100
breast-w,sa,16,16,16,42,0,isolate_S,0.9731821106821107,0.9571428571428572,0.12070233995979796,-4.051177613299822,4.597491025924683,21,100
breast-w,grid,17,17,17,42,0,isolate_S,0.9713963963963964,0.9571428571428572,-0.5555555555555554,-7.0,4.5784523487091064,6,100
breast-w,random,17,17,17,42,0,isolate_S,0.9713963963963964,0.9571428571428572,1.3085670184836768,-8.453206123032793,4.481343984603882,13,100
breast-w,bo_tpe,17,17,17,42,0,isolate_S,0.9731821106821107,0.9571428571428572,-2.74481462219704,-5.4936418879610915,4.575182199478149,12,100
breast-w,pso,17,17,17,42,0,isolate_S,0.9731821106821107,0.9571428571428572,0.2844328074820066,-7.390350811246567,3.959705114364624,1,100
breast-w,de,17,17,17,42,0,isolate_S,0.9713963963963964,0.9571428571428572,6.83290005989109,-14.78499728643245,4.117336273193359,1,100
breast-w,ga,17,17,17,42,0,isolate_S,0.9731821106821107,0.9571428571428572,0.09976434261470768,-7.254781021961775,3.9498093128204346,1,100
breast-w,sa,17,17,17,42,0,isolate_S,0.9731821106821107,0.9571428571428572,-2.6449291407856546,-5.545515722507587,4.263269662857056,20,100
breast-w,grid,18,18,18,42,0,isolate_S,0.9678410553410555,0.95,-0.5555555555555554,-3.0,4.5894999504089355,6,100
breast-w,random,18,18,18,42,0,isolate_S,0.9678410553410555,0.95,-2.6345114826213356,-3.481421616104571,4.731163740158081,11,100
breast-w,bo_tpe,18,18,18,42,0,isolate_S,0.9678410553410555,0.9714285714285714,-2.092663680423102,-4.562906151065579,4.615126848220825,13,100
breast-w,pso,18,18,18,42,0,isolate_S,0.9678410553410555,0.9714285714285714,-2.3527968486587305,-4.364558591059232,4.197714805603027,1,100
breast-w,de,18,18,18,42,0,isolate_S,0.9660392535392536,0.9785714285714285,7.739233746429086,-14.522727106586304,4.147318124771118,1,100
breast-w,ga,18,18,18,42,0,isolate_S,0.9660392535392536,0.9785714285714285,7.739233746429086,-14.644611043333843,4.0411412715911865,1,100
breast-w,sa,18,18,18,42,0,isolate_S,0.9678410553410555,0.9642857142857143,-0.4068522541431472,-3.609108572174277,4.462068796157837,20,100
breast-w,grid,19,19,19,42,0,isolate_S,0.9641891891891892,0.9928571428571429,-0.5555555555555554,-5.0,4.856885671615601,6,100
breast-w,random,19,19,19,42,0,isolate_S,0.9642052767052768,0.9928571428571429,-0.024937129600839825,-4.629167980478936,4.6714653968811035,1,100
breast-w,bo_tpe,19,19,19,42,0,isolate_S,0.9641731016731017,0.9928571428571429,7.42340732365623,-13.433956313784472,4.518399477005005,1,100
breast-w,pso,19,19,19,42,0,isolate_S,0.9677767052767052,0.9928571428571429,-0.810902139294793,-4.326840188455259,3.9291555881500244,1,100
breast-w,de,19,19,19,42,0,isolate_S,0.9659588159588159,0.9928571428571429,-0.6069065671229472,-5.983539140632435,4.240805149078369,1,100
breast-w,ga,19,19,19,42,0,isolate_S,0.9641891891891892,0.9857142857142858,12.062890391856703,-14.395459644501642,4.0158936977386475,1,100
breast-w,sa,19,19,19,42,0,isolate_S,0.965990990990991,0.9928571428571429,-0.7967032493104216,-4.154210995349867,4.511462926864624,1,100
breast-w,grid,20,20,20,42,0,isolate_S,0.9678249678249677,0.9785714285714285,-0.5555555555555554,-5.0,4.674639463424683,6,100
breast-w,random,20,20,20,42,0,isolate_S,0.966055341055341,0.9714285714285714,9.785271587966033,-14.294619739422227,4.591540098190308,13,100
breast-w,bo_tpe,20,20,20,42,0,isolate_S,0.9678249678249677,0.9785714285714285,-0.795282299014286,-5.280359994427419,4.604899644851685,13,100
breast-w,pso,20,20,20,42,0,isolate_S,0.9678249678249677,0.9785714285714285,-0.273731170233396,-5.044223687674023,4.112010717391968,1,100
breast-w,de,20,20,20,42,0,isolate_S,0.9678249678249677,0.9785714285714285,-0.33117222863617624,-5.742298871798638,4.374355316162109,1,100
breast-w,ga,20,20,20,42,0,isolate_S,0.9660392535392536,0.9714285714285714,0.9942378107476957,-6.200257128896798,4.071901321411133,1,100
breast-w,sa,20,20,20,42,0,isolate_S,0.9678249678249677,0.9785714285714285,-0.6649409644057505,-4.8039305473647635,4.737698554992676,20,100
breast-w,grid,21,21,21,42,0,isolate_S,0.9677767052767052,0.9785714285714285,-0.5555555555555554,-5.0,4.6438868045806885,6,100
breast-w,random,21,21,21,42,0,isolate_S,0.9677767052767055,0.9857142857142858,11.578800584347263,-14.915481428534154,4.587113380432129,1,100
breast-w,bo_tpe,21,21,21,42,0,isolate_S,0.9695624195624195,0.9785714285714285,2.471258116698781,-4.927862295466026,4.468995809555054,14,100
breast-w,pso,21,21,21,42,0,isolate_S,0.9695624195624195,0.9785714285714285,2.1887035308336653,-4.584261843635899,3.829890727996826,1,100
breast-w,de,21,21,21,42,0,isolate_S,0.9677767052767052,0.9785714285714285,0.9942378107476957,-4.925499125935836,4.329801321029663,1,100
breast-w,ga,21,21,21,42,0,isolate_S,0.9695624195624195,0.9714285714285714,1.866649190863514,-3.697660620717937,3.8794820308685303,1,100
breast-w,sa,21,21,21,42,0,isolate_S,0.9677767052767052,0.9714285714285714,-2.192811073572412,-4.37555815277107,4.618785381317139,1,100
breast-w,grid,22,22,22,42,0,isolate_S,0.9677767052767052,0.9642857142857143,-2.7777777777777777,-5.0,4.566275596618652,6,100
breast-w,random,22,22,22,42,0,isolate_S,0.9677767052767052,0.9714285714285714,-0.024937129600839825,-4.629167980478936,4.538025379180908,11,100
breast-w,bo_tpe,22,22,22,42,0,isolate_S,0.9695624195624196,0.9714285714285714,-2.561720858792448,-5.868077118440331,4.694316625595093,12,100
breast-w,pso,22,22,22,42,0,isolate_S,0.9677606177606177,0.9714285714285714,0.8810348375854824,-8.184261843635898,3.848015785217285,1,100
breast-w,de,22,22,22,42,0,isolate_S,0.9677606177606177,0.9714285714285714,9.59310892859888,-14.540445691988422,4.124296426773071,1,100
breast-w,ga,22,22,22,42,0,isolate_S,0.9677606177606177,0.9642857142857143,0.4105486469757369,-2.0132098765065294,4.35445237159729,1,100
breast-w,sa,22,22,22,42,0,isolate_S,0.9695624195624196,0.9714285714285714,-1.2630175065583251,-6.654326528759508,4.232384443283081,21,100
breast-w,grid,23,23,23,42,0,isolate_S,0.9713963963963964,0.9642857142857143,3.8888888888888893,-13.0,4.834714651107788,6,100
breast-w,random,23,23,23,42,0,isolate_S,0.9713803088803088,0.9642857142857143,5.420732124082585,-14.021916209893435,4.503771543502808,12,100
breast-w,bo_tpe,23,23,23,42,0,isolate_S,0.9731821106821107,0.9571428571428572,0.6618843725327623,-3.117079364837844,4.75082802772522,12,100
breast-w,pso,23,23,23,42,0,isolate_S,0.9714124839124839,0.9571428571428572,2.291500516713291,-5.307829885840448,3.7325570583343506,1,100
breast-w,de,23,23,23,42,0,isolate_S,0.9713963963963964,0.9571428571428572,0.9648450970244724,-3.3505887916634975,4.349562644958496,1,100
breast-w,ga,23,23,23,42,0,isolate_S,0.9713963963963964,0.95,0.4105486469757369,-2.0132098765065294,4.142737627029419,1,100
breast-w,sa,23,23,23,42,0,isolate_S,0.9713803088803088,0.9642857142857143,-0.049923762181917186,-8.837149226376978,4.503772974014282,19,100
breast-w,grid,24,24,24,42,0,isolate_S,0.9731660231660232,0.9571428571428572,-0.5555555555555554,-5.0,4.727928876876831,6,100
breast-w,random,24,24,24,42,0,isolate_S,0.9731660231660232,0.9571428571428572,-0.024937129600839825,-4.629167980478936,4.562931060791016,13,100
breast-w,bo_tpe,24,24,24,42,0,isolate_S,0.9731660231660232,0.9571428571428572,0.5687718595420574,-6.3863335197184075,6.353165626525879,12,100
breast-w,pso,24,24,24,42,0,isolate_S,0.9731660231660232,0.9571428571428572,-0.273731170233396,-5.044223687674023,4.531964302062988,1,100
breast-w,de,24,24,24,42,0,isolate_S,0.9731660231660232,0.9571428571428572,-0.2166151714220712,-4.680062242024527,4.617552280426025,1,100
breast-w,ga,24,24,24,42,0,isolate_S,0.9713803088803088,0.9571428571428572,7.739233746429086,-14.644611043333843,4.418856382369995,1,100
breast-w,sa,24,24,24,42,0,isolate_S,0.9713803088803088,0.9571428571428572,-1.2526647481243602,-5.021634518672138,4.537447690963745,20,100
breast-w,grid,25,25,25,42,0,isolate_S,0.971380308880309,0.9642857142857143,3.8888888888888893,-5.0,4.713155508041382,6,100
breast-w,random,25,25,25,42,0,isolate_S,0.9695785070785071,0.9642857142857143,6.403935408357594,-7.1051727576782335,4.510180234909058,3,100
breast-w,bo_tpe,25,25,25,42,0,isolate_S,0.9713963963963964,0.9642857142857143,2.4574688743026867,-3.9896199678737787,4.5396904945373535,12,100
breast-w,pso,25,25,25,42,0,isolate_S,0.9713963963963964,0.9642857142857143,2.508758775672831,-3.949049207505158,3.9373695850372314,1,100
breast-w,de,25,25,25,42,0,isolate_S,0.9678088803088803,0.9642857142857143,7.307702229625077,-6.315830416984861,4.257720470428467,1,100
breast-w,ga,25,25,25,42,0,isolate_S,0.9695945945945945,0.9642857142857143,0.9942378107476957,-3.858464169599583,4.072538375854492,1,100
breast-w,sa,25,25,25,42,0,isolate_S,0.971380308880309,0.9642857142857143,1.2692476977470413,-3.88734068567292,4.56319522857666,20,100
breast-w,grid,26,26,26,42,0,isolate_S,0.9713159588159588,0.9642857142857143,1.666666666666667,-7.0,4.951273679733276,6,100
breast-w,random,26,26,26,42,0,isolate_S,0.9695302445302445,0.9714285714285714,5.436966435001434,-7.536085080170576,4.507495403289795,1,100
breast-w,bo_tpe,26,26,26,42,0,isolate_S,0.9713159588159588,0.9642857142857143,5.481402713767577,-11.089667431351923,4.6594109535217285,1,100
breast-w,pso,26,26,26,42,0,isolate_S,0.9695302445302445,0.9714285714285714,-0.273731170233396,-5.044223687674023,3.941333532333374,1,100
breast-w,de,26,26,26,42,0,isolate_S,0.9695302445302445,0.9642857142857143,11.317071082430644,-14.950706996937335,4.093145132064819,1,100
breast-w,ga,26,26,26,42,0,isolate_S,0.9695302445302445,0.9642857142857143,11.317071082430644,-14.950706996937335,3.973694324493408,1,100
breast-w,sa,26,26,26,42,0,isolate_S,0.9695302445302445,0.9714285714285714,-0.25326155852415355,-5.112264645433889,4.614696025848389,1,100
breast-w,grid,27,27,27,42,0,isolate_S,0.9695785070785071,0.9571428571428572,-2.7777777777777777,-5.0,4.5593743324279785,6,100
breast-w,random,27,27,27,42,0,isolate_S,0.9695785070785071,0.95,5.436966435001434,-7.536085080170576,4.362183570861816,13,100
breast-w,bo_tpe,27,27,27,42,0,isolate_S,0.9731499356499356,0.9571428571428572,-0.4413825303185916,-4.573561912376049,4.575262069702148,13,100
breast-w,pso,27,27,27,42,0,isolate_S,0.9695785070785071,0.95,9.993823171215722,-11.149049207505158,3.642791271209717,1,100
breast-w,de,27,27,27,42,0,isolate_S,0.9713481338481337,0.9642857142857143,5.9761482276409055,-14.78499728643245,4.2382895946502686,1,100
breast-w,ga,27,27,27,42,0,isolate_S,0.9695785070785071,0.95,7.739233746429086,-10.143839152250335,3.6535885334014893,1,100
breast-w,sa,27,27,27,42,0,isolate_S,0.9731499356499356,0.9571428571428572,-1.1479418474021292,-4.704111712076671,4.44138240814209,21,100
breast-w,grid,28,28,28,42,0,isolate_S,0.9767535392535394,0.9428571428571428,1.666666666666667,-5.0,4.66105318069458,7,100
breast-w,random,28,28,28,42,0,isolate_S,0.9767535392535394,0.9428571428571428,-0.024937129600839825,-4.629167980478936,4.451802968978882,13,100
breast-w,bo_tpe,28,28,28,42,0,isolate_S,0.9749839124839126,0.95,4.008436615209018,-11.729739476998288,4.594332218170166,12,100
breast-w,pso,28,28,28,42,0,isolate_S,0.9767535392535394,0.9428571428571428,2.451718256906295,-7.0081990024596585,3.72222900390625,1,100
breast-w,de,28,28,28,42,0,isolate_S,0.9749839124839126,0.95,7.273731833403647,-14.969427816410299,4.191380023956299,1,100
breast-w,ga,28,28,28,42,0,isolate_S,0.9785392535392535,0.9428571428571428,-0.41575839295455497,-4.2900810407283085,3.8969852924346924,1,100
breast-w,sa,28,28,28,42,0,isolate_S,0.9785392535392535,0.9428571428571428,-0.3263735307735045,-4.643004615056463,4.295037746429443,19,100
breast-w,grid,29,29,29,42,0,isolate_S,0.9696267696267695,0.9571428571428572,-2.7777777777777777,-5.0,4.638117551803589,6,100
breast-w,random,29,29,29,42,0,isolate_S,0.9696267696267696,0.9642857142857143,-1.7501413064725035,-3.9199278428908055,4.548698902130127,13,100
breast-w,bo_tpe,29,29,29,42,0,isolate_S,0.9696267696267696,0.9642857142857143,-1.3978022674005757,-3.9603779790095133,4.6698219776153564,13,100
breast-w,pso,29,29,29,42,0,isolate_S,0.9696267696267695,0.9642857142857143,0.8810348375854824,-8.184261843635898,4.011563777923584,1,100
breast-w,de,29,29,29,42,0,isolate_S,0.9696267696267695,0.9642857142857143,0.8115311208507254,-8.559686459236737,4.357302188873291,1,100
breast-w,ga,29,29,29,42,0,isolate_S,0.9696267696267695,0.9642857142857143,0.5621019435344454,-8.234141719961563,4.126528978347778,1,100
breast-w,sa,29,29,29,42,0,isolate_S,0.9714124839124839,0.9571428571428572,-3.600694161335841,-4.794016994528426,4.541314363479614,20,100
vehicle,grid,0,0,0,42,0,isolate_S,0.8550980392156863,0.8411764705882353,10.555555555555557,-7.0,11.198755741119385,75,100
vehicle,random,0,0,0,42,0,isolate_S,0.8565468409586057,0.8529411764705882,11.275956394049544,-7.862896664754277,10.751109838485718,58,100
vehicle,bo_tpe,0,0,0,42,0,isolate_S,0.8610021786492374,0.8588235294117647,10.187363480956355,-7.1868345668450715,15.460957527160645,12,100
vehicle,pso,0,0,0,42,0,isolate_S,0.8610021786492374,0.8470588235294118,10.542442328698193,-7.281701845771287,11.517841577529907,34,100
vehicle,de,0,0,0,42,0,isolate_S,0.8565359477124183,0.8529411764705882,13.680870319124992,-8.188060822283786,13.576618432998657,20,100
vehicle,ga,0,0,0,42,0,isolate_S,0.8565359477124183,0.8529411764705882,13.266261501312353,-8.003001590340451,15.848711013793945,20,100
vehicle,sa,0,0,0,42,0,isolate_S,0.8610021786492374,0.8470588235294118,9.283520447454276,-6.596093947598785,15.102705955505371,46,100
vehicle,grid,1,1,1,42,0,isolate_S,0.8491394335511983,0.8352941176470589,10.555555555555557,-7.0,15.959737777709961,75,100
vehicle,random,1,1,1,42,0,isolate_S,0.8565250544662308,0.8352941176470589,9.791015900985752,-6.171741444883793,12.817992925643921,61,100
vehicle,bo_tpe,1,1,1,42,0,isolate_S,0.8521023965141612,0.8352941176470589,10.850085762955873,-7.0625342103497495,13.001155138015747,15,100
vehicle,pso,1,1,1,42,0,isolate_S,0.8506209150326797,0.8352941176470589,10.6637813254594,-6.972353324367559,12.037431955337524,34,100
vehicle,de,1,1,1,42,0,isolate_S,0.8491394335511983,0.8352941176470589,9.403169514730124,-6.8714486943305,12.46642518043518,33,100
vehicle,ga,1,1,1,42,0,isolate_S,0.8505991285403051,0.8294117647058824,12.841118643735424,-8.113270100770853,18.506266117095947,37,100
vehicle,sa,1,1,1,42,0,isolate_S,0.8520806100217865,0.8294117647058824,9.18907107258428,-5.990576806037815,14.363674640655518,37,100
vehicle,grid,2,2,2,42,0,isolate_S,0.847636165577342,0.8470588235294118,15.0,-9.0,11.556807279586792,94,100
vehicle,random,2,2,2,42,0,isolate_S,0.8431808278867102,0.8411764705882353,14.273255210020587,-8.098052661136002,10.558952331542969,5,100
vehicle,bo_tpe,2,2,2,42,0,isolate_S,0.8520588235294119,0.8352941176470589,13.238298131212057,-8.343854589166305,20.75624680519104,12,100
vehicle,pso,2,2,2,42,0,isolate_S,0.841732026143791,0.8352941176470589,5.314495147944513,-5.529862907240734,9.49378228187561,21,100
vehicle,de,2,2,2,42,0,isolate_S,0.847636165577342,0.8352941176470589,14.14125047492532,-8.596202322305722,15.108457803726196,20,100
vehicle,ga,2,2,2,42,0,isolate_S,0.8520697167755993,0.8294117647058824,12.972517916135924,-7.997160464929291,17.69475221633911,20,100
vehicle,sa,2,2,2,42,0,isolate_S,0.8476579520697168,0.8352941176470589,5.15590525946191,-5.363847760093404,8.823377132415771,42,100
vehicle,grid,3,3,3,42,0,isolate_S,0.8401742919389978,0.8529411764705882,8.333333333333334,-7.0,11.134040594100952,56,100
vehicle,random,3,3,3,42,0,isolate_S,0.843148148148148,0.8470588235294118,12.930931917021262,-8.383886339137863,10.616691827774048,5,100
vehicle,bo_tpe,3,3,3,42,0,isolate_S,0.8446187363834422,0.8235294117647058,12.143873496039499,-8.91094967574359,14.269887208938599,13,100
vehicle,pso,3,3,3,42,0,isolate_S,0.8461111111111113,0.8411764705882353,11.084759141237612,-7.549049207505158,12.284579515457153,21,100
vehicle,de,3,3,3,42,0,isolate_S,0.84760348583878,0.8588235294117647,11.166708338458271,-7.500839649538482,16.07817268371582,20,100
vehicle,ga,3,3,3,42,0,isolate_S,0.844640522875817,0.8411764705882353,13.445172138601816,-8.559686459236737,13.940978527069092,16,100
vehicle,sa,3,3,3,42,0,isolate_S,0.8431372549019608,0.8411764705882353,9.00748658194556,-7.373301130661447,9.318727254867554,34,100
vehicle,grid,4,4,4,42,0,isolate_S,0.8564596949891067,0.7647058823529411,15.0,-7.0,11.325865745544434,66,100
vehicle,random,4,4,4,42,0,isolate_S,0.8579084967320263,0.7764705882352941,10.834500761653292,-5.47989144444772,10.376728057861328,6,100
vehicle,bo_tpe,4,4,4,42,0,isolate_S,0.8638344226579522,0.7647058823529411,9.614107635313605,-5.574105128282265,12.490869998931885,6,100
vehicle,pso,4,4,4,42,0,isolate_S,0.860893246187364,0.7647058823529411,10.334165430738633,-5.6876682312854845,13.308617353439331,45,100
vehicle,de,4,4,4,42,0,isolate_S,0.8549673202614378,0.7647058823529411,7.739233746429086,-4.825718145165318,10.991906881332397,21,100
vehicle,ga,4,4,4,42,0,isolate_S,0.8594771241830065,0.7823529411764706,11.832656984085384,-8.097331953704318,13.379949569702148,35,100
vehicle,sa,4,4,4,42,0,isolate_S,0.8579302832244011,0.7764705882352941,11.384012211556264,-5.9950697762116505,10.051452159881592,41,100
vehicle,grid,5,5,5,42,0,isolate_S,0.8550108932461875,0.8176470588235294,15.0,-9.0,11.359105110168457,75,100
vehicle,random,5,5,5,42,0,isolate_S,0.8609477124183005,0.8352941176470589,14.273255210020587,-8.098052661136002,10.795363903045654,5,100
vehicle,bo_tpe,5,5,5,42,0,isolate_S,0.8609477124183007,0.8294117647058824,12.334937481625909,-7.466612229889527,17.7928466796875,5,100
vehicle,pso,5,5,5,42,0,isolate_S,0.8579956427015251,0.8411764705882353,10.693442428501951,-6.756203792944423,11.343246459960938,34,100
vehicle,de,5,5,5,42,0,isolate_S,0.8624074074074075,0.8294117647058824,14.243574730060027,-8.589114341478833,16.36560344696045,56,100
vehicle,ga,5,5,5,42,0,isolate_S,0.8609586056644881,0.8352941176470589,14.303611966483606,-8.083005484606014,18.881044149398804,37,100
vehicle,sa,5,5,5,42,0,isolate_S,0.8609259259259259,0.8294117647058824,14.498639982000812,-8.704197313126059,17.820677518844604,37,100
vehicle,grid,6,6,6,42,0,isolate_S,0.8447167755991286,0.8411764705882353,12.777777777777779,-9.0,11.281573295593262,65,100
vehicle,random,6,6,6,42,0,isolate_S,0.8505773420479305,0.8411764705882353,11.275956394049544,-7.862896664754277,10.689165115356445,58,100
vehicle,bo_tpe,6,6,6,42,0,isolate_S,0.8520697167755993,0.8411764705882353,8.451607202208441,-6.445901684990448,11.432101726531982,19,100
vehicle,pso,6,6,6,42,0,isolate_S,0.8550108932461875,0.8470588235294118,10.558455950057184,-7.580820399323651,11.223170042037964,34,100
vehicle,de,6,6,6,42,0,isolate_S,0.847668845315904,0.8294117647058824,14.453015161766498,-9.84957937782476,14.900789737701416,21,100
vehicle,ga,6,6,6,42,0,isolate_S,0.8535620915032679,0.8470588235294118,7.9355740171487925,-6.322797324128618,15.064314365386963,50,100
vehicle,sa,6,6,6,42,0,isolate_S,0.8535511982570807,0.8411764705882353,8.482010624104353,-6.379436960138262,10.54787540435791,38,100
vehicle,grid,7,7,7,42,0,isolate_S,0.8416557734204794,0.8235294117647058,6.111111111111111,-5.0,11.584793090820312,56,100
vehicle,random,7,7,7,42,0,isolate_S,0.8446623093681918,0.8176470588235294,8.948575462891274,-6.83623171179476,10.575470685958862,2,100
vehicle,bo_tpe,7,7,7,42,0,isolate_S,0.8431808278867103,0.8117647058823529,8.165769221216163,-6.4978358206601845,11.53104567527771,2,100
vehicle,pso,7,7,7,42,0,isolate_S,0.8446623093681918,0.8235294117647058,10.025632191119906,-6.808663685165028,10.508240222930908,34,100
vehicle,de,7,7,7,42,0,isolate_S,0.8431590413943354,0.8294117647058824,7.132715515343598,-5.1705010978715835,11.493407487869263,9,100
vehicle,ga,7,7,7,42,0,isolate_S,0.841677559912854,0.8176470588235294,7.77425317239569,-6.110998409593873,13.793453216552734,9,100
vehicle,sa,7,7,7,42,0,isolate_S,0.8446732026143792,0.8117647058823529,7.5616898184577375,-6.229200826372974,11.784360408782959,38,100
vehicle,grid,8,8,8,42,0,isolate_S,0.8416884531590414,0.8764705882352941,15.0,-9.0,12.179362058639526,75,100
vehicle,random,8,8,8,42,0,isolate_S,0.8431917211328976,0.8941176470588236,12.930931917021262,-8.383886339137863,10.895689010620117,71,100
vehicle,bo_tpe,8,8,8,42,0,isolate_S,0.8446732026143792,0.8941176470588236,12.355088650146401,-8.134694296985007,19.828137636184692,15,100
vehicle,pso,8,8,8,42,0,isolate_S,0.8446623093681916,0.8823529411764706,14.32339553675542,-8.982192611493337,18.463168382644653,21,100
vehicle,de,8,8,8,42,0,isolate_S,0.8446623093681918,0.8823529411764706,13.843211792274104,-8.732581712914975,15.385960340499878,20,100
vehicle,ga,8,8,8,42,0,isolate_S,0.8476252723311546,0.888235294117647,13.680870319124992,-8.765518603595309,17.70069646835327,20,100
vehicle,sa,8,8,8,42,0,isolate_S,0.8328649237472765,0.8588235294117647,9.497768423659421,-6.029928020904242,9.120698928833008,29,100
vehicle,grid,9,9,9,42,0,isolate_S,0.8535511982570807,0.8588235294117647,12.777777777777779,-7.0,11.36774206161499,65,100
vehicle,random,9,9,9,42,0,isolate_S,0.8579847494553376,0.8529411764705882,9.791015900985752,-6.171741444883793,10.623404741287231,5,100
vehicle,bo_tpe,9,9,9,42,0,isolate_S,0.8580065359477125,0.8470588235294118,7.004066356064023,-5.547219250607854,12.7883882522583,5,100
vehicle,pso,9,9,9,42,0,isolate_S,0.8594880174291939,0.8411764705882353,10.420674100372283,-6.523501078595847,12.867550611495972,34,100
vehicle,de,9,9,9,42,0,isolate_S,0.8565250544662308,0.8588235294117647,12.979301589130582,-7.219838154891821,13.670628786087036,33,100
vehicle,ga,9,9,9,42,0,isolate_S,0.8594771241830065,0.8176470588235294,11.85564738898318,-8.761134004891165,14.445005893707275,44,100
vehicle,sa,9,9,9,42,0,isolate_S,0.8580065359477125,0.8411764705882353,10.107528577567926,-6.405192992236916,11.627736568450928,31,100
vehicle,grid,10,10,10,42,0,isolate_S,0.8550217864923748,0.8470588235294118,12.777777777777779,-9.0,11.389538049697876,56,100
vehicle,random,10,10,10,42,0,isolate_S,0.8609368191721133,0.8647058823529412,9.50508559639281,-5.97616112531936,10.691315412521362,2,100
vehicle,bo_tpe,10,10,10,42,0,isolate_S,0.8638888888888889,0.8411764705882353,9.670948255932135,-7.320112971673556,13.869965553283691,2,100
vehicle,pso,10,10,10,42,0,isolate_S,0.8653594771241829,0.8529411764705882,10.168941719606284,-7.441812276902137,12.241308450698853,34,100
vehicle,de,10,10,10,42,0,isolate_S,0.86239651416122,0.8529411764705882,9.403169514730124,-6.8714486943305,12.364544868469238,20,100
vehicle,ga,10,10,10,42,0,isolate_S,0.8638671023965141,0.8294117647058824,13.254525867461467,-8.090365842492002,25.745070934295654,37,100
vehicle,sa,10,10,10,42,0,isolate_S,0.8639106753812638,0.8411764705882353,8.68338750776281,-4.92567384752805,13.860418319702148,34,100
vehicle,grid,11,11,11,42,0,isolate_S,0.8595098039215687,0.8529411764705882,15.0,-9.0,11.960910320281982,46,100
vehicle,random,11,11,11,42,0,isolate_S,0.8580174291938999,0.8470588235294118,14.273255210020587,-8.098052661136002,10.799358129501343,5,100
vehicle,bo_tpe,11,11,11,42,0,isolate_S,0.8594989106753813,0.8470588235294118,14.11283610537988,-7.996349426278456,15.02421236038208,5,100
vehicle,pso,11,11,11,42,0,isolate_S,0.8624618736383443,0.8529411764705882,5.97930926036172,-5.7412934544918395,9.460818767547607,34,100
vehicle,de,11,11,11,42,0,isolate_S,0.8595098039215687,0.8588235294117647,14.911059369114179,-8.422680802552005,15.801014184951782,20,100
vehicle,ga,11,11,11,42,0,isolate_S,0.8580283224400873,0.8411764705882353,13.678334888219077,-7.835622884202677,16.820526599884033,20,100
vehicle,sa,11,11,11,42,0,isolate_S,0.86239651416122,0.8647058823529412,6.94670907442184,-5.705863571398095,10.422804117202759,35,100
vehicle,grid,12,12,12,42,0,isolate_S,0.8520261437908496,0.8352941176470589,15.0,-9.0,10.888405561447144,75,100
vehicle,random,12,12,12,42,0,isolate_S,0.8505773420479302,0.8411764705882353,14.273255210020587,-8.098052661136002,11.249141693115234,5,100
vehicle,bo_tpe,12,12,12,42,0,isolate_S,0.8550000000000001,0.8411764705882353,14.604563078766928,-8.88460191323417,18.89164686203003,5,100
vehicle,pso,12,12,12,42,0,isolate_S,0.8579956427015251,0.8529411764705882,14.41641217820752,-7.738699974170376,17.526504516601562,21,100
vehicle,de,12,12,12,42,0,isolate_S,0.8520697167755991,0.8588235294117647,13.827232645723495,-7.486725255495237,14.721593618392944,20,100
vehicle,ga,12,12,12,42,0,isolate_S,0.8535403050108933,0.8411764705882353,14.030260201485138,-8.648047342918574,15.627351999282837,20,100
vehicle,sa,12,12,12,42,0,isolate_S,0.8520806100217865,0.8352941176470589,9.48208047756771,-6.859615675071014,10.535183429718018,44,100
vehicle,grid,13,13,13,42,0,isolate_S,0.8446732026143792,0.8470588235294118,10.555555555555557,-9.0,11.245996475219727,55,100
vehicle,random,13,13,13,42,0,isolate_S,0.8461764705882352,0.8058823529411765,6.399298214025297,-4.364290297532882,10.584338665008545,2,100
vehicle,bo_tpe,13,13,13,42,0,isolate_S,0.8461328976034859,0.8176470588235294,10.108946591867895,-5.9197260505868226,11.321749448776245,2,100
vehicle,pso,13,13,13,42,0,isolate_S,0.8447167755991286,0.8117647058823529,4.611582042378828,-4.192400428661649,10.001967906951904,34,100
vehicle,de,13,13,13,42,0,isolate_S,0.8461328976034859,0.8411764705882353,13.680870319124992,-8.559686459236737,14.685227870941162,16,100
vehicle,ga,13,13,13,42,0,isolate_S,0.8461328976034859,0.8411764705882353,13.680870319124992,-8.559686459236737,14.450826168060303,16,100
vehicle,sa,13,13,13,42,0,isolate_S,0.8461437908496732,0.8529411764705882,7.249499121834999,-7.106418329169728,13.990672588348389,51,100
vehicle,grid,14,14,14,42,0,isolate_S,0.8343137254901961,0.8647058823529412,10.555555555555557,-7.0,12.886378765106201,65,100
vehicle,random,14,14,14,42,0,isolate_S,0.8387254901960783,0.8529411764705882,8.948575462891274,-6.83623171179476,10.32077693939209,66,100
vehicle,bo_tpe,14,14,14,42,0,isolate_S,0.8461328976034859,0.8764705882352941,12.262582970788072,-8.957154311538362,14.22366213798523,24,100
vehicle,pso,14,14,14,42,0,isolate_S,0.8372549019607842,0.8588235294117647,12.541246343495384,-7.756195545563876,12.368681192398071,21,100
vehicle,de,14,14,14,42,0,isolate_S,0.8387254901960783,0.8705882352941177,9.499550802315664,-6.38932616352136,11.094144821166992,16,100
vehicle,ga,14,14,14,42,0,isolate_S,0.8387254901960783,0.8588235294117647,11.541311491782896,-8.196348916944693,13.6504065990448,16,100
vehicle,sa,14,14,14,42,0,isolate_S,0.8372549019607843,0.8764705882352941,15.0,-10.423966999847394,11.924239873886108,36,100
vehicle,grid,15,15,15,42,0,isolate_S,0.8506100217864923,0.8117647058823529,8.333333333333334,-7.0,10.856561183929443,56,100
vehicle,random,15,15,15,42,0,isolate_S,0.8520588235294119,0.8352941176470589,9.791015900985752,-6.171741444883793,10.131478548049927,17,100
vehicle,bo_tpe,15,15,15,42,0,isolate_S,0.8550435729847494,0.8294117647058824,10.418865072450835,-6.492176822629499,14.239765644073486,36,100
vehicle,pso,15,15,15,42,0,isolate_S,0.8550326797385621,0.8176470588235294,5.312584997686674,-4.9630154335026475,9.692564249038696,27,100
vehicle,de,15,15,15,42,0,isolate_S,0.8535729847494554,0.8294117647058824,10.659059814471329,-6.582753213016069,11.84192967414856,47,100
vehicle,ga,15,15,15,42,0,isolate_S,0.8535511982570807,0.8294117647058824,9.922016156345062,-6.1106355391118505,12.155444622039795,54,100
vehicle,sa,15,15,15,42,0,isolate_S,0.8564814814814815,0.8235294117647058,5.767255281059251,-5.075773887812226,9.837595462799072,43,100
vehicle,grid,16,16,16,42,0,isolate_S,0.843202614379085,0.8823529411764706,12.777777777777779,-7.0,10.963342428207397,85,100
vehicle,random,16,16,16,42,0,isolate_S,0.846165577342048,0.888235294117647,14.273255210020587,-8.098052661136002,10.364767789840698,5,100
vehicle,bo_tpe,16,16,16,42,0,isolate_S,0.8506100217864925,0.8823529411764706,11.704381882402341,-6.362244163464272,19.303446769714355,5,100
vehicle,pso,16,16,16,42,0,isolate_S,0.8506209150326798,0.8764705882352941,11.141881694476691,-6.067072805340079,14.320469379425049,42,100
vehicle,de,16,16,16,42,0,isolate_S,0.8490958605664488,0.888235294117647,14.335366386235966,-7.999414368376132,15.434452295303345,20,100
vehicle,ga,16,16,16,42,0,isolate_S,0.8520588235294119,0.8941176470588236,13.569652584389122,-7.6718674376041065,17.231931924819946,20,100
vehicle,sa,16,16,16,42,0,isolate_S,0.8461437908496732,0.8764705882352941,12.02679475000086,-6.893390118142136,13.056378602981567,50,100
vehicle,grid,17,17,17,42,0,isolate_S,0.8535729847494554,0.8294117647058824,12.777777777777779,-9.0,11.051341772079468,56,100
vehicle,random,17,17,17,42,0,isolate_S,0.8521023965141612,0.8352941176470589,12.930931917021262,-8.383886339137863,10.542954206466675,5,100
vehicle,bo_tpe,17,17,17,42,0,isolate_S,0.8580283224400871,0.8235294117647058,9.92086387441862,-7.589360172003067,15.49413251876831,33,100
vehicle,pso,17,17,17,42,0,isolate_S,0.8565468409586057,0.8294117647058824,11.185151084632876,-8.169730780682467,12.088809490203857,61,100
vehicle,de,17,17,17,42,0,isolate_S,0.8521132897603486,0.8176470588235294,11.930190581703126,-8.559686459236737,13.52731966972351,20,100
vehicle,ga,17,17,17,42,0,isolate_S,0.8580174291938999,0.8411764705882353,10.867031855527692,-7.939772125529353,15.42315411567688,46,100
vehicle,sa,17,17,17,42,0,isolate_S,0.8565468409586057,0.8470588235294118,11.95147423168296,-8.350590679312221,12.111029148101807,52,100
vehicle,grid,18,18,18,42,0,isolate_S,0.8417102396514162,0.8529411764705882,10.555555555555557,-7.0,11.029958724975586,75,100
vehicle,random,18,18,18,42,0,isolate_S,0.8446514161220045,0.8470588235294118,14.273255210020587,-8.098052661136002,10.592324495315552,5,100
vehicle,bo_tpe,18,18,18,42,0,isolate_S,0.8461764705882354,0.8470588235294118,14.204921813390555,-8.64680847522836,19.574652433395386,5,100
vehicle,pso,18,18,18,42,0,isolate_S,0.844694989106754,0.8294117647058824,14.15625835941259,-8.74053434500108,16.50304341316223,21,100
vehicle,de,18,18,18,42,0,isolate_S,0.8461873638344228,0.8294117647058824,13.448687685015132,-8.559686459236737,15.258455991744995,20,100
vehicle,ga,18,18,18,42,0,isolate_S,0.8461873638344228,0.8294117647058824,13.480536953097571,-8.564524758315835,16.21941876411438,20,100
vehicle,sa,18,18,18,42,0,isolate_S,0.8446514161220045,0.8529411764705882,13.347735557970955,-7.678026584852181,14.606775522232056,36,100
vehicle,grid,19,19,19,42,0,isolate_S,0.849193899782135,0.8470588235294118,8.333333333333334,-7.0,10.804736137390137,65,100
vehicle,random,19,19,19,42,0,isolate_S,0.8477124183006536,0.8529411764705882,11.275956394049544,-7.862896664754277,10.25391697883606,58,100
vehicle,bo_tpe,19,19,19,42,0,isolate_S,0.8536383442265795,0.8411764705882353,9.182525308415155,-7.217942512713808,13.39143991470337,25,100
vehicle,pso,19,19,19,42,0,isolate_S,0.8476906318082789,0.8588235294117647,12.856174727729076,-7.975727087017324,14.922821283340454,17,100
vehicle,de,19,19,19,42,0,isolate_S,0.8462527233115468,0.8470588235294118,10.195392856485222,-7.415386147978838,11.347082376480103,43,100
vehicle,ga,19,19,19,42,0,isolate_S,0.8521677559912855,0.8411764705882353,9.527733497077293,-7.399346360253549,15.988430976867676,37,100
vehicle,sa,19,19,19,42,0,isolate_S,0.8492047930283224,0.8529411764705882,8.368283743719502,-6.748917751188916,8.76515507698059,43,100
vehicle,grid,20,20,20,42,0,isolate_S,0.838769063180828,0.8352941176470589,6.111111111111111,-5.0,12.620530843734741,56,100
vehicle,random,20,20,20,42,0,isolate_S,0.8446623093681918,0.8294117647058824,14.273255210020587,-8.098052661136002,10.466336727142334,5,100
vehicle,bo_tpe,20,20,20,42,0,isolate_S,0.8475925925925927,0.8235294117647058,10.46170446565927,-6.681351449252413,16.807927131652832,5,100
vehicle,pso,20,20,20,42,0,isolate_S,0.847636165577342,0.8235294117647058,14.117637027859647,-8.244630487844756,20.27844548225403,21,100
vehicle,de,20,20,20,42,0,isolate_S,0.84760348583878,0.8235294117647058,14.637326611175004,-7.999414368376132,15.783830642700195,50,100
vehicle,ga,20,20,20,42,0,isolate_S,0.8491176470588234,0.8235294117647058,13.949285532959372,-8.090696655856505,15.898873567581177,37,100
vehicle,sa,20,20,20,42,0,isolate_S,0.8461437908496732,0.8352941176470589,12.81298531774539,-7.170312651535434,12.762571096420288,47,100
vehicle,grid,21,21,21,42,0,isolate_S,0.846165577342048,0.8529411764705882,10.555555555555557,-7.0,11.794334650039673,56,100
vehicle,random,21,21,21,42,0,isolate_S,0.84760348583878,0.8529411764705882,7.055267521432878,-5.192102706055856,10.371049404144287,2,100
vehicle,bo_tpe,21,21,21,42,0,isolate_S,0.8653703703703706,0.8176470588235294,13.674340899756828,-7.0682846916989766,14.569969892501831,93,100
vehicle,pso,21,21,21,42,0,isolate_S,0.8653594771241832,0.8235294117647058,13.255571392765393,-6.930942341300317,17.10783576965332,53,100
vehicle,de,21,21,21,42,0,isolate_S,0.8550000000000001,0.8235294117647058,11.317071082430644,-6.25855015759789,12.11158299446106,28,100
vehicle,ga,21,21,21,42,0,isolate_S,0.8564705882352941,0.8235294117647058,12.26357844699773,-6.4848253728702,13.261301040649414,56,100
vehicle,sa,21,21,21,42,0,isolate_S,0.8461220043572985,0.8411764705882353,8.599962653171875,-5.042083356576561,8.644991874694824,38,100
vehicle,grid,22,22,22,42,0,isolate_S,0.8447167755991286,0.8705882352941177,15.0,-9.0,11.341930627822876,75,100
vehicle,random,22,22,22,42,0,isolate_S,0.8446840958605664,0.8588235294117647,14.273255210020587,-8.098052661136002,10.238023042678833,5,100
vehicle,bo_tpe,22,22,22,42,0,isolate_S,0.8491394335511983,0.8647058823529412,13.536053459846803,-8.074299864027864,19.93757677078247,5,100
vehicle,pso,22,22,22,42,0,isolate_S,0.846165577342048,0.8588235294117647,14.703724887806157,-8.368743223404614,17.661258697509766,21,100
vehicle,de,22,22,22,42,0,isolate_S,0.84619825708061,0.8764705882352941,14.243574730060027,-8.589114341478833,14.778686761856079,20,100
vehicle,ga,22,22,22,42,0,isolate_S,0.8521023965141612,0.8705882352941177,14.54145887454766,-8.43118399395851,16.31379771232605,43,100
vehicle,sa,22,22,22,42,0,isolate_S,0.8476797385620914,0.8647058823529412,15.0,-8.782375290877471,12.986740350723267,51,100
vehicle,grid,23,23,23,42,0,isolate_S,0.8521132897603486,0.8647058823529412,10.555555555555557,-5.0,11.062679767608643,66,100
vehicle,random,23,23,23,42,0,isolate_S,0.8536056644880174,0.8470588235294118,11.146379174500215,-4.7561867049373205,10.339357852935791,59,100
vehicle,bo_tpe,23,23,23,42,0,isolate_S,0.8595206971677559,0.8470588235294118,9.33187443954263,-4.619230857213934,12.447914123535156,45,100
vehicle,pso,23,23,23,42,0,isolate_S,0.8550980392156863,0.8470588235294118,10.898713962360784,-4.633876253162368,13.806217432022095,17,100
vehicle,de,23,23,23,42,0,isolate_S,0.85359477124183,0.8529411764705882,9.59310892859888,-4.843436730567436,11.304751634597778,9,100
vehicle,ga,23,23,23,42,0,isolate_S,0.8580392156862746,0.8647058823529412,12.300303014592675,-5.548022080986801,12.813762187957764,9,100
vehicle,sa,23,23,23,42,0,isolate_S,0.8550980392156863,0.8470588235294118,12.028653507296951,-4.59851451872467,10.704069137573242,38,100
vehicle,grid,24,24,24,42,0,isolate_S,0.8609586056644881,0.8588235294117647,15.0,-9.0,11.10939884185791,94,100
vehicle,random,24,24,24,42,0,isolate_S,0.8550217864923747,0.8470588235294118,12.930931917021262,-8.383886339137863,10.31856656074524,58,100
vehicle,bo_tpe,24,24,24,42,0,isolate_S,0.8609586056644881,0.8529411764705882,14.953209672316364,-8.952293662903012,20.595253705978394,18,100
vehicle,pso,24,24,24,42,0,isolate_S,0.8579847494553376,0.8588235294117647,12.821254990944006,-8.436972892519622,12.340315818786621,21,100
vehicle,de,24,24,24,42,0,isolate_S,0.8624291938997821,0.8470588235294118,14.000457390098685,-8.676717757503901,15.350422620773315,20,100
vehicle,ga,24,24,24,42,0,isolate_S,0.8609477124183007,0.8529411764705882,13.537247095009198,-8.559286820533469,15.505666494369507,20,100
vehicle,sa,24,24,24,42,0,isolate_S,0.8565141612200436,0.8470588235294118,14.421547051402671,-8.038439908080031,11.227701425552368,36,100
vehicle,grid,25,25,25,42,0,isolate_S,0.8505773420479302,0.8294117647058824,8.333333333333334,-5.0,10.801594495773315,56,100
vehicle,random,25,25,25,42,0,isolate_S,0.8565032679738561,0.8294117647058824,6.840838625436781,-4.69946569576428,10.085695028305054,5,100
vehicle,bo_tpe,25,25,25,42,0,isolate_S,0.8550326797385621,0.8352941176470589,7.874710597796168,-5.024028732757698,10.322745084762573,2,100
vehicle,pso,25,25,25,42,0,isolate_S,0.8521023965141612,0.8117647058823529,14.818282684616053,-8.429178954816607,18.263383150100708,42,100
vehicle,de,25,25,25,42,0,isolate_S,0.855065359477124,0.8117647058823529,13.768363676265732,-8.011654771668928,12.893311023712158,60,100
vehicle,ga,25,25,25,42,0,isolate_S,0.8535729847494553,0.8176470588235294,13.575078292759057,-8.009255750613107,15.141663789749146,44,100
vehicle,sa,25,25,25,42,0,isolate_S,0.8521023965141612,0.8117647058823529,14.068714547332094,-8.189740691230686,11.265676975250244,36,100
vehicle,grid,26,26,26,42,0,isolate_S,0.8505337690631809,0.8470588235294118,10.555555555555557,-7.0,10.867979526519775,56,100
vehicle,random,26,26,26,42,0,isolate_S,0.8520479302832245,0.8470588235294118,9.791015900985752,-6.171741444883793,10.292673110961914,58,100
vehicle,bo_tpe,26,26,26,42,0,isolate_S,0.8535403050108933,0.8529411764705882,8.765073866297302,-5.802187677017102,16.12223768234253,12,100
vehicle,pso,26,26,26,42,0,isolate_S,0.8535403050108933,0.8411764705882353,9.646931481426972,-5.923846561832273,10.516359567642212,34,100
vehicle,de,26,26,26,42,0,isolate_S,0.853507625272331,0.8411764705882353,14.30243686690409,-9.117134911119944,14.79725956916809,16,100
vehicle,ga,26,26,26,42,0,isolate_S,0.8535185185185185,0.8352941176470589,14.1901574278131,-9.346941771864365,14.256862878799438,16,100
vehicle,sa,26,26,26,42,0,isolate_S,0.8535403050108933,0.8352941176470589,7.155700618144244,-6.081366075384795,11.819681167602539,41,100
vehicle,grid,27,27,27,42,0,isolate_S,0.8579956427015251,0.8058823529411765,12.777777777777779,-7.0,11.784844875335693,56,100
vehicle,random,27,27,27,42,0,isolate_S,0.8550217864923748,0.8,9.791015900985752,-6.171741444883793,10.346931219100952,2,100
vehicle,bo_tpe,27,27,27,42,0,isolate_S,0.866851851851852,0.788235294117647,12.434055302521235,-6.722173351030397,17.8762047290802,17,100
vehicle,pso,27,27,27,42,0,isolate_S,0.8624400871459695,0.8,13.419258514730942,-7.203806430548989,17.357155084609985,21,100
vehicle,de,27,27,27,42,0,isolate_S,0.8579956427015251,0.7941176470588235,11.30532792370116,-6.586014992978425,14.940503120422363,20,100
vehicle,ga,27,27,27,42,0,isolate_S,0.8624400871459695,0.8058823529411765,13.197429582663887,-7.097785966215456,16.130791664123535,63,100
vehicle,sa,27,27,27,42,0,isolate_S,0.8609368191721133,0.788235294117647,12.603746335435169,-6.7334781529463905,13.492019414901733,40,100
vehicle,grid,28,28,28,42,0,isolate_S,0.8476143790849673,0.8352941176470589,6.111111111111111,-5.0,10.944128513336182,56,100
vehicle,random,28,28,28,42,0,isolate_S,0.8432135076252724,0.8470588235294118,11.275956394049544,-7.862896664754277,10.279497861862183,2,100
vehicle,bo_tpe,28,28,28,42,0,isolate_S,0.8461655773420478,0.8529411764705882,13.678596612741638,-9.256251426105608,14.151113510131836,2,100
vehicle,pso,28,28,28,42,0,isolate_S,0.8491394335511983,0.8588235294117647,14.081527898226325,-9.039717088379192,18.418654680252075,17,100
vehicle,de,28,28,28,42,0,isolate_S,0.8491176470588236,0.8588235294117647,14.000457390098685,-8.985435107277105,14.899522542953491,30,100
vehicle,ga,28,28,28,42,0,isolate_S,0.8491285403050111,0.8470588235294118,14.242725392854217,-9.038317436434891,16.433488607406616,46,100
vehicle,sa,28,28,28,42,0,isolate_S,0.8490740740740742,0.8588235294117647,8.67031696090531,-5.96511233270456,11.876197338104248,59,100
vehicle,grid,29,29,29,42,0,isolate_S,0.8313725490196078,0.888235294117647,6.111111111111111,-5.0,12.769197225570679,56,100
vehicle,random,29,29,29,42,0,isolate_S,0.8328540305010893,0.8647058823529412,5.712656060499166,-4.381620425617722,10.806201934814453,54,100
vehicle,bo_tpe,29,29,29,42,0,isolate_S,0.8298910675381265,0.8764705882352941,7.6600629382013175,-5.07917724338512,12.027287483215332,6,100
vehicle,pso,29,29,29,42,0,isolate_S,0.8298910675381264,0.8764705882352941,6.567872402689106,-5.814566159287128,9.59552001953125,21,100
vehicle,de,29,29,29,42,0,isolate_S,0.8284095860566449,0.8823529411764706,10.787193915038191,-7.6835427183371845,10.955334424972534,13,100
vehicle,ga,29,29,29,42,0,isolate_S,0.8299237472766885,0.888235294117647,11.831136804175848,-6.201344778719337,14.03098750114441,13,100
vehicle,sa,29,29,29,42,0,isolate_S,0.8299019607843137,0.888235294117647,4.928522940073961,-4.7205025393038,8.654672384262085,24,100
wdbc,grid,0,0,0,42,0,isolate_S,0.9824175824175825,0.9736842105263158,1.666666666666667,-5.0,5.556807041168213,26,100
wdbc,random,0,0,0,42,0,isolate_S,0.9802197802197803,0.9736842105263158,8.062166509307968,-10.440751154283923,5.25302791595459,15,100
wdbc,bo_tpe,0,0,0,42,0,isolate_S,0.9824175824175825,0.9736842105263158,9.381048859528434,-11.07066034330779,4.339053153991699,15,100
wdbc,pso,0,0,0,42,0,isolate_S,0.9824175824175825,0.9736842105263158,1.3125849976866735,-4.927780772195349,4.990370273590088,1,100
wdbc,de,0,0,0,42,0,isolate_S,0.9824175824175825,0.9736842105263158,7.739233746429086,-9.715859261899304,4.154331922531128,1,100
wdbc,ga,0,0,0,42,0,isolate_S,0.9824175824175825,0.9736842105263158,7.264780083241144,-9.423637695450674,3.982964038848877,1,100
wdbc,sa,0,0,0,42,0,isolate_S,0.9846153846153847,0.9736842105263158,2.0072868583344174,-4.859817788860506,4.747064590454102,24,100
wdbc,grid,1,1,1,42,0,isolate_S,0.9802197802197803,0.9824561403508771,1.666666666666667,-5.0,5.424673080444336,36,100
wdbc,random,1,1,1,42,0,isolate_S,0.9780219780219781,0.9824561403508771,8.952623918545298,-13.915941510673143,5.304903745651245,15,100
wdbc,bo_tpe,1,1,1,42,0,isolate_S,0.9802197802197803,0.9824561403508771,2.1049160964523654,-5.384241014432047,5.063528299331665,12,100
wdbc,pso,1,1,1,42,0,isolate_S,0.9824175824175825,0.9736842105263158,2.32339553675542,-4.854753280039518,4.294615983963013,25,100
wdbc,de,1,1,1,42,0,isolate_S,0.9780219780219781,0.9824561403508771,3.4250971496797176,-8.979592340209734,4.573740005493164,1,100
wdbc,ga,1,1,1,42,0,isolate_S,0.9758241758241759,0.9824561403508771,9.905255376014875,-14.42584475655829,4.411455154418945,1,100
wdbc,sa,1,1,1,42,0,isolate_S,0.9802197802197803,0.9824561403508771,9.841610803625343,-15.0,4.398216485977173,24,100
wdbc,grid,2,2,2,42,0,isolate_S,0.9758241758241759,0.9824561403508771,8.333333333333334,-15.0,5.16993260383606,25,100
wdbc,random,2,2,2,42,0,isolate_S,0.9780219780219781,0.9824561403508771,9.088288038470655,-14.42689926843646,4.96237587928772,21,100
wdbc,bo_tpe,2,2,2,42,0,isolate_S,0.9780219780219781,0.9824561403508771,6.138308623309868,-11.463602528562808,4.715440273284912,15,100
wdbc,pso,2,2,2,42,0,isolate_S,0.9780219780219781,0.9824561403508771,9.370132621986352,-14.78082039932365,4.493692398071289,2,100
wdbc,de,2,2,2,42,0,isolate_S,0.9780219780219781,0.9824561403508771,0.08718227070543527,-6.17390717864337,4.69350004196167,1,100
wdbc,ga,2,2,2,42,0,isolate_S,0.9780219780219781,0.9736842105263158,8.93720181261333,-14.395459644501642,4.296522617340088,1,100
wdbc,sa,2,2,2,42,0,isolate_S,0.9780219780219781,0.9912280701754386,2.287423555839104,-7.05124278624788,4.477273941040039,24,100
wdbc,grid,3,3,3,42,0,isolate_S,0.9780219780219781,0.9824561403508771,3.8888888888888893,-7.0,5.168853521347046,25,100
wdbc,random,3,3,3,42,0,isolate_S,0.9758241758241759,0.9824561403508771,11.578800584347263,-14.915481428534154,5.038241624832153,15,100
wdbc,bo_tpe,3,3,3,42,0,isolate_S,0.9780219780219781,0.9824561403508771,4.378360023144625,-7.442815916011817,4.334641456604004,14,100
wdbc,pso,3,3,3,42,0,isolate_S,0.9780219780219781,0.9736842105263158,2.291500516713291,-5.307829885840448,4.343465566635132,2,100
wdbc,de,3,3,3,42,0,isolate_S,0.9780219780219781,0.9824561403508771,3.0507686430383467,-6.379595813951105,4.385601043701172,1,100
wdbc,ga,3,3,3,42,0,isolate_S,0.9780219780219781,0.9824561403508771,5.507086449514517,-8.19386396547915,4.124356985092163,1,100
wdbc,sa,3,3,3,42,0,isolate_S,0.9780219780219781,0.9824561403508771,4.509952634010872,-7.572842376042013,4.335177898406982,16,100
wdbc,grid,4,4,4,42,0,isolate_S,0.9780219780219781,0.9649122807017544,1.666666666666667,-5.0,5.205196857452393,26,100
wdbc,random,4,4,4,42,0,isolate_S,0.9802197802197801,0.9736842105263158,8.126591789305468,-12.512706875724952,5.2457075119018555,15,100
wdbc,bo_tpe,4,4,4,42,0,isolate_S,0.9802197802197803,0.9649122807017544,3.265051239095549,-6.688447373523106,4.975951910018921,15,100
wdbc,pso,4,4,4,42,0,isolate_S,0.9802197802197803,0.9649122807017544,2.291500516713291,-5.307829885840448,4.240655183792114,1,100
wdbc,de,4,4,4,42,0,isolate_S,0.9802197802197801,0.9736842105263158,11.317071082430644,-14.950706996937335,4.3046839237213135,1,100
wdbc,ga,4,4,4,42,0,isolate_S,0.9802197802197801,0.9736842105263158,11.317071082430644,-14.950706996937335,4.122977256774902,1,100
wdbc,sa,4,4,4,42,0,isolate_S,0.9802197802197801,0.9736842105263158,9.018558622918185,-13.306487295101018,4.201251745223999,24,100
wdbc,grid,5,5,5,42,0,isolate_S,0.9780219780219781,0.9824561403508771,10.555555555555557,-13.0,5.354547739028931,35,100
wdbc,random,5,5,5,42,0,isolate_S,0.9758241758241759,0.9824561403508771,11.758898149976076,-13.270228657908664,5.125086307525635,15,100
wdbc,bo_tpe,5,5,5,42,0,isolate_S,0.9758241758241759,0.9824561403508771,8.574867605656413,-11.316091702346677,4.619113445281982,11,100
wdbc,pso,5,5,5,42,0,isolate_S,0.9780219780219781,0.9824561403508771,10.758567589805564,-13.225928142373135,4.672042608261108,1,100
wdbc,de,5,5,5,42,0,isolate_S,0.9780219780219781,0.9824561403508771,10.848080993942672,-12.864931240925571,4.501499652862549,1,100
wdbc,ga,5,5,5,42,0,isolate_S,0.9780219780219781,0.9824561403508771,5.256138886334986,-8.223059565210537,4.187298536300659,1,100
wdbc,sa,5,5,5,42,0,isolate_S,0.9758241758241759,0.9824561403508771,9.565414892321792,-11.575197870412552,4.356606483459473,16,100
wdbc,grid,6,6,6,42,0,isolate_S,0.9780219780219781,0.9912280701754386,8.333333333333334,-15.0,5.255361795425415,36,100
wdbc,random,6,6,6,42,0,isolate_S,0.9758241758241759,0.9912280701754386,8.952623918545298,-13.915941510673143,4.951679468154907,5,100
wdbc,bo_tpe,6,6,6,42,0,isolate_S,0.9780219780219781,0.9912280701754386,5.653482916657133,-12.354025166528851,4.631093978881836,17,100
wdbc,pso,6,6,6,42,0,isolate_S,0.9780219780219781,0.9824561403508771,5.250044250073785,-6.962055891756716,4.330278396606445,2,100
wdbc,de,6,6,6,42,0,isolate_S,0.9780219780219781,0.9912280701754386,10.390133491345747,-14.702502560486476,4.342581033706665,1,100
wdbc,ga,6,6,6,42,0,isolate_S,0.9780219780219781,0.9912280701754386,9.344945871761375,-14.962658109583801,4.0653181076049805,1,100
wdbc,sa,6,6,6,42,0,isolate_S,0.9780219780219781,0.9824561403508771,4.671823729370448,-6.519134112581622,4.521801710128784,27,100
wdbc,grid,7,7,7,42,0,isolate_S,0.9846153846153847,0.9649122807017544,3.8888888888888893,-7.0,5.2518486976623535,26,100
wdbc,random,7,7,7,42,0,isolate_S,0.9802197802197803,0.9649122807017544,5.436966435001434,-7.536085080170576,5.113844394683838,15,100
wdbc,bo_tpe,7,7,7,42,0,isolate_S,0.9824175824175825,0.956140350877193,11.882307578102479,-14.706888139670845,4.4186036586761475,14,100
wdbc,pso,7,7,7,42,0,isolate_S,0.9868131868131869,0.9649122807017544,4.728969666572489,-7.580820399323651,4.259917259216309,25,100
wdbc,de,7,7,7,42,0,isolate_S,0.9824175824175825,0.9649122807017544,11.265404784005447,-14.23844853809148,4.289047479629517,1,100
wdbc,ga,7,7,7,42,0,isolate_S,0.9846153846153847,0.9649122807017544,5.256138886334986,-8.223059565210537,4.210721731185913,1,100
wdbc,sa,7,7,7,42,0,isolate_S,0.9846153846153847,0.956140350877193,2.7961492087888447,-6.295969072921513,4.569610357284546,17,100
wdbc,grid,8,8,8,42,0,isolate_S,0.9802197802197803,0.9912280701754386,1.666666666666667,-5.0,5.147569894790649,25,100
wdbc,random,8,8,8,42,0,isolate_S,0.9780219780219781,0.9736842105263158,2.19015801147572,-7.133424831611854,4.9371702671051025,15,100
wdbc,bo_tpe,8,8,8,42,0,isolate_S,0.9824175824175825,0.9824561403508771,2.651155491074629,-6.3909236743000895,4.683604717254639,16,100
wdbc,pso,8,8,8,42,0,isolate_S,0.9824175824175825,0.9824561403508771,2.327678902296629,-5.640623283354502,4.453340291976929,1,100
wdbc,de,8,8,8,42,0,isolate_S,0.9780219780219781,0.9736842105263158,11.317071082430644,-14.950706996937335,4.309405088424683,1,100
wdbc,ga,8,8,8,42,0,isolate_S,0.9802197802197803,0.9824561403508771,3.244897887872582,-6.93019466893346,4.052043676376343,6,100
wdbc,sa,8,8,8,42,0,isolate_S,0.9824175824175825,0.9824561403508771,2.0092237807040383,-6.015511024962166,4.37235951423645,24,100
wdbc,grid,9,9,9,42,0,isolate_S,0.9758241758241759,0.9824561403508771,1.666666666666667,-7.0,5.268566370010376,26,100
wdbc,random,9,9,9,42,0,isolate_S,0.9758241758241759,0.9824561403508771,2.19015801147572,-7.133424831611854,4.976694345474243,2,100
wdbc,bo_tpe,9,9,9,42,0,isolate_S,0.9802197802197803,0.9824561403508771,1.5388033867704514,-6.560090394675641,4.999544382095337,2,100
wdbc,pso,9,9,9,42,0,isolate_S,0.9758241758241759,0.9824561403508771,1.2138153601434825,-5.439717088379191,4.4557435512542725,2,100
wdbc,de,9,9,9,42,0,isolate_S,0.9714285714285715,0.9912280701754386,8.861103228577548,-14.950706996937335,4.407073259353638,1,100
wdbc,ga,9,9,9,42,0,isolate_S,0.9780219780219781,0.9824561403508771,0.7189888210995115,-5.253633975593781,4.294375896453857,6,100
wdbc,sa,9,9,9,42,0,isolate_S,0.9780219780219781,0.9824561403508771,1.1855355710482098,-6.482424242432939,4.765317678451538,18,100
wdbc,grid,10,10,10,42,0,isolate_S,0.9714285714285715,0.9824561403508771,8.333333333333334,-13.0,5.215329170227051,26,100
wdbc,random,10,10,10,42,0,isolate_S,0.9736263736263737,0.9824561403508771,8.952623918545298,-13.915941510673143,5.262169122695923,15,100
wdbc,bo_tpe,10,10,10,42,0,isolate_S,0.9736263736263737,0.9824561403508771,7.967820659513043,-12.885896873974417,4.687140226364136,14,100
wdbc,pso,10,10,10,42,0,isolate_S,0.9714285714285713,0.9824561403508771,2.291500516713291,-5.307829885840448,4.618417739868164,1,100
wdbc,de,10,10,10,42,0,isolate_S,0.9736263736263737,0.9824561403508771,9.672129927829722,-14.702502560486476,4.205575227737427,6,100
wdbc,ga,10,10,10,42,0,isolate_S,0.9736263736263737,0.9736842105263158,9.014517082821447,-14.50555612884468,4.191823482513428,6,100
wdbc,sa,10,10,10,42,0,isolate_S,0.9736263736263737,0.9824561403508771,9.393801028777213,-14.277410124266222,4.376898527145386,27,100
wdbc,grid,11,11,11,42,0,isolate_S,0.9846153846153847,0.9649122807017544,3.8888888888888893,-7.0,5.5489513874053955,26,100
wdbc,random,11,11,11,42,0,isolate_S,0.989010989010989,0.9649122807017544,4.123006644330971,-4.768188920364327,4.890434503555298,2,100
wdbc,bo_tpe,11,11,11,42,0,isolate_S,0.9868131868131869,0.9649122807017544,3.5455810173819478,-4.303762208509871,5.07869029045105,2,100
wdbc,pso,11,11,11,42,0,isolate_S,0.989010989010989,0.9649122807017544,5.9934014762192955,-8.184167776275704,4.0499184131622314,1,100
wdbc,de,11,11,11,42,0,isolate_S,0.9868131868131869,0.9649122807017544,7.307702229625077,-8.845096583219137,4.409574270248413,1,100
wdbc,ga,11,11,11,42,0,isolate_S,0.989010989010989,0.9649122807017544,5.564734969047324,-7.853708346562316,4.115839004516602,1,100
wdbc,sa,11,11,11,42,0,isolate_S,0.9868131868131869,0.9649122807017544,6.444148169743413,-8.327684853466522,4.515469074249268,24,100
wdbc,grid,12,12,12,42,0,isolate_S,0.9692307692307693,0.9912280701754386,8.333333333333334,-13.0,5.445620536804199,26,100
wdbc,random,12,12,12,42,0,isolate_S,0.9714285714285715,0.9824561403508771,9.785271587966033,-14.294619739422227,5.325180530548096,21,100
wdbc,bo_tpe,12,12,12,42,0,isolate_S,0.9714285714285715,0.9824561403508771,7.736534864748788,-12.272108369316445,4.555021286010742,12,100
wdbc,pso,12,12,12,42,0,isolate_S,0.9714285714285713,0.9824561403508771,8.652580864332108,-12.90221163021785,4.2208616733551025,2,100
wdbc,de,12,12,12,42,0,isolate_S,0.9714285714285713,0.9824561403508771,7.732804378953669,-11.957604751002533,4.220016717910767,6,100
wdbc,ga,12,12,12,42,0,isolate_S,0.9714285714285715,0.9824561403508771,1.3468678922063129,-7.152478497577143,4.253636121749878,6,100
wdbc,sa,12,12,12,42,0,isolate_S,0.9714285714285713,0.9824561403508771,2.3923422809528345,-6.910216037687856,4.5370423793792725,16,100
wdbc,grid,13,13,13,42,0,isolate_S,0.9780219780219781,0.9824561403508771,1.666666666666667,-5.0,5.156480312347412,36,100
wdbc,random,13,13,13,42,0,isolate_S,0.9736263736263737,0.9824561403508771,5.436966435001434,-7.536085080170576,4.911402702331543,2,100
wdbc,bo_tpe,13,13,13,42,0,isolate_S,0.9758241758241759,0.9736842105263158,6.293632871673876,-9.652528224952052,4.497982978820801,2,100
wdbc,pso,13,13,13,42,0,isolate_S,0.9780219780219781,0.9824561403508771,4.924774603083176,-6.879478493134723,4.260581731796265,14,100
wdbc,de,13,13,13,42,0,isolate_S,0.9758241758241759,0.9824561403508771,4.573719490954203,-8.093804023286097,4.300798416137695,1,100
wdbc,ga,13,13,13,42,0,isolate_S,0.9758241758241759,0.9736842105263158,5.507086449514517,-9.092123056065017,4.150743246078491,1,100
wdbc,sa,13,13,13,42,0,isolate_S,0.9758241758241759,0.9824561403508771,4.155011809292746,-6.629055266896797,4.6300294399261475,24,100
wdbc,grid,14,14,14,42,0,isolate_S,0.9780219780219781,0.9912280701754386,3.8888888888888893,-7.0,5.291860103607178,25,100
wdbc,random,14,14,14,42,0,isolate_S,0.9780219780219781,0.956140350877193,7.055267521432878,-5.192102706055856,4.916333913803101,2,100
wdbc,bo_tpe,14,14,14,42,0,isolate_S,0.9846153846153847,0.9824561403508771,2.8887448290212285,-5.198907815511237,4.972014665603638,2,100
wdbc,pso,14,14,14,42,0,isolate_S,0.9846153846153847,0.9824561403508771,2.429583882520867,-5.014695431166089,4.435332298278809,16,100
wdbc,de,14,14,14,42,0,isolate_S,0.9780219780219781,0.956140350877193,12.26357844699773,-5.253698035516349,4.905892610549927,6,100
wdbc,ga,14,14,14,42,0,isolate_S,0.9780219780219781,0.956140350877193,12.26357844699773,-5.253698035516349,4.410736322402954,6,100
wdbc,sa,14,14,14,42,0,isolate_S,0.9846153846153847,0.9824561403508771,3.075387957072755,-5.692135453215226,4.64925217628479,35,100
wdbc,grid,15,15,15,42,0,isolate_S,0.9780219780219781,0.9824561403508771,1.666666666666667,-5.0,5.328692674636841,35,100
wdbc,random,15,15,15,42,0,isolate_S,0.9802197802197803,0.9736842105263158,11.419864596958703,-13.252177035724896,4.985050439834595,15,100
wdbc,bo_tpe,15,15,15,42,0,isolate_S,0.9802197802197803,0.9736842105263158,3.951564388183768,-8.90472545305926,4.873205661773682,22,100
wdbc,pso,15,15,15,42,0,isolate_S,0.9802197802197803,0.9824561403508771,1.7757956564688482,-5.104994611327244,4.293849945068359,1,100
wdbc,de,15,15,15,42,0,isolate_S,0.9802197802197803,0.9824561403508771,12.148085531751388,-14.395459644501642,4.532675743103027,1,100
wdbc,ga,15,15,15,42,0,isolate_S,0.9802197802197803,0.9824561403508771,12.148085531751388,-14.395459644501642,4.163005828857422,1,100
wdbc,sa,15,15,15,42,0,isolate_S,0.9780219780219781,0.9649122807017544,1.0421903862817639,-3.919618917074409,4.541744232177734,8,100
wdbc,grid,16,16,16,42,0,isolate_S,0.9780219780219781,0.9824561403508771,3.8888888888888893,-7.0,5.189477443695068,26,100
wdbc,random,16,16,16,42,0,isolate_S,0.9802197802197803,0.956140350877193,4.123006644330971,-4.768188920364327,4.930932521820068,2,100
wdbc,bo_tpe,16,16,16,42,0,isolate_S,0.9824175824175825,0.9824561403508771,2.7285669910868693,-4.683080140884578,4.9913551807403564,2,100
wdbc,pso,16,16,16,42,0,isolate_S,0.9824175824175825,0.9736842105263158,3.42278785547179,-4.843307859436107,4.439760684967041,16,100
wdbc,de,16,16,16,42,0,isolate_S,0.9780219780219781,0.9473684210526315,7.739233746429086,-4.825718145165318,4.814187288284302,1,100
wdbc,ga,16,16,16,42,0,isolate_S,0.9802197802197803,0.956140350877193,5.012613730204517,-5.045437313086769,4.1748669147491455,1,100
wdbc,sa,16,16,16,42,0,isolate_S,0.9802197802197803,0.9736842105263158,2.66321725600686,-4.422339925383513,4.663093566894531,24,100
wdbc,grid,17,17,17,42,0,isolate_S,0.9736263736263737,1.0,1.666666666666667,-5.0,5.232201814651489,34,100
wdbc,random,17,17,17,42,0,isolate_S,0.9714285714285715,1.0,6.403935408357594,-7.1051727576782335,5.2198851108551025,15,100
wdbc,bo_tpe,17,17,17,42,0,isolate_S,0.9736263736263737,0.9824561403508771,8.286084669414777,-10.714663686914937,4.67235541343689,13,100
wdbc,pso,17,17,17,42,0,isolate_S,0.9758241758241759,1.0,2.3612798636447128,-5.680621967520725,4.373616456985474,2,100
wdbc,de,17,17,17,42,0,isolate_S,0.9736263736263737,1.0,7.307702229625077,-8.093804023286097,4.696709632873535,1,100
wdbc,ga,17,17,17,42,0,isolate_S,0.9758241758241759,1.0,7.046763191778025,-8.093804023286097,4.045320510864258,1,100
wdbc,sa,17,17,17,42,0,isolate_S,0.9736263736263737,1.0,5.897510715232122,-6.313527900205655,4.4434473514556885,24,100
wdbc,grid,18,18,18,42,0,isolate_S,0.9824175824175825,0.956140350877193,1.666666666666667,-7.0,5.110095739364624,26,100
wdbc,random,18,18,18,42,0,isolate_S,0.9846153846153847,0.956140350877193,8.952623918545298,-13.915941510673143,5.046828508377075,15,100
wdbc,bo_tpe,18,18,18,42,0,isolate_S,0.9824175824175825,0.956140350877193,5.283493718554472,-9.408341046105969,4.692237377166748,16,100
wdbc,pso,18,18,18,42,0,isolate_S,0.9824175824175825,0.956140350877193,3.726268829766604,-8.644223687674023,4.270341396331787,1,100
wdbc,de,18,18,18,42,0,isolate_S,0.9824175824175825,0.956140350877193,7.307702229625077,-12.293852362616086,4.059243440628052,1,100
wdbc,ga,18,18,18,42,0,isolate_S,0.9824175824175825,0.9385964912280702,9.014517082821447,-14.50555612884468,4.132208585739136,1,100
wdbc,sa,18,18,18,42,0,isolate_S,0.9824175824175825,0.9385964912280702,4.56338506931578,-10.19758979967636,4.674703121185303,24,100
wdbc,grid,19,19,19,42,0,isolate_S,0.9802197802197803,0.9736842105263158,1.666666666666667,-5.0,5.242855072021484,35,100
wdbc,random,19,19,19,42,0,isolate_S,0.9780219780219781,0.9736842105263158,5.436966435001434,-7.536085080170576,4.955645322799683,15,100
wdbc,bo_tpe,19,19,19,42,0,isolate_S,0.9824175824175825,0.9649122807017544,14.055565217202314,-14.381879283650289,4.712138414382935,11,100
wdbc,pso,19,19,19,42,0,isolate_S,0.9824175824175825,0.9649122807017544,8.935924413849001,-8.972343052192386,4.312346696853638,10,100
wdbc,de,19,19,19,42,0,isolate_S,0.9824175824175825,0.9649122807017544,9.32533469259409,-9.415646239938798,4.199333429336548,1,100
wdbc,ga,19,19,19,42,0,isolate_S,0.9824175824175825,0.9736842105263158,5.526894002132456,-8.080287859808266,4.227543354034424,1,100
wdbc,sa,19,19,19,42,0,isolate_S,0.9802197802197803,0.9736842105263158,5.226914041330269,-7.476783635248136,4.244816780090332,25,100
wdbc,grid,20,20,20,42,0,isolate_S,0.9780219780219781,0.9736842105263158,1.666666666666667,-7.0,5.510339021682739,26,100
wdbc,random,20,20,20,42,0,isolate_S,0.9780219780219781,0.9824561403508771,8.952623918545298,-13.915941510673143,5.105348825454712,2,100
wdbc,bo_tpe,20,20,20,42,0,isolate_S,0.9758241758241759,0.9824561403508771,7.279391507247055,-11.76663905075789,4.733464956283569,2,100
wdbc,pso,20,20,20,42,0,isolate_S,0.9780219780219781,0.9736842105263158,1.156827948418175,-6.2360256448407885,4.470434904098511,2,100
wdbc,de,20,20,20,42,0,isolate_S,0.9780219780219781,0.9824561403508771,11.317071082430644,-14.950706996937335,4.190057039260864,6,100
wdbc,ga,20,20,20,42,0,isolate_S,0.9780219780219781,0.9824561403508771,11.317071082430644,-14.950706996937335,4.179900169372559,6,100
wdbc,sa,20,20,20,42,0,isolate_S,0.9780219780219781,0.9824561403508771,1.7605184413788806,-6.720448636657882,4.392597675323486,17,100
wdbc,grid,21,21,21,42,0,isolate_S,0.9714285714285715,0.9912280701754386,3.8888888888888893,-7.0,5.300053119659424,26,100
wdbc,random,21,21,21,42,0,isolate_S,0.9714285714285715,0.9912280701754386,2.19015801147572,-7.133424831611854,5.133763551712036,15,100
wdbc,bo_tpe,21,21,21,42,0,isolate_S,0.9758241758241759,1.0,1.7245100109457234,-5.709005738437549,4.576249122619629,18,100
wdbc,pso,21,21,21,42,0,isolate_S,0.9758241758241759,0.9824561403508771,3.3315074663216357,-7.392376211923481,4.197509050369263,2,100
wdbc,de,21,21,21,42,0,isolate_S,0.9736263736263737,0.9824561403508771,4.805517719520108,-8.483720274982186,4.490123510360718,6,100
wdbc,ga,21,21,21,42,0,isolate_S,0.9758241758241759,1.0,1.3526501805377267,-5.720304082273789,4.171282529830933,6,100
wdbc,sa,21,21,21,42,0,isolate_S,0.9758241758241759,0.9912280701754386,1.3135104139109175,-5.588032490474337,4.484144926071167,27,100
wdbc,grid,22,22,22,42,0,isolate_S,0.989010989010989,0.956140350877193,3.8888888888888893,-7.0,5.250202417373657,26,100
wdbc,random,22,22,22,42,0,isolate_S,0.9868131868131869,0.9473684210526315,8.952623918545298,-13.915941510673143,4.956489562988281,15,100
wdbc,bo_tpe,22,22,22,42,0,isolate_S,0.9912087912087912,0.956140350877193,7.076172897715034,-10.074841219077939,4.350680351257324,29,100
wdbc,pso,22,22,22,42,0,isolate_S,0.989010989010989,0.956140350877193,5.147132373013767,-7.892392944330236,4.246015787124634,14,100
wdbc,de,22,22,22,42,0,isolate_S,0.989010989010989,0.956140350877193,10.163897754723633,-13.301375850293823,4.144853353500366,1,100
wdbc,ga,22,22,22,42,0,isolate_S,0.989010989010989,0.956140350877193,5.248314287233396,-8.023640416706115,3.9732391834259033,1,100
wdbc,sa,22,22,22,42,0,isolate_S,0.9912087912087912,0.9473684210526315,7.538692269330353,-10.487710397603077,4.330960273742676,24,100
wdbc,grid,23,23,23,42,0,isolate_S,0.9670329670329669,0.9824561403508771,6.111111111111111,-7.0,5.286952257156372,26,100
wdbc,random,23,23,23,42,0,isolate_S,0.9692307692307691,0.9824561403508771,6.403935408357594,-7.1051727576782335,4.8895721435546875,15,100
wdbc,bo_tpe,23,23,23,42,0,isolate_S,0.9692307692307693,0.9824561403508771,9.586764577429818,-10.70710474601697,4.506041526794434,11,100
wdbc,pso,23,23,23,42,0,isolate_S,0.9692307692307691,0.9824561403508771,2.291500516713291,-5.307829885840448,4.467294692993164,1,100
wdbc,de,23,23,23,42,0,isolate_S,0.9692307692307691,0.9736842105263158,7.307702229625077,-7.150736906315533,4.525203227996826,1,100
wdbc,ga,23,23,23,42,0,isolate_S,0.9714285714285713,0.9824561403508771,9.815713136047957,-12.099004262456479,4.190265893936157,1,100
wdbc,sa,23,23,23,42,0,isolate_S,0.9692307692307691,0.9736842105263158,8.384647547212227,-7.822207680095624,4.528140068054199,19,100
wdbc,grid,24,24,24,42,0,isolate_S,0.9780219780219781,0.9736842105263158,8.333333333333334,-13.0,5.136589288711548,35,100
wdbc,random,24,24,24,42,0,isolate_S,0.9780219780219781,0.9912280701754386,6.332029084131502,-10.222989163089983,5.252172231674194,15,100
wdbc,bo_tpe,24,24,24,42,0,isolate_S,0.9780219780219781,0.9736842105263158,4.134026420032692,-7.892208674229977,4.74999475479126,33,100
wdbc,pso,24,24,24,42,0,isolate_S,0.9802197802197803,0.9912280701754386,10.777466661227816,-14.78082039932365,4.252413272857666,20,100
wdbc,de,24,24,24,42,0,isolate_S,0.9802197802197803,0.9912280701754386,9.59310892859888,-13.47138831026118,4.327199459075928,6,100
wdbc,ga,24,24,24,42,0,isolate_S,0.9802197802197803,0.9912280701754386,10.964869014118825,-14.950706996937335,3.919865131378174,6,100
wdbc,sa,24,24,24,42,0,isolate_S,0.9758241758241759,0.9824561403508771,10.746646439407666,-15.0,4.581697463989258,24,100
wdbc,grid,25,25,25,42,0,isolate_S,0.9758241758241757,0.9473684210526315,-0.5555555555555554,-7.0,5.28946590423584,25,100
wdbc,random,25,25,25,42,0,isolate_S,0.9758241758241757,0.956140350877193,5.464961069333993,-13.30907080634805,4.9727582931518555,15,100
wdbc,bo_tpe,25,25,25,42,0,isolate_S,0.9802197802197803,0.956140350877193,3.6390315064460506,-6.131109204325096,4.7825140953063965,20,100
wdbc,pso,25,25,25,42,0,isolate_S,0.9802197802197803,0.9649122807017544,4.881034837585482,-6.218076639930564,4.157606363296509,7,100
wdbc,de,25,25,25,42,0,isolate_S,0.9758241758241759,0.9736842105263158,4.93636043457637,-7.10912947309356,4.507083892822266,1,100
wdbc,ga,25,25,25,42,0,isolate_S,0.9802197802197803,0.9473684210526315,5.507086449514517,-5.88247945279796,4.216653108596802,1,100
wdbc,sa,25,25,25,42,0,isolate_S,0.9758241758241757,0.956140350877193,6.63578034551383,-14.405158106931056,4.500602960586548,17,100
wdbc,grid,26,26,26,42,0,isolate_S,0.9780219780219781,0.9912280701754386,1.666666666666667,-5.0,5.164458513259888,35,100
wdbc,random,26,26,26,42,0,isolate_S,0.9802197802197803,0.9912280701754386,5.436966435001434,-7.536085080170576,4.968591928482056,15,100
wdbc,bo_tpe,26,26,26,42,0,isolate_S,0.9802197802197803,0.9912280701754386,1.6685619737561823,-6.7986865436787225,4.543132543563843,18,100
wdbc,pso,26,26,26,42,0,isolate_S,0.9802197802197803,0.9912280701754386,3.6911703379250747,-7.097808871899696,4.3892502784729,2,100
wdbc,de,26,26,26,42,0,isolate_S,0.9758241758241759,0.9912280701754386,11.317071082430644,-14.950706996937335,4.309846639633179,1,100
wdbc,ga,26,26,26,42,0,isolate_S,0.9780219780219781,0.9912280701754386,1.1595341808976323,-6.23888898988104,4.125655174255371,6,100
wdbc,sa,26,26,26,42,0,isolate_S,0.9802197802197803,0.9912280701754386,1.0200344162623183,-5.765562042812439,5.730560302734375,24,100
wdbc,grid,27,27,27,42,0,isolate_S,0.9758241758241759,0.9824561403508771,3.8888888888888893,-9.0,7.581491708755493,26,100
wdbc,random,27,27,27,42,0,isolate_S,0.9736263736263737,0.9912280701754386,2.19015801147572,-7.133424831611854,6.22009015083313,5,100
wdbc,bo_tpe,27,27,27,42,0,isolate_S,0.9824175824175825,0.9824561403508771,4.256281648212702,-5.255781509682181,6.560018062591553,14,100
wdbc,pso,27,27,27,42,0,isolate_S,0.9780219780219781,0.9824561403508771,4.715650280724347,-5.922552646672941,4.853996276855469,2,100
wdbc,de,27,27,27,42,0,isolate_S,0.9758241758241759,0.956140350877193,11.265404784005447,-9.517440264567803,5.449777841567993,6,100
wdbc,ga,27,27,27,42,0,isolate_S,0.9758241758241759,0.9912280701754386,0.9942378107476957,-6.200257128896798,4.681161165237427,6,100
wdbc,sa,27,27,27,42,0,isolate_S,0.9758241758241759,0.9649122807017544,15.0,-10.078542057228788,4.84846568107605,17,100
wdbc,grid,28,28,28,42,0,isolate_S,0.9736263736263737,0.9912280701754386,1.666666666666667,-7.0,5.173315525054932,26,100
wdbc,random,28,28,28,42,0,isolate_S,0.9736263736263737,0.9912280701754386,2.19015801147572,-7.133424831611854,4.9569690227508545,15,100
wdbc,bo_tpe,28,28,28,42,0,isolate_S,0.9736263736263737,0.9912280701754386,7.04419769701579,-11.59222951906627,5.233409881591797,11,100
wdbc,pso,28,28,28,42,0,isolate_S,0.9736263736263737,0.9912280701754386,3.47617757969414,-8.091134247755669,4.514317274093628,1,100
wdbc,de,28,28,28,42,0,isolate_S,0.9736263736263737,0.9912280701754386,3.1986637034088465,-8.19913015235205,4.452138900756836,1,100
wdbc,ga,28,28,28,42,0,isolate_S,0.9736263736263737,0.9912280701754386,9.419013203533643,-14.483737397274485,4.387390613555908,1,100
wdbc,sa,28,28,28,42,0,isolate_S,0.9736263736263737,0.9736842105263158,12.826630587938,-12.07839564997044,4.423602819442749,24,100
wdbc,grid,29,29,29,42,0,isolate_S,0.9736263736263735,0.9824561403508771,8.333333333333334,-13.0,5.300370216369629,25,100
wdbc,random,29,29,29,42,0,isolate_S,0.9736263736263735,0.9824561403508771,8.952623918545298,-13.915941510673143,5.217555999755859,15,100
wdbc,bo_tpe,29,29,29,42,0,isolate_S,0.9758241758241759,0.956140350877193,11.714145765743446,-11.389699565894464,4.747751474380493,11,100
wdbc,pso,29,29,29,42,0,isolate_S,0.9736263736263735,0.9824561403508771,6.445636051386742,-11.992647464627888,4.180007457733154,2,100
wdbc,de,29,29,29,42,0,isolate_S,0.9758241758241759,0.9473684210526315,14.996164108273323,-14.282432458029762,4.385359287261963,1,100
wdbc,ga,29,29,29,42,0,isolate_S,0.9736263736263737,0.9736842105263158,6.854135325529804,-8.614766064440536,4.209545373916626,1,100
wdbc,sa,29,29,29,42,0,isolate_S,0.9736263736263737,0.9736842105263158,7.1393731376715746,-9.014942273549705,4.486858129501343,17,100
car,grid,0,0,0,42,0,isolate_S,0.988413645162978,0.9971098265895953,3.8888888888888893,-5.0,32.55677270889282,46,100
car,random,0,0,0,42,0,isolate_S,0.9905875582064562,0.9971098265895953,10.834500761653292,-5.47989144444772,38.36323356628418,2,100
car,bo_tpe,0,0,0,42,0,isolate_S,0.9905875582064562,0.9971098265895953,10.834500761653292,-5.47989144444772,23.103686809539795,2,100
car,pso,0,0,0,42,0,isolate_S,0.9905875582064562,0.9971098265895953,11.758097028852866,-5.758872075032897,23.56388807296753,10,100
car,de,0,0,0,42,0,isolate_S,0.9905875582064562,0.9971098265895953,8.412488293872606,-5.588958680547324,25.335251569747925,9,100
car,ga,0,0,0,42,0,isolate_S,0.9905875582064562,0.9971098265895953,12.793401613203432,-5.7287895257738946,21.662656784057617,9,100
car,sa,0,0,0,42,0,isolate_S,0.9905875582064562,0.9971098265895953,10.057700342195268,-6.0485687279818565,28.1981782913208,8,100
car,grid,1,1,1,42,0,isolate_S,0.9949327682729032,0.9942196531791907,3.8888888888888893,-5.0,31.53650164604187,36,100
car,random,1,1,1,42,0,isolate_S,0.9949327682729032,0.9884393063583815,7.241914454448429,-3.8951880562543764,28.35290026664734,2,100
car,bo_tpe,1,1,1,42,0,isolate_S,0.9949327682729032,0.9942196531791907,14.016386753681264,-5.028241027500057,25.031648635864258,2,100
car,pso,1,1,1,42,0,isolate_S,0.9949327682729032,0.9884393063583815,9.863232715182287,-3.897315365396081,27.44001531600952,17,100
car,de,1,1,1,42,0,isolate_S,0.9949327682729032,0.9942196531791907,7.739233746429086,-4.964320464957171,30.944496631622314,9,100
car,ga,1,1,1,42,0,isolate_S,0.9949327682729032,0.9942196531791907,12.513702076342149,-4.946494268426287,22.308424949645996,9,100
car,sa,1,1,1,42,0,isolate_S,0.9949327682729032,0.9942196531791907,3.6529025275774236,-4.967870872446776,27.359881162643433,8,100
car,grid,2,2,2,42,0,isolate_S,0.9927667032909537,1.0,3.8888888888888893,-5.0,30.368201732635498,46,100
car,random,2,2,2,42,0,isolate_S,0.9949353842934128,1.0,9.50508559639281,-5.97616112531936,28.608142852783203,2,100
car,bo_tpe,2,2,2,42,0,isolate_S,0.9949353842934128,1.0,10.408651014874206,-5.733348057068214,22.74933123588562,2,100
car,pso,2,2,2,42,0,isolate_S,0.9949353842934128,1.0,11.758097028852866,-5.758872075032897,22.580811977386475,17,100
car,de,2,2,2,42,0,isolate_S,0.9949353842934128,1.0,6.516594385783945,-5.598928476947248,24.70633292198181,9,100
car,ga,2,2,2,42,0,isolate_S,0.9949353842934128,1.0,8.716544707386904,-5.6815779347244915,21.969162225723267,9,100
car,sa,2,2,2,42,0,isolate_S,0.9949353842934128,1.0,15.0,-5.679957518050834,27.385830640792847,8,100
car,grid,3,3,3,42,0,isolate_S,0.9905980222884947,1.0,6.111111111111111,-5.0,31.02364945411682,36,100
car,random,3,3,3,42,0,isolate_S,0.9927667032909537,1.0,6.840838625436781,-4.69946569576428,28.2952618598938,2,100
car,bo_tpe,3,3,3,42,0,isolate_S,0.9927667032909537,1.0,6.045084300310326,-4.615063383924612,25.888188123703003,2,100
car,pso,3,3,3,42,0,isolate_S,0.9927667032909537,1.0,4.881034837585482,-4.584261843635899,24.878084182739258,17,100
car,de,3,3,3,42,0,isolate_S,0.9920472976508137,1.0,11.317071082430644,-6.240831572195772,27.82953929901123,9,100
car,ga,3,3,3,42,0,isolate_S,0.9927667032909537,1.0,8.761659083096019,-4.651798182789449,22.130417823791504,9,100
car,sa,3,3,3,42,0,isolate_S,0.9927667032909537,1.0,7.989783647516842,-4.473150035961917,26.88158416748047,8,100
car,grid,4,4,4,42,0,isolate_S,0.9942159786532727,1.0,3.8888888888888893,-5.0,30.546437978744507,36,100
car,random,4,4,4,42,0,isolate_S,0.9949380003139225,1.0,6.840838625436781,-4.69946569576428,28.704476594924927,2,100
car,bo_tpe,4,4,4,42,0,isolate_S,0.9949380003139225,1.0,8.689892249716877,-4.605212597003006,26.015209913253784,2,100
car,pso,4,4,4,42,0,isolate_S,0.9949380003139225,1.0,4.881034837585482,-4.584261843635899,26.391321897506714,17,100
car,de,4,4,4,42,0,isolate_S,0.9942159786532727,1.0,12.26357844699773,-5.253698035516349,31.047011852264404,9,100
car,ga,4,4,4,42,0,isolate_S,0.9942159786532727,1.0,12.26357844699773,-5.253698035516349,22.310102701187134,9,100
car,sa,4,4,4,42,0,isolate_S,0.9949380003139225,1.0,14.186733825939706,-4.643256077245265,27.386017560958862,8,100
car,grid,5,5,5,42,0,isolate_S,0.9963794276147124,1.0,6.111111111111111,-5.0,31.339943647384644,46,100
car,random,5,5,5,42,0,isolate_S,0.9971040652958718,1.0,4.123006644330971,-4.768188920364327,29.093398094177246,2,100
car,bo_tpe,5,5,5,42,0,isolate_S,0.9971040652958718,1.0,13.407506639981063,-4.910389906794912,25.572961568832397,2,100
car,pso,5,5,5,42,0,isolate_S,0.9971040652958718,1.0,4.881034837585482,-4.584261843635899,24.786545991897583,10,100
car,de,5,5,5,42,0,isolate_S,0.9971040652958718,1.0,7.739233746429086,-4.825718145165318,30.676204919815063,9,100
car,ga,5,5,5,42,0,isolate_S,0.9971040652958718,1.0,12.26357844699773,-4.906401785446416,21.688286542892456,9,100
car,sa,5,5,5,42,0,isolate_S,0.9971040652958718,1.0,10.595021874016782,-4.8236446688772645,26.27820611000061,8,100
car,grid,6,6,6,42,0,isolate_S,0.993486108931094,0.9971098265895953,3.8888888888888893,-5.0,30.790651082992554,36,100
car,random,6,6,6,42,0,isolate_S,0.9927640872704442,0.9942196531791907,7.055267521432878,-5.192102706055856,28.517307996749878,2,100
car,bo_tpe,6,6,6,42,0,isolate_S,0.9942107466122534,0.9942196531791907,12.85066686941489,-4.863780360448948,24.0915207862854,2,100
car,pso,6,6,6,42,0,isolate_S,0.993486108931094,0.9942196531791907,5.147621930258833,-4.934424547663404,23.787861347198486,17,100
car,de,6,6,6,42,0,isolate_S,0.9942107466122534,0.9942196531791907,9.59310892859888,-4.843436730567436,26.659923553466797,9,100
car,ga,6,6,6,42,0,isolate_S,0.993486108931094,0.9942196531791907,12.26357844699773,-4.906401785446416,21.78515934944153,9,100
car,sa,6,6,6,42,0,isolate_S,0.993486108931094,0.9942196531791907,3.30678456992171,-4.90693299606352,26.82409954071045,8,100
car,grid,7,7,7,42,0,isolate_S,0.9927614712499345,1.0,3.8888888888888893,-5.0,30.547606945037842,36,100
car,random,7,7,7,42,0,isolate_S,0.9942081305917438,1.0,4.123006644330971,-4.768188920364327,28.644349336624146,2,100
car,bo_tpe,7,7,7,42,0,isolate_S,0.9942081305917438,1.0,14.109693024718126,-4.640217330909662,25.831303596496582,2,100
car,pso,7,7,7,42,0,isolate_S,0.9942081305917438,1.0,8.884721046921486,-4.766741508699527,24.589224100112915,17,100
car,de,7,7,7,42,0,isolate_S,0.9942081305917438,1.0,7.739233746429086,-4.825718145165318,30.129901885986328,9,100
car,ga,7,7,7,42,0,isolate_S,0.9942081305917438,1.0,8.761659083096019,-4.6796343533694165,23.695146322250366,9,100
car,sa,7,7,7,42,0,isolate_S,0.9942081305917438,1.0,8.017818215720999,-4.649913156719128,26.080544471740723,8,100
car,grid,8,8,8,42,0,isolate_S,0.9884293412860357,1.0,6.111111111111111,-5.0,30.711751222610474,36,100
car,random,8,8,8,42,0,isolate_S,0.9898760006278449,1.0,7.055267521432878,-5.192102706055856,28.9693021774292,2,100
car,bo_tpe,8,8,8,42,0,isolate_S,0.9898760006278449,1.0,7.055267521432878,-5.192102706055856,24.880223035812378,2,100
car,pso,8,8,8,42,0,isolate_S,0.9898760006278449,1.0,11.553084539873815,-5.439717088379191,22.364594221115112,17,100
car,de,8,8,8,42,0,isolate_S,0.9898760006278449,1.0,12.26357844699773,-5.253698035516349,25.537647247314453,9,100
car,ga,8,8,8,42,0,isolate_S,0.9898760006278449,1.0,12.26357844699773,-5.253698035516349,21.498398065567017,9,100
car,sa,8,8,8,42,0,isolate_S,0.9898760006278449,1.0,13.713045259890457,-5.457065221789344,29.814006567001343,8,100
car,grid,9,9,9,42,0,isolate_S,0.9971066813163816,1.0,3.8888888888888893,-5.0,30.365395307540894,46,100
car,random,9,9,9,42,0,isolate_S,0.9971066813163816,1.0,7.055267521432878,-5.192102706055856,29.349629402160645,2,100
car,bo_tpe,9,9,9,42,0,isolate_S,0.9978287029770314,1.0,13.264100331659423,-5.079294391954942,23.38442349433899,2,100
car,pso,9,9,9,42,0,isolate_S,0.9978287029770314,1.0,12.856174727729076,-5.024247722418906,23.219505786895752,17,100
car,de,9,9,9,42,0,isolate_S,0.9971066813163816,1.0,12.26357844699773,-5.253698035516349,25.052091121673584,9,100
car,ga,9,9,9,42,0,isolate_S,0.9978287029770314,1.0,12.26357844699773,-5.106279838978215,21.35684633255005,9,100
car,sa,9,9,9,42,0,isolate_S,0.9971066813163816,1.0,3.6451991519724247,-5.042858610763529,28.231197118759155,8,100
car,grid,10,10,10,42,0,isolate_S,0.9949353842934128,1.0,6.111111111111111,-5.0,30.530019283294678,46,100
car,random,10,10,10,42,0,isolate_S,0.9956600219745724,1.0,12.622063942223232,-4.537088292554543,28.512165546417236,2,100
car,bo_tpe,10,10,10,42,0,isolate_S,0.9956600219745724,1.0,14.667239858642793,-4.550214896615795,25.82416558265686,2,100
car,pso,10,10,10,42,0,isolate_S,0.9956600219745724,1.0,4.881034837585482,-4.584261843635899,24.706372261047363,17,100
car,de,10,10,10,42,0,isolate_S,0.9956600219745724,1.0,7.7277290037598485,-4.541427826014669,24.66900396347046,9,100
car,ga,10,10,10,42,0,isolate_S,0.9949353842934128,1.0,12.26357844699773,-5.253698035516349,22.077747106552124,9,100
car,sa,10,10,10,42,0,isolate_S,0.9956600219745724,1.0,11.672083502214242,-4.5678393461877445,29.35611128807068,8,100
car,grid,11,11,11,42,0,isolate_S,0.9934939569926229,0.9884393063583815,3.8888888888888893,-5.0,30.322580575942993,36,100
car,random,11,11,11,42,0,isolate_S,0.9942159786532727,0.9884393063583815,4.123006644330971,-4.768188920364327,28.667107105255127,2,100
car,bo_tpe,11,11,11,42,0,isolate_S,0.9942159786532727,0.9884393063583815,13.310006463523624,-4.602805749625254,26.740923404693604,2,100
car,pso,11,11,11,42,0,isolate_S,0.9942159786532727,0.9884393063583815,8.884721046921486,-4.7727215622049,24.531968116760254,17,100
car,de,11,11,11,42,0,isolate_S,0.9942159786532727,0.9884393063583815,7.739233746429086,-4.825718145165318,29.77278447151184,9,100
car,ga,11,11,11,42,0,isolate_S,0.9942159786532727,0.9884393063583815,8.761659083096019,-4.8082233098369365,38.5316641330719,9,100
car,sa,11,11,11,42,0,isolate_S,0.9942159786532727,0.9884393063583815,8.210954177519788,-4.778470238384365,25.73986029624939,8,100
car,grid,12,12,12,42,0,isolate_S,0.9956626379950819,0.9971098265895953,6.111111111111111,-7.0,29.685755014419556,46,100
car,random,12,12,12,42,0,isolate_S,0.9963872756762413,1.0,14.535221763806742,-4.112780644589172,27.88503646850586,2,100
car,bo_tpe,12,12,12,42,0,isolate_S,0.9963872756762413,1.0,13.619569991992696,-4.059645501637446,28.223928928375244,2,100
car,pso,12,12,12,42,0,isolate_S,0.9963872756762413,0.9971098265895953,4.376382756376657,-5.439717088379191,22.70373034477234,10,100
car,de,12,12,12,42,0,isolate_S,0.9963872756762413,1.0,11.265404784005447,-4.0919274782831305,25.286489009857178,9,100
car,ga,12,12,12,42,0,isolate_S,0.9963872756762413,1.0,8.412488293872606,-4.19311434594219,21.489994049072266,9,100
car,sa,12,12,12,42,0,isolate_S,0.9963872756762413,1.0,4.002608868574016,-5.1883611404506835,27.065283060073853,8,100
car,grid,13,13,13,42,0,isolate_S,0.9920394495892848,0.9942196531791907,6.111111111111111,-7.0,30.781893491744995,46,100
car,random,13,13,13,42,0,isolate_S,0.9920394495892848,0.9971098265895953,9.50508559639281,-5.97616112531936,29.29103946685791,2,100
car,bo_tpe,13,13,13,42,0,isolate_S,0.9920394495892848,0.9971098265895953,11.455927403360471,-5.962244948418604,22.592977046966553,2,100
car,pso,13,13,13,42,0,isolate_S,0.9920394495892848,0.9971098265895953,11.758097028852866,-5.758872075032897,22.352359294891357,10,100
car,de,13,13,13,42,0,isolate_S,0.9927745513524826,0.9942196531791907,6.6670013763904645,-7.789911848319106,23.193562746047974,9,100
car,ga,13,13,13,42,0,isolate_S,0.9920499136713232,0.9971098265895953,7.307702229625077,-8.093804023286097,21.25246000289917,9,100
car,sa,13,13,13,42,0,isolate_S,0.9927667032909537,0.9971098265895953,7.9364062776847515,-8.393703301278025,28.67410707473755,8,100
car,grid,14,14,14,42,0,isolate_S,0.9949380003139225,0.9942196531791907,3.8888888888888893,-5.0,30.897210836410522,46,100
car,random,14,14,14,42,0,isolate_S,0.9949380003139225,0.9971098265895953,10.834500761653292,-5.47989144444772,27.982354640960693,2,100
car,bo_tpe,14,14,14,42,0,isolate_S,0.9949380003139225,0.9971098265895953,10.834500761653292,-5.47989144444772,24.86980175971985,2,100
car,pso,14,14,14,42,0,isolate_S,0.9949380003139225,0.9971098265895953,12.087083796215774,-5.439717088379191,22.068296432495117,17,100
car,de,14,14,14,42,0,isolate_S,0.9949380003139225,0.9971098265895953,10.254375184342468,-5.465336560264362,28.292653799057007,9,100
car,ga,14,14,14,42,0,isolate_S,0.9949380003139225,0.9942196531791907,5.665407970765502,-5.002344461127234,20.837820291519165,9,100
car,sa,14,14,14,42,0,isolate_S,0.9949380003139225,0.9971098265895953,8.745627597140865,-5.439888542315916,24.98043966293335,8,100
car,grid,15,15,15,42,0,isolate_S,0.992771935331973,0.9913294797687862,3.8888888888888893,-5.0,29.989262580871582,46,100
car,random,15,15,15,42,0,isolate_S,0.9927640872704442,0.9913294797687862,6.399298214025297,-4.364290297532882,28.813605785369873,2,100
car,bo_tpe,15,15,15,42,0,isolate_S,0.992771935331973,0.9913294797687862,10.198826011401284,-4.980598875968914,24.41012954711914,2,100
car,pso,15,15,15,42,0,isolate_S,0.9927640872704442,0.9913294797687862,7.907150852496838,-4.364558591059232,23.456515789031982,10,100
car,de,15,15,15,42,0,isolate_S,0.9920472976508137,0.9913294797687862,9.59310892859888,-4.843436730567436,26.069232940673828,9,100
car,ga,15,15,15,42,0,isolate_S,0.9934834929105844,0.9855491329479769,8.215682538190423,-8.906575411207548,20.694216012954712,9,100
car,sa,15,15,15,42,0,isolate_S,0.9927640872704442,0.9913294797687862,4.990120047524327,-4.395662919990555,30.31401038169861,8,100
car,grid,16,16,16,42,0,isolate_S,0.9949380003139225,1.0,3.8888888888888893,-5.0,30.487796783447266,46,100
car,random,16,16,16,42,0,isolate_S,0.9956626379950819,1.0,4.123006644330971,-4.768188920364327,27.419313192367554,2,100
car,bo_tpe,16,16,16,42,0,isolate_S,0.9956626379950819,1.0,13.310006463523624,-4.602805749625254,25.880674362182617,2,100
car,pso,16,16,16,42,0,isolate_S,0.9956626379950819,1.0,4.881034837585482,-4.584261843635899,24.400303840637207,17,100
car,de,16,16,16,42,0,isolate_S,0.9956626379950819,1.0,7.739233746429086,-4.825718145165318,36.21436905860901,9,100
car,ga,16,16,16,42,0,isolate_S,0.9956626379950819,1.0,11.263326677881379,-4.530844541562025,28.387792587280273,9,100
car,sa,16,16,16,42,0,isolate_S,0.9956626379950819,1.0,5.685944346176632,-4.677091064377718,35.04269075393677,8,100
car,grid,17,17,17,42,0,isolate_S,0.9963794276147124,1.0,3.8888888888888893,-5.0,33.60929346084595,46,100
car,random,17,17,17,42,0,isolate_S,0.9963794276147124,1.0,7.055267521432878,-5.192102706055856,28.26169204711914,2,100
car,bo_tpe,17,17,17,42,0,isolate_S,0.9971040652958718,1.0,12.552214856209122,-5.401523130769913,24.068929433822632,2,100
car,pso,17,17,17,42,0,isolate_S,0.9971040652958718,1.0,4.376382756376657,-5.439717088379191,23.78039813041687,17,100
car,de,17,17,17,42,0,isolate_S,0.9963794276147124,1.0,12.26357844699773,-5.253698035516349,29.166828870773315,9,100
car,ga,17,17,17,42,0,isolate_S,0.9971040652958718,1.0,12.630413412027389,-5.3837579847645145,21.718555688858032,9,100
car,sa,17,17,17,42,0,isolate_S,0.9963794276147124,1.0,3.6451991519724247,-5.042858610763529,27.141648769378662,8,100
car,grid,18,18,18,42,0,isolate_S,0.9978339350180505,0.9884393063583815,6.111111111111111,-7.0,30.926098585128784,46,100
car,random,18,18,18,42,0,isolate_S,0.997831318997541,0.9913294797687862,7.360308579976831,-7.28216338297621,27.73784852027893,2,100
car,bo_tpe,18,18,18,42,0,isolate_S,0.997831318997541,0.9942196531791907,6.352694189662097,-6.578571013871918,21.975372076034546,2,100
car,pso,18,18,18,42,0,isolate_S,0.9978339350180505,0.9913294797687862,5.303614792207698,-6.423980788557371,30.601056337356567,17,100
car,de,18,18,18,42,0,isolate_S,0.9971066813163816,0.9913294797687862,8.768934611418802,-7.999414368376132,32.943525552749634,9,100
car,ga,18,18,18,42,0,isolate_S,0.9971092973368911,0.9913294797687862,8.504141038398238,-8.171734452397533,22.061724185943604,9,100
car,sa,18,18,18,42,0,isolate_S,0.9978339350180505,0.9913294797687862,5.288724142646126,-6.413867153397285,26.959417819976807,8,100
car,grid,19,19,19,42,0,isolate_S,0.997104065295872,1.0,3.8888888888888893,-5.0,30.310991287231445,46,100
car,random,19,19,19,42,0,isolate_S,0.9978260869565219,1.0,7.055267521432878,-5.192102706055856,28.522267818450928,2,100
car,bo_tpe,19,19,19,42,0,isolate_S,0.9978260869565219,1.0,7.055267521432878,-5.192102706055856,24.116912603378296,2,100
car,pso,19,19,19,42,0,isolate_S,0.9978287029770314,0.9971098265895953,11.758097028852866,-5.758872075032897,22.52338933944702,17,100
car,de,19,19,19,42,0,isolate_S,0.9978287029770314,0.9971098265895953,8.77824191779922,-5.743391505966448,24.710863828659058,9,100
car,ga,19,19,19,42,0,isolate_S,0.9978260869565219,1.0,12.26357844699773,-5.253698035516349,21.67533230781555,9,100
car,sa,19,19,19,42,0,isolate_S,0.9978260869565219,1.0,4.34102345062473,-5.324286755150693,27.12958002090454,8,100
car,grid,20,20,20,42,0,isolate_S,0.9971040652958718,0.9971098265895953,3.8888888888888893,-5.0,30.11804175376892,46,100
car,random,20,20,20,42,0,isolate_S,0.9985533406581908,0.9971098265895953,4.123006644330971,-4.768188920364327,27.81777048110962,2,100
car,bo_tpe,20,20,20,42,0,isolate_S,0.9985533406581908,0.9971098265895953,9.756075465367356,-4.675389931555857,25.661559343338013,2,100
car,pso,20,20,20,42,0,isolate_S,0.9985533406581908,0.9971098265895953,8.884721046921486,-4.7727215622049,24.611507177352905,17,100
car,de,20,20,20,42,0,isolate_S,0.9978287029770314,0.9971098265895953,7.739233746429086,-4.825718145165318,29.842589139938354,9,100
car,ga,20,20,20,42,0,isolate_S,0.9978287029770314,0.9971098265895953,12.26357844699773,-4.906401785446416,21.613316774368286,9,100
car,sa,20,20,20,42,0,isolate_S,0.9985533406581908,0.9971098265895953,5.685944346176632,-4.677091064377718,28.145097494125366,8,100
car,grid,21,21,21,42,0,isolate_S,0.9942107466122534,1.0,3.8888888888888893,-5.0,29.97051739692688,46,100
car,random,21,21,21,42,0,isolate_S,0.9956574059540628,1.0,12.622063942223232,-4.537088292554543,27.9643132686615,2,100
car,bo_tpe,21,21,21,42,0,isolate_S,0.9956574059540628,1.0,11.74359177463484,-4.4909297647313355,26.90854573249817,2,100
car,pso,21,21,21,42,0,isolate_S,0.994935384293413,1.0,3.4778892595012305,-4.584261843635899,25.53291082382202,17,100
car,de,21,21,21,42,0,isolate_S,0.994935384293413,1.0,7.739233746429086,-4.825718145165318,29.747214317321777,9,100
car,ga,21,21,21,42,0,isolate_S,0.9956574059540628,1.0,8.536829900637363,-4.502642698676775,22.385031700134277,9,100
car,sa,21,21,21,42,0,isolate_S,0.9949380003139223,1.0,2.7033312696441465,-5.010177149624726,26.755985260009766,8,100
car,grid,22,22,22,42,0,isolate_S,0.9927667032909537,1.0,3.8888888888888893,-5.0,30.23691463470459,36,100
car,random,22,22,22,42,0,isolate_S,0.9949353842934128,1.0,6.840838625436781,-4.69946569576428,28.250879764556885,2,100
car,bo_tpe,22,22,22,42,0,isolate_S,0.9949353842934128,1.0,13.3488311809403,-4.56112089714805,27.36431336402893,2,100
car,pso,22,22,22,42,0,isolate_S,0.9949353842934128,1.0,3.4778892595012305,-4.584261843635899,25.870851516723633,17,100
car,de,22,22,22,42,0,isolate_S,0.9949353842934128,1.0,5.191439823584065,-4.346141110194029,29.92725968360901,9,100
car,ga,22,22,22,42,0,isolate_S,0.9949353842934128,1.0,8.412488293872606,-4.19311434594219,22.920786380767822,9,100
car,sa,22,22,22,42,0,isolate_S,0.9949353842934128,1.0,15.0,-4.688849500274422,28.483853101730347,8,100
car,grid,23,23,23,42,0,isolate_S,0.9913252759901636,1.0,6.111111111111111,-7.0,30.007577896118164,36,100
car,random,23,23,23,42,0,isolate_S,0.9927693193114633,0.9971098265895953,9.50508559639281,-5.97616112531936,27.53652262687683,2,100
car,bo_tpe,23,23,23,42,0,isolate_S,0.9927693193114633,0.9971098265895953,13.990545321244467,-6.192196342798111,22.092119216918945,2,100
car,pso,23,23,23,42,0,isolate_S,0.9934939569926229,1.0,2.291500516713291,-4.819877506729341,25.835891723632812,10,100
car,de,23,23,23,42,0,isolate_S,0.9927693193114633,0.9971098265895953,8.77824191779922,-5.743391505966448,25.43381929397583,9,100
car,ga,23,23,23,42,0,isolate_S,0.9927693193114633,1.0,8.412488293872606,-4.19311434594219,22.205716133117676,9,100
car,sa,23,23,23,42,0,isolate_S,0.9927693193114633,0.9971098265895953,5.865790482880842,-6.309812997030625,25.975167989730835,8,100
car,grid,24,24,24,42,0,isolate_S,0.9971040652958718,0.9971098265895953,3.8888888888888893,-5.0,29.989405155181885,46,100
car,random,24,24,24,42,0,isolate_S,0.9971040652958718,0.9971098265895953,7.055267521432878,-5.192102706055856,27.9945969581604,2,100
car,bo_tpe,24,24,24,42,0,isolate_S,0.9978287029770314,0.9971098265895953,8.072825135818677,-5.733348057068214,22.785261631011963,2,100
car,pso,24,24,24,42,0,isolate_S,0.9978287029770314,0.9971098265895953,11.758097028852866,-5.758872075032897,22.42598056793213,17,100
car,de,24,24,24,42,0,isolate_S,0.9978287029770314,0.9971098265895953,8.551613504385259,-5.806700649333839,29.184752702713013,9,100
car,ga,24,24,24,42,0,isolate_S,0.9978287029770314,0.9971098265895953,12.211188542964589,-5.8845097322978885,24.269941568374634,9,100
car,sa,24,24,24,42,0,isolate_S,0.9978287029770314,0.9971098265895953,7.734189840288312,-5.777469349254724,29.42251491546631,8,100
car,grid,25,25,25,42,0,isolate_S,0.9978287029770314,1.0,3.8888888888888893,-5.0,30.24073100090027,46,100
car,random,25,25,25,42,0,isolate_S,0.9978287029770314,1.0,4.123006644330971,-4.768188920364327,33.05422019958496,2,100
car,bo_tpe,25,25,25,42,0,isolate_S,0.9978287029770314,1.0,13.264100331659423,-5.079294391954942,25.579058170318604,2,100
car,pso,25,25,25,42,0,isolate_S,0.9978287029770314,1.0,6.6001425568355945,-4.7727215622049,24.6170597076416,10,100
car,de,25,25,25,42,0,isolate_S,0.9978287029770314,1.0,7.739233746429086,-4.825718145165318,29.348673105239868,9,100
car,ga,25,25,25,42,0,isolate_S,0.9978287029770314,1.0,12.26357844699773,-4.906401785446416,22.221195697784424,9,100
car,sa,25,25,25,42,0,isolate_S,0.9978287029770314,1.0,7.013642724932705,-5.000080416163636,28.25163245201111,8,100
car,grid,26,26,26,42,0,isolate_S,0.9891487469261758,1.0,6.111111111111111,-5.0,30.47720718383789,46,100
car,random,26,26,26,42,0,isolate_S,0.990595406267985,1.0,12.622063942223232,-4.537088292554543,29.121471166610718,2,100
car,bo_tpe,26,26,26,42,0,isolate_S,0.990595406267985,1.0,14.76263369407165,-4.56112089714805,27.173022508621216,2,100
car,pso,26,26,26,42,0,isolate_S,0.990595406267985,0.9971098265895953,7.194963477312655,-4.477273890915776,24.987755298614502,10,100
car,de,26,26,26,42,0,isolate_S,0.9898733846073353,1.0,7.739233746429086,-4.825718145165318,29.835257291793823,9,100
car,ga,26,26,26,42,0,isolate_S,0.990595406267985,1.0,12.104146142382096,-4.535332902252126,22.276203393936157,9,100
car,sa,26,26,26,42,0,isolate_S,0.9905980222884947,0.9971098265895953,3.597952920765964,-5.722537742467211,27.525752782821655,8,100
car,grid,27,27,27,42,0,isolate_S,0.9942133626327632,0.9942196531791907,3.8888888888888893,-5.0,30.32219624519348,36,100
car,random,27,27,27,42,0,isolate_S,0.9956600219745724,0.9942196531791907,7.055267521432878,-5.192102706055856,28.36414361000061,2,100
car,bo_tpe,27,27,27,42,0,isolate_S,0.9956600219745724,0.9942196531791907,7.055267521432878,-5.192102706055856,24.643548727035522,2,100
car,pso,27,27,27,42,0,isolate_S,0.9956600219745724,0.9942196531791907,7.314196006123695,-5.18813592076106,23.79690432548523,17,100
car,de,27,27,27,42,0,isolate_S,0.9956600219745724,0.9942196531791907,12.26357844699773,-5.253698035516349,25.90117573738098,9,100
car,ga,27,27,27,42,0,isolate_S,0.9956600219745724,0.9942196531791907,12.26357844699773,-5.253698035516349,22.330913066864014,9,100
car,sa,27,27,27,42,0,isolate_S,0.9956600219745724,0.9942196531791907,4.002608868574016,-5.1883611404506835,28.61263394355774,8,100
car,grid,28,28,28,42,0,isolate_S,0.9942107466122534,0.9971098265895953,3.8888888888888893,-5.0,30.204349279403687,46,100
car,random,28,28,28,42,0,isolate_S,0.9934861089310939,0.9971098265895953,7.055267521432878,-5.192102706055856,28.677438020706177,2,100
car,bo_tpe,28,28,28,42,0,isolate_S,0.9942107466122534,0.9971098265895953,3.7835510830833745,-5.123790794842601,25.57522487640381,2,100
car,pso,28,28,28,42,0,isolate_S,0.9942107466122534,0.9971098265895953,3.797654711749544,-5.21578998944254,23.834412813186646,17,100
car,de,28,28,28,42,0,isolate_S,0.9942107466122534,0.9971098265895953,3.9067333772331763,-5.28366506135989,30.300367832183838,9,100
car,ga,28,28,28,42,0,isolate_S,0.9942107466122534,0.9971098265895953,4.077938235443115,-5.2465292052061345,21.85403084754944,9,100
car,sa,28,28,28,42,0,isolate_S,0.9942107466122534,0.9942196531791907,3.30678456992171,-4.90693299606352,29.37772560119629,8,100
car,grid,29,29,29,42,0,isolate_S,0.9905954062679851,1.0,3.8888888888888893,-5.0,30.241260528564453,36,100
car,random,29,29,29,42,0,isolate_S,0.9934939569926229,1.0,12.622063942223232,-4.537088292554543,28.622589111328125,2,100
car,bo_tpe,29,29,29,42,0,isolate_S,0.9934939569926229,1.0,4.387235332884541,-4.510662156305896,27.1445574760437,2,100
car,pso,29,29,29,42,0,isolate_S,0.9934939569926229,1.0,4.881034837585482,-4.584261843635899,25.801953077316284,10,100
car,de,29,29,29,42,0,isolate_S,0.9927693193114633,1.0,7.373614118940509,-4.470985934896867,25.952388525009155,9,100
car,ga,29,29,29,42,0,isolate_S,0.9934939569926229,1.0,6.916350304035008,-4.6069525744604345,22.965325832366943,9,100
car,sa,29,29,29,42,0,isolate_S,0.9934939569926229,1.0,13.460167851109368,-4.559581183782779,26.205638647079468,8,100
ilpd,grid,0,0,0,42,0,isolate_S,0.7210706932052163,0.7094017094017094,1.666666666666667,3.0,12.313678503036499,1,100
ilpd,random,0,0,0,42,0,isolate_S,0.7189201555708078,0.7094017094017094,9.284825990982227,2.979246118221596,12.883893489837646,8,100
ilpd,bo_tpe,0,0,0,42,0,isolate_S,0.7253260123541525,0.717948717948718,-0.42531389056133306,2.738921708012543,7.666013479232788,52,100
ilpd,pso,0,0,0,42,0,isolate_S,0.7253260123541525,0.717948717948718,-0.14542393530782016,2.997439975540942,8.407273769378662,43,100
ilpd,de,0,0,0,42,0,isolate_S,0.71459620224205,0.7094017094017094,7.739233746429086,-10.143839152250335,9.457457780838013,1,100
ilpd,ga,0,0,0,42,0,isolate_S,0.71459620224205,0.7094017094017094,7.739233746429086,-10.143839152250335,7.325140953063965,1,100
ilpd,sa,0,0,0,42,0,isolate_S,0.7189201555708078,0.7094017094017094,14.636834854537607,3.0,9.048373222351074,7,100
ilpd,grid,1,1,1,42,0,isolate_S,0.7231297185998627,0.717948717948718,1.666666666666667,3.0,11.893209457397461,40,100
ilpd,random,1,1,1,42,0,isolate_S,0.7210020590253947,0.717948717948718,9.284825990982227,2.979246118221596,12.084465026855469,8,100
ilpd,bo_tpe,1,1,1,42,0,isolate_S,0.71459620224205,0.7094017094017094,-3.579278836042261,-13.431672605372267,6.863625526428223,8,100
ilpd,pso,1,1,1,42,0,isolate_S,0.7231297185998627,0.717948717948718,3.6278170713038906,2.987682416074856,7.926706552505493,6,100
ilpd,de,1,1,1,42,0,isolate_S,0.71459620224205,0.7094017094017094,7.739233746429086,-10.143839152250335,8.41020679473877,1,100
ilpd,ga,1,1,1,42,0,isolate_S,0.71459620224205,0.7094017094017094,7.739233746429086,-10.143839152250335,7.215970516204834,1,100
ilpd,sa,1,1,1,42,0,isolate_S,0.7231297185998627,0.717948717948718,14.636834854537607,3.0,8.17310881614685,7,100
ilpd,grid,2,2,2,42,0,isolate_S,0.7253946465339741,0.6837606837606838,-0.5555555555555554,-1.0,11.012698888778687,27,100
ilpd,random,2,2,2,42,0,isolate_S,0.7211164493250972,0.6923076923076923,0.29111224209253983,-1.0637935901840994,12.160766839981079,2,100
ilpd,bo_tpe,2,2,2,42,0,isolate_S,0.7296042095630291,0.6581196581196581,0.2647118809034614,-0.21588098620510193,6.978096961975098,76,100
ilpd,pso,2,2,2,42,0,isolate_S,0.71459620224205,0.7094017094017094,9.993823171215722,-11.149049207505158,10.78416657447815,1,100
ilpd,de,2,2,2,42,0,isolate_S,0.7210935712651569,0.6923076923076923,-0.08738180454413857,-2.0132098765065294,8.519155979156494,1,100
ilpd,ga,2,2,2,42,0,isolate_S,0.71681537405628,0.7094017094017094,5.872499829308458,1.8313036281798283,6.506078243255615,1,100
ilpd,sa,2,2,2,42,0,isolate_S,0.7168382521162207,0.7008547008547008,13.145368633549682,1.5911719369327695,8.223771810531616,2,100
ilpd,grid,3,3,3,42,0,isolate_S,0.7381606039807826,0.6324786324786325,1.666666666666667,3.0,11.387179851531982,40,100
ilpd,random,3,3,3,42,0,isolate_S,0.7403111416151912,0.6239316239316239,9.284825990982227,2.979246118221596,11.843752384185791,75,100
ilpd,bo_tpe,3,3,3,42,0,isolate_S,0.7403111416151912,0.6239316239316239,11.713343556223139,2.953184535354966,7.465789794921875,13,100
ilpd,pso,3,3,3,42,0,isolate_S,0.7403111416151912,0.6324786324786325,4.084881385110318,2.915193610710054,7.819451093673706,6,100
ilpd,de,3,3,3,42,0,isolate_S,0.7403111416151912,0.6239316239316239,9.59310892859888,2.972444633707418,8.514623880386353,3,100
ilpd,ga,3,3,3,42,0,isolate_S,0.7403111416151912,0.6324786324786325,11.833137386647675,2.9162293869394755,6.822407007217407,3,100
ilpd,sa,3,3,3,42,0,isolate_S,0.7403111416151912,0.6239316239316239,5.167993979933027,2.9768710948918784,6.670733213424683,14,100
ilpd,grid,4,4,4,42,0,isolate_S,0.7252345001143905,0.6752136752136753,1.666666666666667,1.0,11.468110799789429,39,100
ilpd,random,4,4,4,42,0,isolate_S,0.7402653854953101,0.7008547008547008,1.9070336139380544,1.7054632823806344,11.356994390487671,89,100
ilpd,bo_tpe,4,4,4,42,0,isolate_S,0.7381148478609015,0.7008547008547008,1.7465753428956616,1.8039312852679095,6.879483461380005,7,100
ilpd,pso,4,4,4,42,0,isolate_S,0.7359414321665524,0.7094017094017094,2.291500516713291,1.8921701141595517,7.704869270324707,8,100
ilpd,de,4,4,4,42,0,isolate_S,0.7359185541066118,0.6923076923076923,3.323848221940061,1.733492565965984,8.875795841217041,3,100
ilpd,ga,4,4,4,42,0,isolate_S,0.7337680164722032,0.6923076923076923,11.634115667741042,1.7421756151148726,6.565011262893677,3,100
ilpd,sa,4,4,4,42,0,isolate_S,0.7381148478609015,0.7008547008547008,1.699093574235612,1.8021481011338982,7.982715606689453,38,100
ilpd,grid,5,5,5,42,0,isolate_S,0.7274307938686798,0.6923076923076923,6.111111111111111,1.0,11.260771751403809,29,100
ilpd,random,5,5,5,42,0,isolate_S,0.727476549988561,0.7094017094017094,10.56313501899701,0.6602186684427451,11.371678829193115,10,100
ilpd,bo_tpe,5,5,5,42,0,isolate_S,0.7317547471974377,0.7008547008547008,14.152434141740898,0.7558724549648099,9.378023624420166,10,100
ilpd,pso,5,5,5,42,0,isolate_S,0.7338595287119654,0.7008547008547008,12.006214335375407,1.2305396795390724,21.189754247665405,26,100
ilpd,de,5,5,5,42,0,isolate_S,0.7295584534431482,0.7094017094017094,8.574076684917866,1.3675565333069726,10.039108276367188,3,100
ilpd,ga,5,5,5,42,0,isolate_S,0.7295584534431482,0.6666666666666666,12.279757859172513,-10.958981544211127,6.385732412338257,3,100
ilpd,sa,5,5,5,42,0,isolate_S,0.7274079158087396,0.6581196581196581,9.324251646457205,-8.988964987224962,12.37214994430542,9,100
ilpd,grid,6,6,6,42,0,isolate_S,0.7274307938686799,0.6666666666666666,8.333333333333334,-7.0,12.227465629577637,37,100
ilpd,random,6,6,6,42,0,isolate_S,0.7296270876229697,0.6666666666666666,8.948575462891274,-6.83623171179476,13.24374771118164,46,100
ilpd,bo_tpe,6,6,6,42,0,isolate_S,0.727476549988561,0.6923076923076923,5.259036546008105,-5.453097896047666,6.205010175704956,80,100
ilpd,pso,6,6,6,42,0,isolate_S,0.7317089910775568,0.6666666666666666,7.473831969498379,-6.640779488808435,11.599483728408813,49,100
ilpd,de,6,6,6,42,0,isolate_S,0.7210020590253947,0.6666666666666666,12.148085531751388,-8.414855436963075,11.84880256652832,1,100
ilpd,ga,6,6,6,42,0,isolate_S,0.7231983527796844,0.6923076923076923,5.075465384150443,-5.3502166995677785,6.476961135864258,32,100
ilpd,sa,6,6,6,42,0,isolate_S,0.716769617936399,0.717948717948718,4.282048546635659,-3.2658281570118555,7.3620827198028564,15,100
ilpd,grid,7,7,7,42,0,isolate_S,0.7231525966598034,0.6581196581196581,12.777777777777779,-9.0,11.711887121200562,46,100
ilpd,random,7,7,7,42,0,isolate_S,0.736101578586136,0.6666666666666666,8.948575462891274,-6.83623171179476,12.323997735977173,81,100
ilpd,bo_tpe,7,7,7,42,0,isolate_S,0.7231754747197439,0.6837606837606838,0.17252314174965466,-2.2854873741136714,8.657468318939209,21,100
ilpd,pso,7,7,7,42,0,isolate_S,0.7318005033173188,0.6581196581196581,8.046292713474838,-6.400673942585158,12.68071174621582,79,100
ilpd,de,7,7,7,42,0,isolate_S,0.725348890414093,0.6581196581196581,14.453015161766498,-9.415646239938798,15.03041672706604,20,100
ilpd,ga,7,7,7,42,0,isolate_S,0.7274994280485017,0.6581196581196581,13.92711218566825,-9.27197478189393,12.150323152542114,26,100
ilpd,sa,7,7,7,42,0,isolate_S,0.7318005033173188,0.6581196581196581,8.125396054144677,-6.441424538278752,24.182289361953735,60,100
ilpd,grid,8,8,8,42,0,isolate_S,0.7169068862960423,0.6837606837606838,-0.5555555555555554,-1.0,10.64355754852295,1,100
ilpd,random,8,8,8,42,0,isolate_S,0.7210249370853352,0.717948717948718,3.7172985053125362,1.0546203902820963,11.935569763183594,4,100
ilpd,bo_tpe,8,8,8,42,0,isolate_S,0.7188972775108672,0.717948717948718,3.7517442252538498,1.0519140140774361,7.909546136856079,4,100
ilpd,pso,8,8,8,42,0,isolate_S,0.725440402653855,0.7008547008547008,1.3125849976866735,0.5228005003463263,7.716254711151123,23,100
ilpd,de,8,8,8,42,0,isolate_S,0.7168382521162207,0.7008547008547008,11.265404784005447,-8.836861948081406,8.39755392074585,1,100
ilpd,ga,8,8,8,42,0,isolate_S,0.7189659116906887,0.6837606837606838,0.5803644705974413,-2.3505516754652938,6.429845809936523,1,100
ilpd,sa,8,8,8,42,0,isolate_S,0.7210249370853352,0.7094017094017094,2.3097237579428,1.2578600970185478,6.068167448043823,55,100
ilpd,grid,9,9,9,42,0,isolate_S,0.7211622054449783,0.6410256410256411,1.666666666666667,1.0,11.600500583648682,1,100
ilpd,random,9,9,9,42,0,isolate_S,0.7147334706016931,0.6495726495726496,1.9070336139380544,1.7054632823806344,11.443518877029419,4,100
ilpd,bo_tpe,9,9,9,42,0,isolate_S,0.7167009837565775,0.7094017094017094,-0.5788806083408964,0.2908690868530681,7.051636219024658,4,100
ilpd,pso,9,9,9,42,0,isolate_S,0.71459620224205,0.7094017094017094,6.32339553675542,-12.891211304933108,7.681717872619629,1,100
ilpd,de,9,9,9,42,0,isolate_S,0.71459620224205,0.7094017094017094,7.739233746429086,-10.143839152250335,7.866389751434326,1,100
ilpd,ga,9,9,9,42,0,isolate_S,0.71459620224205,0.7094017094017094,7.739233746429086,-10.143839152250335,6.618009328842163,1,100
ilpd,sa,9,9,9,42,0,isolate_S,0.7147105925417525,0.6837606837606838,14.051660752701089,2.056432682618529,7.002454519271851,9,100
ilpd,grid,10,10,10,42,0,isolate_S,0.7296499656829102,0.6666666666666666,6.111111111111111,1.0,12.203100681304932,27,100
ilpd,random,10,10,10,42,0,isolate_S,0.7295813315030886,0.7008547008547008,6.360891221878646,1.6607394892678968,11.81862473487854,3,100
ilpd,bo_tpe,10,10,10,42,0,isolate_S,0.7360558224662549,0.6581196581196581,5.114175553754349,1.2164300480464836,7.280395269393921,7,100
ilpd,pso,10,10,10,42,0,isolate_S,0.7424845573095402,0.6837606837606838,3.1603199421538863,1.3912776807897753,8.001610517501831,59,100
ilpd,de,10,10,10,42,0,isolate_S,0.7360329444063144,0.6837606837606838,11.265404784005447,1.429600390998992,10.002514362335205,3,100
ilpd,ga,10,10,10,42,0,isolate_S,0.7360787005261955,0.6495726495726496,11.70318263984296,1.1402161280679286,6.847599029541016,3,100
ilpd,sa,10,10,10,42,0,isolate_S,0.7403340196751316,0.6837606837606838,3.2830769639892985,1.390394877248495,6.094125032424927,5,100
ilpd,grid,11,11,11,42,0,isolate_S,0.7167467398764586,0.717948717948718,1.666666666666667,3.0,11.822484731674194,1,100
ilpd,random,11,11,11,42,0,isolate_S,0.7167467398764586,0.6923076923076923,6.360891221878646,1.6607394892678968,13.003300428390503,7,100
ilpd,bo_tpe,11,11,11,42,0,isolate_S,0.7167467398764586,0.6923076923076923,6.360891221878646,1.6607394892678968,7.257681608200073,7,100
ilpd,pso,11,11,11,42,0,isolate_S,0.71459620224205,0.7094017094017094,9.993823171215722,-11.149049207505158,11.263854503631592,1,100
ilpd,de,11,11,11,42,0,isolate_S,0.7167467398764586,0.7094017094017094,0.9942378107476957,-3.9527142682527785,9.180376291275024,1,100
ilpd,ga,11,11,11,42,0,isolate_S,0.71459620224205,0.7094017094017094,7.739233746429086,-10.143839152250335,7.113445997238159,1,100
ilpd,sa,11,11,11,42,0,isolate_S,0.7167467398764586,0.717948717948718,14.636834854537607,3.0,7.628045320510864,2,100
ilpd,grid,12,12,12,42,0,isolate_S,0.7231297185998626,0.7264957264957265,1.666666666666667,1.0,11.310937404632568,39,100
ilpd,random,12,12,12,42,0,isolate_S,0.7188972775108671,0.7264957264957265,1.9070336139380544,1.7054632823806344,11.854286432266235,8,100
ilpd,bo_tpe,12,12,12,42,0,isolate_S,0.71459620224205,0.7094017094017094,-3.579278836042261,-13.431672605372267,6.914680242538452,5,100
ilpd,pso,12,12,12,42,0,isolate_S,0.7146190803019905,0.6666666666666666,6.593601525599731,-4.41270474088744,7.820154190063477,1,100
ilpd,de,12,12,12,42,0,isolate_S,0.7146190803019905,0.7094017094017094,7.307702229625077,-8.834308216871577,5.815913677215576,1,100
ilpd,ga,12,12,12,42,0,isolate_S,0.71459620224205,0.7094017094017094,-4.180529521276107,-14.702502560486476,6.2691872119903564,1,100
ilpd,sa,12,12,12,42,0,isolate_S,0.71459620224205,0.7094017094017094,3.8344984067326453,-8.377815916303192,21.310593128204346,10,100
ilpd,grid,13,13,13,42,0,isolate_S,0.7274536719286205,0.7264957264957265,1.666666666666667,1.0,10.932203769683838,39,100
ilpd,random,13,13,13,42,0,isolate_S,0.7167467398764586,0.7350427350427351,9.703880442451897,2.319393812113887,10.8345046043396,4,100
ilpd,bo_tpe,13,13,13,42,0,isolate_S,0.7338595287119654,0.717948717948718,2.4389356847426873,0.9123639407255282,6.650847673416138,26,100
ilpd,pso,13,13,13,42,0,isolate_S,0.7317776252573782,0.7094017094017094,0.15299513536545972,0.6033393181913835,7.8714919090271,23,100
ilpd,de,13,13,13,42,0,isolate_S,0.7317089910775568,0.6923076923076923,0.5348649871591595,1.0107810182820032,7.590941667556763,76,100
ilpd,ga,13,13,13,42,0,isolate_S,0.727476549988561,0.7094017094017094,-0.2877377831350647,2.26105614784575,6.996045827865601,63,100
ilpd,sa,13,13,13,42,0,isolate_S,0.7339052848318464,0.7094017094017094,0.3346010841664371,0.87565617187335,5.770255088806152,31,100
ilpd,grid,14,14,14,42,0,isolate_S,0.727568062228323,0.6837606837606838,12.777777777777779,-5.0,11.173460721969604,86,100
ilpd,random,14,14,14,42,0,isolate_S,0.7276138183482042,0.6666666666666666,12.622063942223232,-4.537088292554543,10.682193517684937,59,100
ilpd,bo_tpe,14,14,14,42,0,isolate_S,0.71459620224205,0.7094017094017094,-3.579278836042261,-13.431672605372267,7.084918022155762,3,100
ilpd,pso,14,14,14,42,0,isolate_S,0.7231983527796844,0.7008547008547008,-0.03722424812256647,2.4703581412459856,7.7134411334991455,8,100
ilpd,de,14,14,14,42,0,isolate_S,0.7361473347060169,0.6495726495726496,10.577781326137336,-4.272715531347828,10.44469690322876,66,100
ilpd,ga,14,14,14,42,0,isolate_S,0.7361702127659575,0.6666666666666666,11.99572829358212,-4.819475910606491,13.306273698806763,36,100
ilpd,sa,14,14,14,42,0,isolate_S,0.7233584991992681,0.717948717948718,7.933746046757974,1.9070163532661741,5.366595268249512,2,100
ilpd,grid,15,15,15,42,0,isolate_S,0.725348890414093,0.717948717948718,-0.5555555555555554,-1.0,11.58104419708252,28,100
ilpd,random,15,15,15,42,0,isolate_S,0.7210706932052162,0.6923076923076923,6.399298214025297,-4.364290297532882,11.736717224121094,2,100
ilpd,bo_tpe,15,15,15,42,0,isolate_S,0.7231754747197439,0.6837606837606838,-0.7127108396288335,-2.017172961914499,7.454373836517334,2,100
ilpd,pso,15,15,15,42,0,isolate_S,0.7168382521162207,0.6666666666666666,7.11852444432454,-7.0455868368561045,8.212706565856934,1,100
ilpd,de,15,15,15,42,0,isolate_S,0.7189430336307483,0.6752136752136753,13.403918607063439,-10.790156233945131,9.404921293258667,1,100
ilpd,ga,15,15,15,42,0,isolate_S,0.7189430336307483,0.6666666666666666,8.189632726406625,-7.964755527712576,6.303998947143555,1,100
ilpd,sa,15,15,15,42,0,isolate_S,0.71459620224205,0.7094017094017094,4.14531534033992,-9.174196129747678,16.71820378303528,14,100
ilpd,grid,16,16,16,42,0,isolate_S,0.71459620224205,0.7094017094017094,-5.0,-15.0,11.15364933013916,1,100
ilpd,random,16,16,16,42,0,isolate_S,0.71459620224205,0.7094017094017094,-3.579278836042261,-13.431672605372267,12.014017343521118,8,100
ilpd,bo_tpe,16,16,16,42,0,isolate_S,0.71459620224205,0.7094017094017094,-3.579278836042261,-13.431672605372267,7.424669981002808,8,100
ilpd,pso,16,16,16,42,0,isolate_S,0.7188972775108672,0.7094017094017094,4.305022311435221,-6.12728584528908,9.929181337356567,1,100
ilpd,de,16,16,16,42,0,isolate_S,0.71459620224205,0.7094017094017094,7.739233746429086,-10.143839152250335,8.040782928466797,1,100
ilpd,ga,16,16,16,42,0,isolate_S,0.71459620224205,0.7094017094017094,7.739233746429086,-10.143839152250335,6.677861452102661,1,100
ilpd,sa,16,16,16,42,0,isolate_S,0.71459620224205,0.7094017094017094,11.402701836392064,-13.278873974149832,14.762985229492188,14,100
ilpd,grid,17,17,17,42,0,isolate_S,0.7317318691374972,0.7264957264957265,10.555555555555557,-5.0,11.014673233032227,76,100
ilpd,random,17,17,17,42,0,isolate_S,0.7296270876229697,0.7264957264957265,7.241914454448429,-3.8951880562543764,12.238885879516602,6,100
ilpd,bo_tpe,17,17,17,42,0,isolate_S,0.7274536719286205,0.7094017094017094,10.834500761653292,-5.47989144444772,12.341367959976196,3,100
ilpd,pso,17,17,17,42,0,isolate_S,0.7318005033173186,0.717948717948718,11.99659136216073,-5.529503478055636,18.83801245689392,18,100
ilpd,de,17,17,17,42,0,isolate_S,0.727476549988561,0.7435897435897436,11.456079491329131,-5.253698035516349,10.15971302986145,3,100
ilpd,ga,17,17,17,42,0,isolate_S,0.7339052848318464,0.7094017094017094,10.099789890468651,-5.253698035516349,10.517963171005249,61,100
ilpd,sa,17,17,17,42,0,isolate_S,0.7445664607641274,0.7264957264957265,8.704919400999778,-4.420143176678769,7.829027414321899,47,100
ilpd,grid,18,18,18,42,0,isolate_S,0.7231983527796844,0.7094017094017094,3.8888888888888893,3.0,10.691627264022827,40,100
ilpd,random,18,18,18,42,0,isolate_S,0.7403340196751316,0.6923076923076923,6.360891221878646,1.6607394892678968,11.341224431991577,7,100
ilpd,bo_tpe,18,18,18,42,0,isolate_S,0.7425074353694807,0.7094017094017094,2.038918344465219,2.0381346599906798,8.211244344711304,7,100
ilpd,pso,18,18,18,42,0,isolate_S,0.7424845573095402,0.7094017094017094,2.291500516713291,1.8921701141595517,7.677271604537964,8,100
ilpd,de,18,18,18,42,0,isolate_S,0.7403568977350721,0.7008547008547008,7.739233746429086,2.040379799702848,10.190417766571045,5,100
ilpd,ga,18,18,18,42,0,isolate_S,0.7424845573095402,0.6923076923076923,5.872499829308458,1.904122800533929,6.566634893417358,5,100
ilpd,sa,18,18,18,42,0,isolate_S,0.7424845573095402,0.6923076923076923,7.933746046757974,1.9070163532661741,7.927952527999878,2,100
ilpd,grid,19,19,19,42,0,isolate_S,0.7231297185998627,0.717948717948718,1.666666666666667,3.0,9.429650068283081,28,100
ilpd,random,19,19,19,42,0,isolate_S,0.7209791809654542,0.717948717948718,9.284825990982227,2.979246118221596,10.692675352096558,8,100
ilpd,bo_tpe,19,19,19,42,0,isolate_S,0.71459620224205,0.7094017094017094,-3.579278836042261,-13.431672605372267,6.600328207015991,8,100
ilpd,pso,19,19,19,42,0,isolate_S,0.7167467398764586,0.7094017094017094,9.993823171215722,-11.149049207505158,9.821017503738403,1,100
ilpd,de,19,19,19,42,0,isolate_S,0.7167467398764586,0.7094017094017094,10.895965955867776,-11.838198829153939,8.666065454483032,1,100
ilpd,ga,19,19,19,42,0,isolate_S,0.7167467398764586,0.7094017094017094,11.57973568550012,-12.747190083984107,6.007269382476807,1,100
ilpd,sa,19,19,19,42,0,isolate_S,0.7209791809654542,0.717948717948718,14.636834854537607,3.0,10.445026636123657,2,100
ilpd,grid,20,20,20,42,0,isolate_S,0.7168611301761612,0.7264957264957265,1.666666666666667,-1.0,12.479267835617065,1,100
ilpd,random,20,20,20,42,0,isolate_S,0.723221230839625,0.717948717948718,0.29111224209253983,-1.0637935901840994,11.985361337661743,16,100
ilpd,bo_tpe,20,20,20,42,0,isolate_S,0.7360787005261955,0.6923076923076923,0.14252057901872917,-0.27237583159558054,6.397616147994995,29,100
ilpd,pso,20,20,20,42,0,isolate_S,0.7188972775108672,0.7008547008547008,10.549759309286836,-8.750912579261088,10.103845357894897,1,100
ilpd,de,20,20,20,42,0,isolate_S,0.7167467398764586,0.717948717948718,9.034731272923734,-7.864507448132264,10.334880828857422,1,100
ilpd,ga,20,20,20,42,0,isolate_S,0.71459620224205,0.7094017094017094,7.739233746429086,-10.143839152250335,6.9069225788116455,1,100
ilpd,sa,20,20,20,42,0,isolate_S,0.71459620224205,0.7094017094017094,13.071873282316835,-13.504171788009913,13.020782232284546,9,100
ilpd,grid,21,21,21,42,0,isolate_S,0.7253717684740335,0.6923076923076923,1.666666666666667,3.0,12.463046073913574,40,100
ilpd,random,21,21,21,42,0,isolate_S,0.7296042095630291,0.7094017094017094,9.703880442451897,2.319393812113887,19.02444839477539,52,100
ilpd,bo_tpe,21,21,21,42,0,isolate_S,0.7360787005261955,0.7008547008547008,13.979404859751032,2.8832696843957946,10.158157587051392,15,100
ilpd,pso,21,21,21,42,0,isolate_S,0.7360787005261955,0.7008547008547008,5.6616148840736855,2.8788452744024946,7.59990119934082,6,100
ilpd,de,21,21,21,42,0,isolate_S,0.7360329444063144,0.7008547008547008,0.030744810068716433,1.429600390998992,9.755002498626709,14,100
ilpd,ga,21,21,21,42,0,isolate_S,0.7360787005261955,0.7008547008547008,13.087698993952309,2.8771585907600983,6.699416160583496,14,100
ilpd,sa,21,21,21,42,0,isolate_S,0.7317776252573782,0.717948717948718,13.833547422821052,2.4558550489643958,6.550103187561035,2,100
ilpd,grid,22,22,22,42,0,isolate_S,0.71459620224205,0.7094017094017094,-5.0,-15.0,10.66262412071228,1,100
ilpd,random,22,22,22,42,0,isolate_S,0.7167467398764586,0.7264957264957265,6.518929911123585,1.7273315563718548,11.580987930297852,7,100
ilpd,bo_tpe,22,22,22,42,0,isolate_S,0.7210249370853352,0.7094017094017094,3.408359014258893,2.120997184882905,6.626909971237183,7,100
ilpd,pso,22,22,22,42,0,isolate_S,0.7231754747197439,0.7094017094017094,3.1677650064558405,1.8044344901897977,7.781599998474121,8,100
ilpd,de,22,22,22,42,0,isolate_S,0.7188972775108672,0.7264957264957265,5.872499829308458,2.2102330424018053,8.245949029922485,1,100
ilpd,ga,22,22,22,42,0,isolate_S,0.727476549988561,0.7008547008547008,2.6534753432396587,1.578663219946489,7.831972599029541,66,100
ilpd,sa,22,22,22,42,0,isolate_S,0.7188972775108672,0.717948717948718,7.933746046757974,1.9070163532661741,23.154128551483154,2,100
ilpd,grid,23,23,23,42,0,isolate_S,0.714687714481812,0.6837606837606838,3.8888888888888893,-3.0,11.643149852752686,1,100
ilpd,random,23,23,23,42,0,isolate_S,0.7211622054449783,0.6923076923076923,5.712656060499166,-4.381620425617722,11.52905011177063,8,100
ilpd,bo_tpe,23,23,23,42,0,isolate_S,0.7146648364218715,0.7264957264957265,-0.4133540595115317,-0.3183249489822675,6.1355555057525635,5,100
ilpd,pso,23,23,23,42,0,isolate_S,0.7232898650194464,0.6923076923076923,3.473831969498379,-3.7179378671046592,9.579066038131714,9,100
ilpd,de,23,23,23,42,0,isolate_S,0.7167467398764586,0.7094017094017094,12.148085531751388,-11.360265733305578,9.491947174072266,1,100
ilpd,ga,23,23,23,42,0,isolate_S,0.71459620224205,0.7094017094017094,7.739233746429086,-10.143839152250335,6.681525707244873,1,100
ilpd,sa,23,23,23,42,0,isolate_S,0.7167696179363992,0.6752136752136753,15.0,-10.321583014151527,16.26244807243347,42,100
ilpd,grid,24,24,24,42,0,isolate_S,0.7338366506520249,0.6581196581196581,15.0,-9.0,11.743355989456177,49,100
ilpd,random,24,24,24,42,0,isolate_S,0.7317089910775568,0.6666666666666666,10.56313501899701,0.6602186684427451,11.738457918167114,4,100
ilpd,bo_tpe,24,24,24,42,0,isolate_S,0.7317089910775568,0.6666666666666666,10.56313501899701,0.6602186684427451,6.895921230316162,4,100
ilpd,pso,24,24,24,42,0,isolate_S,0.7295355753832077,0.7264957264957265,3.200205477587515,1.7001556653372747,7.768029451370239,8,100
ilpd,de,24,24,24,42,0,isolate_S,0.736010066346374,0.6581196581196581,14.753283875613384,-9.291544021713369,17.9995059967041,20,100
ilpd,ga,24,24,24,42,0,isolate_S,0.738137725920842,0.6581196581196581,13.962282153302526,-9.14679511550633,12.461100578308105,20,100
ilpd,sa,24,24,24,42,0,isolate_S,0.7317318691374972,0.6581196581196581,11.61802785727477,-7.699061921303535,15.478085279464722,2,100
ilpd,grid,25,25,25,42,0,isolate_S,0.7253717684740335,0.6837606837606838,1.666666666666667,3.0,10.711261749267578,40,100
ilpd,random,25,25,25,42,0,isolate_S,0.725348890414093,0.7350427350427351,9.703880442451897,2.319393812113887,11.501880884170532,45,100
ilpd,bo_tpe,25,25,25,42,0,isolate_S,0.7318462594371999,0.7521367521367521,2.0387837504681485,1.8985114147667868,7.918763875961304,34,100
ilpd,pso,25,25,25,42,0,isolate_S,0.7317776252573782,0.7264957264957265,1.3127008790844896,2.200373330859228,7.447738409042358,23,100
ilpd,de,25,25,25,42,0,isolate_S,0.727476549988561,0.7264957264957265,0.9942378107476957,2.2751587888755638,9.10178542137146,5,100
ilpd,ga,25,25,25,42,0,isolate_S,0.7296957218027913,0.7350427350427351,5.872499829308458,1.8729091922972954,6.480624198913574,5,100
ilpd,sa,25,25,25,42,0,isolate_S,0.7296957218027913,0.7350427350427351,7.933746046757974,1.9070163532661741,6.2398200035095215,2,100
ilpd,grid,26,26,26,42,0,isolate_S,0.7231297185998627,0.6837606837606838,-0.5555555555555554,1.0,10.209508419036865,28,100
ilpd,random,26,26,26,42,0,isolate_S,0.7274079158087396,0.7350427350427351,6.360891221878646,1.6607394892678968,10.84627890586853,7,100
ilpd,bo_tpe,26,26,26,42,0,isolate_S,0.7317089910775568,0.7350427350427351,8.053232119360045,1.5175969457744005,8.024713516235352,7,100
ilpd,pso,26,26,26,42,0,isolate_S,0.7403111416151912,0.7094017094017094,0.15771366980739465,1.8921701141595517,7.334980249404907,69,100
ilpd,de,26,26,26,42,0,isolate_S,0.7296270876229697,0.7264957264957265,8.412488293872606,2.195598092694347,8.060349464416504,44,100
ilpd,ga,26,26,26,42,0,isolate_S,0.7317089910775568,0.7350427350427351,5.73309227658037,1.515933521450707,7.0020081996917725,43,100
ilpd,sa,26,26,26,42,0,isolate_S,0.727476549988561,0.7264957264957265,6.818399099476092,2.1772007864445375,7.410441160202026,2,100
ilpd,grid,27,27,27,42,0,isolate_S,0.725440402653855,0.6068376068376068,15.0,-9.0,10.707056760787964,28,100
ilpd,random,27,27,27,42,0,isolate_S,0.7210249370853352,0.7008547008547008,-0.5383673471876342,2.1494822073057307,11.207643270492554,8,100
ilpd,bo_tpe,27,27,27,42,0,isolate_S,0.7231754747197439,0.7094017094017094,-0.42531389056133306,2.738921708012543,7.083195924758911,50,100
ilpd,pso,27,27,27,42,0,isolate_S,0.71459620224205,0.7094017094017094,6.32339553675542,-12.891211304933108,7.935611009597778,1,100
ilpd,de,27,27,27,42,0,isolate_S,0.725440402653855,0.5982905982905983,13.73025062389159,-8.559686459236737,15.019250869750977,20,100
ilpd,ga,27,27,27,42,0,isolate_S,0.725440402653855,0.5897435897435898,13.680870319124992,-8.398090043107423,9.057168245315552,20,100
ilpd,sa,27,27,27,42,0,isolate_S,0.7103866392129948,0.717948717948718,8.907271082062037,2.8233292986426757,13.561816453933716,6,100
ilpd,grid,28,28,28,42,0,isolate_S,0.7231525966598034,0.6666666666666666,6.111111111111111,-5.0,11.468218326568604,40,100
ilpd,random,28,28,28,42,0,isolate_S,0.7232441088995655,0.7008547008547008,9.284825990982227,2.979246118221596,11.42008090019226,2,100
ilpd,bo_tpe,28,28,28,42,0,isolate_S,0.7275451841683827,0.717948717948718,11.370466447989964,2.5991218967227407,8.911954164505005,26,100
ilpd,pso,28,28,28,42,0,isolate_S,0.7296957218027913,0.7094017094017094,0.9567538506647022,2.6865190511921497,8.419193267822266,6,100
ilpd,de,28,28,28,42,0,isolate_S,0.7275451841683827,0.7264957264957265,2.706289703661387,1.8313036281798283,8.565162658691406,5,100
ilpd,ga,28,28,28,42,0,isolate_S,0.7275451841683827,0.717948717948718,12.95627743982261,2.606825082451202,6.714725971221924,5,100
ilpd,sa,28,28,28,42,0,isolate_S,0.7318005033173188,0.7094017094017094,-0.026637202256986292,1.3614161168818084,13.561877250671387,48,100
ilpd,grid,29,29,29,42,0,isolate_S,0.7531686113017617,0.6153846153846154,1.666666666666667,1.0,10.935722351074219,39,100
ilpd,random,29,29,29,42,0,isolate_S,0.7445207046442462,0.6153846153846154,3.7517442252538498,1.0519140140774361,11.108462572097778,4,100
ilpd,bo_tpe,29,29,29,42,0,isolate_S,0.7574468085106384,0.6153846153846154,1.7465753428956616,0.8341761512429087,7.096308708190918,24,100
ilpd,pso,29,29,29,42,0,isolate_S,0.7553191489361704,0.6239316239316239,1.1984825061884958,0.9737952971827385,7.675202131271362,56,100
ilpd,de,29,29,29,42,0,isolate_S,0.7530999771219401,0.6410256410256411,4.042327068353866,1.429600390998992,8.536002159118652,3,100
ilpd,ga,29,29,29,42,0,isolate_S,0.7595973461450469,0.6153846153846154,1.379548341857959,0.7638499035719482,6.685404300689697,31,100
ilpd,sa,29,29,29,42,0,isolate_S,0.7338137725920844,0.6666666666666666,7.933746046757974,1.9070163532661741,8.388441324234009,2,100
qsar-biodeg,grid,0,0,0,42,0,isolate_S,0.89339954916878,0.8720379146919431,3.8888888888888893,-5.0,14.096852779388428,46,100
qsar-biodeg,random,0,0,0,42,0,isolate_S,0.8969498450267681,0.8767772511848341,4.123006644330971,-4.768188920364327,12.586540699005127,2,100
qsar-biodeg,bo_tpe,0,0,0,42,0,isolate_S,0.9005071851225697,0.8720379146919431,4.633719157563142,-5.7244334114343,11.51579475402832,19,100
qsar-biodeg,pso,0,0,0,42,0,isolate_S,0.9005071851225697,0.8672985781990521,6.652829708621542,-6.647865922116507,10.629201889038086,27,100
qsar-biodeg,de,0,0,0,42,0,isolate_S,0.8957523245984784,0.8625592417061612,5.872499829308458,-5.804326595710874,11.869040966033936,42,100
qsar-biodeg,ga,0,0,0,42,0,isolate_S,0.8957593688362919,0.8672985781990521,7.591172209784203,-7.14398725611837,11.967952251434326,28,100
qsar-biodeg,sa,0,0,0,42,0,isolate_S,0.9016694843617922,0.8767772511848341,5.699938314274472,-5.404677431189262,15.384702205657959,11,100
qsar-biodeg,grid,1,1,1,42,0,isolate_S,0.8826923076923077,0.8909952606635071,6.111111111111111,-5.0,14.158977270126343,36,100
qsar-biodeg,random,1,1,1,42,0,isolate_S,0.8826852634544942,0.9004739336492891,3.477100971163594,-4.084922145697362,12.772423267364502,2,100
qsar-biodeg,bo_tpe,1,1,1,42,0,isolate_S,0.8874189912651449,0.8909952606635071,5.691693006862814,-5.282057280849342,12.419821977615356,12,100
qsar-biodeg,pso,1,1,1,42,0,isolate_S,0.8862355593124824,0.8909952606635071,5.191534232511436,-4.96641561200663,10.933434009552002,19,100
qsar-biodeg,de,1,1,1,42,0,isolate_S,0.8767892364046208,0.9004739336492891,13.680870319124992,-12.030704586646777,15.92610216140747,6,100
qsar-biodeg,ga,1,1,1,42,0,isolate_S,0.8862496477881094,0.8862559241706162,6.911359766159665,-5.319710913852761,11.981202125549316,57,100
qsar-biodeg,sa,1,1,1,42,0,isolate_S,0.8874330797407721,0.8862559241706162,7.0865577995189115,-5.663150112984884,14.566662311553955,10,100
qsar-biodeg,grid,2,2,2,42,0,isolate_S,0.8909904198365737,0.8388625592417062,10.555555555555557,-13.0,14.121183395385742,26,100
qsar-biodeg,random,2,2,2,42,0,isolate_S,0.8909833755987602,0.8436018957345972,11.578800584347263,-14.915481428534154,12.827885866165161,21,100
qsar-biodeg,bo_tpe,2,2,2,42,0,isolate_S,0.892166807551423,0.8578199052132701,1.7089278104695267,-4.244662461558649,12.076159000396729,13,100
qsar-biodeg,pso,2,2,2,42,0,isolate_S,0.8897858551704706,0.8530805687203792,1.2368478654828217,-4.151768806474732,10.722005605697632,14,100
qsar-biodeg,de,2,2,2,42,0,isolate_S,0.8945336714567483,0.8436018957345972,10.651650032237203,-13.441486439959471,11.507981061935425,6,100
qsar-biodeg,ga,2,2,2,42,0,isolate_S,0.8933502395040858,0.8436018957345972,11.318977390236455,-13.93124516952108,10.950117588043213,6,100
qsar-biodeg,sa,2,2,2,42,0,isolate_S,0.8933502395040858,0.8436018957345972,10.31859999670046,-13.087806668968247,12.423135995864868,17,100
qsar-biodeg,grid,3,3,3,42,0,isolate_S,0.8791420118343195,0.8909952606635071,3.8888888888888893,-7.0,13.990277767181396,26,100
qsar-biodeg,random,3,3,3,42,0,isolate_S,0.8767681036911806,0.8672985781990521,8.952623918545298,-13.915941510673143,12.581516742706299,15,100
qsar-biodeg,bo_tpe,3,3,3,42,0,isolate_S,0.8803254437869821,0.8862559241706162,-0.2758417889196794,-3.5126233403831417,12.200941324234009,14,100
qsar-biodeg,pso,3,3,3,42,0,isolate_S,0.8755987602141448,0.909952606635071,2.1887035308336653,-4.584261843635899,10.893670320510864,1,100
qsar-biodeg,de,3,3,3,42,0,isolate_S,0.8803183995491688,0.8672985781990521,9.631181817315504,-14.395459644501642,12.69227123260498,1,100
qsar-biodeg,ga,3,3,3,42,0,isolate_S,0.8779515356438434,0.8672985781990521,9.8481264276834,-14.217831170860308,11.226267099380493,1,100
qsar-biodeg,sa,3,3,3,42,0,isolate_S,0.8803183995491688,0.8672985781990521,9.063977900639275,-13.86203745451118,13.343795537948608,20,100
qsar-biodeg,grid,4,4,4,42,0,isolate_S,0.8886094674556213,0.8530805687203792,3.8888888888888893,-7.0,14.090813636779785,35,100
qsar-biodeg,random,4,4,4,42,0,isolate_S,0.8850380388841927,0.8530805687203792,6.544571772083351,-10.717929215258845,12.583418369293213,15,100
qsar-biodeg,bo_tpe,4,4,4,42,0,isolate_S,0.8862355593124824,0.8483412322274881,2.8521823582961723,-5.085753329950252,11.26993727684021,12,100
qsar-biodeg,pso,4,4,4,42,0,isolate_S,0.8874260355029586,0.8483412322274881,4.572454142603645,-7.516344982286338,10.463891744613647,14,100
qsar-biodeg,de,4,4,4,42,0,isolate_S,0.8826711749788672,0.8246445497630331,10.390133491345747,-14.99629648384153,11.677456140518188,1,100
qsar-biodeg,ga,4,4,4,42,0,isolate_S,0.8838405184559031,0.8436018957345972,11.355034256016141,-14.932163187673396,10.765100717544556,1,100
qsar-biodeg,sa,4,4,4,42,0,isolate_S,0.8862285150746689,0.8530805687203792,3.072372138287437,-5.276448750229449,10.689040660858154,24,100
qsar-biodeg,grid,5,5,5,42,0,isolate_S,0.8886306001690617,0.8483412322274881,6.111111111111111,-7.0,14.121999502182007,36,100
qsar-biodeg,random,5,5,5,42,0,isolate_S,0.889821076359538,0.8530805687203792,6.403935408357594,-7.1051727576782335,12.464104652404785,15,100
qsar-biodeg,bo_tpe,5,5,5,42,0,isolate_S,0.8957523245984784,0.8530805687203792,3.5574894065790597,-5.513193481600047,11.270672082901001,21,100
qsar-biodeg,pso,5,5,5,42,0,isolate_S,0.8910115525500141,0.8578199052132701,1.5622208746915986,-4.326669249605075,10.38845419883728,23,100
qsar-biodeg,de,5,5,5,42,0,isolate_S,0.8910256410256411,0.8578199052132701,2.965756206868834,-5.762604305157625,12.489935636520386,13,100
qsar-biodeg,ga,5,5,5,42,0,isolate_S,0.8886446886446887,0.8578199052132701,7.307702229625077,-8.093804023286097,11.372485637664795,13,100
qsar-biodeg,sa,5,5,5,42,0,isolate_S,0.8826852634544942,0.8720379146919431,2.1040198471792095,-3.7861432465410716,12.82548475265503,10,100
qsar-biodeg,grid,6,6,6,42,0,isolate_S,0.8803324880247956,0.9052132701421801,3.8888888888888893,-5.0,14.201504707336426,36,100
qsar-biodeg,random,6,6,6,42,0,isolate_S,0.883882783882784,0.8957345971563981,4.123006644330971,-4.768188920364327,13.996880531311035,2,100
qsar-biodeg,bo_tpe,6,6,6,42,0,isolate_S,0.8850591715976333,0.9052132701421801,5.585392418682275,-5.9197260505868226,12.85998272895813,2,100
qsar-biodeg,pso,6,6,6,42,0,isolate_S,0.8933431952662723,0.9052132701421801,4.856174727729076,-5.774009860039637,10.501337766647339,27,100
qsar-biodeg,de,6,6,6,42,0,isolate_S,0.8755987602141448,0.8909952606635071,11.265404784005447,-14.969427816410299,12.811716079711914,6,100
qsar-biodeg,ga,6,6,6,42,0,isolate_S,0.8779938010707242,0.8815165876777251,11.694518626544395,-8.196348916944693,15.080097675323486,6,100
qsar-biodeg,sa,6,6,6,42,0,isolate_S,0.8779867568329107,0.8815165876777251,12.027109074652431,-8.312372372427795,14.987043142318726,24,100
qsar-biodeg,grid,7,7,7,42,0,isolate_S,0.876803324880248,0.8957345971563981,-0.5555555555555554,-5.0,13.826518297195435,26,100
qsar-biodeg,random,7,7,7,42,0,isolate_S,0.8803606649760496,0.8815165876777251,-0.024937129600839825,-4.629167980478936,12.967383861541748,17,100
qsar-biodeg,bo_tpe,7,7,7,42,0,isolate_S,0.8850803043110735,0.8909952606635071,5.504609058285839,-6.203250612764125,11.721659421920776,12,100
qsar-biodeg,pso,7,7,7,42,0,isolate_S,0.8862778247393631,0.8957345971563981,5.010146646261067,-6.040515913262272,10.648386478424072,16,100
qsar-biodeg,de,7,7,7,42,0,isolate_S,0.8815511411665258,0.8815165876777251,5.872499829308458,-6.670050242923544,12.692730188369751,16,100
qsar-biodeg,ga,7,7,7,42,0,isolate_S,0.8815370526908988,0.8862559241706162,8.892633849599376,-7.999974339355378,12.584475755691528,16,100
qsar-biodeg,sa,7,7,7,42,0,isolate_S,0.8791772330233869,0.8862559241706162,7.9978031571061,-7.618040670570565,16.48975110054016,24,100
qsar-biodeg,grid,8,8,8,42,0,isolate_S,0.8779656241194702,0.8862559241706162,3.8888888888888893,-7.0,13.690181255340576,26,100
qsar-biodeg,random,8,8,8,42,0,isolate_S,0.8779938010707242,0.8815165876777251,1.3713790490264728,-2.9866131606537287,12.355794429779053,3,100
qsar-biodeg,bo_tpe,8,8,8,42,0,isolate_S,0.8803395322626091,0.8862559241706162,3.161309806520573,-6.821468865379156,11.29875636100769,14,100
qsar-biodeg,pso,8,8,8,42,0,isolate_S,0.8815300084530854,0.8767772511848341,0.7997830456769921,-5.292017597197453,10.824368000030518,16,100
qsar-biodeg,de,8,8,8,42,0,isolate_S,0.8791561003099464,0.8767772511848341,10.34859158579777,-13.491884038736956,12.471534490585327,6,100
qsar-biodeg,ga,8,8,8,42,0,isolate_S,0.87916314454776,0.8720379146919431,11.715643888929506,-14.729088334721292,10.733029842376709,6,100
qsar-biodeg,sa,8,8,8,42,0,isolate_S,0.8815229642152719,0.8720379146919431,1.1173201694358663,-5.899029013022449,10.941125869750977,11,100
qsar-biodeg,grid,9,9,9,42,0,isolate_S,0.8827063961679347,0.8672985781990521,3.8888888888888893,-7.0,14.012492179870605,35,100
qsar-biodeg,random,9,9,9,42,0,isolate_S,0.8827063961679347,0.8672985781990521,5.436966435001434,-7.536085080170576,12.86246943473816,15,100
qsar-biodeg,bo_tpe,9,9,9,42,0,isolate_S,0.8874401239785854,0.8672985781990521,5.615471594157718,-7.842866263546089,11.269867181777954,25,100
qsar-biodeg,pso,9,9,9,42,0,isolate_S,0.88507326007326,0.8672985781990521,5.250044250073785,-7.947548387887043,10.233880043029785,23,100
qsar-biodeg,de,9,9,9,42,0,isolate_S,0.883882783882784,0.8720379146919431,5.231548738225191,-8.19913015235205,12.17334771156311,1,100
qsar-biodeg,ga,9,9,9,42,0,isolate_S,0.88507326007326,0.8720379146919431,5.080742083120115,-7.82269201864307,10.899821519851685,24,100
qsar-biodeg,sa,9,9,9,42,0,isolate_S,0.8850662158354468,0.8578199052132701,6.157587915367057,-8.795794964602832,11.192925453186035,24,100
qsar-biodeg,grid,10,10,10,42,0,isolate_S,0.879134967596506,0.8815165876777251,3.8888888888888893,-7.0,14.02690315246582,26,100
qsar-biodeg,random,10,10,10,42,0,isolate_S,0.8767681036911806,0.8862559241706162,-0.024937129600839825,-4.629167980478936,12.581364393234253,15,100
qsar-biodeg,bo_tpe,10,10,10,42,0,isolate_S,0.8850662158354465,0.8862559241706162,2.4931375532375504,-6.362244163464272,10.8954176902771,40,100
qsar-biodeg,pso,10,10,10,42,0,isolate_S,0.8826993519301212,0.8815165876777251,3.388273000609209,-7.363305164581864,10.409669637680054,16,100
qsar-biodeg,de,10,10,10,42,0,isolate_S,0.8779585798816567,0.8815165876777251,4.106941218755742,-8.093804023286097,11.824854135513306,13,100
qsar-biodeg,ga,10,10,10,42,0,isolate_S,0.8791490560721329,0.8815165876777251,4.175472744397148,-8.093804023286097,11.067759037017822,13,100
qsar-biodeg,sa,10,10,10,42,0,isolate_S,0.8815159199774584,0.8815165876777251,4.003763026467459,-7.502344488623857,10.486332654953003,24,100
qsar-biodeg,grid,11,11,11,42,0,isolate_S,0.889821076359538,0.8767772511848341,1.666666666666667,-5.0,14.166767597198486,36,100
qsar-biodeg,random,11,11,11,42,0,isolate_S,0.8839039165962242,0.8672985781990521,5.436966435001434,-7.536085080170576,12.59920597076416,15,100
qsar-biodeg,bo_tpe,11,11,11,42,0,isolate_S,0.8874542124542126,0.8767772511848341,2.1049160964523654,-5.384241014432047,12.711512327194214,12,100
qsar-biodeg,pso,11,11,11,42,0,isolate_S,0.8933925049309664,0.8720379146919431,2.5466882203507413,-4.990431108783923,10.680110931396484,23,100
qsar-biodeg,de,11,11,11,42,0,isolate_S,0.883896872358411,0.8672985781990521,10.463650896462454,-9.733060208244698,13.67378568649292,13,100
qsar-biodeg,ga,11,11,11,42,0,isolate_S,0.8886446886446887,0.8720379146919431,0.9942378107476957,-4.03262521823267,11.651061058044434,13,100
qsar-biodeg,sa,11,11,11,42,0,isolate_S,0.8898422090729785,0.8672985781990521,3.072372138287437,-5.276448750229449,14.09556794166565,24,100
qsar-biodeg,grid,12,12,12,42,0,isolate_S,0.8744082840236687,0.909952606635071,1.666666666666667,-5.0,14.401710271835327,26,100
qsar-biodeg,random,12,12,12,42,0,isolate_S,0.8779867568329106,0.9004739336492891,-0.024937129600839825,-4.629167980478936,12.890370607376099,32,100
qsar-biodeg,bo_tpe,12,12,12,42,0,isolate_S,0.8779867568329106,0.8957345971563981,-0.15558640420598824,-4.73101707797443,11.897398233413696,28,100
qsar-biodeg,pso,12,12,12,42,0,isolate_S,0.8756128486897717,0.9146919431279621,3.1675756901134533,-6.176924324990381,10.432016372680664,16,100
qsar-biodeg,de,12,12,12,42,0,isolate_S,0.8720555085939701,0.919431279620853,10.582300859255643,-14.991486173890925,11.838626146316528,6,100
qsar-biodeg,ga,12,12,12,42,0,isolate_S,0.8720343758805298,0.919431279620853,4.99620121384943,-7.967664107780211,11.779979944229126,6,100
qsar-biodeg,sa,12,12,12,42,0,isolate_S,0.8767751479289941,0.9146919431279621,1.555261325296984,-5.63839339081036,11.872482538223267,16,100
qsar-biodeg,grid,13,13,13,42,0,isolate_S,0.876803324880248,0.8909952606635071,6.111111111111111,-5.0,14.743653297424316,36,100
qsar-biodeg,random,13,13,13,42,0,isolate_S,0.8803465765004226,0.8957345971563981,7.055267521432878,-5.192102706055856,14.353099346160889,2,100
qsar-biodeg,bo_tpe,13,13,13,42,0,isolate_S,0.8803465765004228,0.8957345971563981,6.88499057865321,-5.2542750052811655,12.405147552490234,2,100
qsar-biodeg,pso,13,13,13,42,0,isolate_S,0.8803465765004228,0.8957345971563981,6.877613852676162,-5.220776608642909,10.877187967300415,19,100
qsar-biodeg,de,13,13,13,42,0,isolate_S,0.870865032403494,0.919431279620853,5.507086449514517,-6.4637787685248185,12.33325719833374,1,100
qsar-biodeg,ga,13,13,13,42,0,isolate_S,0.8755917159763313,0.9004739336492891,1.4372303864243579,-3.563617331951062,11.924636125564575,6,100
qsar-biodeg,sa,13,13,13,42,0,isolate_S,0.8803254437869823,0.8957345971563981,1.8385259902876085,-3.6797283867037143,11.59395956993103,55,100
qsar-biodeg,grid,14,14,14,42,0,isolate_S,0.8767328825021133,0.8672985781990521,6.111111111111111,-5.0,14.741175413131714,45,100
qsar-biodeg,random,14,14,14,42,0,isolate_S,0.8743730628346013,0.8957345971563981,4.123006644330971,-4.768188920364327,12.821714878082275,2,100
qsar-biodeg,bo_tpe,14,14,14,42,0,isolate_S,0.8862285150746689,0.8909952606635071,4.281544086705083,-5.313696447111074,11.489489078521729,22,100
qsar-biodeg,pso,14,14,14,42,0,isolate_S,0.879149056072133,0.9052132701421801,3.771093030352551,-6.320073377743608,10.61914324760437,27,100
qsar-biodeg,de,14,14,14,42,0,isolate_S,0.8731896308819385,0.8720379146919431,6.261249603214907,-5.361101309722825,13.114709377288818,23,100
qsar-biodeg,ga,14,14,14,42,0,isolate_S,0.8720061989292758,0.8720379146919431,6.54237826171314,-5.40836850104757,11.998892068862915,16,100
qsar-biodeg,sa,14,14,14,42,0,isolate_S,0.8767399267399266,0.8720379146919431,6.105808353724994,-5.085944488356384,15.563832521438599,24,100
qsar-biodeg,grid,15,15,15,42,0,isolate_S,0.885087348548887,0.8672985781990521,3.8888888888888893,-7.0,13.869014501571655,36,100
qsar-biodeg,random,15,15,15,42,0,isolate_S,0.8803465765004228,0.8815165876777251,2.19015801147572,-7.133424831611854,12.666666507720947,15,100
qsar-biodeg,bo_tpe,15,15,15,42,0,isolate_S,0.8910045083122007,0.8578199052132701,2.3919109066715305,-6.182281336981057,11.452708721160889,21,100
qsar-biodeg,pso,15,15,15,42,0,isolate_S,0.8886376444068752,0.8625592417061612,1.2343977523174945,-5.68628511822233,10.52524209022522,16,100
qsar-biodeg,de,15,15,15,42,0,isolate_S,0.8838968723584107,0.8672985781990521,5.276865648065998,-8.093804023286097,11.571346998214722,13,100
qsar-biodeg,ga,15,15,15,42,0,isolate_S,0.8850803043110735,0.8672985781990521,5.249322681458963,-8.199217037763537,10.927738904953003,13,100
qsar-biodeg,sa,15,15,15,42,0,isolate_S,0.889821076359538,0.8625592417061612,2.4641049818678566,-6.5474725236507245,11.537696123123169,24,100
qsar-biodeg,grid,16,16,16,42,0,isolate_S,0.8743730628346013,0.9004739336492891,1.666666666666667,-5.0,14.10318636894226,26,100
qsar-biodeg,random,16,16,16,42,0,isolate_S,0.8755494505494505,0.8909952606635071,-0.024937129600839825,-4.629167980478936,12.706469774246216,15,100
qsar-biodeg,bo_tpe,16,16,16,42,0,isolate_S,0.8803043110735418,0.8862559241706162,0.503401691688289,-5.07334284683227,11.951712131500244,12,100
qsar-biodeg,pso,16,16,16,42,0,isolate_S,0.8803043110735418,0.9052132701421801,1.3362254442089143,-4.544059272827207,10.667847871780396,16,100
qsar-biodeg,de,16,16,16,42,0,isolate_S,0.8719991546914624,0.8625592417061612,11.317071082430644,-14.950706996937335,11.631898641586304,6,100
qsar-biodeg,ga,16,16,16,42,0,isolate_S,0.8791138348830657,0.9052132701421801,0.9942378107476957,-4.005870244000868,11.0696439743042,6,100
qsar-biodeg,sa,16,16,16,42,0,isolate_S,0.8719991546914624,0.8530805687203792,10.323444924529397,-11.775896769822152,14.170404434204102,22,100
qsar-biodeg,grid,17,17,17,42,0,isolate_S,0.8685193012116089,0.9004739336492891,1.666666666666667,-5.0,14.193018436431885,26,100
qsar-biodeg,random,17,17,17,42,0,isolate_S,0.8685122569737954,0.9004739336492891,-0.024937129600839825,-4.629167980478936,12.774259805679321,21,100
qsar-biodeg,bo_tpe,17,17,17,42,0,isolate_S,0.870879120879121,0.9004739336492891,0.02655743700384594,-4.694971437411155,11.9885733127594,12,100
qsar-biodeg,pso,17,17,17,42,0,isolate_S,0.8697097774020852,0.909952606635071,1.698230198655205,-4.364558591059232,11.10059666633606,16,100
qsar-biodeg,de,17,17,17,42,0,isolate_S,0.870879120879121,0.8862559241706162,5.872499829308458,-6.670050242923544,12.748192548751831,16,100
qsar-biodeg,ga,17,17,17,42,0,isolate_S,0.8661524373062834,0.909952606635071,0.9942378107476957,-3.858464169599583,12.053279638290405,13,100
qsar-biodeg,sa,17,17,17,42,0,isolate_S,0.8673288250211328,0.9004739336492891,3.6471568542483945,-4.929908426810092,11.19301176071167,17,100
qsar-biodeg,grid,18,18,18,42,0,isolate_S,0.8827345731191885,0.8767772511848341,1.666666666666667,-5.0,14.14616847038269,26,100
qsar-biodeg,random,18,18,18,42,0,isolate_S,0.8815300084530854,0.8672985781990521,-0.024937129600839825,-4.629167980478936,13.318284273147583,2,100
qsar-biodeg,bo_tpe,18,18,18,42,0,isolate_S,0.8874471682163989,0.8720379146919431,0.295332204032991,-3.8660241758560057,11.780667304992676,12,100
qsar-biodeg,pso,18,18,18,42,0,isolate_S,0.8898281205973515,0.8720379146919431,0.5031288788609802,-4.405835625088396,10.805055856704712,65,100
qsar-biodeg,de,18,18,18,42,0,isolate_S,0.8791701887855734,0.8767772511848341,12.26357844699773,-14.398424004969863,13.272449493408203,1,100
qsar-biodeg,ga,18,18,18,42,0,isolate_S,0.8862848689771766,0.8767772511848341,1.507414807721502,-3.563617331951062,11.905509948730469,1,100
qsar-biodeg,sa,18,18,18,42,0,isolate_S,0.8862566920259226,0.8720379146919431,0.347904311390825,-3.826002241655805,14.28324270248413,68,100
qsar-biodeg,grid,19,19,19,42,0,isolate_S,0.8838898281205975,0.8199052132701422,3.8888888888888893,-7.0,14.189781904220581,26,100
qsar-biodeg,random,19,19,19,42,0,isolate_S,0.8874542124542126,0.8483412322274881,-0.024937129600839825,-4.629167980478936,12.450265645980835,21,100
qsar-biodeg,bo_tpe,19,19,19,42,0,isolate_S,0.8910045083122007,0.8293838862559242,1.7603466433929515,-6.056699987776625,11.062910556793213,12,100
qsar-biodeg,pso,19,19,19,42,0,isolate_S,0.8886376444068752,0.8388625592417062,2.369533404265481,-5.987970345601219,11.199846267700195,10,100
qsar-biodeg,de,19,19,19,42,0,isolate_S,0.8898281205973515,0.8293838862559242,5.231548738225191,-8.19913015235205,11.86671757698059,1,100
qsar-biodeg,ga,19,19,19,42,0,isolate_S,0.885087348548887,0.8341232227488151,6.703610731660712,-9.18843587629378,11.155375003814697,1,100
qsar-biodeg,sa,19,19,19,42,0,isolate_S,0.889821076359538,0.8293838862559242,3.130614370731291,-6.627632414300392,13.59230375289917,24,100
qsar-biodeg,grid,20,20,20,42,0,isolate_S,0.8886165116934348,0.8436018957345972,1.666666666666667,-5.0,13.577898979187012,26,100
qsar-biodeg,random,20,20,20,42,0,isolate_S,0.889806987883911,0.8483412322274881,-0.024937129600839825,-4.629167980478936,12.443608045578003,53,100
qsar-biodeg,bo_tpe,20,20,20,42,0,isolate_S,0.8921738517892365,0.8483412322274881,0.8666129074138573,-4.156933637098151,11.878759145736694,14,100
qsar-biodeg,pso,20,20,20,42,0,isolate_S,0.8909833755987602,0.8530805687203792,0.6154277352250115,-3.7527036110128518,11.15804123878479,16,100
qsar-biodeg,de,20,20,20,42,0,isolate_S,0.8838757396449705,0.8388625592417062,2.9792332301984095,-5.638502086932196,11.61646032333374,13,100
qsar-biodeg,ga,20,20,20,42,0,isolate_S,0.89218089602705,0.8436018957345972,0.9942378107476957,-4.230530670220464,10.961617946624756,34,100
qsar-biodeg,sa,20,20,20,42,0,isolate_S,0.8909974640743872,0.8436018957345972,1.0151518739852445,-4.266149586085178,14.17163634300232,24,100
qsar-biodeg,grid,21,21,21,42,0,isolate_S,0.8803043110735418,0.8767772511848341,3.8888888888888893,-7.0,14.286450862884521,26,100
qsar-biodeg,random,21,21,21,42,0,isolate_S,0.883868695407157,0.8578199052132701,-0.024937129600839825,-4.629167980478936,12.668593645095825,15,100
qsar-biodeg,bo_tpe,21,21,21,42,0,isolate_S,0.8862426035502958,0.8625592417061612,0.36362426641495454,-4.7000433065127485,11.94960331916809,15,100
qsar-biodeg,pso,21,21,21,42,0,isolate_S,0.8862355593124824,0.8578199052132701,-0.37296048819712824,-4.549624585365286,10.801074028015137,16,100
qsar-biodeg,de,21,21,21,42,0,isolate_S,0.8803043110735418,0.8767772511848341,3.322424616685405,-6.778867782921507,11.711274862289429,23,100
qsar-biodeg,ga,21,21,21,42,0,isolate_S,0.8802972668357285,0.8530805687203792,0.9942378107476957,-3.858464169599583,12.354026317596436,31,100
qsar-biodeg,sa,21,21,21,42,0,isolate_S,0.8767540152155536,0.8767772511848341,2.343703514418813,-6.498248051248054,17.42885160446167,24,100
qsar-biodeg,grid,22,22,22,42,0,isolate_S,0.8933502395040858,0.8388625592417062,3.8888888888888893,-5.0,13.826990604400635,36,100
qsar-biodeg,random,22,22,22,42,0,isolate_S,0.8957100591715976,0.8388625592417062,4.123006644330971,-4.768188920364327,12.274722576141357,17,100
qsar-biodeg,bo_tpe,22,22,22,42,0,isolate_S,0.8992744435052128,0.8388625592417062,3.518048829757856,-4.875015924536692,11.322166681289673,34,100
qsar-biodeg,pso,22,22,22,42,0,isolate_S,0.8969075795998872,0.8436018957345972,3.3403064428579174,-4.788724224666568,10.422597885131836,27,100
qsar-biodeg,de,22,22,22,42,0,isolate_S,0.8826782192166809,0.8578199052132701,11.265404784005447,-9.772909331653823,12.61786961555481,6,100
qsar-biodeg,ga,22,22,22,42,0,isolate_S,0.8921597633136095,0.8483412322274881,2.6430528421212593,-4.639020293617156,11.634701490402222,34,100
qsar-biodeg,sa,22,22,22,42,0,isolate_S,0.8909763313609467,0.8672985781990521,1.910733973444676,-5.329720510218463,11.322543621063232,17,100
qsar-biodeg,grid,23,23,23,42,0,isolate_S,0.8862707805015498,0.8530805687203792,15.0,-15.0,14.346525192260742,36,100
qsar-biodeg,random,23,23,23,42,0,isolate_S,0.8862778247393633,0.8625592417061612,5.436966435001434,-7.536085080170576,13.106808423995972,15,100
qsar-biodeg,bo_tpe,23,23,23,42,0,isolate_S,0.893385460693153,0.8625592417061612,3.0682565691988994,-6.253406966006549,11.288893222808838,21,100
qsar-biodeg,pso,23,23,23,42,0,isolate_S,0.8886587771203155,0.8862559241706162,2.32339553675542,-4.873806656459424,10.609682083129883,1,100
qsar-biodeg,de,23,23,23,42,0,isolate_S,0.8862707805015498,0.8578199052132701,11.265404784005447,-14.969427816410299,11.81547212600708,1,100
qsar-biodeg,ga,23,23,23,42,0,isolate_S,0.8874542124542126,0.8625592417061612,11.317071082430644,-14.937209955840597,11.043142795562744,6,100
qsar-biodeg,sa,23,23,23,42,0,isolate_S,0.8874542124542126,0.8625592417061612,11.377442418163907,-15.0,12.804993391036987,24,100
qsar-biodeg,grid,24,24,24,42,0,isolate_S,0.880276134122288,0.8862559241706162,3.8888888888888893,-5.0,14.267616510391235,26,100
qsar-biodeg,random,24,24,24,42,0,isolate_S,0.8815370526908989,0.8862559241706162,6.332029084131502,-10.222989163089983,12.648886919021606,17,100
qsar-biodeg,bo_tpe,24,24,24,42,0,isolate_S,0.8838475626937166,0.8909952606635071,2.445975757346249,-4.250389281546173,12.379876136779785,12,100
qsar-biodeg,pso,24,24,24,42,0,isolate_S,0.8791772330233869,0.8862559241706162,7.839418700946525,-11.132097370693568,11.047226667404175,1,100
qsar-biodeg,de,24,24,24,42,0,isolate_S,0.8815370526908989,0.8767772511848341,6.623160097971802,-9.779742696094566,11.681025981903076,1,100
qsar-biodeg,ga,24,24,24,42,0,isolate_S,0.8815440969287124,0.8862559241706162,11.317071082430644,-14.932163187673396,11.379553079605103,1,100
qsar-biodeg,sa,24,24,24,42,0,isolate_S,0.8791772330233869,0.8862559241706162,10.12677770434553,-13.470215771356985,12.734937906265259,20,100
qsar-biodeg,grid,25,25,25,42,0,isolate_S,0.8815370526908989,0.8957345971563981,6.111111111111111,-9.0,14.315584897994995,45,100
qsar-biodeg,random,25,25,25,42,0,isolate_S,0.8791701887855734,0.8815165876777251,6.403935408357594,-7.1051727576782335,13.021138191223145,15,100
qsar-biodeg,bo_tpe,25,25,25,42,0,isolate_S,0.8815370526908989,0.8909952606635071,5.67024777519849,-6.433693683603989,11.779278039932251,21,100
qsar-biodeg,pso,25,25,25,42,0,isolate_S,0.8803536207382361,0.8957345971563981,5.312584997686674,-8.52778077219535,11.253134727478027,1,100
qsar-biodeg,de,25,25,25,42,0,isolate_S,0.8815229642152719,0.8909952606635071,5.507086449514517,-9.415646239938798,11.898250579833984,1,100
qsar-biodeg,ga,25,25,25,42,0,isolate_S,0.8815300084530854,0.8957345971563981,5.119251884009521,-8.944803843488824,11.766488313674927,1,100
qsar-biodeg,sa,25,25,25,42,0,isolate_S,0.8803395322626091,0.8862559241706162,8.163273417192155,-11.64972268308678,13.334131956100464,17,100
qsar-biodeg,grid,26,26,26,42,0,isolate_S,0.8791420118343195,0.8862559241706162,1.666666666666667,-5.0,13.692902088165283,36,100
qsar-biodeg,random,26,26,26,42,0,isolate_S,0.8732178078331925,0.8767772511848341,8.042065400033778,-7.2344681621884686,12.499449729919434,2,100
qsar-biodeg,bo_tpe,26,26,26,42,0,isolate_S,0.8767962806424345,0.8862559241706162,6.57545832681388,-5.908523001092022,11.699047327041626,22,100
qsar-biodeg,pso,26,26,26,42,0,isolate_S,0.8827063961679347,0.8862559241706162,3.331271870237945,-5.739699626356947,10.385356664657593,16,100
qsar-biodeg,de,26,26,26,42,0,isolate_S,0.8815088757396449,0.8909952606635071,0.9942378107476957,-5.109994107057715,11.46158766746521,25,100
qsar-biodeg,ga,26,26,26,42,0,isolate_S,0.8755917159763313,0.8767772511848341,0.5469904088952622,-3.6442078893500858,11.646387338638306,6,100
qsar-biodeg,sa,26,26,26,42,0,isolate_S,0.8826852634544942,0.8909952606635071,0.6431946654760485,-5.449220421605217,11.01636266708374,24,100
qsar-biodeg,grid,27,27,27,42,0,isolate_S,0.8720695970695971,0.8767772511848341,1.666666666666667,-5.0,13.99558138847351,26,100
qsar-biodeg,random,27,27,27,42,0,isolate_S,0.8744223724992957,0.8767772511848341,11.578800584347263,-14.915481428534154,12.761663913726807,21,100
qsar-biodeg,bo_tpe,27,27,27,42,0,isolate_S,0.8756269371653987,0.8767772511848341,2.1190316423404956,-4.953353062605472,11.812825202941895,12,100
qsar-biodeg,pso,27,27,27,42,0,isolate_S,0.8767962806424345,0.8767772511848341,8.247527028074485,-11.671391177716552,11.941241025924683,20,100
qsar-biodeg,de,27,27,27,42,0,isolate_S,0.8756128486897717,0.8767772511848341,11.446516801756978,-14.85064645092367,12.04059910774231,6,100
qsar-biodeg,ga,27,27,27,42,0,isolate_S,0.8756128486897717,0.8767772511848341,11.715643888929506,-14.729088334721292,10.707072019577026,6,100
qsar-biodeg,sa,27,27,27,42,0,isolate_S,0.8744294167371092,0.8767772511848341,11.527744550360627,-15.0,11.89826488494873,34,100
qsar-biodeg,grid,28,28,28,42,0,isolate_S,0.8826852634544942,0.8720379146919431,1.666666666666667,-5.0,13.616302490234375,26,100
qsar-biodeg,random,28,28,28,42,0,isolate_S,0.8803254437869823,0.8720379146919431,-0.024937129600839825,-4.629167980478936,12.440567970275879,15,100
qsar-biodeg,bo_tpe,28,28,28,42,0,isolate_S,0.883868695407157,0.8672985781990521,2.4495514627735813,-6.231900425440167,11.606184720993042,12,100
qsar-biodeg,pso,28,28,28,42,0,isolate_S,0.8826923076923077,0.8530805687203792,-0.273731170233396,-5.044223687674023,10.593209028244019,1,100
qsar-biodeg,de,28,28,28,42,0,isolate_S,0.8815159199774584,0.8672985781990521,10.171005254935219,-11.838198829153939,12.42853832244873,1,100
qsar-biodeg,ga,28,28,28,42,0,isolate_S,0.8827063961679347,0.8578199052132701,11.715643888929506,-14.729088334721292,10.763750791549683,1,100
qsar-biodeg,sa,28,28,28,42,0,isolate_S,0.882713440405748,0.8672985781990521,-0.2609734091361158,-3.9170265948012113,11.004976034164429,24,100
qsar-biodeg,grid,29,29,29,42,0,isolate_S,0.8684981684981686,0.909952606635071,1.666666666666667,-5.0,14.40703010559082,26,100
qsar-biodeg,random,29,29,29,42,0,isolate_S,0.8732600732600734,0.909952606635071,-0.024937129600839825,-4.629167980478936,13.03132176399231,26,100
qsar-biodeg,bo_tpe,29,29,29,42,0,isolate_S,0.8744435052127362,0.909952606635071,-0.12015852439189056,-4.505737129093534,12.158235788345337,12,100
qsar-biodeg,pso,29,29,29,42,0,isolate_S,0.8744364609749227,0.909952606635071,0.013741048756134688,-4.815143822620188,11.16990852355957,16,100
qsar-biodeg,de,29,29,29,42,0,isolate_S,0.8649619611158073,0.9052132701421801,6.230772167488363,-6.88765327020047,11.937451601028442,1,100
qsar-biodeg,ga,29,29,29,42,0,isolate_S,0.8708720766413073,0.9146919431279621,0.9942378107476957,-4.0527967779255585,11.949416399002075,13,100
qsar-biodeg,sa,29,29,29,42,0,isolate_S,0.8732530290222599,0.909952606635071,0.13250303529935747,-4.707625504470085,15.119077920913696,80,100
banknote,grid,0,0,0,42,0,isolate_S,1.0,1.0,-0.5555555555555554,3.0,8.243133544921875,18,100
banknote,random,0,0,0,42,0,isolate_S,1.0,1.0,5.976270078546495,-2.12659140529645,7.035470962524414,1,100
banknote,bo_tpe,0,0,0,42,0,isolate_S,1.0,1.0,5.976270078546495,-2.12659140529645,5.778432369232178,1,100
banknote,pso,0,0,0,42,0,isolate_S,1.0,1.0,2.5791215948046524,2.6594675576322118,6.173919200897217,6,100
banknote,de,0,0,0,42,0,isolate_S,1.0,1.0,11.265404784005447,1.429600390998992,6.573330402374268,3,100
banknote,ga,0,0,0,42,0,isolate_S,1.0,1.0,11.265404784005447,1.429600390998992,6.100283861160278,3,100
banknote,sa,0,0,0,42,0,isolate_S,1.0,1.0,5.976270078546495,-2.12659140529645,6.575617790222168,1,100
banknote,grid,1,1,1,42,0,isolate_S,1.0,1.0,-0.5555555555555554,-1.0,7.928576231002808,18,100
banknote,random,1,1,1,42,0,isolate_S,1.0,1.0,5.976270078546495,-2.12659140529645,6.885936737060547,1,100
banknote,bo_tpe,1,1,1,42,0,isolate_S,1.0,1.0,5.976270078546495,-2.12659140529645,5.744995832443237,1,100
banknote,pso,1,1,1,42,0,isolate_S,1.0,1.0,2.5791215948046524,2.6594675576322118,5.929110288619995,6,100
banknote,de,1,1,1,42,0,isolate_S,1.0,1.0,11.265404784005447,1.429600390998992,6.321065425872803,3,100
banknote,ga,1,1,1,42,0,isolate_S,1.0,1.0,11.265404784005447,1.429600390998992,5.779619455337524,3,100
banknote,sa,1,1,1,42,0,isolate_S,1.0,1.0,5.976270078546495,-2.12659140529645,6.591474771499634,1,100
banknote,grid,2,2,2,42,0,isolate_S,1.0,1.0,-0.5555555555555554,-1.0,8.050814390182495,18,100
banknote,random,2,2,2,42,0,isolate_S,1.0,1.0,5.976270078546495,-2.12659140529645,6.943341970443726,1,100
banknote,bo_tpe,2,2,2,42,0,isolate_S,1.0,1.0,5.976270078546495,-2.12659140529645,6.077367305755615,1,100
banknote,pso,2,2,2,42,0,isolate_S,1.0,1.0,2.5791215948046524,2.6594675576322118,5.855872869491577,6,100
banknote,de,2,2,2,42,0,isolate_S,1.0,1.0,11.265404784005447,1.429600390998992,6.562533855438232,3,100
banknote,ga,2,2,2,42,0,isolate_S,1.0,1.0,11.265404784005447,1.429600390998992,5.838905572891235,3,100
banknote,sa,2,2,2,42,0,isolate_S,1.0,1.0,5.976270078546495,-2.12659140529645,7.438077688217163,1,100
banknote,grid,3,3,3,42,0,isolate_S,1.0,1.0,-0.5555555555555554,-1.0,7.8754448890686035,18,100
banknote,random,3,3,3,42,0,isolate_S,1.0,1.0,5.976270078546495,-2.12659140529645,7.269381999969482,1,100
banknote,bo_tpe,3,3,3,42,0,isolate_S,1.0,1.0,5.976270078546495,-2.12659140529645,5.768817186355591,1,100
banknote,pso,3,3,3,42,0,isolate_S,1.0,1.0,2.5791215948046524,2.6594675576322118,5.955213308334351,6,100
banknote,de,3,3,3,42,0,isolate_S,1.0,1.0,11.265404784005447,1.429600390998992,6.500460386276245,3,100
banknote,ga,3,3,3,42,0,isolate_S,1.0,1.0,11.265404784005447,1.429600390998992,5.979539394378662,3,100
banknote,sa,3,3,3,42,0,isolate_S,1.0,1.0,5.976270078546495,-2.12659140529645,6.1900129318237305,1,100
banknote,grid,4,4,4,42,0,isolate_S,1.0,1.0,-0.5555555555555554,3.0,8.14313268661499,18,100
banknote,random,4,4,4,42,0,isolate_S,1.0,1.0,5.976270078546495,-2.12659140529645,6.861141920089722,1,100
banknote,bo_tpe,4,4,4,42,0,isolate_S,1.0,1.0,5.976270078546495,-2.12659140529645,5.619596719741821,1,100
banknote,pso,4,4,4,42,0,isolate_S,1.0,1.0,2.5791215948046524,2.6594675576322118,5.8305439949035645,6,100
banknote,de,4,4,4,42,0,isolate_S,1.0,1.0,11.265404784005447,1.429600390998992,6.523015022277832,3,100
banknote,ga,4,4,4,42,0,isolate_S,1.0,1.0,11.265404784005447,1.429600390998992,6.148798704147339,3,100
banknote,sa,4,4,4,42,0,isolate_S,1.0,1.0,5.976270078546495,-2.12659140529645,6.931717395782471,1,100
banknote,grid,5,5,5,42,0,isolate_S,1.0,1.0,1.666666666666667,-3.0,7.883116245269775,18,100
banknote,random,5,5,5,42,0,isolate_S,1.0,1.0,5.976270078546495,-2.12659140529645,6.8566436767578125,1,100
banknote,bo_tpe,5,5,5,42,0,isolate_S,1.0,1.0,5.976270078546495,-2.12659140529645,5.605293035507202,1,100
banknote,pso,5,5,5,42,0,isolate_S,1.0,1.0,2.5791215948046524,2.6594675576322118,6.013354063034058,6,100
banknote,de,5,5,5,42,0,isolate_S,1.0,1.0,11.265404784005447,1.429600390998992,6.758971929550171,3,100
banknote,ga,5,5,5,42,0,isolate_S,1.0,1.0,11.265404784005447,1.429600390998992,5.9246745109558105,3,100
banknote,sa,5,5,5,42,0,isolate_S,1.0,1.0,5.976270078546495,-2.12659140529645,6.326049089431763,1,100
banknote,grid,6,6,6,42,0,isolate_S,1.0,1.0,-2.7777777777777777,1.0,8.059701442718506,18,100
banknote,random,6,6,6,42,0,isolate_S,1.0,1.0,5.976270078546495,-2.12659140529645,6.826734304428101,1,100
banknote,bo_tpe,6,6,6,42,0,isolate_S,1.0,1.0,5.976270078546495,-2.12659140529645,5.792516469955444,1,100
banknote,pso,6,6,6,42,0,isolate_S,1.0,1.0,2.5791215948046524,2.6594675576322118,6.0829010009765625,6,100
banknote,de,6,6,6,42,0,isolate_S,1.0,1.0,11.265404784005447,1.429600390998992,6.531103610992432,3,100
banknote,ga,6,6,6,42,0,isolate_S,1.0,1.0,11.265404784005447,1.429600390998992,5.787847995758057,3,100
banknote,sa,6,6,6,42,0,isolate_S,1.0,1.0,5.976270078546495,-2.12659140529645,5.5314435958862305,1,100
banknote,grid,7,7,7,42,0,isolate_S,1.0,0.9963636363636363,-2.7777777777777777,1.0,8.71536898612976,18,100
banknote,random,7,7,7,42,0,isolate_S,1.0,1.0,5.976270078546495,-2.12659140529645,6.927082777023315,1,100
banknote,bo_tpe,7,7,7,42,0,isolate_S,1.0,1.0,5.976270078546495,-2.12659140529645,6.13202428817749,1,100
banknote,pso,7,7,7,42,0,isolate_S,1.0,1.0,2.5791215948046524,2.6594675576322118,5.639861822128296,6,100
banknote,de,7,7,7,42,0,isolate_S,1.0,1.0,11.265404784005447,1.429600390998992,6.313819169998169,3,100
banknote,ga,7,7,7,42,0,isolate_S,1.0,1.0,11.265404784005447,1.429600390998992,7.684403657913208,3,100
banknote,sa,7,7,7,42,0,isolate_S,1.0,1.0,5.976270078546495,-2.12659140529645,6.84826397895813,1,100
banknote,grid,8,8,8,42,0,isolate_S,1.0,1.0,-0.5555555555555554,-1.0,9.012605428695679,18,100
banknote,random,8,8,8,42,0,isolate_S,1.0,1.0,5.976270078546495,-2.12659140529645,9.899606227874756,1,100
banknote,bo_tpe,8,8,8,42,0,isolate_S,1.0,1.0,5.976270078546495,-2.12659140529645,7.750616073608398,1,100
banknote,pso,8,8,8,42,0,isolate_S,1.0,1.0,2.5791215948046524,2.6594675576322118,6.450697660446167,6,100
banknote,de,8,8,8,42,0,isolate_S,1.0,1.0,11.265404784005447,1.429600390998992,6.643343925476074,3,100
banknote,ga,8,8,8,42,0,isolate_S,1.0,1.0,11.265404784005447,1.429600390998992,5.821506977081299,3,100
banknote,sa,8,8,8,42,0,isolate_S,1.0,1.0,5.976270078546495,-2.12659140529645,7.9057700634002686,1,100
banknote,grid,9,9,9,42,0,isolate_S,1.0,1.0,1.666666666666667,-3.0,7.944030523300171,18,100
banknote,random,9,9,9,42,0,isolate_S,1.0,1.0,5.976270078546495,-2.12659140529645,7.120665550231934,1,100
banknote,bo_tpe,9,9,9,42,0,isolate_S,1.0,1.0,5.976270078546495,-2.12659140529645,5.782908916473389,1,100
banknote,pso,9,9,9,42,0,isolate_S,1.0,1.0,2.5791215948046524,2.6594675576322118,6.112622499465942,6,100
banknote,de,9,9,9,42,0,isolate_S,1.0,1.0,11.265404784005447,1.429600390998992,6.403934717178345,3,100
banknote,ga,9,9,9,42,0,isolate_S,1.0,1.0,11.265404784005447,1.429600390998992,6.167050123214722,3,100
banknote,sa,9,9,9,42,0,isolate_S,1.0,1.0,5.976270078546495,-2.12659140529645,7.579320192337036,1,100
banknote,grid,10,10,10,42,0,isolate_S,1.0,1.0,-0.5555555555555554,3.0,8.083179712295532,18,100
banknote,random,10,10,10,42,0,isolate_S,1.0,1.0,5.976270078546495,-2.12659140529645,7.321849346160889,1,100
banknote,bo_tpe,10,10,10,42,0,isolate_S,1.0,1.0,5.976270078546495,-2.12659140529645,5.911925554275513,1,100
banknote,pso,10,10,10,42,0,isolate_S,1.0,1.0,2.5791215948046524,2.6594675576322118,5.98878812789917,6,100
banknote,de,10,10,10,42,0,isolate_S,1.0,1.0,11.265404784005447,1.429600390998992,6.390808343887329,3,100
banknote,ga,10,10,10,42,0,isolate_S,1.0,1.0,11.265404784005447,1.429600390998992,5.819463491439819,3,100
banknote,sa,10,10,10,42,0,isolate_S,1.0,1.0,5.976270078546495,-2.12659140529645,6.894248008728027,1,100
banknote,grid,11,11,11,42,0,isolate_S,1.0,1.0,-0.5555555555555554,-1.0,8.282001495361328,18,100
banknote,random,11,11,11,42,0,isolate_S,1.0,1.0,5.976270078546495,-2.12659140529645,6.94357967376709,1,100
banknote,bo_tpe,11,11,11,42,0,isolate_S,1.0,1.0,5.976270078546495,-2.12659140529645,5.908540725708008,1,100
banknote,pso,11,11,11,42,0,isolate_S,1.0,1.0,2.5791215948046524,2.6594675576322118,5.8642518520355225,6,100
banknote,de,11,11,11,42,0,isolate_S,1.0,1.0,11.265404784005447,1.429600390998992,6.164556503295898,3,100
banknote,ga,11,11,11,42,0,isolate_S,1.0,1.0,11.265404784005447,1.429600390998992,6.081839323043823,3,100
banknote,sa,11,11,11,42,0,isolate_S,1.0,1.0,5.976270078546495,-2.12659140529645,6.52091908454895,1,100
banknote,grid,12,12,12,42,0,isolate_S,1.0,1.0,-0.5555555555555554,-1.0,7.933193922042847,18,100
banknote,random,12,12,12,42,0,isolate_S,1.0,1.0,5.976270078546495,-2.12659140529645,7.093350410461426,1,100
banknote,bo_tpe,12,12,12,42,0,isolate_S,1.0,1.0,5.976270078546495,-2.12659140529645,5.720560073852539,1,100
banknote,pso,12,12,12,42,0,isolate_S,1.0,1.0,2.5791215948046524,2.6594675576322118,5.83064866065979,6,100
banknote,de,12,12,12,42,0,isolate_S,1.0,1.0,11.265404784005447,1.429600390998992,6.487125873565674,3,100
banknote,ga,12,12,12,42,0,isolate_S,1.0,1.0,11.265404784005447,1.429600390998992,5.867704153060913,3,100
banknote,sa,12,12,12,42,0,isolate_S,1.0,1.0,5.976270078546495,-2.12659140529645,6.567492961883545,1,100
banknote,grid,13,13,13,42,0,isolate_S,1.0,1.0,-0.5555555555555554,3.0,7.781205892562866,18,100
banknote,random,13,13,13,42,0,isolate_S,1.0,1.0,5.976270078546495,-2.12659140529645,7.022187232971191,1,100
banknote,bo_tpe,13,13,13,42,0,isolate_S,1.0,1.0,5.976270078546495,-2.12659140529645,5.744288206100464,1,100
banknote,pso,13,13,13,42,0,isolate_S,1.0,1.0,2.5791215948046524,2.6594675576322118,5.943229675292969,6,100
banknote,de,13,13,13,42,0,isolate_S,1.0,1.0,11.265404784005447,1.429600390998992,6.563608169555664,3,100
banknote,ga,13,13,13,42,0,isolate_S,1.0,1.0,11.265404784005447,1.429600390998992,5.899482250213623,3,100
banknote,sa,13,13,13,42,0,isolate_S,1.0,1.0,5.976270078546495,-2.12659140529645,7.788541555404663,1,100
banknote,grid,14,14,14,42,0,isolate_S,1.0,1.0,-0.5555555555555554,3.0,8.039802074432373,18,100
banknote,random,14,14,14,42,0,isolate_S,1.0,1.0,5.976270078546495,-2.12659140529645,7.04630708694458,1,100
banknote,bo_tpe,14,14,14,42,0,isolate_S,1.0,1.0,5.976270078546495,-2.12659140529645,5.684786319732666,1,100
banknote,pso,14,14,14,42,0,isolate_S,1.0,1.0,2.5791215948046524,2.6594675576322118,6.289346218109131,6,100
banknote,de,14,14,14,42,0,isolate_S,1.0,1.0,11.265404784005447,1.429600390998992,6.570926904678345,3,100
banknote,ga,14,14,14,42,0,isolate_S,1.0,1.0,11.265404784005447,1.429600390998992,5.887381315231323,3,100
banknote,sa,14,14,14,42,0,isolate_S,1.0,1.0,5.976270078546495,-2.12659140529645,5.3546202182769775,1,100
banknote,grid,15,15,15,42,0,isolate_S,1.0,1.0,1.666666666666667,-3.0,7.919445037841797,18,100
banknote,random,15,15,15,42,0,isolate_S,1.0,1.0,5.976270078546495,-2.12659140529645,7.119195461273193,1,100
banknote,bo_tpe,15,15,15,42,0,isolate_S,1.0,1.0,5.976270078546495,-2.12659140529645,5.73028039932251,1,100
banknote,pso,15,15,15,42,0,isolate_S,1.0,1.0,2.5791215948046524,2.6594675576322118,6.211014032363892,6,100
banknote,de,15,15,15,42,0,isolate_S,1.0,1.0,11.265404784005447,1.429600390998992,6.455743789672852,3,100
banknote,ga,15,15,15,42,0,isolate_S,1.0,1.0,11.265404784005447,1.429600390998992,6.12761926651001,3,100
banknote,sa,15,15,15,42,0,isolate_S,1.0,1.0,5.976270078546495,-2.12659140529645,7.283358335494995,1,100
banknote,grid,16,16,16,42,0,isolate_S,1.0,1.0,-0.5555555555555554,3.0,7.886919736862183,18,100
banknote,random,16,16,16,42,0,isolate_S,1.0,1.0,5.976270078546495,-2.12659140529645,7.021588087081909,1,100
banknote,bo_tpe,16,16,16,42,0,isolate_S,1.0,1.0,5.976270078546495,-2.12659140529645,5.782845735549927,1,100
banknote,pso,16,16,16,42,0,isolate_S,1.0,1.0,2.5791215948046524,2.6594675576322118,5.939656972885132,6,100
banknote,de,16,16,16,42,0,isolate_S,1.0,1.0,11.265404784005447,1.429600390998992,6.561940908432007,3,100
banknote,ga,16,16,16,42,0,isolate_S,1.0,1.0,11.265404784005447,1.429600390998992,5.778651714324951,3,100
banknote,sa,16,16,16,42,0,isolate_S,1.0,1.0,5.976270078546495,-2.12659140529645,6.510718107223511,1,100
banknote,grid,17,17,17,42,0,isolate_S,1.0,1.0,1.666666666666667,-3.0,7.967366933822632,18,100
banknote,random,17,17,17,42,0,isolate_S,1.0,1.0,5.976270078546495,-2.12659140529645,6.961568117141724,1,100
banknote,bo_tpe,17,17,17,42,0,isolate_S,1.0,1.0,5.976270078546495,-2.12659140529645,5.62330436706543,1,100
banknote,pso,17,17,17,42,0,isolate_S,1.0,1.0,2.5791215948046524,2.6594675576322118,6.111584424972534,6,100
banknote,de,17,17,17,42,0,isolate_S,1.0,1.0,11.265404784005447,1.429600390998992,6.3731160163879395,3,100
banknote,ga,17,17,17,42,0,isolate_S,1.0,1.0,11.265404784005447,1.429600390998992,6.108781576156616,3,100
banknote,sa,17,17,17,42,0,isolate_S,1.0,1.0,5.976270078546495,-2.12659140529645,6.512831449508667,1,100
banknote,grid,18,18,18,42,0,isolate_S,1.0,1.0,1.666666666666667,-3.0,7.9983484745025635,18,100
banknote,random,18,18,18,42,0,isolate_S,1.0,1.0,5.976270078546495,-2.12659140529645,7.012725353240967,1,100
banknote,bo_tpe,18,18,18,42,0,isolate_S,1.0,1.0,5.976270078546495,-2.12659140529645,5.752606630325317,1,100
banknote,pso,18,18,18,42,0,isolate_S,1.0,1.0,2.5791215948046524,2.6594675576322118,5.735418319702148,6,100
banknote,de,18,18,18,42,0,isolate_S,1.0,1.0,11.265404784005447,1.429600390998992,6.38555121421814,3,100
banknote,ga,18,18,18,42,0,isolate_S,1.0,1.0,11.265404784005447,1.429600390998992,5.538209676742554,3,100
banknote,sa,18,18,18,42,0,isolate_S,1.0,1.0,5.976270078546495,-2.12659140529645,6.995482444763184,1,100
banknote,grid,19,19,19,42,0,isolate_S,1.0,1.0,-0.5555555555555554,3.0,7.893611431121826,18,100
banknote,random,19,19,19,42,0,isolate_S,1.0,1.0,5.976270078546495,-2.12659140529645,7.079970598220825,1,100
banknote,bo_tpe,19,19,19,42,0,isolate_S,1.0,1.0,5.976270078546495,-2.12659140529645,5.7372095584869385,1,100
banknote,pso,19,19,19,42,0,isolate_S,1.0,1.0,2.5791215948046524,2.6594675576322118,5.990388631820679,6,100
banknote,de,19,19,19,42,0,isolate_S,1.0,1.0,11.265404784005447,1.429600390998992,6.458131551742554,3,100
banknote,ga,19,19,19,42,0,isolate_S,1.0,1.0,11.265404784005447,1.429600390998992,5.59952974319458,3,100
banknote,sa,19,19,19,42,0,isolate_S,1.0,1.0,5.976270078546495,-2.12659140529645,5.563774585723877,1,100
banknote,grid,20,20,20,42,0,isolate_S,1.0,1.0,-0.5555555555555554,-1.0,7.870810270309448,18,100
banknote,random,20,20,20,42,0,isolate_S,1.0,1.0,5.976270078546495,-2.12659140529645,7.124542236328125,1,100
banknote,bo_tpe,20,20,20,42,0,isolate_S,1.0,1.0,5.976270078546495,-2.12659140529645,5.746731281280518,1,100
banknote,pso,20,20,20,42,0,isolate_S,1.0,1.0,2.5791215948046524,2.6594675576322118,5.723943710327148,6,100
banknote,de,20,20,20,42,0,isolate_S,1.0,1.0,11.265404784005447,1.429600390998992,6.348625421524048,3,100
banknote,ga,20,20,20,42,0,isolate_S,1.0,1.0,11.265404784005447,1.429600390998992,5.822205543518066,3,100
banknote,sa,20,20,20,42,0,isolate_S,1.0,1.0,5.976270078546495,-2.12659140529645,6.9012627601623535,1,100
banknote,grid,21,21,21,42,0,isolate_S,1.0,1.0,-0.5555555555555554,3.0,8.008020162582397,18,100
banknote,random,21,21,21,42,0,isolate_S,1.0,1.0,5.976270078546495,-2.12659140529645,6.998239994049072,1,100
banknote,bo_tpe,21,21,21,42,0,isolate_S,1.0,1.0,5.976270078546495,-2.12659140529645,5.696918725967407,1,100
banknote,pso,21,21,21,42,0,isolate_S,1.0,1.0,2.5791215948046524,2.6594675576322118,5.949608564376831,6,100
banknote,de,21,21,21,42,0,isolate_S,1.0,1.0,11.265404784005447,1.429600390998992,6.481659412384033,3,100
banknote,ga,21,21,21,42,0,isolate_S,1.0,1.0,11.265404784005447,1.429600390998992,5.810762405395508,3,100
banknote,sa,21,21,21,42,0,isolate_S,1.0,1.0,5.976270078546495,-2.12659140529645,6.721982002258301,1,100
banknote,grid,22,22,22,42,0,isolate_S,1.0,1.0,-0.5555555555555554,3.0,7.940211772918701,18,100
banknote,random,22,22,22,42,0,isolate_S,1.0,1.0,5.976270078546495,-2.12659140529645,6.906657457351685,1,100
banknote,bo_tpe,22,22,22,42,0,isolate_S,1.0,1.0,5.976270078546495,-2.12659140529645,5.75605845451355,1,100
banknote,pso,22,22,22,42,0,isolate_S,1.0,1.0,2.5791215948046524,2.6594675576322118,6.361329078674316,6,100
banknote,de,22,22,22,42,0,isolate_S,1.0,1.0,11.265404784005447,1.429600390998992,6.628084182739258,3,100
banknote,ga,22,22,22,42,0,isolate_S,1.0,1.0,11.265404784005447,1.429600390998992,5.864882946014404,3,100
banknote,sa,22,22,22,42,0,isolate_S,1.0,1.0,5.976270078546495,-2.12659140529645,6.015734434127808,1,100
banknote,grid,23,23,23,42,0,isolate_S,1.0,1.0,-2.7777777777777777,1.0,8.128536939620972,18,100
banknote,random,23,23,23,42,0,isolate_S,1.0,1.0,5.976270078546495,-2.12659140529645,7.171449184417725,1,100
banknote,bo_tpe,23,23,23,42,0,isolate_S,1.0,1.0,5.976270078546495,-2.12659140529645,5.756269931793213,1,100
banknote,pso,23,23,23,42,0,isolate_S,1.0,1.0,2.5791215948046524,2.6594675576322118,5.883769989013672,6,100
banknote,de,23,23,23,42,0,isolate_S,1.0,1.0,11.265404784005447,1.429600390998992,6.395102024078369,3,100
banknote,ga,23,23,23,42,0,isolate_S,1.0,1.0,11.265404784005447,1.429600390998992,5.845780611038208,3,100
banknote,sa,23,23,23,42,0,isolate_S,1.0,1.0,5.976270078546495,-2.12659140529645,6.482952833175659,1,100
banknote,grid,24,24,24,42,0,isolate_S,1.0,1.0,-0.5555555555555554,3.0,7.977302074432373,18,100
banknote,random,24,24,24,42,0,isolate_S,1.0,1.0,5.976270078546495,-2.12659140529645,6.823533296585083,1,100
banknote,bo_tpe,24,24,24,42,0,isolate_S,1.0,1.0,5.976270078546495,-2.12659140529645,5.742963075637817,1,100
banknote,pso,24,24,24,42,0,isolate_S,1.0,1.0,2.5791215948046524,2.6594675576322118,6.385410308837891,6,100
banknote,de,24,24,24,42,0,isolate_S,1.0,1.0,11.265404784005447,1.429600390998992,6.5285515785217285,3,100
banknote,ga,24,24,24,42,0,isolate_S,1.0,1.0,11.265404784005447,1.429600390998992,5.766552448272705,3,100
banknote,sa,24,24,24,42,0,isolate_S,1.0,1.0,5.976270078546495,-2.12659140529645,6.85501766204834,1,100
banknote,grid,25,25,25,42,0,isolate_S,1.0,1.0,-0.5555555555555554,-1.0,7.9055657386779785,18,100
banknote,random,25,25,25,42,0,isolate_S,1.0,1.0,5.976270078546495,-2.12659140529645,7.202945232391357,1,100
banknote,bo_tpe,25,25,25,42,0,isolate_S,1.0,1.0,5.976270078546495,-2.12659140529645,5.833628177642822,1,100
banknote,pso,25,25,25,42,0,isolate_S,1.0,1.0,2.5791215948046524,2.6594675576322118,6.338996648788452,6,100
banknote,de,25,25,25,42,0,isolate_S,1.0,1.0,11.265404784005447,1.429600390998992,6.354496717453003,3,100
banknote,ga,25,25,25,42,0,isolate_S,1.0,1.0,11.265404784005447,1.429600390998992,6.1306257247924805,3,100
banknote,sa,25,25,25,42,0,isolate_S,1.0,1.0,5.976270078546495,-2.12659140529645,6.668715476989746,1,100
banknote,grid,26,26,26,42,0,isolate_S,1.0,1.0,-0.5555555555555554,3.0,7.758073806762695,18,100
banknote,random,26,26,26,42,0,isolate_S,1.0,1.0,5.976270078546495,-2.12659140529645,6.990417718887329,1,100
banknote,bo_tpe,26,26,26,42,0,isolate_S,1.0,1.0,5.976270078546495,-2.12659140529645,6.209867715835571,1,100
banknote,pso,26,26,26,42,0,isolate_S,1.0,1.0,2.5791215948046524,2.6594675576322118,6.272994041442871,6,100
banknote,de,26,26,26,42,0,isolate_S,1.0,1.0,11.265404784005447,1.429600390998992,6.48332667350769,3,100
banknote,ga,26,26,26,42,0,isolate_S,1.0,1.0,11.265404784005447,1.429600390998992,6.198343276977539,3,100
banknote,sa,26,26,26,42,0,isolate_S,1.0,1.0,5.976270078546495,-2.12659140529645,6.5102667808532715,1,100
banknote,grid,27,27,27,42,0,isolate_S,1.0,1.0,-0.5555555555555554,3.0,7.883447170257568,18,100
banknote,random,27,27,27,42,0,isolate_S,1.0,1.0,5.976270078546495,-2.12659140529645,6.840594291687012,1,100
banknote,bo_tpe,27,27,27,42,0,isolate_S,1.0,1.0,5.976270078546495,-2.12659140529645,5.693546295166016,1,100
banknote,pso,27,27,27,42,0,isolate_S,1.0,1.0,2.5791215948046524,2.6594675576322118,5.760045051574707,6,100
banknote,de,27,27,27,42,0,isolate_S,1.0,1.0,11.265404784005447,1.429600390998992,6.402599811553955,3,100
banknote,ga,27,27,27,42,0,isolate_S,1.0,1.0,11.265404784005447,1.429600390998992,5.887526750564575,3,100
banknote,sa,27,27,27,42,0,isolate_S,1.0,1.0,5.976270078546495,-2.12659140529645,6.71849513053894,1,100
banknote,grid,28,28,28,42,0,isolate_S,1.0,1.0,-0.5555555555555554,3.0,8.00962209701538,18,100
banknote,random,28,28,28,42,0,isolate_S,1.0,1.0,5.976270078546495,-2.12659140529645,7.125929594039917,1,100
banknote,bo_tpe,28,28,28,42,0,isolate_S,1.0,1.0,5.976270078546495,-2.12659140529645,6.346436262130737,1,100
banknote,pso,28,28,28,42,0,isolate_S,1.0,1.0,2.5791215948046524,2.6594675576322118,6.085451602935791,3,100
banknote,de,28,28,28,42,0,isolate_S,1.0,1.0,11.265404784005447,1.429600390998992,6.43162202835083,3,100
banknote,ga,28,28,28,42,0,isolate_S,1.0,1.0,11.265404784005447,1.429600390998992,5.481404781341553,3,100
banknote,sa,28,28,28,42,0,isolate_S,1.0,1.0,5.976270078546495,-2.12659140529645,7.3194029331207275,1,100
banknote,grid,29,29,29,42,0,isolate_S,1.0,1.0,-0.5555555555555554,3.0,7.923353433609009,18,100
banknote,random,29,29,29,42,0,isolate_S,1.0,1.0,5.976270078546495,-2.12659140529645,7.098888635635376,1,100
banknote,bo_tpe,29,29,29,42,0,isolate_S,1.0,1.0,5.976270078546495,-2.12659140529645,5.835755348205566,1,100
banknote,pso,29,29,29,42,0,isolate_S,1.0,1.0,2.5791215948046524,2.6594675576322118,5.99054741859436,6,100
banknote,de,29,29,29,42,0,isolate_S,1.0,1.0,11.265404784005447,1.429600390998992,6.455694675445557,3,100
banknote,ga,29,29,29,42,0,isolate_S,1.0,1.0,11.265404784005447,1.429600390998992,6.108342409133911,3,100
banknote,sa,29,29,29,42,0,isolate_S,1.0,1.0,5.976270078546495,-2.12659140529645,6.488759756088257,1,100
steel-faults,grid,0,0,0,42,0,isolate_S,0.7506441240535214,0.8071979434447301,1.666666666666667,-3.0,59.38111114501953,37,100
steel-faults,random,0,0,0,42,0,isolate_S,0.7487127891297585,0.8123393316195373,1.3713790490264728,-2.9866131606537287,51.5121488571167,46,100
steel-faults,bo_tpe,0,0,0,42,0,isolate_S,0.7538761539259412,0.7994858611825193,1.7451155810377301,-3.5729609060124483,52.24373149871826,12,100
steel-faults,pso,0,0,0,42,0,isolate_S,0.7525733845036822,0.8149100257069408,1.4393636361135675,-2.5684862397008374,43.35006809234619,29,100
steel-faults,de,0,0,0,42,0,isolate_S,0.7480572554714241,0.7763496143958869,13.508457458923287,-9.733060208244698,70.86104917526245,38,100
steel-faults,ga,0,0,0,42,0,isolate_S,0.7500031117104035,0.7840616966580977,9.732546741616778,-7.999414368376132,47.79158425331116,34,100
steel-faults,sa,0,0,0,42,0,isolate_S,0.7519344466341666,0.8071979434447301,1.9723725991708276,-2.7662839955393665,50.15657353401184,10,100
steel-faults,grid,1,1,1,42,0,isolate_S,0.7802925007779276,0.7326478149100257,1.666666666666667,-3.0,57.10262060165405,37,100
steel-faults,random,1,1,1,42,0,isolate_S,0.7777118556166372,0.7249357326478149,1.3713790490264728,-2.9866131606537287,50.583172082901,46,100
steel-faults,bo_tpe,1,1,1,42,0,isolate_S,0.7764194585623898,0.7275064267352185,1.467997192943284,-3.0962195252040354,47.331655740737915,12,100
steel-faults,pso,1,1,1,42,0,isolate_S,0.7790021781972823,0.7300771208226221,1.0866261127047974,-2.8823496715783383,41.51259517669678,41,100
steel-faults,de,1,1,1,42,0,isolate_S,0.7725547142412613,0.7300771208226221,3.081893052280736,-4.259156493619274,50.228482484817505,55,100
steel-faults,ga,1,1,1,42,0,isolate_S,0.7738554091899179,0.7275064267352185,1.0194834781341757,-3.188195043811583,48.37389612197876,34,100
steel-faults,sa,1,1,1,42,0,isolate_S,0.7732040244787884,0.7326478149100257,1.3640162597693346,-2.5029365975223126,45.920742988586426,12,100
steel-faults,grid,2,2,2,42,0,isolate_S,0.7609542578570688,0.7557840616966581,1.666666666666667,-5.0,59.502434730529785,36,100
steel-faults,random,2,2,2,42,0,isolate_S,0.757728451405456,0.7660668380462725,-0.024937129600839825,-4.629167980478936,51.270936489105225,15,100
steel-faults,bo_tpe,2,2,2,42,0,isolate_S,0.766760709469972,0.7763496143958869,1.628109906265516,-3.685499587289054,43.055225133895874,12,100
steel-faults,pso,2,2,2,42,0,isolate_S,0.7667524115755627,0.7634961439588689,2.291500516713291,-5.307829885840448,37.96112060546875,23,100
steel-faults,de,2,2,2,42,0,isolate_S,0.7596639352764237,0.7557840616966581,7.307702229625077,-8.093804023286097,45.78106737136841,13,100
steel-faults,ga,2,2,2,42,0,isolate_S,0.7661176226532518,0.7557840616966581,0.9942378107476957,-3.858464169599583,43.13052535057068,13,100
steel-faults,sa,2,2,2,42,0,isolate_S,0.7648252255990042,0.7583547557840618,0.5375380754749393,-3.6840134648911818,42.387505769729614,28,100
steel-faults,grid,3,3,3,42,0,isolate_S,0.7738595581371227,0.7506426735218509,1.666666666666667,-3.0,57.89457845687866,36,100
steel-faults,random,3,3,3,42,0,isolate_S,0.7783715382221762,0.7634961439588689,1.3713790490264728,-2.9866131606537287,50.97188949584961,46,100
steel-faults,bo_tpe,3,3,3,42,0,isolate_S,0.7777284514054559,0.7609254498714653,2.036894516732217,-3.62805200512748,46.57576584815979,12,100
steel-faults,pso,3,3,3,42,0,isolate_S,0.7783715382221761,0.7634961439588689,1.218814816983311,-3.3056123561798767,39.86868739128113,27,100
steel-faults,de,3,3,3,42,0,isolate_S,0.7770812156415309,0.7609254498714653,1.422483198391654,-3.3505887916634975,49.96478891372681,84,100
steel-faults,ga,3,3,3,42,0,isolate_S,0.7770832901151333,0.7609254498714653,1.8786815427141117,-3.554176753477567,44.71705651283264,34,100
steel-faults,sa,3,3,3,42,0,isolate_S,0.7751581786121772,0.7557840616966581,0.9579364809409854,-3.088081015505332,45.482502460479736,25,100
steel-faults,grid,4,4,4,42,0,isolate_S,0.7641655429934654,0.7480719794344473,6.111111111111111,-7.0,57.408286809921265,36,100
steel-faults,random,4,4,4,42,0,isolate_S,0.7674037962866922,0.7506426735218509,1.3713790490264728,-2.9866131606537287,50.66371989250183,26,100
steel-faults,bo_tpe,4,4,4,42,0,isolate_S,0.7673954983922829,0.7506426735218509,0.8997804338599344,-3.6330673898793115,46.862093448638916,12,100
steel-faults,pso,4,4,4,42,0,isolate_S,0.7673892749714759,0.7506426735218509,3.352393956756483,-5.246921528896012,38.70706033706665,29,100
steel-faults,de,4,4,4,42,0,isolate_S,0.7635183072295405,0.7455012853470437,5.431365209815965,-6.670050242923544,48.48765993118286,13,100
steel-faults,ga,4,4,4,42,0,isolate_S,0.7686858209729281,0.7583547557840618,1.481481438059928,-2.468539752963773,44.74601745605469,34,100
steel-faults,sa,4,4,4,42,0,isolate_S,0.7699657711855616,0.7480719794344473,3.569433393146819,-5.332690353992561,46.748907804489136,11,100
steel-faults,grid,5,5,5,42,0,isolate_S,0.7577346748262628,0.7506426735218509,1.666666666666667,-3.0,58.44319224357605,37,100
steel-faults,random,5,5,5,42,0,isolate_S,0.7596743076444351,0.7634961439588689,1.3713790490264728,-2.9866131606537287,50.85951375961304,46,100
steel-faults,bo_tpe,5,5,5,42,0,isolate_S,0.7616160149362099,0.7609254498714653,0.24089401763945406,-3.156787490432798,51.0256028175354,12,100
steel-faults,pso,5,5,5,42,0,isolate_S,0.7603173944611555,0.7609254498714653,1.375944591388265,-2.9122044679240906,43.00827503204346,74,100
steel-faults,de,5,5,5,42,0,isolate_S,0.7513058811326626,0.7455012853470437,3.579012514116126,-4.091913587925508,48.948025941848755,13,100
steel-faults,ga,5,5,5,42,0,isolate_S,0.7583860595373924,0.7660668380462725,0.24258656739940143,-3.5293942700556404,47.895803928375244,34,100
steel-faults,sa,5,5,5,42,0,isolate_S,0.7596846800124469,0.7557840616966581,0.4710294618158364,-3.5028809481094925,48.574848651885986,10,100
steel-faults,grid,6,6,6,42,0,isolate_S,0.7564381288248108,0.7712082262210797,3.8888888888888893,-7.0,58.73495292663574,36,100
steel-faults,random,6,6,6,42,0,isolate_S,0.7577263769318536,0.7840616966580977,5.436966435001434,-7.536085080170576,51.697890520095825,15,100
steel-faults,bo_tpe,6,6,6,42,0,isolate_S,0.7577388237734675,0.7840616966580977,6.595413693963077,-7.616699657764242,43.06816530227661,40,100
steel-faults,pso,6,6,6,42,0,isolate_S,0.7609584068042734,0.7840616966580977,5.3590783729876765,-7.051397973970585,38.626246213912964,25,100
steel-faults,de,6,6,6,42,0,isolate_S,0.7615973446737889,0.7840616966580977,6.914721788205689,-8.037343781887987,46.71115231513977,13,100
steel-faults,ga,6,6,6,42,0,isolate_S,0.7609521833834664,0.7840616966580977,7.043155436379475,-8.094380741462219,44.814616441726685,13,100
steel-faults,sa,6,6,6,42,0,isolate_S,0.7583819105901878,0.7789203084832905,7.367828521414612,-8.00357760709312,46.105459213256836,25,100
steel-faults,grid,7,7,7,42,0,isolate_S,0.7706047090550773,0.7377892030848329,1.666666666666667,-5.0,57.69156765937805,36,100
steel-faults,random,7,7,7,42,0,isolate_S,0.7667212944715279,0.7455012853470437,1.3713790490264728,-2.9866131606537287,50.24633598327637,15,100
steel-faults,bo_tpe,7,7,7,42,0,isolate_S,0.7725381184524427,0.7377892030848329,1.517349997651153,-4.8725646450649585,45.002042293548584,13,100
steel-faults,pso,7,7,7,42,0,isolate_S,0.7699429519759361,0.7506426735218509,1.8712764943509754,-3.3903285312171354,47.32706308364868,23,100
steel-faults,de,7,7,7,42,0,isolate_S,0.7648127787573903,0.7223650385604113,6.914721788205689,-8.037343781887987,47.25341725349426,13,100
steel-faults,ga,7,7,7,42,0,isolate_S,0.7693164609480345,0.7532133676092545,0.9942378107476957,-3.858464169599583,42.200249671936035,31,100
steel-faults,sa,7,7,7,42,0,isolate_S,0.7706047090550773,0.7403598971722365,0.08817078367183595,-3.658877910376332,44.26956558227539,28,100
steel-faults,grid,8,8,8,42,0,isolate_S,0.7699719946063687,0.7583547557840618,1.666666666666667,-3.0,58.06087112426758,37,100
steel-faults,random,8,8,8,42,0,isolate_S,0.7673913494450784,0.7583547557840618,1.3713790490264728,-2.9866131606537287,50.981650829315186,3,100
steel-faults,bo_tpe,8,8,8,42,0,isolate_S,0.7706109324758843,0.7455012853470437,2.4971766533739563,-2.836354749599603,51.85091590881348,3,100
steel-faults,pso,8,8,8,42,0,isolate_S,0.7712602427134114,0.7583547557840618,1.3994957410814346,-3.078285678198735,46.20448160171509,27,100
steel-faults,de,8,8,8,42,0,isolate_S,0.7686775230785189,0.7557840616966581,2.7528854651922936,-2.9226089013124668,54.708580493927,35,100
steel-faults,ga,8,8,8,42,0,isolate_S,0.7686858209729281,0.7634961439588689,1.0413425076635234,-3.4400642669742374,45.52642226219177,34,100
steel-faults,sa,8,8,8,42,0,isolate_S,0.7706109324758842,0.7583547557840618,3.317696917898177,-5.392303320762073,46.262054443359375,9,100
steel-faults,grid,9,9,9,42,0,isolate_S,0.7538927497147598,0.781491002570694,1.666666666666667,-3.0,57.85145592689514,36,100
steel-faults,random,9,9,9,42,0,isolate_S,0.7558199356913183,0.7866323907455013,1.3713790490264728,-2.9866131606537287,51.268826484680176,15,100
steel-faults,bo_tpe,9,9,9,42,0,isolate_S,0.7616263873042215,0.7789203084832905,1.5351233664343682,-3.8889005561168055,44.73589110374451,13,100
steel-faults,pso,9,9,9,42,0,isolate_S,0.7577657919302976,0.7840616966580977,6.823978804496584,-7.494409688594325,41.46751379966736,23,100
steel-faults,de,9,9,9,42,0,isolate_S,0.7564796182968572,0.7789203084832905,8.589103936094302,-8.552738426857989,46.838998556137085,13,100
steel-faults,ga,9,9,9,42,0,isolate_S,0.7603381391971789,0.781491002570694,0.9942378107476957,-3.372564006691138,46.473159313201904,13,100
steel-faults,sa,9,9,9,42,0,isolate_S,0.7564796182968571,0.7840616966580977,8.61096288995831,-8.520619325387024,47.02782988548279,45,100
steel-faults,grid,10,10,10,42,0,isolate_S,0.7609542578570687,0.7917737789203085,1.666666666666667,-3.0,57.97905874252319,36,100
steel-faults,random,10,10,10,42,0,isolate_S,0.7622466549113163,0.7840616966580977,1.3713790490264728,-2.9866131606537287,53.90049719810486,46,100
steel-faults,bo_tpe,10,10,10,42,0,isolate_S,0.7654745358365316,0.7892030848329049,0.6824242378386711,-3.530478545393951,48.68094205856323,13,100
steel-faults,pso,10,10,10,42,0,isolate_S,0.764182138782284,0.7866323907455013,2.261643131466623,-3.5147121579525056,50.47142148017883,41,100
steel-faults,de,10,10,10,42,0,isolate_S,0.7538657815579296,0.7609254498714653,12.524007064721065,-10.143839152250335,95.6973671913147,13,100
steel-faults,ga,10,10,10,42,0,isolate_S,0.7622549528057255,0.7840616966580977,0.9942378107476957,-3.858464169599583,45.42508292198181,34,100
steel-faults,sa,10,10,10,42,0,isolate_S,0.7628814438336271,0.781491002570694,2.8717203376380285,-4.107313316591156,44.99592733383179,35,100
steel-faults,grid,11,11,11,42,0,isolate_S,0.7713038066590603,0.7583547557840618,1.666666666666667,-3.0,58.05995035171509,36,100
steel-faults,random,11,11,11,42,0,isolate_S,0.7745192407426614,0.7480719794344473,1.3713790490264728,-2.9866131606537287,50.86635136604309,17,100
steel-faults,bo_tpe,11,11,11,42,0,isolate_S,0.7758054143761021,0.7223650385604113,2.868997622539415,-4.552216491284511,41.78524565696716,13,100
steel-faults,pso,11,11,11,42,0,isolate_S,0.7745192407426614,0.7249357326478149,3.7708680800938907,-5.001397791805438,39.14364171028137,27,100
steel-faults,de,11,11,11,42,0,isolate_S,0.7648355979670158,0.7249357326478149,7.94840308285969,-7.3492249617441985,46.73930621147156,13,100
steel-faults,ga,11,11,11,42,0,isolate_S,0.7777471216678767,0.7429305912596401,1.3278795728953945,-3.5285392747752997,45.5274932384491,34,100
steel-faults,sa,11,11,11,42,0,isolate_S,0.7796784565916399,0.7429305912596401,1.7080782191716277,-3.7652167888537744,55.42738699913025,80,100
steel-faults,grid,12,12,12,42,0,isolate_S,0.7609189918058293,0.7686375321336761,3.8888888888888893,-5.0,58.63753819465637,37,100
steel-faults,random,12,12,12,42,0,isolate_S,0.7596535629084119,0.781491002570694,1.3713790490264728,-2.9866131606537287,51.56593990325928,46,100
steel-faults,bo_tpe,12,12,12,42,0,isolate_S,0.7680323617881963,0.7737789203084833,0.9286345424094006,-2.974837930890552,48.66943693161011,27,100
steel-faults,pso,12,12,12,42,0,isolate_S,0.7680136915257754,0.8020565552699229,1.7110437681836166,-3.849736472434241,49.38883996009827,41,100
steel-faults,de,12,12,12,42,0,isolate_S,0.7667295923659372,0.7866323907455013,1.9132786035397302,-3.7491495497177816,53.71074438095093,55,100
steel-faults,ga,12,12,12,42,0,isolate_S,0.7680136915257754,0.8020565552699229,1.6773533095915405,-3.858464169599583,49.61142444610596,50,100
steel-faults,sa,12,12,12,42,0,isolate_S,0.7660885800228192,0.7840616966580977,1.6114500782516774,-3.4569193525227986,43.52976179122925,24,100
steel-faults,grid,13,13,13,42,0,isolate_S,0.7564194585623898,0.7763496143958869,1.666666666666667,-5.0,59.18409585952759,36,100
steel-faults,random,13,13,13,42,0,isolate_S,0.7506171558966913,0.7866323907455013,6.403935408357594,-7.1051727576782335,52.29562711715698,15,100
steel-faults,bo_tpe,13,13,13,42,0,isolate_S,0.7589980292500778,0.7840616966580977,0.44241417659578275,-4.057102100453592,42.977829694747925,13,100
steel-faults,pso,13,13,13,42,0,isolate_S,0.7596473394876051,0.7789203084832905,0.8561747277290763,-3.906382948967244,38.964940309524536,23,100
steel-faults,de,13,13,13,42,0,isolate_S,0.7570583964319055,0.7634961439588689,7.843410850200096,-8.093804023286097,48.31615495681763,53,100
steel-faults,ga,13,13,13,42,0,isolate_S,0.7596494139612074,0.7840616966580977,0.9942378107476957,-4.10143522348625,48.04526925086975,34,100
steel-faults,sa,13,13,13,42,0,isolate_S,0.7570604709055078,0.7866323907455013,2.991408829140622,-5.1172130798632995,39.98500609397888,26,100
steel-faults,grid,14,14,14,42,0,isolate_S,0.7654641634685199,0.7789203084832905,1.666666666666667,-3.0,59.94154119491577,36,100
steel-faults,random,14,14,14,42,0,isolate_S,0.7661093247588425,0.7866323907455013,1.3713790490264728,-2.9866131606537287,53.066688776016235,3,100
steel-faults,bo_tpe,14,14,14,42,0,isolate_S,0.7738471112955086,0.781491002570694,0.6408524520078661,-3.7273303034063923,47.243274450302124,13,100
steel-faults,pso,14,14,14,42,0,isolate_S,0.7693372056840576,0.7737789203084833,1.1402071540511205,-3.825193240955455,42.65886330604553,46,100
steel-faults,de,14,14,14,42,0,isolate_S,0.7525941292397055,0.781491002570694,4.716707176635781,-7.33926448082454,59.35513162612915,4,100
steel-faults,ga,14,14,14,42,0,isolate_S,0.7706233793174981,0.7763496143958869,0.9942378107476957,-3.858464169599583,48.28348684310913,34,100
steel-faults,sa,14,14,14,42,0,isolate_S,0.7706254537911004,0.7686375321336761,1.3577156638787287,-3.507315822408537,42.157315492630005,65,100
steel-faults,grid,15,15,15,42,0,isolate_S,0.7603360647235764,0.7712082262210797,1.666666666666667,-5.0,59.09373664855957,36,100
steel-faults,random,15,15,15,42,0,isolate_S,0.7551664765065864,0.7840616966580977,1.3713790490264728,-2.9866131606537287,51.415011405944824,1,100
steel-faults,bo_tpe,15,15,15,42,0,isolate_S,0.7622715485945442,0.7737789203084833,1.0545201040217327,-4.1770855520368615,50.20505738258362,12,100
steel-faults,pso,15,15,15,42,0,isolate_S,0.7622715485945442,0.7737789203084833,1.0950500272424977,-4.209120644714114,39.105268716812134,23,100
steel-faults,de,15,15,15,42,0,isolate_S,0.7545399854786847,0.7634961439588689,8.673137638876645,-8.265739507196187,46.483256578445435,13,100
steel-faults,ga,15,15,15,42,0,isolate_S,0.7629146354112644,0.7737789203084833,0.9942378107476957,-3.858464169599583,44.78218364715576,34,100
steel-faults,sa,15,15,15,42,0,isolate_S,0.7590353697749196,0.7737789203084833,4.8220142463532305,-6.381135327495023,50.87868928909302,44,100
steel-faults,grid,16,16,16,42,0,isolate_S,0.7571123327455658,0.7506426735218509,1.666666666666667,-5.0,58.896801233291626,36,100
steel-faults,random,16,16,16,42,0,isolate_S,0.7564650969816409,0.7712082262210797,4.123006644330971,-4.768188920364327,51.5311541557312,3,100
steel-faults,bo_tpe,16,16,16,42,0,isolate_S,0.7590353697749196,0.7377892030848329,1.3632507717960727,-5.275926695321149,42.54348683357239,3,100
steel-faults,pso,16,16,16,42,0,isolate_S,0.7596846800124468,0.7403598971722365,2.646009002848798,-6.082763178578513,39.213752031326294,27,100
steel-faults,de,16,16,16,42,0,isolate_S,0.7545192407426615,0.7634961439588689,2.799252267127346,-5.060430300313676,46.025755882263184,13,100
steel-faults,ga,16,16,16,42,0,isolate_S,0.7596846800124469,0.7429305912596401,1.0179858811103233,-4.745389347542047,44.83423089981079,23,100
steel-faults,sa,16,16,16,42,0,isolate_S,0.753874079452339,0.7660668380462725,3.0188605443120364,-3.0842699974894305,70.19472646713257,10,100
steel-faults,grid,17,17,17,42,0,isolate_S,0.7628752204128203,0.8071979434447301,1.666666666666667,-3.0,57.84339880943298,37,100
steel-faults,random,17,17,17,42,0,isolate_S,0.764163468519863,0.7994858611825193,1.3713790490264728,-2.9866131606537287,51.22538137435913,46,100
steel-faults,bo_tpe,17,17,17,42,0,isolate_S,0.7622259101752931,0.8020565552699229,1.6460228363776888,-3.191424618373319,49.06464910507202,12,100
steel-faults,pso,17,17,17,42,0,isolate_S,0.7622300591224976,0.7686375321336761,1.3125849976866735,-4.178323237441396,40.378496408462524,23,100
steel-faults,de,17,17,17,42,0,isolate_S,0.7532164713204025,0.7660668380462725,7.739233746429086,-7.952219540921149,59.18445611000061,16,100
steel-faults,ga,17,17,17,42,0,isolate_S,0.7622279846488953,0.7686375321336761,0.9942378107476957,-3.9817317041772515,64.06905722618103,34,100
steel-faults,sa,17,17,17,42,0,isolate_S,0.7551415828233585,0.7660668380462725,5.115445447817239,-6.254990233425703,39.75106883049011,23,100
steel-faults,grid,18,18,18,42,0,isolate_S,0.7712726895550255,0.7583547557840618,1.666666666666667,-3.0,58.189945220947266,37,100
steel-faults,random,18,18,18,42,0,isolate_S,0.7686941188673375,0.7506426735218509,1.3713790490264728,-2.9866131606537287,51.314900398254395,3,100
steel-faults,bo_tpe,18,18,18,42,0,isolate_S,0.776421533035992,0.7480719794344473,1.0664535067782905,-3.390964049517374,49.79266858100891,12,100
steel-faults,pso,18,18,18,42,0,isolate_S,0.7712664661342185,0.7480719794344473,3.0170655456287494,-5.138869748811514,40.123141288757324,19,100
steel-faults,de,18,18,18,42,0,isolate_S,0.7706316772119075,0.7429305912596401,7.291372705957807,-7.999414368376132,46.25975465774536,13,100
steel-faults,ga,18,18,18,42,0,isolate_S,0.7738429623483041,0.7455012853470437,0.9942378107476957,-3.6465244027572186,47.16369962692261,13,100
steel-faults,sa,18,18,18,42,0,isolate_S,0.7693309822632507,0.7455012853470437,1.5909982305526034,-3.8595502135612856,40.93094182014465,10,100
steel-faults,grid,19,19,19,42,0,isolate_S,0.7628938906752412,0.7583547557840618,1.666666666666667,-3.0,57.757184982299805,27,100
steel-faults,random,19,19,19,42,0,isolate_S,0.7622528783321233,0.7557840616966581,1.3713790490264728,-2.9866131606537287,51.25698471069336,3,100
steel-faults,bo_tpe,19,19,19,42,0,isolate_S,0.7674037962866922,0.7532133676092545,1.4810660413290497,-2.6408009215804973,49.18509840965271,12,100
steel-faults,pso,19,19,19,42,0,isolate_S,0.7648252255990042,0.7429305912596401,5.420937924029772,-7.361215748392626,40.15451240539551,19,100
steel-faults,de,19,19,19,42,0,isolate_S,0.7628918162016388,0.7377892030848329,5.582350566668844,-6.307096301761972,55.93879818916321,13,100
steel-faults,ga,19,19,19,42,0,isolate_S,0.7667565605227674,0.7583547557840618,0.9942378107476957,-3.858464169599583,44.80781030654907,34,100
steel-faults,sa,19,19,19,42,0,isolate_S,0.7616014936209936,0.7377892030848329,8.247309221280938,-7.911921450813286,69.85992217063904,10,100
steel-faults,grid,20,20,20,42,0,isolate_S,0.7513100300798673,0.781491002570694,1.666666666666667,-3.0,57.01163148880005,36,100
steel-faults,random,20,20,20,42,0,isolate_S,0.7571019603775542,0.7737789203084833,1.3713790490264728,-2.9866131606537287,51.58308410644531,17,100
steel-faults,bo_tpe,20,20,20,42,0,isolate_S,0.7628855927808319,0.7634961439588689,0.8943699633907918,-3.815898030172134,44.56886839866638,13,100
steel-faults,pso,20,20,20,42,0,isolate_S,0.7551685509801886,0.7712082262210797,-0.09568422495667095,-2.949348373892922,39.989169120788574,19,100
steel-faults,de,20,20,20,42,0,isolate_S,0.7487252359713723,0.7634961439588689,5.582350566668844,-6.307096301761972,55.1367609500885,13,100
steel-faults,ga,20,20,20,42,0,isolate_S,0.763534903018359,0.7634961439588689,0.9950988281073505,-3.504941517760236,44.407116651535034,34,100
steel-faults,sa,20,20,20,42,0,isolate_S,0.7596743076444352,0.7609254498714653,0.9579364809409854,-3.088081015505332,46.12415099143982,32,100
steel-faults,grid,21,21,21,42,0,isolate_S,0.7706420495799191,0.7377892030848329,1.666666666666667,-3.0,57.60349631309509,36,100
steel-faults,random,21,21,21,42,0,isolate_S,0.7706482730007261,0.7429305912596401,1.3713790490264728,-2.9866131606537287,50.47996926307678,46,100
steel-faults,bo_tpe,21,21,21,42,0,isolate_S,0.7758012654288974,0.7249357326478149,1.4020372070310865,-3.3543392029227266,47.026140213012695,13,100
steel-faults,pso,21,21,21,42,0,isolate_S,0.775799190955295,0.7300771208226221,1.2153363908915273,-3.2301498098627928,41.15959191322327,41,100
steel-faults,de,21,21,21,42,0,isolate_S,0.7609750025930919,0.7480719794344473,8.710839689613895,-9.162770014748997,45.5656795501709,13,100
steel-faults,ga,21,21,21,42,0,isolate_S,0.776440203298413,0.7223650385604113,1.3278795728953945,-3.5826725871295455,47.00222301483154,79,100
steel-faults,sa,21,21,21,42,0,isolate_S,0.7745109428482522,0.7275064267352185,1.3743160128643956,-3.4205848729431616,39.385573387145996,37,100
steel-faults,grid,22,22,22,42,0,isolate_S,0.7596431905404003,0.7789203084832905,1.666666666666667,-3.0,58.38515377044678,37,100
steel-faults,random,22,22,22,42,0,isolate_S,0.7570666943263147,0.7866323907455013,1.3713790490264728,-2.9866131606537287,51.48445677757263,3,100
steel-faults,bo_tpe,22,22,22,42,0,isolate_S,0.7635100093351312,0.7917737789203085,1.7262934238123486,-3.358315162150473,52.67037343978882,12,100
steel-faults,pso,22,22,22,42,0,isolate_S,0.7589980292500778,0.7686375321336761,2.5496056278997155,-2.3650967361565853,46.73822546005249,19,100
steel-faults,de,22,22,22,42,0,isolate_S,0.7564360543512083,0.7892030848329049,6.914721788205689,-7.789911848319106,46.68216943740845,13,100
steel-faults,ga,22,22,22,42,0,isolate_S,0.7615786744113681,0.794344473007712,1.5930611055956168,-3.2324159549408744,48.018046855926514,13,100
steel-faults,sa,22,22,22,42,0,isolate_S,0.7577243024582512,0.7917737789203085,2.937501742369334,-5.504563585999589,59.26782178878784,9,100
steel-faults,grid,23,23,23,42,0,isolate_S,0.7480883725754589,0.781491002570694,1.666666666666667,-5.0,58.50403356552124,36,100
steel-faults,random,23,23,23,42,0,isolate_S,0.7467939010476091,0.8020565552699229,1.3713790490264728,-2.9866131606537287,50.79345464706421,1,100
steel-faults,bo_tpe,23,23,23,42,0,isolate_S,0.7551685509801889,0.7969151670951157,1.0005361286731789,-3.660681402645632,46.90970420837402,29,100
steel-faults,pso,23,23,23,42,0,isolate_S,0.7493538014728761,0.7609254498714653,6.626507656228663,-3.688812398670729,43.62557911872864,30,100
steel-faults,de,23,23,23,42,0,isolate_S,0.7558137122705114,0.8020565552699229,0.9029819815958096,-3.5188359208756532,52.54383659362793,83,100
steel-faults,ga,23,23,23,42,0,isolate_S,0.755170625453791,0.7917737789203085,0.5909615242821431,-3.858464169599583,49.41088604927063,34,100
steel-faults,sa,23,23,23,42,0,isolate_S,0.7551602530857795,0.794344473007712,1.3370073520055563,-3.6641279465399954,42.51318335533142,38,100
steel-faults,grid,24,24,24,42,0,isolate_S,0.7680323617881962,0.7480719794344473,1.666666666666667,-3.0,56.98668050765991,36,100
steel-faults,random,24,24,24,42,0,isolate_S,0.764804480862981,0.7455012853470437,3.477100971163594,-4.084922145697362,50.29949688911438,3,100
steel-faults,bo_tpe,24,24,24,42,0,isolate_S,0.7719054040037341,0.7480719794344473,2.059718742495596,-3.2299949844669547,45.83997082710266,12,100
steel-faults,pso,24,24,24,42,0,isolate_S,0.7725360439788403,0.7455012853470437,2.5791215948046524,-3.248391161861114,43.95742130279541,29,100
steel-faults,de,24,24,24,42,0,isolate_S,0.764175915361477,0.7429305912596401,7.1549586874857525,-7.999414368376132,45.758195638656616,12,100
steel-faults,ga,24,24,24,42,0,isolate_S,0.7654600145213151,0.7429305912596401,6.350702180476031,-7.642926463693712,44.279085874557495,13,100
steel-faults,sa,24,24,24,42,0,isolate_S,0.7712457213981952,0.7455012853470437,3.30025219837115,-2.69650961795808,40.73665809631348,9,100
steel-faults,grid,25,25,25,42,0,isolate_S,0.7628835183072296,0.7429305912596401,1.666666666666667,-3.0,57.030266523361206,36,100
steel-faults,random,25,25,25,42,0,isolate_S,0.7687003422881444,0.7172236503856041,3.4730959867780946,-3.3739059648001906,50.61274027824402,3,100
steel-faults,bo_tpe,25,25,25,42,0,isolate_S,0.7687003422881444,0.7172236503856041,3.4730959867780946,-3.3739059648001906,47.746747732162476,3,100
steel-faults,pso,25,25,25,42,0,isolate_S,0.7661031013380356,0.7377892030848329,2.5667547891191838,-2.9097196502194915,43.2325005531311,19,100
steel-faults,de,25,25,25,42,0,isolate_S,0.7706171558966912,0.7275064267352185,2.1595012493470227,-3.3505887916634975,52.372989892959595,72,100
steel-faults,ga,25,25,25,42,0,isolate_S,0.7661072502852402,0.7403598971722365,1.1876403769986184,-2.3520615466124006,44.89253354072571,34,100
steel-faults,sa,25,25,25,42,0,isolate_S,0.7686858209729281,0.7300771208226221,2.806420861614943,-3.6346665670946168,43.81888771057129,9,100
steel-faults,grid,26,26,26,42,0,isolate_S,0.7686733741313143,0.7634961439588689,1.666666666666667,-5.0,58.29641819000244,36,100
steel-faults,random,26,26,26,42,0,isolate_S,0.7583487190125506,0.7223650385604113,-0.024937129600839825,-4.629167980478936,50.77168536186218,15,100
steel-faults,bo_tpe,26,26,26,42,0,isolate_S,0.7718888082149155,0.7609254498714653,0.8958326013536625,-4.302071069311299,43.170286893844604,35,100
steel-faults,pso,26,26,26,42,0,isolate_S,0.7718888082149155,0.7557840616966581,0.728969666572489,-4.466393387950806,38.01861333847046,23,100
steel-faults,de,26,26,26,42,0,isolate_S,0.769961622238357,0.7634961439588689,1.9033384465845504,-5.060430300313676,44.4072949886322,74,100
steel-faults,ga,26,26,26,42,0,isolate_S,0.7706047090550772,0.7609254498714653,0.9942378107476957,-4.048156906535661,41.36105751991272,34,100
steel-faults,sa,26,26,26,42,0,isolate_S,0.7693206098952391,0.7686375321336761,2.7168636652307407,-4.810764553883605,49.432252407073975,82,100
steel-faults,grid,27,27,27,42,0,isolate_S,0.7770583964319054,0.7455012853470437,1.666666666666667,-3.0,56.7981595993042,37,100
steel-faults,random,27,27,27,42,0,isolate_S,0.7809314386474432,0.7557840616966581,1.3713790490264728,-2.9866131606537287,50.93272566795349,46,100
steel-faults,bo_tpe,27,27,27,42,0,isolate_S,0.7796369671195934,0.7480719794344473,1.3328694245245607,-2.8391125960412245,47.91488742828369,12,100
steel-faults,pso,27,27,27,42,0,isolate_S,0.7822134633336791,0.7455012853470437,2.037960602152443,-3.077022045125713,42.41204857826233,41,100
steel-faults,de,27,27,27,42,0,isolate_S,0.7680323617881962,0.7429305912596401,9.812984091008998,-9.733060208244698,49.248265981674194,13,100
steel-faults,ga,27,27,27,42,0,isolate_S,0.7783528679597552,0.7506426735218509,1.7031095512580856,-2.875845563053903,46.091166734695435,34,100
steel-faults,sa,27,27,27,42,0,isolate_S,0.7648314490198111,0.7223650385604113,6.669283338865554,-2.4389426962003373,87.12528085708618,9,100
steel-faults,grid,28,28,28,42,0,isolate_S,0.7551851467690074,0.7737789203084833,1.666666666666667,-3.0,68.35887336730957,36,100
steel-faults,random,28,28,28,42,0,isolate_S,0.7596992013276631,0.7712082262210797,1.3713790490264728,-2.9866131606537287,51.52270817756653,46,100
steel-faults,bo_tpe,28,28,28,42,0,isolate_S,0.7622860699097604,0.7712082262210797,1.1153169668220755,-3.2597345209560498,46.77586007118225,22,100
steel-faults,pso,28,28,28,42,0,isolate_S,0.7584109532206202,0.7737789203084833,1.764112395585021,-3.259537086544225,40.657050132751465,23,100
steel-faults,de,28,28,28,42,0,isolate_S,0.7519634892645991,0.7763496143958869,7.1549586874857525,-7.999414368376132,45.85896897315979,13,100
steel-faults,ga,28,28,28,42,0,isolate_S,0.7584047297998132,0.7609254498714653,1.6773533095915405,-4.048156906535661,44.85592746734619,13,100
steel-faults,sa,28,28,28,42,0,isolate_S,0.7616326107250285,0.7789203084832905,1.6143995482827913,-3.359458927322928,40.8275785446167,25,100
steel-faults,grid,29,29,29,42,0,isolate_S,0.7660968779172285,0.7866323907455013,1.666666666666667,-3.0,58.6477210521698,37,100
steel-faults,random,29,29,29,42,0,isolate_S,0.7725422673996473,0.781491002570694,1.3713790490264728,-2.9866131606537287,51.51856756210327,46,100
steel-faults,bo_tpe,29,29,29,42,0,isolate_S,0.7744736023234104,0.781491002570694,1.29957073678734,-2.700155743871,50.75438857078552,12,100
steel-faults,pso,29,29,29,42,0,isolate_S,0.7725443418732496,0.7763496143958869,1.1026047494334108,-3.036010677307499,46.55542588233948,29,100
steel-faults,de,29,29,29,42,0,isolate_S,0.7596473394876051,0.794344473007712,6.78439711570367,-7.783384397776398,46.261067390441895,13,100
steel-faults,ga,29,29,29,42,0,isolate_S,0.771251944819002,0.781491002570694,1.2933917326137703,-3.0107399214785358,45.82271933555603,63,100
steel-faults,sa,29,29,29,42,0,isolate_S,0.7751146146665284,0.781491002570694,1.3387572044326852,-2.780852917349361,45.23404407501221,38,100
ozone-8hr,grid,0,0,0,42,0,isolate_S,0.9422745241136046,0.9506903353057199,1.666666666666667,-5.0,59.9811954498291,1,100
ozone-8hr,random,0,0,0,42,0,isolate_S,0.9422793894058262,0.9388560157790927,8.062166509307968,-10.440751154283923,55.22394514083862,1,100
ozone-8hr,bo_tpe,0,0,0,42,0,isolate_S,0.9432670437268138,0.9408284023668639,7.36384773900465,-10.023570295589053,43.133405447006226,1,100
ozone-8hr,pso,0,0,0,42,0,isolate_S,0.9442522654016907,0.9447731755424064,7.39953867080725,-9.795568089478548,42.62473917007446,1,100
ozone-8hr,de,0,0,0,42,0,isolate_S,0.9437584382411968,0.9447731755424064,7.307702229625077,-9.731972917354177,45.264667987823486,1,100
ozone-8hr,ga,0,0,0,42,0,isolate_S,0.9442510490786352,0.9428007889546351,7.323354079179811,-9.83277062784991,47.97601389884949,1,100
ozone-8hr,sa,0,0,0,42,0,isolate_S,0.9442522654016907,0.9408284023668639,6.919190186056455,-9.379340534127984,57.86710834503174,1,100
ozone-8hr,grid,1,1,1,42,0,isolate_S,0.9467214012041598,0.9487179487179487,1.666666666666667,-5.0,59.59649920463562,35,100
ozone-8hr,random,1,1,1,42,0,isolate_S,0.9467189685580489,0.9408284023668639,6.399298214025297,-4.364290297532882,54.4363534450531,1,100
ozone-8hr,bo_tpe,1,1,1,42,0,isolate_S,0.9491881043605181,0.9408284023668639,2.3539696150581695,-4.510588719845258,51.56278467178345,2,100
ozone-8hr,pso,1,1,1,42,0,isolate_S,0.9477078392020921,0.9368836291913215,2.8384948723172663,-4.867887982158699,54.828139305114746,1,100
ozone-8hr,de,1,1,1,42,0,isolate_S,0.94474730888524,0.9428007889546351,7.739233746429086,-10.143839152250335,47.811283349990845,1,100
ozone-8hr,ga,1,1,1,42,0,isolate_S,0.9467189685580489,0.9408284023668639,8.710839689613895,-4.3732131311260485,50.86600136756897,1,100
ozone-8hr,sa,1,1,1,42,0,isolate_S,0.9457313142370614,0.9408284023668639,8.056604526303085,-4.417234203491072,85.16422247886658,1,100
ozone-8hr,grid,2,2,2,42,0,isolate_S,0.9467214012041598,0.9428007889546351,1.666666666666667,-5.0,59.41348457336426,26,100
ozone-8hr,random,2,2,2,42,0,isolate_S,0.9472164446877092,0.9388560157790927,2.19015801147572,-7.133424831611854,54.37193202972412,1,100
ozone-8hr,bo_tpe,2,2,2,42,0,isolate_S,0.9472152283646537,0.9428007889546351,2.204151420947962,-6.354306606395549,42.421783208847046,1,100
ozone-8hr,pso,2,2,2,42,0,isolate_S,0.9462336556589431,0.9329388560157791,9.68192687325475,-10.47715680898873,42.37973928451538,1,100
ozone-8hr,de,2,2,2,42,0,isolate_S,0.9472200936568752,0.9349112426035503,8.710839689613895,-9.872841615353014,44.47628688812256,1,100
ozone-8hr,ga,2,2,2,42,0,isolate_S,0.9477090555251475,0.9388560157790927,7.685307317011478,-10.527177540379846,46.188966274261475,1,100
ozone-8hr,sa,2,2,2,42,0,isolate_S,0.9452374870765675,0.9447731755424064,9.526859055177253,-3.841989302605917,90.98942279815674,1,100
ozone-8hr,grid,3,3,3,42,0,isolate_S,0.9472091467493767,0.9428007889546351,6.111111111111111,-9.0,59.60657501220703,26,100
ozone-8hr,random,3,3,3,42,0,isolate_S,0.947210363072432,0.9447731755424064,8.556330735924602,-10.139856482541033,53.80883979797363,1,100
ozone-8hr,bo_tpe,3,3,3,42,0,isolate_S,0.9467177522349937,0.9408284023668639,3.131340676916064,-6.1227114394823445,45.91310429573059,1,100
ozone-8hr,pso,3,3,3,42,0,isolate_S,0.9486906282308581,0.9428007889546351,8.928501117102652,-10.953888134251864,42.78842830657959,1,100
ozone-8hr,de,3,3,3,42,0,isolate_S,0.9477041902329258,0.9428007889546351,4.842357348523774,-8.559686459236737,46.5037944316864,1,100
ozone-8hr,ga,3,3,3,42,0,isolate_S,0.9481992337164751,0.9447731755424064,9.614771418413149,-11.33389855744214,45.29375433921814,1,100
ozone-8hr,sa,3,3,3,42,0,isolate_S,0.9472091467493767,0.9349112426035503,2.466907896548019,-4.793793420493278,65.92750954627991,1,100
ozone-8hr,grid,4,4,4,42,0,isolate_S,0.9452411360457337,0.9487179487179487,6.111111111111111,-9.0,59.743526458740234,1,100
ozone-8hr,random,4,4,4,42,0,isolate_S,0.9437620872103631,0.9487179487179487,8.062166509307968,-10.440751154283923,53.8954062461853,1,100
ozone-8hr,bo_tpe,4,4,4,42,0,isolate_S,0.9457349632062275,0.9487179487179487,5.678859319175661,-8.4291997247051,47.6315176486969,1,100
ozone-8hr,pso,4,4,4,42,0,isolate_S,0.9462287903667214,0.9467455621301775,5.353693334422746,-8.162755851011037,41.88158869743347,1,100
ozone-8hr,de,4,4,4,42,0,isolate_S,0.946227574043666,0.9506903353057199,5.231548738225191,-8.19913015235205,48.676552295684814,1,100
ozone-8hr,ga,4,4,4,42,0,isolate_S,0.9462263577206105,0.9487179487179487,5.54559621966802,-9.096674954857164,43.017350912094116,1,100
ozone-8hr,sa,4,4,4,42,0,isolate_S,0.9417831295992215,0.9447731755424064,1.3205746997656358,-6.246044179176488,79.77384161949158,1,100
ozone-8hr,grid,5,5,5,42,0,isolate_S,0.9462239250744997,0.9309664694280079,6.111111111111111,-9.0,59.69202899932861,1,100
ozone-8hr,random,5,5,5,42,0,isolate_S,0.9442498327555798,0.9329388560157791,14.535221763806742,-4.112780644589172,54.23711848258972,1,100
ozone-8hr,bo_tpe,5,5,5,42,0,isolate_S,0.9467165359119383,0.9408284023668639,1.0352567363931564,-5.330342667633034,44.56586694717407,1,100
ozone-8hr,pso,5,5,5,42,0,isolate_S,0.9472140120415983,0.9309664694280079,5.6791881273029245,-8.568654012408373,41.67302393913269,1,100
ozone-8hr,de,5,5,5,42,0,isolate_S,0.9457349632062275,0.9349112426035503,7.739233746429086,-10.143839152250335,45.50180101394653,1,100
ozone-8hr,ga,5,5,5,42,0,isolate_S,0.946227574043666,0.9329388560157791,7.739233746429086,-10.072461598208514,47.631412506103516,1,100
ozone-8hr,sa,5,5,5,42,0,isolate_S,0.9457337468831721,0.9329388560157791,7.168942754940038,-9.621677749281924,62.95444464683533,1,100
ozone-8hr,grid,6,6,6,42,0,isolate_S,0.9452411360457337,0.9447731755424064,1.666666666666667,-5.0,59.26444602012634,1,100
ozone-8hr,random,6,6,6,42,0,isolate_S,0.9437608708873076,0.9428007889546351,14.535221763806742,-4.112780644589172,54.70209240913391,1,100
ozone-8hr,bo_tpe,6,6,6,42,0,isolate_S,0.9472152283646537,0.9428007889546351,0.9375798246535021,-4.92026971273387,51.631463289260864,1,100
ozone-8hr,pso,6,6,6,42,0,isolate_S,0.9447497415313506,0.9467455621301775,2.392876822900337,-5.902494851437689,55.14189267158508,1,100
ozone-8hr,de,6,6,6,42,0,isolate_S,0.9457337468831721,0.9506903353057199,2.0855360499999493,-5.125125085026041,49.02578401565552,1,100
ozone-8hr,ga,6,6,6,42,0,isolate_S,0.9432682600498692,0.9428007889546351,7.136178793639573,-4.295137355268583,52.69726848602295,1,100
ozone-8hr,sa,6,6,6,42,0,isolate_S,0.9462300066897769,0.9447731755424064,1.8871514558556153,-5.281499557909642,70.18606495857239,1,100
ozone-8hr,grid,7,7,7,42,0,isolate_S,0.9462239250744998,0.9388560157790927,3.8888888888888893,-7.0,59.41993832588196,1,100
ozone-8hr,random,7,7,7,42,0,isolate_S,0.9467177522349937,0.9408284023668639,8.062166509307968,-10.440751154283923,54.38544702529907,1,100
ozone-8hr,bo_tpe,7,7,7,42,0,isolate_S,0.9472115793954874,0.9408284023668639,7.480215403820921,-10.105505424078572,42.46302270889282,1,100
ozone-8hr,pso,7,7,7,42,0,isolate_S,0.9477054065559812,0.9428007889546351,3.4005281692875244,-7.838940614348213,41.245627880096436,1,100
ozone-8hr,de,7,7,7,42,0,isolate_S,0.9467165359119383,0.9428007889546351,4.842357348523774,-8.559686459236737,45.82164931297302,1,100
ozone-8hr,ga,7,7,7,42,0,isolate_S,0.9462251413975553,0.9408284023668639,7.739233746429086,-10.288528283321849,48.37159872055054,1,100
ozone-8hr,sa,7,7,7,42,0,isolate_S,0.9437535729489752,0.9329388560157791,8.855764977735928,-3.730735029366756,91.10521817207336,1,100
ozone-8hr,grid,8,8,8,42,0,isolate_S,0.9452435686918446,0.9506903353057199,1.666666666666667,-5.0,59.295279026031494,1,100
ozone-8hr,random,8,8,8,42,0,isolate_S,0.9472200936568752,0.9408284023668639,2.19015801147572,-7.133424831611854,54.23059940338135,1,100
ozone-8hr,bo_tpe,8,8,8,42,0,isolate_S,0.9496855804901783,0.9388560157790927,2.2965912676942386,-6.767599849633586,41.79578256607056,3,100
ozone-8hr,pso,8,8,8,42,0,isolate_S,0.9501781913276167,0.9428007889546351,1.4269235756024246,-5.737655626495611,45.72533106803894,1,100
ozone-8hr,de,8,8,8,42,0,isolate_S,0.9457398284984493,0.9428007889546351,4.203970753106143,-8.051318648895766,43.4481086730957,1,100
ozone-8hr,ga,8,8,8,42,0,isolate_S,0.9472188773338198,0.9388560157790927,5.201046313974642,-9.32576391794439,44.085798025131226,1,100
ozone-8hr,sa,8,8,8,42,0,isolate_S,0.9462312230128322,0.9408284023668639,4.244016539777389,-7.992957658795149,76.64008021354675,1,100
ozone-8hr,grid,9,9,9,42,0,isolate_S,0.9452472176610108,0.9585798816568047,1.666666666666667,-5.0,59.1221489906311,1,100
ozone-8hr,random,9,9,9,42,0,isolate_S,0.941784345922277,0.9487179487179487,9.59981124848116,-11.91066580929407,54.48352313041687,1,100
ozone-8hr,bo_tpe,9,9,9,42,0,isolate_S,0.9462336556589429,0.9566074950690335,1.2852140276494524,-4.5743373956513675,49.700446128845215,1,100
ozone-8hr,pso,9,9,9,42,0,isolate_S,0.9452460013379553,0.9566074950690335,1.476815832974021,-4.556843539377769,57.32225179672241,2,100
ozone-8hr,de,9,9,9,42,0,isolate_S,0.9427695675971538,0.9566074950690335,5.507086449514517,-9.415646239938798,45.28626322746277,1,100
ozone-8hr,ga,9,9,9,42,0,isolate_S,0.9432621784345923,0.9506903353057199,6.469391271465488,-10.143123204888067,49.469642877578735,1,100
ozone-8hr,sa,9,9,9,42,0,isolate_S,0.944753390500517,0.9566074950690335,1.1980499336257546,-4.5633287028552445,85.59754872322083,1,100
ozone-8hr,grid,10,10,10,42,0,isolate_S,0.9447485252082952,0.9349112426035503,10.555555555555557,-13.0,59.177584171295166,1,100
ozone-8hr,random,10,10,10,42,0,isolate_S,0.9462312230128322,0.9368836291913215,6.332029084131502,-10.222989163089983,55.96649932861328,1,100
ozone-8hr,bo_tpe,10,10,10,42,0,isolate_S,0.9462300066897769,0.9368836291913215,4.67728631004475,-8.982297112328,40.141815185546875,1,100
ozone-8hr,pso,10,10,10,42,0,isolate_S,0.9462300066897769,0.9447731755424064,1.9787462760858308,-6.132480834213355,43.211851835250854,1,100
ozone-8hr,de,10,10,10,42,0,isolate_S,0.9462300066897769,0.9388560157790927,6.051941935835206,-9.871643507403144,48.5250563621521,1,100
ozone-8hr,ga,10,10,10,42,0,isolate_S,0.9457373958523384,0.9368836291913215,5.507086449514517,-9.552864333167937,45.025519371032715,1,100
ozone-8hr,sa,10,10,10,42,0,isolate_S,0.9462300066897769,0.9388560157790927,5.20120950947477,-9.428243453488168,56.54147434234619,1,100
ozone-8hr,grid,11,11,11,42,0,isolate_S,0.9437620872103631,0.9566074950690335,1.666666666666667,-5.0,59.05554747581482,1,100
ozone-8hr,random,11,11,11,42,0,isolate_S,0.9412953840540046,0.9467455621301775,8.062166509307968,-10.440751154283923,54.505515336990356,1,100
ozone-8hr,bo_tpe,11,11,11,42,0,isolate_S,0.944255914370857,0.9487179487179487,8.872248501317088,-10.6208968301102,48.50973153114319,1,100
ozone-8hr,pso,11,11,11,42,0,isolate_S,0.9442534817247461,0.9506903353057199,2.291500516713291,-5.307829885840448,47.11149549484253,1,100
ozone-8hr,de,11,11,11,42,0,isolate_S,0.9432682600498692,0.9506903353057199,2.785868035035314,-5.219576598253607,49.70159459114075,1,100
ozone-8hr,ga,11,11,11,42,0,isolate_S,0.9427744328893753,0.9526627218934911,7.306792103918851,-10.143839152250335,48.55707550048828,1,100
ozone-8hr,sa,11,11,11,42,0,isolate_S,0.938333637414097,0.9447731755424064,12.968115969127277,-2.6384986978736746,91.46888375282288,1,100
ozone-8hr,grid,12,12,12,42,0,isolate_S,0.9452423523687891,0.9349112426035503,6.111111111111111,-9.0,59.34243297576904,1,100
ozone-8hr,random,12,12,12,42,0,isolate_S,0.9452435686918446,0.9329388560157791,8.556330735924602,-10.139856482541033,54.070579051971436,1,100
ozone-8hr,bo_tpe,12,12,12,42,0,isolate_S,0.9462251413975553,0.9408284023668639,1.6080454769791612,-5.9948894274463305,43.8283805847168,1,100
ozone-8hr,pso,12,12,12,42,0,isolate_S,0.9462251413975551,0.9408284023668639,1.3125849976866735,-4.927780772195349,50.93203520774841,1,100
ozone-8hr,de,12,12,12,42,0,isolate_S,0.9452435686918446,0.9329388560157791,8.072517915341583,-9.871643507403144,44.72313857078552,1,100
ozone-8hr,ga,12,12,12,42,0,isolate_S,0.9457349632062275,0.9329388560157791,5.486747702048547,-8.459026679716537,48.752469062805176,1,100
ozone-8hr,sa,12,12,12,42,0,isolate_S,0.9437633035334185,0.9329388560157791,7.115652060902184,-9.017305975194116,72.7117977142334,1,100
ozone-8hr,grid,13,13,13,42,0,isolate_S,0.9457386121753938,0.9349112426035503,1.666666666666667,-5.0,59.46454429626465,1,100
ozone-8hr,random,13,13,13,42,0,isolate_S,0.9462300066897769,0.9349112426035503,2.19015801147572,-7.133424831611854,53.948668003082275,1,100
ozone-8hr,bo_tpe,13,13,13,42,0,isolate_S,0.9462312230128322,0.9349112426035503,1.0759019014313047,-5.787988350467623,57.00351405143738,1,100
ozone-8hr,pso,13,13,13,42,0,isolate_S,0.9467250501733261,0.9408284023668639,1.9942316814622547,-6.1700816461872945,44.256200551986694,1,100
ozone-8hr,de,13,13,13,42,0,isolate_S,0.9452423523687893,0.9270216962524654,2.130480222155769,-4.680062242024527,53.3399600982666,1,100
ozone-8hr,ga,13,13,13,42,0,isolate_S,0.94474730888524,0.9230769230769231,8.412488293872606,-4.19311434594219,50.495205879211426,1,100
ozone-8hr,sa,13,13,13,42,0,isolate_S,0.9442510490786352,0.9388560157790927,8.601841381942121,-12.525983737884928,58.44267153739929,1,100
ozone-8hr,grid,14,14,14,42,0,isolate_S,0.9427683512740984,0.9526627218934911,1.666666666666667,-5.0,58.97323560714722,1,100
ozone-8hr,random,14,14,14,42,0,isolate_S,0.9417879948914433,0.9487179487179487,2.19015801147572,-7.133424831611854,54.72365093231201,1,100
ozone-8hr,bo_tpe,14,14,14,42,0,isolate_S,0.9437560055950861,0.9506903353057199,1.2272582532858431,-4.982943791797229,50.46939158439636,1,100
ozone-8hr,pso,14,14,14,42,0,isolate_S,0.9432609621115369,0.9467455621301775,1.2747504951986386,-4.629069787561285,51.151520013809204,1,100
ozone-8hr,de,14,14,14,42,0,isolate_S,0.9408003405704555,0.9487179487179487,3.4250971496797176,-8.093804023286097,48.37913417816162,1,100
ozone-8hr,ga,14,14,14,42,0,isolate_S,0.9422806057288817,0.9506903353057199,5.418787816758675,-9.173855042511573,46.17731189727783,1,100
ozone-8hr,sa,14,14,14,42,0,isolate_S,0.9408003405704555,0.9526627218934911,5.356163313816246,-8.863683475474623,56.59539604187012,1,100
ozone-8hr,grid,15,15,15,42,0,isolate_S,0.945238703399623,0.9467455621301775,1.666666666666667,-5.0,61.28850054740906,1,100
ozone-8hr,random,15,15,15,42,0,isolate_S,0.9442534817247461,0.9329388560157791,6.840838625436781,-4.69946569576428,54.21441960334778,1,100
ozone-8hr,bo_tpe,15,15,15,42,0,isolate_S,0.9442546980478015,0.9270216962524654,9.687846194789195,-4.910452797307432,53.305970191955566,1,100
ozone-8hr,pso,15,15,15,42,0,isolate_S,0.9452460013379553,0.9408284023668639,3.310698263069815,-6.652423592519921,43.52368974685669,1,100
ozone-8hr,de,15,15,15,42,0,isolate_S,0.9437596545642524,0.9349112426035503,2.9994014413106225,-4.3880481318258795,52.85436177253723,1,100
ozone-8hr,ga,15,15,15,42,0,isolate_S,0.9442534817247459,0.9309664694280079,13.924257674373091,-4.7654137307239886,47.767273902893066,1,100
ozone-8hr,sa,15,15,15,42,0,isolate_S,0.9437681688256401,0.9368836291913215,3.46342009508078,-6.190149363152564,56.2776825428009,1,100
ozone-8hr,grid,16,16,16,42,0,isolate_S,0.9482053153317521,0.9447731755424064,1.666666666666667,-5.0,59.341553926467896,35,100
ozone-8hr,random,16,16,16,42,0,isolate_S,0.9462324393358876,0.9408284023668639,5.436966435001434,-7.536085080170576,54.574301958084106,1,100
ozone-8hr,bo_tpe,16,16,16,42,0,isolate_S,0.9501794076506721,0.9408284023668639,2.3846553791689766,-5.3763463721719615,46.67840909957886,2,100
ozone-8hr,pso,16,16,16,42,0,isolate_S,0.950179407650672,0.9428007889546351,3.1851303849184838,-5.279940271203447,45.46317005157471,21,100
ozone-8hr,de,16,16,16,42,0,isolate_S,0.948699142492246,0.9408284023668639,2.668927594625327,-6.026331655906059,51.233110666275024,1,100
ozone-8hr,ga,16,16,16,42,0,isolate_S,0.944753390500517,0.9447731755424064,6.1141682487319,-7.798393691209217,48.935776710510254,1,100
ozone-8hr,sa,16,16,16,42,0,isolate_S,0.9496843641671229,0.9408284023668639,2.5070729084956596,-5.424686034374432,83.68065071105957,21,100
ozone-8hr,grid,17,17,17,42,0,isolate_S,0.9481992337164751,0.9428007889546351,3.8888888888888893,-7.0,59.08314752578735,35,100
ozone-8hr,random,17,17,17,42,0,isolate_S,0.9472127957185428,0.9408284023668639,5.436966435001434,-7.536085080170576,54.12402844429016,1,100
ozone-8hr,bo_tpe,17,17,17,42,0,isolate_S,0.9501721097123396,0.9408284023668639,1.3836567896715142,-5.774905442992639,46.7694251537323,3,100
ozone-8hr,pso,17,17,17,42,0,isolate_S,0.9472140120415983,0.9408284023668639,5.697387670290209,-7.767432501099268,41.8122673034668,1,100
ozone-8hr,de,17,17,17,42,0,isolate_S,0.9472127957185428,0.9408284023668639,4.805517719520108,-7.06880144582288,48.45392560958862,1,100
ozone-8hr,ga,17,17,17,42,0,isolate_S,0.9467214012041598,0.9388560157790927,8.24650987471889,-10.792669172245114,43.75057911872864,1,100
ozone-8hr,sa,17,17,17,42,0,isolate_S,0.9506659368728334,0.9408284023668639,1.800536379586581,-5.8899956275180925,91.09467363357544,23,100
ozone-8hr,grid,18,18,18,42,0,isolate_S,0.9501757586815058,0.9211045364891519,3.8888888888888893,-5.0,58.79881286621094,35,100
ozone-8hr,random,18,18,18,42,0,isolate_S,0.9486979261691906,0.9171597633136095,7.055267521432878,-5.192102706055856,54.14743089675903,1,100
ozone-8hr,bo_tpe,18,18,18,42,0,isolate_S,0.9501757586815058,0.9329388560157791,1.839772438807266,-5.14444132630211,49.818342208862305,2,100
ozone-8hr,pso,18,18,18,42,0,isolate_S,0.9506671531958888,0.9329388560157791,1.6991734452454987,-4.879512142978493,45.96239256858826,14,100
ozone-8hr,de,18,18,18,42,0,isolate_S,0.9482004500395306,0.9230769230769231,7.739233746429086,-4.825718145165318,58.29505801200867,1,100
ozone-8hr,ga,18,18,18,42,0,isolate_S,0.9506683695189443,0.9191321499013807,5.485746932298667,-4.958308254743855,47.347724199295044,1,100
ozone-8hr,sa,18,18,18,42,0,isolate_S,0.9506671531958888,0.9329388560157791,1.7380918442538111,-4.9306584762022405,66.04176926612854,21,100
ozone-8hr,grid,19,19,19,42,0,isolate_S,0.9452374870765675,0.9487179487179487,1.666666666666667,-5.0,60.80138182640076,1,100
ozone-8hr,random,19,19,19,42,0,isolate_S,0.9447460925621846,0.9368836291913215,12.622063942223232,-4.537088292554543,54.69150161743164,1,100
ozone-8hr,bo_tpe,19,19,19,42,0,isolate_S,0.9486894119078026,0.9506903353057199,1.552233978031583,-5.350144831842259,49.742971658706665,2,100
ozone-8hr,pso,19,19,19,42,0,isolate_S,0.9477017575868152,0.9447731755424064,0.9977142513480071,-4.686146169900498,52.75789260864258,14,100
ozone-8hr,de,19,19,19,42,0,isolate_S,0.9437596545642523,0.9349112426035503,12.26357844699773,-3.7785686820145283,64.25320363044739,1,100
ozone-8hr,ga,19,19,19,42,0,isolate_S,0.945238703399623,0.9388560157790927,12.321483980880805,-4.288282757588528,57.44448232650757,1,100
ozone-8hr,sa,19,19,19,42,0,isolate_S,0.9462239250744998,0.9526627218934911,1.916606322052222,-5.395737681463089,85.20312881469727,1,100
ozone-8hr,grid,20,20,20,42,0,isolate_S,0.9457313142370614,0.9566074950690335,1.666666666666667,-5.0,60.45657777786255,1,100
ozone-8hr,random,20,20,20,42,0,isolate_S,0.9432731253420907,0.9546351084812623,8.062166509307968,-10.440751154283923,55.01336908340454,1,100
ozone-8hr,bo_tpe,20,20,20,42,0,isolate_S,0.9472152283646537,0.9566074950690335,0.9190947754586898,-4.828927704686597,54.48889374732971,1,100
ozone-8hr,pso,20,20,20,42,0,isolate_S,0.9457337468831721,0.9566074950690335,1.0659314727705036,-4.5253347203197665,48.243563413619995,1,100
ozone-8hr,de,20,20,20,42,0,isolate_S,0.9447485252082954,0.9526627218934911,5.231548738225191,-8.19913015235205,50.16687226295471,1,100
ozone-8hr,ga,20,20,20,42,0,isolate_S,0.9457373958523384,0.9506903353057199,6.287780602142087,-9.187219591993129,48.032248735427856,1,100
ozone-8hr,sa,20,20,20,42,0,isolate_S,0.9403113787021832,0.9428007889546351,3.7492298675082294,-4.045028777054032,86.60715389251709,1,100
ozone-8hr,grid,21,21,21,42,0,isolate_S,0.9467214012041598,0.9526627218934911,1.666666666666667,-5.0,58.88567018508911,35,100
ozone-8hr,random,21,21,21,42,0,isolate_S,0.9427805145046524,0.9467455621301775,5.436966435001434,-7.536085080170576,54.71563506126404,1,100
ozone-8hr,bo_tpe,21,21,21,42,0,isolate_S,0.9452435686918446,0.9467455621301775,2.8767662036004915,-5.82056291836804,45.918570041656494,1,100
ozone-8hr,pso,21,21,21,42,0,isolate_S,0.9472140120415983,0.9506903353057199,1.8054609929990229,-5.101413101831326,46.71885895729065,1,100
ozone-8hr,de,21,21,21,42,0,isolate_S,0.9437645198564738,0.9368836291913215,8.710839689613895,-10.564702195926284,45.946772813797,1,100
ozone-8hr,ga,21,21,21,42,0,isolate_S,0.9427780818585416,0.9388560157790927,7.739233746429086,-9.386209918042155,42.488545656204224,1,100
ozone-8hr,sa,21,21,21,42,0,isolate_S,0.9457337468831721,0.9506903353057199,2.088134851389009,-5.589163399393695,77.24175024032593,1,100
ozone-8hr,grid,22,22,22,42,0,isolate_S,0.9432682600498692,0.9585798816568047,1.666666666666667,-5.0,60.18570566177368,1,100
ozone-8hr,random,22,22,22,42,0,isolate_S,0.9432646110807031,0.9546351084812623,8.062166509307968,-10.440751154283923,54.15145540237427,1,100
ozone-8hr,bo_tpe,22,22,22,42,0,isolate_S,0.9452411360457337,0.9585798816568047,1.383500811605738,-5.47887794122259,49.96483612060547,1,100
ozone-8hr,pso,22,22,22,42,0,isolate_S,0.9447448762391291,0.9546351084812623,7.310698263069815,-9.920073377743607,42.10364603996277,1,100
ozone-8hr,de,22,22,22,42,0,isolate_S,0.9447448762391291,0.9546351084812623,7.739233746429086,-10.196502216783312,45.88194274902344,1,100
ozone-8hr,ga,22,22,22,42,0,isolate_S,0.9452374870765675,0.9546351084812623,6.672495557111737,-9.667715460733428,48.80351758003235,1,100
ozone-8hr,sa,22,22,22,42,0,isolate_S,0.9462263577206105,0.9526627218934911,1.060881950867068,-5.004460776102618,84.0439395904541,1,100
ozone-8hr,grid,23,23,23,42,0,isolate_S,0.9477066228790367,0.9467455621301775,1.666666666666667,-5.0,60.16065764427185,27,100
ozone-8hr,random,23,23,23,42,0,isolate_S,0.9491868880374629,0.9368836291913215,2.19015801147572,-7.133424831611854,54.22294044494629,15,100
ozone-8hr,bo_tpe,23,23,23,42,0,isolate_S,0.9486942772000244,0.9368836291913215,3.1251375389449447,-7.971154916530072,46.16565227508545,15,100
ozone-8hr,pso,23,23,23,42,0,isolate_S,0.9481992337164751,0.9447731755424064,1.3816218893271457,-5.089055123826838,45.74153780937195,1,100
ozone-8hr,de,23,23,23,42,0,isolate_S,0.9467201848811044,0.9447731755424064,4.203970753106143,-8.051318648895766,43.32189679145813,1,100
ozone-8hr,ga,23,23,23,42,0,isolate_S,0.9486942772000244,0.9368836291913215,2.348481612839446,-7.230033604719028,41.91718530654907,1,100
ozone-8hr,sa,23,23,23,42,0,isolate_S,0.9496770662287904,0.9408284023668639,1.0864334544086653,-5.449114468286282,53.65615487098694,32,100
ozone-8hr,grid,24,24,24,42,0,isolate_S,0.9427671349510429,0.9467455621301775,3.8888888888888893,-7.0,59.48023247718811,1,100
ozone-8hr,random,24,24,24,42,0,isolate_S,0.941784345922277,0.9447731755424064,6.399298214025297,-4.364290297532882,55.33043646812439,1,100
ozone-8hr,bo_tpe,24,24,24,42,0,isolate_S,0.943756005595086,0.9487179487179487,3.336951513643687,-5.738088035946623,47.28729176521301,1,100
ozone-8hr,pso,24,24,24,42,0,isolate_S,0.9437547892720307,0.9408284023668639,3.473831969498379,-5.035582522055822,46.642858028411865,1,100
ozone-8hr,de,24,24,24,42,0,isolate_S,0.9408027732165664,0.9408284023668639,11.23957163479285,-14.994705187262387,46.1244900226593,1,100
ozone-8hr,ga,24,24,24,42,0,isolate_S,0.9432597457884814,0.9487179487179487,3.422740076231852,-5.400122329564304,48.49368190765381,1,100
ozone-8hr,sa,24,24,24,42,0,isolate_S,0.9422769567597153,0.9408284023668639,5.242510528489152,-4.304396467776516,69.7888731956482,1,100
ozone-8hr,grid,25,25,25,42,0,isolate_S,0.94327069269598,0.9526627218934911,1.666666666666667,-5.0,61.22499132156372,1,100
ozone-8hr,random,25,25,25,42,0,isolate_S,0.9427732165663201,0.9546351084812623,2.19015801147572,-7.133424831611854,54.464696407318115,1,100
ozone-8hr,bo_tpe,25,25,25,42,0,isolate_S,0.9452423523687891,0.9526627218934911,1.3976859288362444,-4.791120280049764,52.766937255859375,1,100
ozone-8hr,pso,25,25,25,42,0,isolate_S,0.9427768655354862,0.9447731755424064,8.431226435483968,-4.204611215413973,64.62385845184326,1,100
ozone-8hr,de,25,25,25,42,0,isolate_S,0.9417916438606093,0.9447731755424064,12.26357844699773,-4.428477243140043,59.10080409049988,1,100
ozone-8hr,ga,25,25,25,42,0,isolate_S,0.9437633035334185,0.9566074950690335,2.878375521521542,-7.060957566437619,55.77334141731262,1,100
ozone-8hr,sa,25,25,25,42,0,isolate_S,0.9442546980478015,0.9546351084812623,1.1782426461673348,-4.753987774844917,81.67689180374146,1,100
ozone-8hr,grid,26,26,26,42,0,isolate_S,0.9477078392020921,0.9349112426035503,6.111111111111111,-5.0,62.35453748703003,26,100
ozone-8hr,random,26,26,26,42,0,isolate_S,0.9477078392020921,0.9349112426035503,11.146379174500215,-4.7561867049373205,57.901527881622314,1,100
ozone-8hr,bo_tpe,26,26,26,42,0,isolate_S,0.9477090555251475,0.9329388560157791,9.931872557340132,-4.834862653469851,73.0393533706665,1,100
ozone-8hr,pso,26,26,26,42,0,isolate_S,0.9472164446877092,0.9329388560157791,5.01345047797434,-5.287731002879614,52.499887228012085,1,100
ozone-8hr,de,26,26,26,42,0,isolate_S,0.9477090555251475,0.9329388560157791,7.739233746429086,-4.825718145165318,67.0025064945221,1,100
ozone-8hr,ga,26,26,26,42,0,isolate_S,0.9482004500395306,0.9349112426035503,10.94582161130434,-5.011755508022396,54.71119022369385,1,100
ozone-8hr,sa,26,26,26,42,0,isolate_S,0.9477078392020921,0.9349112426035503,15.0,-4.943952863372559,78.7839527130127,1,100
ozone-8hr,grid,27,27,27,42,0,isolate_S,0.946227574043666,0.9526627218934911,1.666666666666667,-5.0,62.88588786125183,1,100
ozone-8hr,random,27,27,27,42,0,isolate_S,0.9412978167001155,0.9546351084812623,6.332029084131502,-10.222989163089983,56.64251780509949,1,100
ozone-8hr,bo_tpe,27,27,27,42,0,isolate_S,0.9477066228790367,0.9487179487179487,1.3269255137505351,-4.437866982718555,49.65316963195801,3,100
ozone-8hr,pso,27,27,27,42,0,isolate_S,0.9457337468831721,0.9526627218934911,1.3125849976866735,-4.927780772195349,49.86872959136963,1,100
ozone-8hr,de,27,27,27,42,0,isolate_S,0.9457349632062275,0.9506903353057199,1.8358025433988776,-4.680062242024527,47.06127119064331,1,100
ozone-8hr,ga,27,27,27,42,0,isolate_S,0.9432682600498694,0.9546351084812623,5.428357067805749,-9.264027289097838,47.542266607284546,1,100
ozone-8hr,sa,27,27,27,42,0,isolate_S,0.9457361795292829,0.9546351084812623,2.4976853358366347,-5.7480689996455245,62.51132583618164,1,100
ozone-8hr,grid,28,28,28,42,0,isolate_S,0.9437657361795292,0.9487179487179487,1.666666666666667,-5.0,62.760931730270386,1,100
ozone-8hr,random,28,28,28,42,0,isolate_S,0.9403101623791279,0.9408284023668639,2.19015801147572,-7.133424831611854,57.45679974555969,1,100
ozone-8hr,bo_tpe,28,28,28,42,0,isolate_S,0.9408039895396216,0.9467455621301775,11.851669638419272,-3.852675536645412,65.12474250793457,1,100
ozone-8hr,pso,28,28,28,42,0,isolate_S,0.9457337468831721,0.9467455621301775,1.3125849976866735,-4.408882305544217,59.41341018676758,1,100
ozone-8hr,de,28,28,28,42,0,isolate_S,0.9452411360457337,0.9487179487179487,1.5272006634180184,-4.680062242024527,54.52824115753174,1,100
ozone-8hr,ga,28,28,28,42,0,isolate_S,0.9422842546980478,0.9349112426035503,7.306792103918851,-10.411486177485855,55.81155300140381,1,100
ozone-8hr,sa,28,28,28,42,0,isolate_S,0.9408039895396216,0.9467455621301775,12.261024446822091,-3.86383666092551,93.39413261413574,1,100
ozone-8hr,grid,29,29,29,42,0,isolate_S,0.9442534817247459,0.9506903353057199,1.666666666666667,-5.0,61.68564987182617,1,100
ozone-8hr,random,29,29,29,42,0,isolate_S,0.9452399197226782,0.9408284023668639,-0.024937129600839825,-4.629167980478936,56.2343475818634,1,100
ozone-8hr,bo_tpe,29,29,29,42,0,isolate_S,0.9482004500395306,0.9487179487179487,1.3020658578152078,-5.502981485628487,49.77614378929138,1,100
ozone-8hr,pso,29,29,29,42,0,isolate_S,0.9462251413975553,0.9506903353057199,0.9210857672132058,-5.591845805570838,44.65312600135803,1,100
ozone-8hr,de,29,29,29,42,0,isolate_S,0.9427768655354862,0.9388560157790927,4.93636043457637,-9.871643507403144,48.08988642692566,1,100
ozone-8hr,ga,29,29,29,42,0,isolate_S,0.9432633947576475,0.9506903353057199,5.051539567819551,-8.537768400350256,46.37117862701416,1,100
ozone-8hr,sa,29,29,29,42,0,isolate_S,0.9442522654016907,0.9487179487179487,1.9788566332936215,-6.309580902111772,91.06785774230957,1,100
