dataset,optimizer,rep,seed,eval,best_so_far
car,grid,0,0,1,0.7004342594045937
car,grid,0,0,2,0.7004342594045937
car,grid,0,0,3,0.7004342594045937
car,grid,0,0,4,0.7004342594045937
car,grid,0,0,5,0.7004342594045937
car,grid,0,0,6,0.7004342594045937
car,grid,0,0,7,0.7004342594045937
car,grid,0,0,8,0.7004342594045937
car,grid,0,0,9,0.7004342594045937
car,grid,0,0,10,0.7004342594045937
car,grid,0,0,11,0.7004342594045937
car,grid,0,0,12,0.7004342594045937
car,grid,0,0,13,0.7004342594045937
car,grid,0,0,14,0.7004342594045937
car,grid,0,0,15,0.7004342594045937
car,grid,0,0,16,0.8097106681316382
car,grid,0,0,17,0.8097106681316382
car,grid,0,0,18,0.8097106681316382
car,grid,0,0,19,0.8097106681316382
car,grid,0,0,20,0.8097106681316382
car,grid,0,0,21,0.8097106681316382
car,grid,0,0,22,0.8097106681316382
car,grid,0,0,23,0.8097106681316382
car,grid,0,0,24,0.8097106681316382
car,grid,0,0,25,0.8697404907654477
car,grid,0,0,26,0.9319913148119081
car,grid,0,0,27,0.9319913148119081
car,grid,0,0,28,0.9319913148119081
car,grid,0,0,29,0.9319913148119081
car,grid,0,0,30,0.9319913148119081
car,grid,0,0,31,0.9319913148119081
car,grid,0,0,32,0.9319913148119081
car,grid,0,0,33,0.9319913148119081
car,grid,0,0,34,0.9319913148119081
car,grid,0,0,35,0.9450086328676818
car,grid,0,0,36,0.9761157327473449
car,grid,0,0,37,0.9761157327473449
car,grid,0,0,38,0.9761157327473449
car,grid,0,0,39,0.9761157327473449
car,grid,0,0,40,0.9761157327473449
car,grid,0,0,41,0.9761157327473449
car,grid,0,0,42,0.9761157327473449
car,grid,0,0,43,0.9761157327473449
car,grid,0,0,44,0.9761157327473449
car,grid,0,0,45,0.9761157327473449
car,grid,0,0,46,0.988413645162978
car,grid,0,0,47,0.988413645162978
car,grid,0,0,48,0.988413645162978
car,grid,0,0,49,0.988413645162978
car,grid,0,0,50,0.988413645162978
car,grid,0,0,51,0.988413645162978
car,grid,0,0,52,0.988413645162978
car,grid,0,0,53,0.988413645162978
car,grid,0,0,54,0.988413645162978
car,grid,0,0,55,0.988413645162978
car,grid,0,0,56,0.988413645162978
car,grid,0,0,57,0.988413645162978
car,grid,0,0,58,0.988413645162978
car,grid,0,0,59,0.988413645162978
car,grid,0,0,60,0.988413645162978
car,grid,0,0,61,0.988413645162978
car,grid,0,0,62,0.988413645162978
car,grid,0,0,63,0.988413645162978
car,grid,0,0,64,0.988413645162978
car,grid,0,0,65,0.988413645162978
car,grid,0,0,66,0.988413645162978
car,grid,0,0,67,0.988413645162978
car,grid,0,0,68,0.988413645162978
car,grid,0,0,69,0.988413645162978
car,grid,0,0,70,0.988413645162978
car,grid,0,0,71,0.988413645162978
car,grid,0,0,72,0.988413645162978
car,grid,0,0,73,0.988413645162978
car,grid,0,0,74,0.988413645162978
car,grid,0,0,75,0.988413645162978
car,grid,0,0,76,0.988413645162978
car,grid,0,0,77,0.988413645162978
car,grid,0,0,78,0.988413645162978
car,grid,0,0,79,0.988413645162978
car,grid,0,0,80,0.988413645162978
car,grid,0,0,81,0.988413645162978
car,grid,0,0,82,0.988413645162978
car,grid,0,0,83,0.988413645162978
car,grid,0,0,84,0.988413645162978
car,grid,0,0,85,0.988413645162978
car,grid,0,0,86,0.988413645162978
car,grid,0,0,87,0.988413645162978
car,grid,0,0,88,0.988413645162978
car,grid,0,0,89,0.988413645162978
car,grid,0,0,90,0.988413645162978
car,grid,0,0,91,0.988413645162978
car,grid,0,0,92,0.988413645162978
car,grid,0,0,93,0.988413645162978
car,grid,0,0,94,0.988413645162978
car,grid,0,0,95,0.988413645162978
car,grid,0,0,96,0.988413645162978
car,grid,0,0,97,0.988413645162978
car,grid,0,0,98,0.988413645162978
car,grid,0,0,99,0.988413645162978
car,grid,0,0,100,0.988413645162978
car,random,0,0,1,0.8379139852456443
car,random,0,0,2,0.9905849421859466
car,random,0,0,3,0.9905849421859466
car,random,0,0,4,0.9905849421859466
car,random,0,0,5,0.9905849421859466
car,random,0,0,6,0.9905875582064562
car,random,0,0,7,0.9905875582064562
car,random,0,0,8,0.9905875582064562
car,random,0,0,9,0.9905875582064562
car,random,0,0,10,0.9905875582064562
car,random,0,0,11,0.9905875582064562
car,random,0,0,12,0.9905875582064562
car,random,0,0,13,0.9905875582064562
car,random,0,0,14,0.9905875582064562
car,random,0,0,15,0.9905875582064562
car,random,0,0,16,0.9905875582064562
car,random,0,0,17,0.9905875582064562
car,random,0,0,18,0.9905875582064562
car,random,0,0,19,0.9905875582064562
car,random,0,0,20,0.9905875582064562
car,random,0,0,21,0.9905875582064562
car,random,0,0,22,0.9905875582064562
car,random,0,0,23,0.9905875582064562
car,random,0,0,24,0.9905875582064562
car,random,0,0,25,0.9905875582064562
car,random,0,0,26,0.9905875582064562
car,random,0,0,27,0.9905875582064562
car,random,0,0,28,0.9905875582064562
car,random,0,0,29,0.9905875582064562
car,random,0,0,30,0.9905875582064562
car,random,0,0,31,0.9905875582064562
car,random,0,0,32,0.9905875582064562
car,random,0,0,33,0.9905875582064562
car,random,0,0,34,0.9905875582064562
car,random,0,0,35,0.9905875582064562
car,random,0,0,36,0.9905875582064562
car,random,0,0,37,0.9905875582064562
car,random,0,0,38,0.9905875582064562
car,random,0,0,39,0.9905875582064562
car,random,0,0,40,0.9905875582064562
car,random,0,0,41,0.9905875582064562
car,random,0,0,42,0.9905875582064562
car,random,0,0,43,0.9905875582064562
car,random,0,0,44,0.9905875582064562
car,random,0,0,45,0.9905875582064562
car,random,0,0,46,0.9905875582064562
car,random,0,0,47,0.9905875582064562
car,random,0,0,48,0.9905875582064562
car,random,0,0,49,0.9905875582064562
car,random,0,0,50,0.9905875582064562
car,random,0,0,51,0.9905875582064562
car,random,0,0,52,0.9905875582064562
car,random,0,0,53,0.9905875582064562
car,random,0,0,54,0.9905875582064562
car,random,0,0,55,0.9905875582064562
car,random,0,0,56,0.9905875582064562
car,random,0,0,57,0.9905875582064562
car,random,0,0,58,0.9905875582064562
car,random,0,0,59,0.9905875582064562
car,random,0,0,60,0.9905875582064562
car,random,0,0,61,0.9905875582064562
car,random,0,0,62,0.9905875582064562
car,random,0,0,63,0.9905875582064562
car,random,0,0,64,0.9905875582064562
car,random,0,0,65,0.9905875582064562
car,random,0,0,66,0.9905875582064562
car,random,0,0,67,0.9905875582064562
car,random,0,0,68,0.9905875582064562
car,random,0,0,69,0.9905875582064562
car,random,0,0,70,0.9905875582064562
car,random,0,0,71,0.9905875582064562
car,random,0,0,72,0.9905875582064562
car,random,0,0,73,0.9905875582064562
car,random,0,0,74,0.9905875582064562
car,random,0,0,75,0.9905875582064562
car,random,0,0,76,0.9905875582064562
car,random,0,0,77,0.9905875582064562
car,random,0,0,78,0.9905875582064562
car,random,0,0,79,0.9905875582064562
car,random,0,0,80,0.9905875582064562
car,random,0,0,81,0.9905875582064562
car,random,0,0,82,0.9905875582064562
car,random,0,0,83,0.9905875582064562
car,random,0,0,84,0.9905875582064562
car,random,0,0,85,0.9905875582064562
car,random,0,0,86,0.9905875582064562
car,random,0,0,87,0.9905875582064562
car,random,0,0,88,0.9905875582064562
car,random,0,0,89,0.9905875582064562
car,random,0,0,90,0.9905875582064562
car,random,0,0,91,0.9905875582064562
car,random,0,0,92,0.9905875582064562
car,random,0,0,93,0.9905875582064562
car,random,0,0,94,0.9905875582064562
car,random,0,0,95,0.9905875582064562
car,random,0,0,96,0.9905875582064562
car,random,0,0,97,0.9905875582064562
car,random,0,0,98,0.9905875582064562
car,random,0,0,99,0.9905875582064562
car,random,0,0,100,0.9905875582064562
car,bo_tpe,0,0,1,0.8379139852456443
car,bo_tpe,0,0,2,0.9905849421859466
car,bo_tpe,0,0,3,0.9905849421859466
car,bo_tpe,0,0,4,0.9905849421859466
car,bo_tpe,0,0,5,0.9905849421859466
car,bo_tpe,0,0,6,0.9905875582064562
car,bo_tpe,0,0,7,0.9905875582064562
car,bo_tpe,0,0,8,0.9905875582064562
car,bo_tpe,0,0,9,0.9905875582064562
car,bo_tpe,0,0,10,0.9905875582064562
car,bo_tpe,0,0,11,0.9905875582064562
car,bo_tpe,0,0,12,0.9905875582064562
car,bo_tpe,0,0,13,0.9905875582064562
car,bo_tpe,0,0,14,0.9905875582064562
car,bo_tpe,0,0,15,0.9905875582064562
car,bo_tpe,0,0,16,0.9905875582064562
car,bo_tpe,0,0,17,0.9905875582064562
car,bo_tpe,0,0,18,0.9905875582064562
car,bo_tpe,0,0,19,0.9905875582064562
car,bo_tpe,0,0,20,0.9905875582064562
car,bo_tpe,0,0,21,0.9905875582064562
car,bo_tpe,0,0,22,0.9905875582064562
car,bo_tpe,0,0,23,0.9905875582064562
car,bo_tpe,0,0,24,0.9905875582064562
car,bo_tpe,0,0,25,0.9905875582064562
car,bo_tpe,0,0,26,0.9905875582064562
car,bo_tpe,0,0,27,0.9905875582064562
car,bo_tpe,0,0,28,0.9905875582064562
car,bo_tpe,0,0,29,0.9905875582064562
car,bo_tpe,0,0,30,0.9905875582064562
car,bo_tpe,0,0,31,0.9905875582064562
car,bo_tpe,0,0,32,0.9905875582064562
car,bo_tpe,0,0,33,0.9905875582064562
car,bo_tpe,0,0,34,0.9905875582064562
car,bo_tpe,0,0,35,0.9905875582064562
car,bo_tpe,0,0,36,0.9905875582064562
car,bo_tpe,0,0,37,0.9905875582064562
car,bo_tpe,0,0,38,0.9905875582064562
car,bo_tpe,0,0,39,0.9905875582064562
car,bo_tpe,0,0,40,0.9905875582064562
car,bo_tpe,0,0,41,0.9905875582064562
car,bo_tpe,0,0,42,0.9905875582064562
car,bo_tpe,0,0,43,0.9905875582064562
car,bo_tpe,0,0,44,0.9905875582064562
car,bo_tpe,0,0,45,0.9905875582064562
car,bo_tpe,0,0,46,0.9905875582064562
car,bo_tpe,0,0,47,0.9905875582064562
car,bo_tpe,0,0,48,0.9905875582064562
car,bo_tpe,0,0,49,0.9905875582064562
car,bo_tpe,0,0,50,0.9905875582064562
car,bo_tpe,0,0,51,0.9905875582064562
car,bo_tpe,0,0,52,0.9905875582064562
car,bo_tpe,0,0,53,0.9905875582064562
car,bo_tpe,0,0,54,0.9905875582064562
car,bo_tpe,0,0,55,0.9905875582064562
car,bo_tpe,0,0,56,0.9905875582064562
car,bo_tpe,0,0,57,0.9905875582064562
car,bo_tpe,0,0,58,0.9905875582064562
car,bo_tpe,0,0,59,0.9905875582064562
car,bo_tpe,0,0,60,0.9905875582064562
car,bo_tpe,0,0,61,0.9905875582064562
car,bo_tpe,0,0,62,0.9905875582064562
car,bo_tpe,0,0,63,0.9905875582064562
car,bo_tpe,0,0,64,0.9905875582064562
car,bo_tpe,0,0,65,0.9905875582064562
car,bo_tpe,0,0,66,0.9905875582064562
car,bo_tpe,0,0,67,0.9905875582064562
car,bo_tpe,0,0,68,0.9905875582064562
car,bo_tpe,0,0,69,0.9905875582064562
car,bo_tpe,0,0,70,0.9905875582064562
car,bo_tpe,0,0,71,0.9905875582064562
car,bo_tpe,0,0,72,0.9905875582064562
car,bo_tpe,0,0,73,0.9905875582064562
car,bo_tpe,0,0,74,0.9905875582064562
car,bo_tpe,0,0,75,0.9905875582064562
car,bo_tpe,0,0,76,0.9905875582064562
car,bo_tpe,0,0,77,0.9905875582064562
car,bo_tpe,0,0,78,0.9905875582064562
car,bo_tpe,0,0,79,0.9905875582064562
car,bo_tpe,0,0,80,0.9905875582064562
car,bo_tpe,0,0,81,0.9905875582064562
car,bo_tpe,0,0,82,0.9905875582064562
car,bo_tpe,0,0,83,0.9905875582064562
car,bo_tpe,0,0,84,0.9905875582064562
car,bo_tpe,0,0,85,0.9905875582064562
car,bo_tpe,0,0,86,0.9905875582064562
car,bo_tpe,0,0,87,0.9905875582064562
car,bo_tpe,0,0,88,0.9905875582064562
car,bo_tpe,0,0,89,0.9905875582064562
car,bo_tpe,0,0,90,0.9905875582064562
car,bo_tpe,0,0,91,0.9905875582064562
car,bo_tpe,0,0,92,0.9905875582064562
car,bo_tpe,0,0,93,0.9905875582064562
car,bo_tpe,0,0,94,0.9905875582064562
car,bo_tpe,0,0,95,0.9905875582064562
car,bo_tpe,0,0,96,0.9905875582064562
car,bo_tpe,0,0,97,0.9905875582064562
car,bo_tpe,0,0,98,0.9905875582064562
car,bo_tpe,0,0,99,0.9905875582064562
car,bo_tpe,0,0,100,0.9905875582064562
car,pso,0,0,1,0.9449955527651337
car,pso,0,0,2,0.9449955527651337
car,pso,0,0,3,0.9449955527651337
car,pso,0,0,4,0.9449955527651337
car,pso,0,0,5,0.9449955527651337
car,pso,0,0,6,0.9449955527651337
car,pso,0,0,7,0.9449955527651337
car,pso,0,0,8,0.9449955527651337
car,pso,0,0,9,0.9449955527651337
car,pso,0,0,10,0.9811855804949511
car,pso,0,0,11,0.9811855804949511
car,pso,0,0,12,0.9811855804949511
car,pso,0,0,13,0.9811855804949511
car,pso,0,0,14,0.9811855804949511
car,pso,0,0,15,0.9811855804949511
car,pso,0,0,16,0.9811855804949511
car,pso,0,0,17,0.9891408988646472
car,pso,0,0,18,0.9905875582064562
car,pso,0,0,19,0.9905875582064562
car,pso,0,0,20,0.9905875582064562
car,pso,0,0,21,0.9905875582064562
car,pso,0,0,22,0.9905875582064562
car,pso,0,0,23,0.9905875582064562
car,pso,0,0,24,0.9905875582064562
car,pso,0,0,25,0.9905875582064562
car,pso,0,0,26,0.9905875582064562
car,pso,0,0,27,0.9905875582064562
car,pso,0,0,28,0.9905875582064562
car,pso,0,0,29,0.9905875582064562
car,pso,0,0,30,0.9905875582064562
car,pso,0,0,31,0.9905875582064562
car,pso,0,0,32,0.9905875582064562
car,pso,0,0,33,0.9905875582064562
car,pso,0,0,34,0.9905875582064562
car,pso,0,0,35,0.9905875582064562
car,pso,0,0,36,0.9905875582064562
car,pso,0,0,37,0.9905875582064562
car,pso,0,0,38,0.9905875582064562
car,pso,0,0,39,0.9905875582064562
car,pso,0,0,40,0.9905875582064562
car,pso,0,0,41,0.9905875582064562
car,pso,0,0,42,0.9905875582064562
car,pso,0,0,43,0.9905875582064562
car,pso,0,0,44,0.9905875582064562
car,pso,0,0,45,0.9905875582064562
car,pso,0,0,46,0.9905875582064562
car,pso,0,0,47,0.9905875582064562
car,pso,0,0,48,0.9905875582064562
car,pso,0,0,49,0.9905875582064562
car,pso,0,0,50,0.9905875582064562
car,pso,0,0,51,0.9905875582064562
car,pso,0,0,52,0.9905875582064562
car,pso,0,0,53,0.9905875582064562
car,pso,0,0,54,0.9905875582064562
car,pso,0,0,55,0.9905875582064562
car,pso,0,0,56,0.9905875582064562
car,pso,0,0,57,0.9905875582064562
car,pso,0,0,58,0.9905875582064562
car,pso,0,0,59,0.9905875582064562
car,pso,0,0,60,0.9905875582064562
car,pso,0,0,61,0.9905875582064562
car,pso,0,0,62,0.9905875582064562
car,pso,0,0,63,0.9905875582064562
car,pso,0,0,64,0.9905875582064562
car,pso,0,0,65,0.9905875582064562
car,pso,0,0,66,0.9905875582064562
car,pso,0,0,67,0.9905875582064562
car,pso,0,0,68,0.9905875582064562
car,pso,0,0,69,0.9905875582064562
car,pso,0,0,70,0.9905875582064562
car,pso,0,0,71,0.9905875582064562
car,pso,0,0,72,0.9905875582064562
car,pso,0,0,73,0.9905875582064562
car,pso,0,0,74,0.9905875582064562
car,pso,0,0,75,0.9905875582064562
car,pso,0,0,76,0.9905875582064562
car,pso,0,0,77,0.9905875582064562
car,pso,0,0,78,0.9905875582064562
car,pso,0,0,79,0.9905875582064562
car,pso,0,0,80,0.9905875582064562
car,pso,0,0,81,0.9905875582064562
car,pso,0,0,82,0.9905875582064562
car,pso,0,0,83,0.9905875582064562
car,pso,0,0,84,0.9905875582064562
car,pso,0,0,85,0.9905875582064562
car,pso,0,0,86,0.9905875582064562
car,pso,0,0,87,0.9905875582064562
car,pso,0,0,88,0.9905875582064562
car,pso,0,0,89,0.9905875582064562
car,pso,0,0,90,0.9905875582064562
car,pso,0,0,91,0.9905875582064562
car,pso,0,0,92,0.9905875582064562
car,pso,0,0,93,0.9905875582064562
car,pso,0,0,94,0.9905875582064562
car,pso,0,0,95,0.9905875582064562
car,pso,0,0,96,0.9905875582064562
car,pso,0,0,97,0.9905875582064562
car,pso,0,0,98,0.9905875582064562
car,pso,0,0,99,0.9905875582064562
car,pso,0,0,100,0.9905875582064562
car,de,0,0,1,0.9435567414848531
car,de,0,0,2,0.9435567414848531
car,de,0,0,3,0.9435567414848531
car,de,0,0,4,0.9435567414848531
car,de,0,0,5,0.9435567414848531
car,de,0,0,6,0.9435567414848531
car,de,0,0,7,0.9435567414848531
car,de,0,0,8,0.9435567414848531
car,de,0,0,9,0.9905849421859466
car,de,0,0,10,0.9905849421859466
car,de,0,0,11,0.9905849421859466
car,de,0,0,12,0.9905849421859466
car,de,0,0,13,0.9905849421859466
car,de,0,0,14,0.9905849421859466
car,de,0,0,15,0.9905849421859466
car,de,0,0,16,0.9905849421859466
car,de,0,0,17,0.9905849421859466
car,de,0,0,18,0.9905849421859466
car,de,0,0,19,0.9905849421859466
car,de,0,0,20,0.9905849421859466
car,de,0,0,21,0.9905849421859466
car,de,0,0,22,0.9905849421859466
car,de,0,0,23,0.9905849421859466
car,de,0,0,24,0.9905849421859466
car,de,0,0,25,0.9905849421859466
car,de,0,0,26,0.9905849421859466
car,de,0,0,27,0.9905849421859466
car,de,0,0,28,0.9905849421859466
car,de,0,0,29,0.9905849421859466
car,de,0,0,30,0.9905849421859466
car,de,0,0,31,0.9905849421859466
car,de,0,0,32,0.9905849421859466
car,de,0,0,33,0.9905849421859466
car,de,0,0,34,0.9905849421859466
car,de,0,0,35,0.9905849421859466
car,de,0,0,36,0.9905849421859466
car,de,0,0,37,0.9905849421859466
car,de,0,0,38,0.9905849421859466
car,de,0,0,39,0.9905849421859466
car,de,0,0,40,0.9905849421859466
car,de,0,0,41,0.9905849421859466
car,de,0,0,42,0.9905849421859466
car,de,0,0,43,0.9905849421859466
car,de,0,0,44,0.9905849421859466
car,de,0,0,45,0.9905849421859466
car,de,0,0,46,0.9905849421859466
car,de,0,0,47,0.9905849421859466
car,de,0,0,48,0.9905849421859466
car,de,0,0,49,0.9905849421859466
car,de,0,0,50,0.9905849421859466
car,de,0,0,51,0.9905849421859466
car,de,0,0,52,0.9905849421859466
car,de,0,0,53,0.9905849421859466
car,de,0,0,54,0.9905849421859466
car,de,0,0,55,0.9905849421859466
car,de,0,0,56,0.9905849421859466
car,de,0,0,57,0.9905849421859466
car,de,0,0,58,0.9905849421859466
car,de,0,0,59,0.9905849421859466
car,de,0,0,60,0.9905849421859466
car,de,0,0,61,0.9905849421859466
car,de,0,0,62,0.9905849421859466
car,de,0,0,63,0.9905849421859466
car,de,0,0,64,0.9905849421859466
car,de,0,0,65,0.9905849421859466
car,de,0,0,66,0.9905849421859466
car,de,0,0,67,0.9905849421859466
car,de,0,0,68,0.9905849421859466
car,de,0,0,69,0.9905849421859466
car,de,0,0,70,0.9905849421859466
car,de,0,0,71,0.9905849421859466
car,de,0,0,72,0.9905875582064562
car,de,0,0,73,0.9905875582064562
car,de,0,0,74,0.9905875582064562
car,de,0,0,75,0.9905875582064562
car,de,0,0,76,0.9905875582064562
car,de,0,0,77,0.9905875582064562
car,de,0,0,78,0.9905875582064562
car,de,0,0,79,0.9905875582064562
car,de,0,0,80,0.9905875582064562
car,de,0,0,81,0.9905875582064562
car,de,0,0,82,0.9905875582064562
car,de,0,0,83,0.9905875582064562
car,de,0,0,84,0.9905875582064562
car,de,0,0,85,0.9905875582064562
car,de,0,0,86,0.9905875582064562
car,de,0,0,87,0.9905875582064562
car,de,0,0,88,0.9905875582064562
car,de,0,0,89,0.9905875582064562
car,de,0,0,90,0.9905875582064562
car,de,0,0,91,0.9905875582064562
car,de,0,0,92,0.9905875582064562
car,de,0,0,93,0.9905875582064562
car,de,0,0,94,0.9905875582064562
car,de,0,0,95,0.9905875582064562
car,de,0,0,96,0.9905875582064562
car,de,0,0,97,0.9905875582064562
car,de,0,0,98,0.9905875582064562
car,de,0,0,99,0.9905875582064562
car,de,0,0,100,0.9905875582064562
car,ga,0,0,1,0.9435567414848531
car,ga,0,0,2,0.9435567414848531
car,ga,0,0,3,0.9435567414848531
car,ga,0,0,4,0.9435567414848531
car,ga,0,0,5,0.9435567414848531
car,ga,0,0,6,0.9435567414848531
car,ga,0,0,7,0.9435567414848531
car,ga,0,0,8,0.9435567414848531
car,ga,0,0,9,0.9905849421859466
car,ga,0,0,10,0.9905849421859466
car,ga,0,0,11,0.9905849421859466
car,ga,0,0,12,0.9905849421859466
car,ga,0,0,13,0.9905849421859466
car,ga,0,0,14,0.9905849421859466
car,ga,0,0,15,0.9905849421859466
car,ga,0,0,16,0.9905849421859466
car,ga,0,0,17,0.9905849421859466
car,ga,0,0,18,0.9905849421859466
car,ga,0,0,19,0.9905849421859466
car,ga,0,0,20,0.9905849421859466
car,ga,0,0,21,0.9905849421859466
car,ga,0,0,22,0.9905849421859466
car,ga,0,0,23,0.9905849421859466
car,ga,0,0,24,0.9905849421859466
car,ga,0,0,25,0.9905849421859466
car,ga,0,0,26,0.9905849421859466
car,ga,0,0,27,0.9905849421859466
car,ga,0,0,28,0.9905849421859466
car,ga,0,0,29,0.9905849421859466
car,ga,0,0,30,0.9905849421859466
car,ga,0,0,31,0.9905849421859466
car,ga,0,0,32,0.9905849421859466
car,ga,0,0,33,0.9905849421859466
car,ga,0,0,34,0.9905849421859466
car,ga,0,0,35,0.9905849421859466
car,ga,0,0,36,0.9905849421859466
car,ga,0,0,37,0.9905849421859466
car,ga,0,0,38,0.9905849421859466
car,ga,0,0,39,0.9905849421859466
car,ga,0,0,40,0.9905849421859466
car,ga,0,0,41,0.9905849421859466
car,ga,0,0,42,0.9905849421859466
car,ga,0,0,43,0.9905849421859466
car,ga,0,0,44,0.9905849421859466
car,ga,0,0,45,0.9905849421859466
car,ga,0,0,46,0.9905849421859466
car,ga,0,0,47,0.9905849421859466
car,ga,0,0,48,0.9905849421859466
car,ga,0,0,49,0.9905849421859466
car,ga,0,0,50,0.9905849421859466
car,ga,0,0,51,0.9905849421859466
car,ga,0,0,52,0.9905849421859466
car,ga,0,0,53,0.9905849421859466
car,ga,0,0,54,0.9905849421859466
car,ga,0,0,55,0.9905849421859466
car,ga,0,0,56,0.9905849421859466
car,ga,0,0,57,0.9905849421859466
car,ga,0,0,58,0.9905849421859466
car,ga,0,0,59,0.9905849421859466
car,ga,0,0,60,0.9905849421859466
car,ga,0,0,61,0.9905849421859466
car,ga,0,0,62,0.9905875582064562
car,ga,0,0,63,0.9905875582064562
car,ga,0,0,64,0.9905875582064562
car,ga,0,0,65,0.9905875582064562
car,ga,0,0,66,0.9905875582064562
car,ga,0,0,67,0.9905875582064562
car,ga,0,0,68,0.9905875582064562
car,ga,0,0,69,0.9905875582064562
car,ga,0,0,70,0.9905875582064562
car,ga,0,0,71,0.9905875582064562
car,ga,0,0,72,0.9905875582064562
car,ga,0,0,73,0.9905875582064562
car,ga,0,0,74,0.9905875582064562
car,ga,0,0,75,0.9905875582064562
car,ga,0,0,76,0.9905875582064562
car,ga,0,0,77,0.9905875582064562
car,ga,0,0,78,0.9905875582064562
car,ga,0,0,79,0.9905875582064562
car,ga,0,0,80,0.9905875582064562
car,ga,0,0,81,0.9905875582064562
car,ga,0,0,82,0.9905875582064562
car,ga,0,0,83,0.9905875582064562
car,ga,0,0,84,0.9905875582064562
car,ga,0,0,85,0.9905875582064562
car,ga,0,0,86,0.9905875582064562
car,ga,0,0,87,0.9905875582064562
car,ga,0,0,88,0.9905875582064562
car,ga,0,0,89,0.9905875582064562
car,ga,0,0,90,0.9905875582064562
car,ga,0,0,91,0.9905875582064562
car,ga,0,0,92,0.9905875582064562
car,ga,0,0,93,0.9905875582064562
car,ga,0,0,94,0.9905875582064562
car,ga,0,0,95,0.9905875582064562
car,ga,0,0,96,0.9905875582064562
car,ga,0,0,97,0.9905875582064562
car,ga,0,0,98,0.9905875582064562
car,ga,0,0,99,0.9905875582064562
car,ga,0,0,100,0.9905875582064562
car,sa,0,0,1,0.8379139852456443
car,sa,0,0,2,0.8379139852456443
car,sa,0,0,3,0.8379139852456443
car,sa,0,0,4,0.8379139852456443
car,sa,0,0,5,0.8379139852456443
car,sa,0,0,6,0.8379139852456443
car,sa,0,0,7,0.8379139852456443
car,sa,0,0,8,0.9819023701145818
car,sa,0,0,9,0.9819023701145818
car,sa,0,0,10,0.9819023701145818
car,sa,0,0,11,0.9819023701145818
car,sa,0,0,12,0.9819023701145818
car,sa,0,0,13,0.9819023701145818
car,sa,0,0,14,0.9819023701145818
car,sa,0,0,15,0.9819023701145818
car,sa,0,0,16,0.9819023701145818
car,sa,0,0,17,0.9819023701145818
car,sa,0,0,18,0.9819023701145818
car,sa,0,0,19,0.986244964160519
car,sa,0,0,20,0.986244964160519
car,sa,0,0,21,0.986244964160519
car,sa,0,0,22,0.986244964160519
car,sa,0,0,23,0.986244964160519
car,sa,0,0,24,0.986244964160519
car,sa,0,0,25,0.986244964160519
car,sa,0,0,26,0.986244964160519
car,sa,0,0,27,0.988413645162978
car,sa,0,0,28,0.988413645162978
car,sa,0,0,29,0.988413645162978
car,sa,0,0,30,0.988413645162978
car,sa,0,0,31,0.9905849421859466
car,sa,0,0,32,0.9905849421859466
car,sa,0,0,33,0.9905849421859466
car,sa,0,0,34,0.9905849421859466
car,sa,0,0,35,0.9905849421859466
car,sa,0,0,36,0.9905849421859466
car,sa,0,0,37,0.9905849421859466
car,sa,0,0,38,0.9905849421859466
car,sa,0,0,39,0.9905849421859466
car,sa,0,0,40,0.9905849421859466
car,sa,0,0,41,0.9905849421859466
car,sa,0,0,42,0.9905849421859466
car,sa,0,0,43,0.9905849421859466
car,sa,0,0,44,0.9905849421859466
car,sa,0,0,45,0.9905849421859466
car,sa,0,0,46,0.9905849421859466
car,sa,0,0,47,0.9905849421859466
car,sa,0,0,48,0.9905849421859466
car,sa,0,0,49,0.9905849421859466
car,sa,0,0,50,0.9905849421859466
car,sa,0,0,51,0.9905849421859466
car,sa,0,0,52,0.9905875582064562
car,sa,0,0,53,0.9905875582064562
car,sa,0,0,54,0.9905875582064562
car,sa,0,0,55,0.9905875582064562
car,sa,0,0,56,0.9905875582064562
car,sa,0,0,57,0.9905875582064562
car,sa,0,0,58,0.9905875582064562
car,sa,0,0,59,0.9905875582064562
car,sa,0,0,60,0.9905875582064562
car,sa,0,0,61,0.9905875582064562
car,sa,0,0,62,0.9905875582064562
car,sa,0,0,63,0.9905875582064562
car,sa,0,0,64,0.9905875582064562
car,sa,0,0,65,0.9905875582064562
car,sa,0,0,66,0.9905875582064562
car,sa,0,0,67,0.9905875582064562
car,sa,0,0,68,0.9905875582064562
car,sa,0,0,69,0.9905875582064562
car,sa,0,0,70,0.9905875582064562
car,sa,0,0,71,0.9905875582064562
car,sa,0,0,72,0.9905875582064562
car,sa,0,0,73,0.9905875582064562
car,sa,0,0,74,0.9905875582064562
car,sa,0,0,75,0.9905875582064562
car,sa,0,0,76,0.9905875582064562
car,sa,0,0,77,0.9905875582064562
car,sa,0,0,78,0.9905875582064562
car,sa,0,0,79,0.9905875582064562
car,sa,0,0,80,0.9905875582064562
car,sa,0,0,81,0.9905875582064562
car,sa,0,0,82,0.9905875582064562
car,sa,0,0,83,0.9905875582064562
car,sa,0,0,84,0.9905875582064562
car,sa,0,0,85,0.9905875582064562
car,sa,0,0,86,0.9905875582064562
car,sa,0,0,87,0.9905875582064562
car,sa,0,0,88,0.9905875582064562
car,sa,0,0,89,0.9905875582064562
car,sa,0,0,90,0.9905875582064562
car,sa,0,0,91,0.9905875582064562
car,sa,0,0,92,0.9905875582064562
car,sa,0,0,93,0.9905875582064562
car,sa,0,0,94,0.9905875582064562
car,sa,0,0,95,0.9905875582064562
car,sa,0,0,96,0.9905875582064562
car,sa,0,0,97,0.9905875582064562
car,sa,0,0,98,0.9905875582064562
car,sa,0,0,99,0.9905875582064562
car,sa,0,0,100,0.9905875582064562
car,grid,1,1,1,0.7004342594045937
car,grid,1,1,2,0.7004342594045937
car,grid,1,1,3,0.7004342594045937
car,grid,1,1,4,0.7004342594045937
car,grid,1,1,5,0.7004342594045937
car,grid,1,1,6,0.7004342594045937
car,grid,1,1,7,0.7004342594045937
car,grid,1,1,8,0.7004342594045937
car,grid,1,1,9,0.7004342594045937
car,grid,1,1,10,0.7004342594045937
car,grid,1,1,11,0.7004342594045937
car,grid,1,1,12,0.7004342594045937
car,grid,1,1,13,0.7004342594045937
car,grid,1,1,14,0.7004342594045937
car,grid,1,1,15,0.7004342594045937
car,grid,1,1,16,0.8097106681316382
car,grid,1,1,17,0.8097106681316382
car,grid,1,1,18,0.8097106681316382
car,grid,1,1,19,0.8097106681316382
car,grid,1,1,20,0.8097106681316382
car,grid,1,1,21,0.8097106681316382
car,grid,1,1,22,0.8097106681316382
car,grid,1,1,23,0.8097106681316382
car,grid,1,1,24,0.8097106681316382
car,grid,1,1,25,0.8697404907654477
car,grid,1,1,26,0.9319913148119081
car,grid,1,1,27,0.9319913148119081
car,grid,1,1,28,0.9319913148119081
car,grid,1,1,29,0.9319913148119081
car,grid,1,1,30,0.9319913148119081
car,grid,1,1,31,0.9319913148119081
car,grid,1,1,32,0.9319913148119081
car,grid,1,1,33,0.9319913148119081
car,grid,1,1,34,0.9319913148119081
car,grid,1,1,35,0.9450086328676818
car,grid,1,1,36,0.9761157327473449
car,grid,1,1,37,0.9761157327473449
car,grid,1,1,38,0.9761157327473449
car,grid,1,1,39,0.9761157327473449
car,grid,1,1,40,0.9761157327473449
car,grid,1,1,41,0.9761157327473449
car,grid,1,1,42,0.9761157327473449
car,grid,1,1,43,0.9761157327473449
car,grid,1,1,44,0.9761157327473449
car,grid,1,1,45,0.9761157327473449
car,grid,1,1,46,0.988413645162978
car,grid,1,1,47,0.988413645162978
car,grid,1,1,48,0.988413645162978
car,grid,1,1,49,0.988413645162978
car,grid,1,1,50,0.988413645162978
car,grid,1,1,51,0.988413645162978
car,grid,1,1,52,0.988413645162978
car,grid,1,1,53,0.988413645162978
car,grid,1,1,54,0.988413645162978
car,grid,1,1,55,0.988413645162978
car,grid,1,1,56,0.988413645162978
car,grid,1,1,57,0.988413645162978
car,grid,1,1,58,0.988413645162978
car,grid,1,1,59,0.988413645162978
car,grid,1,1,60,0.988413645162978
car,grid,1,1,61,0.988413645162978
car,grid,1,1,62,0.988413645162978
car,grid,1,1,63,0.988413645162978
car,grid,1,1,64,0.988413645162978
car,grid,1,1,65,0.988413645162978
car,grid,1,1,66,0.988413645162978
car,grid,1,1,67,0.988413645162978
car,grid,1,1,68,0.988413645162978
car,grid,1,1,69,0.988413645162978
car,grid,1,1,70,0.988413645162978
car,grid,1,1,71,0.988413645162978
car,grid,1,1,72,0.988413645162978
car,grid,1,1,73,0.988413645162978
car,grid,1,1,74,0.988413645162978
car,grid,1,1,75,0.988413645162978
car,grid,1,1,76,0.988413645162978
car,grid,1,1,77,0.988413645162978
car,grid,1,1,78,0.988413645162978
car,grid,1,1,79,0.988413645162978
car,grid,1,1,80,0.988413645162978
car,grid,1,1,81,0.988413645162978
car,grid,1,1,82,0.988413645162978
car,grid,1,1,83,0.988413645162978
car,grid,1,1,84,0.988413645162978
car,grid,1,1,85,0.988413645162978
car,grid,1,1,86,0.988413645162978
car,grid,1,1,87,0.988413645162978
car,grid,1,1,88,0.988413645162978
car,grid,1,1,89,0.988413645162978
car,grid,1,1,90,0.988413645162978
car,grid,1,1,91,0.988413645162978
car,grid,1,1,92,0.988413645162978
car,grid,1,1,93,0.988413645162978
car,grid,1,1,94,0.988413645162978
car,grid,1,1,95,0.988413645162978
car,grid,1,1,96,0.988413645162978
car,grid,1,1,97,0.988413645162978
car,grid,1,1,98,0.988413645162978
car,grid,1,1,99,0.988413645162978
car,grid,1,1,100,0.988413645162978
car,random,1,1,1,0.8067938052634333
car,random,1,1,2,0.8067938052634333
car,random,1,1,3,0.8067938052634333
car,random,1,1,4,0.8067938052634333
car,random,1,1,5,0.9847983048187098
car,random,1,1,6,0.9847983048187098
car,random,1,1,7,0.9847983048187098
car,random,1,1,8,0.9847983048187098
car,random,1,1,9,0.9876916235023282
car,random,1,1,10,0.9876916235023282
car,random,1,1,11,0.9876916235023282
car,random,1,1,12,0.9876916235023282
car,random,1,1,13,0.9876916235023282
car,random,1,1,14,0.9876916235023282
car,random,1,1,15,0.9876916235023282
car,random,1,1,16,0.9876916235023282
car,random,1,1,17,0.9905849421859466
car,random,1,1,18,0.9905849421859466
car,random,1,1,19,0.9905849421859466
car,random,1,1,20,0.9905849421859466
car,random,1,1,21,0.9905849421859466
car,random,1,1,22,0.9905849421859466
car,random,1,1,23,0.9905849421859466
car,random,1,1,24,0.9905849421859466
car,random,1,1,25,0.9905849421859466
car,random,1,1,26,0.9905849421859466
car,random,1,1,27,0.9905849421859466
car,random,1,1,28,0.9905849421859466
car,random,1,1,29,0.9905849421859466
car,random,1,1,30,0.9905849421859466
car,random,1,1,31,0.9905849421859466
car,random,1,1,32,0.9905849421859466
car,random,1,1,33,0.9905849421859466
car,random,1,1,34,0.9905875582064562
car,random,1,1,35,0.9905875582064562
car,random,1,1,36,0.9905875582064562
car,random,1,1,37,0.9905875582064562
car,random,1,1,38,0.9905875582064562
car,random,1,1,39,0.9905875582064562
car,random,1,1,40,0.9905875582064562
car,random,1,1,41,0.9905875582064562
car,random,1,1,42,0.9905875582064562
car,random,1,1,43,0.9905875582064562
car,random,1,1,44,0.9905875582064562
car,random,1,1,45,0.9905875582064562
car,random,1,1,46,0.9905875582064562
car,random,1,1,47,0.9905875582064562
car,random,1,1,48,0.9905875582064562
car,random,1,1,49,0.9905875582064562
car,random,1,1,50,0.9905875582064562
car,random,1,1,51,0.9905875582064562
car,random,1,1,52,0.9905875582064562
car,random,1,1,53,0.9905875582064562
car,random,1,1,54,0.9905875582064562
car,random,1,1,55,0.9905875582064562
car,random,1,1,56,0.9905875582064562
car,random,1,1,57,0.9905875582064562
car,random,1,1,58,0.9905875582064562
car,random,1,1,59,0.9905875582064562
car,random,1,1,60,0.9905875582064562
car,random,1,1,61,0.9905875582064562
car,random,1,1,62,0.9905875582064562
car,random,1,1,63,0.9905875582064562
car,random,1,1,64,0.9905875582064562
car,random,1,1,65,0.9905875582064562
car,random,1,1,66,0.9905875582064562
car,random,1,1,67,0.9905875582064562
car,random,1,1,68,0.9905875582064562
car,random,1,1,69,0.9905875582064562
car,random,1,1,70,0.9905875582064562
car,random,1,1,71,0.9905875582064562
car,random,1,1,72,0.9905875582064562
car,random,1,1,73,0.9905875582064562
car,random,1,1,74,0.9905875582064562
car,random,1,1,75,0.9905875582064562
car,random,1,1,76,0.9905875582064562
car,random,1,1,77,0.9905875582064562
car,random,1,1,78,0.9905875582064562
car,random,1,1,79,0.9905875582064562
car,random,1,1,80,0.9905875582064562
car,random,1,1,81,0.9905875582064562
car,random,1,1,82,0.9905875582064562
car,random,1,1,83,0.9905875582064562
car,random,1,1,84,0.9905875582064562
car,random,1,1,85,0.9905875582064562
car,random,1,1,86,0.9905875582064562
car,random,1,1,87,0.9905875582064562
car,random,1,1,88,0.9905875582064562
car,random,1,1,89,0.9905875582064562
car,random,1,1,90,0.9905875582064562
car,random,1,1,91,0.9905875582064562
car,random,1,1,92,0.9905875582064562
car,random,1,1,93,0.9905875582064562
car,random,1,1,94,0.9905875582064562
car,random,1,1,95,0.9905875582064562
car,random,1,1,96,0.9905875582064562
car,random,1,1,97,0.9905875582064562
car,random,1,1,98,0.9905875582064562
car,random,1,1,99,0.9905875582064562
car,random,1,1,100,0.9905875582064562
car,bo_tpe,1,1,1,0.8067938052634333
car,bo_tpe,1,1,2,0.8067938052634333
car,bo_tpe,1,1,3,0.8067938052634333
car,bo_tpe,1,1,4,0.8067938052634333
car,bo_tpe,1,1,5,0.9847983048187098
car,bo_tpe,1,1,6,0.9847983048187098
car,bo_tpe,1,1,7,0.9847983048187098
car,bo_tpe,1,1,8,0.9847983048187098
car,bo_tpe,1,1,9,0.9876916235023282
car,bo_tpe,1,1,10,0.9876916235023282
car,bo_tpe,1,1,11,0.9876916235023282
car,bo_tpe,1,1,12,0.9884162611834878
car,bo_tpe,1,1,13,0.9891408988646472
car,bo_tpe,1,1,14,0.9891408988646472
car,bo_tpe,1,1,15,0.9891408988646472
car,bo_tpe,1,1,16,0.9891408988646472
car,bo_tpe,1,1,17,0.9891408988646472
car,bo_tpe,1,1,18,0.9891408988646472
car,bo_tpe,1,1,19,0.9891408988646472
car,bo_tpe,1,1,20,0.9891408988646472
car,bo_tpe,1,1,21,0.9891408988646472
car,bo_tpe,1,1,22,0.9891408988646472
car,bo_tpe,1,1,23,0.9891408988646472
car,bo_tpe,1,1,24,0.9905875582064562
car,bo_tpe,1,1,25,0.9905875582064562
car,bo_tpe,1,1,26,0.9905875582064562
car,bo_tpe,1,1,27,0.9905875582064562
car,bo_tpe,1,1,28,0.9905875582064562
car,bo_tpe,1,1,29,0.9905875582064562
car,bo_tpe,1,1,30,0.9905875582064562
car,bo_tpe,1,1,31,0.9905875582064562
car,bo_tpe,1,1,32,0.9905875582064562
car,bo_tpe,1,1,33,0.9905875582064562
car,bo_tpe,1,1,34,0.9905875582064562
car,bo_tpe,1,1,35,0.9905875582064562
car,bo_tpe,1,1,36,0.9905875582064562
car,bo_tpe,1,1,37,0.9905875582064562
car,bo_tpe,1,1,38,0.9905875582064562
car,bo_tpe,1,1,39,0.9905875582064562
car,bo_tpe,1,1,40,0.9905875582064562
car,bo_tpe,1,1,41,0.9905875582064562
car,bo_tpe,1,1,42,0.9905875582064562
car,bo_tpe,1,1,43,0.9905875582064562
car,bo_tpe,1,1,44,0.9905875582064562
car,bo_tpe,1,1,45,0.9905875582064562
car,bo_tpe,1,1,46,0.9905875582064562
car,bo_tpe,1,1,47,0.9905875582064562
car,bo_tpe,1,1,48,0.9905875582064562
car,bo_tpe,1,1,49,0.9905875582064562
car,bo_tpe,1,1,50,0.9905875582064562
car,bo_tpe,1,1,51,0.9905875582064562
car,bo_tpe,1,1,52,0.9905875582064562
car,bo_tpe,1,1,53,0.9905875582064562
car,bo_tpe,1,1,54,0.9905875582064562
car,bo_tpe,1,1,55,0.9905875582064562
car,bo_tpe,1,1,56,0.9905875582064562
car,bo_tpe,1,1,57,0.9905875582064562
car,bo_tpe,1,1,58,0.9905875582064562
car,bo_tpe,1,1,59,0.9905875582064562
car,bo_tpe,1,1,60,0.9905875582064562
car,bo_tpe,1,1,61,0.9905875582064562
car,bo_tpe,1,1,62,0.9905875582064562
car,bo_tpe,1,1,63,0.9905875582064562
car,bo_tpe,1,1,64,0.9905875582064562
car,bo_tpe,1,1,65,0.9905875582064562
car,bo_tpe,1,1,66,0.9905875582064562
car,bo_tpe,1,1,67,0.9905875582064562
car,bo_tpe,1,1,68,0.9905875582064562
car,bo_tpe,1,1,69,0.9905875582064562
car,bo_tpe,1,1,70,0.9905875582064562
car,bo_tpe,1,1,71,0.9905875582064562
car,bo_tpe,1,1,72,0.9905875582064562
car,bo_tpe,1,1,73,0.9905875582064562
car,bo_tpe,1,1,74,0.9905875582064562
car,bo_tpe,1,1,75,0.9905875582064562
car,bo_tpe,1,1,76,0.9905875582064562
car,bo_tpe,1,1,77,0.9905875582064562
car,bo_tpe,1,1,78,0.9905875582064562
car,bo_tpe,1,1,79,0.9905875582064562
car,bo_tpe,1,1,80,0.9905875582064562
car,bo_tpe,1,1,81,0.9905875582064562
car,bo_tpe,1,1,82,0.9905875582064562
car,bo_tpe,1,1,83,0.9905875582064562
car,bo_tpe,1,1,84,0.9905875582064562
car,bo_tpe,1,1,85,0.9905875582064562
car,bo_tpe,1,1,86,0.9905875582064562
car,bo_tpe,1,1,87,0.9905875582064562
car,bo_tpe,1,1,88,0.9905875582064562
car,bo_tpe,1,1,89,0.9905875582064562
car,bo_tpe,1,1,90,0.9905875582064562
car,bo_tpe,1,1,91,0.9905875582064562
car,bo_tpe,1,1,92,0.9905875582064562
car,bo_tpe,1,1,93,0.9905875582064562
car,bo_tpe,1,1,94,0.9905875582064562
car,bo_tpe,1,1,95,0.9905875582064562
car,bo_tpe,1,1,96,0.9905875582064562
car,bo_tpe,1,1,97,0.9905875582064562
car,bo_tpe,1,1,98,0.9905875582064562
car,bo_tpe,1,1,99,0.9905875582064562
car,bo_tpe,1,1,100,0.9905875582064562
car,pso,1,1,1,0.7004342594045937
car,pso,1,1,2,0.7004342594045937
car,pso,1,1,3,0.7004342594045937
car,pso,1,1,4,0.7004342594045937
car,pso,1,1,5,0.9884162611834878
car,pso,1,1,6,0.9884162611834878
car,pso,1,1,7,0.9884162611834878
car,pso,1,1,8,0.9891382828441374
car,pso,1,1,9,0.9891382828441374
car,pso,1,1,10,0.9891382828441374
car,pso,1,1,11,0.9898655365458066
car,pso,1,1,12,0.9898655365458066
car,pso,1,1,13,0.9898655365458066
car,pso,1,1,14,0.9898655365458066
car,pso,1,1,15,0.9898655365458066
car,pso,1,1,16,0.9898655365458066
car,pso,1,1,17,0.9898655365458066
car,pso,1,1,18,0.9898655365458066
car,pso,1,1,19,0.9898655365458066
car,pso,1,1,20,0.9898655365458066
car,pso,1,1,21,0.9898655365458066
car,pso,1,1,22,0.9898655365458066
car,pso,1,1,23,0.9898655365458066
car,pso,1,1,24,0.9898655365458066
car,pso,1,1,25,0.9898655365458066
car,pso,1,1,26,0.9898655365458066
car,pso,1,1,27,0.9898655365458066
car,pso,1,1,28,0.9898655365458066
car,pso,1,1,29,0.9898655365458066
car,pso,1,1,30,0.9898655365458066
car,pso,1,1,31,0.9898655365458066
car,pso,1,1,32,0.9898655365458066
car,pso,1,1,33,0.9898655365458066
car,pso,1,1,34,0.9898655365458066
car,pso,1,1,35,0.9905875582064562
car,pso,1,1,36,0.9905875582064562
car,pso,1,1,37,0.9905875582064562
car,pso,1,1,38,0.9905875582064562
car,pso,1,1,39,0.9905875582064562
car,pso,1,1,40,0.9905875582064562
car,pso,1,1,41,0.9905875582064562
car,pso,1,1,42,0.9905875582064562
car,pso,1,1,43,0.9905875582064562
car,pso,1,1,44,0.9905875582064562
car,pso,1,1,45,0.9905875582064562
car,pso,1,1,46,0.9905875582064562
car,pso,1,1,47,0.9905875582064562
car,pso,1,1,48,0.9905875582064562
car,pso,1,1,49,0.9905875582064562
car,pso,1,1,50,0.9905875582064562
car,pso,1,1,51,0.9905875582064562
car,pso,1,1,52,0.9905875582064562
car,pso,1,1,53,0.9905875582064562
car,pso,1,1,54,0.9905875582064562
car,pso,1,1,55,0.9905875582064562
car,pso,1,1,56,0.9905875582064562
car,pso,1,1,57,0.9905875582064562
car,pso,1,1,58,0.9905875582064562
car,pso,1,1,59,0.9905875582064562
car,pso,1,1,60,0.9905875582064562
car,pso,1,1,61,0.9905875582064562
car,pso,1,1,62,0.9905875582064562
car,pso,1,1,63,0.9905875582064562
car,pso,1,1,64,0.9905875582064562
car,pso,1,1,65,0.9905875582064562
car,pso,1,1,66,0.9905875582064562
car,pso,1,1,67,0.9905875582064562
car,pso,1,1,68,0.9905875582064562
car,pso,1,1,69,0.9905875582064562
car,pso,1,1,70,0.9905875582064562
car,pso,1,1,71,0.9905875582064562
car,pso,1,1,72,0.9905875582064562
car,pso,1,1,73,0.9905875582064562
car,pso,1,1,74,0.9905875582064562
car,pso,1,1,75,0.9905875582064562
car,pso,1,1,76,0.9905875582064562
car,pso,1,1,77,0.9905875582064562
car,pso,1,1,78,0.9905875582064562
car,pso,1,1,79,0.9905875582064562
car,pso,1,1,80,0.9905875582064562
car,pso,1,1,81,0.9905875582064562
car,pso,1,1,82,0.9905875582064562
car,pso,1,1,83,0.9905875582064562
car,pso,1,1,84,0.9905875582064562
car,pso,1,1,85,0.9905875582064562
car,pso,1,1,86,0.9905875582064562
car,pso,1,1,87,0.9905875582064562
car,pso,1,1,88,0.9905875582064562
car,pso,1,1,89,0.9905875582064562
car,pso,1,1,90,0.9905875582064562
car,pso,1,1,91,0.9905875582064562
car,pso,1,1,92,0.9905875582064562
car,pso,1,1,93,0.9905875582064562
car,pso,1,1,94,0.9905875582064562
car,pso,1,1,95,0.9905875582064562
car,pso,1,1,96,0.9905875582064562
car,pso,1,1,97,0.9905875582064562
car,pso,1,1,98,0.9905875582064562
car,pso,1,1,99,0.9905875582064562
car,pso,1,1,100,0.9905875582064562
car,de,1,1,1,0.7004342594045937
car,de,1,1,2,0.7004342594045937
car,de,1,1,3,0.9254669596609638
car,de,1,1,4,0.9855150944383404
car,de,1,1,5,0.9855150944383404
car,de,1,1,6,0.9905849421859466
car,de,1,1,7,0.9905849421859466
car,de,1,1,8,0.9905849421859466
car,de,1,1,9,0.9905849421859466
car,de,1,1,10,0.9905849421859466
car,de,1,1,11,0.9905849421859466
car,de,1,1,12,0.9905849421859466
car,de,1,1,13,0.9905849421859466
car,de,1,1,14,0.9905849421859466
car,de,1,1,15,0.9905849421859466
car,de,1,1,16,0.9905849421859466
car,de,1,1,17,0.9905849421859466
car,de,1,1,18,0.9905849421859466
car,de,1,1,19,0.9905849421859466
car,de,1,1,20,0.9905849421859466
car,de,1,1,21,0.9905849421859466
car,de,1,1,22,0.9905849421859466
car,de,1,1,23,0.9905849421859466
car,de,1,1,24,0.9905849421859466
car,de,1,1,25,0.9905849421859466
car,de,1,1,26,0.9905849421859466
car,de,1,1,27,0.9905849421859466
car,de,1,1,28,0.9905849421859466
car,de,1,1,29,0.9905849421859466
car,de,1,1,30,0.9905849421859466
car,de,1,1,31,0.9905849421859466
car,de,1,1,32,0.9905849421859466
car,de,1,1,33,0.9905849421859466
car,de,1,1,34,0.9905849421859466
car,de,1,1,35,0.9905849421859466
car,de,1,1,36,0.9905849421859466
car,de,1,1,37,0.9905849421859466
car,de,1,1,38,0.9905849421859466
car,de,1,1,39,0.9905849421859466
car,de,1,1,40,0.9905849421859466
car,de,1,1,41,0.9905849421859466
car,de,1,1,42,0.9905849421859466
car,de,1,1,43,0.9905849421859466
car,de,1,1,44,0.9905875582064562
car,de,1,1,45,0.9905875582064562
car,de,1,1,46,0.9905875582064562
car,de,1,1,47,0.9905875582064562
car,de,1,1,48,0.9905875582064562
car,de,1,1,49,0.9905875582064562
car,de,1,1,50,0.9905875582064562
car,de,1,1,51,0.9905875582064562
car,de,1,1,52,0.9905875582064562
car,de,1,1,53,0.9905875582064562
car,de,1,1,54,0.9905875582064562
car,de,1,1,55,0.9905875582064562
car,de,1,1,56,0.9905875582064562
car,de,1,1,57,0.9905875582064562
car,de,1,1,58,0.9905875582064562
car,de,1,1,59,0.9905875582064562
car,de,1,1,60,0.9905875582064562
car,de,1,1,61,0.9905875582064562
car,de,1,1,62,0.9905875582064562
car,de,1,1,63,0.9905875582064562
car,de,1,1,64,0.9905875582064562
car,de,1,1,65,0.9905875582064562
car,de,1,1,66,0.9905875582064562
car,de,1,1,67,0.9905875582064562
car,de,1,1,68,0.9905875582064562
car,de,1,1,69,0.9905875582064562
car,de,1,1,70,0.9905875582064562
car,de,1,1,71,0.9905875582064562
car,de,1,1,72,0.9905875582064562
car,de,1,1,73,0.9905875582064562
car,de,1,1,74,0.9905875582064562
car,de,1,1,75,0.9905875582064562
car,de,1,1,76,0.9905875582064562
car,de,1,1,77,0.9905875582064562
car,de,1,1,78,0.9905875582064562
car,de,1,1,79,0.9905875582064562
car,de,1,1,80,0.9905875582064562
car,de,1,1,81,0.9905875582064562
car,de,1,1,82,0.9905875582064562
car,de,1,1,83,0.9905875582064562
car,de,1,1,84,0.9905875582064562
car,de,1,1,85,0.9905875582064562
car,de,1,1,86,0.9905875582064562
car,de,1,1,87,0.9905875582064562
car,de,1,1,88,0.9905875582064562
car,de,1,1,89,0.9905875582064562
car,de,1,1,90,0.9905875582064562
car,de,1,1,91,0.9905875582064562
car,de,1,1,92,0.9905875582064562
car,de,1,1,93,0.9905875582064562
car,de,1,1,94,0.9905875582064562
car,de,1,1,95,0.9905875582064562
car,de,1,1,96,0.9905875582064562
car,de,1,1,97,0.9905875582064562
car,de,1,1,98,0.9905875582064562
car,de,1,1,99,0.9905875582064562
car,de,1,1,100,0.9905875582064562
car,ga,1,1,1,0.7004342594045937
car,ga,1,1,2,0.7004342594045937
car,ga,1,1,3,0.9254669596609638
car,ga,1,1,4,0.9855150944383404
car,ga,1,1,5,0.9855150944383404
car,ga,1,1,6,0.9905849421859466
car,ga,1,1,7,0.9905849421859466
car,ga,1,1,8,0.9905849421859466
car,ga,1,1,9,0.9905849421859466
car,ga,1,1,10,0.9905849421859466
car,ga,1,1,11,0.9905849421859466
car,ga,1,1,12,0.9905849421859466
car,ga,1,1,13,0.9905849421859466
car,ga,1,1,14,0.9905849421859466
car,ga,1,1,15,0.9905849421859466
car,ga,1,1,16,0.9905849421859466
car,ga,1,1,17,0.9905849421859466
car,ga,1,1,18,0.9905849421859466
car,ga,1,1,19,0.9905849421859466
car,ga,1,1,20,0.9905849421859466
car,ga,1,1,21,0.9905849421859466
car,ga,1,1,22,0.9905849421859466
car,ga,1,1,23,0.9905849421859466
car,ga,1,1,24,0.9905849421859466
car,ga,1,1,25,0.9905849421859466
car,ga,1,1,26,0.9905849421859466
car,ga,1,1,27,0.9905849421859466
car,ga,1,1,28,0.9905849421859466
car,ga,1,1,29,0.9905849421859466
car,ga,1,1,30,0.9905849421859466
car,ga,1,1,31,0.9905849421859466
car,ga,1,1,32,0.9905849421859466
car,ga,1,1,33,0.9905849421859466
car,ga,1,1,34,0.9905849421859466
car,ga,1,1,35,0.9905849421859466
car,ga,1,1,36,0.9905849421859466
car,ga,1,1,37,0.9905849421859466
car,ga,1,1,38,0.9905849421859466
car,ga,1,1,39,0.9905849421859466
car,ga,1,1,40,0.9905849421859466
car,ga,1,1,41,0.9905849421859466
car,ga,1,1,42,0.9905849421859466
car,ga,1,1,43,0.9905849421859466
car,ga,1,1,44,0.9905849421859466
car,ga,1,1,45,0.9905849421859466
car,ga,1,1,46,0.9905849421859466
car,ga,1,1,47,0.9905849421859466
car,ga,1,1,48,0.9905849421859466
car,ga,1,1,49,0.9905875582064562
car,ga,1,1,50,0.9905875582064562
car,ga,1,1,51,0.9905875582064562
car,ga,1,1,52,0.9905875582064562
car,ga,1,1,53,0.9905875582064562
car,ga,1,1,54,0.9905875582064562
car,ga,1,1,55,0.9905875582064562
car,ga,1,1,56,0.9905875582064562
car,ga,1,1,57,0.9905875582064562
car,ga,1,1,58,0.9905875582064562
car,ga,1,1,59,0.9905875582064562
car,ga,1,1,60,0.9905875582064562
car,ga,1,1,61,0.9905875582064562
car,ga,1,1,62,0.9905875582064562
car,ga,1,1,63,0.9905875582064562
car,ga,1,1,64,0.9905875582064562
car,ga,1,1,65,0.9905875582064562
car,ga,1,1,66,0.9905875582064562
car,ga,1,1,67,0.9905875582064562
car,ga,1,1,68,0.9905875582064562
car,ga,1,1,69,0.9905875582064562
car,ga,1,1,70,0.9905875582064562
car,ga,1,1,71,0.9905875582064562
car,ga,1,1,72,0.9905875582064562
car,ga,1,1,73,0.9905875582064562
car,ga,1,1,74,0.9905875582064562
car,ga,1,1,75,0.9905875582064562
car,ga,1,1,76,0.9905875582064562
car,ga,1,1,77,0.9905875582064562
car,ga,1,1,78,0.9905875582064562
car,ga,1,1,79,0.9905875582064562
car,ga,1,1,80,0.9905875582064562
car,ga,1,1,81,0.9905875582064562
car,ga,1,1,82,0.9905875582064562
car,ga,1,1,83,0.9905875582064562
car,ga,1,1,84,0.9905875582064562
car,ga,1,1,85,0.9905875582064562
car,ga,1,1,86,0.9905875582064562
car,ga,1,1,87,0.9905875582064562
car,ga,1,1,88,0.9905875582064562
car,ga,1,1,89,0.9905875582064562
car,ga,1,1,90,0.9905875582064562
car,ga,1,1,91,0.9905875582064562
car,ga,1,1,92,0.9905875582064562
car,ga,1,1,93,0.9905875582064562
car,ga,1,1,94,0.9905875582064562
car,ga,1,1,95,0.9905875582064562
car,ga,1,1,96,0.9905875582064562
car,ga,1,1,97,0.9905875582064562
car,ga,1,1,98,0.9905875582064562
car,ga,1,1,99,0.9905875582064562
car,ga,1,1,100,0.9905875582064562
car,sa,1,1,1,0.8067938052634333
car,sa,1,1,2,0.9855203264793596
car,sa,1,1,3,0.9855203264793596
car,sa,1,1,4,0.9855203264793596
car,sa,1,1,5,0.9855203264793596
car,sa,1,1,6,0.9855203264793596
car,sa,1,1,7,0.9855203264793596
car,sa,1,1,8,0.9855203264793596
car,sa,1,1,9,0.9855203264793596
car,sa,1,1,10,0.9876942395228377
car,sa,1,1,11,0.988413645162978
car,sa,1,1,12,0.988413645162978
car,sa,1,1,13,0.988413645162978
car,sa,1,1,14,0.988413645162978
car,sa,1,1,15,0.988413645162978
car,sa,1,1,16,0.988413645162978
car,sa,1,1,17,0.988413645162978
car,sa,1,1,18,0.988413645162978
car,sa,1,1,19,0.988413645162978
car,sa,1,1,20,0.988413645162978
car,sa,1,1,21,0.988413645162978
car,sa,1,1,22,0.988413645162978
car,sa,1,1,23,0.988413645162978
car,sa,1,1,24,0.988413645162978
car,sa,1,1,25,0.988413645162978
car,sa,1,1,26,0.988413645162978
car,sa,1,1,27,0.988413645162978
car,sa,1,1,28,0.988413645162978
car,sa,1,1,29,0.988413645162978
car,sa,1,1,30,0.988413645162978
car,sa,1,1,31,0.988413645162978
car,sa,1,1,32,0.988413645162978
car,sa,1,1,33,0.988413645162978
car,sa,1,1,34,0.988413645162978
car,sa,1,1,35,0.988413645162978
car,sa,1,1,36,0.9891408988646472
car,sa,1,1,37,0.9891408988646472
car,sa,1,1,38,0.9891408988646472
car,sa,1,1,39,0.9891408988646472
car,sa,1,1,40,0.9891408988646472
car,sa,1,1,41,0.9905849421859466
car,sa,1,1,42,0.9905849421859466
car,sa,1,1,43,0.9905849421859466
car,sa,1,1,44,0.9905849421859466
car,sa,1,1,45,0.9905849421859466
car,sa,1,1,46,0.9905849421859466
car,sa,1,1,47,0.9905849421859466
car,sa,1,1,48,0.9905849421859466
car,sa,1,1,49,0.9905849421859466
car,sa,1,1,50,0.9905849421859466
car,sa,1,1,51,0.9905849421859466
car,sa,1,1,52,0.9905849421859466
car,sa,1,1,53,0.9905849421859466
car,sa,1,1,54,0.9905849421859466
car,sa,1,1,55,0.9905849421859466
car,sa,1,1,56,0.9905849421859466
car,sa,1,1,57,0.9905849421859466
car,sa,1,1,58,0.9905849421859466
car,sa,1,1,59,0.9905849421859466
car,sa,1,1,60,0.9905849421859466
car,sa,1,1,61,0.9905849421859466
car,sa,1,1,62,0.9905849421859466
car,sa,1,1,63,0.9905849421859466
car,sa,1,1,64,0.9905849421859466
car,sa,1,1,65,0.9905849421859466
car,sa,1,1,66,0.9905849421859466
car,sa,1,1,67,0.9905849421859466
car,sa,1,1,68,0.9905849421859466
car,sa,1,1,69,0.9905875582064562
car,sa,1,1,70,0.9905875582064562
car,sa,1,1,71,0.9905875582064562
car,sa,1,1,72,0.9905875582064562
car,sa,1,1,73,0.9905875582064562
car,sa,1,1,74,0.9905875582064562
car,sa,1,1,75,0.9905875582064562
car,sa,1,1,76,0.9905875582064562
car,sa,1,1,77,0.9905875582064562
car,sa,1,1,78,0.9905875582064562
car,sa,1,1,79,0.9905875582064562
car,sa,1,1,80,0.9905875582064562
car,sa,1,1,81,0.9905875582064562
car,sa,1,1,82,0.9905875582064562
car,sa,1,1,83,0.9905875582064562
car,sa,1,1,84,0.9905875582064562
car,sa,1,1,85,0.9905875582064562
car,sa,1,1,86,0.9905875582064562
car,sa,1,1,87,0.9905875582064562
car,sa,1,1,88,0.9905875582064562
car,sa,1,1,89,0.9905875582064562
car,sa,1,1,90,0.9905875582064562
car,sa,1,1,91,0.9905875582064562
car,sa,1,1,92,0.9905875582064562
car,sa,1,1,93,0.9905875582064562
car,sa,1,1,94,0.9905875582064562
car,sa,1,1,95,0.9905875582064562
car,sa,1,1,96,0.9905875582064562
car,sa,1,1,97,0.9905875582064562
car,sa,1,1,98,0.9905875582064562
car,sa,1,1,99,0.9905875582064562
car,sa,1,1,100,0.9905875582064562
car,grid,2,2,1,0.7004342594045937
car,grid,2,2,2,0.7004342594045937
car,grid,2,2,3,0.7004342594045937
car,grid,2,2,4,0.7004342594045937
car,grid,2,2,5,0.7004342594045937
car,grid,2,2,6,0.7004342594045937
car,grid,2,2,7,0.7004342594045937
car,grid,2,2,8,0.7004342594045937
car,grid,2,2,9,0.7004342594045937
car,grid,2,2,10,0.7004342594045937
car,grid,2,2,11,0.7004342594045937
car,grid,2,2,12,0.7004342594045937
car,grid,2,2,13,0.7004342594045937
car,grid,2,2,14,0.7004342594045937
car,grid,2,2,15,0.7004342594045937
car,grid,2,2,16,0.8097106681316382
car,grid,2,2,17,0.8097106681316382
car,grid,2,2,18,0.8097106681316382
car,grid,2,2,19,0.8097106681316382
car,grid,2,2,20,0.8097106681316382
car,grid,2,2,21,0.8097106681316382
car,grid,2,2,22,0.8097106681316382
car,grid,2,2,23,0.8097106681316382
car,grid,2,2,24,0.8097106681316382
car,grid,2,2,25,0.8697404907654477
car,grid,2,2,26,0.9319913148119081
car,grid,2,2,27,0.9319913148119081
car,grid,2,2,28,0.9319913148119081
car,grid,2,2,29,0.9319913148119081
car,grid,2,2,30,0.9319913148119081
car,grid,2,2,31,0.9319913148119081
car,grid,2,2,32,0.9319913148119081
car,grid,2,2,33,0.9319913148119081
car,grid,2,2,34,0.9319913148119081
car,grid,2,2,35,0.9450086328676818
car,grid,2,2,36,0.9761157327473449
car,grid,2,2,37,0.9761157327473449
car,grid,2,2,38,0.9761157327473449
car,grid,2,2,39,0.9761157327473449
car,grid,2,2,40,0.9761157327473449
car,grid,2,2,41,0.9761157327473449
car,grid,2,2,42,0.9761157327473449
car,grid,2,2,43,0.9761157327473449
car,grid,2,2,44,0.9761157327473449
car,grid,2,2,45,0.9761157327473449
car,grid,2,2,46,0.988413645162978
car,grid,2,2,47,0.988413645162978
car,grid,2,2,48,0.988413645162978
car,grid,2,2,49,0.988413645162978
car,grid,2,2,50,0.988413645162978
car,grid,2,2,51,0.988413645162978
car,grid,2,2,52,0.988413645162978
car,grid,2,2,53,0.988413645162978
car,grid,2,2,54,0.988413645162978
car,grid,2,2,55,0.988413645162978
car,grid,2,2,56,0.988413645162978
car,grid,2,2,57,0.988413645162978
car,grid,2,2,58,0.988413645162978
car,grid,2,2,59,0.988413645162978
car,grid,2,2,60,0.988413645162978
car,grid,2,2,61,0.988413645162978
car,grid,2,2,62,0.988413645162978
car,grid,2,2,63,0.988413645162978
car,grid,2,2,64,0.988413645162978
car,grid,2,2,65,0.988413645162978
car,grid,2,2,66,0.988413645162978
car,grid,2,2,67,0.988413645162978
car,grid,2,2,68,0.988413645162978
car,grid,2,2,69,0.988413645162978
car,grid,2,2,70,0.988413645162978
car,grid,2,2,71,0.988413645162978
car,grid,2,2,72,0.988413645162978
car,grid,2,2,73,0.988413645162978
car,grid,2,2,74,0.988413645162978
car,grid,2,2,75,0.988413645162978
car,grid,2,2,76,0.988413645162978
car,grid,2,2,77,0.988413645162978
car,grid,2,2,78,0.988413645162978
car,grid,2,2,79,0.988413645162978
car,grid,2,2,80,0.988413645162978
car,grid,2,2,81,0.988413645162978
car,grid,2,2,82,0.988413645162978
car,grid,2,2,83,0.988413645162978
car,grid,2,2,84,0.988413645162978
car,grid,2,2,85,0.988413645162978
car,grid,2,2,86,0.988413645162978
car,grid,2,2,87,0.988413645162978
car,grid,2,2,88,0.988413645162978
car,grid,2,2,89,0.988413645162978
car,grid,2,2,90,0.988413645162978
car,grid,2,2,91,0.988413645162978
car,grid,2,2,92,0.988413645162978
car,grid,2,2,93,0.988413645162978
car,grid,2,2,94,0.988413645162978
car,grid,2,2,95,0.988413645162978
car,grid,2,2,96,0.988413645162978
car,grid,2,2,97,0.988413645162978
car,grid,2,2,98,0.988413645162978
car,grid,2,2,99,0.988413645162978
car,grid,2,2,100,0.988413645162978
car,random,2,2,1,0.7004342594045937
car,random,2,2,2,0.9848009208392193
car,random,2,2,3,0.9848009208392193
car,random,2,2,4,0.9848009208392193
car,random,2,2,5,0.9848009208392193
car,random,2,2,6,0.9905875582064562
car,random,2,2,7,0.9905875582064562
car,random,2,2,8,0.9905875582064562
car,random,2,2,9,0.9905875582064562
car,random,2,2,10,0.9905875582064562
car,random,2,2,11,0.9905875582064562
car,random,2,2,12,0.9905875582064562
car,random,2,2,13,0.9905875582064562
car,random,2,2,14,0.9905875582064562
car,random,2,2,15,0.9905875582064562
car,random,2,2,16,0.9905875582064562
car,random,2,2,17,0.9905875582064562
car,random,2,2,18,0.9905875582064562
car,random,2,2,19,0.9905875582064562
car,random,2,2,20,0.9905875582064562
car,random,2,2,21,0.9905875582064562
car,random,2,2,22,0.9905875582064562
car,random,2,2,23,0.9905875582064562
car,random,2,2,24,0.9905875582064562
car,random,2,2,25,0.9905875582064562
car,random,2,2,26,0.9905875582064562
car,random,2,2,27,0.9905875582064562
car,random,2,2,28,0.9905875582064562
car,random,2,2,29,0.9905875582064562
car,random,2,2,30,0.9905875582064562
car,random,2,2,31,0.9905875582064562
car,random,2,2,32,0.9905875582064562
car,random,2,2,33,0.9905875582064562
car,random,2,2,34,0.9905875582064562
car,random,2,2,35,0.9905875582064562
car,random,2,2,36,0.9905875582064562
car,random,2,2,37,0.9905875582064562
car,random,2,2,38,0.9905875582064562
car,random,2,2,39,0.9905875582064562
car,random,2,2,40,0.9905875582064562
car,random,2,2,41,0.9905875582064562
car,random,2,2,42,0.9905875582064562
car,random,2,2,43,0.9905875582064562
car,random,2,2,44,0.9905875582064562
car,random,2,2,45,0.9905875582064562
car,random,2,2,46,0.9905875582064562
car,random,2,2,47,0.9905875582064562
car,random,2,2,48,0.9905875582064562
car,random,2,2,49,0.9905875582064562
car,random,2,2,50,0.9905875582064562
car,random,2,2,51,0.9905875582064562
car,random,2,2,52,0.9905875582064562
car,random,2,2,53,0.9905875582064562
car,random,2,2,54,0.9905875582064562
car,random,2,2,55,0.9905875582064562
car,random,2,2,56,0.9905875582064562
car,random,2,2,57,0.9905875582064562
car,random,2,2,58,0.9905875582064562
car,random,2,2,59,0.9905875582064562
car,random,2,2,60,0.9905875582064562
car,random,2,2,61,0.9905875582064562
car,random,2,2,62,0.9905875582064562
car,random,2,2,63,0.9905875582064562
car,random,2,2,64,0.9905875582064562
car,random,2,2,65,0.9905875582064562
car,random,2,2,66,0.9905875582064562
car,random,2,2,67,0.9905875582064562
car,random,2,2,68,0.9905875582064562
car,random,2,2,69,0.9905875582064562
car,random,2,2,70,0.9905875582064562
car,random,2,2,71,0.9905875582064562
car,random,2,2,72,0.9905875582064562
car,random,2,2,73,0.9905875582064562
car,random,2,2,74,0.9905875582064562
car,random,2,2,75,0.9905875582064562
car,random,2,2,76,0.9905875582064562
car,random,2,2,77,0.9905875582064562
car,random,2,2,78,0.9905875582064562
car,random,2,2,79,0.9905875582064562
car,random,2,2,80,0.9905875582064562
car,random,2,2,81,0.9905875582064562
car,random,2,2,82,0.9905875582064562
car,random,2,2,83,0.9905875582064562
car,random,2,2,84,0.9905875582064562
car,random,2,2,85,0.9905875582064562
car,random,2,2,86,0.9905875582064562
car,random,2,2,87,0.9905875582064562
car,random,2,2,88,0.9905875582064562
car,random,2,2,89,0.9905875582064562
car,random,2,2,90,0.9905875582064562
car,random,2,2,91,0.9905875582064562
car,random,2,2,92,0.9905875582064562
car,random,2,2,93,0.9905875582064562
car,random,2,2,94,0.9905875582064562
car,random,2,2,95,0.9905875582064562
car,random,2,2,96,0.9905875582064562
car,random,2,2,97,0.9905875582064562
car,random,2,2,98,0.9905875582064562
car,random,2,2,99,0.9905875582064562
car,random,2,2,100,0.9905875582064562
car,bo_tpe,2,2,1,0.7004342594045937
car,bo_tpe,2,2,2,0.9848009208392193
car,bo_tpe,2,2,3,0.9848009208392193
car,bo_tpe,2,2,4,0.9848009208392193
car,bo_tpe,2,2,5,0.9848009208392193
car,bo_tpe,2,2,6,0.9905875582064562
car,bo_tpe,2,2,7,0.9905875582064562
car,bo_tpe,2,2,8,0.9905875582064562
car,bo_tpe,2,2,9,0.9905875582064562
car,bo_tpe,2,2,10,0.9905875582064562
car,bo_tpe,2,2,11,0.9905875582064562
car,bo_tpe,2,2,12,0.9905875582064562
car,bo_tpe,2,2,13,0.9905875582064562
car,bo_tpe,2,2,14,0.9905875582064562
car,bo_tpe,2,2,15,0.9905875582064562
car,bo_tpe,2,2,16,0.9905875582064562
car,bo_tpe,2,2,17,0.9905875582064562
car,bo_tpe,2,2,18,0.9905875582064562
car,bo_tpe,2,2,19,0.9905875582064562
car,bo_tpe,2,2,20,0.9905875582064562
car,bo_tpe,2,2,21,0.9905875582064562
car,bo_tpe,2,2,22,0.9905875582064562
car,bo_tpe,2,2,23,0.9905875582064562
car,bo_tpe,2,2,24,0.9905875582064562
car,bo_tpe,2,2,25,0.9905875582064562
car,bo_tpe,2,2,26,0.9905875582064562
car,bo_tpe,2,2,27,0.9905875582064562
car,bo_tpe,2,2,28,0.9905875582064562
car,bo_tpe,2,2,29,0.9905875582064562
car,bo_tpe,2,2,30,0.9905875582064562
car,bo_tpe,2,2,31,0.9905875582064562
car,bo_tpe,2,2,32,0.9905875582064562
car,bo_tpe,2,2,33,0.9905875582064562
car,bo_tpe,2,2,34,0.9905875582064562
car,bo_tpe,2,2,35,0.9905875582064562
car,bo_tpe,2,2,36,0.9905875582064562
car,bo_tpe,2,2,37,0.9905875582064562
car,bo_tpe,2,2,38,0.9905875582064562
car,bo_tpe,2,2,39,0.9905875582064562
car,bo_tpe,2,2,40,0.9905875582064562
car,bo_tpe,2,2,41,0.9905875582064562
car,bo_tpe,2,2,42,0.9905875582064562
car,bo_tpe,2,2,43,0.9905875582064562
car,bo_tpe,2,2,44,0.9905875582064562
car,bo_tpe,2,2,45,0.9905875582064562
car,bo_tpe,2,2,46,0.9905875582064562
car,bo_tpe,2,2,47,0.9905875582064562
car,bo_tpe,2,2,48,0.9905875582064562
car,bo_tpe,2,2,49,0.9905875582064562
car,bo_tpe,2,2,50,0.9905875582064562
car,bo_tpe,2,2,51,0.9905875582064562
car,bo_tpe,2,2,52,0.9905875582064562
car,bo_tpe,2,2,53,0.9905875582064562
car,bo_tpe,2,2,54,0.9905875582064562
car,bo_tpe,2,2,55,0.9905875582064562
car,bo_tpe,2,2,56,0.9905875582064562
car,bo_tpe,2,2,57,0.9905875582064562
car,bo_tpe,2,2,58,0.9905875582064562
car,bo_tpe,2,2,59,0.9905875582064562
car,bo_tpe,2,2,60,0.9905875582064562
car,bo_tpe,2,2,61,0.9905875582064562
car,bo_tpe,2,2,62,0.9905875582064562
car,bo_tpe,2,2,63,0.9905875582064562
car,bo_tpe,2,2,64,0.9905875582064562
car,bo_tpe,2,2,65,0.9905875582064562
car,bo_tpe,2,2,66,0.9905875582064562
car,bo_tpe,2,2,67,0.9905875582064562
car,bo_tpe,2,2,68,0.9905875582064562
car,bo_tpe,2,2,69,0.9905875582064562
car,bo_tpe,2,2,70,0.9905875582064562
car,bo_tpe,2,2,71,0.9905875582064562
car,bo_tpe,2,2,72,0.9905875582064562
car,bo_tpe,2,2,73,0.9905875582064562
car,bo_tpe,2,2,74,0.9905875582064562
car,bo_tpe,2,2,75,0.9905875582064562
car,bo_tpe,2,2,76,0.9905875582064562
car,bo_tpe,2,2,77,0.9905875582064562
car,bo_tpe,2,2,78,0.9905875582064562
car,bo_tpe,2,2,79,0.9905875582064562
car,bo_tpe,2,2,80,0.9905875582064562
car,bo_tpe,2,2,81,0.9905875582064562
car,bo_tpe,2,2,82,0.9905875582064562
car,bo_tpe,2,2,83,0.9905875582064562
car,bo_tpe,2,2,84,0.9905875582064562
car,bo_tpe,2,2,85,0.9905875582064562
car,bo_tpe,2,2,86,0.9905875582064562
car,bo_tpe,2,2,87,0.9905875582064562
car,bo_tpe,2,2,88,0.9905875582064562
car,bo_tpe,2,2,89,0.9905875582064562
car,bo_tpe,2,2,90,0.9905875582064562
car,bo_tpe,2,2,91,0.9905875582064562
car,bo_tpe,2,2,92,0.9905875582064562
car,bo_tpe,2,2,93,0.9905875582064562
car,bo_tpe,2,2,94,0.9905875582064562
car,bo_tpe,2,2,95,0.9905875582064562
car,bo_tpe,2,2,96,0.9905875582064562
car,bo_tpe,2,2,97,0.9905875582064562
car,bo_tpe,2,2,98,0.9905875582064562
car,bo_tpe,2,2,99,0.9905875582064562
car,bo_tpe,2,2,100,0.9905875582064562
car,pso,2,2,1,0.9869669858211688
car,pso,2,2,2,0.9869669858211688
car,pso,2,2,3,0.9869669858211688
car,pso,2,2,4,0.9869669858211688
car,pso,2,2,5,0.9869669858211688
car,pso,2,2,6,0.9869669858211688
car,pso,2,2,7,0.9891408988646472
car,pso,2,2,8,0.9891408988646472
car,pso,2,2,9,0.9891408988646472
car,pso,2,2,10,0.9891408988646472
car,pso,2,2,11,0.9891408988646472
car,pso,2,2,12,0.9891408988646472
car,pso,2,2,13,0.9891408988646472
car,pso,2,2,14,0.9891408988646472
car,pso,2,2,15,0.9891408988646472
car,pso,2,2,16,0.9891408988646472
car,pso,2,2,17,0.9891408988646472
car,pso,2,2,18,0.9891408988646472
car,pso,2,2,19,0.9891408988646472
car,pso,2,2,20,0.9891408988646472
car,pso,2,2,21,0.9891408988646472
car,pso,2,2,22,0.9891408988646472
car,pso,2,2,23,0.9891408988646472
car,pso,2,2,24,0.9891408988646472
car,pso,2,2,25,0.9891408988646472
car,pso,2,2,26,0.9891408988646472
car,pso,2,2,27,0.9891408988646472
car,pso,2,2,28,0.9891408988646472
car,pso,2,2,29,0.9891408988646472
car,pso,2,2,30,0.9905875582064562
car,pso,2,2,31,0.9905875582064562
car,pso,2,2,32,0.9905875582064562
car,pso,2,2,33,0.9905875582064562
car,pso,2,2,34,0.9905875582064562
car,pso,2,2,35,0.9905875582064562
car,pso,2,2,36,0.9905875582064562
car,pso,2,2,37,0.9905875582064562
car,pso,2,2,38,0.9905875582064562
car,pso,2,2,39,0.9905875582064562
car,pso,2,2,40,0.9905875582064562
car,pso,2,2,41,0.9905875582064562
car,pso,2,2,42,0.9905875582064562
car,pso,2,2,43,0.9905875582064562
car,pso,2,2,44,0.9905875582064562
car,pso,2,2,45,0.9905875582064562
car,pso,2,2,46,0.9905875582064562
car,pso,2,2,47,0.9905875582064562
car,pso,2,2,48,0.9905875582064562
car,pso,2,2,49,0.9905875582064562
car,pso,2,2,50,0.9905875582064562
car,pso,2,2,51,0.9905875582064562
car,pso,2,2,52,0.9905875582064562
car,pso,2,2,53,0.9905875582064562
car,pso,2,2,54,0.9905875582064562
car,pso,2,2,55,0.9905875582064562
car,pso,2,2,56,0.9905875582064562
car,pso,2,2,57,0.9905875582064562
car,pso,2,2,58,0.9905875582064562
car,pso,2,2,59,0.9905875582064562
car,pso,2,2,60,0.9905875582064562
car,pso,2,2,61,0.9905875582064562
car,pso,2,2,62,0.9905875582064562
car,pso,2,2,63,0.9905875582064562
car,pso,2,2,64,0.9905875582064562
car,pso,2,2,65,0.9905875582064562
car,pso,2,2,66,0.9905875582064562
car,pso,2,2,67,0.9905875582064562
car,pso,2,2,68,0.9905875582064562
car,pso,2,2,69,0.9905875582064562
car,pso,2,2,70,0.9905875582064562
car,pso,2,2,71,0.9905875582064562
car,pso,2,2,72,0.9905875582064562
car,pso,2,2,73,0.9905875582064562
car,pso,2,2,74,0.9905875582064562
car,pso,2,2,75,0.9905875582064562
car,pso,2,2,76,0.9905875582064562
car,pso,2,2,77,0.9905875582064562
car,pso,2,2,78,0.9905875582064562
car,pso,2,2,79,0.9905875582064562
car,pso,2,2,80,0.9905875582064562
car,pso,2,2,81,0.9905875582064562
car,pso,2,2,82,0.9905875582064562
car,pso,2,2,83,0.9905875582064562
car,pso,2,2,84,0.9905875582064562
car,pso,2,2,85,0.9905875582064562
car,pso,2,2,86,0.9905875582064562
car,pso,2,2,87,0.9905875582064562
car,pso,2,2,88,0.9905875582064562
car,pso,2,2,89,0.9905875582064562
car,pso,2,2,90,0.9905875582064562
car,pso,2,2,91,0.9905875582064562
car,pso,2,2,92,0.9905875582064562
car,pso,2,2,93,0.9905875582064562
car,pso,2,2,94,0.9905875582064562
car,pso,2,2,95,0.9905875582064562
car,pso,2,2,96,0.9905875582064562
car,pso,2,2,97,0.9905875582064562
car,pso,2,2,98,0.9905875582064562
car,pso,2,2,99,0.9905875582064562
car,pso,2,2,100,0.9905875582064562
car,de,2,2,1,0.7272092293203578
car,de,2,2,2,0.9348610893109403
car,de,2,2,3,0.9348610893109403
car,de,2,2,4,0.9348610893109403
car,de,2,2,5,0.9674410087375085
car,de,2,2,6,0.9674410087375085
car,de,2,2,7,0.9674410087375085
car,de,2,2,8,0.9819023701145818
car,de,2,2,9,0.9819023701145818
car,de,2,2,10,0.9819023701145818
car,de,2,2,11,0.9819023701145818
car,de,2,2,12,0.9819023701145818
car,de,2,2,13,0.9819023701145818
car,de,2,2,14,0.9819023701145818
car,de,2,2,15,0.9819023701145818
car,de,2,2,16,0.9819023701145818
car,de,2,2,17,0.9819023701145818
car,de,2,2,18,0.986244964160519
car,de,2,2,19,0.9876916235023282
car,de,2,2,20,0.988413645162978
car,de,2,2,21,0.988413645162978
car,de,2,2,22,0.988413645162978
car,de,2,2,23,0.988413645162978
car,de,2,2,24,0.988413645162978
car,de,2,2,25,0.988413645162978
car,de,2,2,26,0.988413645162978
car,de,2,2,27,0.988413645162978
car,de,2,2,28,0.988413645162978
car,de,2,2,29,0.988413645162978
car,de,2,2,30,0.988413645162978
car,de,2,2,31,0.9905875582064562
car,de,2,2,32,0.9905875582064562
car,de,2,2,33,0.9905875582064562
car,de,2,2,34,0.9905875582064562
car,de,2,2,35,0.9905875582064562
car,de,2,2,36,0.9905875582064562
car,de,2,2,37,0.9905875582064562
car,de,2,2,38,0.9905875582064562
car,de,2,2,39,0.9905875582064562
car,de,2,2,40,0.9905875582064562
car,de,2,2,41,0.9905875582064562
car,de,2,2,42,0.9905875582064562
car,de,2,2,43,0.9905875582064562
car,de,2,2,44,0.9905875582064562
car,de,2,2,45,0.9905875582064562
car,de,2,2,46,0.9905875582064562
car,de,2,2,47,0.9905875582064562
car,de,2,2,48,0.9905875582064562
car,de,2,2,49,0.9905875582064562
car,de,2,2,50,0.9905875582064562
car,de,2,2,51,0.9905875582064562
car,de,2,2,52,0.9905875582064562
car,de,2,2,53,0.9905875582064562
car,de,2,2,54,0.9905875582064562
car,de,2,2,55,0.9905875582064562
car,de,2,2,56,0.9905875582064562
car,de,2,2,57,0.9905875582064562
car,de,2,2,58,0.9905875582064562
car,de,2,2,59,0.9905875582064562
car,de,2,2,60,0.9905875582064562
car,de,2,2,61,0.9905875582064562
car,de,2,2,62,0.9905875582064562
car,de,2,2,63,0.9905875582064562
car,de,2,2,64,0.9905875582064562
car,de,2,2,65,0.9905875582064562
car,de,2,2,66,0.9905875582064562
car,de,2,2,67,0.9905875582064562
car,de,2,2,68,0.9905875582064562
car,de,2,2,69,0.9905875582064562
car,de,2,2,70,0.9905875582064562
car,de,2,2,71,0.9905875582064562
car,de,2,2,72,0.9905875582064562
car,de,2,2,73,0.9905875582064562
car,de,2,2,74,0.9905875582064562
car,de,2,2,75,0.9905875582064562
car,de,2,2,76,0.9905875582064562
car,de,2,2,77,0.9905875582064562
car,de,2,2,78,0.9905875582064562
car,de,2,2,79,0.9905875582064562
car,de,2,2,80,0.9905875582064562
car,de,2,2,81,0.9905875582064562
car,de,2,2,82,0.9905875582064562
car,de,2,2,83,0.9905875582064562
car,de,2,2,84,0.9905875582064562
car,de,2,2,85,0.9905875582064562
car,de,2,2,86,0.9905875582064562
car,de,2,2,87,0.9905875582064562
car,de,2,2,88,0.9905875582064562
car,de,2,2,89,0.9905875582064562
car,de,2,2,90,0.9905875582064562
car,de,2,2,91,0.9905875582064562
car,de,2,2,92,0.9905875582064562
car,de,2,2,93,0.9905875582064562
car,de,2,2,94,0.9905875582064562
car,de,2,2,95,0.9905875582064562
car,de,2,2,96,0.9905875582064562
car,de,2,2,97,0.9905875582064562
car,de,2,2,98,0.9905875582064562
car,de,2,2,99,0.9905875582064562
car,de,2,2,100,0.9905875582064562
car,ga,2,2,1,0.7272092293203578
car,ga,2,2,2,0.9348610893109403
car,ga,2,2,3,0.9348610893109403
car,ga,2,2,4,0.9348610893109403
car,ga,2,2,5,0.9674410087375085
car,ga,2,2,6,0.9674410087375085
car,ga,2,2,7,0.9674410087375085
car,ga,2,2,8,0.9819023701145818
car,ga,2,2,9,0.9819023701145818
car,ga,2,2,10,0.9819023701145818
car,ga,2,2,11,0.9819023701145818
car,ga,2,2,12,0.9819023701145818
car,ga,2,2,13,0.9819023701145818
car,ga,2,2,14,0.9819023701145818
car,ga,2,2,15,0.9819023701145818
car,ga,2,2,16,0.9819023701145818
car,ga,2,2,17,0.9819023701145818
car,ga,2,2,18,0.986244964160519
car,ga,2,2,19,0.9876916235023282
car,ga,2,2,20,0.988413645162978
car,ga,2,2,21,0.988413645162978
car,ga,2,2,22,0.988413645162978
car,ga,2,2,23,0.988413645162978
car,ga,2,2,24,0.988413645162978
car,ga,2,2,25,0.988413645162978
car,ga,2,2,26,0.9891408988646472
car,ga,2,2,27,0.9891408988646472
car,ga,2,2,28,0.9891408988646472
car,ga,2,2,29,0.9891408988646472
car,ga,2,2,30,0.9891408988646472
car,ga,2,2,31,0.9891408988646472
car,ga,2,2,32,0.9891408988646472
car,ga,2,2,33,0.9891408988646472
car,ga,2,2,34,0.9891408988646472
car,ga,2,2,35,0.9891408988646472
car,ga,2,2,36,0.9891408988646472
car,ga,2,2,37,0.9891408988646472
car,ga,2,2,38,0.9891408988646472
car,ga,2,2,39,0.9891408988646472
car,ga,2,2,40,0.9891408988646472
car,ga,2,2,41,0.9891408988646472
car,ga,2,2,42,0.9891408988646472
car,ga,2,2,43,0.9891408988646472
car,ga,2,2,44,0.9891408988646472
car,ga,2,2,45,0.9891408988646472
car,ga,2,2,46,0.9891408988646472
car,ga,2,2,47,0.9891408988646472
car,ga,2,2,48,0.9891408988646472
car,ga,2,2,49,0.9891408988646472
car,ga,2,2,50,0.9891408988646472
car,ga,2,2,51,0.9891408988646472
car,ga,2,2,52,0.9891408988646472
car,ga,2,2,53,0.9891408988646472
car,ga,2,2,54,0.9891408988646472
car,ga,2,2,55,0.9905875582064562
car,ga,2,2,56,0.9905875582064562
car,ga,2,2,57,0.9905875582064562
car,ga,2,2,58,0.9905875582064562
car,ga,2,2,59,0.9905875582064562
car,ga,2,2,60,0.9905875582064562
car,ga,2,2,61,0.9905875582064562
car,ga,2,2,62,0.9905875582064562
car,ga,2,2,63,0.9905875582064562
car,ga,2,2,64,0.9905875582064562
car,ga,2,2,65,0.9905875582064562
car,ga,2,2,66,0.9905875582064562
car,ga,2,2,67,0.9905875582064562
car,ga,2,2,68,0.9905875582064562
car,ga,2,2,69,0.9905875582064562
car,ga,2,2,70,0.9905875582064562
car,ga,2,2,71,0.9905875582064562
car,ga,2,2,72,0.9905875582064562
car,ga,2,2,73,0.9905875582064562
car,ga,2,2,74,0.9905875582064562
car,ga,2,2,75,0.9905875582064562
car,ga,2,2,76,0.9905875582064562
car,ga,2,2,77,0.9905875582064562
car,ga,2,2,78,0.9905875582064562
car,ga,2,2,79,0.9905875582064562
car,ga,2,2,80,0.9905875582064562
car,ga,2,2,81,0.9905875582064562
car,ga,2,2,82,0.9905875582064562
car,ga,2,2,83,0.9905875582064562
car,ga,2,2,84,0.9905875582064562
car,ga,2,2,85,0.9905875582064562
car,ga,2,2,86,0.9905875582064562
car,ga,2,2,87,0.9905875582064562
car,ga,2,2,88,0.9905875582064562
car,ga,2,2,89,0.9905875582064562
car,ga,2,2,90,0.9905875582064562
car,ga,2,2,91,0.9905875582064562
car,ga,2,2,92,0.9905875582064562
car,ga,2,2,93,0.9905875582064562
car,ga,2,2,94,0.9905875582064562
car,ga,2,2,95,0.9905875582064562
car,ga,2,2,96,0.9905875582064562
car,ga,2,2,97,0.9905875582064562
car,ga,2,2,98,0.9905875582064562
car,ga,2,2,99,0.9905875582064562
car,ga,2,2,100,0.9905875582064562
car,sa,2,2,1,0.7004342594045937
car,sa,2,2,2,0.7004342594045937
car,sa,2,2,3,0.7004342594045937
car,sa,2,2,4,0.7004342594045937
car,sa,2,2,5,0.7004342594045937
car,sa,2,2,6,0.7004342594045937
car,sa,2,2,7,0.7004342594045937
car,sa,2,2,8,0.7004342594045937
car,sa,2,2,9,0.7004342594045937
car,sa,2,2,10,0.7004342594045937
car,sa,2,2,11,0.7004342594045937
car,sa,2,2,12,0.7004342594045937
car,sa,2,2,13,0.7004342594045937
car,sa,2,2,14,0.7004342594045937
car,sa,2,2,15,0.7004342594045937
car,sa,2,2,16,0.7004342594045937
car,sa,2,2,17,0.7004342594045937
car,sa,2,2,18,0.7004342594045937
car,sa,2,2,19,0.7004342594045937
car,sa,2,2,20,0.7004342594045937
car,sa,2,2,21,0.7004342594045937
car,sa,2,2,22,0.7004342594045937
car,sa,2,2,23,0.8900094176738346
car,sa,2,2,24,0.9189635326740963
car,sa,2,2,25,0.9189635326740963
car,sa,2,2,26,0.9189635326740963
car,sa,2,2,27,0.9189635326740963
car,sa,2,2,28,0.9211374457175744
car,sa,2,2,29,0.9211374457175744
car,sa,2,2,30,0.9211374457175744
car,sa,2,2,31,0.9211374457175744
car,sa,2,2,32,0.9211374457175744
car,sa,2,2,33,0.9211374457175744
car,sa,2,2,34,0.9211374457175744
car,sa,2,2,35,0.9211374457175744
car,sa,2,2,36,0.9211374457175744
car,sa,2,2,37,0.9652697117145397
car,sa,2,2,38,0.9652697117145397
car,sa,2,2,39,0.9652697117145397
car,sa,2,2,40,0.9652697117145397
car,sa,2,2,41,0.9876916235023282
car,sa,2,2,42,0.9876916235023282
car,sa,2,2,43,0.9876916235023282
car,sa,2,2,44,0.9876916235023282
car,sa,2,2,45,0.9876916235023282
car,sa,2,2,46,0.9905875582064562
car,sa,2,2,47,0.9905875582064562
car,sa,2,2,48,0.9905875582064562
car,sa,2,2,49,0.9905875582064562
car,sa,2,2,50,0.9905875582064562
car,sa,2,2,51,0.9905875582064562
car,sa,2,2,52,0.9905875582064562
car,sa,2,2,53,0.9905875582064562
car,sa,2,2,54,0.9905875582064562
car,sa,2,2,55,0.9905875582064562
car,sa,2,2,56,0.9905875582064562
car,sa,2,2,57,0.9905875582064562
car,sa,2,2,58,0.9905875582064562
car,sa,2,2,59,0.9905875582064562
car,sa,2,2,60,0.9905875582064562
car,sa,2,2,61,0.9905875582064562
car,sa,2,2,62,0.9905875582064562
car,sa,2,2,63,0.9905875582064562
car,sa,2,2,64,0.9905875582064562
car,sa,2,2,65,0.9905875582064562
car,sa,2,2,66,0.9905875582064562
car,sa,2,2,67,0.9905875582064562
car,sa,2,2,68,0.9905875582064562
car,sa,2,2,69,0.9905875582064562
car,sa,2,2,70,0.9905875582064562
car,sa,2,2,71,0.9905875582064562
car,sa,2,2,72,0.9905875582064562
car,sa,2,2,73,0.9905875582064562
car,sa,2,2,74,0.9905875582064562
car,sa,2,2,75,0.9905875582064562
car,sa,2,2,76,0.9905875582064562
car,sa,2,2,77,0.9905875582064562
car,sa,2,2,78,0.9905875582064562
car,sa,2,2,79,0.9905875582064562
car,sa,2,2,80,0.9905875582064562
car,sa,2,2,81,0.9905875582064562
car,sa,2,2,82,0.9905875582064562
car,sa,2,2,83,0.9905875582064562
car,sa,2,2,84,0.9905875582064562
car,sa,2,2,85,0.9905875582064562
car,sa,2,2,86,0.9905875582064562
car,sa,2,2,87,0.9905875582064562
car,sa,2,2,88,0.9905875582064562
car,sa,2,2,89,0.9905875582064562
car,sa,2,2,90,0.9905875582064562
car,sa,2,2,91,0.9905875582064562
car,sa,2,2,92,0.9905875582064562
car,sa,2,2,93,0.9905875582064562
car,sa,2,2,94,0.9905875582064562
car,sa,2,2,95,0.9905875582064562
car,sa,2,2,96,0.9905875582064562
car,sa,2,2,97,0.9905875582064562
car,sa,2,2,98,0.9905875582064562
car,sa,2,2,99,0.9905875582064562
car,sa,2,2,100,0.9905875582064562
car,grid,3,3,1,0.7004342594045937
car,grid,3,3,2,0.7004342594045937
car,grid,3,3,3,0.7004342594045937
car,grid,3,3,4,0.7004342594045937
car,grid,3,3,5,0.7004342594045937
car,grid,3,3,6,0.7004342594045937
car,grid,3,3,7,0.7004342594045937
car,grid,3,3,8,0.7004342594045937
car,grid,3,3,9,0.7004342594045937
car,grid,3,3,10,0.7004342594045937
car,grid,3,3,11,0.7004342594045937
car,grid,3,3,12,0.7004342594045937
car,grid,3,3,13,0.7004342594045937
car,grid,3,3,14,0.7004342594045937
car,grid,3,3,15,0.7004342594045937
car,grid,3,3,16,0.8097106681316382
car,grid,3,3,17,0.8097106681316382
car,grid,3,3,18,0.8097106681316382
car,grid,3,3,19,0.8097106681316382
car,grid,3,3,20,0.8097106681316382
car,grid,3,3,21,0.8097106681316382
car,grid,3,3,22,0.8097106681316382
car,grid,3,3,23,0.8097106681316382
car,grid,3,3,24,0.8097106681316382
car,grid,3,3,25,0.8697404907654477
car,grid,3,3,26,0.9319913148119081
car,grid,3,3,27,0.9319913148119081
car,grid,3,3,28,0.9319913148119081
car,grid,3,3,29,0.9319913148119081
car,grid,3,3,30,0.9319913148119081
car,grid,3,3,31,0.9319913148119081
car,grid,3,3,32,0.9319913148119081
car,grid,3,3,33,0.9319913148119081
car,grid,3,3,34,0.9319913148119081
car,grid,3,3,35,0.9450086328676818
car,grid,3,3,36,0.9761157327473449
car,grid,3,3,37,0.9761157327473449
car,grid,3,3,38,0.9761157327473449
car,grid,3,3,39,0.9761157327473449
car,grid,3,3,40,0.9761157327473449
car,grid,3,3,41,0.9761157327473449
car,grid,3,3,42,0.9761157327473449
car,grid,3,3,43,0.9761157327473449
car,grid,3,3,44,0.9761157327473449
car,grid,3,3,45,0.9761157327473449
car,grid,3,3,46,0.988413645162978
car,grid,3,3,47,0.988413645162978
car,grid,3,3,48,0.988413645162978
car,grid,3,3,49,0.988413645162978
car,grid,3,3,50,0.988413645162978
car,grid,3,3,51,0.988413645162978
car,grid,3,3,52,0.988413645162978
car,grid,3,3,53,0.988413645162978
car,grid,3,3,54,0.988413645162978
car,grid,3,3,55,0.988413645162978
car,grid,3,3,56,0.988413645162978
car,grid,3,3,57,0.988413645162978
car,grid,3,3,58,0.988413645162978
car,grid,3,3,59,0.988413645162978
car,grid,3,3,60,0.988413645162978
car,grid,3,3,61,0.988413645162978
car,grid,3,3,62,0.988413645162978
car,grid,3,3,63,0.988413645162978
car,grid,3,3,64,0.988413645162978
car,grid,3,3,65,0.988413645162978
car,grid,3,3,66,0.988413645162978
car,grid,3,3,67,0.988413645162978
car,grid,3,3,68,0.988413645162978
car,grid,3,3,69,0.988413645162978
car,grid,3,3,70,0.988413645162978
car,grid,3,3,71,0.988413645162978
car,grid,3,3,72,0.988413645162978
car,grid,3,3,73,0.988413645162978
car,grid,3,3,74,0.988413645162978
car,grid,3,3,75,0.988413645162978
car,grid,3,3,76,0.988413645162978
car,grid,3,3,77,0.988413645162978
car,grid,3,3,78,0.988413645162978
car,grid,3,3,79,0.988413645162978
car,grid,3,3,80,0.988413645162978
car,grid,3,3,81,0.988413645162978
car,grid,3,3,82,0.988413645162978
car,grid,3,3,83,0.988413645162978
car,grid,3,3,84,0.988413645162978
car,grid,3,3,85,0.988413645162978
car,grid,3,3,86,0.988413645162978
car,grid,3,3,87,0.988413645162978
car,grid,3,3,88,0.988413645162978
car,grid,3,3,89,0.988413645162978
car,grid,3,3,90,0.988413645162978
car,grid,3,3,91,0.988413645162978
car,grid,3,3,92,0.988413645162978
car,grid,3,3,93,0.988413645162978
car,grid,3,3,94,0.988413645162978
car,grid,3,3,95,0.988413645162978
car,grid,3,3,96,0.988413645162978
car,grid,3,3,97,0.988413645162978
car,grid,3,3,98,0.988413645162978
car,grid,3,3,99,0.988413645162978
car,grid,3,3,100,0.988413645162978
car,random,3,3,1,0.8769842515565323
car,random,3,3,2,0.9522419295767278
car,random,3,3,3,0.9522419295767278
car,random,3,3,4,0.9522419295767278
car,random,3,3,5,0.9522419295767278
car,random,3,3,6,0.9522419295767278
car,random,3,3,7,0.9529665672578872
car,random,3,3,8,0.9876916235023282
car,random,3,3,9,0.9876916235023282
car,random,3,3,10,0.9876916235023282
car,random,3,3,11,0.9876916235023282
car,random,3,3,12,0.9876916235023282
car,random,3,3,13,0.9876916235023282
car,random,3,3,14,0.9876916235023282
car,random,3,3,15,0.9876916235023282
car,random,3,3,16,0.9876916235023282
car,random,3,3,17,0.9876916235023282
car,random,3,3,18,0.9876916235023282
car,random,3,3,19,0.988413645162978
car,random,3,3,20,0.988413645162978
car,random,3,3,21,0.988413645162978
car,random,3,3,22,0.988413645162978
car,random,3,3,23,0.988413645162978
car,random,3,3,24,0.988413645162978
car,random,3,3,25,0.988413645162978
car,random,3,3,26,0.988413645162978
car,random,3,3,27,0.988413645162978
car,random,3,3,28,0.988413645162978
car,random,3,3,29,0.988413645162978
car,random,3,3,30,0.988413645162978
car,random,3,3,31,0.988413645162978
car,random,3,3,32,0.988413645162978
car,random,3,3,33,0.988413645162978
car,random,3,3,34,0.988413645162978
car,random,3,3,35,0.988413645162978
car,random,3,3,36,0.988413645162978
car,random,3,3,37,0.9891408988646472
car,random,3,3,38,0.9891408988646472
car,random,3,3,39,0.9891408988646472
car,random,3,3,40,0.9891408988646472
car,random,3,3,41,0.9891408988646472
car,random,3,3,42,0.9891408988646472
car,random,3,3,43,0.9905849421859466
car,random,3,3,44,0.9905849421859466
car,random,3,3,45,0.9905849421859466
car,random,3,3,46,0.9905849421859466
car,random,3,3,47,0.9905849421859466
car,random,3,3,48,0.9905849421859466
car,random,3,3,49,0.9905849421859466
car,random,3,3,50,0.9905849421859466
car,random,3,3,51,0.9905849421859466
car,random,3,3,52,0.9905849421859466
car,random,3,3,53,0.9905849421859466
car,random,3,3,54,0.9905849421859466
car,random,3,3,55,0.9905849421859466
car,random,3,3,56,0.9905849421859466
car,random,3,3,57,0.9905849421859466
car,random,3,3,58,0.9905849421859466
car,random,3,3,59,0.9905849421859466
car,random,3,3,60,0.9905849421859466
car,random,3,3,61,0.9905849421859466
car,random,3,3,62,0.9905849421859466
car,random,3,3,63,0.9905849421859466
car,random,3,3,64,0.9905849421859466
car,random,3,3,65,0.9905849421859466
car,random,3,3,66,0.9905849421859466
car,random,3,3,67,0.9905849421859466
car,random,3,3,68,0.9905849421859466
car,random,3,3,69,0.9905849421859466
car,random,3,3,70,0.9905849421859466
car,random,3,3,71,0.9905849421859466
car,random,3,3,72,0.9905849421859466
car,random,3,3,73,0.9905849421859466
car,random,3,3,74,0.9905849421859466
car,random,3,3,75,0.9905849421859466
car,random,3,3,76,0.9905849421859466
car,random,3,3,77,0.9905849421859466
car,random,3,3,78,0.9905849421859466
car,random,3,3,79,0.9905849421859466
car,random,3,3,80,0.9905849421859466
car,random,3,3,81,0.9905849421859466
car,random,3,3,82,0.9905849421859466
car,random,3,3,83,0.9905849421859466
car,random,3,3,84,0.9905849421859466
car,random,3,3,85,0.9905849421859466
car,random,3,3,86,0.9905849421859466
car,random,3,3,87,0.9905849421859466
car,random,3,3,88,0.9905849421859466
car,random,3,3,89,0.9905849421859466
car,random,3,3,90,0.9905849421859466
car,random,3,3,91,0.9905849421859466
car,random,3,3,92,0.9905849421859466
car,random,3,3,93,0.9905849421859466
car,random,3,3,94,0.9905849421859466
car,random,3,3,95,0.9905849421859466
car,random,3,3,96,0.9905849421859466
car,random,3,3,97,0.9905875582064562
car,random,3,3,98,0.9905875582064562
car,random,3,3,99,0.9905875582064562
car,random,3,3,100,0.9905875582064562
car,bo_tpe,3,3,1,0.8769842515565323
car,bo_tpe,3,3,2,0.9522419295767278
car,bo_tpe,3,3,3,0.9522419295767278
car,bo_tpe,3,3,4,0.9522419295767278
car,bo_tpe,3,3,5,0.9522419295767278
car,bo_tpe,3,3,6,0.9522419295767278
car,bo_tpe,3,3,7,0.9529665672578872
car,bo_tpe,3,3,8,0.9876916235023282
car,bo_tpe,3,3,9,0.9876916235023282
car,bo_tpe,3,3,10,0.9876916235023282
car,bo_tpe,3,3,11,0.9876916235023282
car,bo_tpe,3,3,12,0.9876916235023282
car,bo_tpe,3,3,13,0.9876916235023282
car,bo_tpe,3,3,14,0.9876916235023282
car,bo_tpe,3,3,15,0.9876916235023282
car,bo_tpe,3,3,16,0.9876916235023282
car,bo_tpe,3,3,17,0.9876916235023282
car,bo_tpe,3,3,18,0.9876916235023282
car,bo_tpe,3,3,19,0.9876916235023282
car,bo_tpe,3,3,20,0.9876916235023282
car,bo_tpe,3,3,21,0.9876916235023282
car,bo_tpe,3,3,22,0.9876916235023282
car,bo_tpe,3,3,23,0.9876916235023282
car,bo_tpe,3,3,24,0.9876916235023282
car,bo_tpe,3,3,25,0.9876916235023282
car,bo_tpe,3,3,26,0.9905849421859466
car,bo_tpe,3,3,27,0.9905875582064562
car,bo_tpe,3,3,28,0.9905875582064562
car,bo_tpe,3,3,29,0.9905875582064562
car,bo_tpe,3,3,30,0.9905875582064562
car,bo_tpe,3,3,31,0.9905875582064562
car,bo_tpe,3,3,32,0.9905875582064562
car,bo_tpe,3,3,33,0.9905875582064562
car,bo_tpe,3,3,34,0.9905875582064562
car,bo_tpe,3,3,35,0.9905875582064562
car,bo_tpe,3,3,36,0.9905875582064562
car,bo_tpe,3,3,37,0.9905875582064562
car,bo_tpe,3,3,38,0.9905875582064562
car,bo_tpe,3,3,39,0.9905875582064562
car,bo_tpe,3,3,40,0.9905875582064562
car,bo_tpe,3,3,41,0.9905875582064562
car,bo_tpe,3,3,42,0.9905875582064562
car,bo_tpe,3,3,43,0.9905875582064562
car,bo_tpe,3,3,44,0.9905875582064562
car,bo_tpe,3,3,45,0.9905875582064562
car,bo_tpe,3,3,46,0.9905875582064562
car,bo_tpe,3,3,47,0.9905875582064562
car,bo_tpe,3,3,48,0.9905875582064562
car,bo_tpe,3,3,49,0.9905875582064562
car,bo_tpe,3,3,50,0.9905875582064562
car,bo_tpe,3,3,51,0.9905875582064562
car,bo_tpe,3,3,52,0.9905875582064562
car,bo_tpe,3,3,53,0.9905875582064562
car,bo_tpe,3,3,54,0.9905875582064562
car,bo_tpe,3,3,55,0.9905875582064562
car,bo_tpe,3,3,56,0.9905875582064562
car,bo_tpe,3,3,57,0.9905875582064562
car,bo_tpe,3,3,58,0.9905875582064562
car,bo_tpe,3,3,59,0.9905875582064562
car,bo_tpe,3,3,60,0.9905875582064562
car,bo_tpe,3,3,61,0.9905875582064562
car,bo_tpe,3,3,62,0.9905875582064562
car,bo_tpe,3,3,63,0.9905875582064562
car,bo_tpe,3,3,64,0.9905875582064562
car,bo_tpe,3,3,65,0.9905875582064562
car,bo_tpe,3,3,66,0.9905875582064562
car,bo_tpe,3,3,67,0.9905875582064562
car,bo_tpe,3,3,68,0.9905875582064562
car,bo_tpe,3,3,69,0.9905875582064562
car,bo_tpe,3,3,70,0.9905875582064562
car,bo_tpe,3,3,71,0.9905875582064562
car,bo_tpe,3,3,72,0.9905875582064562
car,bo_tpe,3,3,73,0.9905875582064562
car,bo_tpe,3,3,74,0.9905875582064562
car,bo_tpe,3,3,75,0.9905875582064562
car,bo_tpe,3,3,76,0.9905875582064562
car,bo_tpe,3,3,77,0.9905875582064562
car,bo_tpe,3,3,78,0.9905875582064562
car,bo_tpe,3,3,79,0.9905875582064562
car,bo_tpe,3,3,80,0.9905875582064562
car,bo_tpe,3,3,81,0.9905875582064562
car,bo_tpe,3,3,82,0.9905875582064562
car,bo_tpe,3,3,83,0.9905875582064562
car,bo_tpe,3,3,84,0.9905875582064562
car,bo_tpe,3,3,85,0.9905875582064562
car,bo_tpe,3,3,86,0.9905875582064562
car,bo_tpe,3,3,87,0.9905875582064562
car,bo_tpe,3,3,88,0.9905875582064562
car,bo_tpe,3,3,89,0.9905875582064562
car,bo_tpe,3,3,90,0.9905875582064562
car,bo_tpe,3,3,91,0.9905875582064562
car,bo_tpe,3,3,92,0.9905875582064562
car,bo_tpe,3,3,93,0.9905875582064562
car,bo_tpe,3,3,94,0.9905875582064562
car,bo_tpe,3,3,95,0.9905875582064562
car,bo_tpe,3,3,96,0.9905875582064562
car,bo_tpe,3,3,97,0.9905875582064562
car,bo_tpe,3,3,98,0.9905875582064562
car,bo_tpe,3,3,99,0.9905875582064562
car,bo_tpe,3,3,100,0.9905875582064562
car,pso,3,3,1,0.7004342594045937
car,pso,3,3,2,0.916062365928949
car,pso,3,3,3,0.916062365928949
car,pso,3,3,4,0.916062365928949
car,pso,3,3,5,0.9891408988646472
car,pso,3,3,6,0.9891408988646472
car,pso,3,3,7,0.9891408988646472
car,pso,3,3,8,0.9891408988646472
car,pso,3,3,9,0.9891408988646472
car,pso,3,3,10,0.9891408988646472
car,pso,3,3,11,0.9891408988646472
car,pso,3,3,12,0.9891408988646472
car,pso,3,3,13,0.9891408988646472
car,pso,3,3,14,0.9891408988646472
car,pso,3,3,15,0.9891408988646472
car,pso,3,3,16,0.9891408988646472
car,pso,3,3,17,0.9891408988646472
car,pso,3,3,18,0.9891408988646472
car,pso,3,3,19,0.9891408988646472
car,pso,3,3,20,0.9891408988646472
car,pso,3,3,21,0.9891408988646472
car,pso,3,3,22,0.9891408988646472
car,pso,3,3,23,0.9891408988646472
car,pso,3,3,24,0.9891408988646472
car,pso,3,3,25,0.9891408988646472
car,pso,3,3,26,0.9905875582064562
car,pso,3,3,27,0.9905875582064562
car,pso,3,3,28,0.9905875582064562
car,pso,3,3,29,0.9905875582064562
car,pso,3,3,30,0.9905875582064562
car,pso,3,3,31,0.9905875582064562
car,pso,3,3,32,0.9905875582064562
car,pso,3,3,33,0.9905875582064562
car,pso,3,3,34,0.9905875582064562
car,pso,3,3,35,0.9905875582064562
car,pso,3,3,36,0.9905875582064562
car,pso,3,3,37,0.9905875582064562
car,pso,3,3,38,0.9905875582064562
car,pso,3,3,39,0.9905875582064562
car,pso,3,3,40,0.9905875582064562
car,pso,3,3,41,0.9905875582064562
car,pso,3,3,42,0.9905875582064562
car,pso,3,3,43,0.9905875582064562
car,pso,3,3,44,0.9905875582064562
car,pso,3,3,45,0.9905875582064562
car,pso,3,3,46,0.9905875582064562
car,pso,3,3,47,0.9905875582064562
car,pso,3,3,48,0.9905875582064562
car,pso,3,3,49,0.9905875582064562
car,pso,3,3,50,0.9905875582064562
car,pso,3,3,51,0.9905875582064562
car,pso,3,3,52,0.9905875582064562
car,pso,3,3,53,0.9905875582064562
car,pso,3,3,54,0.9905875582064562
car,pso,3,3,55,0.9905875582064562
car,pso,3,3,56,0.9905875582064562
car,pso,3,3,57,0.9905875582064562
car,pso,3,3,58,0.9905875582064562
car,pso,3,3,59,0.9905875582064562
car,pso,3,3,60,0.9905875582064562
car,pso,3,3,61,0.9905875582064562
car,pso,3,3,62,0.9905875582064562
car,pso,3,3,63,0.9905875582064562
car,pso,3,3,64,0.9905875582064562
car,pso,3,3,65,0.9905875582064562
car,pso,3,3,66,0.9905875582064562
car,pso,3,3,67,0.9905875582064562
car,pso,3,3,68,0.9905875582064562
car,pso,3,3,69,0.9905875582064562
car,pso,3,3,70,0.9905875582064562
car,pso,3,3,71,0.9905875582064562
car,pso,3,3,72,0.9905875582064562
car,pso,3,3,73,0.9905875582064562
car,pso,3,3,74,0.9905875582064562
car,pso,3,3,75,0.9905875582064562
car,pso,3,3,76,0.9905875582064562
car,pso,3,3,77,0.9905875582064562
car,pso,3,3,78,0.9905875582064562
car,pso,3,3,79,0.9905875582064562
car,pso,3,3,80,0.9905875582064562
car,pso,3,3,81,0.9905875582064562
car,pso,3,3,82,0.9905875582064562
car,pso,3,3,83,0.9905875582064562
car,pso,3,3,84,0.9905875582064562
car,pso,3,3,85,0.9905875582064562
car,pso,3,3,86,0.9905875582064562
car,pso,3,3,87,0.9905875582064562
car,pso,3,3,88,0.9905875582064562
car,pso,3,3,89,0.9905875582064562
car,pso,3,3,90,0.9905875582064562
car,pso,3,3,91,0.9905875582064562
car,pso,3,3,92,0.9905875582064562
car,pso,3,3,93,0.9905875582064562
car,pso,3,3,94,0.9905875582064562
car,pso,3,3,95,0.9905875582064562
car,pso,3,3,96,0.9905875582064562
car,pso,3,3,97,0.9905875582064562
car,pso,3,3,98,0.9905875582064562
car,pso,3,3,99,0.9905875582064562
car,pso,3,3,100,0.9905875582064562
car,de,3,3,1,0.7004342594045937
car,de,3,3,2,0.9891356668236279
car,de,3,3,3,0.9891356668236279
car,de,3,3,4,0.9891356668236279
car,de,3,3,5,0.9891356668236279
car,de,3,3,6,0.9891356668236279
car,de,3,3,7,0.9891356668236279
car,de,3,3,8,0.9891356668236279
car,de,3,3,9,0.9891356668236279
car,de,3,3,10,0.9891356668236279
car,de,3,3,11,0.9891356668236279
car,de,3,3,12,0.9891356668236279
car,de,3,3,13,0.9891356668236279
car,de,3,3,14,0.9891356668236279
car,de,3,3,15,0.9891356668236279
car,de,3,3,16,0.9891356668236279
car,de,3,3,17,0.9891356668236279
car,de,3,3,18,0.9891356668236279
car,de,3,3,19,0.9891356668236279
car,de,3,3,20,0.9891356668236279
car,de,3,3,21,0.9891356668236279
car,de,3,3,22,0.9891356668236279
car,de,3,3,23,0.9891356668236279
car,de,3,3,24,0.9891356668236279
car,de,3,3,25,0.9891356668236279
car,de,3,3,26,0.9905875582064562
car,de,3,3,27,0.9905875582064562
car,de,3,3,28,0.9905875582064562
car,de,3,3,29,0.9905875582064562
car,de,3,3,30,0.9905875582064562
car,de,3,3,31,0.9905875582064562
car,de,3,3,32,0.9905875582064562
car,de,3,3,33,0.9905875582064562
car,de,3,3,34,0.9905875582064562
car,de,3,3,35,0.9905875582064562
car,de,3,3,36,0.9905875582064562
car,de,3,3,37,0.9905875582064562
car,de,3,3,38,0.9905875582064562
car,de,3,3,39,0.9905875582064562
car,de,3,3,40,0.9905875582064562
car,de,3,3,41,0.9905875582064562
car,de,3,3,42,0.9905875582064562
car,de,3,3,43,0.9905875582064562
car,de,3,3,44,0.9905875582064562
car,de,3,3,45,0.9905875582064562
car,de,3,3,46,0.9905875582064562
car,de,3,3,47,0.9905875582064562
car,de,3,3,48,0.9905875582064562
car,de,3,3,49,0.9905875582064562
car,de,3,3,50,0.9905875582064562
car,de,3,3,51,0.9905875582064562
car,de,3,3,52,0.9905875582064562
car,de,3,3,53,0.9905875582064562
car,de,3,3,54,0.9905875582064562
car,de,3,3,55,0.9905875582064562
car,de,3,3,56,0.9905875582064562
car,de,3,3,57,0.9905875582064562
car,de,3,3,58,0.9905875582064562
car,de,3,3,59,0.9905875582064562
car,de,3,3,60,0.9905875582064562
car,de,3,3,61,0.9905875582064562
car,de,3,3,62,0.9905875582064562
car,de,3,3,63,0.9905875582064562
car,de,3,3,64,0.9905875582064562
car,de,3,3,65,0.9905875582064562
car,de,3,3,66,0.9905875582064562
car,de,3,3,67,0.9905875582064562
car,de,3,3,68,0.9905875582064562
car,de,3,3,69,0.9905875582064562
car,de,3,3,70,0.9905875582064562
car,de,3,3,71,0.9905875582064562
car,de,3,3,72,0.9905875582064562
car,de,3,3,73,0.9905875582064562
car,de,3,3,74,0.9905875582064562
car,de,3,3,75,0.9905875582064562
car,de,3,3,76,0.9905875582064562
car,de,3,3,77,0.9905875582064562
car,de,3,3,78,0.9905875582064562
car,de,3,3,79,0.9905875582064562
car,de,3,3,80,0.9905875582064562
car,de,3,3,81,0.9905875582064562
car,de,3,3,82,0.9905875582064562
car,de,3,3,83,0.9905875582064562
car,de,3,3,84,0.9905875582064562
car,de,3,3,85,0.9905875582064562
car,de,3,3,86,0.9905875582064562
car,de,3,3,87,0.9905875582064562
car,de,3,3,88,0.9905875582064562
car,de,3,3,89,0.9905875582064562
car,de,3,3,90,0.9905875582064562
car,de,3,3,91,0.9905875582064562
car,de,3,3,92,0.9905875582064562
car,de,3,3,93,0.9905875582064562
car,de,3,3,94,0.9905875582064562
car,de,3,3,95,0.9905875582064562
car,de,3,3,96,0.9905875582064562
car,de,3,3,97,0.9905875582064562
car,de,3,3,98,0.9905875582064562
car,de,3,3,99,0.9905875582064562
car,de,3,3,100,0.9905875582064562
car,ga,3,3,1,0.7004342594045937
car,ga,3,3,2,0.9891356668236279
car,ga,3,3,3,0.9891356668236279
car,ga,3,3,4,0.9891356668236279
car,ga,3,3,5,0.9891356668236279
car,ga,3,3,6,0.9891356668236279
car,ga,3,3,7,0.9891356668236279
car,ga,3,3,8,0.9891356668236279
car,ga,3,3,9,0.9891356668236279
car,ga,3,3,10,0.9891356668236279
car,ga,3,3,11,0.9891356668236279
car,ga,3,3,12,0.9891356668236279
car,ga,3,3,13,0.9891356668236279
car,ga,3,3,14,0.9891356668236279
car,ga,3,3,15,0.9891356668236279
car,ga,3,3,16,0.9891356668236279
car,ga,3,3,17,0.9891356668236279
car,ga,3,3,18,0.9891356668236279
car,ga,3,3,19,0.9891356668236279
car,ga,3,3,20,0.9891356668236279
car,ga,3,3,21,0.9891356668236279
car,ga,3,3,22,0.9891356668236279
car,ga,3,3,23,0.9891356668236279
car,ga,3,3,24,0.9891356668236279
car,ga,3,3,25,0.9891356668236279
car,ga,3,3,26,0.9891356668236279
car,ga,3,3,27,0.9891356668236279
car,ga,3,3,28,0.9891356668236279
car,ga,3,3,29,0.9891356668236279
car,ga,3,3,30,0.9891356668236279
car,ga,3,3,31,0.9891356668236279
car,ga,3,3,32,0.9891356668236279
car,ga,3,3,33,0.9891356668236279
car,ga,3,3,34,0.9891356668236279
car,ga,3,3,35,0.9891356668236279
car,ga,3,3,36,0.9891356668236279
car,ga,3,3,37,0.9891356668236279
car,ga,3,3,38,0.9891356668236279
car,ga,3,3,39,0.9891356668236279
car,ga,3,3,40,0.9891356668236279
car,ga,3,3,41,0.9891356668236279
car,ga,3,3,42,0.9891356668236279
car,ga,3,3,43,0.9891356668236279
car,ga,3,3,44,0.9891356668236279
car,ga,3,3,45,0.9891356668236279
car,ga,3,3,46,0.9891356668236279
car,ga,3,3,47,0.9891356668236279
car,ga,3,3,48,0.9891408988646472
car,ga,3,3,49,0.9891408988646472
car,ga,3,3,50,0.9891408988646472
car,ga,3,3,51,0.9891408988646472
car,ga,3,3,52,0.9891408988646472
car,ga,3,3,53,0.9891408988646472
car,ga,3,3,54,0.9891408988646472
car,ga,3,3,55,0.9891408988646472
car,ga,3,3,56,0.9891408988646472
car,ga,3,3,57,0.9905875582064562
car,ga,3,3,58,0.9905875582064562
car,ga,3,3,59,0.9905875582064562
car,ga,3,3,60,0.9905875582064562
car,ga,3,3,61,0.9905875582064562
car,ga,3,3,62,0.9905875582064562
car,ga,3,3,63,0.9905875582064562
car,ga,3,3,64,0.9905875582064562
car,ga,3,3,65,0.9905875582064562
car,ga,3,3,66,0.9905875582064562
car,ga,3,3,67,0.9905875582064562
car,ga,3,3,68,0.9905875582064562
car,ga,3,3,69,0.9905875582064562
car,ga,3,3,70,0.9905875582064562
car,ga,3,3,71,0.9905875582064562
car,ga,3,3,72,0.9905875582064562
car,ga,3,3,73,0.9905875582064562
car,ga,3,3,74,0.9905875582064562
car,ga,3,3,75,0.9905875582064562
car,ga,3,3,76,0.9905875582064562
car,ga,3,3,77,0.9905875582064562
car,ga,3,3,78,0.9905875582064562
car,ga,3,3,79,0.9905875582064562
car,ga,3,3,80,0.9905875582064562
car,ga,3,3,81,0.9905875582064562
car,ga,3,3,82,0.9905875582064562
car,ga,3,3,83,0.9905875582064562
car,ga,3,3,84,0.9905875582064562
car,ga,3,3,85,0.9905875582064562
car,ga,3,3,86,0.9905875582064562
car,ga,3,3,87,0.9905875582064562
car,ga,3,3,88,0.9905875582064562
car,ga,3,3,89,0.9905875582064562
car,ga,3,3,90,0.9905875582064562
car,ga,3,3,91,0.9905875582064562
car,ga,3,3,92,0.9905875582064562
car,ga,3,3,93,0.9905875582064562
car,ga,3,3,94,0.9905875582064562
car,ga,3,3,95,0.9905875582064562
car,ga,3,3,96,0.9905875582064562
car,ga,3,3,97,0.9905875582064562
car,ga,3,3,98,0.9905875582064562
car,ga,3,3,99,0.9905875582064562
car,ga,3,3,100,0.9905875582064562
car,sa,3,3,1,0.8769842515565323
car,sa,3,3,2,0.9905875582064562
car,sa,3,3,3,0.9905875582064562
car,sa,3,3,4,0.9905875582064562
car,sa,3,3,5,0.9905875582064562
car,sa,3,3,6,0.9905875582064562
car,sa,3,3,7,0.9905875582064562
car,sa,3,3,8,0.9905875582064562
car,sa,3,3,9,0.9905875582064562
car,sa,3,3,10,0.9905875582064562
car,sa,3,3,11,0.9905875582064562
car,sa,3,3,12,0.9905875582064562
car,sa,3,3,13,0.9905875582064562
car,sa,3,3,14,0.9905875582064562
car,sa,3,3,15,0.9905875582064562
car,sa,3,3,16,0.9905875582064562
car,sa,3,3,17,0.9905875582064562
car,sa,3,3,18,0.9905875582064562
car,sa,3,3,19,0.9905875582064562
car,sa,3,3,20,0.9905875582064562
car,sa,3,3,21,0.9905875582064562
car,sa,3,3,22,0.9905875582064562
car,sa,3,3,23,0.9905875582064562
car,sa,3,3,24,0.9905875582064562
car,sa,3,3,25,0.9905875582064562
car,sa,3,3,26,0.9905875582064562
car,sa,3,3,27,0.9905875582064562
car,sa,3,3,28,0.9905875582064562
car,sa,3,3,29,0.9905875582064562
car,sa,3,3,30,0.9905875582064562
car,sa,3,3,31,0.9905875582064562
car,sa,3,3,32,0.9905875582064562
car,sa,3,3,33,0.9905875582064562
car,sa,3,3,34,0.9905875582064562
car,sa,3,3,35,0.9905875582064562
car,sa,3,3,36,0.9905875582064562
car,sa,3,3,37,0.9905875582064562
car,sa,3,3,38,0.9905875582064562
car,sa,3,3,39,0.9905875582064562
car,sa,3,3,40,0.9905875582064562
car,sa,3,3,41,0.9905875582064562
car,sa,3,3,42,0.9905875582064562
car,sa,3,3,43,0.9905875582064562
car,sa,3,3,44,0.9905875582064562
car,sa,3,3,45,0.9905875582064562
car,sa,3,3,46,0.9905875582064562
car,sa,3,3,47,0.9905875582064562
car,sa,3,3,48,0.9905875582064562
car,sa,3,3,49,0.9905875582064562
car,sa,3,3,50,0.9905875582064562
car,sa,3,3,51,0.9905875582064562
car,sa,3,3,52,0.9905875582064562
car,sa,3,3,53,0.9905875582064562
car,sa,3,3,54,0.9905875582064562
car,sa,3,3,55,0.9905875582064562
car,sa,3,3,56,0.9905875582064562
car,sa,3,3,57,0.9905875582064562
car,sa,3,3,58,0.9905875582064562
car,sa,3,3,59,0.9905875582064562
car,sa,3,3,60,0.9905875582064562
car,sa,3,3,61,0.9905875582064562
car,sa,3,3,62,0.9905875582064562
car,sa,3,3,63,0.9905875582064562
car,sa,3,3,64,0.9905875582064562
car,sa,3,3,65,0.9905875582064562
car,sa,3,3,66,0.9905875582064562
car,sa,3,3,67,0.9905875582064562
car,sa,3,3,68,0.9905875582064562
car,sa,3,3,69,0.9905875582064562
car,sa,3,3,70,0.9905875582064562
car,sa,3,3,71,0.9905875582064562
car,sa,3,3,72,0.9905875582064562
car,sa,3,3,73,0.9905875582064562
car,sa,3,3,74,0.9905875582064562
car,sa,3,3,75,0.9905875582064562
car,sa,3,3,76,0.9905875582064562
car,sa,3,3,77,0.9905875582064562
car,sa,3,3,78,0.9905875582064562
car,sa,3,3,79,0.9905875582064562
car,sa,3,3,80,0.9905875582064562
car,sa,3,3,81,0.9905875582064562
car,sa,3,3,82,0.9905875582064562
car,sa,3,3,83,0.9905875582064562
car,sa,3,3,84,0.9905875582064562
car,sa,3,3,85,0.9905875582064562
car,sa,3,3,86,0.9905875582064562
car,sa,3,3,87,0.9905875582064562
car,sa,3,3,88,0.9905875582064562
car,sa,3,3,89,0.9905875582064562
car,sa,3,3,90,0.9905875582064562
car,sa,3,3,91,0.9905875582064562
car,sa,3,3,92,0.9905875582064562
car,sa,3,3,93,0.9905875582064562
car,sa,3,3,94,0.9905875582064562
car,sa,3,3,95,0.9905875582064562
car,sa,3,3,96,0.9905875582064562
car,sa,3,3,97,0.9905875582064562
car,sa,3,3,98,0.9905875582064562
car,sa,3,3,99,0.9905875582064562
car,sa,3,3,100,0.9905875582064562
car,grid,4,4,1,0.7004342594045937
car,grid,4,4,2,0.7004342594045937
car,grid,4,4,3,0.7004342594045937
car,grid,4,4,4,0.7004342594045937
car,grid,4,4,5,0.7004342594045937
car,grid,4,4,6,0.7004342594045937
car,grid,4,4,7,0.7004342594045937
car,grid,4,4,8,0.7004342594045937
car,grid,4,4,9,0.7004342594045937
car,grid,4,4,10,0.7004342594045937
car,grid,4,4,11,0.7004342594045937
car,grid,4,4,12,0.7004342594045937
car,grid,4,4,13,0.7004342594045937
car,grid,4,4,14,0.7004342594045937
car,grid,4,4,15,0.7004342594045937
car,grid,4,4,16,0.8097106681316382
car,grid,4,4,17,0.8097106681316382
car,grid,4,4,18,0.8097106681316382
car,grid,4,4,19,0.8097106681316382
car,grid,4,4,20,0.8097106681316382
car,grid,4,4,21,0.8097106681316382
car,grid,4,4,22,0.8097106681316382
car,grid,4,4,23,0.8097106681316382
car,grid,4,4,24,0.8097106681316382
car,grid,4,4,25,0.8697404907654477
car,grid,4,4,26,0.9319913148119081
car,grid,4,4,27,0.9319913148119081
car,grid,4,4,28,0.9319913148119081
car,grid,4,4,29,0.9319913148119081
car,grid,4,4,30,0.9319913148119081
car,grid,4,4,31,0.9319913148119081
car,grid,4,4,32,0.9319913148119081
car,grid,4,4,33,0.9319913148119081
car,grid,4,4,34,0.9319913148119081
car,grid,4,4,35,0.9450086328676818
car,grid,4,4,36,0.9761157327473449
car,grid,4,4,37,0.9761157327473449
car,grid,4,4,38,0.9761157327473449
car,grid,4,4,39,0.9761157327473449
car,grid,4,4,40,0.9761157327473449
car,grid,4,4,41,0.9761157327473449
car,grid,4,4,42,0.9761157327473449
car,grid,4,4,43,0.9761157327473449
car,grid,4,4,44,0.9761157327473449
car,grid,4,4,45,0.9761157327473449
car,grid,4,4,46,0.988413645162978
car,grid,4,4,47,0.988413645162978
car,grid,4,4,48,0.988413645162978
car,grid,4,4,49,0.988413645162978
car,grid,4,4,50,0.988413645162978
car,grid,4,4,51,0.988413645162978
car,grid,4,4,52,0.988413645162978
car,grid,4,4,53,0.988413645162978
car,grid,4,4,54,0.988413645162978
car,grid,4,4,55,0.988413645162978
car,grid,4,4,56,0.988413645162978
car,grid,4,4,57,0.988413645162978
car,grid,4,4,58,0.988413645162978
car,grid,4,4,59,0.988413645162978
car,grid,4,4,60,0.988413645162978
car,grid,4,4,61,0.988413645162978
car,grid,4,4,62,0.988413645162978
car,grid,4,4,63,0.988413645162978
car,grid,4,4,64,0.988413645162978
car,grid,4,4,65,0.988413645162978
car,grid,4,4,66,0.988413645162978
car,grid,4,4,67,0.988413645162978
car,grid,4,4,68,0.988413645162978
car,grid,4,4,69,0.988413645162978
car,grid,4,4,70,0.988413645162978
car,grid,4,4,71,0.988413645162978
car,grid,4,4,72,0.988413645162978
car,grid,4,4,73,0.988413645162978
car,grid,4,4,74,0.988413645162978
car,grid,4,4,75,0.988413645162978
car,grid,4,4,76,0.988413645162978
car,grid,4,4,77,0.988413645162978
car,grid,4,4,78,0.988413645162978
car,grid,4,4,79,0.988413645162978
car,grid,4,4,80,0.988413645162978
car,grid,4,4,81,0.988413645162978
car,grid,4,4,82,0.988413645162978
car,grid,4,4,83,0.988413645162978
car,grid,4,4,84,0.988413645162978
car,grid,4,4,85,0.988413645162978
car,grid,4,4,86,0.988413645162978
car,grid,4,4,87,0.988413645162978
car,grid,4,4,88,0.988413645162978
car,grid,4,4,89,0.988413645162978
car,grid,4,4,90,0.988413645162978
car,grid,4,4,91,0.988413645162978
car,grid,4,4,92,0.988413645162978
car,grid,4,4,93,0.988413645162978
car,grid,4,4,94,0.988413645162978
car,grid,4,4,95,0.988413645162978
car,grid,4,4,96,0.988413645162978
car,grid,4,4,97,0.988413645162978
car,grid,4,4,98,0.988413645162978
car,grid,4,4,99,0.988413645162978
car,grid,4,4,100,0.988413645162978
car,random,4,4,1,0.9898629205252968
car,random,4,4,2,0.9898629205252968
car,random,4,4,3,0.9898629205252968
car,random,4,4,4,0.9898629205252968
car,random,4,4,5,0.9898629205252968
car,random,4,4,6,0.9898629205252968
car,random,4,4,7,0.9898629205252968
car,random,4,4,8,0.9898629205252968
car,random,4,4,9,0.9898629205252968
car,random,4,4,10,0.9898629205252968
car,random,4,4,11,0.9898629205252968
car,random,4,4,12,0.9898629205252968
car,random,4,4,13,0.9898629205252968
car,random,4,4,14,0.9898629205252968
car,random,4,4,15,0.9898629205252968
car,random,4,4,16,0.9898629205252968
car,random,4,4,17,0.9898629205252968
car,random,4,4,18,0.9898629205252968
car,random,4,4,19,0.9898629205252968
car,random,4,4,20,0.9898629205252968
car,random,4,4,21,0.9898629205252968
car,random,4,4,22,0.9898629205252968
car,random,4,4,23,0.9898629205252968
car,random,4,4,24,0.9898629205252968
car,random,4,4,25,0.9898629205252968
car,random,4,4,26,0.9898629205252968
car,random,4,4,27,0.9898629205252968
car,random,4,4,28,0.9898629205252968
car,random,4,4,29,0.9898629205252968
car,random,4,4,30,0.9898629205252968
car,random,4,4,31,0.9898629205252968
car,random,4,4,32,0.9898629205252968
car,random,4,4,33,0.9898629205252968
car,random,4,4,34,0.9898629205252968
car,random,4,4,35,0.9898629205252968
car,random,4,4,36,0.9898629205252968
car,random,4,4,37,0.9898629205252968
car,random,4,4,38,0.9898629205252968
car,random,4,4,39,0.9898629205252968
car,random,4,4,40,0.9898629205252968
car,random,4,4,41,0.9898629205252968
car,random,4,4,42,0.9905875582064562
car,random,4,4,43,0.9905875582064562
car,random,4,4,44,0.9905875582064562
car,random,4,4,45,0.9905875582064562
car,random,4,4,46,0.9905875582064562
car,random,4,4,47,0.9905875582064562
car,random,4,4,48,0.9905875582064562
car,random,4,4,49,0.9905875582064562
car,random,4,4,50,0.9905875582064562
car,random,4,4,51,0.9905875582064562
car,random,4,4,52,0.9905875582064562
car,random,4,4,53,0.9905875582064562
car,random,4,4,54,0.9905875582064562
car,random,4,4,55,0.9905875582064562
car,random,4,4,56,0.9905875582064562
car,random,4,4,57,0.9905875582064562
car,random,4,4,58,0.9905875582064562
car,random,4,4,59,0.9905875582064562
car,random,4,4,60,0.9905875582064562
car,random,4,4,61,0.9905875582064562
car,random,4,4,62,0.9905875582064562
car,random,4,4,63,0.9905875582064562
car,random,4,4,64,0.9905875582064562
car,random,4,4,65,0.9905875582064562
car,random,4,4,66,0.9905875582064562
car,random,4,4,67,0.9905875582064562
car,random,4,4,68,0.9905875582064562
car,random,4,4,69,0.9905875582064562
car,random,4,4,70,0.9905875582064562
car,random,4,4,71,0.9905875582064562
car,random,4,4,72,0.9905875582064562
car,random,4,4,73,0.9905875582064562
car,random,4,4,74,0.9905875582064562
car,random,4,4,75,0.9905875582064562
car,random,4,4,76,0.9905875582064562
car,random,4,4,77,0.9905875582064562
car,random,4,4,78,0.9905875582064562
car,random,4,4,79,0.9905875582064562
car,random,4,4,80,0.9905875582064562
car,random,4,4,81,0.9905875582064562
car,random,4,4,82,0.9905875582064562
car,random,4,4,83,0.9905875582064562
car,random,4,4,84,0.9905875582064562
car,random,4,4,85,0.9905875582064562
car,random,4,4,86,0.9905875582064562
car,random,4,4,87,0.9905875582064562
car,random,4,4,88,0.9905875582064562
car,random,4,4,89,0.9905875582064562
car,random,4,4,90,0.9905875582064562
car,random,4,4,91,0.9905875582064562
car,random,4,4,92,0.9905875582064562
car,random,4,4,93,0.9905875582064562
car,random,4,4,94,0.9905875582064562
car,random,4,4,95,0.9905875582064562
car,random,4,4,96,0.9905875582064562
car,random,4,4,97,0.9905875582064562
car,random,4,4,98,0.9905875582064562
car,random,4,4,99,0.9905875582064562
car,random,4,4,100,0.9905875582064562
car,bo_tpe,4,4,1,0.9898629205252968
car,bo_tpe,4,4,2,0.9898629205252968
car,bo_tpe,4,4,3,0.9898629205252968
car,bo_tpe,4,4,4,0.9898629205252968
car,bo_tpe,4,4,5,0.9898629205252968
car,bo_tpe,4,4,6,0.9898629205252968
car,bo_tpe,4,4,7,0.9898629205252968
car,bo_tpe,4,4,8,0.9898629205252968
car,bo_tpe,4,4,9,0.9898629205252968
car,bo_tpe,4,4,10,0.9898629205252968
car,bo_tpe,4,4,11,0.9898629205252968
car,bo_tpe,4,4,12,0.9898629205252968
car,bo_tpe,4,4,13,0.9898629205252968
car,bo_tpe,4,4,14,0.9898629205252968
car,bo_tpe,4,4,15,0.9898629205252968
car,bo_tpe,4,4,16,0.9898629205252968
car,bo_tpe,4,4,17,0.9898629205252968
car,bo_tpe,4,4,18,0.9898629205252968
car,bo_tpe,4,4,19,0.9898629205252968
car,bo_tpe,4,4,20,0.9898629205252968
car,bo_tpe,4,4,21,0.9898629205252968
car,bo_tpe,4,4,22,0.9898629205252968
car,bo_tpe,4,4,23,0.9898629205252968
car,bo_tpe,4,4,24,0.9898629205252968
car,bo_tpe,4,4,25,0.9898629205252968
car,bo_tpe,4,4,26,0.9898629205252968
car,bo_tpe,4,4,27,0.9898629205252968
car,bo_tpe,4,4,28,0.9898629205252968
car,bo_tpe,4,4,29,0.9898629205252968
car,bo_tpe,4,4,30,0.9898629205252968
car,bo_tpe,4,4,31,0.9898629205252968
car,bo_tpe,4,4,32,0.9898629205252968
car,bo_tpe,4,4,33,0.9898629205252968
car,bo_tpe,4,4,34,0.9898629205252968
car,bo_tpe,4,4,35,0.9905875582064562
car,bo_tpe,4,4,36,0.9905875582064562
car,bo_tpe,4,4,37,0.9905875582064562
car,bo_tpe,4,4,38,0.9905875582064562
car,bo_tpe,4,4,39,0.9905875582064562
car,bo_tpe,4,4,40,0.9905875582064562
car,bo_tpe,4,4,41,0.9905875582064562
car,bo_tpe,4,4,42,0.9905875582064562
car,bo_tpe,4,4,43,0.9905875582064562
car,bo_tpe,4,4,44,0.9905875582064562
car,bo_tpe,4,4,45,0.9905875582064562
car,bo_tpe,4,4,46,0.9905875582064562
car,bo_tpe,4,4,47,0.9905875582064562
car,bo_tpe,4,4,48,0.9905875582064562
car,bo_tpe,4,4,49,0.9905875582064562
car,bo_tpe,4,4,50,0.9905875582064562
car,bo_tpe,4,4,51,0.9905875582064562
car,bo_tpe,4,4,52,0.9905875582064562
car,bo_tpe,4,4,53,0.9905875582064562
car,bo_tpe,4,4,54,0.9905875582064562
car,bo_tpe,4,4,55,0.9905875582064562
car,bo_tpe,4,4,56,0.9905875582064562
car,bo_tpe,4,4,57,0.9905875582064562
car,bo_tpe,4,4,58,0.9905875582064562
car,bo_tpe,4,4,59,0.9905875582064562
car,bo_tpe,4,4,60,0.9905875582064562
car,bo_tpe,4,4,61,0.9905875582064562
car,bo_tpe,4,4,62,0.9905875582064562
car,bo_tpe,4,4,63,0.9905875582064562
car,bo_tpe,4,4,64,0.9905875582064562
car,bo_tpe,4,4,65,0.9905875582064562
car,bo_tpe,4,4,66,0.9905875582064562
car,bo_tpe,4,4,67,0.9905875582064562
car,bo_tpe,4,4,68,0.9905875582064562
car,bo_tpe,4,4,69,0.9905875582064562
car,bo_tpe,4,4,70,0.9905875582064562
car,bo_tpe,4,4,71,0.9905875582064562
car,bo_tpe,4,4,72,0.9905875582064562
car,bo_tpe,4,4,73,0.9905875582064562
car,bo_tpe,4,4,74,0.9905875582064562
car,bo_tpe,4,4,75,0.9905875582064562
car,bo_tpe,4,4,76,0.9905875582064562
car,bo_tpe,4,4,77,0.9905875582064562
car,bo_tpe,4,4,78,0.9905875582064562
car,bo_tpe,4,4,79,0.9905875582064562
car,bo_tpe,4,4,80,0.9905875582064562
car,bo_tpe,4,4,81,0.9905875582064562
car,bo_tpe,4,4,82,0.9905875582064562
car,bo_tpe,4,4,83,0.9905875582064562
car,bo_tpe,4,4,84,0.9905875582064562
car,bo_tpe,4,4,85,0.9905875582064562
car,bo_tpe,4,4,86,0.9905875582064562
car,bo_tpe,4,4,87,0.9905875582064562
car,bo_tpe,4,4,88,0.9905875582064562
car,bo_tpe,4,4,89,0.9905875582064562
car,bo_tpe,4,4,90,0.9905875582064562
car,bo_tpe,4,4,91,0.9905875582064562
car,bo_tpe,4,4,92,0.9905875582064562
car,bo_tpe,4,4,93,0.9905875582064562
car,bo_tpe,4,4,94,0.9905875582064562
car,bo_tpe,4,4,95,0.9905875582064562
car,bo_tpe,4,4,96,0.9905875582064562
car,bo_tpe,4,4,97,0.9905875582064562
car,bo_tpe,4,4,98,0.9905875582064562
car,bo_tpe,4,4,99,0.9905875582064562
car,bo_tpe,4,4,100,0.9905875582064562
car,pso,4,4,1,0.9876890074818185
car,pso,4,4,2,0.9876890074818185
car,pso,4,4,3,0.9876890074818185
car,pso,4,4,4,0.9876890074818185
car,pso,4,4,5,0.9876890074818185
car,pso,4,4,6,0.9876890074818185
car,pso,4,4,7,0.9891408988646472
car,pso,4,4,8,0.9891408988646472
car,pso,4,4,9,0.9891408988646472
car,pso,4,4,10,0.9891408988646472
car,pso,4,4,11,0.9891408988646472
car,pso,4,4,12,0.9891408988646472
car,pso,4,4,13,0.9891408988646472
car,pso,4,4,14,0.9891408988646472
car,pso,4,4,15,0.9891408988646472
car,pso,4,4,16,0.9891408988646472
car,pso,4,4,17,0.9891408988646472
car,pso,4,4,18,0.9891408988646472
car,pso,4,4,19,0.9891408988646472
car,pso,4,4,20,0.9891408988646472
car,pso,4,4,21,0.9905875582064562
car,pso,4,4,22,0.9905875582064562
car,pso,4,4,23,0.9905875582064562
car,pso,4,4,24,0.9905875582064562
car,pso,4,4,25,0.9905875582064562
car,pso,4,4,26,0.9905875582064562
car,pso,4,4,27,0.9905875582064562
car,pso,4,4,28,0.9905875582064562
car,pso,4,4,29,0.9905875582064562
car,pso,4,4,30,0.9905875582064562
car,pso,4,4,31,0.9905875582064562
car,pso,4,4,32,0.9905875582064562
car,pso,4,4,33,0.9905875582064562
car,pso,4,4,34,0.9905875582064562
car,pso,4,4,35,0.9905875582064562
car,pso,4,4,36,0.9905875582064562
car,pso,4,4,37,0.9905875582064562
car,pso,4,4,38,0.9905875582064562
car,pso,4,4,39,0.9905875582064562
car,pso,4,4,40,0.9905875582064562
car,pso,4,4,41,0.9905875582064562
car,pso,4,4,42,0.9905875582064562
car,pso,4,4,43,0.9905875582064562
car,pso,4,4,44,0.9905875582064562
car,pso,4,4,45,0.9905875582064562
car,pso,4,4,46,0.9905875582064562
car,pso,4,4,47,0.9905875582064562
car,pso,4,4,48,0.9905875582064562
car,pso,4,4,49,0.9905875582064562
car,pso,4,4,50,0.9905875582064562
car,pso,4,4,51,0.9905875582064562
car,pso,4,4,52,0.9905875582064562
car,pso,4,4,53,0.9905875582064562
car,pso,4,4,54,0.9905875582064562
car,pso,4,4,55,0.9905875582064562
car,pso,4,4,56,0.9905875582064562
car,pso,4,4,57,0.9905875582064562
car,pso,4,4,58,0.9905875582064562
car,pso,4,4,59,0.9905875582064562
car,pso,4,4,60,0.9905875582064562
car,pso,4,4,61,0.9905875582064562
car,pso,4,4,62,0.9905875582064562
car,pso,4,4,63,0.9905875582064562
car,pso,4,4,64,0.9905875582064562
car,pso,4,4,65,0.9905875582064562
car,pso,4,4,66,0.9905875582064562
car,pso,4,4,67,0.9905875582064562
car,pso,4,4,68,0.9905875582064562
car,pso,4,4,69,0.9905875582064562
car,pso,4,4,70,0.9905875582064562
car,pso,4,4,71,0.9905875582064562
car,pso,4,4,72,0.9905875582064562
car,pso,4,4,73,0.9905875582064562
car,pso,4,4,74,0.9905875582064562
car,pso,4,4,75,0.9905875582064562
car,pso,4,4,76,0.9905875582064562
car,pso,4,4,77,0.9905875582064562
car,pso,4,4,78,0.9905875582064562
car,pso,4,4,79,0.9905875582064562
car,pso,4,4,80,0.9905875582064562
car,pso,4,4,81,0.9905875582064562
car,pso,4,4,82,0.9905875582064562
car,pso,4,4,83,0.9905875582064562
car,pso,4,4,84,0.9905875582064562
car,pso,4,4,85,0.9905875582064562
car,pso,4,4,86,0.9905875582064562
car,pso,4,4,87,0.9905875582064562
car,pso,4,4,88,0.9905875582064562
car,pso,4,4,89,0.9905875582064562
car,pso,4,4,90,0.9905875582064562
car,pso,4,4,91,0.9905875582064562
car,pso,4,4,92,0.9905875582064562
car,pso,4,4,93,0.9905875582064562
car,pso,4,4,94,0.9905875582064562
car,pso,4,4,95,0.9905875582064562
car,pso,4,4,96,0.9905875582064562
car,pso,4,4,97,0.9905875582064562
car,pso,4,4,98,0.9905875582064562
car,pso,4,4,99,0.9905875582064562
car,pso,4,4,100,0.9905875582064562
car,de,4,4,1,0.9905875582064562
car,de,4,4,2,0.9905875582064562
car,de,4,4,3,0.9905875582064562
car,de,4,4,4,0.9905875582064562
car,de,4,4,5,0.9905875582064562
car,de,4,4,6,0.9905875582064562
car,de,4,4,7,0.9905875582064562
car,de,4,4,8,0.9905875582064562
car,de,4,4,9,0.9905875582064562
car,de,4,4,10,0.9905875582064562
car,de,4,4,11,0.9905875582064562
car,de,4,4,12,0.9905875582064562
car,de,4,4,13,0.9905875582064562
car,de,4,4,14,0.9905875582064562
car,de,4,4,15,0.9905875582064562
car,de,4,4,16,0.9905875582064562
car,de,4,4,17,0.9905875582064562
car,de,4,4,18,0.9905875582064562
car,de,4,4,19,0.9905875582064562
car,de,4,4,20,0.9905875582064562
car,de,4,4,21,0.9905875582064562
car,de,4,4,22,0.9905875582064562
car,de,4,4,23,0.9905875582064562
car,de,4,4,24,0.9905875582064562
car,de,4,4,25,0.9905875582064562
car,de,4,4,26,0.9905875582064562
car,de,4,4,27,0.9905875582064562
car,de,4,4,28,0.9905875582064562
car,de,4,4,29,0.9905875582064562
car,de,4,4,30,0.9905875582064562
car,de,4,4,31,0.9905875582064562
car,de,4,4,32,0.9905875582064562
car,de,4,4,33,0.9905875582064562
car,de,4,4,34,0.9905875582064562
car,de,4,4,35,0.9905875582064562
car,de,4,4,36,0.9905875582064562
car,de,4,4,37,0.9905875582064562
car,de,4,4,38,0.9905875582064562
car,de,4,4,39,0.9905875582064562
car,de,4,4,40,0.9905875582064562
car,de,4,4,41,0.9905875582064562
car,de,4,4,42,0.9905875582064562
car,de,4,4,43,0.9905875582064562
car,de,4,4,44,0.9905875582064562
car,de,4,4,45,0.9905875582064562
car,de,4,4,46,0.9905875582064562
car,de,4,4,47,0.9905875582064562
car,de,4,4,48,0.9905875582064562
car,de,4,4,49,0.9905875582064562
car,de,4,4,50,0.9905875582064562
car,de,4,4,51,0.9905875582064562
car,de,4,4,52,0.9905875582064562
car,de,4,4,53,0.9905875582064562
car,de,4,4,54,0.9905875582064562
car,de,4,4,55,0.9905875582064562
car,de,4,4,56,0.9905875582064562
car,de,4,4,57,0.9905875582064562
car,de,4,4,58,0.9905875582064562
car,de,4,4,59,0.9905875582064562
car,de,4,4,60,0.9905875582064562
car,de,4,4,61,0.9905875582064562
car,de,4,4,62,0.9905875582064562
car,de,4,4,63,0.9905875582064562
car,de,4,4,64,0.9905875582064562
car,de,4,4,65,0.9905875582064562
car,de,4,4,66,0.9905875582064562
car,de,4,4,67,0.9905875582064562
car,de,4,4,68,0.9905875582064562
car,de,4,4,69,0.9905875582064562
car,de,4,4,70,0.9905875582064562
car,de,4,4,71,0.9905875582064562
car,de,4,4,72,0.9905875582064562
car,de,4,4,73,0.9905875582064562
car,de,4,4,74,0.9905875582064562
car,de,4,4,75,0.9905875582064562
car,de,4,4,76,0.9905875582064562
car,de,4,4,77,0.9905875582064562
car,de,4,4,78,0.9905875582064562
car,de,4,4,79,0.9905875582064562
car,de,4,4,80,0.9905875582064562
car,de,4,4,81,0.9905875582064562
car,de,4,4,82,0.9905875582064562
car,de,4,4,83,0.9905875582064562
car,de,4,4,84,0.9905875582064562
car,de,4,4,85,0.9905875582064562
car,de,4,4,86,0.9905875582064562
car,de,4,4,87,0.9905875582064562
car,de,4,4,88,0.9905875582064562
car,de,4,4,89,0.9905875582064562
car,de,4,4,90,0.9905875582064562
car,de,4,4,91,0.9905875582064562
car,de,4,4,92,0.9905875582064562
car,de,4,4,93,0.9905875582064562
car,de,4,4,94,0.9905875582064562
car,de,4,4,95,0.9905875582064562
car,de,4,4,96,0.9905875582064562
car,de,4,4,97,0.9905875582064562
car,de,4,4,98,0.9905875582064562
car,de,4,4,99,0.9905875582064562
car,de,4,4,100,0.9905875582064562
car,ga,4,4,1,0.9905875582064562
car,ga,4,4,2,0.9905875582064562
car,ga,4,4,3,0.9905875582064562
car,ga,4,4,4,0.9905875582064562
car,ga,4,4,5,0.9905875582064562
car,ga,4,4,6,0.9905875582064562
car,ga,4,4,7,0.9905875582064562
car,ga,4,4,8,0.9905875582064562
car,ga,4,4,9,0.9905875582064562
car,ga,4,4,10,0.9905875582064562
car,ga,4,4,11,0.9905875582064562
car,ga,4,4,12,0.9905875582064562
car,ga,4,4,13,0.9905875582064562
car,ga,4,4,14,0.9905875582064562
car,ga,4,4,15,0.9905875582064562
car,ga,4,4,16,0.9905875582064562
car,ga,4,4,17,0.9905875582064562
car,ga,4,4,18,0.9905875582064562
car,ga,4,4,19,0.9905875582064562
car,ga,4,4,20,0.9905875582064562
car,ga,4,4,21,0.9905875582064562
car,ga,4,4,22,0.9905875582064562
car,ga,4,4,23,0.9905875582064562
car,ga,4,4,24,0.9905875582064562
car,ga,4,4,25,0.9905875582064562
car,ga,4,4,26,0.9905875582064562
car,ga,4,4,27,0.9905875582064562
car,ga,4,4,28,0.9905875582064562
car,ga,4,4,29,0.9905875582064562
car,ga,4,4,30,0.9905875582064562
car,ga,4,4,31,0.9905875582064562
car,ga,4,4,32,0.9905875582064562
car,ga,4,4,33,0.9905875582064562
car,ga,4,4,34,0.9905875582064562
car,ga,4,4,35,0.9905875582064562
car,ga,4,4,36,0.9905875582064562
car,ga,4,4,37,0.9905875582064562
car,ga,4,4,38,0.9905875582064562
car,ga,4,4,39,0.9905875582064562
car,ga,4,4,40,0.9905875582064562
car,ga,4,4,41,0.9905875582064562
car,ga,4,4,42,0.9905875582064562
car,ga,4,4,43,0.9905875582064562
car,ga,4,4,44,0.9905875582064562
car,ga,4,4,45,0.9905875582064562
car,ga,4,4,46,0.9905875582064562
car,ga,4,4,47,0.9905875582064562
car,ga,4,4,48,0.9905875582064562
car,ga,4,4,49,0.9905875582064562
car,ga,4,4,50,0.9905875582064562
car,ga,4,4,51,0.9905875582064562
car,ga,4,4,52,0.9905875582064562
car,ga,4,4,53,0.9905875582064562
car,ga,4,4,54,0.9905875582064562
car,ga,4,4,55,0.9905875582064562
car,ga,4,4,56,0.9905875582064562
car,ga,4,4,57,0.9905875582064562
car,ga,4,4,58,0.9905875582064562
car,ga,4,4,59,0.9905875582064562
car,ga,4,4,60,0.9905875582064562
car,ga,4,4,61,0.9905875582064562
car,ga,4,4,62,0.9905875582064562
car,ga,4,4,63,0.9905875582064562
car,ga,4,4,64,0.9905875582064562
car,ga,4,4,65,0.9905875582064562
car,ga,4,4,66,0.9905875582064562
car,ga,4,4,67,0.9905875582064562
car,ga,4,4,68,0.9905875582064562
car,ga,4,4,69,0.9905875582064562
car,ga,4,4,70,0.9905875582064562
car,ga,4,4,71,0.9905875582064562
car,ga,4,4,72,0.9905875582064562
car,ga,4,4,73,0.9905875582064562
car,ga,4,4,74,0.9905875582064562
car,ga,4,4,75,0.9905875582064562
car,ga,4,4,76,0.9905875582064562
car,ga,4,4,77,0.9905875582064562
car,ga,4,4,78,0.9905875582064562
car,ga,4,4,79,0.9905875582064562
car,ga,4,4,80,0.9905875582064562
car,ga,4,4,81,0.9905875582064562
car,ga,4,4,82,0.9905875582064562
car,ga,4,4,83,0.9905875582064562
car,ga,4,4,84,0.9905875582064562
car,ga,4,4,85,0.9905875582064562
car,ga,4,4,86,0.9905875582064562
car,ga,4,4,87,0.9905875582064562
car,ga,4,4,88,0.9905875582064562
car,ga,4,4,89,0.9905875582064562
car,ga,4,4,90,0.9905875582064562
car,ga,4,4,91,0.9905875582064562
car,ga,4,4,92,0.9905875582064562
car,ga,4,4,93,0.9905875582064562
car,ga,4,4,94,0.9905875582064562
car,ga,4,4,95,0.9905875582064562
car,ga,4,4,96,0.9905875582064562
car,ga,4,4,97,0.9905875582064562
car,ga,4,4,98,0.9905875582064562
car,ga,4,4,99,0.9905875582064562
car,ga,4,4,100,0.9905875582064562
car,sa,4,4,1,0.9898629205252968
car,sa,4,4,2,0.9898629205252968
car,sa,4,4,3,0.9905875582064562
car,sa,4,4,4,0.9905875582064562
car,sa,4,4,5,0.9905875582064562
car,sa,4,4,6,0.9905875582064562
car,sa,4,4,7,0.9905875582064562
car,sa,4,4,8,0.9905875582064562
car,sa,4,4,9,0.9905875582064562
car,sa,4,4,10,0.9905875582064562
car,sa,4,4,11,0.9905875582064562
car,sa,4,4,12,0.9905875582064562
car,sa,4,4,13,0.9905875582064562
car,sa,4,4,14,0.9905875582064562
car,sa,4,4,15,0.9905875582064562
car,sa,4,4,16,0.9905875582064562
car,sa,4,4,17,0.9905875582064562
car,sa,4,4,18,0.9905875582064562
car,sa,4,4,19,0.9905875582064562
car,sa,4,4,20,0.9905875582064562
car,sa,4,4,21,0.9905875582064562
car,sa,4,4,22,0.9905875582064562
car,sa,4,4,23,0.9905875582064562
car,sa,4,4,24,0.9905875582064562
car,sa,4,4,25,0.9905875582064562
car,sa,4,4,26,0.9905875582064562
car,sa,4,4,27,0.9905875582064562
car,sa,4,4,28,0.9905875582064562
car,sa,4,4,29,0.9905875582064562
car,sa,4,4,30,0.9905875582064562
car,sa,4,4,31,0.9905875582064562
car,sa,4,4,32,0.9905875582064562
car,sa,4,4,33,0.9905875582064562
car,sa,4,4,34,0.9905875582064562
car,sa,4,4,35,0.9905875582064562
car,sa,4,4,36,0.9905875582064562
car,sa,4,4,37,0.9905875582064562
car,sa,4,4,38,0.9905875582064562
car,sa,4,4,39,0.9905875582064562
car,sa,4,4,40,0.9905875582064562
car,sa,4,4,41,0.9905875582064562
car,sa,4,4,42,0.9905875582064562
car,sa,4,4,43,0.9905875582064562
car,sa,4,4,44,0.9905875582064562
car,sa,4,4,45,0.9905875582064562
car,sa,4,4,46,0.9905875582064562
car,sa,4,4,47,0.9905875582064562
car,sa,4,4,48,0.9905875582064562
car,sa,4,4,49,0.9905875582064562
car,sa,4,4,50,0.9905875582064562
car,sa,4,4,51,0.9905875582064562
car,sa,4,4,52,0.9905875582064562
car,sa,4,4,53,0.9905875582064562
car,sa,4,4,54,0.9905875582064562
car,sa,4,4,55,0.9905875582064562
car,sa,4,4,56,0.9905875582064562
car,sa,4,4,57,0.9905875582064562
car,sa,4,4,58,0.9905875582064562
car,sa,4,4,59,0.9905875582064562
car,sa,4,4,60,0.9905875582064562
car,sa,4,4,61,0.9905875582064562
car,sa,4,4,62,0.9905875582064562
car,sa,4,4,63,0.9905875582064562
car,sa,4,4,64,0.9905875582064562
car,sa,4,4,65,0.9905875582064562
car,sa,4,4,66,0.9905875582064562
car,sa,4,4,67,0.9905875582064562
car,sa,4,4,68,0.9905875582064562
car,sa,4,4,69,0.9905875582064562
car,sa,4,4,70,0.9905875582064562
car,sa,4,4,71,0.9905875582064562
car,sa,4,4,72,0.9905875582064562
car,sa,4,4,73,0.9905875582064562
car,sa,4,4,74,0.9905875582064562
car,sa,4,4,75,0.9905875582064562
car,sa,4,4,76,0.9905875582064562
car,sa,4,4,77,0.9905875582064562
car,sa,4,4,78,0.9905875582064562
car,sa,4,4,79,0.9905875582064562
car,sa,4,4,80,0.9905875582064562
car,sa,4,4,81,0.9905875582064562
car,sa,4,4,82,0.9905875582064562
car,sa,4,4,83,0.9905875582064562
car,sa,4,4,84,0.9905875582064562
car,sa,4,4,85,0.9905875582064562
car,sa,4,4,86,0.9905875582064562
car,sa,4,4,87,0.9905875582064562
car,sa,4,4,88,0.9905875582064562
car,sa,4,4,89,0.9905875582064562
car,sa,4,4,90,0.9905875582064562
car,sa,4,4,91,0.9905875582064562
car,sa,4,4,92,0.9905875582064562
car,sa,4,4,93,0.9905875582064562
car,sa,4,4,94,0.9905875582064562
car,sa,4,4,95,0.9905875582064562
car,sa,4,4,96,0.9905875582064562
car,sa,4,4,97,0.9905875582064562
car,sa,4,4,98,0.9905875582064562
car,sa,4,4,99,0.9905875582064562
car,sa,4,4,100,0.9905875582064562
car,grid,5,5,1,0.7004342594045937
car,grid,5,5,2,0.7004342594045937
car,grid,5,5,3,0.7004342594045937
car,grid,5,5,4,0.7004342594045937
car,grid,5,5,5,0.7004342594045937
car,grid,5,5,6,0.7004342594045937
car,grid,5,5,7,0.7004342594045937
car,grid,5,5,8,0.7004342594045937
car,grid,5,5,9,0.7004342594045937
car,grid,5,5,10,0.7004342594045937
car,grid,5,5,11,0.7004342594045937
car,grid,5,5,12,0.7004342594045937
car,grid,5,5,13,0.7004342594045937
car,grid,5,5,14,0.7004342594045937
car,grid,5,5,15,0.7004342594045937
car,grid,5,5,16,0.8097106681316382
car,grid,5,5,17,0.8097106681316382
car,grid,5,5,18,0.8097106681316382
car,grid,5,5,19,0.8097106681316382
car,grid,5,5,20,0.8097106681316382
car,grid,5,5,21,0.8097106681316382
car,grid,5,5,22,0.8097106681316382
car,grid,5,5,23,0.8097106681316382
car,grid,5,5,24,0.8097106681316382
car,grid,5,5,25,0.8697404907654477
car,grid,5,5,26,0.9319913148119081
car,grid,5,5,27,0.9319913148119081
car,grid,5,5,28,0.9319913148119081
car,grid,5,5,29,0.9319913148119081
car,grid,5,5,30,0.9319913148119081
car,grid,5,5,31,0.9319913148119081
car,grid,5,5,32,0.9319913148119081
car,grid,5,5,33,0.9319913148119081
car,grid,5,5,34,0.9319913148119081
car,grid,5,5,35,0.9450086328676818
car,grid,5,5,36,0.9761157327473449
car,grid,5,5,37,0.9761157327473449
car,grid,5,5,38,0.9761157327473449
car,grid,5,5,39,0.9761157327473449
car,grid,5,5,40,0.9761157327473449
car,grid,5,5,41,0.9761157327473449
car,grid,5,5,42,0.9761157327473449
car,grid,5,5,43,0.9761157327473449
car,grid,5,5,44,0.9761157327473449
car,grid,5,5,45,0.9761157327473449
car,grid,5,5,46,0.988413645162978
car,grid,5,5,47,0.988413645162978
car,grid,5,5,48,0.988413645162978
car,grid,5,5,49,0.988413645162978
car,grid,5,5,50,0.988413645162978
car,grid,5,5,51,0.988413645162978
car,grid,5,5,52,0.988413645162978
car,grid,5,5,53,0.988413645162978
car,grid,5,5,54,0.988413645162978
car,grid,5,5,55,0.988413645162978
car,grid,5,5,56,0.988413645162978
car,grid,5,5,57,0.988413645162978
car,grid,5,5,58,0.988413645162978
car,grid,5,5,59,0.988413645162978
car,grid,5,5,60,0.988413645162978
car,grid,5,5,61,0.988413645162978
car,grid,5,5,62,0.988413645162978
car,grid,5,5,63,0.988413645162978
car,grid,5,5,64,0.988413645162978
car,grid,5,5,65,0.988413645162978
car,grid,5,5,66,0.988413645162978
car,grid,5,5,67,0.988413645162978
car,grid,5,5,68,0.988413645162978
car,grid,5,5,69,0.988413645162978
car,grid,5,5,70,0.988413645162978
car,grid,5,5,71,0.988413645162978
car,grid,5,5,72,0.988413645162978
car,grid,5,5,73,0.988413645162978
car,grid,5,5,74,0.988413645162978
car,grid,5,5,75,0.988413645162978
car,grid,5,5,76,0.988413645162978
car,grid,5,5,77,0.988413645162978
car,grid,5,5,78,0.988413645162978
car,grid,5,5,79,0.988413645162978
car,grid,5,5,80,0.988413645162978
car,grid,5,5,81,0.988413645162978
car,grid,5,5,82,0.988413645162978
car,grid,5,5,83,0.988413645162978
car,grid,5,5,84,0.988413645162978
car,grid,5,5,85,0.988413645162978
car,grid,5,5,86,0.988413645162978
car,grid,5,5,87,0.988413645162978
car,grid,5,5,88,0.988413645162978
car,grid,5,5,89,0.988413645162978
car,grid,5,5,90,0.988413645162978
car,grid,5,5,91,0.988413645162978
car,grid,5,5,92,0.988413645162978
car,grid,5,5,93,0.988413645162978
car,grid,5,5,94,0.988413645162978
car,grid,5,5,95,0.988413645162978
car,grid,5,5,96,0.988413645162978
car,grid,5,5,97,0.988413645162978
car,grid,5,5,98,0.988413645162978
car,grid,5,5,99,0.988413645162978
car,grid,5,5,100,0.988413645162978
car,random,5,5,1,0.7004342594045937
car,random,5,5,2,0.7004342594045937
car,random,5,5,3,0.986244964160519
car,random,5,5,4,0.9905875582064562
car,random,5,5,5,0.9905875582064562
car,random,5,5,6,0.9905875582064562
car,random,5,5,7,0.9905875582064562
car,random,5,5,8,0.9905875582064562
car,random,5,5,9,0.9905875582064562
car,random,5,5,10,0.9905875582064562
car,random,5,5,11,0.9905875582064562
car,random,5,5,12,0.9905875582064562
car,random,5,5,13,0.9905875582064562
car,random,5,5,14,0.9905875582064562
car,random,5,5,15,0.9905875582064562
car,random,5,5,16,0.9905875582064562
car,random,5,5,17,0.9905875582064562
car,random,5,5,18,0.9905875582064562
car,random,5,5,19,0.9905875582064562
car,random,5,5,20,0.9905875582064562
car,random,5,5,21,0.9905875582064562
car,random,5,5,22,0.9905875582064562
car,random,5,5,23,0.9905875582064562
car,random,5,5,24,0.9905875582064562
car,random,5,5,25,0.9905875582064562
car,random,5,5,26,0.9905875582064562
car,random,5,5,27,0.9905875582064562
car,random,5,5,28,0.9905875582064562
car,random,5,5,29,0.9905875582064562
car,random,5,5,30,0.9905875582064562
car,random,5,5,31,0.9905875582064562
car,random,5,5,32,0.9905875582064562
car,random,5,5,33,0.9905875582064562
car,random,5,5,34,0.9905875582064562
car,random,5,5,35,0.9905875582064562
car,random,5,5,36,0.9905875582064562
car,random,5,5,37,0.9905875582064562
car,random,5,5,38,0.9905875582064562
car,random,5,5,39,0.9905875582064562
car,random,5,5,40,0.9905875582064562
car,random,5,5,41,0.9905875582064562
car,random,5,5,42,0.9905875582064562
car,random,5,5,43,0.9905875582064562
car,random,5,5,44,0.9905875582064562
car,random,5,5,45,0.9905875582064562
car,random,5,5,46,0.9905875582064562
car,random,5,5,47,0.9905875582064562
car,random,5,5,48,0.9905875582064562
car,random,5,5,49,0.9905875582064562
car,random,5,5,50,0.9905875582064562
car,random,5,5,51,0.9905875582064562
car,random,5,5,52,0.9905875582064562
car,random,5,5,53,0.9905875582064562
car,random,5,5,54,0.9905875582064562
car,random,5,5,55,0.9905875582064562
car,random,5,5,56,0.9905875582064562
car,random,5,5,57,0.9905875582064562
car,random,5,5,58,0.9905875582064562
car,random,5,5,59,0.9905875582064562
car,random,5,5,60,0.9905875582064562
car,random,5,5,61,0.9905875582064562
car,random,5,5,62,0.9905875582064562
car,random,5,5,63,0.9905875582064562
car,random,5,5,64,0.9905875582064562
car,random,5,5,65,0.9905875582064562
car,random,5,5,66,0.9905875582064562
car,random,5,5,67,0.9905875582064562
car,random,5,5,68,0.9905875582064562
car,random,5,5,69,0.9905875582064562
car,random,5,5,70,0.9905875582064562
car,random,5,5,71,0.9905875582064562
car,random,5,5,72,0.9905875582064562
car,random,5,5,73,0.9905875582064562
car,random,5,5,74,0.9905875582064562
car,random,5,5,75,0.9905875582064562
car,random,5,5,76,0.9905875582064562
car,random,5,5,77,0.9905875582064562
car,random,5,5,78,0.9905875582064562
car,random,5,5,79,0.9905875582064562
car,random,5,5,80,0.9905875582064562
car,random,5,5,81,0.9905875582064562
car,random,5,5,82,0.9905875582064562
car,random,5,5,83,0.9905875582064562
car,random,5,5,84,0.9905875582064562
car,random,5,5,85,0.9905875582064562
car,random,5,5,86,0.9905875582064562
car,random,5,5,87,0.9905875582064562
car,random,5,5,88,0.9905875582064562
car,random,5,5,89,0.9905875582064562
car,random,5,5,90,0.9905875582064562
car,random,5,5,91,0.9905875582064562
car,random,5,5,92,0.9905875582064562
car,random,5,5,93,0.9905875582064562
car,random,5,5,94,0.9905875582064562
car,random,5,5,95,0.9905875582064562
car,random,5,5,96,0.9905875582064562
car,random,5,5,97,0.9905875582064562
car,random,5,5,98,0.9905875582064562
car,random,5,5,99,0.9905875582064562
car,random,5,5,100,0.9905875582064562
car,bo_tpe,5,5,1,0.7004342594045937
car,bo_tpe,5,5,2,0.7004342594045937
car,bo_tpe,5,5,3,0.986244964160519
car,bo_tpe,5,5,4,0.9905875582064562
car,bo_tpe,5,5,5,0.9905875582064562
car,bo_tpe,5,5,6,0.9905875582064562
car,bo_tpe,5,5,7,0.9905875582064562
car,bo_tpe,5,5,8,0.9905875582064562
car,bo_tpe,5,5,9,0.9905875582064562
car,bo_tpe,5,5,10,0.9905875582064562
car,bo_tpe,5,5,11,0.9905875582064562
car,bo_tpe,5,5,12,0.9905875582064562
car,bo_tpe,5,5,13,0.9905875582064562
car,bo_tpe,5,5,14,0.9905875582064562
car,bo_tpe,5,5,15,0.9905875582064562
car,bo_tpe,5,5,16,0.9905875582064562
car,bo_tpe,5,5,17,0.9905875582064562
car,bo_tpe,5,5,18,0.9905875582064562
car,bo_tpe,5,5,19,0.9905875582064562
car,bo_tpe,5,5,20,0.9905875582064562
car,bo_tpe,5,5,21,0.9905875582064562
car,bo_tpe,5,5,22,0.9905875582064562
car,bo_tpe,5,5,23,0.9905875582064562
car,bo_tpe,5,5,24,0.9905875582064562
car,bo_tpe,5,5,25,0.9905875582064562
car,bo_tpe,5,5,26,0.9905875582064562
car,bo_tpe,5,5,27,0.9905875582064562
car,bo_tpe,5,5,28,0.9905875582064562
car,bo_tpe,5,5,29,0.9905875582064562
car,bo_tpe,5,5,30,0.9905875582064562
car,bo_tpe,5,5,31,0.9905875582064562
car,bo_tpe,5,5,32,0.9905875582064562
car,bo_tpe,5,5,33,0.9905875582064562
car,bo_tpe,5,5,34,0.9905875582064562
car,bo_tpe,5,5,35,0.9905875582064562
car,bo_tpe,5,5,36,0.9905875582064562
car,bo_tpe,5,5,37,0.9905875582064562
car,bo_tpe,5,5,38,0.9905875582064562
car,bo_tpe,5,5,39,0.9905875582064562
car,bo_tpe,5,5,40,0.9905875582064562
car,bo_tpe,5,5,41,0.9905875582064562
car,bo_tpe,5,5,42,0.9905875582064562
car,bo_tpe,5,5,43,0.9905875582064562
car,bo_tpe,5,5,44,0.9905875582064562
car,bo_tpe,5,5,45,0.9905875582064562
car,bo_tpe,5,5,46,0.9905875582064562
car,bo_tpe,5,5,47,0.9905875582064562
car,bo_tpe,5,5,48,0.9905875582064562
car,bo_tpe,5,5,49,0.9905875582064562
car,bo_tpe,5,5,50,0.9905875582064562
car,bo_tpe,5,5,51,0.9905875582064562
car,bo_tpe,5,5,52,0.9905875582064562
car,bo_tpe,5,5,53,0.9905875582064562
car,bo_tpe,5,5,54,0.9905875582064562
car,bo_tpe,5,5,55,0.9905875582064562
car,bo_tpe,5,5,56,0.9905875582064562
car,bo_tpe,5,5,57,0.9905875582064562
car,bo_tpe,5,5,58,0.9905875582064562
car,bo_tpe,5,5,59,0.9905875582064562
car,bo_tpe,5,5,60,0.9905875582064562
car,bo_tpe,5,5,61,0.9905875582064562
car,bo_tpe,5,5,62,0.9905875582064562
car,bo_tpe,5,5,63,0.9905875582064562
car,bo_tpe,5,5,64,0.9905875582064562
car,bo_tpe,5,5,65,0.9905875582064562
car,bo_tpe,5,5,66,0.9905875582064562
car,bo_tpe,5,5,67,0.9905875582064562
car,bo_tpe,5,5,68,0.9905875582064562
car,bo_tpe,5,5,69,0.9905875582064562
car,bo_tpe,5,5,70,0.9905875582064562
car,bo_tpe,5,5,71,0.9905875582064562
car,bo_tpe,5,5,72,0.9905875582064562
car,bo_tpe,5,5,73,0.9905875582064562
car,bo_tpe,5,5,74,0.9905875582064562
car,bo_tpe,5,5,75,0.9905875582064562
car,bo_tpe,5,5,76,0.9905875582064562
car,bo_tpe,5,5,77,0.9905875582064562
car,bo_tpe,5,5,78,0.9905875582064562
car,bo_tpe,5,5,79,0.9905875582064562
car,bo_tpe,5,5,80,0.9905875582064562
car,bo_tpe,5,5,81,0.9905875582064562
car,bo_tpe,5,5,82,0.9905875582064562
car,bo_tpe,5,5,83,0.9905875582064562
car,bo_tpe,5,5,84,0.9905875582064562
car,bo_tpe,5,5,85,0.9905875582064562
car,bo_tpe,5,5,86,0.9905875582064562
car,bo_tpe,5,5,87,0.9905875582064562
car,bo_tpe,5,5,88,0.9905875582064562
car,bo_tpe,5,5,89,0.9905875582064562
car,bo_tpe,5,5,90,0.9905875582064562
car,bo_tpe,5,5,91,0.9905875582064562
car,bo_tpe,5,5,92,0.9905875582064562
car,bo_tpe,5,5,93,0.9905875582064562
car,bo_tpe,5,5,94,0.9905875582064562
car,bo_tpe,5,5,95,0.9905875582064562
car,bo_tpe,5,5,96,0.9905875582064562
car,bo_tpe,5,5,97,0.9905875582064562
car,bo_tpe,5,5,98,0.9905875582064562
car,bo_tpe,5,5,99,0.9905875582064562
car,bo_tpe,5,5,100,0.9905875582064562
car,pso,5,5,1,0.9775623920891539
car,pso,5,5,2,0.9775623920891539
car,pso,5,5,3,0.9775623920891539
car,pso,5,5,4,0.9775623920891539
car,pso,5,5,5,0.9775623920891539
car,pso,5,5,6,0.9775623920891539
car,pso,5,5,7,0.9775623920891539
car,pso,5,5,8,0.9775623920891539
car,pso,5,5,9,0.9775623920891539
car,pso,5,5,10,0.9775623920891539
car,pso,5,5,11,0.9797310730916131
car,pso,5,5,12,0.988413645162978
car,pso,5,5,13,0.988413645162978
car,pso,5,5,14,0.988413645162978
car,pso,5,5,15,0.988413645162978
car,pso,5,5,16,0.988413645162978
car,pso,5,5,17,0.988413645162978
car,pso,5,5,18,0.988413645162978
car,pso,5,5,19,0.988413645162978
car,pso,5,5,20,0.988413645162978
car,pso,5,5,21,0.988413645162978
car,pso,5,5,22,0.988413645162978
car,pso,5,5,23,0.988413645162978
car,pso,5,5,24,0.988413645162978
car,pso,5,5,25,0.988413645162978
car,pso,5,5,26,0.988413645162978
car,pso,5,5,27,0.988413645162978
car,pso,5,5,28,0.988413645162978
car,pso,5,5,29,0.988413645162978
car,pso,5,5,30,0.988413645162978
car,pso,5,5,31,0.9891356668236279
car,pso,5,5,32,0.9891356668236279
car,pso,5,5,33,0.9891356668236279
car,pso,5,5,34,0.9891408988646472
car,pso,5,5,35,0.9891408988646472
car,pso,5,5,36,0.9891408988646472
car,pso,5,5,37,0.9891408988646472
car,pso,5,5,38,0.9891408988646472
car,pso,5,5,39,0.9891408988646472
car,pso,5,5,40,0.9891408988646472
car,pso,5,5,41,0.9891408988646472
car,pso,5,5,42,0.9905875582064562
car,pso,5,5,43,0.9905875582064562
car,pso,5,5,44,0.9905875582064562
car,pso,5,5,45,0.9905875582064562
car,pso,5,5,46,0.9905875582064562
car,pso,5,5,47,0.9905875582064562
car,pso,5,5,48,0.9905875582064562
car,pso,5,5,49,0.9905875582064562
car,pso,5,5,50,0.9905875582064562
car,pso,5,5,51,0.9905875582064562
car,pso,5,5,52,0.9905875582064562
car,pso,5,5,53,0.9905875582064562
car,pso,5,5,54,0.9905875582064562
car,pso,5,5,55,0.9905875582064562
car,pso,5,5,56,0.9905875582064562
car,pso,5,5,57,0.9905875582064562
car,pso,5,5,58,0.9905875582064562
car,pso,5,5,59,0.9905875582064562
car,pso,5,5,60,0.9905875582064562
car,pso,5,5,61,0.9905875582064562
car,pso,5,5,62,0.9905875582064562
car,pso,5,5,63,0.9905875582064562
car,pso,5,5,64,0.9905875582064562
car,pso,5,5,65,0.9905875582064562
car,pso,5,5,66,0.9905875582064562
car,pso,5,5,67,0.9905875582064562
car,pso,5,5,68,0.9905875582064562
car,pso,5,5,69,0.9905875582064562
car,pso,5,5,70,0.9905875582064562
car,pso,5,5,71,0.9905875582064562
car,pso,5,5,72,0.9905875582064562
car,pso,5,5,73,0.9905875582064562
car,pso,5,5,74,0.9905875582064562
car,pso,5,5,75,0.9905875582064562
car,pso,5,5,76,0.9905875582064562
car,pso,5,5,77,0.9905875582064562
car,pso,5,5,78,0.9905875582064562
car,pso,5,5,79,0.9905875582064562
car,pso,5,5,80,0.9905875582064562
car,pso,5,5,81,0.9905875582064562
car,pso,5,5,82,0.9905875582064562
car,pso,5,5,83,0.9905875582064562
car,pso,5,5,84,0.9905875582064562
car,pso,5,5,85,0.9905875582064562
car,pso,5,5,86,0.9905875582064562
car,pso,5,5,87,0.9905875582064562
car,pso,5,5,88,0.9905875582064562
car,pso,5,5,89,0.9905875582064562
car,pso,5,5,90,0.9905875582064562
car,pso,5,5,91,0.9905875582064562
car,pso,5,5,92,0.9905875582064562
car,pso,5,5,93,0.9905875582064562
car,pso,5,5,94,0.9905875582064562
car,pso,5,5,95,0.9905875582064562
car,pso,5,5,96,0.9905875582064562
car,pso,5,5,97,0.9905875582064562
car,pso,5,5,98,0.9905875582064562
car,pso,5,5,99,0.9905875582064562
car,pso,5,5,100,0.9905875582064562
car,de,5,5,1,0.7004342594045937
car,de,5,5,2,0.9276382566839324
car,de,5,5,3,0.9276382566839324
car,de,5,5,4,0.9276382566839324
car,de,5,5,5,0.9276382566839324
car,de,5,5,6,0.9384921257782661
car,de,5,5,7,0.9384921257782661
car,de,5,5,8,0.9384921257782661
car,de,5,5,9,0.9732224140637262
car,de,5,5,10,0.9732224140637262
car,de,5,5,11,0.9732224140637262
car,de,5,5,12,0.9732224140637262
car,de,5,5,13,0.9732224140637262
car,de,5,5,14,0.9732224140637262
car,de,5,5,15,0.9732224140637262
car,de,5,5,16,0.9732224140637262
car,de,5,5,17,0.9847983048187098
car,de,5,5,18,0.9847983048187098
car,de,5,5,19,0.9847983048187098
car,de,5,5,20,0.9847983048187098
car,de,5,5,21,0.9847983048187098
car,de,5,5,22,0.9847983048187098
car,de,5,5,23,0.9847983048187098
car,de,5,5,24,0.9847983048187098
car,de,5,5,25,0.9847983048187098
car,de,5,5,26,0.9847983048187098
car,de,5,5,27,0.9847983048187098
car,de,5,5,28,0.9847983048187098
car,de,5,5,29,0.9891382828441374
car,de,5,5,30,0.9891382828441374
car,de,5,5,31,0.9891382828441374
car,de,5,5,32,0.9891382828441374
car,de,5,5,33,0.9891382828441374
car,de,5,5,34,0.9891382828441374
car,de,5,5,35,0.9891382828441374
car,de,5,5,36,0.9891382828441374
car,de,5,5,37,0.9891382828441374
car,de,5,5,38,0.9891382828441374
car,de,5,5,39,0.9891382828441374
car,de,5,5,40,0.9891382828441374
car,de,5,5,41,0.9891382828441374
car,de,5,5,42,0.9891382828441374
car,de,5,5,43,0.9891382828441374
car,de,5,5,44,0.9891382828441374
car,de,5,5,45,0.9891382828441374
car,de,5,5,46,0.9891382828441374
car,de,5,5,47,0.9891382828441374
car,de,5,5,48,0.9891382828441374
car,de,5,5,49,0.9891382828441374
car,de,5,5,50,0.9891408988646472
car,de,5,5,51,0.9905875582064562
car,de,5,5,52,0.9905875582064562
car,de,5,5,53,0.9905875582064562
car,de,5,5,54,0.9905875582064562
car,de,5,5,55,0.9905875582064562
car,de,5,5,56,0.9905875582064562
car,de,5,5,57,0.9905875582064562
car,de,5,5,58,0.9905875582064562
car,de,5,5,59,0.9905875582064562
car,de,5,5,60,0.9905875582064562
car,de,5,5,61,0.9905875582064562
car,de,5,5,62,0.9905875582064562
car,de,5,5,63,0.9905875582064562
car,de,5,5,64,0.9905875582064562
car,de,5,5,65,0.9905875582064562
car,de,5,5,66,0.9905875582064562
car,de,5,5,67,0.9905875582064562
car,de,5,5,68,0.9905875582064562
car,de,5,5,69,0.9905875582064562
car,de,5,5,70,0.9905875582064562
car,de,5,5,71,0.9905875582064562
car,de,5,5,72,0.9905875582064562
car,de,5,5,73,0.9905875582064562
car,de,5,5,74,0.9905875582064562
car,de,5,5,75,0.9905875582064562
car,de,5,5,76,0.9905875582064562
car,de,5,5,77,0.9905875582064562
car,de,5,5,78,0.9905875582064562
car,de,5,5,79,0.9905875582064562
car,de,5,5,80,0.9905875582064562
car,de,5,5,81,0.9905875582064562
car,de,5,5,82,0.9905875582064562
car,de,5,5,83,0.9905875582064562
car,de,5,5,84,0.9905875582064562
car,de,5,5,85,0.9905875582064562
car,de,5,5,86,0.9905875582064562
car,de,5,5,87,0.9905875582064562
car,de,5,5,88,0.9905875582064562
car,de,5,5,89,0.9905875582064562
car,de,5,5,90,0.9905875582064562
car,de,5,5,91,0.9905875582064562
car,de,5,5,92,0.9905875582064562
car,de,5,5,93,0.9905875582064562
car,de,5,5,94,0.9905875582064562
car,de,5,5,95,0.9905875582064562
car,de,5,5,96,0.9905875582064562
car,de,5,5,97,0.9905875582064562
car,de,5,5,98,0.9905875582064562
car,de,5,5,99,0.9905875582064562
car,de,5,5,100,0.9905875582064562
car,ga,5,5,1,0.7004342594045937
car,ga,5,5,2,0.9276382566839324
car,ga,5,5,3,0.9276382566839324
car,ga,5,5,4,0.9276382566839324
car,ga,5,5,5,0.9276382566839324
car,ga,5,5,6,0.9384921257782661
car,ga,5,5,7,0.9384921257782661
car,ga,5,5,8,0.9384921257782661
car,ga,5,5,9,0.9732224140637262
car,ga,5,5,10,0.9732224140637262
car,ga,5,5,11,0.9732224140637262
car,ga,5,5,12,0.9732224140637262
car,ga,5,5,13,0.9732224140637262
car,ga,5,5,14,0.9732224140637262
car,ga,5,5,15,0.9732224140637262
car,ga,5,5,16,0.9732224140637262
car,ga,5,5,17,0.9847983048187098
car,ga,5,5,18,0.9847983048187098
car,ga,5,5,19,0.9847983048187098
car,ga,5,5,20,0.9847983048187098
car,ga,5,5,21,0.9847983048187098
car,ga,5,5,22,0.9847983048187098
car,ga,5,5,23,0.9847983048187098
car,ga,5,5,24,0.9847983048187098
car,ga,5,5,25,0.9847983048187098
car,ga,5,5,26,0.9847983048187098
car,ga,5,5,27,0.9847983048187098
car,ga,5,5,28,0.9847983048187098
car,ga,5,5,29,0.9847983048187098
car,ga,5,5,30,0.9847983048187098
car,ga,5,5,31,0.9847983048187098
car,ga,5,5,32,0.9847983048187098
car,ga,5,5,33,0.9847983048187098
car,ga,5,5,34,0.9847983048187098
car,ga,5,5,35,0.9847983048187098
car,ga,5,5,36,0.9891408988646472
car,ga,5,5,37,0.9891408988646472
car,ga,5,5,38,0.9891408988646472
car,ga,5,5,39,0.9891408988646472
car,ga,5,5,40,0.9891408988646472
car,ga,5,5,41,0.9891408988646472
car,ga,5,5,42,0.9891408988646472
car,ga,5,5,43,0.9891408988646472
car,ga,5,5,44,0.9891408988646472
car,ga,5,5,45,0.9891408988646472
car,ga,5,5,46,0.9891408988646472
car,ga,5,5,47,0.9891408988646472
car,ga,5,5,48,0.9891408988646472
car,ga,5,5,49,0.9891408988646472
car,ga,5,5,50,0.9891408988646472
car,ga,5,5,51,0.9891408988646472
car,ga,5,5,52,0.9891408988646472
car,ga,5,5,53,0.9891408988646472
car,ga,5,5,54,0.9891408988646472
car,ga,5,5,55,0.9891408988646472
car,ga,5,5,56,0.9891408988646472
car,ga,5,5,57,0.9891408988646472
car,ga,5,5,58,0.9891408988646472
car,ga,5,5,59,0.9891408988646472
car,ga,5,5,60,0.9891408988646472
car,ga,5,5,61,0.9891408988646472
car,ga,5,5,62,0.9891408988646472
car,ga,5,5,63,0.9891408988646472
car,ga,5,5,64,0.9891408988646472
car,ga,5,5,65,0.9891408988646472
car,ga,5,5,66,0.9891408988646472
car,ga,5,5,67,0.9891408988646472
car,ga,5,5,68,0.9891408988646472
car,ga,5,5,69,0.9891408988646472
car,ga,5,5,70,0.9891408988646472
car,ga,5,5,71,0.9891408988646472
car,ga,5,5,72,0.9891408988646472
car,ga,5,5,73,0.9891408988646472
car,ga,5,5,74,0.9891408988646472
car,ga,5,5,75,0.9891408988646472
car,ga,5,5,76,0.9891408988646472
car,ga,5,5,77,0.9891408988646472
car,ga,5,5,78,0.9891408988646472
car,ga,5,5,79,0.9891408988646472
car,ga,5,5,80,0.9891408988646472
car,ga,5,5,81,0.9891408988646472
car,ga,5,5,82,0.9891408988646472
car,ga,5,5,83,0.9891408988646472
car,ga,5,5,84,0.9891408988646472
car,ga,5,5,85,0.9891408988646472
car,ga,5,5,86,0.9891408988646472
car,ga,5,5,87,0.9891408988646472
car,ga,5,5,88,0.9891408988646472
car,ga,5,5,89,0.9891408988646472
car,ga,5,5,90,0.9891408988646472
car,ga,5,5,91,0.9891408988646472
car,ga,5,5,92,0.9891408988646472
car,ga,5,5,93,0.9891408988646472
car,ga,5,5,94,0.9891408988646472
car,ga,5,5,95,0.9891408988646472
car,ga,5,5,96,0.9891408988646472
car,ga,5,5,97,0.9891408988646472
car,ga,5,5,98,0.9905875582064562
car,ga,5,5,99,0.9905875582064562
car,ga,5,5,100,0.9905875582064562
car,sa,5,5,1,0.7004342594045937
car,sa,5,5,2,0.7004342594045937
car,sa,5,5,3,0.7004342594045937
car,sa,5,5,4,0.7004342594045937
car,sa,5,5,5,0.7004342594045937
car,sa,5,5,6,0.7004342594045937
car,sa,5,5,7,0.7004342594045937
car,sa,5,5,8,0.7004342594045937
car,sa,5,5,9,0.7004342594045937
car,sa,5,5,10,0.7004342594045937
car,sa,5,5,11,0.7004342594045937
car,sa,5,5,12,0.7004342594045937
car,sa,5,5,13,0.7004342594045937
car,sa,5,5,14,0.7004342594045937
car,sa,5,5,15,0.7004342594045937
car,sa,5,5,16,0.7004342594045937
car,sa,5,5,17,0.7004342594045937
car,sa,5,5,18,0.7004342594045937
car,sa,5,5,19,0.7004342594045937
car,sa,5,5,20,0.7004342594045937
car,sa,5,5,21,0.7004342594045937
car,sa,5,5,22,0.7004342594045937
car,sa,5,5,23,0.7004342594045937
car,sa,5,5,24,0.7004342594045937
car,sa,5,5,25,0.7004342594045937
car,sa,5,5,26,0.7004342594045937
car,sa,5,5,27,0.7004342594045937
car,sa,5,5,28,0.7004342594045937
car,sa,5,5,29,0.7004342594045937
car,sa,5,5,30,0.7004342594045937
car,sa,5,5,31,0.7004342594045937
car,sa,5,5,32,0.7004342594045937
car,sa,5,5,33,0.7004342594045937
car,sa,5,5,34,0.7004342594045937
car,sa,5,5,35,0.7004342594045937
car,sa,5,5,36,0.7004342594045937
car,sa,5,5,37,0.7004342594045937
car,sa,5,5,38,0.7004342594045937
car,sa,5,5,39,0.7004342594045937
car,sa,5,5,40,0.7004342594045937
car,sa,5,5,41,0.7004342594045937
car,sa,5,5,42,0.7004342594045937
car,sa,5,5,43,0.7004342594045937
car,sa,5,5,44,0.7004342594045937
car,sa,5,5,45,0.7004342594045937
car,sa,5,5,46,0.7004342594045937
car,sa,5,5,47,0.7004342594045937
car,sa,5,5,48,0.7004342594045937
car,sa,5,5,49,0.7004342594045937
car,sa,5,5,50,0.7004342594045937
car,sa,5,5,51,0.7004342594045937
car,sa,5,5,52,0.7004342594045937
car,sa,5,5,53,0.7004342594045937
car,sa,5,5,54,0.7004342594045937
car,sa,5,5,55,0.7004342594045937
car,sa,5,5,56,0.7004342594045937
car,sa,5,5,57,0.7004342594045937
car,sa,5,5,58,0.7004342594045937
car,sa,5,5,59,0.7004342594045937
car,sa,5,5,60,0.7004342594045937
car,sa,5,5,61,0.7004342594045937
car,sa,5,5,62,0.7004342594045937
car,sa,5,5,63,0.7004342594045937
car,sa,5,5,64,0.7004342594045937
car,sa,5,5,65,0.7004342594045937
car,sa,5,5,66,0.7004342594045937
car,sa,5,5,67,0.7004342594045937
car,sa,5,5,68,0.7156176424423167
car,sa,5,5,69,0.9645424580128708
car,sa,5,5,70,0.9645424580128708
car,sa,5,5,71,0.9645424580128708
car,sa,5,5,72,0.9645424580128708
car,sa,5,5,73,0.9732250300842358
car,sa,5,5,74,0.9732250300842358
car,sa,5,5,75,0.9746690734055354
car,sa,5,5,76,0.9746690734055354
car,sa,5,5,77,0.9746690734055354
car,sa,5,5,78,0.9746690734055354
car,sa,5,5,79,0.9790090514309633
car,sa,5,5,80,0.9790090514309633
car,sa,5,5,81,0.9790090514309633
car,sa,5,5,82,0.9790090514309633
car,sa,5,5,83,0.9790090514309633
car,sa,5,5,84,0.9790090514309633
car,sa,5,5,85,0.988413645162978
car,sa,5,5,86,0.9905875582064562
car,sa,5,5,87,0.9905875582064562
car,sa,5,5,88,0.9905875582064562
car,sa,5,5,89,0.9905875582064562
car,sa,5,5,90,0.9905875582064562
car,sa,5,5,91,0.9905875582064562
car,sa,5,5,92,0.9905875582064562
car,sa,5,5,93,0.9905875582064562
car,sa,5,5,94,0.9905875582064562
car,sa,5,5,95,0.9905875582064562
car,sa,5,5,96,0.9905875582064562
car,sa,5,5,97,0.9905875582064562
car,sa,5,5,98,0.9905875582064562
car,sa,5,5,99,0.9905875582064562
car,sa,5,5,100,0.9905875582064562
car,grid,6,6,1,0.7004342594045937
car,grid,6,6,2,0.7004342594045937
car,grid,6,6,3,0.7004342594045937
car,grid,6,6,4,0.7004342594045937
car,grid,6,6,5,0.7004342594045937
car,grid,6,6,6,0.7004342594045937
car,grid,6,6,7,0.7004342594045937
car,grid,6,6,8,0.7004342594045937
car,grid,6,6,9,0.7004342594045937
car,grid,6,6,10,0.7004342594045937
car,grid,6,6,11,0.7004342594045937
car,grid,6,6,12,0.7004342594045937
car,grid,6,6,13,0.7004342594045937
car,grid,6,6,14,0.7004342594045937
car,grid,6,6,15,0.7004342594045937
car,grid,6,6,16,0.8097106681316382
car,grid,6,6,17,0.8097106681316382
car,grid,6,6,18,0.8097106681316382
car,grid,6,6,19,0.8097106681316382
car,grid,6,6,20,0.8097106681316382
car,grid,6,6,21,0.8097106681316382
car,grid,6,6,22,0.8097106681316382
car,grid,6,6,23,0.8097106681316382
car,grid,6,6,24,0.8097106681316382
car,grid,6,6,25,0.8697404907654477
car,grid,6,6,26,0.9319913148119081
car,grid,6,6,27,0.9319913148119081
car,grid,6,6,28,0.9319913148119081
car,grid,6,6,29,0.9319913148119081
car,grid,6,6,30,0.9319913148119081
car,grid,6,6,31,0.9319913148119081
car,grid,6,6,32,0.9319913148119081
car,grid,6,6,33,0.9319913148119081
car,grid,6,6,34,0.9319913148119081
car,grid,6,6,35,0.9450086328676818
car,grid,6,6,36,0.9761157327473449
car,grid,6,6,37,0.9761157327473449
car,grid,6,6,38,0.9761157327473449
car,grid,6,6,39,0.9761157327473449
car,grid,6,6,40,0.9761157327473449
car,grid,6,6,41,0.9761157327473449
car,grid,6,6,42,0.9761157327473449
car,grid,6,6,43,0.9761157327473449
car,grid,6,6,44,0.9761157327473449
car,grid,6,6,45,0.9761157327473449
car,grid,6,6,46,0.988413645162978
car,grid,6,6,47,0.988413645162978
car,grid,6,6,48,0.988413645162978
car,grid,6,6,49,0.988413645162978
car,grid,6,6,50,0.988413645162978
car,grid,6,6,51,0.988413645162978
car,grid,6,6,52,0.988413645162978
car,grid,6,6,53,0.988413645162978
car,grid,6,6,54,0.988413645162978
car,grid,6,6,55,0.988413645162978
car,grid,6,6,56,0.988413645162978
car,grid,6,6,57,0.988413645162978
car,grid,6,6,58,0.988413645162978
car,grid,6,6,59,0.988413645162978
car,grid,6,6,60,0.988413645162978
car,grid,6,6,61,0.988413645162978
car,grid,6,6,62,0.988413645162978
car,grid,6,6,63,0.988413645162978
car,grid,6,6,64,0.988413645162978
car,grid,6,6,65,0.988413645162978
car,grid,6,6,66,0.988413645162978
car,grid,6,6,67,0.988413645162978
car,grid,6,6,68,0.988413645162978
car,grid,6,6,69,0.988413645162978
car,grid,6,6,70,0.988413645162978
car,grid,6,6,71,0.988413645162978
car,grid,6,6,72,0.988413645162978
car,grid,6,6,73,0.988413645162978
car,grid,6,6,74,0.988413645162978
car,grid,6,6,75,0.988413645162978
car,grid,6,6,76,0.988413645162978
car,grid,6,6,77,0.988413645162978
car,grid,6,6,78,0.988413645162978
car,grid,6,6,79,0.988413645162978
car,grid,6,6,80,0.988413645162978
car,grid,6,6,81,0.988413645162978
car,grid,6,6,82,0.988413645162978
car,grid,6,6,83,0.988413645162978
car,grid,6,6,84,0.988413645162978
car,grid,6,6,85,0.988413645162978
car,grid,6,6,86,0.988413645162978
car,grid,6,6,87,0.988413645162978
car,grid,6,6,88,0.988413645162978
car,grid,6,6,89,0.988413645162978
car,grid,6,6,90,0.988413645162978
car,grid,6,6,91,0.988413645162978
car,grid,6,6,92,0.988413645162978
car,grid,6,6,93,0.988413645162978
car,grid,6,6,94,0.988413645162978
car,grid,6,6,95,0.988413645162978
car,grid,6,6,96,0.988413645162978
car,grid,6,6,97,0.988413645162978
car,grid,6,6,98,0.988413645162978
car,grid,6,6,99,0.988413645162978
car,grid,6,6,100,0.988413645162978
car,random,6,6,1,0.9833437974153718
car,random,6,6,2,0.9833437974153718
car,random,6,6,3,0.9833437974153718
car,random,6,6,4,0.9847983048187098
car,random,6,6,5,0.9847983048187098
car,random,6,6,6,0.9847983048187098
car,random,6,6,7,0.9891356668236279
car,random,6,6,8,0.9891356668236279
car,random,6,6,9,0.9891356668236279
car,random,6,6,10,0.9891356668236279
car,random,6,6,11,0.9891356668236279
car,random,6,6,12,0.9891356668236279
car,random,6,6,13,0.9905849421859466
car,random,6,6,14,0.9905849421859466
car,random,6,6,15,0.9905849421859466
car,random,6,6,16,0.9905849421859466
car,random,6,6,17,0.9905849421859466
car,random,6,6,18,0.9905849421859466
car,random,6,6,19,0.9905849421859466
car,random,6,6,20,0.9905849421859466
car,random,6,6,21,0.9905849421859466
car,random,6,6,22,0.9905849421859466
car,random,6,6,23,0.9905849421859466
car,random,6,6,24,0.9905849421859466
car,random,6,6,25,0.9905849421859466
car,random,6,6,26,0.9905849421859466
car,random,6,6,27,0.9905849421859466
car,random,6,6,28,0.9905849421859466
car,random,6,6,29,0.9905849421859466
car,random,6,6,30,0.9905849421859466
car,random,6,6,31,0.9905849421859466
car,random,6,6,32,0.9905849421859466
car,random,6,6,33,0.9905849421859466
car,random,6,6,34,0.9905849421859466
car,random,6,6,35,0.9905849421859466
car,random,6,6,36,0.9905849421859466
car,random,6,6,37,0.9905849421859466
car,random,6,6,38,0.9905849421859466
car,random,6,6,39,0.9905849421859466
car,random,6,6,40,0.9905849421859466
car,random,6,6,41,0.9905849421859466
car,random,6,6,42,0.9905849421859466
car,random,6,6,43,0.9905849421859466
car,random,6,6,44,0.9905849421859466
car,random,6,6,45,0.9905849421859466
car,random,6,6,46,0.9905849421859466
car,random,6,6,47,0.9905849421859466
car,random,6,6,48,0.9905849421859466
car,random,6,6,49,0.9905849421859466
car,random,6,6,50,0.9905849421859466
car,random,6,6,51,0.9905849421859466
car,random,6,6,52,0.9905849421859466
car,random,6,6,53,0.9905849421859466
car,random,6,6,54,0.9905849421859466
car,random,6,6,55,0.9905849421859466
car,random,6,6,56,0.9905849421859466
car,random,6,6,57,0.9905849421859466
car,random,6,6,58,0.9905875582064562
car,random,6,6,59,0.9905875582064562
car,random,6,6,60,0.9905875582064562
car,random,6,6,61,0.9905875582064562
car,random,6,6,62,0.9905875582064562
car,random,6,6,63,0.9905875582064562
car,random,6,6,64,0.9905875582064562
car,random,6,6,65,0.9905875582064562
car,random,6,6,66,0.9905875582064562
car,random,6,6,67,0.9905875582064562
car,random,6,6,68,0.9905875582064562
car,random,6,6,69,0.9905875582064562
car,random,6,6,70,0.9905875582064562
car,random,6,6,71,0.9905875582064562
car,random,6,6,72,0.9905875582064562
car,random,6,6,73,0.9905875582064562
car,random,6,6,74,0.9905875582064562
car,random,6,6,75,0.9905875582064562
car,random,6,6,76,0.9905875582064562
car,random,6,6,77,0.9905875582064562
car,random,6,6,78,0.9905875582064562
car,random,6,6,79,0.9905875582064562
car,random,6,6,80,0.9905875582064562
car,random,6,6,81,0.9905875582064562
car,random,6,6,82,0.9905875582064562
car,random,6,6,83,0.9905875582064562
car,random,6,6,84,0.9905875582064562
car,random,6,6,85,0.9905875582064562
car,random,6,6,86,0.9905875582064562
car,random,6,6,87,0.9905875582064562
car,random,6,6,88,0.9905875582064562
car,random,6,6,89,0.9905875582064562
car,random,6,6,90,0.9905875582064562
car,random,6,6,91,0.9905875582064562
car,random,6,6,92,0.9905875582064562
car,random,6,6,93,0.9905875582064562
car,random,6,6,94,0.9905875582064562
car,random,6,6,95,0.9905875582064562
car,random,6,6,96,0.9905875582064562
car,random,6,6,97,0.9905875582064562
car,random,6,6,98,0.9905875582064562
car,random,6,6,99,0.9905875582064562
car,random,6,6,100,0.9905875582064562
car,bo_tpe,6,6,1,0.9833437974153718
car,bo_tpe,6,6,2,0.9833437974153718
car,bo_tpe,6,6,3,0.9833437974153718
car,bo_tpe,6,6,4,0.9847983048187098
car,bo_tpe,6,6,5,0.9847983048187098
car,bo_tpe,6,6,6,0.9847983048187098
car,bo_tpe,6,6,7,0.9891356668236279
car,bo_tpe,6,6,8,0.9891356668236279
car,bo_tpe,6,6,9,0.9891356668236279
car,bo_tpe,6,6,10,0.9891356668236279
car,bo_tpe,6,6,11,0.9891356668236279
car,bo_tpe,6,6,12,0.9891356668236279
car,bo_tpe,6,6,13,0.9891356668236279
car,bo_tpe,6,6,14,0.9891356668236279
car,bo_tpe,6,6,15,0.9891356668236279
car,bo_tpe,6,6,16,0.9891356668236279
car,bo_tpe,6,6,17,0.9891356668236279
car,bo_tpe,6,6,18,0.9891356668236279
car,bo_tpe,6,6,19,0.9891356668236279
car,bo_tpe,6,6,20,0.9891356668236279
car,bo_tpe,6,6,21,0.9891356668236279
car,bo_tpe,6,6,22,0.9891356668236279
car,bo_tpe,6,6,23,0.9891356668236279
car,bo_tpe,6,6,24,0.9905849421859466
car,bo_tpe,6,6,25,0.9905875582064562
car,bo_tpe,6,6,26,0.9905875582064562
car,bo_tpe,6,6,27,0.9905875582064562
car,bo_tpe,6,6,28,0.9905875582064562
car,bo_tpe,6,6,29,0.9905875582064562
car,bo_tpe,6,6,30,0.9905875582064562
car,bo_tpe,6,6,31,0.9905875582064562
car,bo_tpe,6,6,32,0.9905875582064562
car,bo_tpe,6,6,33,0.9905875582064562
car,bo_tpe,6,6,34,0.9905875582064562
car,bo_tpe,6,6,35,0.9905875582064562
car,bo_tpe,6,6,36,0.9905875582064562
car,bo_tpe,6,6,37,0.9905875582064562
car,bo_tpe,6,6,38,0.9905875582064562
car,bo_tpe,6,6,39,0.9905875582064562
car,bo_tpe,6,6,40,0.9905875582064562
car,bo_tpe,6,6,41,0.9905875582064562
car,bo_tpe,6,6,42,0.9905875582064562
car,bo_tpe,6,6,43,0.9905875582064562
car,bo_tpe,6,6,44,0.9905875582064562
car,bo_tpe,6,6,45,0.9905875582064562
car,bo_tpe,6,6,46,0.9905875582064562
car,bo_tpe,6,6,47,0.9905875582064562
car,bo_tpe,6,6,48,0.9905875582064562
car,bo_tpe,6,6,49,0.9905875582064562
car,bo_tpe,6,6,50,0.9905875582064562
car,bo_tpe,6,6,51,0.9905875582064562
car,bo_tpe,6,6,52,0.9905875582064562
car,bo_tpe,6,6,53,0.9905875582064562
car,bo_tpe,6,6,54,0.9905875582064562
car,bo_tpe,6,6,55,0.9905875582064562
car,bo_tpe,6,6,56,0.9905875582064562
car,bo_tpe,6,6,57,0.9905875582064562
car,bo_tpe,6,6,58,0.9905875582064562
car,bo_tpe,6,6,59,0.9905875582064562
car,bo_tpe,6,6,60,0.9905875582064562
car,bo_tpe,6,6,61,0.9905875582064562
car,bo_tpe,6,6,62,0.9905875582064562
car,bo_tpe,6,6,63,0.9905875582064562
car,bo_tpe,6,6,64,0.9905875582064562
car,bo_tpe,6,6,65,0.9905875582064562
car,bo_tpe,6,6,66,0.9905875582064562
car,bo_tpe,6,6,67,0.9905875582064562
car,bo_tpe,6,6,68,0.9905875582064562
car,bo_tpe,6,6,69,0.9905875582064562
car,bo_tpe,6,6,70,0.9905875582064562
car,bo_tpe,6,6,71,0.9905875582064562
car,bo_tpe,6,6,72,0.9905875582064562
car,bo_tpe,6,6,73,0.9905875582064562
car,bo_tpe,6,6,74,0.9905875582064562
car,bo_tpe,6,6,75,0.9905875582064562
car,bo_tpe,6,6,76,0.9905875582064562
car,bo_tpe,6,6,77,0.9905875582064562
car,bo_tpe,6,6,78,0.9905875582064562
car,bo_tpe,6,6,79,0.9905875582064562
car,bo_tpe,6,6,80,0.9905875582064562
car,bo_tpe,6,6,81,0.9905875582064562
car,bo_tpe,6,6,82,0.9905875582064562
car,bo_tpe,6,6,83,0.9905875582064562
car,bo_tpe,6,6,84,0.9905875582064562
car,bo_tpe,6,6,85,0.9905875582064562
car,bo_tpe,6,6,86,0.9905875582064562
car,bo_tpe,6,6,87,0.9905875582064562
car,bo_tpe,6,6,88,0.9905875582064562
car,bo_tpe,6,6,89,0.9905875582064562
car,bo_tpe,6,6,90,0.9905875582064562
car,bo_tpe,6,6,91,0.9905875582064562
car,bo_tpe,6,6,92,0.9905875582064562
car,bo_tpe,6,6,93,0.9905875582064562
car,bo_tpe,6,6,94,0.9905875582064562
car,bo_tpe,6,6,95,0.9905875582064562
car,bo_tpe,6,6,96,0.9905875582064562
car,bo_tpe,6,6,97,0.9905875582064562
car,bo_tpe,6,6,98,0.9905875582064562
car,bo_tpe,6,6,99,0.9905875582064562
car,bo_tpe,6,6,100,0.9905875582064562
car,pso,6,6,1,0.9876916235023282
car,pso,6,6,2,0.9876916235023282
car,pso,6,6,3,0.9876916235023282
car,pso,6,6,4,0.9876916235023282
car,pso,6,6,5,0.9876916235023282
car,pso,6,6,6,0.9876916235023282
car,pso,6,6,7,0.9876916235023282
car,pso,6,6,8,0.9876916235023282
car,pso,6,6,9,0.9876916235023282
car,pso,6,6,10,0.9876916235023282
car,pso,6,6,11,0.9876916235023282
car,pso,6,6,12,0.9876916235023282
car,pso,6,6,13,0.9876916235023282
car,pso,6,6,14,0.9876916235023282
car,pso,6,6,15,0.9898629205252968
car,pso,6,6,16,0.9898629205252968
car,pso,6,6,17,0.9898629205252968
car,pso,6,6,18,0.9898629205252968
car,pso,6,6,19,0.9898629205252968
car,pso,6,6,20,0.9898629205252968
car,pso,6,6,21,0.9898629205252968
car,pso,6,6,22,0.9898629205252968
car,pso,6,6,23,0.9898629205252968
car,pso,6,6,24,0.9898629205252968
car,pso,6,6,25,0.9898629205252968
car,pso,6,6,26,0.9898629205252968
car,pso,6,6,27,0.9898629205252968
car,pso,6,6,28,0.9898629205252968
car,pso,6,6,29,0.9898629205252968
car,pso,6,6,30,0.9898629205252968
car,pso,6,6,31,0.9898629205252968
car,pso,6,6,32,0.9898629205252968
car,pso,6,6,33,0.9898629205252968
car,pso,6,6,34,0.9898629205252968
car,pso,6,6,35,0.9898629205252968
car,pso,6,6,36,0.9898629205252968
car,pso,6,6,37,0.9898629205252968
car,pso,6,6,38,0.9898629205252968
car,pso,6,6,39,0.9905875582064562
car,pso,6,6,40,0.9905875582064562
car,pso,6,6,41,0.9905875582064562
car,pso,6,6,42,0.9905875582064562
car,pso,6,6,43,0.9905875582064562
car,pso,6,6,44,0.9905875582064562
car,pso,6,6,45,0.9905875582064562
car,pso,6,6,46,0.9905875582064562
car,pso,6,6,47,0.9905875582064562
car,pso,6,6,48,0.9905875582064562
car,pso,6,6,49,0.9905875582064562
car,pso,6,6,50,0.9905875582064562
car,pso,6,6,51,0.9905875582064562
car,pso,6,6,52,0.9905875582064562
car,pso,6,6,53,0.9905875582064562
car,pso,6,6,54,0.9905875582064562
car,pso,6,6,55,0.9905875582064562
car,pso,6,6,56,0.9905875582064562
car,pso,6,6,57,0.9905875582064562
car,pso,6,6,58,0.9905875582064562
car,pso,6,6,59,0.9905875582064562
car,pso,6,6,60,0.9905875582064562
car,pso,6,6,61,0.9905875582064562
car,pso,6,6,62,0.9905875582064562
car,pso,6,6,63,0.9905875582064562
car,pso,6,6,64,0.9905875582064562
car,pso,6,6,65,0.9905875582064562
car,pso,6,6,66,0.9905875582064562
car,pso,6,6,67,0.9905875582064562
car,pso,6,6,68,0.9905875582064562
car,pso,6,6,69,0.9905875582064562
car,pso,6,6,70,0.9905875582064562
car,pso,6,6,71,0.9905875582064562
car,pso,6,6,72,0.9905875582064562
car,pso,6,6,73,0.9905875582064562
car,pso,6,6,74,0.9905875582064562
car,pso,6,6,75,0.9905875582064562
car,pso,6,6,76,0.9905875582064562
car,pso,6,6,77,0.9905875582064562
car,pso,6,6,78,0.9905875582064562
car,pso,6,6,79,0.9905875582064562
car,pso,6,6,80,0.9905875582064562
car,pso,6,6,81,0.9905875582064562
car,pso,6,6,82,0.9905875582064562
car,pso,6,6,83,0.9905875582064562
car,pso,6,6,84,0.9905875582064562
car,pso,6,6,85,0.9905875582064562
car,pso,6,6,86,0.9905875582064562
car,pso,6,6,87,0.9905875582064562
car,pso,6,6,88,0.9905875582064562
car,pso,6,6,89,0.9905875582064562
car,pso,6,6,90,0.9905875582064562
car,pso,6,6,91,0.9905875582064562
car,pso,6,6,92,0.9905875582064562
car,pso,6,6,93,0.9905875582064562
car,pso,6,6,94,0.9905875582064562
car,pso,6,6,95,0.9905875582064562
car,pso,6,6,96,0.9905875582064562
car,pso,6,6,97,0.9905875582064562
car,pso,6,6,98,0.9905875582064562
car,pso,6,6,99,0.9905875582064562
car,pso,6,6,100,0.9905875582064562
car,de,6,6,1,0.9580311829644745
car,de,6,6,2,0.9580311829644745
car,de,6,6,3,0.9819023701145818
car,de,6,6,4,0.9848009208392193
car,de,6,6,5,0.9848009208392193
car,de,6,6,6,0.9848009208392193
car,de,6,6,7,0.9848009208392193
car,de,6,6,8,0.9848009208392193
car,de,6,6,9,0.9848009208392193
car,de,6,6,10,0.9876890074818185
car,de,6,6,11,0.9876890074818185
car,de,6,6,12,0.9876890074818185
car,de,6,6,13,0.9905849421859466
car,de,6,6,14,0.9905849421859466
car,de,6,6,15,0.9905849421859466
car,de,6,6,16,0.9905849421859466
car,de,6,6,17,0.9905849421859466
car,de,6,6,18,0.9905849421859466
car,de,6,6,19,0.9905849421859466
car,de,6,6,20,0.9905849421859466
car,de,6,6,21,0.9905849421859466
car,de,6,6,22,0.9905849421859466
car,de,6,6,23,0.9905849421859466
car,de,6,6,24,0.9905849421859466
car,de,6,6,25,0.9905849421859466
car,de,6,6,26,0.9905849421859466
car,de,6,6,27,0.9905849421859466
car,de,6,6,28,0.9905849421859466
car,de,6,6,29,0.9905849421859466
car,de,6,6,30,0.9905849421859466
car,de,6,6,31,0.9905849421859466
car,de,6,6,32,0.9905849421859466
car,de,6,6,33,0.9905849421859466
car,de,6,6,34,0.9905849421859466
car,de,6,6,35,0.9905849421859466
car,de,6,6,36,0.9905849421859466
car,de,6,6,37,0.9905849421859466
car,de,6,6,38,0.9905849421859466
car,de,6,6,39,0.9905849421859466
car,de,6,6,40,0.9905875582064562
car,de,6,6,41,0.9905875582064562
car,de,6,6,42,0.9905875582064562
car,de,6,6,43,0.9905875582064562
car,de,6,6,44,0.9905875582064562
car,de,6,6,45,0.9905875582064562
car,de,6,6,46,0.9905875582064562
car,de,6,6,47,0.9905875582064562
car,de,6,6,48,0.9905875582064562
car,de,6,6,49,0.9905875582064562
car,de,6,6,50,0.9905875582064562
car,de,6,6,51,0.9905875582064562
car,de,6,6,52,0.9905875582064562
car,de,6,6,53,0.9905875582064562
car,de,6,6,54,0.9905875582064562
car,de,6,6,55,0.9905875582064562
car,de,6,6,56,0.9905875582064562
car,de,6,6,57,0.9905875582064562
car,de,6,6,58,0.9905875582064562
car,de,6,6,59,0.9905875582064562
car,de,6,6,60,0.9905875582064562
car,de,6,6,61,0.9905875582064562
car,de,6,6,62,0.9905875582064562
car,de,6,6,63,0.9905875582064562
car,de,6,6,64,0.9905875582064562
car,de,6,6,65,0.9905875582064562
car,de,6,6,66,0.9905875582064562
car,de,6,6,67,0.9905875582064562
car,de,6,6,68,0.9905875582064562
car,de,6,6,69,0.9905875582064562
car,de,6,6,70,0.9905875582064562
car,de,6,6,71,0.9905875582064562
car,de,6,6,72,0.9905875582064562
car,de,6,6,73,0.9905875582064562
car,de,6,6,74,0.9905875582064562
car,de,6,6,75,0.9905875582064562
car,de,6,6,76,0.9905875582064562
car,de,6,6,77,0.9905875582064562
car,de,6,6,78,0.9905875582064562
car,de,6,6,79,0.9905875582064562
car,de,6,6,80,0.9905875582064562
car,de,6,6,81,0.9905875582064562
car,de,6,6,82,0.9905875582064562
car,de,6,6,83,0.9905875582064562
car,de,6,6,84,0.9905875582064562
car,de,6,6,85,0.9905875582064562
car,de,6,6,86,0.9905875582064562
car,de,6,6,87,0.9905875582064562
car,de,6,6,88,0.9905875582064562
car,de,6,6,89,0.9905875582064562
car,de,6,6,90,0.9905875582064562
car,de,6,6,91,0.9905875582064562
car,de,6,6,92,0.9905875582064562
car,de,6,6,93,0.9905875582064562
car,de,6,6,94,0.9905875582064562
car,de,6,6,95,0.9905875582064562
car,de,6,6,96,0.9905875582064562
car,de,6,6,97,0.9905875582064562
car,de,6,6,98,0.9905875582064562
car,de,6,6,99,0.9905875582064562
car,de,6,6,100,0.9905875582064562
car,ga,6,6,1,0.9580311829644745
car,ga,6,6,2,0.9580311829644745
car,ga,6,6,3,0.9819023701145818
car,ga,6,6,4,0.9848009208392193
car,ga,6,6,5,0.9848009208392193
car,ga,6,6,6,0.9848009208392193
car,ga,6,6,7,0.9848009208392193
car,ga,6,6,8,0.9848009208392193
car,ga,6,6,9,0.9848009208392193
car,ga,6,6,10,0.9876890074818185
car,ga,6,6,11,0.9876890074818185
car,ga,6,6,12,0.9876890074818185
car,ga,6,6,13,0.9905849421859466
car,ga,6,6,14,0.9905849421859466
car,ga,6,6,15,0.9905849421859466
car,ga,6,6,16,0.9905849421859466
car,ga,6,6,17,0.9905849421859466
car,ga,6,6,18,0.9905849421859466
car,ga,6,6,19,0.9905849421859466
car,ga,6,6,20,0.9905849421859466
car,ga,6,6,21,0.9905849421859466
car,ga,6,6,22,0.9905849421859466
car,ga,6,6,23,0.9905849421859466
car,ga,6,6,24,0.9905849421859466
car,ga,6,6,25,0.9905849421859466
car,ga,6,6,26,0.9905849421859466
car,ga,6,6,27,0.9905849421859466
car,ga,6,6,28,0.9905849421859466
car,ga,6,6,29,0.9905849421859466
car,ga,6,6,30,0.9905849421859466
car,ga,6,6,31,0.9905849421859466
car,ga,6,6,32,0.9905849421859466
car,ga,6,6,33,0.9905875582064562
car,ga,6,6,34,0.9905875582064562
car,ga,6,6,35,0.9905875582064562
car,ga,6,6,36,0.9905875582064562
car,ga,6,6,37,0.9905875582064562
car,ga,6,6,38,0.9905875582064562
car,ga,6,6,39,0.9905875582064562
car,ga,6,6,40,0.9905875582064562
car,ga,6,6,41,0.9905875582064562
car,ga,6,6,42,0.9905875582064562
car,ga,6,6,43,0.9905875582064562
car,ga,6,6,44,0.9905875582064562
car,ga,6,6,45,0.9905875582064562
car,ga,6,6,46,0.9905875582064562
car,ga,6,6,47,0.9905875582064562
car,ga,6,6,48,0.9905875582064562
car,ga,6,6,49,0.9905875582064562
car,ga,6,6,50,0.9905875582064562
car,ga,6,6,51,0.9905875582064562
car,ga,6,6,52,0.9905875582064562
car,ga,6,6,53,0.9905875582064562
car,ga,6,6,54,0.9905875582064562
car,ga,6,6,55,0.9905875582064562
car,ga,6,6,56,0.9905875582064562
car,ga,6,6,57,0.9905875582064562
car,ga,6,6,58,0.9905875582064562
car,ga,6,6,59,0.9905875582064562
car,ga,6,6,60,0.9905875582064562
car,ga,6,6,61,0.9905875582064562
car,ga,6,6,62,0.9905875582064562
car,ga,6,6,63,0.9905875582064562
car,ga,6,6,64,0.9905875582064562
car,ga,6,6,65,0.9905875582064562
car,ga,6,6,66,0.9905875582064562
car,ga,6,6,67,0.9905875582064562
car,ga,6,6,68,0.9905875582064562
car,ga,6,6,69,0.9905875582064562
car,ga,6,6,70,0.9905875582064562
car,ga,6,6,71,0.9905875582064562
car,ga,6,6,72,0.9905875582064562
car,ga,6,6,73,0.9905875582064562
car,ga,6,6,74,0.9905875582064562
car,ga,6,6,75,0.9905875582064562
car,ga,6,6,76,0.9905875582064562
car,ga,6,6,77,0.9905875582064562
car,ga,6,6,78,0.9905875582064562
car,ga,6,6,79,0.9905875582064562
car,ga,6,6,80,0.9905875582064562
car,ga,6,6,81,0.9905875582064562
car,ga,6,6,82,0.9905875582064562
car,ga,6,6,83,0.9905875582064562
car,ga,6,6,84,0.9905875582064562
car,ga,6,6,85,0.9905875582064562
car,ga,6,6,86,0.9905875582064562
car,ga,6,6,87,0.9905875582064562
car,ga,6,6,88,0.9905875582064562
car,ga,6,6,89,0.9905875582064562
car,ga,6,6,90,0.9905875582064562
car,ga,6,6,91,0.9905875582064562
car,ga,6,6,92,0.9905875582064562
car,ga,6,6,93,0.9905875582064562
car,ga,6,6,94,0.9905875582064562
car,ga,6,6,95,0.9905875582064562
car,ga,6,6,96,0.9905875582064562
car,ga,6,6,97,0.9905875582064562
car,ga,6,6,98,0.9905875582064562
car,ga,6,6,99,0.9905875582064562
car,ga,6,6,100,0.9905875582064562
car,sa,6,6,1,0.9833437974153718
car,sa,6,6,2,0.9869643698006593
car,sa,6,6,3,0.9869643698006593
car,sa,6,6,4,0.9905849421859466
car,sa,6,6,5,0.9905849421859466
car,sa,6,6,6,0.9905849421859466
car,sa,6,6,7,0.9905849421859466
car,sa,6,6,8,0.9905849421859466
car,sa,6,6,9,0.9905849421859466
car,sa,6,6,10,0.9905849421859466
car,sa,6,6,11,0.9905849421859466
car,sa,6,6,12,0.9905875582064562
car,sa,6,6,13,0.9905875582064562
car,sa,6,6,14,0.9905875582064562
car,sa,6,6,15,0.9905875582064562
car,sa,6,6,16,0.9905875582064562
car,sa,6,6,17,0.9905875582064562
car,sa,6,6,18,0.9905875582064562
car,sa,6,6,19,0.9905875582064562
car,sa,6,6,20,0.9905875582064562
car,sa,6,6,21,0.9905875582064562
car,sa,6,6,22,0.9905875582064562
car,sa,6,6,23,0.9905875582064562
car,sa,6,6,24,0.9905875582064562
car,sa,6,6,25,0.9905875582064562
car,sa,6,6,26,0.9905875582064562
car,sa,6,6,27,0.9905875582064562
car,sa,6,6,28,0.9905875582064562
car,sa,6,6,29,0.9905875582064562
car,sa,6,6,30,0.9905875582064562
car,sa,6,6,31,0.9905875582064562
car,sa,6,6,32,0.9905875582064562
car,sa,6,6,33,0.9905875582064562
car,sa,6,6,34,0.9905875582064562
car,sa,6,6,35,0.9905875582064562
car,sa,6,6,36,0.9905875582064562
car,sa,6,6,37,0.9905875582064562
car,sa,6,6,38,0.9905875582064562
car,sa,6,6,39,0.9905875582064562
car,sa,6,6,40,0.9905875582064562
car,sa,6,6,41,0.9905875582064562
car,sa,6,6,42,0.9905875582064562
car,sa,6,6,43,0.9905875582064562
car,sa,6,6,44,0.9905875582064562
car,sa,6,6,45,0.9905875582064562
car,sa,6,6,46,0.9905875582064562
car,sa,6,6,47,0.9905875582064562
car,sa,6,6,48,0.9905875582064562
car,sa,6,6,49,0.9905875582064562
car,sa,6,6,50,0.9905875582064562
car,sa,6,6,51,0.9905875582064562
car,sa,6,6,52,0.9905875582064562
car,sa,6,6,53,0.9905875582064562
car,sa,6,6,54,0.9905875582064562
car,sa,6,6,55,0.9905875582064562
car,sa,6,6,56,0.9905875582064562
car,sa,6,6,57,0.9905875582064562
car,sa,6,6,58,0.9905875582064562
car,sa,6,6,59,0.9905875582064562
car,sa,6,6,60,0.9905875582064562
car,sa,6,6,61,0.9905875582064562
car,sa,6,6,62,0.9905875582064562
car,sa,6,6,63,0.9905875582064562
car,sa,6,6,64,0.9905875582064562
car,sa,6,6,65,0.9905875582064562
car,sa,6,6,66,0.9905875582064562
car,sa,6,6,67,0.9905875582064562
car,sa,6,6,68,0.9905875582064562
car,sa,6,6,69,0.9905875582064562
car,sa,6,6,70,0.9905875582064562
car,sa,6,6,71,0.9905875582064562
car,sa,6,6,72,0.9905875582064562
car,sa,6,6,73,0.9905875582064562
car,sa,6,6,74,0.9905875582064562
car,sa,6,6,75,0.9905875582064562
car,sa,6,6,76,0.9905875582064562
car,sa,6,6,77,0.9905875582064562
car,sa,6,6,78,0.9905875582064562
car,sa,6,6,79,0.9905875582064562
car,sa,6,6,80,0.9905875582064562
car,sa,6,6,81,0.9905875582064562
car,sa,6,6,82,0.9905875582064562
car,sa,6,6,83,0.9905875582064562
car,sa,6,6,84,0.9905875582064562
car,sa,6,6,85,0.9905875582064562
car,sa,6,6,86,0.9905875582064562
car,sa,6,6,87,0.9905875582064562
car,sa,6,6,88,0.9905875582064562
car,sa,6,6,89,0.9905875582064562
car,sa,6,6,90,0.9905875582064562
car,sa,6,6,91,0.9905875582064562
car,sa,6,6,92,0.9905875582064562
car,sa,6,6,93,0.9905875582064562
car,sa,6,6,94,0.9905875582064562
car,sa,6,6,95,0.9905875582064562
car,sa,6,6,96,0.9905875582064562
car,sa,6,6,97,0.9905875582064562
car,sa,6,6,98,0.9905875582064562
car,sa,6,6,99,0.9905875582064562
car,sa,6,6,100,0.9905875582064562
car,grid,7,7,1,0.7004342594045937
car,grid,7,7,2,0.7004342594045937
car,grid,7,7,3,0.7004342594045937
car,grid,7,7,4,0.7004342594045937
car,grid,7,7,5,0.7004342594045937
car,grid,7,7,6,0.7004342594045937
car,grid,7,7,7,0.7004342594045937
car,grid,7,7,8,0.7004342594045937
car,grid,7,7,9,0.7004342594045937
car,grid,7,7,10,0.7004342594045937
car,grid,7,7,11,0.7004342594045937
car,grid,7,7,12,0.7004342594045937
car,grid,7,7,13,0.7004342594045937
car,grid,7,7,14,0.7004342594045937
car,grid,7,7,15,0.7004342594045937
car,grid,7,7,16,0.8097106681316382
car,grid,7,7,17,0.8097106681316382
car,grid,7,7,18,0.8097106681316382
car,grid,7,7,19,0.8097106681316382
car,grid,7,7,20,0.8097106681316382
car,grid,7,7,21,0.8097106681316382
car,grid,7,7,22,0.8097106681316382
car,grid,7,7,23,0.8097106681316382
car,grid,7,7,24,0.8097106681316382
car,grid,7,7,25,0.8697404907654477
car,grid,7,7,26,0.9319913148119081
car,grid,7,7,27,0.9319913148119081
car,grid,7,7,28,0.9319913148119081
car,grid,7,7,29,0.9319913148119081
car,grid,7,7,30,0.9319913148119081
car,grid,7,7,31,0.9319913148119081
car,grid,7,7,32,0.9319913148119081
car,grid,7,7,33,0.9319913148119081
car,grid,7,7,34,0.9319913148119081
car,grid,7,7,35,0.9450086328676818
car,grid,7,7,36,0.9761157327473449
car,grid,7,7,37,0.9761157327473449
car,grid,7,7,38,0.9761157327473449
car,grid,7,7,39,0.9761157327473449
car,grid,7,7,40,0.9761157327473449
car,grid,7,7,41,0.9761157327473449
car,grid,7,7,42,0.9761157327473449
car,grid,7,7,43,0.9761157327473449
car,grid,7,7,44,0.9761157327473449
car,grid,7,7,45,0.9761157327473449
car,grid,7,7,46,0.988413645162978
car,grid,7,7,47,0.988413645162978
car,grid,7,7,48,0.988413645162978
car,grid,7,7,49,0.988413645162978
car,grid,7,7,50,0.988413645162978
car,grid,7,7,51,0.988413645162978
car,grid,7,7,52,0.988413645162978
car,grid,7,7,53,0.988413645162978
car,grid,7,7,54,0.988413645162978
car,grid,7,7,55,0.988413645162978
car,grid,7,7,56,0.988413645162978
car,grid,7,7,57,0.988413645162978
car,grid,7,7,58,0.988413645162978
car,grid,7,7,59,0.988413645162978
car,grid,7,7,60,0.988413645162978
car,grid,7,7,61,0.988413645162978
car,grid,7,7,62,0.988413645162978
car,grid,7,7,63,0.988413645162978
car,grid,7,7,64,0.988413645162978
car,grid,7,7,65,0.988413645162978
car,grid,7,7,66,0.988413645162978
car,grid,7,7,67,0.988413645162978
car,grid,7,7,68,0.988413645162978
car,grid,7,7,69,0.988413645162978
car,grid,7,7,70,0.988413645162978
car,grid,7,7,71,0.988413645162978
car,grid,7,7,72,0.988413645162978
car,grid,7,7,73,0.988413645162978
car,grid,7,7,74,0.988413645162978
car,grid,7,7,75,0.988413645162978
car,grid,7,7,76,0.988413645162978
car,grid,7,7,77,0.988413645162978
car,grid,7,7,78,0.988413645162978
car,grid,7,7,79,0.988413645162978
car,grid,7,7,80,0.988413645162978
car,grid,7,7,81,0.988413645162978
car,grid,7,7,82,0.988413645162978
car,grid,7,7,83,0.988413645162978
car,grid,7,7,84,0.988413645162978
car,grid,7,7,85,0.988413645162978
car,grid,7,7,86,0.988413645162978
car,grid,7,7,87,0.988413645162978
car,grid,7,7,88,0.988413645162978
car,grid,7,7,89,0.988413645162978
car,grid,7,7,90,0.988413645162978
car,grid,7,7,91,0.988413645162978
car,grid,7,7,92,0.988413645162978
car,grid,7,7,93,0.988413645162978
car,grid,7,7,94,0.988413645162978
car,grid,7,7,95,0.988413645162978
car,grid,7,7,96,0.988413645162978
car,grid,7,7,97,0.988413645162978
car,grid,7,7,98,0.988413645162978
car,grid,7,7,99,0.988413645162978
car,grid,7,7,100,0.988413645162978
car,random,7,7,1,0.7004342594045937
car,random,7,7,2,0.7792968136870193
car,random,7,7,3,0.9905849421859466
car,random,7,7,4,0.9905849421859466
car,random,7,7,5,0.9905849421859466
car,random,7,7,6,0.9905849421859466
car,random,7,7,7,0.9905849421859466
car,random,7,7,8,0.9905849421859466
car,random,7,7,9,0.9905849421859466
car,random,7,7,10,0.9905849421859466
car,random,7,7,11,0.9905849421859466
car,random,7,7,12,0.9905849421859466
car,random,7,7,13,0.9905849421859466
car,random,7,7,14,0.9905849421859466
car,random,7,7,15,0.9905849421859466
car,random,7,7,16,0.9905849421859466
car,random,7,7,17,0.9905849421859466
car,random,7,7,18,0.9905849421859466
car,random,7,7,19,0.9905849421859466
car,random,7,7,20,0.9905849421859466
car,random,7,7,21,0.9905849421859466
car,random,7,7,22,0.9905849421859466
car,random,7,7,23,0.9905849421859466
car,random,7,7,24,0.9905849421859466
car,random,7,7,25,0.9905849421859466
car,random,7,7,26,0.9905849421859466
car,random,7,7,27,0.9905875582064562
car,random,7,7,28,0.9905875582064562
car,random,7,7,29,0.9905875582064562
car,random,7,7,30,0.9905875582064562
car,random,7,7,31,0.9905875582064562
car,random,7,7,32,0.9905875582064562
car,random,7,7,33,0.9905875582064562
car,random,7,7,34,0.9905875582064562
car,random,7,7,35,0.9905875582064562
car,random,7,7,36,0.9905875582064562
car,random,7,7,37,0.9905875582064562
car,random,7,7,38,0.9905875582064562
car,random,7,7,39,0.9905875582064562
car,random,7,7,40,0.9905875582064562
car,random,7,7,41,0.9905875582064562
car,random,7,7,42,0.9905875582064562
car,random,7,7,43,0.9905875582064562
car,random,7,7,44,0.9905875582064562
car,random,7,7,45,0.9905875582064562
car,random,7,7,46,0.9905875582064562
car,random,7,7,47,0.9905875582064562
car,random,7,7,48,0.9905875582064562
car,random,7,7,49,0.9905875582064562
car,random,7,7,50,0.9905875582064562
car,random,7,7,51,0.9905875582064562
car,random,7,7,52,0.9905875582064562
car,random,7,7,53,0.9905875582064562
car,random,7,7,54,0.9905875582064562
car,random,7,7,55,0.9905875582064562
car,random,7,7,56,0.9905875582064562
car,random,7,7,57,0.9905875582064562
car,random,7,7,58,0.9905875582064562
car,random,7,7,59,0.9905875582064562
car,random,7,7,60,0.9905875582064562
car,random,7,7,61,0.9905875582064562
car,random,7,7,62,0.9905875582064562
car,random,7,7,63,0.9905875582064562
car,random,7,7,64,0.9905875582064562
car,random,7,7,65,0.9905875582064562
car,random,7,7,66,0.9905875582064562
car,random,7,7,67,0.9905875582064562
car,random,7,7,68,0.9905875582064562
car,random,7,7,69,0.9905875582064562
car,random,7,7,70,0.9905875582064562
car,random,7,7,71,0.9905875582064562
car,random,7,7,72,0.9905875582064562
car,random,7,7,73,0.9905875582064562
car,random,7,7,74,0.9905875582064562
car,random,7,7,75,0.9905875582064562
car,random,7,7,76,0.9905875582064562
car,random,7,7,77,0.9905875582064562
car,random,7,7,78,0.9905875582064562
car,random,7,7,79,0.9905875582064562
car,random,7,7,80,0.9905875582064562
car,random,7,7,81,0.9905875582064562
car,random,7,7,82,0.9905875582064562
car,random,7,7,83,0.9905875582064562
car,random,7,7,84,0.9905875582064562
car,random,7,7,85,0.9905875582064562
car,random,7,7,86,0.9905875582064562
car,random,7,7,87,0.9905875582064562
car,random,7,7,88,0.9905875582064562
car,random,7,7,89,0.9905875582064562
car,random,7,7,90,0.9905875582064562
car,random,7,7,91,0.9905875582064562
car,random,7,7,92,0.9905875582064562
car,random,7,7,93,0.9905875582064562
car,random,7,7,94,0.9905875582064562
car,random,7,7,95,0.9905875582064562
car,random,7,7,96,0.9905875582064562
car,random,7,7,97,0.9905875582064562
car,random,7,7,98,0.9905875582064562
car,random,7,7,99,0.9905875582064562
car,random,7,7,100,0.9905875582064562
car,bo_tpe,7,7,1,0.7004342594045937
car,bo_tpe,7,7,2,0.7792968136870193
car,bo_tpe,7,7,3,0.9905849421859466
car,bo_tpe,7,7,4,0.9905849421859466
car,bo_tpe,7,7,5,0.9905849421859466
car,bo_tpe,7,7,6,0.9905849421859466
car,bo_tpe,7,7,7,0.9905849421859466
car,bo_tpe,7,7,8,0.9905849421859466
car,bo_tpe,7,7,9,0.9905849421859466
car,bo_tpe,7,7,10,0.9905849421859466
car,bo_tpe,7,7,11,0.9905849421859466
car,bo_tpe,7,7,12,0.9905849421859466
car,bo_tpe,7,7,13,0.9905849421859466
car,bo_tpe,7,7,14,0.9905849421859466
car,bo_tpe,7,7,15,0.9905849421859466
car,bo_tpe,7,7,16,0.9905849421859466
car,bo_tpe,7,7,17,0.9905849421859466
car,bo_tpe,7,7,18,0.9905849421859466
car,bo_tpe,7,7,19,0.9905849421859466
car,bo_tpe,7,7,20,0.9905849421859466
car,bo_tpe,7,7,21,0.9905849421859466
car,bo_tpe,7,7,22,0.9905849421859466
car,bo_tpe,7,7,23,0.9905849421859466
car,bo_tpe,7,7,24,0.9905849421859466
car,bo_tpe,7,7,25,0.9905849421859466
car,bo_tpe,7,7,26,0.9905849421859466
car,bo_tpe,7,7,27,0.9905849421859466
car,bo_tpe,7,7,28,0.9905849421859466
car,bo_tpe,7,7,29,0.9905849421859466
car,bo_tpe,7,7,30,0.9905849421859466
car,bo_tpe,7,7,31,0.9905849421859466
car,bo_tpe,7,7,32,0.9905849421859466
car,bo_tpe,7,7,33,0.9905849421859466
car,bo_tpe,7,7,34,0.9905849421859466
car,bo_tpe,7,7,35,0.9905849421859466
car,bo_tpe,7,7,36,0.9905875582064562
car,bo_tpe,7,7,37,0.9905875582064562
car,bo_tpe,7,7,38,0.9905875582064562
car,bo_tpe,7,7,39,0.9905875582064562
car,bo_tpe,7,7,40,0.9905875582064562
car,bo_tpe,7,7,41,0.9905875582064562
car,bo_tpe,7,7,42,0.9905875582064562
car,bo_tpe,7,7,43,0.9905875582064562
car,bo_tpe,7,7,44,0.9905875582064562
car,bo_tpe,7,7,45,0.9905875582064562
car,bo_tpe,7,7,46,0.9905875582064562
car,bo_tpe,7,7,47,0.9905875582064562
car,bo_tpe,7,7,48,0.9905875582064562
car,bo_tpe,7,7,49,0.9905875582064562
car,bo_tpe,7,7,50,0.9905875582064562
car,bo_tpe,7,7,51,0.9905875582064562
car,bo_tpe,7,7,52,0.9905875582064562
car,bo_tpe,7,7,53,0.9905875582064562
car,bo_tpe,7,7,54,0.9905875582064562
car,bo_tpe,7,7,55,0.9905875582064562
car,bo_tpe,7,7,56,0.9905875582064562
car,bo_tpe,7,7,57,0.9905875582064562
car,bo_tpe,7,7,58,0.9905875582064562
car,bo_tpe,7,7,59,0.9905875582064562
car,bo_tpe,7,7,60,0.9905875582064562
car,bo_tpe,7,7,61,0.9905875582064562
car,bo_tpe,7,7,62,0.9905875582064562
car,bo_tpe,7,7,63,0.9905875582064562
car,bo_tpe,7,7,64,0.9905875582064562
car,bo_tpe,7,7,65,0.9905875582064562
car,bo_tpe,7,7,66,0.9905875582064562
car,bo_tpe,7,7,67,0.9905875582064562
car,bo_tpe,7,7,68,0.9905875582064562
car,bo_tpe,7,7,69,0.9905875582064562
car,bo_tpe,7,7,70,0.9905875582064562
car,bo_tpe,7,7,71,0.9905875582064562
car,bo_tpe,7,7,72,0.9905875582064562
car,bo_tpe,7,7,73,0.9905875582064562
car,bo_tpe,7,7,74,0.9905875582064562
car,bo_tpe,7,7,75,0.9905875582064562
car,bo_tpe,7,7,76,0.9905875582064562
car,bo_tpe,7,7,77,0.9905875582064562
car,bo_tpe,7,7,78,0.9905875582064562
car,bo_tpe,7,7,79,0.9905875582064562
car,bo_tpe,7,7,80,0.9905875582064562
car,bo_tpe,7,7,81,0.9905875582064562
car,bo_tpe,7,7,82,0.9905875582064562
car,bo_tpe,7,7,83,0.9905875582064562
car,bo_tpe,7,7,84,0.9905875582064562
car,bo_tpe,7,7,85,0.9905875582064562
car,bo_tpe,7,7,86,0.9905875582064562
car,bo_tpe,7,7,87,0.9905875582064562
car,bo_tpe,7,7,88,0.9905875582064562
car,bo_tpe,7,7,89,0.9905875582064562
car,bo_tpe,7,7,90,0.9905875582064562
car,bo_tpe,7,7,91,0.9905875582064562
car,bo_tpe,7,7,92,0.9905875582064562
car,bo_tpe,7,7,93,0.9905875582064562
car,bo_tpe,7,7,94,0.9905875582064562
car,bo_tpe,7,7,95,0.9905875582064562
car,bo_tpe,7,7,96,0.9905875582064562
car,bo_tpe,7,7,97,0.9905875582064562
car,bo_tpe,7,7,98,0.9905875582064562
car,bo_tpe,7,7,99,0.9905875582064562
car,bo_tpe,7,7,100,0.9905875582064562
car,pso,7,7,1,0.9602050960079527
car,pso,7,7,2,0.9602050960079527
car,pso,7,7,3,0.9891408988646472
car,pso,7,7,4,0.9891408988646472
car,pso,7,7,5,0.9891408988646472
car,pso,7,7,6,0.9898629205252968
car,pso,7,7,7,0.9898629205252968
car,pso,7,7,8,0.9898629205252968
car,pso,7,7,9,0.9898629205252968
car,pso,7,7,10,0.9898629205252968
car,pso,7,7,11,0.9898629205252968
car,pso,7,7,12,0.9898629205252968
car,pso,7,7,13,0.9898629205252968
car,pso,7,7,14,0.9898629205252968
car,pso,7,7,15,0.9898629205252968
car,pso,7,7,16,0.9898629205252968
car,pso,7,7,17,0.9898629205252968
car,pso,7,7,18,0.9898629205252968
car,pso,7,7,19,0.9898629205252968
car,pso,7,7,20,0.9898629205252968
car,pso,7,7,21,0.9898629205252968
car,pso,7,7,22,0.9898629205252968
car,pso,7,7,23,0.9898629205252968
car,pso,7,7,24,0.9898629205252968
car,pso,7,7,25,0.9898629205252968
car,pso,7,7,26,0.9898629205252968
car,pso,7,7,27,0.9898629205252968
car,pso,7,7,28,0.9898629205252968
car,pso,7,7,29,0.9898629205252968
car,pso,7,7,30,0.9898629205252968
car,pso,7,7,31,0.9898629205252968
car,pso,7,7,32,0.9898629205252968
car,pso,7,7,33,0.9898629205252968
car,pso,7,7,34,0.9898629205252968
car,pso,7,7,35,0.9898629205252968
car,pso,7,7,36,0.9898629205252968
car,pso,7,7,37,0.9898629205252968
car,pso,7,7,38,0.9898629205252968
car,pso,7,7,39,0.9898629205252968
car,pso,7,7,40,0.9898629205252968
car,pso,7,7,41,0.9898629205252968
car,pso,7,7,42,0.9898629205252968
car,pso,7,7,43,0.9898629205252968
car,pso,7,7,44,0.9898629205252968
car,pso,7,7,45,0.9905875582064562
car,pso,7,7,46,0.9905875582064562
car,pso,7,7,47,0.9905875582064562
car,pso,7,7,48,0.9905875582064562
car,pso,7,7,49,0.9905875582064562
car,pso,7,7,50,0.9905875582064562
car,pso,7,7,51,0.9905875582064562
car,pso,7,7,52,0.9905875582064562
car,pso,7,7,53,0.9905875582064562
car,pso,7,7,54,0.9905875582064562
car,pso,7,7,55,0.9905875582064562
car,pso,7,7,56,0.9905875582064562
car,pso,7,7,57,0.9905875582064562
car,pso,7,7,58,0.9905875582064562
car,pso,7,7,59,0.9905875582064562
car,pso,7,7,60,0.9905875582064562
car,pso,7,7,61,0.9905875582064562
car,pso,7,7,62,0.9905875582064562
car,pso,7,7,63,0.9905875582064562
car,pso,7,7,64,0.9905875582064562
car,pso,7,7,65,0.9905875582064562
car,pso,7,7,66,0.9905875582064562
car,pso,7,7,67,0.9905875582064562
car,pso,7,7,68,0.9905875582064562
car,pso,7,7,69,0.9905875582064562
car,pso,7,7,70,0.9905875582064562
car,pso,7,7,71,0.9905875582064562
car,pso,7,7,72,0.9905875582064562
car,pso,7,7,73,0.9905875582064562
car,pso,7,7,74,0.9905875582064562
car,pso,7,7,75,0.9905875582064562
car,pso,7,7,76,0.9905875582064562
car,pso,7,7,77,0.9905875582064562
car,pso,7,7,78,0.9905875582064562
car,pso,7,7,79,0.9905875582064562
car,pso,7,7,80,0.9905875582064562
car,pso,7,7,81,0.9905875582064562
car,pso,7,7,82,0.9905875582064562
car,pso,7,7,83,0.9905875582064562
car,pso,7,7,84,0.9905875582064562
car,pso,7,7,85,0.9905875582064562
car,pso,7,7,86,0.9905875582064562
car,pso,7,7,87,0.9905875582064562
car,pso,7,7,88,0.9905875582064562
car,pso,7,7,89,0.9905875582064562
car,pso,7,7,90,0.9905875582064562
car,pso,7,7,91,0.9905875582064562
car,pso,7,7,92,0.9905875582064562
car,pso,7,7,93,0.9905875582064562
car,pso,7,7,94,0.9905875582064562
car,pso,7,7,95,0.9905875582064562
car,pso,7,7,96,0.9905875582064562
car,pso,7,7,97,0.9905875582064562
car,pso,7,7,98,0.9905875582064562
car,pso,7,7,99,0.9905875582064562
car,pso,7,7,100,0.9905875582064562
car,de,7,7,1,0.7004342594045937
car,de,7,7,2,0.9601972479464239
car,de,7,7,3,0.9601972479464239
car,de,7,7,4,0.9601972479464239
car,de,7,7,5,0.9884162611834878
car,de,7,7,6,0.9884162611834878
car,de,7,7,7,0.9884162611834878
car,de,7,7,8,0.9891382828441374
car,de,7,7,9,0.9891382828441374
car,de,7,7,10,0.9891382828441374
car,de,7,7,11,0.9891382828441374
car,de,7,7,12,0.9891382828441374
car,de,7,7,13,0.9891382828441374
car,de,7,7,14,0.9891382828441374
car,de,7,7,15,0.9905875582064562
car,de,7,7,16,0.9905875582064562
car,de,7,7,17,0.9905875582064562
car,de,7,7,18,0.9905875582064562
car,de,7,7,19,0.9905875582064562
car,de,7,7,20,0.9905875582064562
car,de,7,7,21,0.9905875582064562
car,de,7,7,22,0.9905875582064562
car,de,7,7,23,0.9905875582064562
car,de,7,7,24,0.9905875582064562
car,de,7,7,25,0.9905875582064562
car,de,7,7,26,0.9905875582064562
car,de,7,7,27,0.9905875582064562
car,de,7,7,28,0.9905875582064562
car,de,7,7,29,0.9905875582064562
car,de,7,7,30,0.9905875582064562
car,de,7,7,31,0.9905875582064562
car,de,7,7,32,0.9905875582064562
car,de,7,7,33,0.9905875582064562
car,de,7,7,34,0.9905875582064562
car,de,7,7,35,0.9905875582064562
car,de,7,7,36,0.9905875582064562
car,de,7,7,37,0.9905875582064562
car,de,7,7,38,0.9905875582064562
car,de,7,7,39,0.9905875582064562
car,de,7,7,40,0.9905875582064562
car,de,7,7,41,0.9905875582064562
car,de,7,7,42,0.9905875582064562
car,de,7,7,43,0.9905875582064562
car,de,7,7,44,0.9905875582064562
car,de,7,7,45,0.9905875582064562
car,de,7,7,46,0.9905875582064562
car,de,7,7,47,0.9905875582064562
car,de,7,7,48,0.9905875582064562
car,de,7,7,49,0.9905875582064562
car,de,7,7,50,0.9905875582064562
car,de,7,7,51,0.9905875582064562
car,de,7,7,52,0.9905875582064562
car,de,7,7,53,0.9905875582064562
car,de,7,7,54,0.9905875582064562
car,de,7,7,55,0.9905875582064562
car,de,7,7,56,0.9905875582064562
car,de,7,7,57,0.9905875582064562
car,de,7,7,58,0.9905875582064562
car,de,7,7,59,0.9905875582064562
car,de,7,7,60,0.9905875582064562
car,de,7,7,61,0.9905875582064562
car,de,7,7,62,0.9905875582064562
car,de,7,7,63,0.9905875582064562
car,de,7,7,64,0.9905875582064562
car,de,7,7,65,0.9905875582064562
car,de,7,7,66,0.9905875582064562
car,de,7,7,67,0.9905875582064562
car,de,7,7,68,0.9905875582064562
car,de,7,7,69,0.9905875582064562
car,de,7,7,70,0.9905875582064562
car,de,7,7,71,0.9905875582064562
car,de,7,7,72,0.9905875582064562
car,de,7,7,73,0.9905875582064562
car,de,7,7,74,0.9905875582064562
car,de,7,7,75,0.9905875582064562
car,de,7,7,76,0.9905875582064562
car,de,7,7,77,0.9905875582064562
car,de,7,7,78,0.9905875582064562
car,de,7,7,79,0.9905875582064562
car,de,7,7,80,0.9905875582064562
car,de,7,7,81,0.9905875582064562
car,de,7,7,82,0.9905875582064562
car,de,7,7,83,0.9905875582064562
car,de,7,7,84,0.9905875582064562
car,de,7,7,85,0.9905875582064562
car,de,7,7,86,0.9905875582064562
car,de,7,7,87,0.9905875582064562
car,de,7,7,88,0.9905875582064562
car,de,7,7,89,0.9905875582064562
car,de,7,7,90,0.9905875582064562
car,de,7,7,91,0.9905875582064562
car,de,7,7,92,0.9905875582064562
car,de,7,7,93,0.9905875582064562
car,de,7,7,94,0.9905875582064562
car,de,7,7,95,0.9905875582064562
car,de,7,7,96,0.9905875582064562
car,de,7,7,97,0.9905875582064562
car,de,7,7,98,0.9905875582064562
car,de,7,7,99,0.9905875582064562
car,de,7,7,100,0.9905875582064562
car,ga,7,7,1,0.7004342594045937
car,ga,7,7,2,0.9601972479464239
car,ga,7,7,3,0.9601972479464239
car,ga,7,7,4,0.9601972479464239
car,ga,7,7,5,0.9884162611834878
car,ga,7,7,6,0.9884162611834878
car,ga,7,7,7,0.9884162611834878
car,ga,7,7,8,0.9891382828441374
car,ga,7,7,9,0.9891382828441374
car,ga,7,7,10,0.9891382828441374
car,ga,7,7,11,0.9891382828441374
car,ga,7,7,12,0.9891382828441374
car,ga,7,7,13,0.9891382828441374
car,ga,7,7,14,0.9891382828441374
car,ga,7,7,15,0.9905875582064562
car,ga,7,7,16,0.9905875582064562
car,ga,7,7,17,0.9905875582064562
car,ga,7,7,18,0.9905875582064562
car,ga,7,7,19,0.9905875582064562
car,ga,7,7,20,0.9905875582064562
car,ga,7,7,21,0.9905875582064562
car,ga,7,7,22,0.9905875582064562
car,ga,7,7,23,0.9905875582064562
car,ga,7,7,24,0.9905875582064562
car,ga,7,7,25,0.9905875582064562
car,ga,7,7,26,0.9905875582064562
car,ga,7,7,27,0.9905875582064562
car,ga,7,7,28,0.9905875582064562
car,ga,7,7,29,0.9905875582064562
car,ga,7,7,30,0.9905875582064562
car,ga,7,7,31,0.9905875582064562
car,ga,7,7,32,0.9905875582064562
car,ga,7,7,33,0.9905875582064562
car,ga,7,7,34,0.9905875582064562
car,ga,7,7,35,0.9905875582064562
car,ga,7,7,36,0.9905875582064562
car,ga,7,7,37,0.9905875582064562
car,ga,7,7,38,0.9905875582064562
car,ga,7,7,39,0.9905875582064562
car,ga,7,7,40,0.9905875582064562
car,ga,7,7,41,0.9905875582064562
car,ga,7,7,42,0.9905875582064562
car,ga,7,7,43,0.9905875582064562
car,ga,7,7,44,0.9905875582064562
car,ga,7,7,45,0.9905875582064562
car,ga,7,7,46,0.9905875582064562
car,ga,7,7,47,0.9905875582064562
car,ga,7,7,48,0.9905875582064562
car,ga,7,7,49,0.9905875582064562
car,ga,7,7,50,0.9905875582064562
car,ga,7,7,51,0.9905875582064562
car,ga,7,7,52,0.9905875582064562
car,ga,7,7,53,0.9905875582064562
car,ga,7,7,54,0.9905875582064562
car,ga,7,7,55,0.9905875582064562
car,ga,7,7,56,0.9905875582064562
car,ga,7,7,57,0.9905875582064562
car,ga,7,7,58,0.9905875582064562
car,ga,7,7,59,0.9905875582064562
car,ga,7,7,60,0.9905875582064562
car,ga,7,7,61,0.9905875582064562
car,ga,7,7,62,0.9905875582064562
car,ga,7,7,63,0.9905875582064562
car,ga,7,7,64,0.9905875582064562
car,ga,7,7,65,0.9905875582064562
car,ga,7,7,66,0.9905875582064562
car,ga,7,7,67,0.9905875582064562
car,ga,7,7,68,0.9905875582064562
car,ga,7,7,69,0.9905875582064562
car,ga,7,7,70,0.9905875582064562
car,ga,7,7,71,0.9905875582064562
car,ga,7,7,72,0.9905875582064562
car,ga,7,7,73,0.9905875582064562
car,ga,7,7,74,0.9905875582064562
car,ga,7,7,75,0.9905875582064562
car,ga,7,7,76,0.9905875582064562
car,ga,7,7,77,0.9905875582064562
car,ga,7,7,78,0.9905875582064562
car,ga,7,7,79,0.9905875582064562
car,ga,7,7,80,0.9905875582064562
car,ga,7,7,81,0.9905875582064562
car,ga,7,7,82,0.9905875582064562
car,ga,7,7,83,0.9905875582064562
car,ga,7,7,84,0.9905875582064562
car,ga,7,7,85,0.9905875582064562
car,ga,7,7,86,0.9905875582064562
car,ga,7,7,87,0.9905875582064562
car,ga,7,7,88,0.9905875582064562
car,ga,7,7,89,0.9905875582064562
car,ga,7,7,90,0.9905875582064562
car,ga,7,7,91,0.9905875582064562
car,ga,7,7,92,0.9905875582064562
car,ga,7,7,93,0.9905875582064562
car,ga,7,7,94,0.9905875582064562
car,ga,7,7,95,0.9905875582064562
car,ga,7,7,96,0.9905875582064562
car,ga,7,7,97,0.9905875582064562
car,ga,7,7,98,0.9905875582064562
car,ga,7,7,99,0.9905875582064562
car,ga,7,7,100,0.9905875582064562
car,sa,7,7,1,0.7004342594045937
car,sa,7,7,2,0.7004342594045937
car,sa,7,7,3,0.7004342594045937
car,sa,7,7,4,0.7004342594045937
car,sa,7,7,5,0.905208496834615
car,sa,7,7,6,0.9674383927169989
car,sa,7,7,7,0.9674383927169989
car,sa,7,7,8,0.9674383927169989
car,sa,7,7,9,0.9674383927169989
car,sa,7,7,10,0.9674383927169989
car,sa,7,7,11,0.9674383927169989
car,sa,7,7,12,0.9674383927169989
car,sa,7,7,13,0.9674383927169989
car,sa,7,7,14,0.9710589651022863
car,sa,7,7,15,0.9775623920891541
car,sa,7,7,16,0.9775623920891541
car,sa,7,7,17,0.9826296238162507
car,sa,7,7,18,0.9826296238162507
car,sa,7,7,19,0.9855203264793596
car,sa,7,7,20,0.9855203264793596
car,sa,7,7,21,0.988413645162978
car,sa,7,7,22,0.988413645162978
car,sa,7,7,23,0.988413645162978
car,sa,7,7,24,0.988413645162978
car,sa,7,7,25,0.988413645162978
car,sa,7,7,26,0.988413645162978
car,sa,7,7,27,0.988413645162978
car,sa,7,7,28,0.988413645162978
car,sa,7,7,29,0.988413645162978
car,sa,7,7,30,0.988413645162978
car,sa,7,7,31,0.988413645162978
car,sa,7,7,32,0.988413645162978
car,sa,7,7,33,0.988413645162978
car,sa,7,7,34,0.9884162611834878
car,sa,7,7,35,0.9884162611834878
car,sa,7,7,36,0.9905875582064562
car,sa,7,7,37,0.9905875582064562
car,sa,7,7,38,0.9905875582064562
car,sa,7,7,39,0.9905875582064562
car,sa,7,7,40,0.9905875582064562
car,sa,7,7,41,0.9905875582064562
car,sa,7,7,42,0.9905875582064562
car,sa,7,7,43,0.9905875582064562
car,sa,7,7,44,0.9905875582064562
car,sa,7,7,45,0.9905875582064562
car,sa,7,7,46,0.9905875582064562
car,sa,7,7,47,0.9905875582064562
car,sa,7,7,48,0.9905875582064562
car,sa,7,7,49,0.9905875582064562
car,sa,7,7,50,0.9905875582064562
car,sa,7,7,51,0.9905875582064562
car,sa,7,7,52,0.9905875582064562
car,sa,7,7,53,0.9905875582064562
car,sa,7,7,54,0.9905875582064562
car,sa,7,7,55,0.9905875582064562
car,sa,7,7,56,0.9905875582064562
car,sa,7,7,57,0.9905875582064562
car,sa,7,7,58,0.9905875582064562
car,sa,7,7,59,0.9905875582064562
car,sa,7,7,60,0.9905875582064562
car,sa,7,7,61,0.9905875582064562
car,sa,7,7,62,0.9905875582064562
car,sa,7,7,63,0.9905875582064562
car,sa,7,7,64,0.9905875582064562
car,sa,7,7,65,0.9905875582064562
car,sa,7,7,66,0.9905875582064562
car,sa,7,7,67,0.9905875582064562
car,sa,7,7,68,0.9905875582064562
car,sa,7,7,69,0.9905875582064562
car,sa,7,7,70,0.9905875582064562
car,sa,7,7,71,0.9905875582064562
car,sa,7,7,72,0.9905875582064562
car,sa,7,7,73,0.9905875582064562
car,sa,7,7,74,0.9905875582064562
car,sa,7,7,75,0.9905875582064562
car,sa,7,7,76,0.9905875582064562
car,sa,7,7,77,0.9905875582064562
car,sa,7,7,78,0.9905875582064562
car,sa,7,7,79,0.9905875582064562
car,sa,7,7,80,0.9905875582064562
car,sa,7,7,81,0.9905875582064562
car,sa,7,7,82,0.9905875582064562
car,sa,7,7,83,0.9905875582064562
car,sa,7,7,84,0.9905875582064562
car,sa,7,7,85,0.9905875582064562
car,sa,7,7,86,0.9905875582064562
car,sa,7,7,87,0.9905875582064562
car,sa,7,7,88,0.9905875582064562
car,sa,7,7,89,0.9905875582064562
car,sa,7,7,90,0.9905875582064562
car,sa,7,7,91,0.9905875582064562
car,sa,7,7,92,0.9905875582064562
car,sa,7,7,93,0.9905875582064562
car,sa,7,7,94,0.9905875582064562
car,sa,7,7,95,0.9905875582064562
car,sa,7,7,96,0.9905875582064562
car,sa,7,7,97,0.9905875582064562
car,sa,7,7,98,0.9905875582064562
car,sa,7,7,99,0.9905875582064562
car,sa,7,7,100,0.9905875582064562
car,grid,8,8,1,0.7004342594045937
car,grid,8,8,2,0.7004342594045937
car,grid,8,8,3,0.7004342594045937
car,grid,8,8,4,0.7004342594045937
car,grid,8,8,5,0.7004342594045937
car,grid,8,8,6,0.7004342594045937
car,grid,8,8,7,0.7004342594045937
car,grid,8,8,8,0.7004342594045937
car,grid,8,8,9,0.7004342594045937
car,grid,8,8,10,0.7004342594045937
car,grid,8,8,11,0.7004342594045937
car,grid,8,8,12,0.7004342594045937
car,grid,8,8,13,0.7004342594045937
car,grid,8,8,14,0.7004342594045937
car,grid,8,8,15,0.7004342594045937
car,grid,8,8,16,0.8097106681316382
car,grid,8,8,17,0.8097106681316382
car,grid,8,8,18,0.8097106681316382
car,grid,8,8,19,0.8097106681316382
car,grid,8,8,20,0.8097106681316382
car,grid,8,8,21,0.8097106681316382
car,grid,8,8,22,0.8097106681316382
car,grid,8,8,23,0.8097106681316382
car,grid,8,8,24,0.8097106681316382
car,grid,8,8,25,0.8697404907654477
car,grid,8,8,26,0.9319913148119081
car,grid,8,8,27,0.9319913148119081
car,grid,8,8,28,0.9319913148119081
car,grid,8,8,29,0.9319913148119081
car,grid,8,8,30,0.9319913148119081
car,grid,8,8,31,0.9319913148119081
car,grid,8,8,32,0.9319913148119081
car,grid,8,8,33,0.9319913148119081
car,grid,8,8,34,0.9319913148119081
car,grid,8,8,35,0.9450086328676818
car,grid,8,8,36,0.9761157327473449
car,grid,8,8,37,0.9761157327473449
car,grid,8,8,38,0.9761157327473449
car,grid,8,8,39,0.9761157327473449
car,grid,8,8,40,0.9761157327473449
car,grid,8,8,41,0.9761157327473449
car,grid,8,8,42,0.9761157327473449
car,grid,8,8,43,0.9761157327473449
car,grid,8,8,44,0.9761157327473449
car,grid,8,8,45,0.9761157327473449
car,grid,8,8,46,0.988413645162978
car,grid,8,8,47,0.988413645162978
car,grid,8,8,48,0.988413645162978
car,grid,8,8,49,0.988413645162978
car,grid,8,8,50,0.988413645162978
car,grid,8,8,51,0.988413645162978
car,grid,8,8,52,0.988413645162978
car,grid,8,8,53,0.988413645162978
car,grid,8,8,54,0.988413645162978
car,grid,8,8,55,0.988413645162978
car,grid,8,8,56,0.988413645162978
car,grid,8,8,57,0.988413645162978
car,grid,8,8,58,0.988413645162978
car,grid,8,8,59,0.988413645162978
car,grid,8,8,60,0.988413645162978
car,grid,8,8,61,0.988413645162978
car,grid,8,8,62,0.988413645162978
car,grid,8,8,63,0.988413645162978
car,grid,8,8,64,0.988413645162978
car,grid,8,8,65,0.988413645162978
car,grid,8,8,66,0.988413645162978
car,grid,8,8,67,0.988413645162978
car,grid,8,8,68,0.988413645162978
car,grid,8,8,69,0.988413645162978
car,grid,8,8,70,0.988413645162978
car,grid,8,8,71,0.988413645162978
car,grid,8,8,72,0.988413645162978
car,grid,8,8,73,0.988413645162978
car,grid,8,8,74,0.988413645162978
car,grid,8,8,75,0.988413645162978
car,grid,8,8,76,0.988413645162978
car,grid,8,8,77,0.988413645162978
car,grid,8,8,78,0.988413645162978
car,grid,8,8,79,0.988413645162978
car,grid,8,8,80,0.988413645162978
car,grid,8,8,81,0.988413645162978
car,grid,8,8,82,0.988413645162978
car,grid,8,8,83,0.988413645162978
car,grid,8,8,84,0.988413645162978
car,grid,8,8,85,0.988413645162978
car,grid,8,8,86,0.988413645162978
car,grid,8,8,87,0.988413645162978
car,grid,8,8,88,0.988413645162978
car,grid,8,8,89,0.988413645162978
car,grid,8,8,90,0.988413645162978
car,grid,8,8,91,0.988413645162978
car,grid,8,8,92,0.988413645162978
car,grid,8,8,93,0.988413645162978
car,grid,8,8,94,0.988413645162978
car,grid,8,8,95,0.988413645162978
car,grid,8,8,96,0.988413645162978
car,grid,8,8,97,0.988413645162978
car,grid,8,8,98,0.988413645162978
car,grid,8,8,99,0.988413645162978
car,grid,8,8,100,0.988413645162978
car,random,8,8,1,0.7004342594045937
car,random,8,8,2,0.9905875582064562
car,random,8,8,3,0.9905875582064562
car,random,8,8,4,0.9905875582064562
car,random,8,8,5,0.9905875582064562
car,random,8,8,6,0.9905875582064562
car,random,8,8,7,0.9905875582064562
car,random,8,8,8,0.9905875582064562
car,random,8,8,9,0.9905875582064562
car,random,8,8,10,0.9905875582064562
car,random,8,8,11,0.9905875582064562
car,random,8,8,12,0.9905875582064562
car,random,8,8,13,0.9905875582064562
car,random,8,8,14,0.9905875582064562
car,random,8,8,15,0.9905875582064562
car,random,8,8,16,0.9905875582064562
car,random,8,8,17,0.9905875582064562
car,random,8,8,18,0.9905875582064562
car,random,8,8,19,0.9905875582064562
car,random,8,8,20,0.9905875582064562
car,random,8,8,21,0.9905875582064562
car,random,8,8,22,0.9905875582064562
car,random,8,8,23,0.9905875582064562
car,random,8,8,24,0.9905875582064562
car,random,8,8,25,0.9905875582064562
car,random,8,8,26,0.9905875582064562
car,random,8,8,27,0.9905875582064562
car,random,8,8,28,0.9905875582064562
car,random,8,8,29,0.9905875582064562
car,random,8,8,30,0.9905875582064562
car,random,8,8,31,0.9905875582064562
car,random,8,8,32,0.9905875582064562
car,random,8,8,33,0.9905875582064562
car,random,8,8,34,0.9905875582064562
car,random,8,8,35,0.9905875582064562
car,random,8,8,36,0.9905875582064562
car,random,8,8,37,0.9905875582064562
car,random,8,8,38,0.9905875582064562
car,random,8,8,39,0.9905875582064562
car,random,8,8,40,0.9905875582064562
car,random,8,8,41,0.9905875582064562
car,random,8,8,42,0.9905875582064562
car,random,8,8,43,0.9905875582064562
car,random,8,8,44,0.9905875582064562
car,random,8,8,45,0.9905875582064562
car,random,8,8,46,0.9905875582064562
car,random,8,8,47,0.9905875582064562
car,random,8,8,48,0.9905875582064562
car,random,8,8,49,0.9905875582064562
car,random,8,8,50,0.9905875582064562
car,random,8,8,51,0.9905875582064562
car,random,8,8,52,0.9905875582064562
car,random,8,8,53,0.9905875582064562
car,random,8,8,54,0.9905875582064562
car,random,8,8,55,0.9905875582064562
car,random,8,8,56,0.9905875582064562
car,random,8,8,57,0.9905875582064562
car,random,8,8,58,0.9905875582064562
car,random,8,8,59,0.9905875582064562
car,random,8,8,60,0.9905875582064562
car,random,8,8,61,0.9905875582064562
car,random,8,8,62,0.9905875582064562
car,random,8,8,63,0.9905875582064562
car,random,8,8,64,0.9905875582064562
car,random,8,8,65,0.9905875582064562
car,random,8,8,66,0.9905875582064562
car,random,8,8,67,0.9905875582064562
car,random,8,8,68,0.9905875582064562
car,random,8,8,69,0.9905875582064562
car,random,8,8,70,0.9905875582064562
car,random,8,8,71,0.9905875582064562
car,random,8,8,72,0.9905875582064562
car,random,8,8,73,0.9905875582064562
car,random,8,8,74,0.9905875582064562
car,random,8,8,75,0.9905875582064562
car,random,8,8,76,0.9905875582064562
car,random,8,8,77,0.9905875582064562
car,random,8,8,78,0.9905875582064562
car,random,8,8,79,0.9905875582064562
car,random,8,8,80,0.9905875582064562
car,random,8,8,81,0.9905875582064562
car,random,8,8,82,0.9905875582064562
car,random,8,8,83,0.9905875582064562
car,random,8,8,84,0.9905875582064562
car,random,8,8,85,0.9905875582064562
car,random,8,8,86,0.9905875582064562
car,random,8,8,87,0.9905875582064562
car,random,8,8,88,0.9905875582064562
car,random,8,8,89,0.9905875582064562
car,random,8,8,90,0.9905875582064562
car,random,8,8,91,0.9905875582064562
car,random,8,8,92,0.9905875582064562
car,random,8,8,93,0.9905875582064562
car,random,8,8,94,0.9905875582064562
car,random,8,8,95,0.9905875582064562
car,random,8,8,96,0.9905875582064562
car,random,8,8,97,0.9905875582064562
car,random,8,8,98,0.9905875582064562
car,random,8,8,99,0.9905875582064562
car,random,8,8,100,0.9905875582064562
car,bo_tpe,8,8,1,0.7004342594045937
car,bo_tpe,8,8,2,0.9905875582064562
car,bo_tpe,8,8,3,0.9905875582064562
car,bo_tpe,8,8,4,0.9905875582064562
car,bo_tpe,8,8,5,0.9905875582064562
car,bo_tpe,8,8,6,0.9905875582064562
car,bo_tpe,8,8,7,0.9905875582064562
car,bo_tpe,8,8,8,0.9905875582064562
car,bo_tpe,8,8,9,0.9905875582064562
car,bo_tpe,8,8,10,0.9905875582064562
car,bo_tpe,8,8,11,0.9905875582064562
car,bo_tpe,8,8,12,0.9905875582064562
car,bo_tpe,8,8,13,0.9905875582064562
car,bo_tpe,8,8,14,0.9905875582064562
car,bo_tpe,8,8,15,0.9905875582064562
car,bo_tpe,8,8,16,0.9905875582064562
car,bo_tpe,8,8,17,0.9905875582064562
car,bo_tpe,8,8,18,0.9905875582064562
car,bo_tpe,8,8,19,0.9905875582064562
car,bo_tpe,8,8,20,0.9905875582064562
car,bo_tpe,8,8,21,0.9905875582064562
car,bo_tpe,8,8,22,0.9905875582064562
car,bo_tpe,8,8,23,0.9905875582064562
car,bo_tpe,8,8,24,0.9905875582064562
car,bo_tpe,8,8,25,0.9905875582064562
car,bo_tpe,8,8,26,0.9905875582064562
car,bo_tpe,8,8,27,0.9905875582064562
car,bo_tpe,8,8,28,0.9905875582064562
car,bo_tpe,8,8,29,0.9905875582064562
car,bo_tpe,8,8,30,0.9905875582064562
car,bo_tpe,8,8,31,0.9905875582064562
car,bo_tpe,8,8,32,0.9905875582064562
car,bo_tpe,8,8,33,0.9905875582064562
car,bo_tpe,8,8,34,0.9905875582064562
car,bo_tpe,8,8,35,0.9905875582064562
car,bo_tpe,8,8,36,0.9905875582064562
car,bo_tpe,8,8,37,0.9905875582064562
car,bo_tpe,8,8,38,0.9905875582064562
car,bo_tpe,8,8,39,0.9905875582064562
car,bo_tpe,8,8,40,0.9905875582064562
car,bo_tpe,8,8,41,0.9905875582064562
car,bo_tpe,8,8,42,0.9905875582064562
car,bo_tpe,8,8,43,0.9905875582064562
car,bo_tpe,8,8,44,0.9905875582064562
car,bo_tpe,8,8,45,0.9905875582064562
car,bo_tpe,8,8,46,0.9905875582064562
car,bo_tpe,8,8,47,0.9905875582064562
car,bo_tpe,8,8,48,0.9905875582064562
car,bo_tpe,8,8,49,0.9905875582064562
car,bo_tpe,8,8,50,0.9905875582064562
car,bo_tpe,8,8,51,0.9905875582064562
car,bo_tpe,8,8,52,0.9905875582064562
car,bo_tpe,8,8,53,0.9905875582064562
car,bo_tpe,8,8,54,0.9905875582064562
car,bo_tpe,8,8,55,0.9905875582064562
car,bo_tpe,8,8,56,0.9905875582064562
car,bo_tpe,8,8,57,0.9905875582064562
car,bo_tpe,8,8,58,0.9905875582064562
car,bo_tpe,8,8,59,0.9905875582064562
car,bo_tpe,8,8,60,0.9905875582064562
car,bo_tpe,8,8,61,0.9905875582064562
car,bo_tpe,8,8,62,0.9905875582064562
car,bo_tpe,8,8,63,0.9905875582064562
car,bo_tpe,8,8,64,0.9905875582064562
car,bo_tpe,8,8,65,0.9905875582064562
car,bo_tpe,8,8,66,0.9905875582064562
car,bo_tpe,8,8,67,0.9905875582064562
car,bo_tpe,8,8,68,0.9905875582064562
car,bo_tpe,8,8,69,0.9905875582064562
car,bo_tpe,8,8,70,0.9905875582064562
car,bo_tpe,8,8,71,0.9905875582064562
car,bo_tpe,8,8,72,0.9905875582064562
car,bo_tpe,8,8,73,0.9905875582064562
car,bo_tpe,8,8,74,0.9905875582064562
car,bo_tpe,8,8,75,0.9905875582064562
car,bo_tpe,8,8,76,0.9905875582064562
car,bo_tpe,8,8,77,0.9905875582064562
car,bo_tpe,8,8,78,0.9905875582064562
car,bo_tpe,8,8,79,0.9905875582064562
car,bo_tpe,8,8,80,0.9905875582064562
car,bo_tpe,8,8,81,0.9905875582064562
car,bo_tpe,8,8,82,0.9905875582064562
car,bo_tpe,8,8,83,0.9905875582064562
car,bo_tpe,8,8,84,0.9905875582064562
car,bo_tpe,8,8,85,0.9905875582064562
car,bo_tpe,8,8,86,0.9905875582064562
car,bo_tpe,8,8,87,0.9905875582064562
car,bo_tpe,8,8,88,0.9905875582064562
car,bo_tpe,8,8,89,0.9905875582064562
car,bo_tpe,8,8,90,0.9905875582064562
car,bo_tpe,8,8,91,0.9905875582064562
car,bo_tpe,8,8,92,0.9905875582064562
car,bo_tpe,8,8,93,0.9905875582064562
car,bo_tpe,8,8,94,0.9905875582064562
car,bo_tpe,8,8,95,0.9905875582064562
car,bo_tpe,8,8,96,0.9905875582064562
car,bo_tpe,8,8,97,0.9905875582064562
car,bo_tpe,8,8,98,0.9905875582064562
car,bo_tpe,8,8,99,0.9905875582064562
car,bo_tpe,8,8,100,0.9905875582064562
car,pso,8,8,1,0.934882017475017
car,pso,8,8,2,0.934882017475017
car,pso,8,8,3,0.9884162611834878
car,pso,8,8,4,0.9884162611834878
car,pso,8,8,5,0.9884162611834878
car,pso,8,8,6,0.9884162611834878
car,pso,8,8,7,0.9884162611834878
car,pso,8,8,8,0.9884162611834878
car,pso,8,8,9,0.9884162611834878
car,pso,8,8,10,0.9884162611834878
car,pso,8,8,11,0.9884162611834878
car,pso,8,8,12,0.9884162611834878
car,pso,8,8,13,0.9884162611834878
car,pso,8,8,14,0.9884162611834878
car,pso,8,8,15,0.9884162611834878
car,pso,8,8,16,0.9884162611834878
car,pso,8,8,17,0.9884162611834878
car,pso,8,8,18,0.9884162611834878
car,pso,8,8,19,0.9884162611834878
car,pso,8,8,20,0.9884162611834878
car,pso,8,8,21,0.9884162611834878
car,pso,8,8,22,0.9884162611834878
car,pso,8,8,23,0.9891382828441374
car,pso,8,8,24,0.9891382828441374
car,pso,8,8,25,0.9891382828441374
car,pso,8,8,26,0.9891382828441374
car,pso,8,8,27,0.9891382828441374
car,pso,8,8,28,0.9891408988646472
car,pso,8,8,29,0.9891408988646472
car,pso,8,8,30,0.9905875582064562
car,pso,8,8,31,0.9905875582064562
car,pso,8,8,32,0.9905875582064562
car,pso,8,8,33,0.9905875582064562
car,pso,8,8,34,0.9905875582064562
car,pso,8,8,35,0.9905875582064562
car,pso,8,8,36,0.9905875582064562
car,pso,8,8,37,0.9905875582064562
car,pso,8,8,38,0.9905875582064562
car,pso,8,8,39,0.9905875582064562
car,pso,8,8,40,0.9905875582064562
car,pso,8,8,41,0.9905875582064562
car,pso,8,8,42,0.9905875582064562
car,pso,8,8,43,0.9905875582064562
car,pso,8,8,44,0.9905875582064562
car,pso,8,8,45,0.9905875582064562
car,pso,8,8,46,0.9905875582064562
car,pso,8,8,47,0.9905875582064562
car,pso,8,8,48,0.9905875582064562
car,pso,8,8,49,0.9905875582064562
car,pso,8,8,50,0.9905875582064562
car,pso,8,8,51,0.9905875582064562
car,pso,8,8,52,0.9905875582064562
car,pso,8,8,53,0.9905875582064562
car,pso,8,8,54,0.9905875582064562
car,pso,8,8,55,0.9905875582064562
car,pso,8,8,56,0.9905875582064562
car,pso,8,8,57,0.9905875582064562
car,pso,8,8,58,0.9905875582064562
car,pso,8,8,59,0.9905875582064562
car,pso,8,8,60,0.9905875582064562
car,pso,8,8,61,0.9905875582064562
car,pso,8,8,62,0.9905875582064562
car,pso,8,8,63,0.9905875582064562
car,pso,8,8,64,0.9905875582064562
car,pso,8,8,65,0.9905875582064562
car,pso,8,8,66,0.9905875582064562
car,pso,8,8,67,0.9905875582064562
car,pso,8,8,68,0.9905875582064562
car,pso,8,8,69,0.9905875582064562
car,pso,8,8,70,0.9905875582064562
car,pso,8,8,71,0.9905875582064562
car,pso,8,8,72,0.9905875582064562
car,pso,8,8,73,0.9905875582064562
car,pso,8,8,74,0.9905875582064562
car,pso,8,8,75,0.9905875582064562
car,pso,8,8,76,0.9905875582064562
car,pso,8,8,77,0.9905875582064562
car,pso,8,8,78,0.9905875582064562
car,pso,8,8,79,0.9905875582064562
car,pso,8,8,80,0.9905875582064562
car,pso,8,8,81,0.9905875582064562
car,pso,8,8,82,0.9905875582064562
car,pso,8,8,83,0.9905875582064562
car,pso,8,8,84,0.9905875582064562
car,pso,8,8,85,0.9905875582064562
car,pso,8,8,86,0.9905875582064562
car,pso,8,8,87,0.9905875582064562
car,pso,8,8,88,0.9905875582064562
car,pso,8,8,89,0.9905875582064562
car,pso,8,8,90,0.9905875582064562
car,pso,8,8,91,0.9905875582064562
car,pso,8,8,92,0.9905875582064562
car,pso,8,8,93,0.9905875582064562
car,pso,8,8,94,0.9905875582064562
car,pso,8,8,95,0.9905875582064562
car,pso,8,8,96,0.9905875582064562
car,pso,8,8,97,0.9905875582064562
car,pso,8,8,98,0.9905875582064562
car,pso,8,8,99,0.9905875582064562
car,pso,8,8,100,0.9905875582064562
car,de,8,8,1,0.7004342594045937
car,de,8,8,2,0.7004342594045937
car,de,8,8,3,0.9855150944383404
car,de,8,8,4,0.9855150944383404
car,de,8,8,5,0.9855150944383404
car,de,8,8,6,0.9855150944383404
car,de,8,8,7,0.9855150944383404
car,de,8,8,8,0.9862397321194998
car,de,8,8,9,0.9862397321194998
car,de,8,8,10,0.9862397321194998
car,de,8,8,11,0.9862397321194998
car,de,8,8,12,0.9862397321194998
car,de,8,8,13,0.9862397321194998
car,de,8,8,14,0.9862397321194998
car,de,8,8,15,0.9876916235023282
car,de,8,8,16,0.9876916235023282
car,de,8,8,17,0.9876916235023282
car,de,8,8,18,0.9876916235023282
car,de,8,8,19,0.9876916235023282
car,de,8,8,20,0.9876916235023282
car,de,8,8,21,0.9876916235023282
car,de,8,8,22,0.9876916235023282
car,de,8,8,23,0.9876916235023282
car,de,8,8,24,0.9876942395228377
car,de,8,8,25,0.9876942395228377
car,de,8,8,26,0.9876942395228377
car,de,8,8,27,0.9876942395228377
car,de,8,8,28,0.9876942395228377
car,de,8,8,29,0.9876942395228377
car,de,8,8,30,0.9876942395228377
car,de,8,8,31,0.9876942395228377
car,de,8,8,32,0.9876942395228377
car,de,8,8,33,0.9876942395228377
car,de,8,8,34,0.9876942395228377
car,de,8,8,35,0.9876942395228377
car,de,8,8,36,0.9876942395228377
car,de,8,8,37,0.9876942395228377
car,de,8,8,38,0.9876942395228377
car,de,8,8,39,0.9876942395228377
car,de,8,8,40,0.9876942395228377
car,de,8,8,41,0.9876942395228377
car,de,8,8,42,0.9876942395228377
car,de,8,8,43,0.9876942395228377
car,de,8,8,44,0.9905849421859466
car,de,8,8,45,0.9905849421859466
car,de,8,8,46,0.9905849421859466
car,de,8,8,47,0.9905849421859466
car,de,8,8,48,0.9905849421859466
car,de,8,8,49,0.9905849421859466
car,de,8,8,50,0.9905849421859466
car,de,8,8,51,0.9905849421859466
car,de,8,8,52,0.9905849421859466
car,de,8,8,53,0.9905849421859466
car,de,8,8,54,0.9905849421859466
car,de,8,8,55,0.9905849421859466
car,de,8,8,56,0.9905849421859466
car,de,8,8,57,0.9905849421859466
car,de,8,8,58,0.9905849421859466
car,de,8,8,59,0.9905849421859466
car,de,8,8,60,0.9905849421859466
car,de,8,8,61,0.9905875582064562
car,de,8,8,62,0.9905875582064562
car,de,8,8,63,0.9905875582064562
car,de,8,8,64,0.9905875582064562
car,de,8,8,65,0.9905875582064562
car,de,8,8,66,0.9905875582064562
car,de,8,8,67,0.9905875582064562
car,de,8,8,68,0.9905875582064562
car,de,8,8,69,0.9905875582064562
car,de,8,8,70,0.9905875582064562
car,de,8,8,71,0.9905875582064562
car,de,8,8,72,0.9905875582064562
car,de,8,8,73,0.9905875582064562
car,de,8,8,74,0.9905875582064562
car,de,8,8,75,0.9905875582064562
car,de,8,8,76,0.9905875582064562
car,de,8,8,77,0.9905875582064562
car,de,8,8,78,0.9905875582064562
car,de,8,8,79,0.9905875582064562
car,de,8,8,80,0.9905875582064562
car,de,8,8,81,0.9905875582064562
car,de,8,8,82,0.9905875582064562
car,de,8,8,83,0.9905875582064562
car,de,8,8,84,0.9905875582064562
car,de,8,8,85,0.9905875582064562
car,de,8,8,86,0.9905875582064562
car,de,8,8,87,0.9905875582064562
car,de,8,8,88,0.9905875582064562
car,de,8,8,89,0.9905875582064562
car,de,8,8,90,0.9905875582064562
car,de,8,8,91,0.9905875582064562
car,de,8,8,92,0.9905875582064562
car,de,8,8,93,0.9905875582064562
car,de,8,8,94,0.9905875582064562
car,de,8,8,95,0.9905875582064562
car,de,8,8,96,0.9905875582064562
car,de,8,8,97,0.9905875582064562
car,de,8,8,98,0.9905875582064562
car,de,8,8,99,0.9905875582064562
car,de,8,8,100,0.9905875582064562
car,ga,8,8,1,0.7004342594045937
car,ga,8,8,2,0.7004342594045937
car,ga,8,8,3,0.9855150944383404
car,ga,8,8,4,0.9855150944383404
car,ga,8,8,5,0.9855150944383404
car,ga,8,8,6,0.9855150944383404
car,ga,8,8,7,0.9855150944383404
car,ga,8,8,8,0.9862397321194998
car,ga,8,8,9,0.9862397321194998
car,ga,8,8,10,0.9862397321194998
car,ga,8,8,11,0.9862397321194998
car,ga,8,8,12,0.9862397321194998
car,ga,8,8,13,0.9862397321194998
car,ga,8,8,14,0.9862397321194998
car,ga,8,8,15,0.9876916235023282
car,ga,8,8,16,0.9876916235023282
car,ga,8,8,17,0.9876916235023282
car,ga,8,8,18,0.9876916235023282
car,ga,8,8,19,0.9876916235023282
car,ga,8,8,20,0.9876916235023282
car,ga,8,8,21,0.9876916235023282
car,ga,8,8,22,0.9876916235023282
car,ga,8,8,23,0.9876916235023282
car,ga,8,8,24,0.9876916235023282
car,ga,8,8,25,0.9876916235023282
car,ga,8,8,26,0.9876916235023282
car,ga,8,8,27,0.9876916235023282
car,ga,8,8,28,0.9876916235023282
car,ga,8,8,29,0.9876916235023282
car,ga,8,8,30,0.9876916235023282
car,ga,8,8,31,0.988413645162978
car,ga,8,8,32,0.988413645162978
car,ga,8,8,33,0.988413645162978
car,ga,8,8,34,0.988413645162978
car,ga,8,8,35,0.988413645162978
car,ga,8,8,36,0.988413645162978
car,ga,8,8,37,0.988413645162978
car,ga,8,8,38,0.988413645162978
car,ga,8,8,39,0.988413645162978
car,ga,8,8,40,0.988413645162978
car,ga,8,8,41,0.988413645162978
car,ga,8,8,42,0.988413645162978
car,ga,8,8,43,0.988413645162978
car,ga,8,8,44,0.988413645162978
car,ga,8,8,45,0.988413645162978
car,ga,8,8,46,0.988413645162978
car,ga,8,8,47,0.988413645162978
car,ga,8,8,48,0.988413645162978
car,ga,8,8,49,0.988413645162978
car,ga,8,8,50,0.9891408988646472
car,ga,8,8,51,0.9891408988646472
car,ga,8,8,52,0.9891408988646472
car,ga,8,8,53,0.9891408988646472
car,ga,8,8,54,0.9891408988646472
car,ga,8,8,55,0.9891408988646472
car,ga,8,8,56,0.9891408988646472
car,ga,8,8,57,0.9891408988646472
car,ga,8,8,58,0.9891408988646472
car,ga,8,8,59,0.9891408988646472
car,ga,8,8,60,0.9891408988646472
car,ga,8,8,61,0.9891408988646472
car,ga,8,8,62,0.9891408988646472
car,ga,8,8,63,0.9891408988646472
car,ga,8,8,64,0.9891408988646472
car,ga,8,8,65,0.9891408988646472
car,ga,8,8,66,0.9905875582064562
car,ga,8,8,67,0.9905875582064562
car,ga,8,8,68,0.9905875582064562
car,ga,8,8,69,0.9905875582064562
car,ga,8,8,70,0.9905875582064562
car,ga,8,8,71,0.9905875582064562
car,ga,8,8,72,0.9905875582064562
car,ga,8,8,73,0.9905875582064562
car,ga,8,8,74,0.9905875582064562
car,ga,8,8,75,0.9905875582064562
car,ga,8,8,76,0.9905875582064562
car,ga,8,8,77,0.9905875582064562
car,ga,8,8,78,0.9905875582064562
car,ga,8,8,79,0.9905875582064562
car,ga,8,8,80,0.9905875582064562
car,ga,8,8,81,0.9905875582064562
car,ga,8,8,82,0.9905875582064562
car,ga,8,8,83,0.9905875582064562
car,ga,8,8,84,0.9905875582064562
car,ga,8,8,85,0.9905875582064562
car,ga,8,8,86,0.9905875582064562
car,ga,8,8,87,0.9905875582064562
car,ga,8,8,88,0.9905875582064562
car,ga,8,8,89,0.9905875582064562
car,ga,8,8,90,0.9905875582064562
car,ga,8,8,91,0.9905875582064562
car,ga,8,8,92,0.9905875582064562
car,ga,8,8,93,0.9905875582064562
car,ga,8,8,94,0.9905875582064562
car,ga,8,8,95,0.9905875582064562
car,ga,8,8,96,0.9905875582064562
car,ga,8,8,97,0.9905875582064562
car,ga,8,8,98,0.9905875582064562
car,ga,8,8,99,0.9905875582064562
car,ga,8,8,100,0.9905875582064562
car,sa,8,8,1,0.7004342594045937
car,sa,8,8,2,0.7004342594045937
car,sa,8,8,3,0.7004342594045937
car,sa,8,8,4,0.7004342594045937
car,sa,8,8,5,0.7004342594045937
car,sa,8,8,6,0.7004342594045937
car,sa,8,8,7,0.7004342594045937
car,sa,8,8,8,0.7004342594045937
car,sa,8,8,9,0.7004342594045937
car,sa,8,8,10,0.7004342594045937
car,sa,8,8,11,0.7004342594045937
car,sa,8,8,12,0.7004342594045937
car,sa,8,8,13,0.7004342594045937
car,sa,8,8,14,0.7004342594045937
car,sa,8,8,15,0.7004342594045937
car,sa,8,8,16,0.7004342594045937
car,sa,8,8,17,0.7004342594045937
car,sa,8,8,18,0.7004342594045937
car,sa,8,8,19,0.7098414691571182
car,sa,8,8,20,0.9840736671375503
car,sa,8,8,21,0.9891356668236279
car,sa,8,8,22,0.9891356668236279
car,sa,8,8,23,0.9891356668236279
car,sa,8,8,24,0.9891356668236279
car,sa,8,8,25,0.9891356668236279
car,sa,8,8,26,0.9891356668236279
car,sa,8,8,27,0.9891356668236279
car,sa,8,8,28,0.9891356668236279
car,sa,8,8,29,0.9891356668236279
car,sa,8,8,30,0.9891356668236279
car,sa,8,8,31,0.9891356668236279
car,sa,8,8,32,0.9891356668236279
car,sa,8,8,33,0.9891356668236279
car,sa,8,8,34,0.9891356668236279
car,sa,8,8,35,0.9891356668236279
car,sa,8,8,36,0.9891356668236279
car,sa,8,8,37,0.9891356668236279
car,sa,8,8,38,0.9891356668236279
car,sa,8,8,39,0.9891356668236279
car,sa,8,8,40,0.9905875582064562
car,sa,8,8,41,0.9905875582064562
car,sa,8,8,42,0.9905875582064562
car,sa,8,8,43,0.9905875582064562
car,sa,8,8,44,0.9905875582064562
car,sa,8,8,45,0.9905875582064562
car,sa,8,8,46,0.9905875582064562
car,sa,8,8,47,0.9905875582064562
car,sa,8,8,48,0.9905875582064562
car,sa,8,8,49,0.9905875582064562
car,sa,8,8,50,0.9905875582064562
car,sa,8,8,51,0.9905875582064562
car,sa,8,8,52,0.9905875582064562
car,sa,8,8,53,0.9905875582064562
car,sa,8,8,54,0.9905875582064562
car,sa,8,8,55,0.9905875582064562
car,sa,8,8,56,0.9905875582064562
car,sa,8,8,57,0.9905875582064562
car,sa,8,8,58,0.9905875582064562
car,sa,8,8,59,0.9905875582064562
car,sa,8,8,60,0.9905875582064562
car,sa,8,8,61,0.9905875582064562
car,sa,8,8,62,0.9905875582064562
car,sa,8,8,63,0.9905875582064562
car,sa,8,8,64,0.9905875582064562
car,sa,8,8,65,0.9905875582064562
car,sa,8,8,66,0.9905875582064562
car,sa,8,8,67,0.9905875582064562
car,sa,8,8,68,0.9905875582064562
car,sa,8,8,69,0.9905875582064562
car,sa,8,8,70,0.9905875582064562
car,sa,8,8,71,0.9905875582064562
car,sa,8,8,72,0.9905875582064562
car,sa,8,8,73,0.9905875582064562
car,sa,8,8,74,0.9905875582064562
car,sa,8,8,75,0.9905875582064562
car,sa,8,8,76,0.9905875582064562
car,sa,8,8,77,0.9905875582064562
car,sa,8,8,78,0.9905875582064562
car,sa,8,8,79,0.9905875582064562
car,sa,8,8,80,0.9905875582064562
car,sa,8,8,81,0.9905875582064562
car,sa,8,8,82,0.9905875582064562
car,sa,8,8,83,0.9905875582064562
car,sa,8,8,84,0.9905875582064562
car,sa,8,8,85,0.9905875582064562
car,sa,8,8,86,0.9905875582064562
car,sa,8,8,87,0.9905875582064562
car,sa,8,8,88,0.9905875582064562
car,sa,8,8,89,0.9905875582064562
car,sa,8,8,90,0.9905875582064562
car,sa,8,8,91,0.9905875582064562
car,sa,8,8,92,0.9905875582064562
car,sa,8,8,93,0.9905875582064562
car,sa,8,8,94,0.9905875582064562
car,sa,8,8,95,0.9905875582064562
car,sa,8,8,96,0.9905875582064562
car,sa,8,8,97,0.9905875582064562
car,sa,8,8,98,0.9905875582064562
car,sa,8,8,99,0.9905875582064562
car,sa,8,8,100,0.9905875582064562
car,grid,9,9,1,0.7004342594045937
car,grid,9,9,2,0.7004342594045937
car,grid,9,9,3,0.7004342594045937
car,grid,9,9,4,0.7004342594045937
car,grid,9,9,5,0.7004342594045937
car,grid,9,9,6,0.7004342594045937
car,grid,9,9,7,0.7004342594045937
car,grid,9,9,8,0.7004342594045937
car,grid,9,9,9,0.7004342594045937
car,grid,9,9,10,0.7004342594045937
car,grid,9,9,11,0.7004342594045937
car,grid,9,9,12,0.7004342594045937
car,grid,9,9,13,0.7004342594045937
car,grid,9,9,14,0.7004342594045937
car,grid,9,9,15,0.7004342594045937
car,grid,9,9,16,0.8097106681316382
car,grid,9,9,17,0.8097106681316382
car,grid,9,9,18,0.8097106681316382
car,grid,9,9,19,0.8097106681316382
car,grid,9,9,20,0.8097106681316382
car,grid,9,9,21,0.8097106681316382
car,grid,9,9,22,0.8097106681316382
car,grid,9,9,23,0.8097106681316382
car,grid,9,9,24,0.8097106681316382
car,grid,9,9,25,0.8697404907654477
car,grid,9,9,26,0.9319913148119081
car,grid,9,9,27,0.9319913148119081
car,grid,9,9,28,0.9319913148119081
car,grid,9,9,29,0.9319913148119081
car,grid,9,9,30,0.9319913148119081
car,grid,9,9,31,0.9319913148119081
car,grid,9,9,32,0.9319913148119081
car,grid,9,9,33,0.9319913148119081
car,grid,9,9,34,0.9319913148119081
car,grid,9,9,35,0.9450086328676818
car,grid,9,9,36,0.9761157327473449
car,grid,9,9,37,0.9761157327473449
car,grid,9,9,38,0.9761157327473449
car,grid,9,9,39,0.9761157327473449
car,grid,9,9,40,0.9761157327473449
car,grid,9,9,41,0.9761157327473449
car,grid,9,9,42,0.9761157327473449
car,grid,9,9,43,0.9761157327473449
car,grid,9,9,44,0.9761157327473449
car,grid,9,9,45,0.9761157327473449
car,grid,9,9,46,0.988413645162978
car,grid,9,9,47,0.988413645162978
car,grid,9,9,48,0.988413645162978
car,grid,9,9,49,0.988413645162978
car,grid,9,9,50,0.988413645162978
car,grid,9,9,51,0.988413645162978
car,grid,9,9,52,0.988413645162978
car,grid,9,9,53,0.988413645162978
car,grid,9,9,54,0.988413645162978
car,grid,9,9,55,0.988413645162978
car,grid,9,9,56,0.988413645162978
car,grid,9,9,57,0.988413645162978
car,grid,9,9,58,0.988413645162978
car,grid,9,9,59,0.988413645162978
car,grid,9,9,60,0.988413645162978
car,grid,9,9,61,0.988413645162978
car,grid,9,9,62,0.988413645162978
car,grid,9,9,63,0.988413645162978
car,grid,9,9,64,0.988413645162978
car,grid,9,9,65,0.988413645162978
car,grid,9,9,66,0.988413645162978
car,grid,9,9,67,0.988413645162978
car,grid,9,9,68,0.988413645162978
car,grid,9,9,69,0.988413645162978
car,grid,9,9,70,0.988413645162978
car,grid,9,9,71,0.988413645162978
car,grid,9,9,72,0.988413645162978
car,grid,9,9,73,0.988413645162978
car,grid,9,9,74,0.988413645162978
car,grid,9,9,75,0.988413645162978
car,grid,9,9,76,0.988413645162978
car,grid,9,9,77,0.988413645162978
car,grid,9,9,78,0.988413645162978
car,grid,9,9,79,0.988413645162978
car,grid,9,9,80,0.988413645162978
car,grid,9,9,81,0.988413645162978
car,grid,9,9,82,0.988413645162978
car,grid,9,9,83,0.988413645162978
car,grid,9,9,84,0.988413645162978
car,grid,9,9,85,0.988413645162978
car,grid,9,9,86,0.988413645162978
car,grid,9,9,87,0.988413645162978
car,grid,9,9,88,0.988413645162978
car,grid,9,9,89,0.988413645162978
car,grid,9,9,90,0.988413645162978
car,grid,9,9,91,0.988413645162978
car,grid,9,9,92,0.988413645162978
car,grid,9,9,93,0.988413645162978
car,grid,9,9,94,0.988413645162978
car,grid,9,9,95,0.988413645162978
car,grid,9,9,96,0.988413645162978
car,grid,9,9,97,0.988413645162978
car,grid,9,9,98,0.988413645162978
car,grid,9,9,99,0.988413645162978
car,grid,9,9,100,0.988413645162978
car,random,9,9,1,0.7004342594045937
car,random,9,9,2,0.8617904044367709
car,random,9,9,3,0.8617904044367709
car,random,9,9,4,0.8762674619369015
car,random,9,9,5,0.8762674619369015
car,random,9,9,6,0.8762674619369015
car,random,9,9,7,0.9341390676502904
car,random,9,9,8,0.9891356668236279
car,random,9,9,9,0.9891356668236279
car,random,9,9,10,0.9891356668236279
car,random,9,9,11,0.9891356668236279
car,random,9,9,12,0.9891356668236279
car,random,9,9,13,0.9891356668236279
car,random,9,9,14,0.9891356668236279
car,random,9,9,15,0.9891356668236279
car,random,9,9,16,0.9891356668236279
car,random,9,9,17,0.9891356668236279
car,random,9,9,18,0.9891356668236279
car,random,9,9,19,0.9891356668236279
car,random,9,9,20,0.9891356668236279
car,random,9,9,21,0.9905875582064562
car,random,9,9,22,0.9905875582064562
car,random,9,9,23,0.9905875582064562
car,random,9,9,24,0.9905875582064562
car,random,9,9,25,0.9905875582064562
car,random,9,9,26,0.9905875582064562
car,random,9,9,27,0.9905875582064562
car,random,9,9,28,0.9905875582064562
car,random,9,9,29,0.9905875582064562
car,random,9,9,30,0.9905875582064562
car,random,9,9,31,0.9905875582064562
car,random,9,9,32,0.9905875582064562
car,random,9,9,33,0.9905875582064562
car,random,9,9,34,0.9905875582064562
car,random,9,9,35,0.9905875582064562
car,random,9,9,36,0.9905875582064562
car,random,9,9,37,0.9905875582064562
car,random,9,9,38,0.9905875582064562
car,random,9,9,39,0.9905875582064562
car,random,9,9,40,0.9905875582064562
car,random,9,9,41,0.9905875582064562
car,random,9,9,42,0.9905875582064562
car,random,9,9,43,0.9905875582064562
car,random,9,9,44,0.9905875582064562
car,random,9,9,45,0.9905875582064562
car,random,9,9,46,0.9905875582064562
car,random,9,9,47,0.9905875582064562
car,random,9,9,48,0.9905875582064562
car,random,9,9,49,0.9905875582064562
car,random,9,9,50,0.9905875582064562
car,random,9,9,51,0.9905875582064562
car,random,9,9,52,0.9905875582064562
car,random,9,9,53,0.9905875582064562
car,random,9,9,54,0.9905875582064562
car,random,9,9,55,0.9905875582064562
car,random,9,9,56,0.9905875582064562
car,random,9,9,57,0.9905875582064562
car,random,9,9,58,0.9905875582064562
car,random,9,9,59,0.9905875582064562
car,random,9,9,60,0.9905875582064562
car,random,9,9,61,0.9905875582064562
car,random,9,9,62,0.9905875582064562
car,random,9,9,63,0.9905875582064562
car,random,9,9,64,0.9905875582064562
car,random,9,9,65,0.9905875582064562
car,random,9,9,66,0.9905875582064562
car,random,9,9,67,0.9905875582064562
car,random,9,9,68,0.9905875582064562
car,random,9,9,69,0.9905875582064562
car,random,9,9,70,0.9905875582064562
car,random,9,9,71,0.9905875582064562
car,random,9,9,72,0.9905875582064562
car,random,9,9,73,0.9905875582064562
car,random,9,9,74,0.9905875582064562
car,random,9,9,75,0.9905875582064562
car,random,9,9,76,0.9905875582064562
car,random,9,9,77,0.9905875582064562
car,random,9,9,78,0.9905875582064562
car,random,9,9,79,0.9905875582064562
car,random,9,9,80,0.9905875582064562
car,random,9,9,81,0.9905875582064562
car,random,9,9,82,0.9905875582064562
car,random,9,9,83,0.9905875582064562
car,random,9,9,84,0.9905875582064562
car,random,9,9,85,0.9905875582064562
car,random,9,9,86,0.9905875582064562
car,random,9,9,87,0.9905875582064562
car,random,9,9,88,0.9905875582064562
car,random,9,9,89,0.9905875582064562
car,random,9,9,90,0.9905875582064562
car,random,9,9,91,0.9905875582064562
car,random,9,9,92,0.9905875582064562
car,random,9,9,93,0.9905875582064562
car,random,9,9,94,0.9905875582064562
car,random,9,9,95,0.9905875582064562
car,random,9,9,96,0.9905875582064562
car,random,9,9,97,0.9905875582064562
car,random,9,9,98,0.9905875582064562
car,random,9,9,99,0.9905875582064562
car,random,9,9,100,0.9905875582064562
car,bo_tpe,9,9,1,0.7004342594045937
car,bo_tpe,9,9,2,0.8617904044367709
car,bo_tpe,9,9,3,0.8617904044367709
car,bo_tpe,9,9,4,0.8762674619369015
car,bo_tpe,9,9,5,0.8762674619369015
car,bo_tpe,9,9,6,0.8762674619369015
car,bo_tpe,9,9,7,0.9341390676502904
car,bo_tpe,9,9,8,0.9891356668236279
car,bo_tpe,9,9,9,0.9891356668236279
car,bo_tpe,9,9,10,0.9891356668236279
car,bo_tpe,9,9,11,0.9891356668236279
car,bo_tpe,9,9,12,0.9891356668236279
car,bo_tpe,9,9,13,0.9891408988646472
car,bo_tpe,9,9,14,0.9891408988646472
car,bo_tpe,9,9,15,0.9891408988646472
car,bo_tpe,9,9,16,0.9891408988646472
car,bo_tpe,9,9,17,0.9891408988646472
car,bo_tpe,9,9,18,0.9891408988646472
car,bo_tpe,9,9,19,0.9891408988646472
car,bo_tpe,9,9,20,0.9891408988646472
car,bo_tpe,9,9,21,0.9891408988646472
car,bo_tpe,9,9,22,0.9891408988646472
car,bo_tpe,9,9,23,0.9905875582064562
car,bo_tpe,9,9,24,0.9905875582064562
car,bo_tpe,9,9,25,0.9905875582064562
car,bo_tpe,9,9,26,0.9905875582064562
car,bo_tpe,9,9,27,0.9905875582064562
car,bo_tpe,9,9,28,0.9905875582064562
car,bo_tpe,9,9,29,0.9905875582064562
car,bo_tpe,9,9,30,0.9905875582064562
car,bo_tpe,9,9,31,0.9905875582064562
car,bo_tpe,9,9,32,0.9905875582064562
car,bo_tpe,9,9,33,0.9905875582064562
car,bo_tpe,9,9,34,0.9905875582064562
car,bo_tpe,9,9,35,0.9905875582064562
car,bo_tpe,9,9,36,0.9905875582064562
car,bo_tpe,9,9,37,0.9905875582064562
car,bo_tpe,9,9,38,0.9905875582064562
car,bo_tpe,9,9,39,0.9905875582064562
car,bo_tpe,9,9,40,0.9905875582064562
car,bo_tpe,9,9,41,0.9905875582064562
car,bo_tpe,9,9,42,0.9905875582064562
car,bo_tpe,9,9,43,0.9905875582064562
car,bo_tpe,9,9,44,0.9905875582064562
car,bo_tpe,9,9,45,0.9905875582064562
car,bo_tpe,9,9,46,0.9905875582064562
car,bo_tpe,9,9,47,0.9905875582064562
car,bo_tpe,9,9,48,0.9905875582064562
car,bo_tpe,9,9,49,0.9905875582064562
car,bo_tpe,9,9,50,0.9905875582064562
car,bo_tpe,9,9,51,0.9905875582064562
car,bo_tpe,9,9,52,0.9905875582064562
car,bo_tpe,9,9,53,0.9905875582064562
car,bo_tpe,9,9,54,0.9905875582064562
car,bo_tpe,9,9,55,0.9905875582064562
car,bo_tpe,9,9,56,0.9905875582064562
car,bo_tpe,9,9,57,0.9905875582064562
car,bo_tpe,9,9,58,0.9905875582064562
car,bo_tpe,9,9,59,0.9905875582064562
car,bo_tpe,9,9,60,0.9905875582064562
car,bo_tpe,9,9,61,0.9905875582064562
car,bo_tpe,9,9,62,0.9905875582064562
car,bo_tpe,9,9,63,0.9905875582064562
car,bo_tpe,9,9,64,0.9905875582064562
car,bo_tpe,9,9,65,0.9905875582064562
car,bo_tpe,9,9,66,0.9905875582064562
car,bo_tpe,9,9,67,0.9905875582064562
car,bo_tpe,9,9,68,0.9905875582064562
car,bo_tpe,9,9,69,0.9905875582064562
car,bo_tpe,9,9,70,0.9905875582064562
car,bo_tpe,9,9,71,0.9905875582064562
car,bo_tpe,9,9,72,0.9905875582064562
car,bo_tpe,9,9,73,0.9905875582064562
car,bo_tpe,9,9,74,0.9905875582064562
car,bo_tpe,9,9,75,0.9905875582064562
car,bo_tpe,9,9,76,0.9905875582064562
car,bo_tpe,9,9,77,0.9905875582064562
car,bo_tpe,9,9,78,0.9905875582064562
car,bo_tpe,9,9,79,0.9905875582064562
car,bo_tpe,9,9,80,0.9905875582064562
car,bo_tpe,9,9,81,0.9905875582064562
car,bo_tpe,9,9,82,0.9905875582064562
car,bo_tpe,9,9,83,0.9905875582064562
car,bo_tpe,9,9,84,0.9905875582064562
car,bo_tpe,9,9,85,0.9905875582064562
car,bo_tpe,9,9,86,0.9905875582064562
car,bo_tpe,9,9,87,0.9905875582064562
car,bo_tpe,9,9,88,0.9905875582064562
car,bo_tpe,9,9,89,0.9905875582064562
car,bo_tpe,9,9,90,0.9905875582064562
car,bo_tpe,9,9,91,0.9905875582064562
car,bo_tpe,9,9,92,0.9905875582064562
car,bo_tpe,9,9,93,0.9905875582064562
car,bo_tpe,9,9,94,0.9905875582064562
car,bo_tpe,9,9,95,0.9905875582064562
car,bo_tpe,9,9,96,0.9905875582064562
car,bo_tpe,9,9,97,0.9905875582064562
car,bo_tpe,9,9,98,0.9905875582064562
car,bo_tpe,9,9,99,0.9905875582064562
car,bo_tpe,9,9,100,0.9905875582064562
car,pso,9,9,1,0.7004342594045937
car,pso,9,9,2,0.7004342594045937
car,pso,9,9,3,0.9891356668236279
car,pso,9,9,4,0.9891356668236279
car,pso,9,9,5,0.9891356668236279
car,pso,9,9,6,0.9891356668236279
car,pso,9,9,7,0.9891356668236279
car,pso,9,9,8,0.9891356668236279
car,pso,9,9,9,0.9891356668236279
car,pso,9,9,10,0.9891356668236279
car,pso,9,9,11,0.9891356668236279
car,pso,9,9,12,0.9891356668236279
car,pso,9,9,13,0.9891356668236279
car,pso,9,9,14,0.9891356668236279
car,pso,9,9,15,0.9891356668236279
car,pso,9,9,16,0.9891356668236279
car,pso,9,9,17,0.9891356668236279
car,pso,9,9,18,0.9891356668236279
car,pso,9,9,19,0.9891356668236279
car,pso,9,9,20,0.9891356668236279
car,pso,9,9,21,0.9891356668236279
car,pso,9,9,22,0.9891356668236279
car,pso,9,9,23,0.9891356668236279
car,pso,9,9,24,0.9891356668236279
car,pso,9,9,25,0.9891356668236279
car,pso,9,9,26,0.9891356668236279
car,pso,9,9,27,0.9891356668236279
car,pso,9,9,28,0.9891356668236279
car,pso,9,9,29,0.9891356668236279
car,pso,9,9,30,0.9891356668236279
car,pso,9,9,31,0.9891356668236279
car,pso,9,9,32,0.9891356668236279
car,pso,9,9,33,0.9891356668236279
car,pso,9,9,34,0.9891356668236279
car,pso,9,9,35,0.9891356668236279
car,pso,9,9,36,0.9891356668236279
car,pso,9,9,37,0.9891356668236279
car,pso,9,9,38,0.9891356668236279
car,pso,9,9,39,0.9891356668236279
car,pso,9,9,40,0.9891356668236279
car,pso,9,9,41,0.9891356668236279
car,pso,9,9,42,0.9891356668236279
car,pso,9,9,43,0.9891356668236279
car,pso,9,9,44,0.9891356668236279
car,pso,9,9,45,0.9891356668236279
car,pso,9,9,46,0.9905875582064562
car,pso,9,9,47,0.9905875582064562
car,pso,9,9,48,0.9905875582064562
car,pso,9,9,49,0.9905875582064562
car,pso,9,9,50,0.9905875582064562
car,pso,9,9,51,0.9905875582064562
car,pso,9,9,52,0.9905875582064562
car,pso,9,9,53,0.9905875582064562
car,pso,9,9,54,0.9905875582064562
car,pso,9,9,55,0.9905875582064562
car,pso,9,9,56,0.9905875582064562
car,pso,9,9,57,0.9905875582064562
car,pso,9,9,58,0.9905875582064562
car,pso,9,9,59,0.9905875582064562
car,pso,9,9,60,0.9905875582064562
car,pso,9,9,61,0.9905875582064562
car,pso,9,9,62,0.9905875582064562
car,pso,9,9,63,0.9905875582064562
car,pso,9,9,64,0.9905875582064562
car,pso,9,9,65,0.9905875582064562
car,pso,9,9,66,0.9905875582064562
car,pso,9,9,67,0.9905875582064562
car,pso,9,9,68,0.9905875582064562
car,pso,9,9,69,0.9905875582064562
car,pso,9,9,70,0.9905875582064562
car,pso,9,9,71,0.9905875582064562
car,pso,9,9,72,0.9905875582064562
car,pso,9,9,73,0.9905875582064562
car,pso,9,9,74,0.9905875582064562
car,pso,9,9,75,0.9905875582064562
car,pso,9,9,76,0.9905875582064562
car,pso,9,9,77,0.9905875582064562
car,pso,9,9,78,0.9905875582064562
car,pso,9,9,79,0.9905875582064562
car,pso,9,9,80,0.9905875582064562
car,pso,9,9,81,0.9905875582064562
car,pso,9,9,82,0.9905875582064562
car,pso,9,9,83,0.9905875582064562
car,pso,9,9,84,0.9905875582064562
car,pso,9,9,85,0.9905875582064562
car,pso,9,9,86,0.9905875582064562
car,pso,9,9,87,0.9905875582064562
car,pso,9,9,88,0.9905875582064562
car,pso,9,9,89,0.9905875582064562
car,pso,9,9,90,0.9905875582064562
car,pso,9,9,91,0.9905875582064562
car,pso,9,9,92,0.9905875582064562
car,pso,9,9,93,0.9905875582064562
car,pso,9,9,94,0.9905875582064562
car,pso,9,9,95,0.9905875582064562
car,pso,9,9,96,0.9905875582064562
car,pso,9,9,97,0.9905875582064562
car,pso,9,9,98,0.9905875582064562
car,pso,9,9,99,0.9905875582064562
car,pso,9,9,100,0.9905875582064562
car,de,9,9,1,0.9847956887982001
car,de,9,9,2,0.9847956887982001
car,de,9,9,3,0.9847956887982001
car,de,9,9,4,0.9847956887982001
car,de,9,9,5,0.9847956887982001
car,de,9,9,6,0.9847956887982001
car,de,9,9,7,0.9847956887982001
car,de,9,9,8,0.9847956887982001
car,de,9,9,9,0.9847956887982001
car,de,9,9,10,0.9847956887982001
car,de,9,9,11,0.9847956887982001
car,de,9,9,12,0.9847956887982001
car,de,9,9,13,0.9847956887982001
car,de,9,9,14,0.988413645162978
car,de,9,9,15,0.988413645162978
car,de,9,9,16,0.988413645162978
car,de,9,9,17,0.988413645162978
car,de,9,9,18,0.988413645162978
car,de,9,9,19,0.988413645162978
car,de,9,9,20,0.988413645162978
car,de,9,9,21,0.988413645162978
car,de,9,9,22,0.988413645162978
car,de,9,9,23,0.9891408988646472
car,de,9,9,24,0.9891408988646472
car,de,9,9,25,0.9891408988646472
car,de,9,9,26,0.9891408988646472
car,de,9,9,27,0.9891408988646472
car,de,9,9,28,0.9891408988646472
car,de,9,9,29,0.9891408988646472
car,de,9,9,30,0.9891408988646472
car,de,9,9,31,0.9891408988646472
car,de,9,9,32,0.9891408988646472
car,de,9,9,33,0.9891408988646472
car,de,9,9,34,0.9891408988646472
car,de,9,9,35,0.9891408988646472
car,de,9,9,36,0.9891408988646472
car,de,9,9,37,0.9891408988646472
car,de,9,9,38,0.9891408988646472
car,de,9,9,39,0.9891408988646472
car,de,9,9,40,0.9891408988646472
car,de,9,9,41,0.9891408988646472
car,de,9,9,42,0.9891408988646472
car,de,9,9,43,0.9891408988646472
car,de,9,9,44,0.9891408988646472
car,de,9,9,45,0.9891408988646472
car,de,9,9,46,0.9891408988646472
car,de,9,9,47,0.9891408988646472
car,de,9,9,48,0.9891408988646472
car,de,9,9,49,0.9891408988646472
car,de,9,9,50,0.9891408988646472
car,de,9,9,51,0.9891408988646472
car,de,9,9,52,0.9891408988646472
car,de,9,9,53,0.9891408988646472
car,de,9,9,54,0.9891408988646472
car,de,9,9,55,0.9891408988646472
car,de,9,9,56,0.9891408988646472
car,de,9,9,57,0.9891408988646472
car,de,9,9,58,0.9891408988646472
car,de,9,9,59,0.9891408988646472
car,de,9,9,60,0.9891408988646472
car,de,9,9,61,0.9891408988646472
car,de,9,9,62,0.9891408988646472
car,de,9,9,63,0.9891408988646472
car,de,9,9,64,0.9891408988646472
car,de,9,9,65,0.9891408988646472
car,de,9,9,66,0.9891408988646472
car,de,9,9,67,0.9891408988646472
car,de,9,9,68,0.9905849421859466
car,de,9,9,69,0.9905849421859466
car,de,9,9,70,0.9905849421859466
car,de,9,9,71,0.9905849421859466
car,de,9,9,72,0.9905849421859466
car,de,9,9,73,0.9905849421859466
car,de,9,9,74,0.9905849421859466
car,de,9,9,75,0.9905875582064562
car,de,9,9,76,0.9905875582064562
car,de,9,9,77,0.9905875582064562
car,de,9,9,78,0.9905875582064562
car,de,9,9,79,0.9905875582064562
car,de,9,9,80,0.9905875582064562
car,de,9,9,81,0.9905875582064562
car,de,9,9,82,0.9905875582064562
car,de,9,9,83,0.9905875582064562
car,de,9,9,84,0.9905875582064562
car,de,9,9,85,0.9905875582064562
car,de,9,9,86,0.9905875582064562
car,de,9,9,87,0.9905875582064562
car,de,9,9,88,0.9905875582064562
car,de,9,9,89,0.9905875582064562
car,de,9,9,90,0.9905875582064562
car,de,9,9,91,0.9905875582064562
car,de,9,9,92,0.9905875582064562
car,de,9,9,93,0.9905875582064562
car,de,9,9,94,0.9905875582064562
car,de,9,9,95,0.9905875582064562
car,de,9,9,96,0.9905875582064562
car,de,9,9,97,0.9905875582064562
car,de,9,9,98,0.9905875582064562
car,de,9,9,99,0.9905875582064562
car,de,9,9,100,0.9905875582064562
car,ga,9,9,1,0.9847956887982001
car,ga,9,9,2,0.9847956887982001
car,ga,9,9,3,0.9847956887982001
car,ga,9,9,4,0.9847956887982001
car,ga,9,9,5,0.9847956887982001
car,ga,9,9,6,0.9847956887982001
car,ga,9,9,7,0.9847956887982001
car,ga,9,9,8,0.9847956887982001
car,ga,9,9,9,0.9847956887982001
car,ga,9,9,10,0.9847956887982001
car,ga,9,9,11,0.9847956887982001
car,ga,9,9,12,0.9847956887982001
car,ga,9,9,13,0.9847956887982001
car,ga,9,9,14,0.988413645162978
car,ga,9,9,15,0.988413645162978
car,ga,9,9,16,0.988413645162978
car,ga,9,9,17,0.988413645162978
car,ga,9,9,18,0.988413645162978
car,ga,9,9,19,0.988413645162978
car,ga,9,9,20,0.988413645162978
car,ga,9,9,21,0.988413645162978
car,ga,9,9,22,0.988413645162978
car,ga,9,9,23,0.988413645162978
car,ga,9,9,24,0.988413645162978
car,ga,9,9,25,0.988413645162978
car,ga,9,9,26,0.988413645162978
car,ga,9,9,27,0.988413645162978
car,ga,9,9,28,0.988413645162978
car,ga,9,9,29,0.9891382828441374
car,ga,9,9,30,0.9891382828441374
car,ga,9,9,31,0.9891382828441374
car,ga,9,9,32,0.9891382828441374
car,ga,9,9,33,0.9891382828441374
car,ga,9,9,34,0.9891382828441374
car,ga,9,9,35,0.9891382828441374
car,ga,9,9,36,0.9891382828441374
car,ga,9,9,37,0.9891382828441374
car,ga,9,9,38,0.9891382828441374
car,ga,9,9,39,0.9891382828441374
car,ga,9,9,40,0.9891382828441374
car,ga,9,9,41,0.9891382828441374
car,ga,9,9,42,0.9891382828441374
car,ga,9,9,43,0.9891382828441374
car,ga,9,9,44,0.9891382828441374
car,ga,9,9,45,0.9891382828441374
car,ga,9,9,46,0.9891382828441374
car,ga,9,9,47,0.9891382828441374
car,ga,9,9,48,0.9891382828441374
car,ga,9,9,49,0.9891382828441374
car,ga,9,9,50,0.9891382828441374
car,ga,9,9,51,0.9891382828441374
car,ga,9,9,52,0.9891382828441374
car,ga,9,9,53,0.9891382828441374
car,ga,9,9,54,0.9891382828441374
car,ga,9,9,55,0.9891382828441374
car,ga,9,9,56,0.9891382828441374
car,ga,9,9,57,0.9891382828441374
car,ga,9,9,58,0.9891382828441374
car,ga,9,9,59,0.9891382828441374
car,ga,9,9,60,0.9891382828441374
car,ga,9,9,61,0.9891382828441374
car,ga,9,9,62,0.9905875582064562
car,ga,9,9,63,0.9905875582064562
car,ga,9,9,64,0.9905875582064562
car,ga,9,9,65,0.9905875582064562
car,ga,9,9,66,0.9905875582064562
car,ga,9,9,67,0.9905875582064562
car,ga,9,9,68,0.9905875582064562
car,ga,9,9,69,0.9905875582064562
car,ga,9,9,70,0.9905875582064562
car,ga,9,9,71,0.9905875582064562
car,ga,9,9,72,0.9905875582064562
car,ga,9,9,73,0.9905875582064562
car,ga,9,9,74,0.9905875582064562
car,ga,9,9,75,0.9905875582064562
car,ga,9,9,76,0.9905875582064562
car,ga,9,9,77,0.9905875582064562
car,ga,9,9,78,0.9905875582064562
car,ga,9,9,79,0.9905875582064562
car,ga,9,9,80,0.9905875582064562
car,ga,9,9,81,0.9905875582064562
car,ga,9,9,82,0.9905875582064562
car,ga,9,9,83,0.9905875582064562
car,ga,9,9,84,0.9905875582064562
car,ga,9,9,85,0.9905875582064562
car,ga,9,9,86,0.9905875582064562
car,ga,9,9,87,0.9905875582064562
car,ga,9,9,88,0.9905875582064562
car,ga,9,9,89,0.9905875582064562
car,ga,9,9,90,0.9905875582064562
car,ga,9,9,91,0.9905875582064562
car,ga,9,9,92,0.9905875582064562
car,ga,9,9,93,0.9905875582064562
car,ga,9,9,94,0.9905875582064562
car,ga,9,9,95,0.9905875582064562
car,ga,9,9,96,0.9905875582064562
car,ga,9,9,97,0.9905875582064562
car,ga,9,9,98,0.9905875582064562
car,ga,9,9,99,0.9905875582064562
car,ga,9,9,100,0.9905875582064562
car,sa,9,9,1,0.7004342594045937
car,sa,9,9,2,0.7004342594045937
car,sa,9,9,3,0.7004342594045937
car,sa,9,9,4,0.7004342594045937
car,sa,9,9,5,0.7004342594045937
car,sa,9,9,6,0.7004342594045937
car,sa,9,9,7,0.7250353162768797
car,sa,9,9,8,0.9739496677653954
car,sa,9,9,9,0.9876942395228377
car,sa,9,9,10,0.9876942395228377
car,sa,9,9,11,0.9876942395228377
car,sa,9,9,12,0.9891356668236279
car,sa,9,9,13,0.9905849421859466
car,sa,9,9,14,0.9905849421859466
car,sa,9,9,15,0.9905849421859466
car,sa,9,9,16,0.9905849421859466
car,sa,9,9,17,0.9905849421859466
car,sa,9,9,18,0.9905849421859466
car,sa,9,9,19,0.9905849421859466
car,sa,9,9,20,0.9905875582064562
car,sa,9,9,21,0.9905875582064562
car,sa,9,9,22,0.9905875582064562
car,sa,9,9,23,0.9905875582064562
car,sa,9,9,24,0.9905875582064562
car,sa,9,9,25,0.9905875582064562
car,sa,9,9,26,0.9905875582064562
car,sa,9,9,27,0.9905875582064562
car,sa,9,9,28,0.9905875582064562
car,sa,9,9,29,0.9905875582064562
car,sa,9,9,30,0.9905875582064562
car,sa,9,9,31,0.9905875582064562
car,sa,9,9,32,0.9905875582064562
car,sa,9,9,33,0.9905875582064562
car,sa,9,9,34,0.9905875582064562
car,sa,9,9,35,0.9905875582064562
car,sa,9,9,36,0.9905875582064562
car,sa,9,9,37,0.9905875582064562
car,sa,9,9,38,0.9905875582064562
car,sa,9,9,39,0.9905875582064562
car,sa,9,9,40,0.9905875582064562
car,sa,9,9,41,0.9905875582064562
car,sa,9,9,42,0.9905875582064562
car,sa,9,9,43,0.9905875582064562
car,sa,9,9,44,0.9905875582064562
car,sa,9,9,45,0.9905875582064562
car,sa,9,9,46,0.9905875582064562
car,sa,9,9,47,0.9905875582064562
car,sa,9,9,48,0.9905875582064562
car,sa,9,9,49,0.9905875582064562
car,sa,9,9,50,0.9905875582064562
car,sa,9,9,51,0.9905875582064562
car,sa,9,9,52,0.9905875582064562
car,sa,9,9,53,0.9905875582064562
car,sa,9,9,54,0.9905875582064562
car,sa,9,9,55,0.9905875582064562
car,sa,9,9,56,0.9905875582064562
car,sa,9,9,57,0.9905875582064562
car,sa,9,9,58,0.9905875582064562
car,sa,9,9,59,0.9905875582064562
car,sa,9,9,60,0.9905875582064562
car,sa,9,9,61,0.9905875582064562
car,sa,9,9,62,0.9905875582064562
car,sa,9,9,63,0.9905875582064562
car,sa,9,9,64,0.9905875582064562
car,sa,9,9,65,0.9905875582064562
car,sa,9,9,66,0.9905875582064562
car,sa,9,9,67,0.9905875582064562
car,sa,9,9,68,0.9905875582064562
car,sa,9,9,69,0.9905875582064562
car,sa,9,9,70,0.9905875582064562
car,sa,9,9,71,0.9905875582064562
car,sa,9,9,72,0.9905875582064562
car,sa,9,9,73,0.9905875582064562
car,sa,9,9,74,0.9905875582064562
car,sa,9,9,75,0.9905875582064562
car,sa,9,9,76,0.9905875582064562
car,sa,9,9,77,0.9905875582064562
car,sa,9,9,78,0.9905875582064562
car,sa,9,9,79,0.9905875582064562
car,sa,9,9,80,0.9905875582064562
car,sa,9,9,81,0.9905875582064562
car,sa,9,9,82,0.9905875582064562
car,sa,9,9,83,0.9905875582064562
car,sa,9,9,84,0.9905875582064562
car,sa,9,9,85,0.9905875582064562
car,sa,9,9,86,0.9905875582064562
car,sa,9,9,87,0.9905875582064562
car,sa,9,9,88,0.9905875582064562
car,sa,9,9,89,0.9905875582064562
car,sa,9,9,90,0.9905875582064562
car,sa,9,9,91,0.9905875582064562
car,sa,9,9,92,0.9905875582064562
car,sa,9,9,93,0.9905875582064562
car,sa,9,9,94,0.9905875582064562
car,sa,9,9,95,0.9905875582064562
car,sa,9,9,96,0.9905875582064562
car,sa,9,9,97,0.9905875582064562
car,sa,9,9,98,0.9905875582064562
car,sa,9,9,99,0.9905875582064562
car,sa,9,9,100,0.9905875582064562
car,grid,10,10,1,0.7004342594045937
car,grid,10,10,2,0.7004342594045937
car,grid,10,10,3,0.7004342594045937
car,grid,10,10,4,0.7004342594045937
car,grid,10,10,5,0.7004342594045937
car,grid,10,10,6,0.7004342594045937
car,grid,10,10,7,0.7004342594045937
car,grid,10,10,8,0.7004342594045937
car,grid,10,10,9,0.7004342594045937
car,grid,10,10,10,0.7004342594045937
car,grid,10,10,11,0.7004342594045937
car,grid,10,10,12,0.7004342594045937
car,grid,10,10,13,0.7004342594045937
car,grid,10,10,14,0.7004342594045937
car,grid,10,10,15,0.7004342594045937
car,grid,10,10,16,0.8097106681316382
car,grid,10,10,17,0.8097106681316382
car,grid,10,10,18,0.8097106681316382
car,grid,10,10,19,0.8097106681316382
car,grid,10,10,20,0.8097106681316382
car,grid,10,10,21,0.8097106681316382
car,grid,10,10,22,0.8097106681316382
car,grid,10,10,23,0.8097106681316382
car,grid,10,10,24,0.8097106681316382
car,grid,10,10,25,0.8697404907654477
car,grid,10,10,26,0.9319913148119081
car,grid,10,10,27,0.9319913148119081
car,grid,10,10,28,0.9319913148119081
car,grid,10,10,29,0.9319913148119081
car,grid,10,10,30,0.9319913148119081
car,grid,10,10,31,0.9319913148119081
car,grid,10,10,32,0.9319913148119081
car,grid,10,10,33,0.9319913148119081
car,grid,10,10,34,0.9319913148119081
car,grid,10,10,35,0.9450086328676818
car,grid,10,10,36,0.9761157327473449
car,grid,10,10,37,0.9761157327473449
car,grid,10,10,38,0.9761157327473449
car,grid,10,10,39,0.9761157327473449
car,grid,10,10,40,0.9761157327473449
car,grid,10,10,41,0.9761157327473449
car,grid,10,10,42,0.9761157327473449
car,grid,10,10,43,0.9761157327473449
car,grid,10,10,44,0.9761157327473449
car,grid,10,10,45,0.9761157327473449
car,grid,10,10,46,0.988413645162978
car,grid,10,10,47,0.988413645162978
car,grid,10,10,48,0.988413645162978
car,grid,10,10,49,0.988413645162978
car,grid,10,10,50,0.988413645162978
car,grid,10,10,51,0.988413645162978
car,grid,10,10,52,0.988413645162978
car,grid,10,10,53,0.988413645162978
car,grid,10,10,54,0.988413645162978
car,grid,10,10,55,0.988413645162978
car,grid,10,10,56,0.988413645162978
car,grid,10,10,57,0.988413645162978
car,grid,10,10,58,0.988413645162978
car,grid,10,10,59,0.988413645162978
car,grid,10,10,60,0.988413645162978
car,grid,10,10,61,0.988413645162978
car,grid,10,10,62,0.988413645162978
car,grid,10,10,63,0.988413645162978
car,grid,10,10,64,0.988413645162978
car,grid,10,10,65,0.988413645162978
car,grid,10,10,66,0.988413645162978
car,grid,10,10,67,0.988413645162978
car,grid,10,10,68,0.988413645162978
car,grid,10,10,69,0.988413645162978
car,grid,10,10,70,0.988413645162978
car,grid,10,10,71,0.988413645162978
car,grid,10,10,72,0.988413645162978
car,grid,10,10,73,0.988413645162978
car,grid,10,10,74,0.988413645162978
car,grid,10,10,75,0.988413645162978
car,grid,10,10,76,0.988413645162978
car,grid,10,10,77,0.988413645162978
car,grid,10,10,78,0.988413645162978
car,grid,10,10,79,0.988413645162978
car,grid,10,10,80,0.988413645162978
car,grid,10,10,81,0.988413645162978
car,grid,10,10,82,0.988413645162978
car,grid,10,10,83,0.988413645162978
car,grid,10,10,84,0.988413645162978
car,grid,10,10,85,0.988413645162978
car,grid,10,10,86,0.988413645162978
car,grid,10,10,87,0.988413645162978
car,grid,10,10,88,0.988413645162978
car,grid,10,10,89,0.988413645162978
car,grid,10,10,90,0.988413645162978
car,grid,10,10,91,0.988413645162978
car,grid,10,10,92,0.988413645162978
car,grid,10,10,93,0.988413645162978
car,grid,10,10,94,0.988413645162978
car,grid,10,10,95,0.988413645162978
car,grid,10,10,96,0.988413645162978
car,grid,10,10,97,0.988413645162978
car,grid,10,10,98,0.988413645162978
car,grid,10,10,99,0.988413645162978
car,grid,10,10,100,0.988413645162978
car,random,10,10,1,0.9233008946790143
car,random,10,10,2,0.9233008946790143
car,random,10,10,3,0.9233008946790143
car,random,10,10,4,0.9233008946790143
car,random,10,10,5,0.9233008946790143
car,random,10,10,6,0.9233008946790143
car,random,10,10,7,0.9233008946790143
car,random,10,10,8,0.986244964160519
car,random,10,10,9,0.986244964160519
car,random,10,10,10,0.986244964160519
car,random,10,10,11,0.986244964160519
car,random,10,10,12,0.986244964160519
car,random,10,10,13,0.986244964160519
car,random,10,10,14,0.9905875582064562
car,random,10,10,15,0.9905875582064562
car,random,10,10,16,0.9905875582064562
car,random,10,10,17,0.9905875582064562
car,random,10,10,18,0.9905875582064562
car,random,10,10,19,0.9905875582064562
car,random,10,10,20,0.9905875582064562
car,random,10,10,21,0.9905875582064562
car,random,10,10,22,0.9905875582064562
car,random,10,10,23,0.9905875582064562
car,random,10,10,24,0.9905875582064562
car,random,10,10,25,0.9905875582064562
car,random,10,10,26,0.9905875582064562
car,random,10,10,27,0.9905875582064562
car,random,10,10,28,0.9905875582064562
car,random,10,10,29,0.9905875582064562
car,random,10,10,30,0.9905875582064562
car,random,10,10,31,0.9905875582064562
car,random,10,10,32,0.9905875582064562
car,random,10,10,33,0.9905875582064562
car,random,10,10,34,0.9905875582064562
car,random,10,10,35,0.9905875582064562
car,random,10,10,36,0.9905875582064562
car,random,10,10,37,0.9905875582064562
car,random,10,10,38,0.9905875582064562
car,random,10,10,39,0.9905875582064562
car,random,10,10,40,0.9905875582064562
car,random,10,10,41,0.9905875582064562
car,random,10,10,42,0.9905875582064562
car,random,10,10,43,0.9905875582064562
car,random,10,10,44,0.9905875582064562
car,random,10,10,45,0.9905875582064562
car,random,10,10,46,0.9905875582064562
car,random,10,10,47,0.9905875582064562
car,random,10,10,48,0.9905875582064562
car,random,10,10,49,0.9905875582064562
car,random,10,10,50,0.9905875582064562
car,random,10,10,51,0.9905875582064562
car,random,10,10,52,0.9905875582064562
car,random,10,10,53,0.9905875582064562
car,random,10,10,54,0.9905875582064562
car,random,10,10,55,0.9905875582064562
car,random,10,10,56,0.9905875582064562
car,random,10,10,57,0.9905875582064562
car,random,10,10,58,0.9905875582064562
car,random,10,10,59,0.9905875582064562
car,random,10,10,60,0.9905875582064562
car,random,10,10,61,0.9905875582064562
car,random,10,10,62,0.9905875582064562
car,random,10,10,63,0.9905875582064562
car,random,10,10,64,0.9905875582064562
car,random,10,10,65,0.9905875582064562
car,random,10,10,66,0.9905875582064562
car,random,10,10,67,0.9905875582064562
car,random,10,10,68,0.9905875582064562
car,random,10,10,69,0.9905875582064562
car,random,10,10,70,0.9905875582064562
car,random,10,10,71,0.9905875582064562
car,random,10,10,72,0.9905875582064562
car,random,10,10,73,0.9905875582064562
car,random,10,10,74,0.9905875582064562
car,random,10,10,75,0.9905875582064562
car,random,10,10,76,0.9905875582064562
car,random,10,10,77,0.9905875582064562
car,random,10,10,78,0.9905875582064562
car,random,10,10,79,0.9905875582064562
car,random,10,10,80,0.9905875582064562
car,random,10,10,81,0.9905875582064562
car,random,10,10,82,0.9905875582064562
car,random,10,10,83,0.9905875582064562
car,random,10,10,84,0.9905875582064562
car,random,10,10,85,0.9905875582064562
car,random,10,10,86,0.9905875582064562
car,random,10,10,87,0.9905875582064562
car,random,10,10,88,0.9905875582064562
car,random,10,10,89,0.9905875582064562
car,random,10,10,90,0.9905875582064562
car,random,10,10,91,0.9905875582064562
car,random,10,10,92,0.9905875582064562
car,random,10,10,93,0.9905875582064562
car,random,10,10,94,0.9905875582064562
car,random,10,10,95,0.9905875582064562
car,random,10,10,96,0.9905875582064562
car,random,10,10,97,0.9905875582064562
car,random,10,10,98,0.9905875582064562
car,random,10,10,99,0.9905875582064562
car,random,10,10,100,0.9905875582064562
car,bo_tpe,10,10,1,0.9233008946790143
car,bo_tpe,10,10,2,0.9233008946790143
car,bo_tpe,10,10,3,0.9233008946790143
car,bo_tpe,10,10,4,0.9233008946790143
car,bo_tpe,10,10,5,0.9233008946790143
car,bo_tpe,10,10,6,0.9233008946790143
car,bo_tpe,10,10,7,0.9233008946790143
car,bo_tpe,10,10,8,0.986244964160519
car,bo_tpe,10,10,9,0.986244964160519
car,bo_tpe,10,10,10,0.986244964160519
car,bo_tpe,10,10,11,0.986244964160519
car,bo_tpe,10,10,12,0.986244964160519
car,bo_tpe,10,10,13,0.9905875582064562
car,bo_tpe,10,10,14,0.9905875582064562
car,bo_tpe,10,10,15,0.9905875582064562
car,bo_tpe,10,10,16,0.9905875582064562
car,bo_tpe,10,10,17,0.9905875582064562
car,bo_tpe,10,10,18,0.9905875582064562
car,bo_tpe,10,10,19,0.9905875582064562
car,bo_tpe,10,10,20,0.9905875582064562
car,bo_tpe,10,10,21,0.9905875582064562
car,bo_tpe,10,10,22,0.9905875582064562
car,bo_tpe,10,10,23,0.9905875582064562
car,bo_tpe,10,10,24,0.9905875582064562
car,bo_tpe,10,10,25,0.9905875582064562
car,bo_tpe,10,10,26,0.9905875582064562
car,bo_tpe,10,10,27,0.9905875582064562
car,bo_tpe,10,10,28,0.9905875582064562
car,bo_tpe,10,10,29,0.9905875582064562
car,bo_tpe,10,10,30,0.9905875582064562
car,bo_tpe,10,10,31,0.9905875582064562
car,bo_tpe,10,10,32,0.9905875582064562
car,bo_tpe,10,10,33,0.9905875582064562
car,bo_tpe,10,10,34,0.9905875582064562
car,bo_tpe,10,10,35,0.9905875582064562
car,bo_tpe,10,10,36,0.9905875582064562
car,bo_tpe,10,10,37,0.9905875582064562
car,bo_tpe,10,10,38,0.9905875582064562
car,bo_tpe,10,10,39,0.9905875582064562
car,bo_tpe,10,10,40,0.9905875582064562
car,bo_tpe,10,10,41,0.9905875582064562
car,bo_tpe,10,10,42,0.9905875582064562
car,bo_tpe,10,10,43,0.9905875582064562
car,bo_tpe,10,10,44,0.9905875582064562
car,bo_tpe,10,10,45,0.9905875582064562
car,bo_tpe,10,10,46,0.9905875582064562
car,bo_tpe,10,10,47,0.9905875582064562
car,bo_tpe,10,10,48,0.9905875582064562
car,bo_tpe,10,10,49,0.9905875582064562
car,bo_tpe,10,10,50,0.9905875582064562
car,bo_tpe,10,10,51,0.9905875582064562
car,bo_tpe,10,10,52,0.9905875582064562
car,bo_tpe,10,10,53,0.9905875582064562
car,bo_tpe,10,10,54,0.9905875582064562
car,bo_tpe,10,10,55,0.9905875582064562
car,bo_tpe,10,10,56,0.9905875582064562
car,bo_tpe,10,10,57,0.9905875582064562
car,bo_tpe,10,10,58,0.9905875582064562
car,bo_tpe,10,10,59,0.9905875582064562
car,bo_tpe,10,10,60,0.9905875582064562
car,bo_tpe,10,10,61,0.9905875582064562
car,bo_tpe,10,10,62,0.9905875582064562
car,bo_tpe,10,10,63,0.9905875582064562
car,bo_tpe,10,10,64,0.9905875582064562
car,bo_tpe,10,10,65,0.9905875582064562
car,bo_tpe,10,10,66,0.9905875582064562
car,bo_tpe,10,10,67,0.9905875582064562
car,bo_tpe,10,10,68,0.9905875582064562
car,bo_tpe,10,10,69,0.9905875582064562
car,bo_tpe,10,10,70,0.9905875582064562
car,bo_tpe,10,10,71,0.9905875582064562
car,bo_tpe,10,10,72,0.9905875582064562
car,bo_tpe,10,10,73,0.9905875582064562
car,bo_tpe,10,10,74,0.9905875582064562
car,bo_tpe,10,10,75,0.9905875582064562
car,bo_tpe,10,10,76,0.9905875582064562
car,bo_tpe,10,10,77,0.9905875582064562
car,bo_tpe,10,10,78,0.9905875582064562
car,bo_tpe,10,10,79,0.9905875582064562
car,bo_tpe,10,10,80,0.9905875582064562
car,bo_tpe,10,10,81,0.9905875582064562
car,bo_tpe,10,10,82,0.9905875582064562
car,bo_tpe,10,10,83,0.9905875582064562
car,bo_tpe,10,10,84,0.9905875582064562
car,bo_tpe,10,10,85,0.9905875582064562
car,bo_tpe,10,10,86,0.9905875582064562
car,bo_tpe,10,10,87,0.9905875582064562
car,bo_tpe,10,10,88,0.9905875582064562
car,bo_tpe,10,10,89,0.9905875582064562
car,bo_tpe,10,10,90,0.9905875582064562
car,bo_tpe,10,10,91,0.9905875582064562
car,bo_tpe,10,10,92,0.9905875582064562
car,bo_tpe,10,10,93,0.9905875582064562
car,bo_tpe,10,10,94,0.9905875582064562
car,bo_tpe,10,10,95,0.9905875582064562
car,bo_tpe,10,10,96,0.9905875582064562
car,bo_tpe,10,10,97,0.9905875582064562
car,bo_tpe,10,10,98,0.9905875582064562
car,bo_tpe,10,10,99,0.9905875582064562
car,bo_tpe,10,10,100,0.9905875582064562
car,pso,10,10,1,0.7004342594045937
car,pso,10,10,2,0.9218516193166953
car,pso,10,10,3,0.9551300162193271
car,pso,10,10,4,0.9551300162193271
car,pso,10,10,5,0.9630957986710615
car,pso,10,10,6,0.9630957986710615
car,pso,10,10,7,0.9630957986710615
car,pso,10,10,8,0.9761183487678544
car,pso,10,10,9,0.9898629205252968
car,pso,10,10,10,0.9898629205252968
car,pso,10,10,11,0.9898629205252968
car,pso,10,10,12,0.9898629205252968
car,pso,10,10,13,0.9898629205252968
car,pso,10,10,14,0.9898629205252968
car,pso,10,10,15,0.9898629205252968
car,pso,10,10,16,0.9898629205252968
car,pso,10,10,17,0.9898629205252968
car,pso,10,10,18,0.9898629205252968
car,pso,10,10,19,0.9898629205252968
car,pso,10,10,20,0.9898629205252968
car,pso,10,10,21,0.9898629205252968
car,pso,10,10,22,0.9898629205252968
car,pso,10,10,23,0.9898629205252968
car,pso,10,10,24,0.9898629205252968
car,pso,10,10,25,0.9898629205252968
car,pso,10,10,26,0.9898629205252968
car,pso,10,10,27,0.9898629205252968
car,pso,10,10,28,0.9898629205252968
car,pso,10,10,29,0.9898629205252968
car,pso,10,10,30,0.9898629205252968
car,pso,10,10,31,0.9898629205252968
car,pso,10,10,32,0.9898629205252968
car,pso,10,10,33,0.9898629205252968
car,pso,10,10,34,0.9898629205252968
car,pso,10,10,35,0.9898629205252968
car,pso,10,10,36,0.9898629205252968
car,pso,10,10,37,0.9898629205252968
car,pso,10,10,38,0.9898629205252968
car,pso,10,10,39,0.9898629205252968
car,pso,10,10,40,0.9898629205252968
car,pso,10,10,41,0.9898629205252968
car,pso,10,10,42,0.9898629205252968
car,pso,10,10,43,0.9898629205252968
car,pso,10,10,44,0.9898629205252968
car,pso,10,10,45,0.9905875582064562
car,pso,10,10,46,0.9905875582064562
car,pso,10,10,47,0.9905875582064562
car,pso,10,10,48,0.9905875582064562
car,pso,10,10,49,0.9905875582064562
car,pso,10,10,50,0.9905875582064562
car,pso,10,10,51,0.9905875582064562
car,pso,10,10,52,0.9905875582064562
car,pso,10,10,53,0.9905875582064562
car,pso,10,10,54,0.9905875582064562
car,pso,10,10,55,0.9905875582064562
car,pso,10,10,56,0.9905875582064562
car,pso,10,10,57,0.9905875582064562
car,pso,10,10,58,0.9905875582064562
car,pso,10,10,59,0.9905875582064562
car,pso,10,10,60,0.9905875582064562
car,pso,10,10,61,0.9905875582064562
car,pso,10,10,62,0.9905875582064562
car,pso,10,10,63,0.9905875582064562
car,pso,10,10,64,0.9905875582064562
car,pso,10,10,65,0.9905875582064562
car,pso,10,10,66,0.9905875582064562
car,pso,10,10,67,0.9905875582064562
car,pso,10,10,68,0.9905875582064562
car,pso,10,10,69,0.9905875582064562
car,pso,10,10,70,0.9905875582064562
car,pso,10,10,71,0.9905875582064562
car,pso,10,10,72,0.9905875582064562
car,pso,10,10,73,0.9905875582064562
car,pso,10,10,74,0.9905875582064562
car,pso,10,10,75,0.9905875582064562
car,pso,10,10,76,0.9905875582064562
car,pso,10,10,77,0.9905875582064562
car,pso,10,10,78,0.9905875582064562
car,pso,10,10,79,0.9905875582064562
car,pso,10,10,80,0.9905875582064562
car,pso,10,10,81,0.9905875582064562
car,pso,10,10,82,0.9905875582064562
car,pso,10,10,83,0.9905875582064562
car,pso,10,10,84,0.9905875582064562
car,pso,10,10,85,0.9905875582064562
car,pso,10,10,86,0.9905875582064562
car,pso,10,10,87,0.9905875582064562
car,pso,10,10,88,0.9905875582064562
car,pso,10,10,89,0.9905875582064562
car,pso,10,10,90,0.9905875582064562
car,pso,10,10,91,0.9905875582064562
car,pso,10,10,92,0.9905875582064562
car,pso,10,10,93,0.9905875582064562
car,pso,10,10,94,0.9905875582064562
car,pso,10,10,95,0.9905875582064562
car,pso,10,10,96,0.9905875582064562
car,pso,10,10,97,0.9905875582064562
car,pso,10,10,98,0.9905875582064562
car,pso,10,10,99,0.9905875582064562
car,pso,10,10,100,0.9905875582064562
car,de,10,10,1,0.9869643698006593
car,de,10,10,2,0.9869643698006593
car,de,10,10,3,0.9869643698006593
car,de,10,10,4,0.9869643698006593
car,de,10,10,5,0.9869643698006593
car,de,10,10,6,0.9869643698006593
car,de,10,10,7,0.9869643698006593
car,de,10,10,8,0.9869643698006593
car,de,10,10,9,0.9869643698006593
car,de,10,10,10,0.9869643698006593
car,de,10,10,11,0.9869643698006593
car,de,10,10,12,0.9869643698006593
car,de,10,10,13,0.9869643698006593
car,de,10,10,14,0.9869643698006593
car,de,10,10,15,0.9869643698006593
car,de,10,10,16,0.9869643698006593
car,de,10,10,17,0.9876916235023282
car,de,10,10,18,0.9876916235023282
car,de,10,10,19,0.9876916235023282
car,de,10,10,20,0.9876916235023282
car,de,10,10,21,0.9876916235023282
car,de,10,10,22,0.9891408988646472
car,de,10,10,23,0.9891408988646472
car,de,10,10,24,0.9891408988646472
car,de,10,10,25,0.9891408988646472
car,de,10,10,26,0.9891408988646472
car,de,10,10,27,0.9891408988646472
car,de,10,10,28,0.9891408988646472
car,de,10,10,29,0.9891408988646472
car,de,10,10,30,0.9891408988646472
car,de,10,10,31,0.9891408988646472
car,de,10,10,32,0.9891408988646472
car,de,10,10,33,0.9891408988646472
car,de,10,10,34,0.9891408988646472
car,de,10,10,35,0.9891408988646472
car,de,10,10,36,0.9891408988646472
car,de,10,10,37,0.9905849421859466
car,de,10,10,38,0.9905849421859466
car,de,10,10,39,0.9905849421859466
car,de,10,10,40,0.9905849421859466
car,de,10,10,41,0.9905849421859466
car,de,10,10,42,0.9905849421859466
car,de,10,10,43,0.9905849421859466
car,de,10,10,44,0.9905875582064562
car,de,10,10,45,0.9905875582064562
car,de,10,10,46,0.9905875582064562
car,de,10,10,47,0.9905875582064562
car,de,10,10,48,0.9905875582064562
car,de,10,10,49,0.9905875582064562
car,de,10,10,50,0.9905875582064562
car,de,10,10,51,0.9905875582064562
car,de,10,10,52,0.9905875582064562
car,de,10,10,53,0.9905875582064562
car,de,10,10,54,0.9905875582064562
car,de,10,10,55,0.9905875582064562
car,de,10,10,56,0.9905875582064562
car,de,10,10,57,0.9905875582064562
car,de,10,10,58,0.9905875582064562
car,de,10,10,59,0.9905875582064562
car,de,10,10,60,0.9905875582064562
car,de,10,10,61,0.9905875582064562
car,de,10,10,62,0.9905875582064562
car,de,10,10,63,0.9905875582064562
car,de,10,10,64,0.9905875582064562
car,de,10,10,65,0.9905875582064562
car,de,10,10,66,0.9905875582064562
car,de,10,10,67,0.9905875582064562
car,de,10,10,68,0.9905875582064562
car,de,10,10,69,0.9905875582064562
car,de,10,10,70,0.9905875582064562
car,de,10,10,71,0.9905875582064562
car,de,10,10,72,0.9905875582064562
car,de,10,10,73,0.9905875582064562
car,de,10,10,74,0.9905875582064562
car,de,10,10,75,0.9905875582064562
car,de,10,10,76,0.9905875582064562
car,de,10,10,77,0.9905875582064562
car,de,10,10,78,0.9905875582064562
car,de,10,10,79,0.9905875582064562
car,de,10,10,80,0.9905875582064562
car,de,10,10,81,0.9905875582064562
car,de,10,10,82,0.9905875582064562
car,de,10,10,83,0.9905875582064562
car,de,10,10,84,0.9905875582064562
car,de,10,10,85,0.9905875582064562
car,de,10,10,86,0.9905875582064562
car,de,10,10,87,0.9905875582064562
car,de,10,10,88,0.9905875582064562
car,de,10,10,89,0.9905875582064562
car,de,10,10,90,0.9905875582064562
car,de,10,10,91,0.9905875582064562
car,de,10,10,92,0.9905875582064562
car,de,10,10,93,0.9905875582064562
car,de,10,10,94,0.9905875582064562
car,de,10,10,95,0.9905875582064562
car,de,10,10,96,0.9905875582064562
car,de,10,10,97,0.9905875582064562
car,de,10,10,98,0.9905875582064562
car,de,10,10,99,0.9905875582064562
car,de,10,10,100,0.9905875582064562
car,ga,10,10,1,0.9869643698006593
car,ga,10,10,2,0.9869643698006593
car,ga,10,10,3,0.9869643698006593
car,ga,10,10,4,0.9869643698006593
car,ga,10,10,5,0.9869643698006593
car,ga,10,10,6,0.9869643698006593
car,ga,10,10,7,0.9869643698006593
car,ga,10,10,8,0.9869643698006593
car,ga,10,10,9,0.9869643698006593
car,ga,10,10,10,0.9869643698006593
car,ga,10,10,11,0.9869643698006593
car,ga,10,10,12,0.9869643698006593
car,ga,10,10,13,0.9869643698006593
car,ga,10,10,14,0.9869643698006593
car,ga,10,10,15,0.9869643698006593
car,ga,10,10,16,0.9869643698006593
car,ga,10,10,17,0.9876916235023282
car,ga,10,10,18,0.9876916235023282
car,ga,10,10,19,0.9876916235023282
car,ga,10,10,20,0.9876916235023282
car,ga,10,10,21,0.9876916235023282
car,ga,10,10,22,0.9876916235023282
car,ga,10,10,23,0.9876916235023282
car,ga,10,10,24,0.9876916235023282
car,ga,10,10,25,0.9876916235023282
car,ga,10,10,26,0.9876916235023282
car,ga,10,10,27,0.9876916235023282
car,ga,10,10,28,0.9876916235023282
car,ga,10,10,29,0.9876916235023282
car,ga,10,10,30,0.9876916235023282
car,ga,10,10,31,0.9876916235023282
car,ga,10,10,32,0.9876916235023282
car,ga,10,10,33,0.9876916235023282
car,ga,10,10,34,0.9876916235023282
car,ga,10,10,35,0.9876916235023282
car,ga,10,10,36,0.9876916235023282
car,ga,10,10,37,0.9876916235023282
car,ga,10,10,38,0.9876916235023282
car,ga,10,10,39,0.9876916235023282
car,ga,10,10,40,0.9876916235023282
car,ga,10,10,41,0.9876916235023282
car,ga,10,10,42,0.9876916235023282
car,ga,10,10,43,0.9876916235023282
car,ga,10,10,44,0.9876916235023282
car,ga,10,10,45,0.9876916235023282
car,ga,10,10,46,0.9876916235023282
car,ga,10,10,47,0.9876916235023282
car,ga,10,10,48,0.9876916235023282
car,ga,10,10,49,0.9876916235023282
car,ga,10,10,50,0.9876916235023282
car,ga,10,10,51,0.9876916235023282
car,ga,10,10,52,0.9876916235023282
car,ga,10,10,53,0.9876916235023282
car,ga,10,10,54,0.9876916235023282
car,ga,10,10,55,0.9876916235023282
car,ga,10,10,56,0.9876916235023282
car,ga,10,10,57,0.9876916235023282
car,ga,10,10,58,0.9876916235023282
car,ga,10,10,59,0.9876916235023282
car,ga,10,10,60,0.9876916235023282
car,ga,10,10,61,0.9876916235023282
car,ga,10,10,62,0.9876916235023282
car,ga,10,10,63,0.9876916235023282
car,ga,10,10,64,0.988413645162978
car,ga,10,10,65,0.988413645162978
car,ga,10,10,66,0.988413645162978
car,ga,10,10,67,0.988413645162978
car,ga,10,10,68,0.988413645162978
car,ga,10,10,69,0.988413645162978
car,ga,10,10,70,0.988413645162978
car,ga,10,10,71,0.988413645162978
car,ga,10,10,72,0.988413645162978
car,ga,10,10,73,0.988413645162978
car,ga,10,10,74,0.988413645162978
car,ga,10,10,75,0.988413645162978
car,ga,10,10,76,0.988413645162978
car,ga,10,10,77,0.988413645162978
car,ga,10,10,78,0.9905849421859466
car,ga,10,10,79,0.9905849421859466
car,ga,10,10,80,0.9905849421859466
car,ga,10,10,81,0.9905849421859466
car,ga,10,10,82,0.9905849421859466
car,ga,10,10,83,0.9905849421859466
car,ga,10,10,84,0.9905849421859466
car,ga,10,10,85,0.9905849421859466
car,ga,10,10,86,0.9905849421859466
car,ga,10,10,87,0.9905849421859466
car,ga,10,10,88,0.9905849421859466
car,ga,10,10,89,0.9905849421859466
car,ga,10,10,90,0.9905849421859466
car,ga,10,10,91,0.9905849421859466
car,ga,10,10,92,0.9905849421859466
car,ga,10,10,93,0.9905875582064562
car,ga,10,10,94,0.9905875582064562
car,ga,10,10,95,0.9905875582064562
car,ga,10,10,96,0.9905875582064562
car,ga,10,10,97,0.9905875582064562
car,ga,10,10,98,0.9905875582064562
car,ga,10,10,99,0.9905875582064562
car,ga,10,10,100,0.9905875582064562
car,sa,10,10,1,0.9233008946790143
car,sa,10,10,2,0.9341390676502904
car,sa,10,10,3,0.9341390676502904
car,sa,10,10,4,0.9341390676502904
car,sa,10,10,5,0.9341390676502904
car,sa,10,10,6,0.9341390676502904
car,sa,10,10,7,0.9674305446554701
car,sa,10,10,8,0.9696018416784389
car,sa,10,10,9,0.9847930727776906
car,sa,10,10,10,0.9876890074818186
car,sa,10,10,11,0.988413645162978
car,sa,10,10,12,0.988413645162978
car,sa,10,10,13,0.9905875582064562
car,sa,10,10,14,0.9905875582064562
car,sa,10,10,15,0.9905875582064562
car,sa,10,10,16,0.9905875582064562
car,sa,10,10,17,0.9905875582064562
car,sa,10,10,18,0.9905875582064562
car,sa,10,10,19,0.9905875582064562
car,sa,10,10,20,0.9905875582064562
car,sa,10,10,21,0.9905875582064562
car,sa,10,10,22,0.9905875582064562
car,sa,10,10,23,0.9905875582064562
car,sa,10,10,24,0.9905875582064562
car,sa,10,10,25,0.9905875582064562
car,sa,10,10,26,0.9905875582064562
car,sa,10,10,27,0.9905875582064562
car,sa,10,10,28,0.9905875582064562
car,sa,10,10,29,0.9905875582064562
car,sa,10,10,30,0.9905875582064562
car,sa,10,10,31,0.9905875582064562
car,sa,10,10,32,0.9905875582064562
car,sa,10,10,33,0.9905875582064562
car,sa,10,10,34,0.9905875582064562
car,sa,10,10,35,0.9905875582064562
car,sa,10,10,36,0.9905875582064562
car,sa,10,10,37,0.9905875582064562
car,sa,10,10,38,0.9905875582064562
car,sa,10,10,39,0.9905875582064562
car,sa,10,10,40,0.9905875582064562
car,sa,10,10,41,0.9905875582064562
car,sa,10,10,42,0.9905875582064562
car,sa,10,10,43,0.9905875582064562
car,sa,10,10,44,0.9905875582064562
car,sa,10,10,45,0.9905875582064562
car,sa,10,10,46,0.9905875582064562
car,sa,10,10,47,0.9905875582064562
car,sa,10,10,48,0.9905875582064562
car,sa,10,10,49,0.9905875582064562
car,sa,10,10,50,0.9905875582064562
car,sa,10,10,51,0.9905875582064562
car,sa,10,10,52,0.9905875582064562
car,sa,10,10,53,0.9905875582064562
car,sa,10,10,54,0.9905875582064562
car,sa,10,10,55,0.9905875582064562
car,sa,10,10,56,0.9905875582064562
car,sa,10,10,57,0.9905875582064562
car,sa,10,10,58,0.9905875582064562
car,sa,10,10,59,0.9905875582064562
car,sa,10,10,60,0.9905875582064562
car,sa,10,10,61,0.9905875582064562
car,sa,10,10,62,0.9905875582064562
car,sa,10,10,63,0.9905875582064562
car,sa,10,10,64,0.9905875582064562
car,sa,10,10,65,0.9905875582064562
car,sa,10,10,66,0.9905875582064562
car,sa,10,10,67,0.9905875582064562
car,sa,10,10,68,0.9905875582064562
car,sa,10,10,69,0.9905875582064562
car,sa,10,10,70,0.9905875582064562
car,sa,10,10,71,0.9905875582064562
car,sa,10,10,72,0.9905875582064562
car,sa,10,10,73,0.9905875582064562
car,sa,10,10,74,0.9905875582064562
car,sa,10,10,75,0.9905875582064562
car,sa,10,10,76,0.9905875582064562
car,sa,10,10,77,0.9905875582064562
car,sa,10,10,78,0.9905875582064562
car,sa,10,10,79,0.9905875582064562
car,sa,10,10,80,0.9905875582064562
car,sa,10,10,81,0.9905875582064562
car,sa,10,10,82,0.9905875582064562
car,sa,10,10,83,0.9905875582064562
car,sa,10,10,84,0.9905875582064562
car,sa,10,10,85,0.9905875582064562
car,sa,10,10,86,0.9905875582064562
car,sa,10,10,87,0.9905875582064562
car,sa,10,10,88,0.9905875582064562
car,sa,10,10,89,0.9905875582064562
car,sa,10,10,90,0.9905875582064562
car,sa,10,10,91,0.9905875582064562
car,sa,10,10,92,0.9905875582064562
car,sa,10,10,93,0.9905875582064562
car,sa,10,10,94,0.9905875582064562
car,sa,10,10,95,0.9905875582064562
car,sa,10,10,96,0.9905875582064562
car,sa,10,10,97,0.9905875582064562
car,sa,10,10,98,0.9905875582064562
car,sa,10,10,99,0.9905875582064562
car,sa,10,10,100,0.9905875582064562
car,grid,11,11,1,0.7004342594045937
car,grid,11,11,2,0.7004342594045937
car,grid,11,11,3,0.7004342594045937
car,grid,11,11,4,0.7004342594045937
car,grid,11,11,5,0.7004342594045937
car,grid,11,11,6,0.7004342594045937
car,grid,11,11,7,0.7004342594045937
car,grid,11,11,8,0.7004342594045937
car,grid,11,11,9,0.7004342594045937
car,grid,11,11,10,0.7004342594045937
car,grid,11,11,11,0.7004342594045937
car,grid,11,11,12,0.7004342594045937
car,grid,11,11,13,0.7004342594045937
car,grid,11,11,14,0.7004342594045937
car,grid,11,11,15,0.7004342594045937
car,grid,11,11,16,0.8097106681316382
car,grid,11,11,17,0.8097106681316382
car,grid,11,11,18,0.8097106681316382
car,grid,11,11,19,0.8097106681316382
car,grid,11,11,20,0.8097106681316382
car,grid,11,11,21,0.8097106681316382
car,grid,11,11,22,0.8097106681316382
car,grid,11,11,23,0.8097106681316382
car,grid,11,11,24,0.8097106681316382
car,grid,11,11,25,0.8697404907654477
car,grid,11,11,26,0.9319913148119081
car,grid,11,11,27,0.9319913148119081
car,grid,11,11,28,0.9319913148119081
car,grid,11,11,29,0.9319913148119081
car,grid,11,11,30,0.9319913148119081
car,grid,11,11,31,0.9319913148119081
car,grid,11,11,32,0.9319913148119081
car,grid,11,11,33,0.9319913148119081
car,grid,11,11,34,0.9319913148119081
car,grid,11,11,35,0.9450086328676818
car,grid,11,11,36,0.9761157327473449
car,grid,11,11,37,0.9761157327473449
car,grid,11,11,38,0.9761157327473449
car,grid,11,11,39,0.9761157327473449
car,grid,11,11,40,0.9761157327473449
car,grid,11,11,41,0.9761157327473449
car,grid,11,11,42,0.9761157327473449
car,grid,11,11,43,0.9761157327473449
car,grid,11,11,44,0.9761157327473449
car,grid,11,11,45,0.9761157327473449
car,grid,11,11,46,0.988413645162978
car,grid,11,11,47,0.988413645162978
car,grid,11,11,48,0.988413645162978
car,grid,11,11,49,0.988413645162978
car,grid,11,11,50,0.988413645162978
car,grid,11,11,51,0.988413645162978
car,grid,11,11,52,0.988413645162978
car,grid,11,11,53,0.988413645162978
car,grid,11,11,54,0.988413645162978
car,grid,11,11,55,0.988413645162978
car,grid,11,11,56,0.988413645162978
car,grid,11,11,57,0.988413645162978
car,grid,11,11,58,0.988413645162978
car,grid,11,11,59,0.988413645162978
car,grid,11,11,60,0.988413645162978
car,grid,11,11,61,0.988413645162978
car,grid,11,11,62,0.988413645162978
car,grid,11,11,63,0.988413645162978
car,grid,11,11,64,0.988413645162978
car,grid,11,11,65,0.988413645162978
car,grid,11,11,66,0.988413645162978
car,grid,11,11,67,0.988413645162978
car,grid,11,11,68,0.988413645162978
car,grid,11,11,69,0.988413645162978
car,grid,11,11,70,0.988413645162978
car,grid,11,11,71,0.988413645162978
car,grid,11,11,72,0.988413645162978
car,grid,11,11,73,0.988413645162978
car,grid,11,11,74,0.988413645162978
car,grid,11,11,75,0.988413645162978
car,grid,11,11,76,0.988413645162978
car,grid,11,11,77,0.988413645162978
car,grid,11,11,78,0.988413645162978
car,grid,11,11,79,0.988413645162978
car,grid,11,11,80,0.988413645162978
car,grid,11,11,81,0.988413645162978
car,grid,11,11,82,0.988413645162978
car,grid,11,11,83,0.988413645162978
car,grid,11,11,84,0.988413645162978
car,grid,11,11,85,0.988413645162978
car,grid,11,11,86,0.988413645162978
car,grid,11,11,87,0.988413645162978
car,grid,11,11,88,0.988413645162978
car,grid,11,11,89,0.988413645162978
car,grid,11,11,90,0.988413645162978
car,grid,11,11,91,0.988413645162978
car,grid,11,11,92,0.988413645162978
car,grid,11,11,93,0.988413645162978
car,grid,11,11,94,0.988413645162978
car,grid,11,11,95,0.988413645162978
car,grid,11,11,96,0.988413645162978
car,grid,11,11,97,0.988413645162978
car,grid,11,11,98,0.988413645162978
car,grid,11,11,99,0.988413645162978
car,grid,11,11,100,0.988413645162978
car,random,11,11,1,0.7004342594045937
car,random,11,11,2,0.7756788573222415
car,random,11,11,3,0.9768429864490138
car,random,11,11,4,0.9768429864490138
car,random,11,11,5,0.9768429864490138
car,random,11,11,6,0.9768429864490138
car,random,11,11,7,0.9768429864490138
car,random,11,11,8,0.9768429864490138
car,random,11,11,9,0.9768429864490138
car,random,11,11,10,0.9768429864490138
car,random,11,11,11,0.9768429864490138
car,random,11,11,12,0.9768429864490138
car,random,11,11,13,0.9768429864490138
car,random,11,11,14,0.9876916235023282
car,random,11,11,15,0.9876916235023282
car,random,11,11,16,0.9876916235023282
car,random,11,11,17,0.9876916235023282
car,random,11,11,18,0.9876916235023282
car,random,11,11,19,0.9876916235023282
car,random,11,11,20,0.9876916235023282
car,random,11,11,21,0.9876916235023282
car,random,11,11,22,0.9876916235023282
car,random,11,11,23,0.9876916235023282
car,random,11,11,24,0.9876916235023282
car,random,11,11,25,0.988413645162978
car,random,11,11,26,0.988413645162978
car,random,11,11,27,0.988413645162978
car,random,11,11,28,0.988413645162978
car,random,11,11,29,0.988413645162978
car,random,11,11,30,0.988413645162978
car,random,11,11,31,0.988413645162978
car,random,11,11,32,0.988413645162978
car,random,11,11,33,0.988413645162978
car,random,11,11,34,0.988413645162978
car,random,11,11,35,0.988413645162978
car,random,11,11,36,0.988413645162978
car,random,11,11,37,0.988413645162978
car,random,11,11,38,0.988413645162978
car,random,11,11,39,0.988413645162978
car,random,11,11,40,0.988413645162978
car,random,11,11,41,0.988413645162978
car,random,11,11,42,0.988413645162978
car,random,11,11,43,0.988413645162978
car,random,11,11,44,0.988413645162978
car,random,11,11,45,0.988413645162978
car,random,11,11,46,0.988413645162978
car,random,11,11,47,0.988413645162978
car,random,11,11,48,0.988413645162978
car,random,11,11,49,0.988413645162978
car,random,11,11,50,0.9891356668236279
car,random,11,11,51,0.9891356668236279
car,random,11,11,52,0.9891356668236279
car,random,11,11,53,0.9891356668236279
car,random,11,11,54,0.9891356668236279
car,random,11,11,55,0.9891356668236279
car,random,11,11,56,0.9891356668236279
car,random,11,11,57,0.9891356668236279
car,random,11,11,58,0.9891356668236279
car,random,11,11,59,0.9891356668236279
car,random,11,11,60,0.9891356668236279
car,random,11,11,61,0.9891356668236279
car,random,11,11,62,0.9891408988646472
car,random,11,11,63,0.9891408988646472
car,random,11,11,64,0.9891408988646472
car,random,11,11,65,0.9891408988646472
car,random,11,11,66,0.9891408988646472
car,random,11,11,67,0.9891408988646472
car,random,11,11,68,0.9891408988646472
car,random,11,11,69,0.9891408988646472
car,random,11,11,70,0.9891408988646472
car,random,11,11,71,0.9891408988646472
car,random,11,11,72,0.9891408988646472
car,random,11,11,73,0.9905875582064562
car,random,11,11,74,0.9905875582064562
car,random,11,11,75,0.9905875582064562
car,random,11,11,76,0.9905875582064562
car,random,11,11,77,0.9905875582064562
car,random,11,11,78,0.9905875582064562
car,random,11,11,79,0.9905875582064562
car,random,11,11,80,0.9905875582064562
car,random,11,11,81,0.9905875582064562
car,random,11,11,82,0.9905875582064562
car,random,11,11,83,0.9905875582064562
car,random,11,11,84,0.9905875582064562
car,random,11,11,85,0.9905875582064562
car,random,11,11,86,0.9905875582064562
car,random,11,11,87,0.9905875582064562
car,random,11,11,88,0.9905875582064562
car,random,11,11,89,0.9905875582064562
car,random,11,11,90,0.9905875582064562
car,random,11,11,91,0.9905875582064562
car,random,11,11,92,0.9905875582064562
car,random,11,11,93,0.9905875582064562
car,random,11,11,94,0.9905875582064562
car,random,11,11,95,0.9905875582064562
car,random,11,11,96,0.9905875582064562
car,random,11,11,97,0.9905875582064562
car,random,11,11,98,0.9905875582064562
car,random,11,11,99,0.9905875582064562
car,random,11,11,100,0.9905875582064562
car,bo_tpe,11,11,1,0.7004342594045937
car,bo_tpe,11,11,2,0.7756788573222415
car,bo_tpe,11,11,3,0.9768429864490138
car,bo_tpe,11,11,4,0.9768429864490138
car,bo_tpe,11,11,5,0.9768429864490138
car,bo_tpe,11,11,6,0.9768429864490138
car,bo_tpe,11,11,7,0.9768429864490138
car,bo_tpe,11,11,8,0.9768429864490138
car,bo_tpe,11,11,9,0.9768429864490138
car,bo_tpe,11,11,10,0.9768429864490138
car,bo_tpe,11,11,11,0.9833542614974101
car,bo_tpe,11,11,12,0.9833542614974101
car,bo_tpe,11,11,13,0.9848009208392193
car,bo_tpe,11,11,14,0.9848009208392193
car,bo_tpe,11,11,15,0.9862397321194999
car,bo_tpe,11,11,16,0.9905849421859466
car,bo_tpe,11,11,17,0.9905849421859466
car,bo_tpe,11,11,18,0.9905849421859466
car,bo_tpe,11,11,19,0.9905849421859466
car,bo_tpe,11,11,20,0.9905849421859466
car,bo_tpe,11,11,21,0.9905849421859466
car,bo_tpe,11,11,22,0.9905849421859466
car,bo_tpe,11,11,23,0.9905849421859466
car,bo_tpe,11,11,24,0.9905875582064562
car,bo_tpe,11,11,25,0.9905875582064562
car,bo_tpe,11,11,26,0.9905875582064562
car,bo_tpe,11,11,27,0.9905875582064562
car,bo_tpe,11,11,28,0.9905875582064562
car,bo_tpe,11,11,29,0.9905875582064562
car,bo_tpe,11,11,30,0.9905875582064562
car,bo_tpe,11,11,31,0.9905875582064562
car,bo_tpe,11,11,32,0.9905875582064562
car,bo_tpe,11,11,33,0.9905875582064562
car,bo_tpe,11,11,34,0.9905875582064562
car,bo_tpe,11,11,35,0.9905875582064562
car,bo_tpe,11,11,36,0.9905875582064562
car,bo_tpe,11,11,37,0.9905875582064562
car,bo_tpe,11,11,38,0.9905875582064562
car,bo_tpe,11,11,39,0.9905875582064562
car,bo_tpe,11,11,40,0.9905875582064562
car,bo_tpe,11,11,41,0.9905875582064562
car,bo_tpe,11,11,42,0.9905875582064562
car,bo_tpe,11,11,43,0.9905875582064562
car,bo_tpe,11,11,44,0.9905875582064562
car,bo_tpe,11,11,45,0.9905875582064562
car,bo_tpe,11,11,46,0.9905875582064562
car,bo_tpe,11,11,47,0.9905875582064562
car,bo_tpe,11,11,48,0.9905875582064562
car,bo_tpe,11,11,49,0.9905875582064562
car,bo_tpe,11,11,50,0.9905875582064562
car,bo_tpe,11,11,51,0.9905875582064562
car,bo_tpe,11,11,52,0.9905875582064562
car,bo_tpe,11,11,53,0.9905875582064562
car,bo_tpe,11,11,54,0.9905875582064562
car,bo_tpe,11,11,55,0.9905875582064562
car,bo_tpe,11,11,56,0.9905875582064562
car,bo_tpe,11,11,57,0.9905875582064562
car,bo_tpe,11,11,58,0.9905875582064562
car,bo_tpe,11,11,59,0.9905875582064562
car,bo_tpe,11,11,60,0.9905875582064562
car,bo_tpe,11,11,61,0.9905875582064562
car,bo_tpe,11,11,62,0.9905875582064562
car,bo_tpe,11,11,63,0.9905875582064562
car,bo_tpe,11,11,64,0.9905875582064562
car,bo_tpe,11,11,65,0.9905875582064562
car,bo_tpe,11,11,66,0.9905875582064562
car,bo_tpe,11,11,67,0.9905875582064562
car,bo_tpe,11,11,68,0.9905875582064562
car,bo_tpe,11,11,69,0.9905875582064562
car,bo_tpe,11,11,70,0.9905875582064562
car,bo_tpe,11,11,71,0.9905875582064562
car,bo_tpe,11,11,72,0.9905875582064562
car,bo_tpe,11,11,73,0.9905875582064562
car,bo_tpe,11,11,74,0.9905875582064562
car,bo_tpe,11,11,75,0.9905875582064562
car,bo_tpe,11,11,76,0.9905875582064562
car,bo_tpe,11,11,77,0.9905875582064562
car,bo_tpe,11,11,78,0.9905875582064562
car,bo_tpe,11,11,79,0.9905875582064562
car,bo_tpe,11,11,80,0.9905875582064562
car,bo_tpe,11,11,81,0.9905875582064562
car,bo_tpe,11,11,82,0.9905875582064562
car,bo_tpe,11,11,83,0.9905875582064562
car,bo_tpe,11,11,84,0.9905875582064562
car,bo_tpe,11,11,85,0.9905875582064562
car,bo_tpe,11,11,86,0.9905875582064562
car,bo_tpe,11,11,87,0.9905875582064562
car,bo_tpe,11,11,88,0.9905875582064562
car,bo_tpe,11,11,89,0.9905875582064562
car,bo_tpe,11,11,90,0.9905875582064562
car,bo_tpe,11,11,91,0.9905875582064562
car,bo_tpe,11,11,92,0.9905875582064562
car,bo_tpe,11,11,93,0.9905875582064562
car,bo_tpe,11,11,94,0.9905875582064562
car,bo_tpe,11,11,95,0.9905875582064562
car,bo_tpe,11,11,96,0.9905875582064562
car,bo_tpe,11,11,97,0.9905875582064562
car,bo_tpe,11,11,98,0.9905875582064562
car,bo_tpe,11,11,99,0.9905875582064562
car,bo_tpe,11,11,100,0.9905875582064562
car,pso,11,11,1,0.7004342594045937
car,pso,11,11,2,0.9855150944383404
car,pso,11,11,3,0.9855150944383404
car,pso,11,11,4,0.9855150944383404
car,pso,11,11,5,0.9855150944383404
car,pso,11,11,6,0.9855150944383404
car,pso,11,11,7,0.9855150944383404
car,pso,11,11,8,0.9855150944383404
car,pso,11,11,9,0.988413645162978
car,pso,11,11,10,0.988413645162978
car,pso,11,11,11,0.988413645162978
car,pso,11,11,12,0.988413645162978
car,pso,11,11,13,0.988413645162978
car,pso,11,11,14,0.988413645162978
car,pso,11,11,15,0.988413645162978
car,pso,11,11,16,0.988413645162978
car,pso,11,11,17,0.988413645162978
car,pso,11,11,18,0.988413645162978
car,pso,11,11,19,0.988413645162978
car,pso,11,11,20,0.988413645162978
car,pso,11,11,21,0.988413645162978
car,pso,11,11,22,0.9891408988646472
car,pso,11,11,23,0.9891408988646472
car,pso,11,11,24,0.9891408988646472
car,pso,11,11,25,0.9891408988646472
car,pso,11,11,26,0.9891408988646472
car,pso,11,11,27,0.9891408988646472
car,pso,11,11,28,0.9891408988646472
car,pso,11,11,29,0.9891408988646472
car,pso,11,11,30,0.9891408988646472
car,pso,11,11,31,0.9891408988646472
car,pso,11,11,32,0.9891408988646472
car,pso,11,11,33,0.9891408988646472
car,pso,11,11,34,0.9891408988646472
car,pso,11,11,35,0.9905875582064562
car,pso,11,11,36,0.9905875582064562
car,pso,11,11,37,0.9905875582064562
car,pso,11,11,38,0.9905875582064562
car,pso,11,11,39,0.9905875582064562
car,pso,11,11,40,0.9905875582064562
car,pso,11,11,41,0.9905875582064562
car,pso,11,11,42,0.9905875582064562
car,pso,11,11,43,0.9905875582064562
car,pso,11,11,44,0.9905875582064562
car,pso,11,11,45,0.9905875582064562
car,pso,11,11,46,0.9905875582064562
car,pso,11,11,47,0.9905875582064562
car,pso,11,11,48,0.9905875582064562
car,pso,11,11,49,0.9905875582064562
car,pso,11,11,50,0.9905875582064562
car,pso,11,11,51,0.9905875582064562
car,pso,11,11,52,0.9905875582064562
car,pso,11,11,53,0.9905875582064562
car,pso,11,11,54,0.9905875582064562
car,pso,11,11,55,0.9905875582064562
car,pso,11,11,56,0.9905875582064562
car,pso,11,11,57,0.9905875582064562
car,pso,11,11,58,0.9905875582064562
car,pso,11,11,59,0.9905875582064562
car,pso,11,11,60,0.9905875582064562
car,pso,11,11,61,0.9905875582064562
car,pso,11,11,62,0.9905875582064562
car,pso,11,11,63,0.9905875582064562
car,pso,11,11,64,0.9905875582064562
car,pso,11,11,65,0.9905875582064562
car,pso,11,11,66,0.9905875582064562
car,pso,11,11,67,0.9905875582064562
car,pso,11,11,68,0.9905875582064562
car,pso,11,11,69,0.9905875582064562
car,pso,11,11,70,0.9905875582064562
car,pso,11,11,71,0.9905875582064562
car,pso,11,11,72,0.9905875582064562
car,pso,11,11,73,0.9905875582064562
car,pso,11,11,74,0.9905875582064562
car,pso,11,11,75,0.9905875582064562
car,pso,11,11,76,0.9905875582064562
car,pso,11,11,77,0.9905875582064562
car,pso,11,11,78,0.9905875582064562
car,pso,11,11,79,0.9905875582064562
car,pso,11,11,80,0.9905875582064562
car,pso,11,11,81,0.9905875582064562
car,pso,11,11,82,0.9905875582064562
car,pso,11,11,83,0.9905875582064562
car,pso,11,11,84,0.9905875582064562
car,pso,11,11,85,0.9905875582064562
car,pso,11,11,86,0.9905875582064562
car,pso,11,11,87,0.9905875582064562
car,pso,11,11,88,0.9905875582064562
car,pso,11,11,89,0.9905875582064562
car,pso,11,11,90,0.9905875582064562
car,pso,11,11,91,0.9905875582064562
car,pso,11,11,92,0.9905875582064562
car,pso,11,11,93,0.9905875582064562
car,pso,11,11,94,0.9905875582064562
car,pso,11,11,95,0.9905875582064562
car,pso,11,11,96,0.9905875582064562
car,pso,11,11,97,0.9905875582064562
car,pso,11,11,98,0.9905875582064562
car,pso,11,11,99,0.9905875582064562
car,pso,11,11,100,0.9905875582064562
car,de,11,11,1,0.7945063569298384
car,de,11,11,2,0.8639617014597395
car,de,11,11,3,0.8639617014597395
car,de,11,11,4,0.8639617014597395
car,de,11,11,5,0.9833516454769006
car,de,11,11,6,0.9833516454769006
car,de,11,11,7,0.9833516454769006
car,de,11,11,8,0.9833516454769006
car,de,11,11,9,0.9905875582064562
car,de,11,11,10,0.9905875582064562
car,de,11,11,11,0.9905875582064562
car,de,11,11,12,0.9905875582064562
car,de,11,11,13,0.9905875582064562
car,de,11,11,14,0.9905875582064562
car,de,11,11,15,0.9905875582064562
car,de,11,11,16,0.9905875582064562
car,de,11,11,17,0.9905875582064562
car,de,11,11,18,0.9905875582064562
car,de,11,11,19,0.9905875582064562
car,de,11,11,20,0.9905875582064562
car,de,11,11,21,0.9905875582064562
car,de,11,11,22,0.9905875582064562
car,de,11,11,23,0.9905875582064562
car,de,11,11,24,0.9905875582064562
car,de,11,11,25,0.9905875582064562
car,de,11,11,26,0.9905875582064562
car,de,11,11,27,0.9905875582064562
car,de,11,11,28,0.9905875582064562
car,de,11,11,29,0.9905875582064562
car,de,11,11,30,0.9905875582064562
car,de,11,11,31,0.9905875582064562
car,de,11,11,32,0.9905875582064562
car,de,11,11,33,0.9905875582064562
car,de,11,11,34,0.9905875582064562
car,de,11,11,35,0.9905875582064562
car,de,11,11,36,0.9905875582064562
car,de,11,11,37,0.9905875582064562
car,de,11,11,38,0.9905875582064562
car,de,11,11,39,0.9905875582064562
car,de,11,11,40,0.9905875582064562
car,de,11,11,41,0.9905875582064562
car,de,11,11,42,0.9905875582064562
car,de,11,11,43,0.9905875582064562
car,de,11,11,44,0.9905875582064562
car,de,11,11,45,0.9905875582064562
car,de,11,11,46,0.9905875582064562
car,de,11,11,47,0.9905875582064562
car,de,11,11,48,0.9905875582064562
car,de,11,11,49,0.9905875582064562
car,de,11,11,50,0.9905875582064562
car,de,11,11,51,0.9905875582064562
car,de,11,11,52,0.9905875582064562
car,de,11,11,53,0.9905875582064562
car,de,11,11,54,0.9905875582064562
car,de,11,11,55,0.9905875582064562
car,de,11,11,56,0.9905875582064562
car,de,11,11,57,0.9905875582064562
car,de,11,11,58,0.9905875582064562
car,de,11,11,59,0.9905875582064562
car,de,11,11,60,0.9905875582064562
car,de,11,11,61,0.9905875582064562
car,de,11,11,62,0.9905875582064562
car,de,11,11,63,0.9905875582064562
car,de,11,11,64,0.9905875582064562
car,de,11,11,65,0.9905875582064562
car,de,11,11,66,0.9905875582064562
car,de,11,11,67,0.9905875582064562
car,de,11,11,68,0.9905875582064562
car,de,11,11,69,0.9905875582064562
car,de,11,11,70,0.9905875582064562
car,de,11,11,71,0.9905875582064562
car,de,11,11,72,0.9905875582064562
car,de,11,11,73,0.9905875582064562
car,de,11,11,74,0.9905875582064562
car,de,11,11,75,0.9905875582064562
car,de,11,11,76,0.9905875582064562
car,de,11,11,77,0.9905875582064562
car,de,11,11,78,0.9905875582064562
car,de,11,11,79,0.9905875582064562
car,de,11,11,80,0.9905875582064562
car,de,11,11,81,0.9905875582064562
car,de,11,11,82,0.9905875582064562
car,de,11,11,83,0.9905875582064562
car,de,11,11,84,0.9905875582064562
car,de,11,11,85,0.9905875582064562
car,de,11,11,86,0.9905875582064562
car,de,11,11,87,0.9905875582064562
car,de,11,11,88,0.9905875582064562
car,de,11,11,89,0.9905875582064562
car,de,11,11,90,0.9905875582064562
car,de,11,11,91,0.9905875582064562
car,de,11,11,92,0.9905875582064562
car,de,11,11,93,0.9905875582064562
car,de,11,11,94,0.9905875582064562
car,de,11,11,95,0.9905875582064562
car,de,11,11,96,0.9905875582064562
car,de,11,11,97,0.9905875582064562
car,de,11,11,98,0.9905875582064562
car,de,11,11,99,0.9905875582064562
car,de,11,11,100,0.9905875582064562
car,ga,11,11,1,0.7945063569298384
car,ga,11,11,2,0.8639617014597395
car,ga,11,11,3,0.8639617014597395
car,ga,11,11,4,0.8639617014597395
car,ga,11,11,5,0.9833516454769006
car,ga,11,11,6,0.9833516454769006
car,ga,11,11,7,0.9833516454769006
car,ga,11,11,8,0.9833516454769006
car,ga,11,11,9,0.9905875582064562
car,ga,11,11,10,0.9905875582064562
car,ga,11,11,11,0.9905875582064562
car,ga,11,11,12,0.9905875582064562
car,ga,11,11,13,0.9905875582064562
car,ga,11,11,14,0.9905875582064562
car,ga,11,11,15,0.9905875582064562
car,ga,11,11,16,0.9905875582064562
car,ga,11,11,17,0.9905875582064562
car,ga,11,11,18,0.9905875582064562
car,ga,11,11,19,0.9905875582064562
car,ga,11,11,20,0.9905875582064562
car,ga,11,11,21,0.9905875582064562
car,ga,11,11,22,0.9905875582064562
car,ga,11,11,23,0.9905875582064562
car,ga,11,11,24,0.9905875582064562
car,ga,11,11,25,0.9905875582064562
car,ga,11,11,26,0.9905875582064562
car,ga,11,11,27,0.9905875582064562
car,ga,11,11,28,0.9905875582064562
car,ga,11,11,29,0.9905875582064562
car,ga,11,11,30,0.9905875582064562
car,ga,11,11,31,0.9905875582064562
car,ga,11,11,32,0.9905875582064562
car,ga,11,11,33,0.9905875582064562
car,ga,11,11,34,0.9905875582064562
car,ga,11,11,35,0.9905875582064562
car,ga,11,11,36,0.9905875582064562
car,ga,11,11,37,0.9905875582064562
car,ga,11,11,38,0.9905875582064562
car,ga,11,11,39,0.9905875582064562
car,ga,11,11,40,0.9905875582064562
car,ga,11,11,41,0.9905875582064562
car,ga,11,11,42,0.9905875582064562
car,ga,11,11,43,0.9905875582064562
car,ga,11,11,44,0.9905875582064562
car,ga,11,11,45,0.9905875582064562
car,ga,11,11,46,0.9905875582064562
car,ga,11,11,47,0.9905875582064562
car,ga,11,11,48,0.9905875582064562
car,ga,11,11,49,0.9905875582064562
car,ga,11,11,50,0.9905875582064562
car,ga,11,11,51,0.9905875582064562
car,ga,11,11,52,0.9905875582064562
car,ga,11,11,53,0.9905875582064562
car,ga,11,11,54,0.9905875582064562
car,ga,11,11,55,0.9905875582064562
car,ga,11,11,56,0.9905875582064562
car,ga,11,11,57,0.9905875582064562
car,ga,11,11,58,0.9905875582064562
car,ga,11,11,59,0.9905875582064562
car,ga,11,11,60,0.9905875582064562
car,ga,11,11,61,0.9905875582064562
car,ga,11,11,62,0.9905875582064562
car,ga,11,11,63,0.9905875582064562
car,ga,11,11,64,0.9905875582064562
car,ga,11,11,65,0.9905875582064562
car,ga,11,11,66,0.9905875582064562
car,ga,11,11,67,0.9905875582064562
car,ga,11,11,68,0.9905875582064562
car,ga,11,11,69,0.9905875582064562
car,ga,11,11,70,0.9905875582064562
car,ga,11,11,71,0.9905875582064562
car,ga,11,11,72,0.9905875582064562
car,ga,11,11,73,0.9905875582064562
car,ga,11,11,74,0.9905875582064562
car,ga,11,11,75,0.9905875582064562
car,ga,11,11,76,0.9905875582064562
car,ga,11,11,77,0.9905875582064562
car,ga,11,11,78,0.9905875582064562
car,ga,11,11,79,0.9905875582064562
car,ga,11,11,80,0.9905875582064562
car,ga,11,11,81,0.9905875582064562
car,ga,11,11,82,0.9905875582064562
car,ga,11,11,83,0.9905875582064562
car,ga,11,11,84,0.9905875582064562
car,ga,11,11,85,0.9905875582064562
car,ga,11,11,86,0.9905875582064562
car,ga,11,11,87,0.9905875582064562
car,ga,11,11,88,0.9905875582064562
car,ga,11,11,89,0.9905875582064562
car,ga,11,11,90,0.9905875582064562
car,ga,11,11,91,0.9905875582064562
car,ga,11,11,92,0.9905875582064562
car,ga,11,11,93,0.9905875582064562
car,ga,11,11,94,0.9905875582064562
car,ga,11,11,95,0.9905875582064562
car,ga,11,11,96,0.9905875582064562
car,ga,11,11,97,0.9905875582064562
car,ga,11,11,98,0.9905875582064562
car,ga,11,11,99,0.9905875582064562
car,ga,11,11,100,0.9905875582064562
car,sa,11,11,1,0.7004342594045937
car,sa,11,11,2,0.7004342594045937
car,sa,11,11,3,0.7004342594045937
car,sa,11,11,4,0.7004342594045937
car,sa,11,11,5,0.7004342594045937
car,sa,11,11,6,0.7004342594045937
car,sa,11,11,7,0.7004342594045937
car,sa,11,11,8,0.7004342594045937
car,sa,11,11,9,0.7004342594045937
car,sa,11,11,10,0.7004342594045937
car,sa,11,11,11,0.7004342594045937
car,sa,11,11,12,0.7004342594045937
car,sa,11,11,13,0.8538429341286037
car,sa,11,11,14,0.8878328886098468
car,sa,11,11,15,0.8936299900591221
car,sa,11,11,16,0.8936299900591221
car,sa,11,11,17,0.8936299900591221
car,sa,11,11,18,0.8936299900591221
car,sa,11,11,19,0.925464343640454
car,sa,11,11,20,0.9355935750536284
car,sa,11,11,21,0.9355935750536284
car,sa,11,11,22,0.9515251399570973
car,sa,11,11,23,0.9876916235023282
car,sa,11,11,24,0.9876916235023282
car,sa,11,11,25,0.9876916235023282
car,sa,11,11,26,0.9876916235023282
car,sa,11,11,27,0.9891382828441374
car,sa,11,11,28,0.9891382828441374
car,sa,11,11,29,0.9891382828441374
car,sa,11,11,30,0.9891382828441374
car,sa,11,11,31,0.9891382828441374
car,sa,11,11,32,0.9891382828441374
car,sa,11,11,33,0.9905875582064562
car,sa,11,11,34,0.9905875582064562
car,sa,11,11,35,0.9905875582064562
car,sa,11,11,36,0.9905875582064562
car,sa,11,11,37,0.9905875582064562
car,sa,11,11,38,0.9905875582064562
car,sa,11,11,39,0.9905875582064562
car,sa,11,11,40,0.9905875582064562
car,sa,11,11,41,0.9905875582064562
car,sa,11,11,42,0.9905875582064562
car,sa,11,11,43,0.9905875582064562
car,sa,11,11,44,0.9905875582064562
car,sa,11,11,45,0.9905875582064562
car,sa,11,11,46,0.9905875582064562
car,sa,11,11,47,0.9905875582064562
car,sa,11,11,48,0.9905875582064562
car,sa,11,11,49,0.9905875582064562
car,sa,11,11,50,0.9905875582064562
car,sa,11,11,51,0.9905875582064562
car,sa,11,11,52,0.9905875582064562
car,sa,11,11,53,0.9905875582064562
car,sa,11,11,54,0.9905875582064562
car,sa,11,11,55,0.9905875582064562
car,sa,11,11,56,0.9905875582064562
car,sa,11,11,57,0.9905875582064562
car,sa,11,11,58,0.9905875582064562
car,sa,11,11,59,0.9905875582064562
car,sa,11,11,60,0.9905875582064562
car,sa,11,11,61,0.9905875582064562
car,sa,11,11,62,0.9905875582064562
car,sa,11,11,63,0.9905875582064562
car,sa,11,11,64,0.9905875582064562
car,sa,11,11,65,0.9905875582064562
car,sa,11,11,66,0.9905875582064562
car,sa,11,11,67,0.9905875582064562
car,sa,11,11,68,0.9905875582064562
car,sa,11,11,69,0.9905875582064562
car,sa,11,11,70,0.9905875582064562
car,sa,11,11,71,0.9905875582064562
car,sa,11,11,72,0.9905875582064562
car,sa,11,11,73,0.9905875582064562
car,sa,11,11,74,0.9905875582064562
car,sa,11,11,75,0.9905875582064562
car,sa,11,11,76,0.9905875582064562
car,sa,11,11,77,0.9905875582064562
car,sa,11,11,78,0.9905875582064562
car,sa,11,11,79,0.9905875582064562
car,sa,11,11,80,0.9905875582064562
car,sa,11,11,81,0.9905875582064562
car,sa,11,11,82,0.9905875582064562
car,sa,11,11,83,0.9905875582064562
car,sa,11,11,84,0.9905875582064562
car,sa,11,11,85,0.9905875582064562
car,sa,11,11,86,0.9905875582064562
car,sa,11,11,87,0.9905875582064562
car,sa,11,11,88,0.9905875582064562
car,sa,11,11,89,0.9905875582064562
car,sa,11,11,90,0.9905875582064562
car,sa,11,11,91,0.9905875582064562
car,sa,11,11,92,0.9905875582064562
car,sa,11,11,93,0.9905875582064562
car,sa,11,11,94,0.9905875582064562
car,sa,11,11,95,0.9905875582064562
car,sa,11,11,96,0.9905875582064562
car,sa,11,11,97,0.9905875582064562
car,sa,11,11,98,0.9905875582064562
car,sa,11,11,99,0.9905875582064562
car,sa,11,11,100,0.9905875582064562
car,grid,12,12,1,0.7004342594045937
car,grid,12,12,2,0.7004342594045937
car,grid,12,12,3,0.7004342594045937
car,grid,12,12,4,0.7004342594045937
car,grid,12,12,5,0.7004342594045937
car,grid,12,12,6,0.7004342594045937
car,grid,12,12,7,0.7004342594045937
car,grid,12,12,8,0.7004342594045937
car,grid,12,12,9,0.7004342594045937
car,grid,12,12,10,0.7004342594045937
car,grid,12,12,11,0.7004342594045937
car,grid,12,12,12,0.7004342594045937
car,grid,12,12,13,0.7004342594045937
car,grid,12,12,14,0.7004342594045937
car,grid,12,12,15,0.7004342594045937
car,grid,12,12,16,0.8097106681316382
car,grid,12,12,17,0.8097106681316382
car,grid,12,12,18,0.8097106681316382
car,grid,12,12,19,0.8097106681316382
car,grid,12,12,20,0.8097106681316382
car,grid,12,12,21,0.8097106681316382
car,grid,12,12,22,0.8097106681316382
car,grid,12,12,23,0.8097106681316382
car,grid,12,12,24,0.8097106681316382
car,grid,12,12,25,0.8697404907654477
car,grid,12,12,26,0.9319913148119081
car,grid,12,12,27,0.9319913148119081
car,grid,12,12,28,0.9319913148119081
car,grid,12,12,29,0.9319913148119081
car,grid,12,12,30,0.9319913148119081
car,grid,12,12,31,0.9319913148119081
car,grid,12,12,32,0.9319913148119081
car,grid,12,12,33,0.9319913148119081
car,grid,12,12,34,0.9319913148119081
car,grid,12,12,35,0.9450086328676818
car,grid,12,12,36,0.9761157327473449
car,grid,12,12,37,0.9761157327473449
car,grid,12,12,38,0.9761157327473449
car,grid,12,12,39,0.9761157327473449
car,grid,12,12,40,0.9761157327473449
car,grid,12,12,41,0.9761157327473449
car,grid,12,12,42,0.9761157327473449
car,grid,12,12,43,0.9761157327473449
car,grid,12,12,44,0.9761157327473449
car,grid,12,12,45,0.9761157327473449
car,grid,12,12,46,0.988413645162978
car,grid,12,12,47,0.988413645162978
car,grid,12,12,48,0.988413645162978
car,grid,12,12,49,0.988413645162978
car,grid,12,12,50,0.988413645162978
car,grid,12,12,51,0.988413645162978
car,grid,12,12,52,0.988413645162978
car,grid,12,12,53,0.988413645162978
car,grid,12,12,54,0.988413645162978
car,grid,12,12,55,0.988413645162978
car,grid,12,12,56,0.988413645162978
car,grid,12,12,57,0.988413645162978
car,grid,12,12,58,0.988413645162978
car,grid,12,12,59,0.988413645162978
car,grid,12,12,60,0.988413645162978
car,grid,12,12,61,0.988413645162978
car,grid,12,12,62,0.988413645162978
car,grid,12,12,63,0.988413645162978
car,grid,12,12,64,0.988413645162978
car,grid,12,12,65,0.988413645162978
car,grid,12,12,66,0.988413645162978
car,grid,12,12,67,0.988413645162978
car,grid,12,12,68,0.988413645162978
car,grid,12,12,69,0.988413645162978
car,grid,12,12,70,0.988413645162978
car,grid,12,12,71,0.988413645162978
car,grid,12,12,72,0.988413645162978
car,grid,12,12,73,0.988413645162978
car,grid,12,12,74,0.988413645162978
car,grid,12,12,75,0.988413645162978
car,grid,12,12,76,0.988413645162978
car,grid,12,12,77,0.988413645162978
car,grid,12,12,78,0.988413645162978
car,grid,12,12,79,0.988413645162978
car,grid,12,12,80,0.988413645162978
car,grid,12,12,81,0.988413645162978
car,grid,12,12,82,0.988413645162978
car,grid,12,12,83,0.988413645162978
car,grid,12,12,84,0.988413645162978
car,grid,12,12,85,0.988413645162978
car,grid,12,12,86,0.988413645162978
car,grid,12,12,87,0.988413645162978
car,grid,12,12,88,0.988413645162978
car,grid,12,12,89,0.988413645162978
car,grid,12,12,90,0.988413645162978
car,grid,12,12,91,0.988413645162978
car,grid,12,12,92,0.988413645162978
car,grid,12,12,93,0.988413645162978
car,grid,12,12,94,0.988413645162978
car,grid,12,12,95,0.988413645162978
car,grid,12,12,96,0.988413645162978
car,grid,12,12,97,0.988413645162978
car,grid,12,12,98,0.988413645162978
car,grid,12,12,99,0.988413645162978
car,grid,12,12,100,0.988413645162978
car,random,12,12,1,0.7004342594045937
car,random,12,12,2,0.9500758645947783
car,random,12,12,3,0.9500758645947783
car,random,12,12,4,0.9500758645947783
car,random,12,12,5,0.9688719719562602
car,random,12,12,6,0.9732250300842358
car,random,12,12,7,0.9732250300842358
car,random,12,12,8,0.9732250300842358
car,random,12,12,9,0.9891408988646472
car,random,12,12,10,0.9891408988646472
car,random,12,12,11,0.9891408988646472
car,random,12,12,12,0.9891408988646472
car,random,12,12,13,0.9891408988646472
car,random,12,12,14,0.9891408988646472
car,random,12,12,15,0.9891408988646472
car,random,12,12,16,0.9891408988646472
car,random,12,12,17,0.9891408988646472
car,random,12,12,18,0.9891408988646472
car,random,12,12,19,0.9891408988646472
car,random,12,12,20,0.9891408988646472
car,random,12,12,21,0.9891408988646472
car,random,12,12,22,0.9891408988646472
car,random,12,12,23,0.9891408988646472
car,random,12,12,24,0.9891408988646472
car,random,12,12,25,0.9891408988646472
car,random,12,12,26,0.9891408988646472
car,random,12,12,27,0.9891408988646472
car,random,12,12,28,0.9891408988646472
car,random,12,12,29,0.9891408988646472
car,random,12,12,30,0.9891408988646472
car,random,12,12,31,0.9891408988646472
car,random,12,12,32,0.9891408988646472
car,random,12,12,33,0.9891408988646472
car,random,12,12,34,0.9891408988646472
car,random,12,12,35,0.9891408988646472
car,random,12,12,36,0.9891408988646472
car,random,12,12,37,0.9891408988646472
car,random,12,12,38,0.9891408988646472
car,random,12,12,39,0.9891408988646472
car,random,12,12,40,0.9891408988646472
car,random,12,12,41,0.9891408988646472
car,random,12,12,42,0.9891408988646472
car,random,12,12,43,0.9891408988646472
car,random,12,12,44,0.9891408988646472
car,random,12,12,45,0.9891408988646472
car,random,12,12,46,0.9891408988646472
car,random,12,12,47,0.9891408988646472
car,random,12,12,48,0.9891408988646472
car,random,12,12,49,0.9891408988646472
car,random,12,12,50,0.9891408988646472
car,random,12,12,51,0.9891408988646472
car,random,12,12,52,0.9891408988646472
car,random,12,12,53,0.9891408988646472
car,random,12,12,54,0.9891408988646472
car,random,12,12,55,0.9891408988646472
car,random,12,12,56,0.9891408988646472
car,random,12,12,57,0.9891408988646472
car,random,12,12,58,0.9891408988646472
car,random,12,12,59,0.9891408988646472
car,random,12,12,60,0.9891408988646472
car,random,12,12,61,0.9891408988646472
car,random,12,12,62,0.9891408988646472
car,random,12,12,63,0.9891408988646472
car,random,12,12,64,0.9891408988646472
car,random,12,12,65,0.9891408988646472
car,random,12,12,66,0.9891408988646472
car,random,12,12,67,0.9891408988646472
car,random,12,12,68,0.9891408988646472
car,random,12,12,69,0.9891408988646472
car,random,12,12,70,0.9891408988646472
car,random,12,12,71,0.9891408988646472
car,random,12,12,72,0.9891408988646472
car,random,12,12,73,0.9891408988646472
car,random,12,12,74,0.9905849421859466
car,random,12,12,75,0.9905849421859466
car,random,12,12,76,0.9905849421859466
car,random,12,12,77,0.9905849421859466
car,random,12,12,78,0.9905849421859466
car,random,12,12,79,0.9905849421859466
car,random,12,12,80,0.9905849421859466
car,random,12,12,81,0.9905849421859466
car,random,12,12,82,0.9905849421859466
car,random,12,12,83,0.9905849421859466
car,random,12,12,84,0.9905849421859466
car,random,12,12,85,0.9905849421859466
car,random,12,12,86,0.9905849421859466
car,random,12,12,87,0.9905849421859466
car,random,12,12,88,0.9905849421859466
car,random,12,12,89,0.9905875582064562
car,random,12,12,90,0.9905875582064562
car,random,12,12,91,0.9905875582064562
car,random,12,12,92,0.9905875582064562
car,random,12,12,93,0.9905875582064562
car,random,12,12,94,0.9905875582064562
car,random,12,12,95,0.9905875582064562
car,random,12,12,96,0.9905875582064562
car,random,12,12,97,0.9905875582064562
car,random,12,12,98,0.9905875582064562
car,random,12,12,99,0.9905875582064562
car,random,12,12,100,0.9905875582064562
car,bo_tpe,12,12,1,0.7004342594045937
car,bo_tpe,12,12,2,0.9500758645947783
car,bo_tpe,12,12,3,0.9500758645947783
car,bo_tpe,12,12,4,0.9500758645947783
car,bo_tpe,12,12,5,0.9688719719562602
car,bo_tpe,12,12,6,0.9732250300842358
car,bo_tpe,12,12,7,0.9732250300842358
car,bo_tpe,12,12,8,0.9732250300842358
car,bo_tpe,12,12,9,0.9891408988646472
car,bo_tpe,12,12,10,0.9891408988646472
car,bo_tpe,12,12,11,0.9891408988646472
car,bo_tpe,12,12,12,0.9891408988646472
car,bo_tpe,12,12,13,0.9891408988646472
car,bo_tpe,12,12,14,0.9891408988646472
car,bo_tpe,12,12,15,0.9891408988646472
car,bo_tpe,12,12,16,0.9891408988646472
car,bo_tpe,12,12,17,0.9891408988646472
car,bo_tpe,12,12,18,0.9891408988646472
car,bo_tpe,12,12,19,0.9891408988646472
car,bo_tpe,12,12,20,0.9891408988646472
car,bo_tpe,12,12,21,0.9891408988646472
car,bo_tpe,12,12,22,0.9891408988646472
car,bo_tpe,12,12,23,0.9891408988646472
car,bo_tpe,12,12,24,0.9891408988646472
car,bo_tpe,12,12,25,0.9891408988646472
car,bo_tpe,12,12,26,0.9891408988646472
car,bo_tpe,12,12,27,0.9891408988646472
car,bo_tpe,12,12,28,0.9891408988646472
car,bo_tpe,12,12,29,0.9891408988646472
car,bo_tpe,12,12,30,0.9891408988646472
car,bo_tpe,12,12,31,0.9905875582064562
car,bo_tpe,12,12,32,0.9905875582064562
car,bo_tpe,12,12,33,0.9905875582064562
car,bo_tpe,12,12,34,0.9905875582064562
car,bo_tpe,12,12,35,0.9905875582064562
car,bo_tpe,12,12,36,0.9905875582064562
car,bo_tpe,12,12,37,0.9905875582064562
car,bo_tpe,12,12,38,0.9905875582064562
car,bo_tpe,12,12,39,0.9905875582064562
car,bo_tpe,12,12,40,0.9905875582064562
car,bo_tpe,12,12,41,0.9905875582064562
car,bo_tpe,12,12,42,0.9905875582064562
car,bo_tpe,12,12,43,0.9905875582064562
car,bo_tpe,12,12,44,0.9905875582064562
car,bo_tpe,12,12,45,0.9905875582064562
car,bo_tpe,12,12,46,0.9905875582064562
car,bo_tpe,12,12,47,0.9905875582064562
car,bo_tpe,12,12,48,0.9905875582064562
car,bo_tpe,12,12,49,0.9905875582064562
car,bo_tpe,12,12,50,0.9905875582064562
car,bo_tpe,12,12,51,0.9905875582064562
car,bo_tpe,12,12,52,0.9905875582064562
car,bo_tpe,12,12,53,0.9905875582064562
car,bo_tpe,12,12,54,0.9905875582064562
car,bo_tpe,12,12,55,0.9905875582064562
car,bo_tpe,12,12,56,0.9905875582064562
car,bo_tpe,12,12,57,0.9905875582064562
car,bo_tpe,12,12,58,0.9905875582064562
car,bo_tpe,12,12,59,0.9905875582064562
car,bo_tpe,12,12,60,0.9905875582064562
car,bo_tpe,12,12,61,0.9905875582064562
car,bo_tpe,12,12,62,0.9905875582064562
car,bo_tpe,12,12,63,0.9905875582064562
car,bo_tpe,12,12,64,0.9905875582064562
car,bo_tpe,12,12,65,0.9905875582064562
car,bo_tpe,12,12,66,0.9905875582064562
car,bo_tpe,12,12,67,0.9905875582064562
car,bo_tpe,12,12,68,0.9905875582064562
car,bo_tpe,12,12,69,0.9905875582064562
car,bo_tpe,12,12,70,0.9905875582064562
car,bo_tpe,12,12,71,0.9905875582064562
car,bo_tpe,12,12,72,0.9905875582064562
car,bo_tpe,12,12,73,0.9905875582064562
car,bo_tpe,12,12,74,0.9905875582064562
car,bo_tpe,12,12,75,0.9905875582064562
car,bo_tpe,12,12,76,0.9905875582064562
car,bo_tpe,12,12,77,0.9905875582064562
car,bo_tpe,12,12,78,0.9905875582064562
car,bo_tpe,12,12,79,0.9905875582064562
car,bo_tpe,12,12,80,0.9905875582064562
car,bo_tpe,12,12,81,0.9905875582064562
car,bo_tpe,12,12,82,0.9905875582064562
car,bo_tpe,12,12,83,0.9905875582064562
car,bo_tpe,12,12,84,0.9905875582064562
car,bo_tpe,12,12,85,0.9905875582064562
car,bo_tpe,12,12,86,0.9905875582064562
car,bo_tpe,12,12,87,0.9905875582064562
car,bo_tpe,12,12,88,0.9905875582064562
car,bo_tpe,12,12,89,0.9905875582064562
car,bo_tpe,12,12,90,0.9905875582064562
car,bo_tpe,12,12,91,0.9905875582064562
car,bo_tpe,12,12,92,0.9905875582064562
car,bo_tpe,12,12,93,0.9905875582064562
car,bo_tpe,12,12,94,0.9905875582064562
car,bo_tpe,12,12,95,0.9905875582064562
car,bo_tpe,12,12,96,0.9905875582064562
car,bo_tpe,12,12,97,0.9905875582064562
car,bo_tpe,12,12,98,0.9905875582064562
car,bo_tpe,12,12,99,0.9905875582064562
car,bo_tpe,12,12,100,0.9905875582064562
car,pso,12,12,1,0.7004342594045937
car,pso,12,12,2,0.9355857269920996
car,pso,12,12,3,0.9355857269920996
car,pso,12,12,4,0.9544079945586773
car,pso,12,12,5,0.9544079945586773
car,pso,12,12,6,0.9544079945586773
car,pso,12,12,7,0.9594804583267932
car,pso,12,12,8,0.9746690734055354
car,pso,12,12,9,0.9746690734055354
car,pso,12,12,10,0.9746690734055354
car,pso,12,12,11,0.9746690734055354
car,pso,12,12,12,0.9746690734055354
car,pso,12,12,13,0.9746690734055354
car,pso,12,12,14,0.9905875582064562
car,pso,12,12,15,0.9905875582064562
car,pso,12,12,16,0.9905875582064562
car,pso,12,12,17,0.9905875582064562
car,pso,12,12,18,0.9905875582064562
car,pso,12,12,19,0.9905875582064562
car,pso,12,12,20,0.9905875582064562
car,pso,12,12,21,0.9905875582064562
car,pso,12,12,22,0.9905875582064562
car,pso,12,12,23,0.9905875582064562
car,pso,12,12,24,0.9905875582064562
car,pso,12,12,25,0.9905875582064562
car,pso,12,12,26,0.9905875582064562
car,pso,12,12,27,0.9905875582064562
car,pso,12,12,28,0.9905875582064562
car,pso,12,12,29,0.9905875582064562
car,pso,12,12,30,0.9905875582064562
car,pso,12,12,31,0.9905875582064562
car,pso,12,12,32,0.9905875582064562
car,pso,12,12,33,0.9905875582064562
car,pso,12,12,34,0.9905875582064562
car,pso,12,12,35,0.9905875582064562
car,pso,12,12,36,0.9905875582064562
car,pso,12,12,37,0.9905875582064562
car,pso,12,12,38,0.9905875582064562
car,pso,12,12,39,0.9905875582064562
car,pso,12,12,40,0.9905875582064562
car,pso,12,12,41,0.9905875582064562
car,pso,12,12,42,0.9905875582064562
car,pso,12,12,43,0.9905875582064562
car,pso,12,12,44,0.9905875582064562
car,pso,12,12,45,0.9905875582064562
car,pso,12,12,46,0.9905875582064562
car,pso,12,12,47,0.9905875582064562
car,pso,12,12,48,0.9905875582064562
car,pso,12,12,49,0.9905875582064562
car,pso,12,12,50,0.9905875582064562
car,pso,12,12,51,0.9905875582064562
car,pso,12,12,52,0.9905875582064562
car,pso,12,12,53,0.9905875582064562
car,pso,12,12,54,0.9905875582064562
car,pso,12,12,55,0.9905875582064562
car,pso,12,12,56,0.9905875582064562
car,pso,12,12,57,0.9905875582064562
car,pso,12,12,58,0.9905875582064562
car,pso,12,12,59,0.9905875582064562
car,pso,12,12,60,0.9905875582064562
car,pso,12,12,61,0.9905875582064562
car,pso,12,12,62,0.9905875582064562
car,pso,12,12,63,0.9905875582064562
car,pso,12,12,64,0.9905875582064562
car,pso,12,12,65,0.9905875582064562
car,pso,12,12,66,0.9905875582064562
car,pso,12,12,67,0.9905875582064562
car,pso,12,12,68,0.9905875582064562
car,pso,12,12,69,0.9905875582064562
car,pso,12,12,70,0.9905875582064562
car,pso,12,12,71,0.9905875582064562
car,pso,12,12,72,0.9905875582064562
car,pso,12,12,73,0.9905875582064562
car,pso,12,12,74,0.9905875582064562
car,pso,12,12,75,0.9905875582064562
car,pso,12,12,76,0.9905875582064562
car,pso,12,12,77,0.9905875582064562
car,pso,12,12,78,0.9905875582064562
car,pso,12,12,79,0.9905875582064562
car,pso,12,12,80,0.9905875582064562
car,pso,12,12,81,0.9905875582064562
car,pso,12,12,82,0.9905875582064562
car,pso,12,12,83,0.9905875582064562
car,pso,12,12,84,0.9905875582064562
car,pso,12,12,85,0.9905875582064562
car,pso,12,12,86,0.9905875582064562
car,pso,12,12,87,0.9905875582064562
car,pso,12,12,88,0.9905875582064562
car,pso,12,12,89,0.9905875582064562
car,pso,12,12,90,0.9905875582064562
car,pso,12,12,91,0.9905875582064562
car,pso,12,12,92,0.9905875582064562
car,pso,12,12,93,0.9905875582064562
car,pso,12,12,94,0.9905875582064562
car,pso,12,12,95,0.9905875582064562
car,pso,12,12,96,0.9905875582064562
car,pso,12,12,97,0.9905875582064562
car,pso,12,12,98,0.9905875582064562
car,pso,12,12,99,0.9905875582064562
car,pso,12,12,100,0.9905875582064562
car,de,12,12,1,0.7004342594045937
car,de,12,12,2,0.7004342594045937
car,de,12,12,3,0.8270758122743681
car,de,12,12,4,0.9240229163396642
car,de,12,12,5,0.9240229163396642
car,de,12,12,6,0.9240229163396642
car,de,12,12,7,0.9240229163396642
car,de,12,12,8,0.9659917333751895
car,de,12,12,9,0.9659917333751895
car,de,12,12,10,0.9659917333751895
car,de,12,12,11,0.9659917333751895
car,de,12,12,12,0.9659917333751895
car,de,12,12,13,0.9659917333751895
car,de,12,12,14,0.9659917333751895
car,de,12,12,15,0.9659917333751895
car,de,12,12,16,0.9681551823366294
car,de,12,12,17,0.9681551823366294
car,de,12,12,18,0.9681551823366294
car,de,12,12,19,0.9681551823366294
car,de,12,12,20,0.9681551823366294
car,de,12,12,21,0.9681551823366294
car,de,12,12,22,0.9681551823366294
car,de,12,12,23,0.9681551823366294
car,de,12,12,24,0.9681551823366294
car,de,12,12,25,0.9681551823366294
car,de,12,12,26,0.9905849421859466
car,de,12,12,27,0.9905849421859466
car,de,12,12,28,0.9905849421859466
car,de,12,12,29,0.9905849421859466
car,de,12,12,30,0.9905849421859466
car,de,12,12,31,0.9905849421859466
car,de,12,12,32,0.9905849421859466
car,de,12,12,33,0.9905849421859466
car,de,12,12,34,0.9905849421859466
car,de,12,12,35,0.9905849421859466
car,de,12,12,36,0.9905849421859466
car,de,12,12,37,0.9905849421859466
car,de,12,12,38,0.9905849421859466
car,de,12,12,39,0.9905849421859466
car,de,12,12,40,0.9905849421859466
car,de,12,12,41,0.9905849421859466
car,de,12,12,42,0.9905849421859466
car,de,12,12,43,0.9905849421859466
car,de,12,12,44,0.9905849421859466
car,de,12,12,45,0.9905849421859466
car,de,12,12,46,0.9905849421859466
car,de,12,12,47,0.9905849421859466
car,de,12,12,48,0.9905849421859466
car,de,12,12,49,0.9905849421859466
car,de,12,12,50,0.9905849421859466
car,de,12,12,51,0.9905849421859466
car,de,12,12,52,0.9905849421859466
car,de,12,12,53,0.9905849421859466
car,de,12,12,54,0.9905849421859466
car,de,12,12,55,0.9905849421859466
car,de,12,12,56,0.9905849421859466
car,de,12,12,57,0.9905849421859466
car,de,12,12,58,0.9905849421859466
car,de,12,12,59,0.9905849421859466
car,de,12,12,60,0.9905849421859466
car,de,12,12,61,0.9905849421859466
car,de,12,12,62,0.9905849421859466
car,de,12,12,63,0.9905849421859466
car,de,12,12,64,0.9905849421859466
car,de,12,12,65,0.9905849421859466
car,de,12,12,66,0.9905849421859466
car,de,12,12,67,0.9905849421859466
car,de,12,12,68,0.9905849421859466
car,de,12,12,69,0.9905849421859466
car,de,12,12,70,0.9905849421859466
car,de,12,12,71,0.9905849421859466
car,de,12,12,72,0.9905849421859466
car,de,12,12,73,0.9905849421859466
car,de,12,12,74,0.9905849421859466
car,de,12,12,75,0.9905849421859466
car,de,12,12,76,0.9905849421859466
car,de,12,12,77,0.9905875582064562
car,de,12,12,78,0.9905875582064562
car,de,12,12,79,0.9905875582064562
car,de,12,12,80,0.9905875582064562
car,de,12,12,81,0.9905875582064562
car,de,12,12,82,0.9905875582064562
car,de,12,12,83,0.9905875582064562
car,de,12,12,84,0.9905875582064562
car,de,12,12,85,0.9905875582064562
car,de,12,12,86,0.9905875582064562
car,de,12,12,87,0.9905875582064562
car,de,12,12,88,0.9905875582064562
car,de,12,12,89,0.9905875582064562
car,de,12,12,90,0.9905875582064562
car,de,12,12,91,0.9905875582064562
car,de,12,12,92,0.9905875582064562
car,de,12,12,93,0.9905875582064562
car,de,12,12,94,0.9905875582064562
car,de,12,12,95,0.9905875582064562
car,de,12,12,96,0.9905875582064562
car,de,12,12,97,0.9905875582064562
car,de,12,12,98,0.9905875582064562
car,de,12,12,99,0.9905875582064562
car,de,12,12,100,0.9905875582064562
car,ga,12,12,1,0.7004342594045937
car,ga,12,12,2,0.7004342594045937
car,ga,12,12,3,0.8270758122743681
car,ga,12,12,4,0.9240229163396642
car,ga,12,12,5,0.9240229163396642
car,ga,12,12,6,0.9240229163396642
car,ga,12,12,7,0.9240229163396642
car,ga,12,12,8,0.9659917333751895
car,ga,12,12,9,0.9659917333751895
car,ga,12,12,10,0.9659917333751895
car,ga,12,12,11,0.9659917333751895
car,ga,12,12,12,0.9659917333751895
car,ga,12,12,13,0.9659917333751895
car,ga,12,12,14,0.9659917333751895
car,ga,12,12,15,0.9659917333751895
car,ga,12,12,16,0.9681551823366294
car,ga,12,12,17,0.9681551823366294
car,ga,12,12,18,0.9681551823366294
car,ga,12,12,19,0.9681551823366294
car,ga,12,12,20,0.9681551823366294
car,ga,12,12,21,0.9869643698006593
car,ga,12,12,22,0.9869643698006593
car,ga,12,12,23,0.9869643698006593
car,ga,12,12,24,0.9869643698006593
car,ga,12,12,25,0.9869643698006593
car,ga,12,12,26,0.9869643698006593
car,ga,12,12,27,0.9869643698006593
car,ga,12,12,28,0.9869643698006593
car,ga,12,12,29,0.9869643698006593
car,ga,12,12,30,0.9869643698006593
car,ga,12,12,31,0.9869643698006593
car,ga,12,12,32,0.9869643698006593
car,ga,12,12,33,0.9869643698006593
car,ga,12,12,34,0.9869643698006593
car,ga,12,12,35,0.9869643698006593
car,ga,12,12,36,0.9869643698006593
car,ga,12,12,37,0.9869643698006593
car,ga,12,12,38,0.9869643698006593
car,ga,12,12,39,0.9869643698006593
car,ga,12,12,40,0.9869643698006593
car,ga,12,12,41,0.9869643698006593
car,ga,12,12,42,0.9869643698006593
car,ga,12,12,43,0.9869643698006593
car,ga,12,12,44,0.9869643698006593
car,ga,12,12,45,0.9869643698006593
car,ga,12,12,46,0.9869643698006593
car,ga,12,12,47,0.9869643698006593
car,ga,12,12,48,0.9869643698006593
car,ga,12,12,49,0.9869643698006593
car,ga,12,12,50,0.9869643698006593
car,ga,12,12,51,0.9876890074818186
car,ga,12,12,52,0.9876890074818186
car,ga,12,12,53,0.9876890074818186
car,ga,12,12,54,0.9876890074818186
car,ga,12,12,55,0.9876890074818186
car,ga,12,12,56,0.9876890074818186
car,ga,12,12,57,0.9876890074818186
car,ga,12,12,58,0.9876890074818186
car,ga,12,12,59,0.9876890074818186
car,ga,12,12,60,0.9876890074818186
car,ga,12,12,61,0.9876890074818186
car,ga,12,12,62,0.9876890074818186
car,ga,12,12,63,0.9876890074818186
car,ga,12,12,64,0.9876890074818186
car,ga,12,12,65,0.9876890074818186
car,ga,12,12,66,0.9876890074818186
car,ga,12,12,67,0.9876890074818186
car,ga,12,12,68,0.9876890074818186
car,ga,12,12,69,0.9876890074818186
car,ga,12,12,70,0.9876890074818186
car,ga,12,12,71,0.9876890074818186
car,ga,12,12,72,0.9876890074818186
car,ga,12,12,73,0.9876890074818186
car,ga,12,12,74,0.9876890074818186
car,ga,12,12,75,0.9876890074818186
car,ga,12,12,76,0.9876890074818186
car,ga,12,12,77,0.9876890074818186
car,ga,12,12,78,0.9876890074818186
car,ga,12,12,79,0.9876890074818186
car,ga,12,12,80,0.9876890074818186
car,ga,12,12,81,0.9876890074818186
car,ga,12,12,82,0.9876890074818186
car,ga,12,12,83,0.9876890074818186
car,ga,12,12,84,0.9876890074818186
car,ga,12,12,85,0.9876890074818186
car,ga,12,12,86,0.9876890074818186
car,ga,12,12,87,0.9876890074818186
car,ga,12,12,88,0.9876890074818186
car,ga,12,12,89,0.9876890074818186
car,ga,12,12,90,0.9876890074818186
car,ga,12,12,91,0.9876890074818186
car,ga,12,12,92,0.9876890074818186
car,ga,12,12,93,0.9876890074818186
car,ga,12,12,94,0.9876890074818186
car,ga,12,12,95,0.9876890074818186
car,ga,12,12,96,0.9876890074818186
car,ga,12,12,97,0.9876890074818186
car,ga,12,12,98,0.9876890074818186
car,ga,12,12,99,0.9876890074818186
car,ga,12,12,100,0.9876890074818186
car,sa,12,12,1,0.7004342594045937
car,sa,12,12,2,0.9073745618165647
car,sa,12,12,3,0.9073745618165647
car,sa,12,12,4,0.9536938209595563
car,sa,12,12,5,0.9638152043112017
car,sa,12,12,6,0.986244964160519
car,sa,12,12,7,0.9905849421859466
car,sa,12,12,8,0.9905849421859466
car,sa,12,12,9,0.9905849421859466
car,sa,12,12,10,0.9905849421859466
car,sa,12,12,11,0.9905849421859466
car,sa,12,12,12,0.9905849421859466
car,sa,12,12,13,0.9905849421859466
car,sa,12,12,14,0.9905849421859466
car,sa,12,12,15,0.9905849421859466
car,sa,12,12,16,0.9905849421859466
car,sa,12,12,17,0.9905849421859466
car,sa,12,12,18,0.9905849421859466
car,sa,12,12,19,0.9905849421859466
car,sa,12,12,20,0.9905849421859466
car,sa,12,12,21,0.9905849421859466
car,sa,12,12,22,0.9905849421859466
car,sa,12,12,23,0.9905849421859466
car,sa,12,12,24,0.9905849421859466
car,sa,12,12,25,0.9905849421859466
car,sa,12,12,26,0.9905849421859466
car,sa,12,12,27,0.9905849421859466
car,sa,12,12,28,0.9905849421859466
car,sa,12,12,29,0.9905849421859466
car,sa,12,12,30,0.9905849421859466
car,sa,12,12,31,0.9905849421859466
car,sa,12,12,32,0.9905849421859466
car,sa,12,12,33,0.9905849421859466
car,sa,12,12,34,0.9905849421859466
car,sa,12,12,35,0.9905849421859466
car,sa,12,12,36,0.9905849421859466
car,sa,12,12,37,0.9905849421859466
car,sa,12,12,38,0.9905849421859466
car,sa,12,12,39,0.9905849421859466
car,sa,12,12,40,0.9905849421859466
car,sa,12,12,41,0.9905849421859466
car,sa,12,12,42,0.9905849421859466
car,sa,12,12,43,0.9905849421859466
car,sa,12,12,44,0.9905849421859466
car,sa,12,12,45,0.9905849421859466
car,sa,12,12,46,0.9905849421859466
car,sa,12,12,47,0.9905849421859466
car,sa,12,12,48,0.9905849421859466
car,sa,12,12,49,0.9905849421859466
car,sa,12,12,50,0.9905849421859466
car,sa,12,12,51,0.9905849421859466
car,sa,12,12,52,0.9905849421859466
car,sa,12,12,53,0.9905849421859466
car,sa,12,12,54,0.9905875582064562
car,sa,12,12,55,0.9905875582064562
car,sa,12,12,56,0.9905875582064562
car,sa,12,12,57,0.9905875582064562
car,sa,12,12,58,0.9905875582064562
car,sa,12,12,59,0.9905875582064562
car,sa,12,12,60,0.9905875582064562
car,sa,12,12,61,0.9905875582064562
car,sa,12,12,62,0.9905875582064562
car,sa,12,12,63,0.9905875582064562
car,sa,12,12,64,0.9905875582064562
car,sa,12,12,65,0.9905875582064562
car,sa,12,12,66,0.9905875582064562
car,sa,12,12,67,0.9905875582064562
car,sa,12,12,68,0.9905875582064562
car,sa,12,12,69,0.9905875582064562
car,sa,12,12,70,0.9905875582064562
car,sa,12,12,71,0.9905875582064562
car,sa,12,12,72,0.9905875582064562
car,sa,12,12,73,0.9905875582064562
car,sa,12,12,74,0.9905875582064562
car,sa,12,12,75,0.9905875582064562
car,sa,12,12,76,0.9905875582064562
car,sa,12,12,77,0.9905875582064562
car,sa,12,12,78,0.9905875582064562
car,sa,12,12,79,0.9905875582064562
car,sa,12,12,80,0.9905875582064562
car,sa,12,12,81,0.9905875582064562
car,sa,12,12,82,0.9905875582064562
car,sa,12,12,83,0.9905875582064562
car,sa,12,12,84,0.9905875582064562
car,sa,12,12,85,0.9905875582064562
car,sa,12,12,86,0.9905875582064562
car,sa,12,12,87,0.9905875582064562
car,sa,12,12,88,0.9905875582064562
car,sa,12,12,89,0.9905875582064562
car,sa,12,12,90,0.9905875582064562
car,sa,12,12,91,0.9905875582064562
car,sa,12,12,92,0.9905875582064562
car,sa,12,12,93,0.9905875582064562
car,sa,12,12,94,0.9905875582064562
car,sa,12,12,95,0.9905875582064562
car,sa,12,12,96,0.9905875582064562
car,sa,12,12,97,0.9905875582064562
car,sa,12,12,98,0.9905875582064562
car,sa,12,12,99,0.9905875582064562
car,sa,12,12,100,0.9905875582064562
car,grid,13,13,1,0.7004342594045937
car,grid,13,13,2,0.7004342594045937
car,grid,13,13,3,0.7004342594045937
car,grid,13,13,4,0.7004342594045937
car,grid,13,13,5,0.7004342594045937
car,grid,13,13,6,0.7004342594045937
car,grid,13,13,7,0.7004342594045937
car,grid,13,13,8,0.7004342594045937
car,grid,13,13,9,0.7004342594045937
car,grid,13,13,10,0.7004342594045937
car,grid,13,13,11,0.7004342594045937
car,grid,13,13,12,0.7004342594045937
car,grid,13,13,13,0.7004342594045937
car,grid,13,13,14,0.7004342594045937
car,grid,13,13,15,0.7004342594045937
car,grid,13,13,16,0.8097106681316382
car,grid,13,13,17,0.8097106681316382
car,grid,13,13,18,0.8097106681316382
car,grid,13,13,19,0.8097106681316382
car,grid,13,13,20,0.8097106681316382
car,grid,13,13,21,0.8097106681316382
car,grid,13,13,22,0.8097106681316382
car,grid,13,13,23,0.8097106681316382
car,grid,13,13,24,0.8097106681316382
car,grid,13,13,25,0.8697404907654477
car,grid,13,13,26,0.9319913148119081
car,grid,13,13,27,0.9319913148119081
car,grid,13,13,28,0.9319913148119081
car,grid,13,13,29,0.9319913148119081
car,grid,13,13,30,0.9319913148119081
car,grid,13,13,31,0.9319913148119081
car,grid,13,13,32,0.9319913148119081
car,grid,13,13,33,0.9319913148119081
car,grid,13,13,34,0.9319913148119081
car,grid,13,13,35,0.9450086328676818
car,grid,13,13,36,0.9761157327473449
car,grid,13,13,37,0.9761157327473449
car,grid,13,13,38,0.9761157327473449
car,grid,13,13,39,0.9761157327473449
car,grid,13,13,40,0.9761157327473449
car,grid,13,13,41,0.9761157327473449
car,grid,13,13,42,0.9761157327473449
car,grid,13,13,43,0.9761157327473449
car,grid,13,13,44,0.9761157327473449
car,grid,13,13,45,0.9761157327473449
car,grid,13,13,46,0.988413645162978
car,grid,13,13,47,0.988413645162978
car,grid,13,13,48,0.988413645162978
car,grid,13,13,49,0.988413645162978
car,grid,13,13,50,0.988413645162978
car,grid,13,13,51,0.988413645162978
car,grid,13,13,52,0.988413645162978
car,grid,13,13,53,0.988413645162978
car,grid,13,13,54,0.988413645162978
car,grid,13,13,55,0.988413645162978
car,grid,13,13,56,0.988413645162978
car,grid,13,13,57,0.988413645162978
car,grid,13,13,58,0.988413645162978
car,grid,13,13,59,0.988413645162978
car,grid,13,13,60,0.988413645162978
car,grid,13,13,61,0.988413645162978
car,grid,13,13,62,0.988413645162978
car,grid,13,13,63,0.988413645162978
car,grid,13,13,64,0.988413645162978
car,grid,13,13,65,0.988413645162978
car,grid,13,13,66,0.988413645162978
car,grid,13,13,67,0.988413645162978
car,grid,13,13,68,0.988413645162978
car,grid,13,13,69,0.988413645162978
car,grid,13,13,70,0.988413645162978
car,grid,13,13,71,0.988413645162978
car,grid,13,13,72,0.988413645162978
car,grid,13,13,73,0.988413645162978
car,grid,13,13,74,0.988413645162978
car,grid,13,13,75,0.988413645162978
car,grid,13,13,76,0.988413645162978
car,grid,13,13,77,0.988413645162978
car,grid,13,13,78,0.988413645162978
car,grid,13,13,79,0.988413645162978
car,grid,13,13,80,0.988413645162978
car,grid,13,13,81,0.988413645162978
car,grid,13,13,82,0.988413645162978
car,grid,13,13,83,0.988413645162978
car,grid,13,13,84,0.988413645162978
car,grid,13,13,85,0.988413645162978
car,grid,13,13,86,0.988413645162978
car,grid,13,13,87,0.988413645162978
car,grid,13,13,88,0.988413645162978
car,grid,13,13,89,0.988413645162978
car,grid,13,13,90,0.988413645162978
car,grid,13,13,91,0.988413645162978
car,grid,13,13,92,0.988413645162978
car,grid,13,13,93,0.988413645162978
car,grid,13,13,94,0.988413645162978
car,grid,13,13,95,0.988413645162978
car,grid,13,13,96,0.988413645162978
car,grid,13,13,97,0.988413645162978
car,grid,13,13,98,0.988413645162978
car,grid,13,13,99,0.988413645162978
car,grid,13,13,100,0.988413645162978
car,random,13,13,1,0.9696018416784387
car,random,13,13,2,0.9696018416784387
car,random,13,13,3,0.988413645162978
car,random,13,13,4,0.988413645162978
car,random,13,13,5,0.988413645162978
car,random,13,13,6,0.988413645162978
car,random,13,13,7,0.988413645162978
car,random,13,13,8,0.988413645162978
car,random,13,13,9,0.988413645162978
car,random,13,13,10,0.988413645162978
car,random,13,13,11,0.988413645162978
car,random,13,13,12,0.988413645162978
car,random,13,13,13,0.988413645162978
car,random,13,13,14,0.988413645162978
car,random,13,13,15,0.988413645162978
car,random,13,13,16,0.988413645162978
car,random,13,13,17,0.9905875582064562
car,random,13,13,18,0.9905875582064562
car,random,13,13,19,0.9905875582064562
car,random,13,13,20,0.9905875582064562
car,random,13,13,21,0.9905875582064562
car,random,13,13,22,0.9905875582064562
car,random,13,13,23,0.9905875582064562
car,random,13,13,24,0.9905875582064562
car,random,13,13,25,0.9905875582064562
car,random,13,13,26,0.9905875582064562
car,random,13,13,27,0.9905875582064562
car,random,13,13,28,0.9905875582064562
car,random,13,13,29,0.9905875582064562
car,random,13,13,30,0.9905875582064562
car,random,13,13,31,0.9905875582064562
car,random,13,13,32,0.9905875582064562
car,random,13,13,33,0.9905875582064562
car,random,13,13,34,0.9905875582064562
car,random,13,13,35,0.9905875582064562
car,random,13,13,36,0.9905875582064562
car,random,13,13,37,0.9905875582064562
car,random,13,13,38,0.9905875582064562
car,random,13,13,39,0.9905875582064562
car,random,13,13,40,0.9905875582064562
car,random,13,13,41,0.9905875582064562
car,random,13,13,42,0.9905875582064562
car,random,13,13,43,0.9905875582064562
car,random,13,13,44,0.9905875582064562
car,random,13,13,45,0.9905875582064562
car,random,13,13,46,0.9905875582064562
car,random,13,13,47,0.9905875582064562
car,random,13,13,48,0.9905875582064562
car,random,13,13,49,0.9905875582064562
car,random,13,13,50,0.9905875582064562
car,random,13,13,51,0.9905875582064562
car,random,13,13,52,0.9905875582064562
car,random,13,13,53,0.9905875582064562
car,random,13,13,54,0.9905875582064562
car,random,13,13,55,0.9905875582064562
car,random,13,13,56,0.9905875582064562
car,random,13,13,57,0.9905875582064562
car,random,13,13,58,0.9905875582064562
car,random,13,13,59,0.9905875582064562
car,random,13,13,60,0.9905875582064562
car,random,13,13,61,0.9905875582064562
car,random,13,13,62,0.9905875582064562
car,random,13,13,63,0.9905875582064562
car,random,13,13,64,0.9905875582064562
car,random,13,13,65,0.9905875582064562
car,random,13,13,66,0.9905875582064562
car,random,13,13,67,0.9905875582064562
car,random,13,13,68,0.9905875582064562
car,random,13,13,69,0.9905875582064562
car,random,13,13,70,0.9905875582064562
car,random,13,13,71,0.9905875582064562
car,random,13,13,72,0.9905875582064562
car,random,13,13,73,0.9905875582064562
car,random,13,13,74,0.9905875582064562
car,random,13,13,75,0.9905875582064562
car,random,13,13,76,0.9905875582064562
car,random,13,13,77,0.9905875582064562
car,random,13,13,78,0.9905875582064562
car,random,13,13,79,0.9905875582064562
car,random,13,13,80,0.9905875582064562
car,random,13,13,81,0.9905875582064562
car,random,13,13,82,0.9905875582064562
car,random,13,13,83,0.9905875582064562
car,random,13,13,84,0.9905875582064562
car,random,13,13,85,0.9905875582064562
car,random,13,13,86,0.9905875582064562
car,random,13,13,87,0.9905875582064562
car,random,13,13,88,0.9905875582064562
car,random,13,13,89,0.9905875582064562
car,random,13,13,90,0.9905875582064562
car,random,13,13,91,0.9905875582064562
car,random,13,13,92,0.9905875582064562
car,random,13,13,93,0.9905875582064562
car,random,13,13,94,0.9905875582064562
car,random,13,13,95,0.9905875582064562
car,random,13,13,96,0.9905875582064562
car,random,13,13,97,0.9905875582064562
car,random,13,13,98,0.9905875582064562
car,random,13,13,99,0.9905875582064562
car,random,13,13,100,0.9905875582064562
car,bo_tpe,13,13,1,0.9696018416784387
car,bo_tpe,13,13,2,0.9696018416784387
car,bo_tpe,13,13,3,0.988413645162978
car,bo_tpe,13,13,4,0.988413645162978
car,bo_tpe,13,13,5,0.988413645162978
car,bo_tpe,13,13,6,0.988413645162978
car,bo_tpe,13,13,7,0.988413645162978
car,bo_tpe,13,13,8,0.988413645162978
car,bo_tpe,13,13,9,0.988413645162978
car,bo_tpe,13,13,10,0.988413645162978
car,bo_tpe,13,13,11,0.988413645162978
car,bo_tpe,13,13,12,0.9905875582064562
car,bo_tpe,13,13,13,0.9905875582064562
car,bo_tpe,13,13,14,0.9905875582064562
car,bo_tpe,13,13,15,0.9905875582064562
car,bo_tpe,13,13,16,0.9905875582064562
car,bo_tpe,13,13,17,0.9905875582064562
car,bo_tpe,13,13,18,0.9905875582064562
car,bo_tpe,13,13,19,0.9905875582064562
car,bo_tpe,13,13,20,0.9905875582064562
car,bo_tpe,13,13,21,0.9905875582064562
car,bo_tpe,13,13,22,0.9905875582064562
car,bo_tpe,13,13,23,0.9905875582064562
car,bo_tpe,13,13,24,0.9905875582064562
car,bo_tpe,13,13,25,0.9905875582064562
car,bo_tpe,13,13,26,0.9905875582064562
car,bo_tpe,13,13,27,0.9905875582064562
car,bo_tpe,13,13,28,0.9905875582064562
car,bo_tpe,13,13,29,0.9905875582064562
car,bo_tpe,13,13,30,0.9905875582064562
car,bo_tpe,13,13,31,0.9905875582064562
car,bo_tpe,13,13,32,0.9905875582064562
car,bo_tpe,13,13,33,0.9905875582064562
car,bo_tpe,13,13,34,0.9905875582064562
car,bo_tpe,13,13,35,0.9905875582064562
car,bo_tpe,13,13,36,0.9905875582064562
car,bo_tpe,13,13,37,0.9905875582064562
car,bo_tpe,13,13,38,0.9905875582064562
car,bo_tpe,13,13,39,0.9905875582064562
car,bo_tpe,13,13,40,0.9905875582064562
car,bo_tpe,13,13,41,0.9905875582064562
car,bo_tpe,13,13,42,0.9905875582064562
car,bo_tpe,13,13,43,0.9905875582064562
car,bo_tpe,13,13,44,0.9905875582064562
car,bo_tpe,13,13,45,0.9905875582064562
car,bo_tpe,13,13,46,0.9905875582064562
car,bo_tpe,13,13,47,0.9905875582064562
car,bo_tpe,13,13,48,0.9905875582064562
car,bo_tpe,13,13,49,0.9905875582064562
car,bo_tpe,13,13,50,0.9905875582064562
car,bo_tpe,13,13,51,0.9905875582064562
car,bo_tpe,13,13,52,0.9905875582064562
car,bo_tpe,13,13,53,0.9905875582064562
car,bo_tpe,13,13,54,0.9905875582064562
car,bo_tpe,13,13,55,0.9905875582064562
car,bo_tpe,13,13,56,0.9905875582064562
car,bo_tpe,13,13,57,0.9905875582064562
car,bo_tpe,13,13,58,0.9905875582064562
car,bo_tpe,13,13,59,0.9905875582064562
car,bo_tpe,13,13,60,0.9905875582064562
car,bo_tpe,13,13,61,0.9905875582064562
car,bo_tpe,13,13,62,0.9905875582064562
car,bo_tpe,13,13,63,0.9905875582064562
car,bo_tpe,13,13,64,0.9905875582064562
car,bo_tpe,13,13,65,0.9905875582064562
car,bo_tpe,13,13,66,0.9905875582064562
car,bo_tpe,13,13,67,0.9905875582064562
car,bo_tpe,13,13,68,0.9905875582064562
car,bo_tpe,13,13,69,0.9905875582064562
car,bo_tpe,13,13,70,0.9905875582064562
car,bo_tpe,13,13,71,0.9905875582064562
car,bo_tpe,13,13,72,0.9905875582064562
car,bo_tpe,13,13,73,0.9905875582064562
car,bo_tpe,13,13,74,0.9905875582064562
car,bo_tpe,13,13,75,0.9905875582064562
car,bo_tpe,13,13,76,0.9905875582064562
car,bo_tpe,13,13,77,0.9905875582064562
car,bo_tpe,13,13,78,0.9905875582064562
car,bo_tpe,13,13,79,0.9905875582064562
car,bo_tpe,13,13,80,0.9905875582064562
car,bo_tpe,13,13,81,0.9905875582064562
car,bo_tpe,13,13,82,0.9905875582064562
car,bo_tpe,13,13,83,0.9905875582064562
car,bo_tpe,13,13,84,0.9905875582064562
car,bo_tpe,13,13,85,0.9905875582064562
car,bo_tpe,13,13,86,0.9905875582064562
car,bo_tpe,13,13,87,0.9905875582064562
car,bo_tpe,13,13,88,0.9905875582064562
car,bo_tpe,13,13,89,0.9905875582064562
car,bo_tpe,13,13,90,0.9905875582064562
car,bo_tpe,13,13,91,0.9905875582064562
car,bo_tpe,13,13,92,0.9905875582064562
car,bo_tpe,13,13,93,0.9905875582064562
car,bo_tpe,13,13,94,0.9905875582064562
car,bo_tpe,13,13,95,0.9905875582064562
car,bo_tpe,13,13,96,0.9905875582064562
car,bo_tpe,13,13,97,0.9905875582064562
car,bo_tpe,13,13,98,0.9905875582064562
car,bo_tpe,13,13,99,0.9905875582064562
car,bo_tpe,13,13,100,0.9905875582064562
car,pso,13,13,1,0.9797336891121227
car,pso,13,13,2,0.9797336891121227
car,pso,13,13,3,0.9797336891121227
car,pso,13,13,4,0.9797336891121227
car,pso,13,13,5,0.9797336891121227
car,pso,13,13,6,0.9797336891121227
car,pso,13,13,7,0.9797336891121227
car,pso,13,13,8,0.9797336891121227
car,pso,13,13,9,0.9797336891121227
car,pso,13,13,10,0.9797336891121227
car,pso,13,13,11,0.9797336891121227
car,pso,13,13,12,0.9797336891121227
car,pso,13,13,13,0.9891356668236279
car,pso,13,13,14,0.9891356668236279
car,pso,13,13,15,0.9891356668236279
car,pso,13,13,16,0.9891356668236279
car,pso,13,13,17,0.9891356668236279
car,pso,13,13,18,0.9891408988646472
car,pso,13,13,19,0.9891408988646472
car,pso,13,13,20,0.9891408988646472
car,pso,13,13,21,0.9891408988646472
car,pso,13,13,22,0.9891408988646472
car,pso,13,13,23,0.9891408988646472
car,pso,13,13,24,0.9891408988646472
car,pso,13,13,25,0.9891408988646472
car,pso,13,13,26,0.9891408988646472
car,pso,13,13,27,0.9891408988646472
car,pso,13,13,28,0.9891408988646472
car,pso,13,13,29,0.9891408988646472
car,pso,13,13,30,0.9891408988646472
car,pso,13,13,31,0.9905875582064562
car,pso,13,13,32,0.9905875582064562
car,pso,13,13,33,0.9905875582064562
car,pso,13,13,34,0.9905875582064562
car,pso,13,13,35,0.9905875582064562
car,pso,13,13,36,0.9905875582064562
car,pso,13,13,37,0.9905875582064562
car,pso,13,13,38,0.9905875582064562
car,pso,13,13,39,0.9905875582064562
car,pso,13,13,40,0.9905875582064562
car,pso,13,13,41,0.9905875582064562
car,pso,13,13,42,0.9905875582064562
car,pso,13,13,43,0.9905875582064562
car,pso,13,13,44,0.9905875582064562
car,pso,13,13,45,0.9905875582064562
car,pso,13,13,46,0.9905875582064562
car,pso,13,13,47,0.9905875582064562
car,pso,13,13,48,0.9905875582064562
car,pso,13,13,49,0.9905875582064562
car,pso,13,13,50,0.9905875582064562
car,pso,13,13,51,0.9905875582064562
car,pso,13,13,52,0.9905875582064562
car,pso,13,13,53,0.9905875582064562
car,pso,13,13,54,0.9905875582064562
car,pso,13,13,55,0.9905875582064562
car,pso,13,13,56,0.9905875582064562
car,pso,13,13,57,0.9905875582064562
car,pso,13,13,58,0.9905875582064562
car,pso,13,13,59,0.9905875582064562
car,pso,13,13,60,0.9905875582064562
car,pso,13,13,61,0.9905875582064562
car,pso,13,13,62,0.9905875582064562
car,pso,13,13,63,0.9905875582064562
car,pso,13,13,64,0.9905875582064562
car,pso,13,13,65,0.9905875582064562
car,pso,13,13,66,0.9905875582064562
car,pso,13,13,67,0.9905875582064562
car,pso,13,13,68,0.9905875582064562
car,pso,13,13,69,0.9905875582064562
car,pso,13,13,70,0.9905875582064562
car,pso,13,13,71,0.9905875582064562
car,pso,13,13,72,0.9905875582064562
car,pso,13,13,73,0.9905875582064562
car,pso,13,13,74,0.9905875582064562
car,pso,13,13,75,0.9905875582064562
car,pso,13,13,76,0.9905875582064562
car,pso,13,13,77,0.9905875582064562
car,pso,13,13,78,0.9905875582064562
car,pso,13,13,79,0.9905875582064562
car,pso,13,13,80,0.9905875582064562
car,pso,13,13,81,0.9905875582064562
car,pso,13,13,82,0.9905875582064562
car,pso,13,13,83,0.9905875582064562
car,pso,13,13,84,0.9905875582064562
car,pso,13,13,85,0.9905875582064562
car,pso,13,13,86,0.9905875582064562
car,pso,13,13,87,0.9905875582064562
car,pso,13,13,88,0.9905875582064562
car,pso,13,13,89,0.9905875582064562
car,pso,13,13,90,0.9905875582064562
car,pso,13,13,91,0.9905875582064562
car,pso,13,13,92,0.9905875582064562
car,pso,13,13,93,0.9905875582064562
car,pso,13,13,94,0.9905875582064562
car,pso,13,13,95,0.9905875582064562
car,pso,13,13,96,0.9905875582064562
car,pso,13,13,97,0.9905875582064562
car,pso,13,13,98,0.9905875582064562
car,pso,13,13,99,0.9905875582064562
car,pso,13,13,100,0.9905875582064562
car,de,13,13,1,0.7004342594045937
car,de,13,13,2,0.9876890074818186
car,de,13,13,3,0.9876890074818186
car,de,13,13,4,0.9876890074818186
car,de,13,13,5,0.9876890074818186
car,de,13,13,6,0.9876890074818186
car,de,13,13,7,0.9876890074818186
car,de,13,13,8,0.9876890074818186
car,de,13,13,9,0.9876890074818186
car,de,13,13,10,0.9905875582064562
car,de,13,13,11,0.9905875582064562
car,de,13,13,12,0.9905875582064562
car,de,13,13,13,0.9905875582064562
car,de,13,13,14,0.9905875582064562
car,de,13,13,15,0.9905875582064562
car,de,13,13,16,0.9905875582064562
car,de,13,13,17,0.9905875582064562
car,de,13,13,18,0.9905875582064562
car,de,13,13,19,0.9905875582064562
car,de,13,13,20,0.9905875582064562
car,de,13,13,21,0.9905875582064562
car,de,13,13,22,0.9905875582064562
car,de,13,13,23,0.9905875582064562
car,de,13,13,24,0.9905875582064562
car,de,13,13,25,0.9905875582064562
car,de,13,13,26,0.9905875582064562
car,de,13,13,27,0.9905875582064562
car,de,13,13,28,0.9905875582064562
car,de,13,13,29,0.9905875582064562
car,de,13,13,30,0.9905875582064562
car,de,13,13,31,0.9905875582064562
car,de,13,13,32,0.9905875582064562
car,de,13,13,33,0.9905875582064562
car,de,13,13,34,0.9905875582064562
car,de,13,13,35,0.9905875582064562
car,de,13,13,36,0.9905875582064562
car,de,13,13,37,0.9905875582064562
car,de,13,13,38,0.9905875582064562
car,de,13,13,39,0.9905875582064562
car,de,13,13,40,0.9905875582064562
car,de,13,13,41,0.9905875582064562
car,de,13,13,42,0.9905875582064562
car,de,13,13,43,0.9905875582064562
car,de,13,13,44,0.9905875582064562
car,de,13,13,45,0.9905875582064562
car,de,13,13,46,0.9905875582064562
car,de,13,13,47,0.9905875582064562
car,de,13,13,48,0.9905875582064562
car,de,13,13,49,0.9905875582064562
car,de,13,13,50,0.9905875582064562
car,de,13,13,51,0.9905875582064562
car,de,13,13,52,0.9905875582064562
car,de,13,13,53,0.9905875582064562
car,de,13,13,54,0.9905875582064562
car,de,13,13,55,0.9905875582064562
car,de,13,13,56,0.9905875582064562
car,de,13,13,57,0.9905875582064562
car,de,13,13,58,0.9905875582064562
car,de,13,13,59,0.9905875582064562
car,de,13,13,60,0.9905875582064562
car,de,13,13,61,0.9905875582064562
car,de,13,13,62,0.9905875582064562
car,de,13,13,63,0.9905875582064562
car,de,13,13,64,0.9905875582064562
car,de,13,13,65,0.9905875582064562
car,de,13,13,66,0.9905875582064562
car,de,13,13,67,0.9905875582064562
car,de,13,13,68,0.9905875582064562
car,de,13,13,69,0.9905875582064562
car,de,13,13,70,0.9905875582064562
car,de,13,13,71,0.9905875582064562
car,de,13,13,72,0.9905875582064562
car,de,13,13,73,0.9905875582064562
car,de,13,13,74,0.9905875582064562
car,de,13,13,75,0.9905875582064562
car,de,13,13,76,0.9905875582064562
car,de,13,13,77,0.9905875582064562
car,de,13,13,78,0.9905875582064562
car,de,13,13,79,0.9905875582064562
car,de,13,13,80,0.9905875582064562
car,de,13,13,81,0.9905875582064562
car,de,13,13,82,0.9905875582064562
car,de,13,13,83,0.9905875582064562
car,de,13,13,84,0.9905875582064562
car,de,13,13,85,0.9905875582064562
car,de,13,13,86,0.9905875582064562
car,de,13,13,87,0.9905875582064562
car,de,13,13,88,0.9905875582064562
car,de,13,13,89,0.9905875582064562
car,de,13,13,90,0.9905875582064562
car,de,13,13,91,0.9905875582064562
car,de,13,13,92,0.9905875582064562
car,de,13,13,93,0.9905875582064562
car,de,13,13,94,0.9905875582064562
car,de,13,13,95,0.9905875582064562
car,de,13,13,96,0.9905875582064562
car,de,13,13,97,0.9905875582064562
car,de,13,13,98,0.9905875582064562
car,de,13,13,99,0.9905875582064562
car,de,13,13,100,0.9905875582064562
car,ga,13,13,1,0.7004342594045937
car,ga,13,13,2,0.9876890074818186
car,ga,13,13,3,0.9876890074818186
car,ga,13,13,4,0.9876890074818186
car,ga,13,13,5,0.9876890074818186
car,ga,13,13,6,0.9876890074818186
car,ga,13,13,7,0.9876890074818186
car,ga,13,13,8,0.9876890074818186
car,ga,13,13,9,0.9876890074818186
car,ga,13,13,10,0.9905875582064562
car,ga,13,13,11,0.9905875582064562
car,ga,13,13,12,0.9905875582064562
car,ga,13,13,13,0.9905875582064562
car,ga,13,13,14,0.9905875582064562
car,ga,13,13,15,0.9905875582064562
car,ga,13,13,16,0.9905875582064562
car,ga,13,13,17,0.9905875582064562
car,ga,13,13,18,0.9905875582064562
car,ga,13,13,19,0.9905875582064562
car,ga,13,13,20,0.9905875582064562
car,ga,13,13,21,0.9905875582064562
car,ga,13,13,22,0.9905875582064562
car,ga,13,13,23,0.9905875582064562
car,ga,13,13,24,0.9905875582064562
car,ga,13,13,25,0.9905875582064562
car,ga,13,13,26,0.9905875582064562
car,ga,13,13,27,0.9905875582064562
car,ga,13,13,28,0.9905875582064562
car,ga,13,13,29,0.9905875582064562
car,ga,13,13,30,0.9905875582064562
car,ga,13,13,31,0.9905875582064562
car,ga,13,13,32,0.9905875582064562
car,ga,13,13,33,0.9905875582064562
car,ga,13,13,34,0.9905875582064562
car,ga,13,13,35,0.9905875582064562
car,ga,13,13,36,0.9905875582064562
car,ga,13,13,37,0.9905875582064562
car,ga,13,13,38,0.9905875582064562
car,ga,13,13,39,0.9905875582064562
car,ga,13,13,40,0.9905875582064562
car,ga,13,13,41,0.9905875582064562
car,ga,13,13,42,0.9905875582064562
car,ga,13,13,43,0.9905875582064562
car,ga,13,13,44,0.9905875582064562
car,ga,13,13,45,0.9905875582064562
car,ga,13,13,46,0.9905875582064562
car,ga,13,13,47,0.9905875582064562
car,ga,13,13,48,0.9905875582064562
car,ga,13,13,49,0.9905875582064562
car,ga,13,13,50,0.9905875582064562
car,ga,13,13,51,0.9905875582064562
car,ga,13,13,52,0.9905875582064562
car,ga,13,13,53,0.9905875582064562
car,ga,13,13,54,0.9905875582064562
car,ga,13,13,55,0.9905875582064562
car,ga,13,13,56,0.9905875582064562
car,ga,13,13,57,0.9905875582064562
car,ga,13,13,58,0.9905875582064562
car,ga,13,13,59,0.9905875582064562
car,ga,13,13,60,0.9905875582064562
car,ga,13,13,61,0.9905875582064562
car,ga,13,13,62,0.9905875582064562
car,ga,13,13,63,0.9905875582064562
car,ga,13,13,64,0.9905875582064562
car,ga,13,13,65,0.9905875582064562
car,ga,13,13,66,0.9905875582064562
car,ga,13,13,67,0.9905875582064562
car,ga,13,13,68,0.9905875582064562
car,ga,13,13,69,0.9905875582064562
car,ga,13,13,70,0.9905875582064562
car,ga,13,13,71,0.9905875582064562
car,ga,13,13,72,0.9905875582064562
car,ga,13,13,73,0.9905875582064562
car,ga,13,13,74,0.9905875582064562
car,ga,13,13,75,0.9905875582064562
car,ga,13,13,76,0.9905875582064562
car,ga,13,13,77,0.9905875582064562
car,ga,13,13,78,0.9905875582064562
car,ga,13,13,79,0.9905875582064562
car,ga,13,13,80,0.9905875582064562
car,ga,13,13,81,0.9905875582064562
car,ga,13,13,82,0.9905875582064562
car,ga,13,13,83,0.9905875582064562
car,ga,13,13,84,0.9905875582064562
car,ga,13,13,85,0.9905875582064562
car,ga,13,13,86,0.9905875582064562
car,ga,13,13,87,0.9905875582064562
car,ga,13,13,88,0.9905875582064562
car,ga,13,13,89,0.9905875582064562
car,ga,13,13,90,0.9905875582064562
car,ga,13,13,91,0.9905875582064562
car,ga,13,13,92,0.9905875582064562
car,ga,13,13,93,0.9905875582064562
car,ga,13,13,94,0.9905875582064562
car,ga,13,13,95,0.9905875582064562
car,ga,13,13,96,0.9905875582064562
car,ga,13,13,97,0.9905875582064562
car,ga,13,13,98,0.9905875582064562
car,ga,13,13,99,0.9905875582064562
car,ga,13,13,100,0.9905875582064562
car,sa,13,13,1,0.9696018416784387
car,sa,13,13,2,0.988413645162978
car,sa,13,13,3,0.988413645162978
car,sa,13,13,4,0.988413645162978
car,sa,13,13,5,0.988413645162978
car,sa,13,13,6,0.9905875582064562
car,sa,13,13,7,0.9905875582064562
car,sa,13,13,8,0.9905875582064562
car,sa,13,13,9,0.9905875582064562
car,sa,13,13,10,0.9905875582064562
car,sa,13,13,11,0.9905875582064562
car,sa,13,13,12,0.9905875582064562
car,sa,13,13,13,0.9905875582064562
car,sa,13,13,14,0.9905875582064562
car,sa,13,13,15,0.9905875582064562
car,sa,13,13,16,0.9905875582064562
car,sa,13,13,17,0.9905875582064562
car,sa,13,13,18,0.9905875582064562
car,sa,13,13,19,0.9905875582064562
car,sa,13,13,20,0.9905875582064562
car,sa,13,13,21,0.9905875582064562
car,sa,13,13,22,0.9905875582064562
car,sa,13,13,23,0.9905875582064562
car,sa,13,13,24,0.9905875582064562
car,sa,13,13,25,0.9905875582064562
car,sa,13,13,26,0.9905875582064562
car,sa,13,13,27,0.9905875582064562
car,sa,13,13,28,0.9905875582064562
car,sa,13,13,29,0.9905875582064562
car,sa,13,13,30,0.9905875582064562
car,sa,13,13,31,0.9905875582064562
car,sa,13,13,32,0.9905875582064562
car,sa,13,13,33,0.9905875582064562
car,sa,13,13,34,0.9905875582064562
car,sa,13,13,35,0.9905875582064562
car,sa,13,13,36,0.9905875582064562
car,sa,13,13,37,0.9905875582064562
car,sa,13,13,38,0.9905875582064562
car,sa,13,13,39,0.9905875582064562
car,sa,13,13,40,0.9905875582064562
car,sa,13,13,41,0.9905875582064562
car,sa,13,13,42,0.9905875582064562
car,sa,13,13,43,0.9905875582064562
car,sa,13,13,44,0.9905875582064562
car,sa,13,13,45,0.9905875582064562
car,sa,13,13,46,0.9905875582064562
car,sa,13,13,47,0.9905875582064562
car,sa,13,13,48,0.9905875582064562
car,sa,13,13,49,0.9905875582064562
car,sa,13,13,50,0.9905875582064562
car,sa,13,13,51,0.9905875582064562
car,sa,13,13,52,0.9905875582064562
car,sa,13,13,53,0.9905875582064562
car,sa,13,13,54,0.9905875582064562
car,sa,13,13,55,0.9905875582064562
car,sa,13,13,56,0.9905875582064562
car,sa,13,13,57,0.9905875582064562
car,sa,13,13,58,0.9905875582064562
car,sa,13,13,59,0.9905875582064562
car,sa,13,13,60,0.9905875582064562
car,sa,13,13,61,0.9905875582064562
car,sa,13,13,62,0.9905875582064562
car,sa,13,13,63,0.9905875582064562
car,sa,13,13,64,0.9905875582064562
car,sa,13,13,65,0.9905875582064562
car,sa,13,13,66,0.9905875582064562
car,sa,13,13,67,0.9905875582064562
car,sa,13,13,68,0.9905875582064562
car,sa,13,13,69,0.9905875582064562
car,sa,13,13,70,0.9905875582064562
car,sa,13,13,71,0.9905875582064562
car,sa,13,13,72,0.9905875582064562
car,sa,13,13,73,0.9905875582064562
car,sa,13,13,74,0.9905875582064562
car,sa,13,13,75,0.9905875582064562
car,sa,13,13,76,0.9905875582064562
car,sa,13,13,77,0.9905875582064562
car,sa,13,13,78,0.9905875582064562
car,sa,13,13,79,0.9905875582064562
car,sa,13,13,80,0.9905875582064562
car,sa,13,13,81,0.9905875582064562
car,sa,13,13,82,0.9905875582064562
car,sa,13,13,83,0.9905875582064562
car,sa,13,13,84,0.9905875582064562
car,sa,13,13,85,0.9905875582064562
car,sa,13,13,86,0.9905875582064562
car,sa,13,13,87,0.9905875582064562
car,sa,13,13,88,0.9905875582064562
car,sa,13,13,89,0.9905875582064562
car,sa,13,13,90,0.9905875582064562
car,sa,13,13,91,0.9905875582064562
car,sa,13,13,92,0.9905875582064562
car,sa,13,13,93,0.9905875582064562
car,sa,13,13,94,0.9905875582064562
car,sa,13,13,95,0.9905875582064562
car,sa,13,13,96,0.9905875582064562
car,sa,13,13,97,0.9905875582064562
car,sa,13,13,98,0.9905875582064562
car,sa,13,13,99,0.9905875582064562
car,sa,13,13,100,0.9905875582064562
car,grid,14,14,1,0.7004342594045937
car,grid,14,14,2,0.7004342594045937
car,grid,14,14,3,0.7004342594045937
car,grid,14,14,4,0.7004342594045937
car,grid,14,14,5,0.7004342594045937
car,grid,14,14,6,0.7004342594045937
car,grid,14,14,7,0.7004342594045937
car,grid,14,14,8,0.7004342594045937
car,grid,14,14,9,0.7004342594045937
car,grid,14,14,10,0.7004342594045937
car,grid,14,14,11,0.7004342594045937
car,grid,14,14,12,0.7004342594045937
car,grid,14,14,13,0.7004342594045937
car,grid,14,14,14,0.7004342594045937
car,grid,14,14,15,0.7004342594045937
car,grid,14,14,16,0.8097106681316382
car,grid,14,14,17,0.8097106681316382
car,grid,14,14,18,0.8097106681316382
car,grid,14,14,19,0.8097106681316382
car,grid,14,14,20,0.8097106681316382
car,grid,14,14,21,0.8097106681316382
car,grid,14,14,22,0.8097106681316382
car,grid,14,14,23,0.8097106681316382
car,grid,14,14,24,0.8097106681316382
car,grid,14,14,25,0.8697404907654477
car,grid,14,14,26,0.9319913148119081
car,grid,14,14,27,0.9319913148119081
car,grid,14,14,28,0.9319913148119081
car,grid,14,14,29,0.9319913148119081
car,grid,14,14,30,0.9319913148119081
car,grid,14,14,31,0.9319913148119081
car,grid,14,14,32,0.9319913148119081
car,grid,14,14,33,0.9319913148119081
car,grid,14,14,34,0.9319913148119081
car,grid,14,14,35,0.9450086328676818
car,grid,14,14,36,0.9761157327473449
car,grid,14,14,37,0.9761157327473449
car,grid,14,14,38,0.9761157327473449
car,grid,14,14,39,0.9761157327473449
car,grid,14,14,40,0.9761157327473449
car,grid,14,14,41,0.9761157327473449
car,grid,14,14,42,0.9761157327473449
car,grid,14,14,43,0.9761157327473449
car,grid,14,14,44,0.9761157327473449
car,grid,14,14,45,0.9761157327473449
car,grid,14,14,46,0.988413645162978
car,grid,14,14,47,0.988413645162978
car,grid,14,14,48,0.988413645162978
car,grid,14,14,49,0.988413645162978
car,grid,14,14,50,0.988413645162978
car,grid,14,14,51,0.988413645162978
car,grid,14,14,52,0.988413645162978
car,grid,14,14,53,0.988413645162978
car,grid,14,14,54,0.988413645162978
car,grid,14,14,55,0.988413645162978
car,grid,14,14,56,0.988413645162978
car,grid,14,14,57,0.988413645162978
car,grid,14,14,58,0.988413645162978
car,grid,14,14,59,0.988413645162978
car,grid,14,14,60,0.988413645162978
car,grid,14,14,61,0.988413645162978
car,grid,14,14,62,0.988413645162978
car,grid,14,14,63,0.988413645162978
car,grid,14,14,64,0.988413645162978
car,grid,14,14,65,0.988413645162978
car,grid,14,14,66,0.988413645162978
car,grid,14,14,67,0.988413645162978
car,grid,14,14,68,0.988413645162978
car,grid,14,14,69,0.988413645162978
car,grid,14,14,70,0.988413645162978
car,grid,14,14,71,0.988413645162978
car,grid,14,14,72,0.988413645162978
car,grid,14,14,73,0.988413645162978
car,grid,14,14,74,0.988413645162978
car,grid,14,14,75,0.988413645162978
car,grid,14,14,76,0.988413645162978
car,grid,14,14,77,0.988413645162978
car,grid,14,14,78,0.988413645162978
car,grid,14,14,79,0.988413645162978
car,grid,14,14,80,0.988413645162978
car,grid,14,14,81,0.988413645162978
car,grid,14,14,82,0.988413645162978
car,grid,14,14,83,0.988413645162978
car,grid,14,14,84,0.988413645162978
car,grid,14,14,85,0.988413645162978
car,grid,14,14,86,0.988413645162978
car,grid,14,14,87,0.988413645162978
car,grid,14,14,88,0.988413645162978
car,grid,14,14,89,0.988413645162978
car,grid,14,14,90,0.988413645162978
car,grid,14,14,91,0.988413645162978
car,grid,14,14,92,0.988413645162978
car,grid,14,14,93,0.988413645162978
car,grid,14,14,94,0.988413645162978
car,grid,14,14,95,0.988413645162978
car,grid,14,14,96,0.988413645162978
car,grid,14,14,97,0.988413645162978
car,grid,14,14,98,0.988413645162978
car,grid,14,14,99,0.988413645162978
car,grid,14,14,100,0.988413645162978
car,random,14,14,1,0.7004342594045937
car,random,14,14,2,0.9348715533929786
car,random,14,14,3,0.9348715533929786
car,random,14,14,4,0.9421074661225344
car,random,14,14,5,0.9421074661225344
car,random,14,14,6,0.9833437974153718
car,random,14,14,7,0.9833437974153718
car,random,14,14,8,0.9833437974153718
car,random,14,14,9,0.98551771045885
car,random,14,14,10,0.98551771045885
car,random,14,14,11,0.98551771045885
car,random,14,14,12,0.98551771045885
car,random,14,14,13,0.98551771045885
car,random,14,14,14,0.98551771045885
car,random,14,14,15,0.98551771045885
car,random,14,14,16,0.98551771045885
car,random,14,14,17,0.98551771045885
car,random,14,14,18,0.98551771045885
car,random,14,14,19,0.98551771045885
car,random,14,14,20,0.98551771045885
car,random,14,14,21,0.98551771045885
car,random,14,14,22,0.98551771045885
car,random,14,14,23,0.98551771045885
car,random,14,14,24,0.98551771045885
car,random,14,14,25,0.98551771045885
car,random,14,14,26,0.98551771045885
car,random,14,14,27,0.98551771045885
car,random,14,14,28,0.98551771045885
car,random,14,14,29,0.98551771045885
car,random,14,14,30,0.98551771045885
car,random,14,14,31,0.98551771045885
car,random,14,14,32,0.98551771045885
car,random,14,14,33,0.98551771045885
car,random,14,14,34,0.98551771045885
car,random,14,14,35,0.98551771045885
car,random,14,14,36,0.98551771045885
car,random,14,14,37,0.9891356668236279
car,random,14,14,38,0.9891356668236279
car,random,14,14,39,0.9891356668236279
car,random,14,14,40,0.9891356668236279
car,random,14,14,41,0.9891356668236279
car,random,14,14,42,0.9891356668236279
car,random,14,14,43,0.9905875582064562
car,random,14,14,44,0.9905875582064562
car,random,14,14,45,0.9905875582064562
car,random,14,14,46,0.9905875582064562
car,random,14,14,47,0.9905875582064562
car,random,14,14,48,0.9905875582064562
car,random,14,14,49,0.9905875582064562
car,random,14,14,50,0.9905875582064562
car,random,14,14,51,0.9905875582064562
car,random,14,14,52,0.9905875582064562
car,random,14,14,53,0.9905875582064562
car,random,14,14,54,0.9905875582064562
car,random,14,14,55,0.9905875582064562
car,random,14,14,56,0.9905875582064562
car,random,14,14,57,0.9905875582064562
car,random,14,14,58,0.9905875582064562
car,random,14,14,59,0.9905875582064562
car,random,14,14,60,0.9905875582064562
car,random,14,14,61,0.9905875582064562
car,random,14,14,62,0.9905875582064562
car,random,14,14,63,0.9905875582064562
car,random,14,14,64,0.9905875582064562
car,random,14,14,65,0.9905875582064562
car,random,14,14,66,0.9905875582064562
car,random,14,14,67,0.9905875582064562
car,random,14,14,68,0.9905875582064562
car,random,14,14,69,0.9905875582064562
car,random,14,14,70,0.9905875582064562
car,random,14,14,71,0.9905875582064562
car,random,14,14,72,0.9905875582064562
car,random,14,14,73,0.9905875582064562
car,random,14,14,74,0.9905875582064562
car,random,14,14,75,0.9905875582064562
car,random,14,14,76,0.9905875582064562
car,random,14,14,77,0.9905875582064562
car,random,14,14,78,0.9905875582064562
car,random,14,14,79,0.9905875582064562
car,random,14,14,80,0.9905875582064562
car,random,14,14,81,0.9905875582064562
car,random,14,14,82,0.9905875582064562
car,random,14,14,83,0.9905875582064562
car,random,14,14,84,0.9905875582064562
car,random,14,14,85,0.9905875582064562
car,random,14,14,86,0.9905875582064562
car,random,14,14,87,0.9905875582064562
car,random,14,14,88,0.9905875582064562
car,random,14,14,89,0.9905875582064562
car,random,14,14,90,0.9905875582064562
car,random,14,14,91,0.9905875582064562
car,random,14,14,92,0.9905875582064562
car,random,14,14,93,0.9905875582064562
car,random,14,14,94,0.9905875582064562
car,random,14,14,95,0.9905875582064562
car,random,14,14,96,0.9905875582064562
car,random,14,14,97,0.9905875582064562
car,random,14,14,98,0.9905875582064562
car,random,14,14,99,0.9905875582064562
car,random,14,14,100,0.9905875582064562
car,bo_tpe,14,14,1,0.7004342594045937
car,bo_tpe,14,14,2,0.9348715533929786
car,bo_tpe,14,14,3,0.9348715533929786
car,bo_tpe,14,14,4,0.9421074661225344
car,bo_tpe,14,14,5,0.9421074661225344
car,bo_tpe,14,14,6,0.9833437974153718
car,bo_tpe,14,14,7,0.9833437974153718
car,bo_tpe,14,14,8,0.9833437974153718
car,bo_tpe,14,14,9,0.98551771045885
car,bo_tpe,14,14,10,0.98551771045885
car,bo_tpe,14,14,11,0.98551771045885
car,bo_tpe,14,14,12,0.988413645162978
car,bo_tpe,14,14,13,0.9905875582064562
car,bo_tpe,14,14,14,0.9905875582064562
car,bo_tpe,14,14,15,0.9905875582064562
car,bo_tpe,14,14,16,0.9905875582064562
car,bo_tpe,14,14,17,0.9905875582064562
car,bo_tpe,14,14,18,0.9905875582064562
car,bo_tpe,14,14,19,0.9905875582064562
car,bo_tpe,14,14,20,0.9905875582064562
car,bo_tpe,14,14,21,0.9905875582064562
car,bo_tpe,14,14,22,0.9905875582064562
car,bo_tpe,14,14,23,0.9905875582064562
car,bo_tpe,14,14,24,0.9905875582064562
car,bo_tpe,14,14,25,0.9905875582064562
car,bo_tpe,14,14,26,0.9905875582064562
car,bo_tpe,14,14,27,0.9905875582064562
car,bo_tpe,14,14,28,0.9905875582064562
car,bo_tpe,14,14,29,0.9905875582064562
car,bo_tpe,14,14,30,0.9905875582064562
car,bo_tpe,14,14,31,0.9905875582064562
car,bo_tpe,14,14,32,0.9905875582064562
car,bo_tpe,14,14,33,0.9905875582064562
car,bo_tpe,14,14,34,0.9905875582064562
car,bo_tpe,14,14,35,0.9905875582064562
car,bo_tpe,14,14,36,0.9905875582064562
car,bo_tpe,14,14,37,0.9905875582064562
car,bo_tpe,14,14,38,0.9905875582064562
car,bo_tpe,14,14,39,0.9905875582064562
car,bo_tpe,14,14,40,0.9905875582064562
car,bo_tpe,14,14,41,0.9905875582064562
car,bo_tpe,14,14,42,0.9905875582064562
car,bo_tpe,14,14,43,0.9905875582064562
car,bo_tpe,14,14,44,0.9905875582064562
car,bo_tpe,14,14,45,0.9905875582064562
car,bo_tpe,14,14,46,0.9905875582064562
car,bo_tpe,14,14,47,0.9905875582064562
car,bo_tpe,14,14,48,0.9905875582064562
car,bo_tpe,14,14,49,0.9905875582064562
car,bo_tpe,14,14,50,0.9905875582064562
car,bo_tpe,14,14,51,0.9905875582064562
car,bo_tpe,14,14,52,0.9905875582064562
car,bo_tpe,14,14,53,0.9905875582064562
car,bo_tpe,14,14,54,0.9905875582064562
car,bo_tpe,14,14,55,0.9905875582064562
car,bo_tpe,14,14,56,0.9905875582064562
car,bo_tpe,14,14,57,0.9905875582064562
car,bo_tpe,14,14,58,0.9905875582064562
car,bo_tpe,14,14,59,0.9905875582064562
car,bo_tpe,14,14,60,0.9905875582064562
car,bo_tpe,14,14,61,0.9905875582064562
car,bo_tpe,14,14,62,0.9905875582064562
car,bo_tpe,14,14,63,0.9905875582064562
car,bo_tpe,14,14,64,0.9905875582064562
car,bo_tpe,14,14,65,0.9905875582064562
car,bo_tpe,14,14,66,0.9905875582064562
car,bo_tpe,14,14,67,0.9905875582064562
car,bo_tpe,14,14,68,0.9905875582064562
car,bo_tpe,14,14,69,0.9905875582064562
car,bo_tpe,14,14,70,0.9905875582064562
car,bo_tpe,14,14,71,0.9905875582064562
car,bo_tpe,14,14,72,0.9905875582064562
car,bo_tpe,14,14,73,0.9905875582064562
car,bo_tpe,14,14,74,0.9905875582064562
car,bo_tpe,14,14,75,0.9905875582064562
car,bo_tpe,14,14,76,0.9905875582064562
car,bo_tpe,14,14,77,0.9905875582064562
car,bo_tpe,14,14,78,0.9905875582064562
car,bo_tpe,14,14,79,0.9905875582064562
car,bo_tpe,14,14,80,0.9905875582064562
car,bo_tpe,14,14,81,0.9905875582064562
car,bo_tpe,14,14,82,0.9905875582064562
car,bo_tpe,14,14,83,0.9905875582064562
car,bo_tpe,14,14,84,0.9905875582064562
car,bo_tpe,14,14,85,0.9905875582064562
car,bo_tpe,14,14,86,0.9905875582064562
car,bo_tpe,14,14,87,0.9905875582064562
car,bo_tpe,14,14,88,0.9905875582064562
car,bo_tpe,14,14,89,0.9905875582064562
car,bo_tpe,14,14,90,0.9905875582064562
car,bo_tpe,14,14,91,0.9905875582064562
car,bo_tpe,14,14,92,0.9905875582064562
car,bo_tpe,14,14,93,0.9905875582064562
car,bo_tpe,14,14,94,0.9905875582064562
car,bo_tpe,14,14,95,0.9905875582064562
car,bo_tpe,14,14,96,0.9905875582064562
car,bo_tpe,14,14,97,0.9905875582064562
car,bo_tpe,14,14,98,0.9905875582064562
car,bo_tpe,14,14,99,0.9905875582064562
car,bo_tpe,14,14,100,0.9905875582064562
car,pso,14,14,1,0.9855203264793596
car,pso,14,14,2,0.9855203264793596
car,pso,14,14,3,0.988413645162978
car,pso,14,14,4,0.988413645162978
car,pso,14,14,5,0.988413645162978
car,pso,14,14,6,0.988413645162978
car,pso,14,14,7,0.988413645162978
car,pso,14,14,8,0.988413645162978
car,pso,14,14,9,0.988413645162978
car,pso,14,14,10,0.988413645162978
car,pso,14,14,11,0.988413645162978
car,pso,14,14,12,0.988413645162978
car,pso,14,14,13,0.988413645162978
car,pso,14,14,14,0.988413645162978
car,pso,14,14,15,0.988413645162978
car,pso,14,14,16,0.988413645162978
car,pso,14,14,17,0.988413645162978
car,pso,14,14,18,0.988413645162978
car,pso,14,14,19,0.988413645162978
car,pso,14,14,20,0.988413645162978
car,pso,14,14,21,0.988413645162978
car,pso,14,14,22,0.988413645162978
car,pso,14,14,23,0.988413645162978
car,pso,14,14,24,0.988413645162978
car,pso,14,14,25,0.9884162611834878
car,pso,14,14,26,0.9884162611834878
car,pso,14,14,27,0.9884162611834878
car,pso,14,14,28,0.9884162611834878
car,pso,14,14,29,0.9884162611834878
car,pso,14,14,30,0.9884162611834878
car,pso,14,14,31,0.9884162611834878
car,pso,14,14,32,0.9884162611834878
car,pso,14,14,33,0.9905875582064562
car,pso,14,14,34,0.9905875582064562
car,pso,14,14,35,0.9905875582064562
car,pso,14,14,36,0.9905875582064562
car,pso,14,14,37,0.9905875582064562
car,pso,14,14,38,0.9905875582064562
car,pso,14,14,39,0.9905875582064562
car,pso,14,14,40,0.9905875582064562
car,pso,14,14,41,0.9905875582064562
car,pso,14,14,42,0.9905875582064562
car,pso,14,14,43,0.9905875582064562
car,pso,14,14,44,0.9905875582064562
car,pso,14,14,45,0.9905875582064562
car,pso,14,14,46,0.9905875582064562
car,pso,14,14,47,0.9905875582064562
car,pso,14,14,48,0.9905875582064562
car,pso,14,14,49,0.9905875582064562
car,pso,14,14,50,0.9905875582064562
car,pso,14,14,51,0.9905875582064562
car,pso,14,14,52,0.9905875582064562
car,pso,14,14,53,0.9905875582064562
car,pso,14,14,54,0.9905875582064562
car,pso,14,14,55,0.9905875582064562
car,pso,14,14,56,0.9905875582064562
car,pso,14,14,57,0.9905875582064562
car,pso,14,14,58,0.9905875582064562
car,pso,14,14,59,0.9905875582064562
car,pso,14,14,60,0.9905875582064562
car,pso,14,14,61,0.9905875582064562
car,pso,14,14,62,0.9905875582064562
car,pso,14,14,63,0.9905875582064562
car,pso,14,14,64,0.9905875582064562
car,pso,14,14,65,0.9905875582064562
car,pso,14,14,66,0.9905875582064562
car,pso,14,14,67,0.9905875582064562
car,pso,14,14,68,0.9905875582064562
car,pso,14,14,69,0.9905875582064562
car,pso,14,14,70,0.9905875582064562
car,pso,14,14,71,0.9905875582064562
car,pso,14,14,72,0.9905875582064562
car,pso,14,14,73,0.9905875582064562
car,pso,14,14,74,0.9905875582064562
car,pso,14,14,75,0.9905875582064562
car,pso,14,14,76,0.9905875582064562
car,pso,14,14,77,0.9905875582064562
car,pso,14,14,78,0.9905875582064562
car,pso,14,14,79,0.9905875582064562
car,pso,14,14,80,0.9905875582064562
car,pso,14,14,81,0.9905875582064562
car,pso,14,14,82,0.9905875582064562
car,pso,14,14,83,0.9905875582064562
car,pso,14,14,84,0.9905875582064562
car,pso,14,14,85,0.9905875582064562
car,pso,14,14,86,0.9905875582064562
car,pso,14,14,87,0.9905875582064562
car,pso,14,14,88,0.9905875582064562
car,pso,14,14,89,0.9905875582064562
car,pso,14,14,90,0.9905875582064562
car,pso,14,14,91,0.9905875582064562
car,pso,14,14,92,0.9905875582064562
car,pso,14,14,93,0.9905875582064562
car,pso,14,14,94,0.9905875582064562
car,pso,14,14,95,0.9905875582064562
car,pso,14,14,96,0.9905875582064562
car,pso,14,14,97,0.9905875582064562
car,pso,14,14,98,0.9905875582064562
car,pso,14,14,99,0.9905875582064562
car,pso,14,14,100,0.9905875582064562
car,de,14,14,1,0.98551771045885
car,de,14,14,2,0.98551771045885
car,de,14,14,3,0.9898629205252968
car,de,14,14,4,0.9898629205252968
car,de,14,14,5,0.9898629205252968
car,de,14,14,6,0.9898629205252968
car,de,14,14,7,0.9898629205252968
car,de,14,14,8,0.9898629205252968
car,de,14,14,9,0.9898629205252968
car,de,14,14,10,0.9898629205252968
car,de,14,14,11,0.9898629205252968
car,de,14,14,12,0.9898629205252968
car,de,14,14,13,0.9898629205252968
car,de,14,14,14,0.9898629205252968
car,de,14,14,15,0.9898629205252968
car,de,14,14,16,0.9898629205252968
car,de,14,14,17,0.9898629205252968
car,de,14,14,18,0.9898629205252968
car,de,14,14,19,0.9898629205252968
car,de,14,14,20,0.9898629205252968
car,de,14,14,21,0.9898629205252968
car,de,14,14,22,0.9898629205252968
car,de,14,14,23,0.9898629205252968
car,de,14,14,24,0.9898629205252968
car,de,14,14,25,0.9905875582064562
car,de,14,14,26,0.9905875582064562
car,de,14,14,27,0.9905875582064562
car,de,14,14,28,0.9905875582064562
car,de,14,14,29,0.9905875582064562
car,de,14,14,30,0.9905875582064562
car,de,14,14,31,0.9905875582064562
car,de,14,14,32,0.9905875582064562
car,de,14,14,33,0.9905875582064562
car,de,14,14,34,0.9905875582064562
car,de,14,14,35,0.9905875582064562
car,de,14,14,36,0.9905875582064562
car,de,14,14,37,0.9905875582064562
car,de,14,14,38,0.9905875582064562
car,de,14,14,39,0.9905875582064562
car,de,14,14,40,0.9905875582064562
car,de,14,14,41,0.9905875582064562
car,de,14,14,42,0.9905875582064562
car,de,14,14,43,0.9905875582064562
car,de,14,14,44,0.9905875582064562
car,de,14,14,45,0.9905875582064562
car,de,14,14,46,0.9905875582064562
car,de,14,14,47,0.9905875582064562
car,de,14,14,48,0.9905875582064562
car,de,14,14,49,0.9905875582064562
car,de,14,14,50,0.9905875582064562
car,de,14,14,51,0.9905875582064562
car,de,14,14,52,0.9905875582064562
car,de,14,14,53,0.9905875582064562
car,de,14,14,54,0.9905875582064562
car,de,14,14,55,0.9905875582064562
car,de,14,14,56,0.9905875582064562
car,de,14,14,57,0.9905875582064562
car,de,14,14,58,0.9905875582064562
car,de,14,14,59,0.9905875582064562
car,de,14,14,60,0.9905875582064562
car,de,14,14,61,0.9905875582064562
car,de,14,14,62,0.9905875582064562
car,de,14,14,63,0.9905875582064562
car,de,14,14,64,0.9905875582064562
car,de,14,14,65,0.9905875582064562
car,de,14,14,66,0.9905875582064562
car,de,14,14,67,0.9905875582064562
car,de,14,14,68,0.9905875582064562
car,de,14,14,69,0.9905875582064562
car,de,14,14,70,0.9905875582064562
car,de,14,14,71,0.9905875582064562
car,de,14,14,72,0.9905875582064562
car,de,14,14,73,0.9905875582064562
car,de,14,14,74,0.9905875582064562
car,de,14,14,75,0.9905875582064562
car,de,14,14,76,0.9905875582064562
car,de,14,14,77,0.9905875582064562
car,de,14,14,78,0.9905875582064562
car,de,14,14,79,0.9905875582064562
car,de,14,14,80,0.9905875582064562
car,de,14,14,81,0.9905875582064562
car,de,14,14,82,0.9905875582064562
car,de,14,14,83,0.9905875582064562
car,de,14,14,84,0.9905875582064562
car,de,14,14,85,0.9905875582064562
car,de,14,14,86,0.9905875582064562
car,de,14,14,87,0.9905875582064562
car,de,14,14,88,0.9905875582064562
car,de,14,14,89,0.9905875582064562
car,de,14,14,90,0.9905875582064562
car,de,14,14,91,0.9905875582064562
car,de,14,14,92,0.9905875582064562
car,de,14,14,93,0.9905875582064562
car,de,14,14,94,0.9905875582064562
car,de,14,14,95,0.9905875582064562
car,de,14,14,96,0.9905875582064562
car,de,14,14,97,0.9905875582064562
car,de,14,14,98,0.9905875582064562
car,de,14,14,99,0.9905875582064562
car,de,14,14,100,0.9905875582064562
car,ga,14,14,1,0.98551771045885
car,ga,14,14,2,0.98551771045885
car,ga,14,14,3,0.9898629205252968
car,ga,14,14,4,0.9898629205252968
car,ga,14,14,5,0.9898629205252968
car,ga,14,14,6,0.9898629205252968
car,ga,14,14,7,0.9898629205252968
car,ga,14,14,8,0.9898629205252968
car,ga,14,14,9,0.9898629205252968
car,ga,14,14,10,0.9898629205252968
car,ga,14,14,11,0.9898629205252968
car,ga,14,14,12,0.9898629205252968
car,ga,14,14,13,0.9898629205252968
car,ga,14,14,14,0.9898629205252968
car,ga,14,14,15,0.9898629205252968
car,ga,14,14,16,0.9898629205252968
car,ga,14,14,17,0.9898629205252968
car,ga,14,14,18,0.9898629205252968
car,ga,14,14,19,0.9898629205252968
car,ga,14,14,20,0.9898629205252968
car,ga,14,14,21,0.9898629205252968
car,ga,14,14,22,0.9898629205252968
car,ga,14,14,23,0.9898629205252968
car,ga,14,14,24,0.9905849421859466
car,ga,14,14,25,0.9905849421859466
car,ga,14,14,26,0.9905849421859466
car,ga,14,14,27,0.9905849421859466
car,ga,14,14,28,0.9905849421859466
car,ga,14,14,29,0.9905849421859466
car,ga,14,14,30,0.9905849421859466
car,ga,14,14,31,0.9905875582064562
car,ga,14,14,32,0.9905875582064562
car,ga,14,14,33,0.9905875582064562
car,ga,14,14,34,0.9905875582064562
car,ga,14,14,35,0.9905875582064562
car,ga,14,14,36,0.9905875582064562
car,ga,14,14,37,0.9905875582064562
car,ga,14,14,38,0.9905875582064562
car,ga,14,14,39,0.9905875582064562
car,ga,14,14,40,0.9905875582064562
car,ga,14,14,41,0.9905875582064562
car,ga,14,14,42,0.9905875582064562
car,ga,14,14,43,0.9905875582064562
car,ga,14,14,44,0.9905875582064562
car,ga,14,14,45,0.9905875582064562
car,ga,14,14,46,0.9905875582064562
car,ga,14,14,47,0.9905875582064562
car,ga,14,14,48,0.9905875582064562
car,ga,14,14,49,0.9905875582064562
car,ga,14,14,50,0.9905875582064562
car,ga,14,14,51,0.9905875582064562
car,ga,14,14,52,0.9905875582064562
car,ga,14,14,53,0.9905875582064562
car,ga,14,14,54,0.9905875582064562
car,ga,14,14,55,0.9905875582064562
car,ga,14,14,56,0.9905875582064562
car,ga,14,14,57,0.9905875582064562
car,ga,14,14,58,0.9905875582064562
car,ga,14,14,59,0.9905875582064562
car,ga,14,14,60,0.9905875582064562
car,ga,14,14,61,0.9905875582064562
car,ga,14,14,62,0.9905875582064562
car,ga,14,14,63,0.9905875582064562
car,ga,14,14,64,0.9905875582064562
car,ga,14,14,65,0.9905875582064562
car,ga,14,14,66,0.9905875582064562
car,ga,14,14,67,0.9905875582064562
car,ga,14,14,68,0.9905875582064562
car,ga,14,14,69,0.9905875582064562
car,ga,14,14,70,0.9905875582064562
car,ga,14,14,71,0.9905875582064562
car,ga,14,14,72,0.9905875582064562
car,ga,14,14,73,0.9905875582064562
car,ga,14,14,74,0.9905875582064562
car,ga,14,14,75,0.9905875582064562
car,ga,14,14,76,0.9905875582064562
car,ga,14,14,77,0.9905875582064562
car,ga,14,14,78,0.9905875582064562
car,ga,14,14,79,0.9905875582064562
car,ga,14,14,80,0.9905875582064562
car,ga,14,14,81,0.9905875582064562
car,ga,14,14,82,0.9905875582064562
car,ga,14,14,83,0.9905875582064562
car,ga,14,14,84,0.9905875582064562
car,ga,14,14,85,0.9905875582064562
car,ga,14,14,86,0.9905875582064562
car,ga,14,14,87,0.9905875582064562
car,ga,14,14,88,0.9905875582064562
car,ga,14,14,89,0.9905875582064562
car,ga,14,14,90,0.9905875582064562
car,ga,14,14,91,0.9905875582064562
car,ga,14,14,92,0.9905875582064562
car,ga,14,14,93,0.9905875582064562
car,ga,14,14,94,0.9905875582064562
car,ga,14,14,95,0.9905875582064562
car,ga,14,14,96,0.9905875582064562
car,ga,14,14,97,0.9905875582064562
car,ga,14,14,98,0.9905875582064562
car,ga,14,14,99,0.9905875582064562
car,ga,14,14,100,0.9905875582064562
car,sa,14,14,1,0.7004342594045937
car,sa,14,14,2,0.7004342594045937
car,sa,14,14,3,0.7004342594045937
car,sa,14,14,4,0.7004342594045937
car,sa,14,14,5,0.7004342594045937
car,sa,14,14,6,0.7004342594045937
car,sa,14,14,7,0.7004342594045937
car,sa,14,14,8,0.7004342594045937
car,sa,14,14,9,0.7004342594045937
car,sa,14,14,10,0.7004342594045937
car,sa,14,14,11,0.7004342594045937
car,sa,14,14,12,0.7004342594045937
car,sa,14,14,13,0.7004342594045937
car,sa,14,14,14,0.7004342594045937
car,sa,14,14,15,0.7004342594045937
car,sa,14,14,16,0.7004342594045937
car,sa,14,14,17,0.7004342594045937
car,sa,14,14,18,0.7004342594045937
car,sa,14,14,19,0.7004342594045937
car,sa,14,14,20,0.7004342594045937
car,sa,14,14,21,0.7004342594045937
car,sa,14,14,22,0.7004342594045937
car,sa,14,14,23,0.8408308481138492
car,sa,14,14,24,0.9819049861350914
car,sa,14,14,25,0.9819049861350914
car,sa,14,14,26,0.9819049861350914
car,sa,14,14,27,0.9819049861350914
car,sa,14,14,28,0.9819049861350914
car,sa,14,14,29,0.9819049861350914
car,sa,14,14,30,0.9819049861350914
car,sa,14,14,31,0.9819049861350914
car,sa,14,14,32,0.9819049861350914
car,sa,14,14,33,0.9819049861350914
car,sa,14,14,34,0.9819049861350914
car,sa,14,14,35,0.9819049861350914
car,sa,14,14,36,0.9819049861350914
car,sa,14,14,37,0.9819049861350914
car,sa,14,14,38,0.9826270077957412
car,sa,14,14,39,0.9826270077957412
car,sa,14,14,40,0.9826270077957412
car,sa,14,14,41,0.9862423481400093
car,sa,14,14,42,0.9862423481400093
car,sa,14,14,43,0.9862423481400093
car,sa,14,14,44,0.9862423481400093
car,sa,14,14,45,0.9862423481400093
car,sa,14,14,46,0.9862423481400093
car,sa,14,14,47,0.9862423481400093
car,sa,14,14,48,0.9862423481400093
car,sa,14,14,49,0.9862423481400093
car,sa,14,14,50,0.9862423481400093
car,sa,14,14,51,0.988413645162978
car,sa,14,14,52,0.988413645162978
car,sa,14,14,53,0.988413645162978
car,sa,14,14,54,0.9891356668236279
car,sa,14,14,55,0.9891356668236279
car,sa,14,14,56,0.9891356668236279
car,sa,14,14,57,0.9891356668236279
car,sa,14,14,58,0.9891408988646472
car,sa,14,14,59,0.9905849421859466
car,sa,14,14,60,0.9905849421859466
car,sa,14,14,61,0.9905849421859466
car,sa,14,14,62,0.9905849421859466
car,sa,14,14,63,0.9905849421859466
car,sa,14,14,64,0.9905849421859466
car,sa,14,14,65,0.9905849421859466
car,sa,14,14,66,0.9905849421859466
car,sa,14,14,67,0.9905849421859466
car,sa,14,14,68,0.9905849421859466
car,sa,14,14,69,0.9905849421859466
car,sa,14,14,70,0.9905849421859466
car,sa,14,14,71,0.9905849421859466
car,sa,14,14,72,0.9905849421859466
car,sa,14,14,73,0.9905849421859466
car,sa,14,14,74,0.9905849421859466
car,sa,14,14,75,0.9905849421859466
car,sa,14,14,76,0.9905849421859466
car,sa,14,14,77,0.9905849421859466
car,sa,14,14,78,0.9905849421859466
car,sa,14,14,79,0.9905849421859466
car,sa,14,14,80,0.9905849421859466
car,sa,14,14,81,0.9905849421859466
car,sa,14,14,82,0.9905849421859466
car,sa,14,14,83,0.9905849421859466
car,sa,14,14,84,0.9905849421859466
car,sa,14,14,85,0.9905849421859466
car,sa,14,14,86,0.9905849421859466
car,sa,14,14,87,0.9905849421859466
car,sa,14,14,88,0.9905849421859466
car,sa,14,14,89,0.9905849421859466
car,sa,14,14,90,0.9905849421859466
car,sa,14,14,91,0.9905849421859466
car,sa,14,14,92,0.9905849421859466
car,sa,14,14,93,0.9905849421859466
car,sa,14,14,94,0.9905849421859466
car,sa,14,14,95,0.9905849421859466
car,sa,14,14,96,0.9905849421859466
car,sa,14,14,97,0.9905849421859466
car,sa,14,14,98,0.9905849421859466
car,sa,14,14,99,0.9905849421859466
car,sa,14,14,100,0.9905875582064562
car,grid,15,15,1,0.7004342594045937
car,grid,15,15,2,0.7004342594045937
car,grid,15,15,3,0.7004342594045937
car,grid,15,15,4,0.7004342594045937
car,grid,15,15,5,0.7004342594045937
car,grid,15,15,6,0.7004342594045937
car,grid,15,15,7,0.7004342594045937
car,grid,15,15,8,0.7004342594045937
car,grid,15,15,9,0.7004342594045937
car,grid,15,15,10,0.7004342594045937
car,grid,15,15,11,0.7004342594045937
car,grid,15,15,12,0.7004342594045937
car,grid,15,15,13,0.7004342594045937
car,grid,15,15,14,0.7004342594045937
car,grid,15,15,15,0.7004342594045937
car,grid,15,15,16,0.8097106681316382
car,grid,15,15,17,0.8097106681316382
car,grid,15,15,18,0.8097106681316382
car,grid,15,15,19,0.8097106681316382
car,grid,15,15,20,0.8097106681316382
car,grid,15,15,21,0.8097106681316382
car,grid,15,15,22,0.8097106681316382
car,grid,15,15,23,0.8097106681316382
car,grid,15,15,24,0.8097106681316382
car,grid,15,15,25,0.8697404907654477
car,grid,15,15,26,0.9319913148119081
car,grid,15,15,27,0.9319913148119081
car,grid,15,15,28,0.9319913148119081
car,grid,15,15,29,0.9319913148119081
car,grid,15,15,30,0.9319913148119081
car,grid,15,15,31,0.9319913148119081
car,grid,15,15,32,0.9319913148119081
car,grid,15,15,33,0.9319913148119081
car,grid,15,15,34,0.9319913148119081
car,grid,15,15,35,0.9450086328676818
car,grid,15,15,36,0.9761157327473449
car,grid,15,15,37,0.9761157327473449
car,grid,15,15,38,0.9761157327473449
car,grid,15,15,39,0.9761157327473449
car,grid,15,15,40,0.9761157327473449
car,grid,15,15,41,0.9761157327473449
car,grid,15,15,42,0.9761157327473449
car,grid,15,15,43,0.9761157327473449
car,grid,15,15,44,0.9761157327473449
car,grid,15,15,45,0.9761157327473449
car,grid,15,15,46,0.988413645162978
car,grid,15,15,47,0.988413645162978
car,grid,15,15,48,0.988413645162978
car,grid,15,15,49,0.988413645162978
car,grid,15,15,50,0.988413645162978
car,grid,15,15,51,0.988413645162978
car,grid,15,15,52,0.988413645162978
car,grid,15,15,53,0.988413645162978
car,grid,15,15,54,0.988413645162978
car,grid,15,15,55,0.988413645162978
car,grid,15,15,56,0.988413645162978
car,grid,15,15,57,0.988413645162978
car,grid,15,15,58,0.988413645162978
car,grid,15,15,59,0.988413645162978
car,grid,15,15,60,0.988413645162978
car,grid,15,15,61,0.988413645162978
car,grid,15,15,62,0.988413645162978
car,grid,15,15,63,0.988413645162978
car,grid,15,15,64,0.988413645162978
car,grid,15,15,65,0.988413645162978
car,grid,15,15,66,0.988413645162978
car,grid,15,15,67,0.988413645162978
car,grid,15,15,68,0.988413645162978
car,grid,15,15,69,0.988413645162978
car,grid,15,15,70,0.988413645162978
car,grid,15,15,71,0.988413645162978
car,grid,15,15,72,0.988413645162978
car,grid,15,15,73,0.988413645162978
car,grid,15,15,74,0.988413645162978
car,grid,15,15,75,0.988413645162978
car,grid,15,15,76,0.988413645162978
car,grid,15,15,77,0.988413645162978
car,grid,15,15,78,0.988413645162978
car,grid,15,15,79,0.988413645162978
car,grid,15,15,80,0.988413645162978
car,grid,15,15,81,0.988413645162978
car,grid,15,15,82,0.988413645162978
car,grid,15,15,83,0.988413645162978
car,grid,15,15,84,0.988413645162978
car,grid,15,15,85,0.988413645162978
car,grid,15,15,86,0.988413645162978
car,grid,15,15,87,0.988413645162978
car,grid,15,15,88,0.988413645162978
car,grid,15,15,89,0.988413645162978
car,grid,15,15,90,0.988413645162978
car,grid,15,15,91,0.988413645162978
car,grid,15,15,92,0.988413645162978
car,grid,15,15,93,0.988413645162978
car,grid,15,15,94,0.988413645162978
car,grid,15,15,95,0.988413645162978
car,grid,15,15,96,0.988413645162978
car,grid,15,15,97,0.988413645162978
car,grid,15,15,98,0.988413645162978
car,grid,15,15,99,0.988413645162978
car,grid,15,15,100,0.988413645162978
car,random,15,15,1,0.9565792915816461
car,random,15,15,2,0.9565792915816461
car,random,15,15,3,0.9565792915816461
car,random,15,15,4,0.9565792915816461
car,random,15,15,5,0.9565792915816461
car,random,15,15,6,0.9840710511170407
car,random,15,15,7,0.9840710511170407
car,random,15,15,8,0.9840710511170407
car,random,15,15,9,0.9840710511170407
car,random,15,15,10,0.9840710511170407
car,random,15,15,11,0.98551771045885
car,random,15,15,12,0.9891408988646472
car,random,15,15,13,0.9891408988646472
car,random,15,15,14,0.9891408988646472
car,random,15,15,15,0.9891408988646472
car,random,15,15,16,0.9891408988646472
car,random,15,15,17,0.9891408988646472
car,random,15,15,18,0.9891408988646472
car,random,15,15,19,0.9891408988646472
car,random,15,15,20,0.9891408988646472
car,random,15,15,21,0.9891408988646472
car,random,15,15,22,0.9891408988646472
car,random,15,15,23,0.9891408988646472
car,random,15,15,24,0.9891408988646472
car,random,15,15,25,0.9891408988646472
car,random,15,15,26,0.9891408988646472
car,random,15,15,27,0.9891408988646472
car,random,15,15,28,0.9891408988646472
car,random,15,15,29,0.9891408988646472
car,random,15,15,30,0.9891408988646472
car,random,15,15,31,0.9891408988646472
car,random,15,15,32,0.9891408988646472
car,random,15,15,33,0.9891408988646472
car,random,15,15,34,0.9891408988646472
car,random,15,15,35,0.9891408988646472
car,random,15,15,36,0.9891408988646472
car,random,15,15,37,0.9891408988646472
car,random,15,15,38,0.9891408988646472
car,random,15,15,39,0.9891408988646472
car,random,15,15,40,0.9891408988646472
car,random,15,15,41,0.9891408988646472
car,random,15,15,42,0.9891408988646472
car,random,15,15,43,0.9891408988646472
car,random,15,15,44,0.9905875582064562
car,random,15,15,45,0.9905875582064562
car,random,15,15,46,0.9905875582064562
car,random,15,15,47,0.9905875582064562
car,random,15,15,48,0.9905875582064562
car,random,15,15,49,0.9905875582064562
car,random,15,15,50,0.9905875582064562
car,random,15,15,51,0.9905875582064562
car,random,15,15,52,0.9905875582064562
car,random,15,15,53,0.9905875582064562
car,random,15,15,54,0.9905875582064562
car,random,15,15,55,0.9905875582064562
car,random,15,15,56,0.9905875582064562
car,random,15,15,57,0.9905875582064562
car,random,15,15,58,0.9905875582064562
car,random,15,15,59,0.9905875582064562
car,random,15,15,60,0.9905875582064562
car,random,15,15,61,0.9905875582064562
car,random,15,15,62,0.9905875582064562
car,random,15,15,63,0.9905875582064562
car,random,15,15,64,0.9905875582064562
car,random,15,15,65,0.9905875582064562
car,random,15,15,66,0.9905875582064562
car,random,15,15,67,0.9905875582064562
car,random,15,15,68,0.9905875582064562
car,random,15,15,69,0.9905875582064562
car,random,15,15,70,0.9905875582064562
car,random,15,15,71,0.9905875582064562
car,random,15,15,72,0.9905875582064562
car,random,15,15,73,0.9905875582064562
car,random,15,15,74,0.9905875582064562
car,random,15,15,75,0.9905875582064562
car,random,15,15,76,0.9905875582064562
car,random,15,15,77,0.9905875582064562
car,random,15,15,78,0.9905875582064562
car,random,15,15,79,0.9905875582064562
car,random,15,15,80,0.9905875582064562
car,random,15,15,81,0.9905875582064562
car,random,15,15,82,0.9905875582064562
car,random,15,15,83,0.9905875582064562
car,random,15,15,84,0.9905875582064562
car,random,15,15,85,0.9905875582064562
car,random,15,15,86,0.9905875582064562
car,random,15,15,87,0.9905875582064562
car,random,15,15,88,0.9905875582064562
car,random,15,15,89,0.9905875582064562
car,random,15,15,90,0.9905875582064562
car,random,15,15,91,0.9905875582064562
car,random,15,15,92,0.9905875582064562
car,random,15,15,93,0.9905875582064562
car,random,15,15,94,0.9905875582064562
car,random,15,15,95,0.9905875582064562
car,random,15,15,96,0.9905875582064562
car,random,15,15,97,0.9905875582064562
car,random,15,15,98,0.9905875582064562
car,random,15,15,99,0.9905875582064562
car,random,15,15,100,0.9905875582064562
car,bo_tpe,15,15,1,0.9565792915816461
car,bo_tpe,15,15,2,0.9565792915816461
car,bo_tpe,15,15,3,0.9565792915816461
car,bo_tpe,15,15,4,0.9565792915816461
car,bo_tpe,15,15,5,0.9565792915816461
car,bo_tpe,15,15,6,0.9840710511170407
car,bo_tpe,15,15,7,0.9840710511170407
car,bo_tpe,15,15,8,0.9840710511170407
car,bo_tpe,15,15,9,0.9840710511170407
car,bo_tpe,15,15,10,0.9840710511170407
car,bo_tpe,15,15,11,0.9840710511170407
car,bo_tpe,15,15,12,0.9905875582064562
car,bo_tpe,15,15,13,0.9905875582064562
car,bo_tpe,15,15,14,0.9905875582064562
car,bo_tpe,15,15,15,0.9905875582064562
car,bo_tpe,15,15,16,0.9905875582064562
car,bo_tpe,15,15,17,0.9905875582064562
car,bo_tpe,15,15,18,0.9905875582064562
car,bo_tpe,15,15,19,0.9905875582064562
car,bo_tpe,15,15,20,0.9905875582064562
car,bo_tpe,15,15,21,0.9905875582064562
car,bo_tpe,15,15,22,0.9905875582064562
car,bo_tpe,15,15,23,0.9905875582064562
car,bo_tpe,15,15,24,0.9905875582064562
car,bo_tpe,15,15,25,0.9905875582064562
car,bo_tpe,15,15,26,0.9905875582064562
car,bo_tpe,15,15,27,0.9905875582064562
car,bo_tpe,15,15,28,0.9905875582064562
car,bo_tpe,15,15,29,0.9905875582064562
car,bo_tpe,15,15,30,0.9905875582064562
car,bo_tpe,15,15,31,0.9905875582064562
car,bo_tpe,15,15,32,0.9905875582064562
car,bo_tpe,15,15,33,0.9905875582064562
car,bo_tpe,15,15,34,0.9905875582064562
car,bo_tpe,15,15,35,0.9905875582064562
car,bo_tpe,15,15,36,0.9905875582064562
car,bo_tpe,15,15,37,0.9905875582064562
car,bo_tpe,15,15,38,0.9905875582064562
car,bo_tpe,15,15,39,0.9905875582064562
car,bo_tpe,15,15,40,0.9905875582064562
car,bo_tpe,15,15,41,0.9905875582064562
car,bo_tpe,15,15,42,0.9905875582064562
car,bo_tpe,15,15,43,0.9905875582064562
car,bo_tpe,15,15,44,0.9905875582064562
car,bo_tpe,15,15,45,0.9905875582064562
car,bo_tpe,15,15,46,0.9905875582064562
car,bo_tpe,15,15,47,0.9905875582064562
car,bo_tpe,15,15,48,0.9905875582064562
car,bo_tpe,15,15,49,0.9905875582064562
car,bo_tpe,15,15,50,0.9905875582064562
car,bo_tpe,15,15,51,0.9905875582064562
car,bo_tpe,15,15,52,0.9905875582064562
car,bo_tpe,15,15,53,0.9905875582064562
car,bo_tpe,15,15,54,0.9905875582064562
car,bo_tpe,15,15,55,0.9905875582064562
car,bo_tpe,15,15,56,0.9905875582064562
car,bo_tpe,15,15,57,0.9905875582064562
car,bo_tpe,15,15,58,0.9905875582064562
car,bo_tpe,15,15,59,0.9905875582064562
car,bo_tpe,15,15,60,0.9905875582064562
car,bo_tpe,15,15,61,0.9905875582064562
car,bo_tpe,15,15,62,0.9905875582064562
car,bo_tpe,15,15,63,0.9905875582064562
car,bo_tpe,15,15,64,0.9905875582064562
car,bo_tpe,15,15,65,0.9905875582064562
car,bo_tpe,15,15,66,0.9905875582064562
car,bo_tpe,15,15,67,0.9905875582064562
car,bo_tpe,15,15,68,0.9905875582064562
car,bo_tpe,15,15,69,0.9905875582064562
car,bo_tpe,15,15,70,0.9905875582064562
car,bo_tpe,15,15,71,0.9905875582064562
car,bo_tpe,15,15,72,0.9905875582064562
car,bo_tpe,15,15,73,0.9905875582064562
car,bo_tpe,15,15,74,0.9905875582064562
car,bo_tpe,15,15,75,0.9905875582064562
car,bo_tpe,15,15,76,0.9905875582064562
car,bo_tpe,15,15,77,0.9905875582064562
car,bo_tpe,15,15,78,0.9905875582064562
car,bo_tpe,15,15,79,0.9905875582064562
car,bo_tpe,15,15,80,0.9905875582064562
car,bo_tpe,15,15,81,0.9905875582064562
car,bo_tpe,15,15,82,0.9905875582064562
car,bo_tpe,15,15,83,0.9905875582064562
car,bo_tpe,15,15,84,0.9905875582064562
car,bo_tpe,15,15,85,0.9905875582064562
car,bo_tpe,15,15,86,0.9905875582064562
car,bo_tpe,15,15,87,0.9905875582064562
car,bo_tpe,15,15,88,0.9905875582064562
car,bo_tpe,15,15,89,0.9905875582064562
car,bo_tpe,15,15,90,0.9905875582064562
car,bo_tpe,15,15,91,0.9905875582064562
car,bo_tpe,15,15,92,0.9905875582064562
car,bo_tpe,15,15,93,0.9905875582064562
car,bo_tpe,15,15,94,0.9905875582064562
car,bo_tpe,15,15,95,0.9905875582064562
car,bo_tpe,15,15,96,0.9905875582064562
car,bo_tpe,15,15,97,0.9905875582064562
car,bo_tpe,15,15,98,0.9905875582064562
car,bo_tpe,15,15,99,0.9905875582064562
car,bo_tpe,15,15,100,0.9905875582064562
car,pso,15,15,1,0.7004342594045937
car,pso,15,15,2,0.7018809187464029
car,pso,15,15,3,0.8704703604876262
car,pso,15,15,4,0.8704703604876262
car,pso,15,15,5,0.8704703604876262
car,pso,15,15,6,0.8704703604876262
car,pso,15,15,7,0.8704703604876262
car,pso,15,15,8,0.9522471616177471
car,pso,15,15,9,0.9522471616177471
car,pso,15,15,10,0.9522471616177471
car,pso,15,15,11,0.9905875582064562
car,pso,15,15,12,0.9905875582064562
car,pso,15,15,13,0.9905875582064562
car,pso,15,15,14,0.9905875582064562
car,pso,15,15,15,0.9905875582064562
car,pso,15,15,16,0.9905875582064562
car,pso,15,15,17,0.9905875582064562
car,pso,15,15,18,0.9905875582064562
car,pso,15,15,19,0.9905875582064562
car,pso,15,15,20,0.9905875582064562
car,pso,15,15,21,0.9905875582064562
car,pso,15,15,22,0.9905875582064562
car,pso,15,15,23,0.9905875582064562
car,pso,15,15,24,0.9905875582064562
car,pso,15,15,25,0.9905875582064562
car,pso,15,15,26,0.9905875582064562
car,pso,15,15,27,0.9905875582064562
car,pso,15,15,28,0.9905875582064562
car,pso,15,15,29,0.9905875582064562
car,pso,15,15,30,0.9905875582064562
car,pso,15,15,31,0.9905875582064562
car,pso,15,15,32,0.9905875582064562
car,pso,15,15,33,0.9905875582064562
car,pso,15,15,34,0.9905875582064562
car,pso,15,15,35,0.9905875582064562
car,pso,15,15,36,0.9905875582064562
car,pso,15,15,37,0.9905875582064562
car,pso,15,15,38,0.9905875582064562
car,pso,15,15,39,0.9905875582064562
car,pso,15,15,40,0.9905875582064562
car,pso,15,15,41,0.9905875582064562
car,pso,15,15,42,0.9905875582064562
car,pso,15,15,43,0.9905875582064562
car,pso,15,15,44,0.9905875582064562
car,pso,15,15,45,0.9905875582064562
car,pso,15,15,46,0.9905875582064562
car,pso,15,15,47,0.9905875582064562
car,pso,15,15,48,0.9905875582064562
car,pso,15,15,49,0.9905875582064562
car,pso,15,15,50,0.9905875582064562
car,pso,15,15,51,0.9905875582064562
car,pso,15,15,52,0.9905875582064562
car,pso,15,15,53,0.9905875582064562
car,pso,15,15,54,0.9905875582064562
car,pso,15,15,55,0.9905875582064562
car,pso,15,15,56,0.9905875582064562
car,pso,15,15,57,0.9905875582064562
car,pso,15,15,58,0.9905875582064562
car,pso,15,15,59,0.9905875582064562
car,pso,15,15,60,0.9905875582064562
car,pso,15,15,61,0.9905875582064562
car,pso,15,15,62,0.9905875582064562
car,pso,15,15,63,0.9905875582064562
car,pso,15,15,64,0.9905875582064562
car,pso,15,15,65,0.9905875582064562
car,pso,15,15,66,0.9905875582064562
car,pso,15,15,67,0.9905875582064562
car,pso,15,15,68,0.9905875582064562
car,pso,15,15,69,0.9905875582064562
car,pso,15,15,70,0.9905875582064562
car,pso,15,15,71,0.9905875582064562
car,pso,15,15,72,0.9905875582064562
car,pso,15,15,73,0.9905875582064562
car,pso,15,15,74,0.9905875582064562
car,pso,15,15,75,0.9905875582064562
car,pso,15,15,76,0.9905875582064562
car,pso,15,15,77,0.9905875582064562
car,pso,15,15,78,0.9905875582064562
car,pso,15,15,79,0.9905875582064562
car,pso,15,15,80,0.9905875582064562
car,pso,15,15,81,0.9905875582064562
car,pso,15,15,82,0.9905875582064562
car,pso,15,15,83,0.9905875582064562
car,pso,15,15,84,0.9905875582064562
car,pso,15,15,85,0.9905875582064562
car,pso,15,15,86,0.9905875582064562
car,pso,15,15,87,0.9905875582064562
car,pso,15,15,88,0.9905875582064562
car,pso,15,15,89,0.9905875582064562
car,pso,15,15,90,0.9905875582064562
car,pso,15,15,91,0.9905875582064562
car,pso,15,15,92,0.9905875582064562
car,pso,15,15,93,0.9905875582064562
car,pso,15,15,94,0.9905875582064562
car,pso,15,15,95,0.9905875582064562
car,pso,15,15,96,0.9905875582064562
car,pso,15,15,97,0.9905875582064562
car,pso,15,15,98,0.9905875582064562
car,pso,15,15,99,0.9905875582064562
car,pso,15,15,100,0.9905875582064562
car,de,15,15,1,0.7004342594045937
car,de,15,15,2,0.7004342594045937
car,de,15,15,3,0.9102626484591638
car,de,15,15,4,0.988413645162978
car,de,15,15,5,0.988413645162978
car,de,15,15,6,0.988413645162978
car,de,15,15,7,0.988413645162978
car,de,15,15,8,0.988413645162978
car,de,15,15,9,0.988413645162978
car,de,15,15,10,0.988413645162978
car,de,15,15,11,0.988413645162978
car,de,15,15,12,0.988413645162978
car,de,15,15,13,0.988413645162978
car,de,15,15,14,0.9884162611834876
car,de,15,15,15,0.9884162611834876
car,de,15,15,16,0.9884162611834876
car,de,15,15,17,0.9884162611834876
car,de,15,15,18,0.9884162611834876
car,de,15,15,19,0.9884162611834876
car,de,15,15,20,0.9884162611834876
car,de,15,15,21,0.9884162611834876
car,de,15,15,22,0.9884162611834876
car,de,15,15,23,0.9884162611834876
car,de,15,15,24,0.9884162611834876
car,de,15,15,25,0.9884162611834876
car,de,15,15,26,0.9884162611834876
car,de,15,15,27,0.9884162611834876
car,de,15,15,28,0.9884162611834876
car,de,15,15,29,0.9884162611834876
car,de,15,15,30,0.9884162611834876
car,de,15,15,31,0.9884162611834876
car,de,15,15,32,0.9884162611834876
car,de,15,15,33,0.9884162611834876
car,de,15,15,34,0.9884162611834876
car,de,15,15,35,0.9884162611834876
car,de,15,15,36,0.9884162611834876
car,de,15,15,37,0.9884162611834876
car,de,15,15,38,0.9884162611834876
car,de,15,15,39,0.9884162611834876
car,de,15,15,40,0.9884162611834876
car,de,15,15,41,0.9884162611834876
car,de,15,15,42,0.9884162611834876
car,de,15,15,43,0.9884162611834876
car,de,15,15,44,0.9884162611834876
car,de,15,15,45,0.9884162611834876
car,de,15,15,46,0.9884162611834876
car,de,15,15,47,0.9891408988646472
car,de,15,15,48,0.9891408988646472
car,de,15,15,49,0.9891408988646472
car,de,15,15,50,0.9891408988646472
car,de,15,15,51,0.9891408988646472
car,de,15,15,52,0.9891408988646472
car,de,15,15,53,0.9891408988646472
car,de,15,15,54,0.9905875582064562
car,de,15,15,55,0.9905875582064562
car,de,15,15,56,0.9905875582064562
car,de,15,15,57,0.9905875582064562
car,de,15,15,58,0.9905875582064562
car,de,15,15,59,0.9905875582064562
car,de,15,15,60,0.9905875582064562
car,de,15,15,61,0.9905875582064562
car,de,15,15,62,0.9905875582064562
car,de,15,15,63,0.9905875582064562
car,de,15,15,64,0.9905875582064562
car,de,15,15,65,0.9905875582064562
car,de,15,15,66,0.9905875582064562
car,de,15,15,67,0.9905875582064562
car,de,15,15,68,0.9905875582064562
car,de,15,15,69,0.9905875582064562
car,de,15,15,70,0.9905875582064562
car,de,15,15,71,0.9905875582064562
car,de,15,15,72,0.9905875582064562
car,de,15,15,73,0.9905875582064562
car,de,15,15,74,0.9905875582064562
car,de,15,15,75,0.9905875582064562
car,de,15,15,76,0.9905875582064562
car,de,15,15,77,0.9905875582064562
car,de,15,15,78,0.9905875582064562
car,de,15,15,79,0.9905875582064562
car,de,15,15,80,0.9905875582064562
car,de,15,15,81,0.9905875582064562
car,de,15,15,82,0.9905875582064562
car,de,15,15,83,0.9905875582064562
car,de,15,15,84,0.9905875582064562
car,de,15,15,85,0.9905875582064562
car,de,15,15,86,0.9905875582064562
car,de,15,15,87,0.9905875582064562
car,de,15,15,88,0.9905875582064562
car,de,15,15,89,0.9905875582064562
car,de,15,15,90,0.9905875582064562
car,de,15,15,91,0.9905875582064562
car,de,15,15,92,0.9905875582064562
car,de,15,15,93,0.9905875582064562
car,de,15,15,94,0.9905875582064562
car,de,15,15,95,0.9905875582064562
car,de,15,15,96,0.9905875582064562
car,de,15,15,97,0.9905875582064562
car,de,15,15,98,0.9905875582064562
car,de,15,15,99,0.9905875582064562
car,de,15,15,100,0.9905875582064562
car,ga,15,15,1,0.7004342594045937
car,ga,15,15,2,0.7004342594045937
car,ga,15,15,3,0.9102626484591638
car,ga,15,15,4,0.988413645162978
car,ga,15,15,5,0.988413645162978
car,ga,15,15,6,0.988413645162978
car,ga,15,15,7,0.988413645162978
car,ga,15,15,8,0.988413645162978
car,ga,15,15,9,0.988413645162978
car,ga,15,15,10,0.988413645162978
car,ga,15,15,11,0.988413645162978
car,ga,15,15,12,0.988413645162978
car,ga,15,15,13,0.988413645162978
car,ga,15,15,14,0.9884162611834876
car,ga,15,15,15,0.9884162611834876
car,ga,15,15,16,0.9884162611834876
car,ga,15,15,17,0.9884162611834876
car,ga,15,15,18,0.9884162611834876
car,ga,15,15,19,0.9884162611834876
car,ga,15,15,20,0.9884162611834876
car,ga,15,15,21,0.9884162611834876
car,ga,15,15,22,0.9884162611834876
car,ga,15,15,23,0.9884162611834876
car,ga,15,15,24,0.9884162611834876
car,ga,15,15,25,0.9884162611834876
car,ga,15,15,26,0.9884162611834876
car,ga,15,15,27,0.9884162611834876
car,ga,15,15,28,0.9884162611834876
car,ga,15,15,29,0.9884162611834876
car,ga,15,15,30,0.9884162611834876
car,ga,15,15,31,0.9884162611834876
car,ga,15,15,32,0.9884162611834876
car,ga,15,15,33,0.9884162611834876
car,ga,15,15,34,0.9884162611834876
car,ga,15,15,35,0.9884162611834876
car,ga,15,15,36,0.9884162611834876
car,ga,15,15,37,0.9884162611834876
car,ga,15,15,38,0.9884162611834876
car,ga,15,15,39,0.9884162611834876
car,ga,15,15,40,0.9884162611834876
car,ga,15,15,41,0.9884162611834876
car,ga,15,15,42,0.9884162611834876
car,ga,15,15,43,0.9884162611834876
car,ga,15,15,44,0.9884162611834876
car,ga,15,15,45,0.9884162611834876
car,ga,15,15,46,0.9884162611834876
car,ga,15,15,47,0.9884162611834876
car,ga,15,15,48,0.9884162611834876
car,ga,15,15,49,0.9884162611834876
car,ga,15,15,50,0.9884162611834876
car,ga,15,15,51,0.9884162611834876
car,ga,15,15,52,0.9884162611834876
car,ga,15,15,53,0.9884162611834876
car,ga,15,15,54,0.9884162611834876
car,ga,15,15,55,0.9884162611834876
car,ga,15,15,56,0.9884162611834876
car,ga,15,15,57,0.9884162611834876
car,ga,15,15,58,0.9884162611834876
car,ga,15,15,59,0.9884162611834876
car,ga,15,15,60,0.9884162611834876
car,ga,15,15,61,0.9884162611834876
car,ga,15,15,62,0.9884162611834876
car,ga,15,15,63,0.9891356668236279
car,ga,15,15,64,0.9891356668236279
car,ga,15,15,65,0.9891356668236279
car,ga,15,15,66,0.9891356668236279
car,ga,15,15,67,0.9891356668236279
car,ga,15,15,68,0.9891356668236279
car,ga,15,15,69,0.9891356668236279
car,ga,15,15,70,0.9891356668236279
car,ga,15,15,71,0.9891356668236279
car,ga,15,15,72,0.9891356668236279
car,ga,15,15,73,0.9891356668236279
car,ga,15,15,74,0.9891356668236279
car,ga,15,15,75,0.9891356668236279
car,ga,15,15,76,0.9891356668236279
car,ga,15,15,77,0.9891382828441374
car,ga,15,15,78,0.9891382828441374
car,ga,15,15,79,0.9891382828441374
car,ga,15,15,80,0.9891382828441374
car,ga,15,15,81,0.9905875582064562
car,ga,15,15,82,0.9905875582064562
car,ga,15,15,83,0.9905875582064562
car,ga,15,15,84,0.9905875582064562
car,ga,15,15,85,0.9905875582064562
car,ga,15,15,86,0.9905875582064562
car,ga,15,15,87,0.9905875582064562
car,ga,15,15,88,0.9905875582064562
car,ga,15,15,89,0.9905875582064562
car,ga,15,15,90,0.9905875582064562
car,ga,15,15,91,0.9905875582064562
car,ga,15,15,92,0.9905875582064562
car,ga,15,15,93,0.9905875582064562
car,ga,15,15,94,0.9905875582064562
car,ga,15,15,95,0.9905875582064562
car,ga,15,15,96,0.9905875582064562
car,ga,15,15,97,0.9905875582064562
car,ga,15,15,98,0.9905875582064562
car,ga,15,15,99,0.9905875582064562
car,ga,15,15,100,0.9905875582064562
car,sa,15,15,1,0.9565792915816461
car,sa,15,15,2,0.9565792915816461
car,sa,15,15,3,0.9565792915816461
car,sa,15,15,4,0.9565792915816461
car,sa,15,15,5,0.9565792915816461
car,sa,15,15,6,0.9565792915816461
car,sa,15,15,7,0.9565792915816461
car,sa,15,15,8,0.9565792915816461
car,sa,15,15,9,0.9565792915816461
car,sa,15,15,10,0.9565792915816461
car,sa,15,15,11,0.9565792915816461
car,sa,15,15,12,0.9565792915816461
car,sa,15,15,13,0.9855203264793596
car,sa,15,15,14,0.9855203264793596
car,sa,15,15,15,0.9855203264793596
car,sa,15,15,16,0.9855203264793596
car,sa,15,15,17,0.9855203264793596
car,sa,15,15,18,0.9855203264793596
car,sa,15,15,19,0.9855203264793596
car,sa,15,15,20,0.9891408988646472
car,sa,15,15,21,0.9891408988646472
car,sa,15,15,22,0.9891408988646472
car,sa,15,15,23,0.9891408988646472
car,sa,15,15,24,0.9891408988646472
car,sa,15,15,25,0.9891408988646472
car,sa,15,15,26,0.9891408988646472
car,sa,15,15,27,0.9891408988646472
car,sa,15,15,28,0.9891408988646472
car,sa,15,15,29,0.9905849421859466
car,sa,15,15,30,0.9905849421859466
car,sa,15,15,31,0.9905849421859466
car,sa,15,15,32,0.9905849421859466
car,sa,15,15,33,0.9905849421859466
car,sa,15,15,34,0.9905849421859466
car,sa,15,15,35,0.9905875582064562
car,sa,15,15,36,0.9905875582064562
car,sa,15,15,37,0.9905875582064562
car,sa,15,15,38,0.9905875582064562
car,sa,15,15,39,0.9905875582064562
car,sa,15,15,40,0.9905875582064562
car,sa,15,15,41,0.9905875582064562
car,sa,15,15,42,0.9905875582064562
car,sa,15,15,43,0.9905875582064562
car,sa,15,15,44,0.9905875582064562
car,sa,15,15,45,0.9905875582064562
car,sa,15,15,46,0.9905875582064562
car,sa,15,15,47,0.9905875582064562
car,sa,15,15,48,0.9905875582064562
car,sa,15,15,49,0.9905875582064562
car,sa,15,15,50,0.9905875582064562
car,sa,15,15,51,0.9905875582064562
car,sa,15,15,52,0.9905875582064562
car,sa,15,15,53,0.9905875582064562
car,sa,15,15,54,0.9905875582064562
car,sa,15,15,55,0.9905875582064562
car,sa,15,15,56,0.9905875582064562
car,sa,15,15,57,0.9905875582064562
car,sa,15,15,58,0.9905875582064562
car,sa,15,15,59,0.9905875582064562
car,sa,15,15,60,0.9905875582064562
car,sa,15,15,61,0.9905875582064562
car,sa,15,15,62,0.9905875582064562
car,sa,15,15,63,0.9905875582064562
car,sa,15,15,64,0.9905875582064562
car,sa,15,15,65,0.9905875582064562
car,sa,15,15,66,0.9905875582064562
car,sa,15,15,67,0.9905875582064562
car,sa,15,15,68,0.9905875582064562
car,sa,15,15,69,0.9905875582064562
car,sa,15,15,70,0.9905875582064562
car,sa,15,15,71,0.9905875582064562
car,sa,15,15,72,0.9905875582064562
car,sa,15,15,73,0.9905875582064562
car,sa,15,15,74,0.9905875582064562
car,sa,15,15,75,0.9905875582064562
car,sa,15,15,76,0.9905875582064562
car,sa,15,15,77,0.9905875582064562
car,sa,15,15,78,0.9905875582064562
car,sa,15,15,79,0.9905875582064562
car,sa,15,15,80,0.9905875582064562
car,sa,15,15,81,0.9905875582064562
car,sa,15,15,82,0.9905875582064562
car,sa,15,15,83,0.9905875582064562
car,sa,15,15,84,0.9905875582064562
car,sa,15,15,85,0.9905875582064562
car,sa,15,15,86,0.9905875582064562
car,sa,15,15,87,0.9905875582064562
car,sa,15,15,88,0.9905875582064562
car,sa,15,15,89,0.9905875582064562
car,sa,15,15,90,0.9905875582064562
car,sa,15,15,91,0.9905875582064562
car,sa,15,15,92,0.9905875582064562
car,sa,15,15,93,0.9905875582064562
car,sa,15,15,94,0.9905875582064562
car,sa,15,15,95,0.9905875582064562
car,sa,15,15,96,0.9905875582064562
car,sa,15,15,97,0.9905875582064562
car,sa,15,15,98,0.9905875582064562
car,sa,15,15,99,0.9905875582064562
car,sa,15,15,100,0.9905875582064562
car,grid,16,16,1,0.7004342594045937
car,grid,16,16,2,0.7004342594045937
car,grid,16,16,3,0.7004342594045937
car,grid,16,16,4,0.7004342594045937
car,grid,16,16,5,0.7004342594045937
car,grid,16,16,6,0.7004342594045937
car,grid,16,16,7,0.7004342594045937
car,grid,16,16,8,0.7004342594045937
car,grid,16,16,9,0.7004342594045937
car,grid,16,16,10,0.7004342594045937
car,grid,16,16,11,0.7004342594045937
car,grid,16,16,12,0.7004342594045937
car,grid,16,16,13,0.7004342594045937
car,grid,16,16,14,0.7004342594045937
car,grid,16,16,15,0.7004342594045937
car,grid,16,16,16,0.8097106681316382
car,grid,16,16,17,0.8097106681316382
car,grid,16,16,18,0.8097106681316382
car,grid,16,16,19,0.8097106681316382
car,grid,16,16,20,0.8097106681316382
car,grid,16,16,21,0.8097106681316382
car,grid,16,16,22,0.8097106681316382
car,grid,16,16,23,0.8097106681316382
car,grid,16,16,24,0.8097106681316382
car,grid,16,16,25,0.8697404907654477
car,grid,16,16,26,0.9319913148119081
car,grid,16,16,27,0.9319913148119081
car,grid,16,16,28,0.9319913148119081
car,grid,16,16,29,0.9319913148119081
car,grid,16,16,30,0.9319913148119081
car,grid,16,16,31,0.9319913148119081
car,grid,16,16,32,0.9319913148119081
car,grid,16,16,33,0.9319913148119081
car,grid,16,16,34,0.9319913148119081
car,grid,16,16,35,0.9450086328676818
car,grid,16,16,36,0.9761157327473449
car,grid,16,16,37,0.9761157327473449
car,grid,16,16,38,0.9761157327473449
car,grid,16,16,39,0.9761157327473449
car,grid,16,16,40,0.9761157327473449
car,grid,16,16,41,0.9761157327473449
car,grid,16,16,42,0.9761157327473449
car,grid,16,16,43,0.9761157327473449
car,grid,16,16,44,0.9761157327473449
car,grid,16,16,45,0.9761157327473449
car,grid,16,16,46,0.988413645162978
car,grid,16,16,47,0.988413645162978
car,grid,16,16,48,0.988413645162978
car,grid,16,16,49,0.988413645162978
car,grid,16,16,50,0.988413645162978
car,grid,16,16,51,0.988413645162978
car,grid,16,16,52,0.988413645162978
car,grid,16,16,53,0.988413645162978
car,grid,16,16,54,0.988413645162978
car,grid,16,16,55,0.988413645162978
car,grid,16,16,56,0.988413645162978
car,grid,16,16,57,0.988413645162978
car,grid,16,16,58,0.988413645162978
car,grid,16,16,59,0.988413645162978
car,grid,16,16,60,0.988413645162978
car,grid,16,16,61,0.988413645162978
car,grid,16,16,62,0.988413645162978
car,grid,16,16,63,0.988413645162978
car,grid,16,16,64,0.988413645162978
car,grid,16,16,65,0.988413645162978
car,grid,16,16,66,0.988413645162978
car,grid,16,16,67,0.988413645162978
car,grid,16,16,68,0.988413645162978
car,grid,16,16,69,0.988413645162978
car,grid,16,16,70,0.988413645162978
car,grid,16,16,71,0.988413645162978
car,grid,16,16,72,0.988413645162978
car,grid,16,16,73,0.988413645162978
car,grid,16,16,74,0.988413645162978
car,grid,16,16,75,0.988413645162978
car,grid,16,16,76,0.988413645162978
car,grid,16,16,77,0.988413645162978
car,grid,16,16,78,0.988413645162978
car,grid,16,16,79,0.988413645162978
car,grid,16,16,80,0.988413645162978
car,grid,16,16,81,0.988413645162978
car,grid,16,16,82,0.988413645162978
car,grid,16,16,83,0.988413645162978
car,grid,16,16,84,0.988413645162978
car,grid,16,16,85,0.988413645162978
car,grid,16,16,86,0.988413645162978
car,grid,16,16,87,0.988413645162978
car,grid,16,16,88,0.988413645162978
car,grid,16,16,89,0.988413645162978
car,grid,16,16,90,0.988413645162978
car,grid,16,16,91,0.988413645162978
car,grid,16,16,92,0.988413645162978
car,grid,16,16,93,0.988413645162978
car,grid,16,16,94,0.988413645162978
car,grid,16,16,95,0.988413645162978
car,grid,16,16,96,0.988413645162978
car,grid,16,16,97,0.988413645162978
car,grid,16,16,98,0.988413645162978
car,grid,16,16,99,0.988413645162978
car,grid,16,16,100,0.988413645162978
car,random,16,16,1,0.9182362789724271
car,random,16,16,2,0.9182362789724271
car,random,16,16,3,0.9182362789724271
car,random,16,16,4,0.9334353581332078
car,random,16,16,5,0.9334353581332078
car,random,16,16,6,0.9334353581332078
car,random,16,16,7,0.9334353581332078
car,random,16,16,8,0.9334353581332078
car,random,16,16,9,0.9876916235023282
car,random,16,16,10,0.9876916235023282
car,random,16,16,11,0.9876916235023282
car,random,16,16,12,0.9898655365458066
car,random,16,16,13,0.9898655365458066
car,random,16,16,14,0.9905849421859466
car,random,16,16,15,0.9905849421859466
car,random,16,16,16,0.9905849421859466
car,random,16,16,17,0.9905849421859466
car,random,16,16,18,0.9905849421859466
car,random,16,16,19,0.9905849421859466
car,random,16,16,20,0.9905849421859466
car,random,16,16,21,0.9905849421859466
car,random,16,16,22,0.9905849421859466
car,random,16,16,23,0.9905849421859466
car,random,16,16,24,0.9905849421859466
car,random,16,16,25,0.9905849421859466
car,random,16,16,26,0.9905849421859466
car,random,16,16,27,0.9905849421859466
car,random,16,16,28,0.9905849421859466
car,random,16,16,29,0.9905849421859466
car,random,16,16,30,0.9905849421859466
car,random,16,16,31,0.9905849421859466
car,random,16,16,32,0.9905849421859466
car,random,16,16,33,0.9905875582064562
car,random,16,16,34,0.9905875582064562
car,random,16,16,35,0.9905875582064562
car,random,16,16,36,0.9905875582064562
car,random,16,16,37,0.9905875582064562
car,random,16,16,38,0.9905875582064562
car,random,16,16,39,0.9905875582064562
car,random,16,16,40,0.9905875582064562
car,random,16,16,41,0.9905875582064562
car,random,16,16,42,0.9905875582064562
car,random,16,16,43,0.9905875582064562
car,random,16,16,44,0.9905875582064562
car,random,16,16,45,0.9905875582064562
car,random,16,16,46,0.9905875582064562
car,random,16,16,47,0.9905875582064562
car,random,16,16,48,0.9905875582064562
car,random,16,16,49,0.9905875582064562
car,random,16,16,50,0.9905875582064562
car,random,16,16,51,0.9905875582064562
car,random,16,16,52,0.9905875582064562
car,random,16,16,53,0.9905875582064562
car,random,16,16,54,0.9905875582064562
car,random,16,16,55,0.9905875582064562
car,random,16,16,56,0.9905875582064562
car,random,16,16,57,0.9905875582064562
car,random,16,16,58,0.9905875582064562
car,random,16,16,59,0.9905875582064562
car,random,16,16,60,0.9905875582064562
car,random,16,16,61,0.9905875582064562
car,random,16,16,62,0.9905875582064562
car,random,16,16,63,0.9905875582064562
car,random,16,16,64,0.9905875582064562
car,random,16,16,65,0.9905875582064562
car,random,16,16,66,0.9905875582064562
car,random,16,16,67,0.9905875582064562
car,random,16,16,68,0.9905875582064562
car,random,16,16,69,0.9905875582064562
car,random,16,16,70,0.9905875582064562
car,random,16,16,71,0.9905875582064562
car,random,16,16,72,0.9905875582064562
car,random,16,16,73,0.9905875582064562
car,random,16,16,74,0.9905875582064562
car,random,16,16,75,0.9905875582064562
car,random,16,16,76,0.9905875582064562
car,random,16,16,77,0.9905875582064562
car,random,16,16,78,0.9905875582064562
car,random,16,16,79,0.9905875582064562
car,random,16,16,80,0.9905875582064562
car,random,16,16,81,0.9905875582064562
car,random,16,16,82,0.9905875582064562
car,random,16,16,83,0.9905875582064562
car,random,16,16,84,0.9905875582064562
car,random,16,16,85,0.9905875582064562
car,random,16,16,86,0.9905875582064562
car,random,16,16,87,0.9905875582064562
car,random,16,16,88,0.9905875582064562
car,random,16,16,89,0.9905875582064562
car,random,16,16,90,0.9905875582064562
car,random,16,16,91,0.9905875582064562
car,random,16,16,92,0.9905875582064562
car,random,16,16,93,0.9905875582064562
car,random,16,16,94,0.9905875582064562
car,random,16,16,95,0.9905875582064562
car,random,16,16,96,0.9905875582064562
car,random,16,16,97,0.9905875582064562
car,random,16,16,98,0.9905875582064562
car,random,16,16,99,0.9905875582064562
car,random,16,16,100,0.9905875582064562
car,bo_tpe,16,16,1,0.9182362789724271
car,bo_tpe,16,16,2,0.9182362789724271
car,bo_tpe,16,16,3,0.9182362789724271
car,bo_tpe,16,16,4,0.9334353581332078
car,bo_tpe,16,16,5,0.9334353581332078
car,bo_tpe,16,16,6,0.9334353581332078
car,bo_tpe,16,16,7,0.9334353581332078
car,bo_tpe,16,16,8,0.9334353581332078
car,bo_tpe,16,16,9,0.9876916235023282
car,bo_tpe,16,16,10,0.9876916235023282
car,bo_tpe,16,16,11,0.9876916235023282
car,bo_tpe,16,16,12,0.9876916235023282
car,bo_tpe,16,16,13,0.9876916235023282
car,bo_tpe,16,16,14,0.9876916235023282
car,bo_tpe,16,16,15,0.9876916235023282
car,bo_tpe,16,16,16,0.9876916235023282
car,bo_tpe,16,16,17,0.9876916235023282
car,bo_tpe,16,16,18,0.9905875582064562
car,bo_tpe,16,16,19,0.9905875582064562
car,bo_tpe,16,16,20,0.9905875582064562
car,bo_tpe,16,16,21,0.9905875582064562
car,bo_tpe,16,16,22,0.9905875582064562
car,bo_tpe,16,16,23,0.9905875582064562
car,bo_tpe,16,16,24,0.9905875582064562
car,bo_tpe,16,16,25,0.9905875582064562
car,bo_tpe,16,16,26,0.9905875582064562
car,bo_tpe,16,16,27,0.9905875582064562
car,bo_tpe,16,16,28,0.9905875582064562
car,bo_tpe,16,16,29,0.9905875582064562
car,bo_tpe,16,16,30,0.9905875582064562
car,bo_tpe,16,16,31,0.9905875582064562
car,bo_tpe,16,16,32,0.9905875582064562
car,bo_tpe,16,16,33,0.9905875582064562
car,bo_tpe,16,16,34,0.9905875582064562
car,bo_tpe,16,16,35,0.9905875582064562
car,bo_tpe,16,16,36,0.9905875582064562
car,bo_tpe,16,16,37,0.9905875582064562
car,bo_tpe,16,16,38,0.9905875582064562
car,bo_tpe,16,16,39,0.9905875582064562
car,bo_tpe,16,16,40,0.9905875582064562
car,bo_tpe,16,16,41,0.9905875582064562
car,bo_tpe,16,16,42,0.9905875582064562
car,bo_tpe,16,16,43,0.9905875582064562
car,bo_tpe,16,16,44,0.9905875582064562
car,bo_tpe,16,16,45,0.9905875582064562
car,bo_tpe,16,16,46,0.9905875582064562
car,bo_tpe,16,16,47,0.9905875582064562
car,bo_tpe,16,16,48,0.9905875582064562
car,bo_tpe,16,16,49,0.9905875582064562
car,bo_tpe,16,16,50,0.9905875582064562
car,bo_tpe,16,16,51,0.9905875582064562
car,bo_tpe,16,16,52,0.9905875582064562
car,bo_tpe,16,16,53,0.9905875582064562
car,bo_tpe,16,16,54,0.9905875582064562
car,bo_tpe,16,16,55,0.9905875582064562
car,bo_tpe,16,16,56,0.9905875582064562
car,bo_tpe,16,16,57,0.9905875582064562
car,bo_tpe,16,16,58,0.9905875582064562
car,bo_tpe,16,16,59,0.9905875582064562
car,bo_tpe,16,16,60,0.9905875582064562
car,bo_tpe,16,16,61,0.9905875582064562
car,bo_tpe,16,16,62,0.9905875582064562
car,bo_tpe,16,16,63,0.9905875582064562
car,bo_tpe,16,16,64,0.9905875582064562
car,bo_tpe,16,16,65,0.9905875582064562
car,bo_tpe,16,16,66,0.9905875582064562
car,bo_tpe,16,16,67,0.9905875582064562
car,bo_tpe,16,16,68,0.9905875582064562
car,bo_tpe,16,16,69,0.9905875582064562
car,bo_tpe,16,16,70,0.9905875582064562
car,bo_tpe,16,16,71,0.9905875582064562
car,bo_tpe,16,16,72,0.9905875582064562
car,bo_tpe,16,16,73,0.9905875582064562
car,bo_tpe,16,16,74,0.9905875582064562
car,bo_tpe,16,16,75,0.9905875582064562
car,bo_tpe,16,16,76,0.9905875582064562
car,bo_tpe,16,16,77,0.9905875582064562
car,bo_tpe,16,16,78,0.9905875582064562
car,bo_tpe,16,16,79,0.9905875582064562
car,bo_tpe,16,16,80,0.9905875582064562
car,bo_tpe,16,16,81,0.9905875582064562
car,bo_tpe,16,16,82,0.9905875582064562
car,bo_tpe,16,16,83,0.9905875582064562
car,bo_tpe,16,16,84,0.9905875582064562
car,bo_tpe,16,16,85,0.9905875582064562
car,bo_tpe,16,16,86,0.9905875582064562
car,bo_tpe,16,16,87,0.9905875582064562
car,bo_tpe,16,16,88,0.9905875582064562
car,bo_tpe,16,16,89,0.9905875582064562
car,bo_tpe,16,16,90,0.9905875582064562
car,bo_tpe,16,16,91,0.9905875582064562
car,bo_tpe,16,16,92,0.9905875582064562
car,bo_tpe,16,16,93,0.9905875582064562
car,bo_tpe,16,16,94,0.9905875582064562
car,bo_tpe,16,16,95,0.9905875582064562
car,bo_tpe,16,16,96,0.9905875582064562
car,bo_tpe,16,16,97,0.9905875582064562
car,bo_tpe,16,16,98,0.9905875582064562
car,bo_tpe,16,16,99,0.9905875582064562
car,bo_tpe,16,16,100,0.9905875582064562
car,pso,16,16,1,0.7004342594045937
car,pso,16,16,2,0.7452911630827186
car,pso,16,16,3,0.933414429969131
car,pso,16,16,4,0.933414429969131
car,pso,16,16,5,0.933414429969131
car,pso,16,16,6,0.933414429969131
car,pso,16,16,7,0.933414429969131
car,pso,16,16,8,0.933414429969131
car,pso,16,16,9,0.933414429969131
car,pso,16,16,10,0.9435593575053629
car,pso,16,16,11,0.9905875582064562
car,pso,16,16,12,0.9905875582064562
car,pso,16,16,13,0.9905875582064562
car,pso,16,16,14,0.9905875582064562
car,pso,16,16,15,0.9905875582064562
car,pso,16,16,16,0.9905875582064562
car,pso,16,16,17,0.9905875582064562
car,pso,16,16,18,0.9905875582064562
car,pso,16,16,19,0.9905875582064562
car,pso,16,16,20,0.9905875582064562
car,pso,16,16,21,0.9905875582064562
car,pso,16,16,22,0.9905875582064562
car,pso,16,16,23,0.9905875582064562
car,pso,16,16,24,0.9905875582064562
car,pso,16,16,25,0.9905875582064562
car,pso,16,16,26,0.9905875582064562
car,pso,16,16,27,0.9905875582064562
car,pso,16,16,28,0.9905875582064562
car,pso,16,16,29,0.9905875582064562
car,pso,16,16,30,0.9905875582064562
car,pso,16,16,31,0.9905875582064562
car,pso,16,16,32,0.9905875582064562
car,pso,16,16,33,0.9905875582064562
car,pso,16,16,34,0.9905875582064562
car,pso,16,16,35,0.9905875582064562
car,pso,16,16,36,0.9905875582064562
car,pso,16,16,37,0.9905875582064562
car,pso,16,16,38,0.9905875582064562
car,pso,16,16,39,0.9905875582064562
car,pso,16,16,40,0.9905875582064562
car,pso,16,16,41,0.9905875582064562
car,pso,16,16,42,0.9905875582064562
car,pso,16,16,43,0.9905875582064562
car,pso,16,16,44,0.9905875582064562
car,pso,16,16,45,0.9905875582064562
car,pso,16,16,46,0.9905875582064562
car,pso,16,16,47,0.9905875582064562
car,pso,16,16,48,0.9905875582064562
car,pso,16,16,49,0.9905875582064562
car,pso,16,16,50,0.9905875582064562
car,pso,16,16,51,0.9905875582064562
car,pso,16,16,52,0.9905875582064562
car,pso,16,16,53,0.9905875582064562
car,pso,16,16,54,0.9905875582064562
car,pso,16,16,55,0.9905875582064562
car,pso,16,16,56,0.9905875582064562
car,pso,16,16,57,0.9905875582064562
car,pso,16,16,58,0.9905875582064562
car,pso,16,16,59,0.9905875582064562
car,pso,16,16,60,0.9905875582064562
car,pso,16,16,61,0.9905875582064562
car,pso,16,16,62,0.9905875582064562
car,pso,16,16,63,0.9905875582064562
car,pso,16,16,64,0.9905875582064562
car,pso,16,16,65,0.9905875582064562
car,pso,16,16,66,0.9905875582064562
car,pso,16,16,67,0.9905875582064562
car,pso,16,16,68,0.9905875582064562
car,pso,16,16,69,0.9905875582064562
car,pso,16,16,70,0.9905875582064562
car,pso,16,16,71,0.9905875582064562
car,pso,16,16,72,0.9905875582064562
car,pso,16,16,73,0.9905875582064562
car,pso,16,16,74,0.9905875582064562
car,pso,16,16,75,0.9905875582064562
car,pso,16,16,76,0.9905875582064562
car,pso,16,16,77,0.9905875582064562
car,pso,16,16,78,0.9905875582064562
car,pso,16,16,79,0.9905875582064562
car,pso,16,16,80,0.9905875582064562
car,pso,16,16,81,0.9905875582064562
car,pso,16,16,82,0.9905875582064562
car,pso,16,16,83,0.9905875582064562
car,pso,16,16,84,0.9905875582064562
car,pso,16,16,85,0.9905875582064562
car,pso,16,16,86,0.9905875582064562
car,pso,16,16,87,0.9905875582064562
car,pso,16,16,88,0.9905875582064562
car,pso,16,16,89,0.9905875582064562
car,pso,16,16,90,0.9905875582064562
car,pso,16,16,91,0.9905875582064562
car,pso,16,16,92,0.9905875582064562
car,pso,16,16,93,0.9905875582064562
car,pso,16,16,94,0.9905875582064562
car,pso,16,16,95,0.9905875582064562
car,pso,16,16,96,0.9905875582064562
car,pso,16,16,97,0.9905875582064562
car,pso,16,16,98,0.9905875582064562
car,pso,16,16,99,0.9905875582064562
car,pso,16,16,100,0.9905875582064562
car,de,16,16,1,0.986244964160519
car,de,16,16,2,0.986244964160519
car,de,16,16,3,0.986244964160519
car,de,16,16,4,0.986244964160519
car,de,16,16,5,0.986244964160519
car,de,16,16,6,0.986244964160519
car,de,16,16,7,0.986244964160519
car,de,16,16,8,0.986244964160519
car,de,16,16,9,0.986244964160519
car,de,16,16,10,0.986244964160519
car,de,16,16,11,0.986244964160519
car,de,16,16,12,0.9862501962015383
car,de,16,16,13,0.9862501962015383
car,de,16,16,14,0.9862501962015383
car,de,16,16,15,0.9891356668236279
car,de,16,16,16,0.9891356668236279
car,de,16,16,17,0.9891356668236279
car,de,16,16,18,0.9891356668236279
car,de,16,16,19,0.9891356668236279
car,de,16,16,20,0.9891356668236279
car,de,16,16,21,0.9891356668236279
car,de,16,16,22,0.9891356668236279
car,de,16,16,23,0.9891356668236279
car,de,16,16,24,0.9891356668236279
car,de,16,16,25,0.9891356668236279
car,de,16,16,26,0.9891356668236279
car,de,16,16,27,0.9891356668236279
car,de,16,16,28,0.9891408988646472
car,de,16,16,29,0.9891408988646472
car,de,16,16,30,0.9891408988646472
car,de,16,16,31,0.9891408988646472
car,de,16,16,32,0.9891408988646472
car,de,16,16,33,0.9891408988646472
car,de,16,16,34,0.9891408988646472
car,de,16,16,35,0.9891408988646472
car,de,16,16,36,0.9891408988646472
car,de,16,16,37,0.9891408988646472
car,de,16,16,38,0.9891408988646472
car,de,16,16,39,0.9905875582064562
car,de,16,16,40,0.9905875582064562
car,de,16,16,41,0.9905875582064562
car,de,16,16,42,0.9905875582064562
car,de,16,16,43,0.9905875582064562
car,de,16,16,44,0.9905875582064562
car,de,16,16,45,0.9905875582064562
car,de,16,16,46,0.9905875582064562
car,de,16,16,47,0.9905875582064562
car,de,16,16,48,0.9905875582064562
car,de,16,16,49,0.9905875582064562
car,de,16,16,50,0.9905875582064562
car,de,16,16,51,0.9905875582064562
car,de,16,16,52,0.9905875582064562
car,de,16,16,53,0.9905875582064562
car,de,16,16,54,0.9905875582064562
car,de,16,16,55,0.9905875582064562
car,de,16,16,56,0.9905875582064562
car,de,16,16,57,0.9905875582064562
car,de,16,16,58,0.9905875582064562
car,de,16,16,59,0.9905875582064562
car,de,16,16,60,0.9905875582064562
car,de,16,16,61,0.9905875582064562
car,de,16,16,62,0.9905875582064562
car,de,16,16,63,0.9905875582064562
car,de,16,16,64,0.9905875582064562
car,de,16,16,65,0.9905875582064562
car,de,16,16,66,0.9905875582064562
car,de,16,16,67,0.9905875582064562
car,de,16,16,68,0.9905875582064562
car,de,16,16,69,0.9905875582064562
car,de,16,16,70,0.9905875582064562
car,de,16,16,71,0.9905875582064562
car,de,16,16,72,0.9905875582064562
car,de,16,16,73,0.9905875582064562
car,de,16,16,74,0.9905875582064562
car,de,16,16,75,0.9905875582064562
car,de,16,16,76,0.9905875582064562
car,de,16,16,77,0.9905875582064562
car,de,16,16,78,0.9905875582064562
car,de,16,16,79,0.9905875582064562
car,de,16,16,80,0.9905875582064562
car,de,16,16,81,0.9905875582064562
car,de,16,16,82,0.9905875582064562
car,de,16,16,83,0.9905875582064562
car,de,16,16,84,0.9905875582064562
car,de,16,16,85,0.9905875582064562
car,de,16,16,86,0.9905875582064562
car,de,16,16,87,0.9905875582064562
car,de,16,16,88,0.9905875582064562
car,de,16,16,89,0.9905875582064562
car,de,16,16,90,0.9905875582064562
car,de,16,16,91,0.9905875582064562
car,de,16,16,92,0.9905875582064562
car,de,16,16,93,0.9905875582064562
car,de,16,16,94,0.9905875582064562
car,de,16,16,95,0.9905875582064562
car,de,16,16,96,0.9905875582064562
car,de,16,16,97,0.9905875582064562
car,de,16,16,98,0.9905875582064562
car,de,16,16,99,0.9905875582064562
car,de,16,16,100,0.9905875582064562
car,ga,16,16,1,0.986244964160519
car,ga,16,16,2,0.986244964160519
car,ga,16,16,3,0.986244964160519
car,ga,16,16,4,0.986244964160519
car,ga,16,16,5,0.986244964160519
car,ga,16,16,6,0.986244964160519
car,ga,16,16,7,0.986244964160519
car,ga,16,16,8,0.986244964160519
car,ga,16,16,9,0.986244964160519
car,ga,16,16,10,0.986244964160519
car,ga,16,16,11,0.986244964160519
car,ga,16,16,12,0.9862501962015383
car,ga,16,16,13,0.9862501962015383
car,ga,16,16,14,0.9862501962015383
car,ga,16,16,15,0.9891356668236279
car,ga,16,16,16,0.9891356668236279
car,ga,16,16,17,0.9891356668236279
car,ga,16,16,18,0.9891356668236279
car,ga,16,16,19,0.9891356668236279
car,ga,16,16,20,0.9891356668236279
car,ga,16,16,21,0.9891356668236279
car,ga,16,16,22,0.9891356668236279
car,ga,16,16,23,0.9891356668236279
car,ga,16,16,24,0.9891356668236279
car,ga,16,16,25,0.9891356668236279
car,ga,16,16,26,0.9891356668236279
car,ga,16,16,27,0.9891356668236279
car,ga,16,16,28,0.9891356668236279
car,ga,16,16,29,0.9891356668236279
car,ga,16,16,30,0.9891356668236279
car,ga,16,16,31,0.9891356668236279
car,ga,16,16,32,0.9891356668236279
car,ga,16,16,33,0.9891356668236279
car,ga,16,16,34,0.9891356668236279
car,ga,16,16,35,0.9891356668236279
car,ga,16,16,36,0.9891356668236279
car,ga,16,16,37,0.9891356668236279
car,ga,16,16,38,0.9891356668236279
car,ga,16,16,39,0.9891356668236279
car,ga,16,16,40,0.9891356668236279
car,ga,16,16,41,0.9891356668236279
car,ga,16,16,42,0.9891356668236279
car,ga,16,16,43,0.9891356668236279
car,ga,16,16,44,0.9891356668236279
car,ga,16,16,45,0.9891356668236279
car,ga,16,16,46,0.9891356668236279
car,ga,16,16,47,0.9891356668236279
car,ga,16,16,48,0.9891356668236279
car,ga,16,16,49,0.9891356668236279
car,ga,16,16,50,0.9891356668236279
car,ga,16,16,51,0.9891356668236279
car,ga,16,16,52,0.9891356668236279
car,ga,16,16,53,0.9905875582064562
car,ga,16,16,54,0.9905875582064562
car,ga,16,16,55,0.9905875582064562
car,ga,16,16,56,0.9905875582064562
car,ga,16,16,57,0.9905875582064562
car,ga,16,16,58,0.9905875582064562
car,ga,16,16,59,0.9905875582064562
car,ga,16,16,60,0.9905875582064562
car,ga,16,16,61,0.9905875582064562
car,ga,16,16,62,0.9905875582064562
car,ga,16,16,63,0.9905875582064562
car,ga,16,16,64,0.9905875582064562
car,ga,16,16,65,0.9905875582064562
car,ga,16,16,66,0.9905875582064562
car,ga,16,16,67,0.9905875582064562
car,ga,16,16,68,0.9905875582064562
car,ga,16,16,69,0.9905875582064562
car,ga,16,16,70,0.9905875582064562
car,ga,16,16,71,0.9905875582064562
car,ga,16,16,72,0.9905875582064562
car,ga,16,16,73,0.9905875582064562
car,ga,16,16,74,0.9905875582064562
car,ga,16,16,75,0.9905875582064562
car,ga,16,16,76,0.9905875582064562
car,ga,16,16,77,0.9905875582064562
car,ga,16,16,78,0.9905875582064562
car,ga,16,16,79,0.9905875582064562
car,ga,16,16,80,0.9905875582064562
car,ga,16,16,81,0.9905875582064562
car,ga,16,16,82,0.9905875582064562
car,ga,16,16,83,0.9905875582064562
car,ga,16,16,84,0.9905875582064562
car,ga,16,16,85,0.9905875582064562
car,ga,16,16,86,0.9905875582064562
car,ga,16,16,87,0.9905875582064562
car,ga,16,16,88,0.9905875582064562
car,ga,16,16,89,0.9905875582064562
car,ga,16,16,90,0.9905875582064562
car,ga,16,16,91,0.9905875582064562
car,ga,16,16,92,0.9905875582064562
car,ga,16,16,93,0.9905875582064562
car,ga,16,16,94,0.9905875582064562
car,ga,16,16,95,0.9905875582064562
car,ga,16,16,96,0.9905875582064562
car,ga,16,16,97,0.9905875582064562
car,ga,16,16,98,0.9905875582064562
car,ga,16,16,99,0.9905875582064562
car,ga,16,16,100,0.9905875582064562
car,sa,16,16,1,0.9182362789724271
car,sa,16,16,2,0.9182362789724271
car,sa,16,16,3,0.9182362789724271
car,sa,16,16,4,0.9182362789724271
car,sa,16,16,5,0.9182362789724271
car,sa,16,16,6,0.9225841050593836
car,sa,16,16,7,0.9225841050593836
car,sa,16,16,8,0.9225841050593836
car,sa,16,16,9,0.9225841050593836
car,sa,16,16,10,0.9225841050593836
car,sa,16,16,11,0.9225841050593836
car,sa,16,16,12,0.9225841050593836
car,sa,16,16,13,0.9225841050593836
car,sa,16,16,14,0.9225841050593836
car,sa,16,16,15,0.9225841050593836
car,sa,16,16,16,0.9225841050593836
car,sa,16,16,17,0.9225841050593836
car,sa,16,16,18,0.9225841050593836
car,sa,16,16,19,0.9225841050593836
car,sa,16,16,20,0.9225841050593836
car,sa,16,16,21,0.9225841050593836
car,sa,16,16,22,0.9225841050593836
car,sa,16,16,23,0.9225841050593836
car,sa,16,16,24,0.9225841050593836
car,sa,16,16,25,0.9225841050593836
car,sa,16,16,26,0.9225841050593836
car,sa,16,16,27,0.9225841050593836
car,sa,16,16,28,0.9225841050593836
car,sa,16,16,29,0.9225841050593836
car,sa,16,16,30,0.9833516454769006
car,sa,16,16,31,0.9833516454769006
car,sa,16,16,32,0.9833516454769006
car,sa,16,16,33,0.9833516454769006
car,sa,16,16,34,0.9833516454769006
car,sa,16,16,35,0.9833516454769006
car,sa,16,16,36,0.9833516454769006
car,sa,16,16,37,0.9833516454769006
car,sa,16,16,38,0.9833516454769006
car,sa,16,16,39,0.9833516454769006
car,sa,16,16,40,0.9833516454769006
car,sa,16,16,41,0.9833516454769006
car,sa,16,16,42,0.9833516454769006
car,sa,16,16,43,0.9833516454769006
car,sa,16,16,44,0.9833516454769006
car,sa,16,16,45,0.9833516454769006
car,sa,16,16,46,0.9833516454769006
car,sa,16,16,47,0.9833516454769006
car,sa,16,16,48,0.988413645162978
car,sa,16,16,49,0.988413645162978
car,sa,16,16,50,0.988413645162978
car,sa,16,16,51,0.988413645162978
car,sa,16,16,52,0.988413645162978
car,sa,16,16,53,0.988413645162978
car,sa,16,16,54,0.9891382828441374
car,sa,16,16,55,0.9891382828441374
car,sa,16,16,56,0.9891382828441374
car,sa,16,16,57,0.9891382828441374
car,sa,16,16,58,0.9891382828441374
car,sa,16,16,59,0.9905875582064562
car,sa,16,16,60,0.9905875582064562
car,sa,16,16,61,0.9905875582064562
car,sa,16,16,62,0.9905875582064562
car,sa,16,16,63,0.9905875582064562
car,sa,16,16,64,0.9905875582064562
car,sa,16,16,65,0.9905875582064562
car,sa,16,16,66,0.9905875582064562
car,sa,16,16,67,0.9905875582064562
car,sa,16,16,68,0.9905875582064562
car,sa,16,16,69,0.9905875582064562
car,sa,16,16,70,0.9905875582064562
car,sa,16,16,71,0.9905875582064562
car,sa,16,16,72,0.9905875582064562
car,sa,16,16,73,0.9905875582064562
car,sa,16,16,74,0.9905875582064562
car,sa,16,16,75,0.9905875582064562
car,sa,16,16,76,0.9905875582064562
car,sa,16,16,77,0.9905875582064562
car,sa,16,16,78,0.9905875582064562
car,sa,16,16,79,0.9905875582064562
car,sa,16,16,80,0.9905875582064562
car,sa,16,16,81,0.9905875582064562
car,sa,16,16,82,0.9905875582064562
car,sa,16,16,83,0.9905875582064562
car,sa,16,16,84,0.9905875582064562
car,sa,16,16,85,0.9905875582064562
car,sa,16,16,86,0.9905875582064562
car,sa,16,16,87,0.9905875582064562
car,sa,16,16,88,0.9905875582064562
car,sa,16,16,89,0.9905875582064562
car,sa,16,16,90,0.9905875582064562
car,sa,16,16,91,0.9905875582064562
car,sa,16,16,92,0.9905875582064562
car,sa,16,16,93,0.9905875582064562
car,sa,16,16,94,0.9905875582064562
car,sa,16,16,95,0.9905875582064562
car,sa,16,16,96,0.9905875582064562
car,sa,16,16,97,0.9905875582064562
car,sa,16,16,98,0.9905875582064562
car,sa,16,16,99,0.9905875582064562
car,sa,16,16,100,0.9905875582064562
car,grid,17,17,1,0.7004342594045937
car,grid,17,17,2,0.7004342594045937
car,grid,17,17,3,0.7004342594045937
car,grid,17,17,4,0.7004342594045937
car,grid,17,17,5,0.7004342594045937
car,grid,17,17,6,0.7004342594045937
car,grid,17,17,7,0.7004342594045937
car,grid,17,17,8,0.7004342594045937
car,grid,17,17,9,0.7004342594045937
car,grid,17,17,10,0.7004342594045937
car,grid,17,17,11,0.7004342594045937
car,grid,17,17,12,0.7004342594045937
car,grid,17,17,13,0.7004342594045937
car,grid,17,17,14,0.7004342594045937
car,grid,17,17,15,0.7004342594045937
car,grid,17,17,16,0.8097106681316382
car,grid,17,17,17,0.8097106681316382
car,grid,17,17,18,0.8097106681316382
car,grid,17,17,19,0.8097106681316382
car,grid,17,17,20,0.8097106681316382
car,grid,17,17,21,0.8097106681316382
car,grid,17,17,22,0.8097106681316382
car,grid,17,17,23,0.8097106681316382
car,grid,17,17,24,0.8097106681316382
car,grid,17,17,25,0.8697404907654477
car,grid,17,17,26,0.9319913148119081
car,grid,17,17,27,0.9319913148119081
car,grid,17,17,28,0.9319913148119081
car,grid,17,17,29,0.9319913148119081
car,grid,17,17,30,0.9319913148119081
car,grid,17,17,31,0.9319913148119081
car,grid,17,17,32,0.9319913148119081
car,grid,17,17,33,0.9319913148119081
car,grid,17,17,34,0.9319913148119081
car,grid,17,17,35,0.9450086328676818
car,grid,17,17,36,0.9761157327473449
car,grid,17,17,37,0.9761157327473449
car,grid,17,17,38,0.9761157327473449
car,grid,17,17,39,0.9761157327473449
car,grid,17,17,40,0.9761157327473449
car,grid,17,17,41,0.9761157327473449
car,grid,17,17,42,0.9761157327473449
car,grid,17,17,43,0.9761157327473449
car,grid,17,17,44,0.9761157327473449
car,grid,17,17,45,0.9761157327473449
car,grid,17,17,46,0.988413645162978
car,grid,17,17,47,0.988413645162978
car,grid,17,17,48,0.988413645162978
car,grid,17,17,49,0.988413645162978
car,grid,17,17,50,0.988413645162978
car,grid,17,17,51,0.988413645162978
car,grid,17,17,52,0.988413645162978
car,grid,17,17,53,0.988413645162978
car,grid,17,17,54,0.988413645162978
car,grid,17,17,55,0.988413645162978
car,grid,17,17,56,0.988413645162978
car,grid,17,17,57,0.988413645162978
car,grid,17,17,58,0.988413645162978
car,grid,17,17,59,0.988413645162978
car,grid,17,17,60,0.988413645162978
car,grid,17,17,61,0.988413645162978
car,grid,17,17,62,0.988413645162978
car,grid,17,17,63,0.988413645162978
car,grid,17,17,64,0.988413645162978
car,grid,17,17,65,0.988413645162978
car,grid,17,17,66,0.988413645162978
car,grid,17,17,67,0.988413645162978
car,grid,17,17,68,0.988413645162978
car,grid,17,17,69,0.988413645162978
car,grid,17,17,70,0.988413645162978
car,grid,17,17,71,0.988413645162978
car,grid,17,17,72,0.988413645162978
car,grid,17,17,73,0.988413645162978
car,grid,17,17,74,0.988413645162978
car,grid,17,17,75,0.988413645162978
car,grid,17,17,76,0.988413645162978
car,grid,17,17,77,0.988413645162978
car,grid,17,17,78,0.988413645162978
car,grid,17,17,79,0.988413645162978
car,grid,17,17,80,0.988413645162978
car,grid,17,17,81,0.988413645162978
car,grid,17,17,82,0.988413645162978
car,grid,17,17,83,0.988413645162978
car,grid,17,17,84,0.988413645162978
car,grid,17,17,85,0.988413645162978
car,grid,17,17,86,0.988413645162978
car,grid,17,17,87,0.988413645162978
car,grid,17,17,88,0.988413645162978
car,grid,17,17,89,0.988413645162978
car,grid,17,17,90,0.988413645162978
car,grid,17,17,91,0.988413645162978
car,grid,17,17,92,0.988413645162978
car,grid,17,17,93,0.988413645162978
car,grid,17,17,94,0.988413645162978
car,grid,17,17,95,0.988413645162978
car,grid,17,17,96,0.988413645162978
car,grid,17,17,97,0.988413645162978
car,grid,17,17,98,0.988413645162978
car,grid,17,17,99,0.988413645162978
car,grid,17,17,100,0.988413645162978
car,random,17,17,1,0.9652723277350495
car,random,17,17,2,0.9652723277350495
car,random,17,17,3,0.9725003924030766
car,random,17,17,4,0.9891356668236279
car,random,17,17,5,0.9891356668236279
car,random,17,17,6,0.9891356668236279
car,random,17,17,7,0.9891356668236279
car,random,17,17,8,0.9891356668236279
car,random,17,17,9,0.9891356668236279
car,random,17,17,10,0.9891356668236279
car,random,17,17,11,0.9891356668236279
car,random,17,17,12,0.9891356668236279
car,random,17,17,13,0.9891356668236279
car,random,17,17,14,0.9891356668236279
car,random,17,17,15,0.9891356668236279
car,random,17,17,16,0.9891356668236279
car,random,17,17,17,0.9891356668236279
car,random,17,17,18,0.9891356668236279
car,random,17,17,19,0.9891356668236279
car,random,17,17,20,0.9891356668236279
car,random,17,17,21,0.9891356668236279
car,random,17,17,22,0.9891356668236279
car,random,17,17,23,0.9891356668236279
car,random,17,17,24,0.9891356668236279
car,random,17,17,25,0.9891356668236279
car,random,17,17,26,0.9891356668236279
car,random,17,17,27,0.9891356668236279
car,random,17,17,28,0.9891408988646472
car,random,17,17,29,0.9891408988646472
car,random,17,17,30,0.9891408988646472
car,random,17,17,31,0.9891408988646472
car,random,17,17,32,0.9891408988646472
car,random,17,17,33,0.9891408988646472
car,random,17,17,34,0.9891408988646472
car,random,17,17,35,0.9891408988646472
car,random,17,17,36,0.9891408988646472
car,random,17,17,37,0.9891408988646472
car,random,17,17,38,0.9891408988646472
car,random,17,17,39,0.9891408988646472
car,random,17,17,40,0.9891408988646472
car,random,17,17,41,0.9891408988646472
car,random,17,17,42,0.9891408988646472
car,random,17,17,43,0.9891408988646472
car,random,17,17,44,0.9891408988646472
car,random,17,17,45,0.9891408988646472
car,random,17,17,46,0.9891408988646472
car,random,17,17,47,0.9891408988646472
car,random,17,17,48,0.9891408988646472
car,random,17,17,49,0.9891408988646472
car,random,17,17,50,0.9891408988646472
car,random,17,17,51,0.9891408988646472
car,random,17,17,52,0.9891408988646472
car,random,17,17,53,0.9891408988646472
car,random,17,17,54,0.9891408988646472
car,random,17,17,55,0.9891408988646472
car,random,17,17,56,0.9891408988646472
car,random,17,17,57,0.9891408988646472
car,random,17,17,58,0.9891408988646472
car,random,17,17,59,0.9891408988646472
car,random,17,17,60,0.9891408988646472
car,random,17,17,61,0.9905849421859466
car,random,17,17,62,0.9905849421859466
car,random,17,17,63,0.9905849421859466
car,random,17,17,64,0.9905849421859466
car,random,17,17,65,0.9905849421859466
car,random,17,17,66,0.9905849421859466
car,random,17,17,67,0.9905849421859466
car,random,17,17,68,0.9905849421859466
car,random,17,17,69,0.9905849421859466
car,random,17,17,70,0.9905849421859466
car,random,17,17,71,0.9905849421859466
car,random,17,17,72,0.9905849421859466
car,random,17,17,73,0.9905849421859466
car,random,17,17,74,0.9905849421859466
car,random,17,17,75,0.9905849421859466
car,random,17,17,76,0.9905849421859466
car,random,17,17,77,0.9905849421859466
car,random,17,17,78,0.9905849421859466
car,random,17,17,79,0.9905849421859466
car,random,17,17,80,0.9905849421859466
car,random,17,17,81,0.9905849421859466
car,random,17,17,82,0.9905849421859466
car,random,17,17,83,0.9905849421859466
car,random,17,17,84,0.9905849421859466
car,random,17,17,85,0.9905849421859466
car,random,17,17,86,0.9905849421859466
car,random,17,17,87,0.9905849421859466
car,random,17,17,88,0.9905849421859466
car,random,17,17,89,0.9905849421859466
car,random,17,17,90,0.9905849421859466
car,random,17,17,91,0.9905849421859466
car,random,17,17,92,0.9905849421859466
car,random,17,17,93,0.9905849421859466
car,random,17,17,94,0.9905849421859466
car,random,17,17,95,0.9905849421859466
car,random,17,17,96,0.9905849421859466
car,random,17,17,97,0.9905849421859466
car,random,17,17,98,0.9905849421859466
car,random,17,17,99,0.9905849421859466
car,random,17,17,100,0.9905849421859466
car,bo_tpe,17,17,1,0.9652723277350495
car,bo_tpe,17,17,2,0.9652723277350495
car,bo_tpe,17,17,3,0.9725003924030766
car,bo_tpe,17,17,4,0.9891356668236279
car,bo_tpe,17,17,5,0.9891356668236279
car,bo_tpe,17,17,6,0.9891356668236279
car,bo_tpe,17,17,7,0.9891356668236279
car,bo_tpe,17,17,8,0.9891356668236279
car,bo_tpe,17,17,9,0.9891356668236279
car,bo_tpe,17,17,10,0.9891356668236279
car,bo_tpe,17,17,11,0.9891356668236279
car,bo_tpe,17,17,12,0.9905875582064562
car,bo_tpe,17,17,13,0.9905875582064562
car,bo_tpe,17,17,14,0.9905875582064562
car,bo_tpe,17,17,15,0.9905875582064562
car,bo_tpe,17,17,16,0.9905875582064562
car,bo_tpe,17,17,17,0.9905875582064562
car,bo_tpe,17,17,18,0.9905875582064562
car,bo_tpe,17,17,19,0.9905875582064562
car,bo_tpe,17,17,20,0.9905875582064562
car,bo_tpe,17,17,21,0.9905875582064562
car,bo_tpe,17,17,22,0.9905875582064562
car,bo_tpe,17,17,23,0.9905875582064562
car,bo_tpe,17,17,24,0.9905875582064562
car,bo_tpe,17,17,25,0.9905875582064562
car,bo_tpe,17,17,26,0.9905875582064562
car,bo_tpe,17,17,27,0.9905875582064562
car,bo_tpe,17,17,28,0.9905875582064562
car,bo_tpe,17,17,29,0.9905875582064562
car,bo_tpe,17,17,30,0.9905875582064562
car,bo_tpe,17,17,31,0.9905875582064562
car,bo_tpe,17,17,32,0.9905875582064562
car,bo_tpe,17,17,33,0.9905875582064562
car,bo_tpe,17,17,34,0.9905875582064562
car,bo_tpe,17,17,35,0.9905875582064562
car,bo_tpe,17,17,36,0.9905875582064562
car,bo_tpe,17,17,37,0.9905875582064562
car,bo_tpe,17,17,38,0.9905875582064562
car,bo_tpe,17,17,39,0.9905875582064562
car,bo_tpe,17,17,40,0.9905875582064562
car,bo_tpe,17,17,41,0.9905875582064562
car,bo_tpe,17,17,42,0.9905875582064562
car,bo_tpe,17,17,43,0.9905875582064562
car,bo_tpe,17,17,44,0.9905875582064562
car,bo_tpe,17,17,45,0.9905875582064562
car,bo_tpe,17,17,46,0.9905875582064562
car,bo_tpe,17,17,47,0.9905875582064562
car,bo_tpe,17,17,48,0.9905875582064562
car,bo_tpe,17,17,49,0.9905875582064562
car,bo_tpe,17,17,50,0.9905875582064562
car,bo_tpe,17,17,51,0.9905875582064562
car,bo_tpe,17,17,52,0.9905875582064562
car,bo_tpe,17,17,53,0.9905875582064562
car,bo_tpe,17,17,54,0.9905875582064562
car,bo_tpe,17,17,55,0.9905875582064562
car,bo_tpe,17,17,56,0.9905875582064562
car,bo_tpe,17,17,57,0.9905875582064562
car,bo_tpe,17,17,58,0.9905875582064562
car,bo_tpe,17,17,59,0.9905875582064562
car,bo_tpe,17,17,60,0.9905875582064562
car,bo_tpe,17,17,61,0.9905875582064562
car,bo_tpe,17,17,62,0.9905875582064562
car,bo_tpe,17,17,63,0.9905875582064562
car,bo_tpe,17,17,64,0.9905875582064562
car,bo_tpe,17,17,65,0.9905875582064562
car,bo_tpe,17,17,66,0.9905875582064562
car,bo_tpe,17,17,67,0.9905875582064562
car,bo_tpe,17,17,68,0.9905875582064562
car,bo_tpe,17,17,69,0.9905875582064562
car,bo_tpe,17,17,70,0.9905875582064562
car,bo_tpe,17,17,71,0.9905875582064562
car,bo_tpe,17,17,72,0.9905875582064562
car,bo_tpe,17,17,73,0.9905875582064562
car,bo_tpe,17,17,74,0.9905875582064562
car,bo_tpe,17,17,75,0.9905875582064562
car,bo_tpe,17,17,76,0.9905875582064562
car,bo_tpe,17,17,77,0.9905875582064562
car,bo_tpe,17,17,78,0.9905875582064562
car,bo_tpe,17,17,79,0.9905875582064562
car,bo_tpe,17,17,80,0.9905875582064562
car,bo_tpe,17,17,81,0.9905875582064562
car,bo_tpe,17,17,82,0.9905875582064562
car,bo_tpe,17,17,83,0.9905875582064562
car,bo_tpe,17,17,84,0.9905875582064562
car,bo_tpe,17,17,85,0.9905875582064562
car,bo_tpe,17,17,86,0.9905875582064562
car,bo_tpe,17,17,87,0.9905875582064562
car,bo_tpe,17,17,88,0.9905875582064562
car,bo_tpe,17,17,89,0.9905875582064562
car,bo_tpe,17,17,90,0.9905875582064562
car,bo_tpe,17,17,91,0.9905875582064562
car,bo_tpe,17,17,92,0.9905875582064562
car,bo_tpe,17,17,93,0.9905875582064562
car,bo_tpe,17,17,94,0.9905875582064562
car,bo_tpe,17,17,95,0.9905875582064562
car,bo_tpe,17,17,96,0.9905875582064562
car,bo_tpe,17,17,97,0.9905875582064562
car,bo_tpe,17,17,98,0.9905875582064562
car,bo_tpe,17,17,99,0.9905875582064562
car,bo_tpe,17,17,100,0.9905875582064562
car,pso,17,17,1,0.7004342594045937
car,pso,17,17,2,0.8900120336943441
car,pso,17,17,3,0.8900120336943441
car,pso,17,17,4,0.8900120336943441
car,pso,17,17,5,0.988413645162978
car,pso,17,17,6,0.988413645162978
car,pso,17,17,7,0.988413645162978
car,pso,17,17,8,0.988413645162978
car,pso,17,17,9,0.988413645162978
car,pso,17,17,10,0.988413645162978
car,pso,17,17,11,0.988413645162978
car,pso,17,17,12,0.988413645162978
car,pso,17,17,13,0.9905849421859466
car,pso,17,17,14,0.9905849421859466
car,pso,17,17,15,0.9905849421859466
car,pso,17,17,16,0.9905849421859466
car,pso,17,17,17,0.9905849421859466
car,pso,17,17,18,0.9905849421859466
car,pso,17,17,19,0.9905849421859466
car,pso,17,17,20,0.9905849421859466
car,pso,17,17,21,0.9905849421859466
car,pso,17,17,22,0.9905849421859466
car,pso,17,17,23,0.9905849421859466
car,pso,17,17,24,0.9905849421859466
car,pso,17,17,25,0.9905849421859466
car,pso,17,17,26,0.9905849421859466
car,pso,17,17,27,0.9905849421859466
car,pso,17,17,28,0.9905849421859466
car,pso,17,17,29,0.9905849421859466
car,pso,17,17,30,0.9905849421859466
car,pso,17,17,31,0.9905849421859466
car,pso,17,17,32,0.9905849421859466
car,pso,17,17,33,0.9905849421859466
car,pso,17,17,34,0.9905849421859466
car,pso,17,17,35,0.9905849421859466
car,pso,17,17,36,0.9905849421859466
car,pso,17,17,37,0.9905849421859466
car,pso,17,17,38,0.9905849421859466
car,pso,17,17,39,0.9905849421859466
car,pso,17,17,40,0.9905849421859466
car,pso,17,17,41,0.9905849421859466
car,pso,17,17,42,0.9905849421859466
car,pso,17,17,43,0.9905849421859466
car,pso,17,17,44,0.9905849421859466
car,pso,17,17,45,0.9905849421859466
car,pso,17,17,46,0.9905849421859466
car,pso,17,17,47,0.9905849421859466
car,pso,17,17,48,0.9905849421859466
car,pso,17,17,49,0.9905849421859466
car,pso,17,17,50,0.9905849421859466
car,pso,17,17,51,0.9905849421859466
car,pso,17,17,52,0.9905849421859466
car,pso,17,17,53,0.9905849421859466
car,pso,17,17,54,0.9905875582064562
car,pso,17,17,55,0.9905875582064562
car,pso,17,17,56,0.9905875582064562
car,pso,17,17,57,0.9905875582064562
car,pso,17,17,58,0.9905875582064562
car,pso,17,17,59,0.9905875582064562
car,pso,17,17,60,0.9905875582064562
car,pso,17,17,61,0.9905875582064562
car,pso,17,17,62,0.9905875582064562
car,pso,17,17,63,0.9905875582064562
car,pso,17,17,64,0.9905875582064562
car,pso,17,17,65,0.9905875582064562
car,pso,17,17,66,0.9905875582064562
car,pso,17,17,67,0.9905875582064562
car,pso,17,17,68,0.9905875582064562
car,pso,17,17,69,0.9905875582064562
car,pso,17,17,70,0.9905875582064562
car,pso,17,17,71,0.9905875582064562
car,pso,17,17,72,0.9905875582064562
car,pso,17,17,73,0.9905875582064562
car,pso,17,17,74,0.9905875582064562
car,pso,17,17,75,0.9905875582064562
car,pso,17,17,76,0.9905875582064562
car,pso,17,17,77,0.9905875582064562
car,pso,17,17,78,0.9905875582064562
car,pso,17,17,79,0.9905875582064562
car,pso,17,17,80,0.9905875582064562
car,pso,17,17,81,0.9905875582064562
car,pso,17,17,82,0.9905875582064562
car,pso,17,17,83,0.9905875582064562
car,pso,17,17,84,0.9905875582064562
car,pso,17,17,85,0.9905875582064562
car,pso,17,17,86,0.9905875582064562
car,pso,17,17,87,0.9905875582064562
car,pso,17,17,88,0.9905875582064562
car,pso,17,17,89,0.9905875582064562
car,pso,17,17,90,0.9905875582064562
car,pso,17,17,91,0.9905875582064562
car,pso,17,17,92,0.9905875582064562
car,pso,17,17,93,0.9905875582064562
car,pso,17,17,94,0.9905875582064562
car,pso,17,17,95,0.9905875582064562
car,pso,17,17,96,0.9905875582064562
car,pso,17,17,97,0.9905875582064562
car,pso,17,17,98,0.9905875582064562
car,pso,17,17,99,0.9905875582064562
car,pso,17,17,100,0.9905875582064562
car,de,17,17,1,0.9478888714487521
car,de,17,17,2,0.9725003924030766
car,de,17,17,3,0.9725003924030766
car,de,17,17,4,0.986244964160519
car,de,17,17,5,0.986244964160519
car,de,17,17,6,0.986244964160519
car,de,17,17,7,0.986244964160519
car,de,17,17,8,0.986244964160519
car,de,17,17,9,0.986244964160519
car,de,17,17,10,0.986244964160519
car,de,17,17,11,0.986244964160519
car,de,17,17,12,0.986244964160519
car,de,17,17,13,0.986244964160519
car,de,17,17,14,0.986244964160519
car,de,17,17,15,0.986244964160519
car,de,17,17,16,0.986244964160519
car,de,17,17,17,0.986244964160519
car,de,17,17,18,0.986244964160519
car,de,17,17,19,0.986244964160519
car,de,17,17,20,0.9891408988646472
car,de,17,17,21,0.9891408988646472
car,de,17,17,22,0.9891408988646472
car,de,17,17,23,0.9891408988646472
car,de,17,17,24,0.9891408988646472
car,de,17,17,25,0.9891408988646472
car,de,17,17,26,0.9905875582064562
car,de,17,17,27,0.9905875582064562
car,de,17,17,28,0.9905875582064562
car,de,17,17,29,0.9905875582064562
car,de,17,17,30,0.9905875582064562
car,de,17,17,31,0.9905875582064562
car,de,17,17,32,0.9905875582064562
car,de,17,17,33,0.9905875582064562
car,de,17,17,34,0.9905875582064562
car,de,17,17,35,0.9905875582064562
car,de,17,17,36,0.9905875582064562
car,de,17,17,37,0.9905875582064562
car,de,17,17,38,0.9905875582064562
car,de,17,17,39,0.9905875582064562
car,de,17,17,40,0.9905875582064562
car,de,17,17,41,0.9905875582064562
car,de,17,17,42,0.9905875582064562
car,de,17,17,43,0.9905875582064562
car,de,17,17,44,0.9905875582064562
car,de,17,17,45,0.9905875582064562
car,de,17,17,46,0.9905875582064562
car,de,17,17,47,0.9905875582064562
car,de,17,17,48,0.9905875582064562
car,de,17,17,49,0.9905875582064562
car,de,17,17,50,0.9905875582064562
car,de,17,17,51,0.9905875582064562
car,de,17,17,52,0.9905875582064562
car,de,17,17,53,0.9905875582064562
car,de,17,17,54,0.9905875582064562
car,de,17,17,55,0.9905875582064562
car,de,17,17,56,0.9905875582064562
car,de,17,17,57,0.9905875582064562
car,de,17,17,58,0.9905875582064562
car,de,17,17,59,0.9905875582064562
car,de,17,17,60,0.9905875582064562
car,de,17,17,61,0.9905875582064562
car,de,17,17,62,0.9905875582064562
car,de,17,17,63,0.9905875582064562
car,de,17,17,64,0.9905875582064562
car,de,17,17,65,0.9905875582064562
car,de,17,17,66,0.9905875582064562
car,de,17,17,67,0.9905875582064562
car,de,17,17,68,0.9905875582064562
car,de,17,17,69,0.9905875582064562
car,de,17,17,70,0.9905875582064562
car,de,17,17,71,0.9905875582064562
car,de,17,17,72,0.9905875582064562
car,de,17,17,73,0.9905875582064562
car,de,17,17,74,0.9905875582064562
car,de,17,17,75,0.9905875582064562
car,de,17,17,76,0.9905875582064562
car,de,17,17,77,0.9905875582064562
car,de,17,17,78,0.9905875582064562
car,de,17,17,79,0.9905875582064562
car,de,17,17,80,0.9905875582064562
car,de,17,17,81,0.9905875582064562
car,de,17,17,82,0.9905875582064562
car,de,17,17,83,0.9905875582064562
car,de,17,17,84,0.9905875582064562
car,de,17,17,85,0.9905875582064562
car,de,17,17,86,0.9905875582064562
car,de,17,17,87,0.9905875582064562
car,de,17,17,88,0.9905875582064562
car,de,17,17,89,0.9905875582064562
car,de,17,17,90,0.9905875582064562
car,de,17,17,91,0.9905875582064562
car,de,17,17,92,0.9905875582064562
car,de,17,17,93,0.9905875582064562
car,de,17,17,94,0.9905875582064562
car,de,17,17,95,0.9905875582064562
car,de,17,17,96,0.9905875582064562
car,de,17,17,97,0.9905875582064562
car,de,17,17,98,0.9905875582064562
car,de,17,17,99,0.9905875582064562
car,de,17,17,100,0.9905875582064562
car,ga,17,17,1,0.9478888714487521
car,ga,17,17,2,0.9725003924030766
car,ga,17,17,3,0.9725003924030766
car,ga,17,17,4,0.986244964160519
car,ga,17,17,5,0.986244964160519
car,ga,17,17,6,0.986244964160519
car,ga,17,17,7,0.986244964160519
car,ga,17,17,8,0.986244964160519
car,ga,17,17,9,0.986244964160519
car,ga,17,17,10,0.986244964160519
car,ga,17,17,11,0.986244964160519
car,ga,17,17,12,0.986244964160519
car,ga,17,17,13,0.986244964160519
car,ga,17,17,14,0.986244964160519
car,ga,17,17,15,0.986244964160519
car,ga,17,17,16,0.986244964160519
car,ga,17,17,17,0.986244964160519
car,ga,17,17,18,0.986244964160519
car,ga,17,17,19,0.986244964160519
car,ga,17,17,20,0.9891408988646472
car,ga,17,17,21,0.9891408988646472
car,ga,17,17,22,0.9891408988646472
car,ga,17,17,23,0.9891408988646472
car,ga,17,17,24,0.9891408988646472
car,ga,17,17,25,0.9891408988646472
car,ga,17,17,26,0.9891408988646472
car,ga,17,17,27,0.9891408988646472
car,ga,17,17,28,0.9891408988646472
car,ga,17,17,29,0.9891408988646472
car,ga,17,17,30,0.9891408988646472
car,ga,17,17,31,0.9891408988646472
car,ga,17,17,32,0.9891408988646472
car,ga,17,17,33,0.9891408988646472
car,ga,17,17,34,0.9891408988646472
car,ga,17,17,35,0.9891408988646472
car,ga,17,17,36,0.9891408988646472
car,ga,17,17,37,0.9891408988646472
car,ga,17,17,38,0.9891408988646472
car,ga,17,17,39,0.9891408988646472
car,ga,17,17,40,0.9891408988646472
car,ga,17,17,41,0.9891408988646472
car,ga,17,17,42,0.9891408988646472
car,ga,17,17,43,0.9891408988646472
car,ga,17,17,44,0.9891408988646472
car,ga,17,17,45,0.9891408988646472
car,ga,17,17,46,0.9891408988646472
car,ga,17,17,47,0.9891408988646472
car,ga,17,17,48,0.9891408988646472
car,ga,17,17,49,0.9891408988646472
car,ga,17,17,50,0.9891408988646472
car,ga,17,17,51,0.9891408988646472
car,ga,17,17,52,0.9891408988646472
car,ga,17,17,53,0.9891408988646472
car,ga,17,17,54,0.9891408988646472
car,ga,17,17,55,0.9891408988646472
car,ga,17,17,56,0.9891408988646472
car,ga,17,17,57,0.9891408988646472
car,ga,17,17,58,0.9891408988646472
car,ga,17,17,59,0.9891408988646472
car,ga,17,17,60,0.9891408988646472
car,ga,17,17,61,0.9891408988646472
car,ga,17,17,62,0.9891408988646472
car,ga,17,17,63,0.9891408988646472
car,ga,17,17,64,0.9891408988646472
car,ga,17,17,65,0.9891408988646472
car,ga,17,17,66,0.9891408988646472
car,ga,17,17,67,0.9891408988646472
car,ga,17,17,68,0.9891408988646472
car,ga,17,17,69,0.9905875582064562
car,ga,17,17,70,0.9905875582064562
car,ga,17,17,71,0.9905875582064562
car,ga,17,17,72,0.9905875582064562
car,ga,17,17,73,0.9905875582064562
car,ga,17,17,74,0.9905875582064562
car,ga,17,17,75,0.9905875582064562
car,ga,17,17,76,0.9905875582064562
car,ga,17,17,77,0.9905875582064562
car,ga,17,17,78,0.9905875582064562
car,ga,17,17,79,0.9905875582064562
car,ga,17,17,80,0.9905875582064562
car,ga,17,17,81,0.9905875582064562
car,ga,17,17,82,0.9905875582064562
car,ga,17,17,83,0.9905875582064562
car,ga,17,17,84,0.9905875582064562
car,ga,17,17,85,0.9905875582064562
car,ga,17,17,86,0.9905875582064562
car,ga,17,17,87,0.9905875582064562
car,ga,17,17,88,0.9905875582064562
car,ga,17,17,89,0.9905875582064562
car,ga,17,17,90,0.9905875582064562
car,ga,17,17,91,0.9905875582064562
car,ga,17,17,92,0.9905875582064562
car,ga,17,17,93,0.9905875582064562
car,ga,17,17,94,0.9905875582064562
car,ga,17,17,95,0.9905875582064562
car,ga,17,17,96,0.9905875582064562
car,ga,17,17,97,0.9905875582064562
car,ga,17,17,98,0.9905875582064562
car,ga,17,17,99,0.9905875582064562
car,ga,17,17,100,0.9905875582064562
car,sa,17,17,1,0.9652723277350495
car,sa,17,17,2,0.9790090514309633
car,sa,17,17,3,0.9790090514309633
car,sa,17,17,4,0.9790090514309633
car,sa,17,17,5,0.9790090514309633
car,sa,17,17,6,0.9790090514309633
car,sa,17,17,7,0.9790090514309633
car,sa,17,17,8,0.9790090514309633
car,sa,17,17,9,0.9790090514309633
car,sa,17,17,10,0.9790090514309633
car,sa,17,17,11,0.9790090514309633
car,sa,17,17,12,0.9790090514309633
car,sa,17,17,13,0.9790090514309633
car,sa,17,17,14,0.9790090514309633
car,sa,17,17,15,0.9790090514309633
car,sa,17,17,16,0.9790090514309633
car,sa,17,17,17,0.9790090514309633
car,sa,17,17,18,0.9790090514309633
car,sa,17,17,19,0.9790090514309633
car,sa,17,17,20,0.9790090514309633
car,sa,17,17,21,0.9790090514309633
car,sa,17,17,22,0.9790090514309633
car,sa,17,17,23,0.988413645162978
car,sa,17,17,24,0.988413645162978
car,sa,17,17,25,0.9891408988646472
car,sa,17,17,26,0.9891408988646472
car,sa,17,17,27,0.9891408988646472
car,sa,17,17,28,0.9891408988646472
car,sa,17,17,29,0.9905875582064562
car,sa,17,17,30,0.9905875582064562
car,sa,17,17,31,0.9905875582064562
car,sa,17,17,32,0.9905875582064562
car,sa,17,17,33,0.9905875582064562
car,sa,17,17,34,0.9905875582064562
car,sa,17,17,35,0.9905875582064562
car,sa,17,17,36,0.9905875582064562
car,sa,17,17,37,0.9905875582064562
car,sa,17,17,38,0.9905875582064562
car,sa,17,17,39,0.9905875582064562
car,sa,17,17,40,0.9905875582064562
car,sa,17,17,41,0.9905875582064562
car,sa,17,17,42,0.9905875582064562
car,sa,17,17,43,0.9905875582064562
car,sa,17,17,44,0.9905875582064562
car,sa,17,17,45,0.9905875582064562
car,sa,17,17,46,0.9905875582064562
car,sa,17,17,47,0.9905875582064562
car,sa,17,17,48,0.9905875582064562
car,sa,17,17,49,0.9905875582064562
car,sa,17,17,50,0.9905875582064562
car,sa,17,17,51,0.9905875582064562
car,sa,17,17,52,0.9905875582064562
car,sa,17,17,53,0.9905875582064562
car,sa,17,17,54,0.9905875582064562
car,sa,17,17,55,0.9905875582064562
car,sa,17,17,56,0.9905875582064562
car,sa,17,17,57,0.9905875582064562
car,sa,17,17,58,0.9905875582064562
car,sa,17,17,59,0.9905875582064562
car,sa,17,17,60,0.9905875582064562
car,sa,17,17,61,0.9905875582064562
car,sa,17,17,62,0.9905875582064562
car,sa,17,17,63,0.9905875582064562
car,sa,17,17,64,0.9905875582064562
car,sa,17,17,65,0.9905875582064562
car,sa,17,17,66,0.9905875582064562
car,sa,17,17,67,0.9905875582064562
car,sa,17,17,68,0.9905875582064562
car,sa,17,17,69,0.9905875582064562
car,sa,17,17,70,0.9905875582064562
car,sa,17,17,71,0.9905875582064562
car,sa,17,17,72,0.9905875582064562
car,sa,17,17,73,0.9905875582064562
car,sa,17,17,74,0.9905875582064562
car,sa,17,17,75,0.9905875582064562
car,sa,17,17,76,0.9905875582064562
car,sa,17,17,77,0.9905875582064562
car,sa,17,17,78,0.9905875582064562
car,sa,17,17,79,0.9905875582064562
car,sa,17,17,80,0.9905875582064562
car,sa,17,17,81,0.9905875582064562
car,sa,17,17,82,0.9905875582064562
car,sa,17,17,83,0.9905875582064562
car,sa,17,17,84,0.9905875582064562
car,sa,17,17,85,0.9905875582064562
car,sa,17,17,86,0.9905875582064562
car,sa,17,17,87,0.9905875582064562
car,sa,17,17,88,0.9905875582064562
car,sa,17,17,89,0.9905875582064562
car,sa,17,17,90,0.9905875582064562
car,sa,17,17,91,0.9905875582064562
car,sa,17,17,92,0.9905875582064562
car,sa,17,17,93,0.9905875582064562
car,sa,17,17,94,0.9905875582064562
car,sa,17,17,95,0.9905875582064562
car,sa,17,17,96,0.9905875582064562
car,sa,17,17,97,0.9905875582064562
car,sa,17,17,98,0.9905875582064562
car,sa,17,17,99,0.9905875582064562
car,sa,17,17,100,0.9905875582064562
car,grid,18,18,1,0.7004342594045937
car,grid,18,18,2,0.7004342594045937
car,grid,18,18,3,0.7004342594045937
car,grid,18,18,4,0.7004342594045937
car,grid,18,18,5,0.7004342594045937
car,grid,18,18,6,0.7004342594045937
car,grid,18,18,7,0.7004342594045937
car,grid,18,18,8,0.7004342594045937
car,grid,18,18,9,0.7004342594045937
car,grid,18,18,10,0.7004342594045937
car,grid,18,18,11,0.7004342594045937
car,grid,18,18,12,0.7004342594045937
car,grid,18,18,13,0.7004342594045937
car,grid,18,18,14,0.7004342594045937
car,grid,18,18,15,0.7004342594045937
car,grid,18,18,16,0.8097106681316382
car,grid,18,18,17,0.8097106681316382
car,grid,18,18,18,0.8097106681316382
car,grid,18,18,19,0.8097106681316382
car,grid,18,18,20,0.8097106681316382
car,grid,18,18,21,0.8097106681316382
car,grid,18,18,22,0.8097106681316382
car,grid,18,18,23,0.8097106681316382
car,grid,18,18,24,0.8097106681316382
car,grid,18,18,25,0.8697404907654477
car,grid,18,18,26,0.9319913148119081
car,grid,18,18,27,0.9319913148119081
car,grid,18,18,28,0.9319913148119081
car,grid,18,18,29,0.9319913148119081
car,grid,18,18,30,0.9319913148119081
car,grid,18,18,31,0.9319913148119081
car,grid,18,18,32,0.9319913148119081
car,grid,18,18,33,0.9319913148119081
car,grid,18,18,34,0.9319913148119081
car,grid,18,18,35,0.9450086328676818
car,grid,18,18,36,0.9761157327473449
car,grid,18,18,37,0.9761157327473449
car,grid,18,18,38,0.9761157327473449
car,grid,18,18,39,0.9761157327473449
car,grid,18,18,40,0.9761157327473449
car,grid,18,18,41,0.9761157327473449
car,grid,18,18,42,0.9761157327473449
car,grid,18,18,43,0.9761157327473449
car,grid,18,18,44,0.9761157327473449
car,grid,18,18,45,0.9761157327473449
car,grid,18,18,46,0.988413645162978
car,grid,18,18,47,0.988413645162978
car,grid,18,18,48,0.988413645162978
car,grid,18,18,49,0.988413645162978
car,grid,18,18,50,0.988413645162978
car,grid,18,18,51,0.988413645162978
car,grid,18,18,52,0.988413645162978
car,grid,18,18,53,0.988413645162978
car,grid,18,18,54,0.988413645162978
car,grid,18,18,55,0.988413645162978
car,grid,18,18,56,0.988413645162978
car,grid,18,18,57,0.988413645162978
car,grid,18,18,58,0.988413645162978
car,grid,18,18,59,0.988413645162978
car,grid,18,18,60,0.988413645162978
car,grid,18,18,61,0.988413645162978
car,grid,18,18,62,0.988413645162978
car,grid,18,18,63,0.988413645162978
car,grid,18,18,64,0.988413645162978
car,grid,18,18,65,0.988413645162978
car,grid,18,18,66,0.988413645162978
car,grid,18,18,67,0.988413645162978
car,grid,18,18,68,0.988413645162978
car,grid,18,18,69,0.988413645162978
car,grid,18,18,70,0.988413645162978
car,grid,18,18,71,0.988413645162978
car,grid,18,18,72,0.988413645162978
car,grid,18,18,73,0.988413645162978
car,grid,18,18,74,0.988413645162978
car,grid,18,18,75,0.988413645162978
car,grid,18,18,76,0.988413645162978
car,grid,18,18,77,0.988413645162978
car,grid,18,18,78,0.988413645162978
car,grid,18,18,79,0.988413645162978
car,grid,18,18,80,0.988413645162978
car,grid,18,18,81,0.988413645162978
car,grid,18,18,82,0.988413645162978
car,grid,18,18,83,0.988413645162978
car,grid,18,18,84,0.988413645162978
car,grid,18,18,85,0.988413645162978
car,grid,18,18,86,0.988413645162978
car,grid,18,18,87,0.988413645162978
car,grid,18,18,88,0.988413645162978
car,grid,18,18,89,0.988413645162978
car,grid,18,18,90,0.988413645162978
car,grid,18,18,91,0.988413645162978
car,grid,18,18,92,0.988413645162978
car,grid,18,18,93,0.988413645162978
car,grid,18,18,94,0.988413645162978
car,grid,18,18,95,0.988413645162978
car,grid,18,18,96,0.988413645162978
car,grid,18,18,97,0.988413645162978
car,grid,18,18,98,0.988413645162978
car,grid,18,18,99,0.988413645162978
car,grid,18,18,100,0.988413645162978
car,random,18,18,1,0.9905875582064562
car,random,18,18,2,0.9905875582064562
car,random,18,18,3,0.9905875582064562
car,random,18,18,4,0.9905875582064562
car,random,18,18,5,0.9905875582064562
car,random,18,18,6,0.9905875582064562
car,random,18,18,7,0.9905875582064562
car,random,18,18,8,0.9905875582064562
car,random,18,18,9,0.9905875582064562
car,random,18,18,10,0.9905875582064562
car,random,18,18,11,0.9905875582064562
car,random,18,18,12,0.9905875582064562
car,random,18,18,13,0.9905875582064562
car,random,18,18,14,0.9905875582064562
car,random,18,18,15,0.9905875582064562
car,random,18,18,16,0.9905875582064562
car,random,18,18,17,0.9905875582064562
car,random,18,18,18,0.9905875582064562
car,random,18,18,19,0.9905875582064562
car,random,18,18,20,0.9905875582064562
car,random,18,18,21,0.9905875582064562
car,random,18,18,22,0.9905875582064562
car,random,18,18,23,0.9905875582064562
car,random,18,18,24,0.9905875582064562
car,random,18,18,25,0.9905875582064562
car,random,18,18,26,0.9905875582064562
car,random,18,18,27,0.9905875582064562
car,random,18,18,28,0.9905875582064562
car,random,18,18,29,0.9905875582064562
car,random,18,18,30,0.9905875582064562
car,random,18,18,31,0.9905875582064562
car,random,18,18,32,0.9905875582064562
car,random,18,18,33,0.9905875582064562
car,random,18,18,34,0.9905875582064562
car,random,18,18,35,0.9905875582064562
car,random,18,18,36,0.9905875582064562
car,random,18,18,37,0.9905875582064562
car,random,18,18,38,0.9905875582064562
car,random,18,18,39,0.9905875582064562
car,random,18,18,40,0.9905875582064562
car,random,18,18,41,0.9905875582064562
car,random,18,18,42,0.9905875582064562
car,random,18,18,43,0.9905875582064562
car,random,18,18,44,0.9905875582064562
car,random,18,18,45,0.9905875582064562
car,random,18,18,46,0.9905875582064562
car,random,18,18,47,0.9905875582064562
car,random,18,18,48,0.9905875582064562
car,random,18,18,49,0.9905875582064562
car,random,18,18,50,0.9905875582064562
car,random,18,18,51,0.9905875582064562
car,random,18,18,52,0.9905875582064562
car,random,18,18,53,0.9905875582064562
car,random,18,18,54,0.9905875582064562
car,random,18,18,55,0.9905875582064562
car,random,18,18,56,0.9905875582064562
car,random,18,18,57,0.9905875582064562
car,random,18,18,58,0.9905875582064562
car,random,18,18,59,0.9905875582064562
car,random,18,18,60,0.9905875582064562
car,random,18,18,61,0.9905875582064562
car,random,18,18,62,0.9905875582064562
car,random,18,18,63,0.9905875582064562
car,random,18,18,64,0.9905875582064562
car,random,18,18,65,0.9905875582064562
car,random,18,18,66,0.9905875582064562
car,random,18,18,67,0.9905875582064562
car,random,18,18,68,0.9905875582064562
car,random,18,18,69,0.9905875582064562
car,random,18,18,70,0.9905875582064562
car,random,18,18,71,0.9905875582064562
car,random,18,18,72,0.9905875582064562
car,random,18,18,73,0.9905875582064562
car,random,18,18,74,0.9905875582064562
car,random,18,18,75,0.9905875582064562
car,random,18,18,76,0.9905875582064562
car,random,18,18,77,0.9905875582064562
car,random,18,18,78,0.9905875582064562
car,random,18,18,79,0.9905875582064562
car,random,18,18,80,0.9905875582064562
car,random,18,18,81,0.9905875582064562
car,random,18,18,82,0.9905875582064562
car,random,18,18,83,0.9905875582064562
car,random,18,18,84,0.9905875582064562
car,random,18,18,85,0.9905875582064562
car,random,18,18,86,0.9905875582064562
car,random,18,18,87,0.9905875582064562
car,random,18,18,88,0.9905875582064562
car,random,18,18,89,0.9905875582064562
car,random,18,18,90,0.9905875582064562
car,random,18,18,91,0.9905875582064562
car,random,18,18,92,0.9905875582064562
car,random,18,18,93,0.9905875582064562
car,random,18,18,94,0.9905875582064562
car,random,18,18,95,0.9905875582064562
car,random,18,18,96,0.9905875582064562
car,random,18,18,97,0.9905875582064562
car,random,18,18,98,0.9905875582064562
car,random,18,18,99,0.9905875582064562
car,random,18,18,100,0.9905875582064562
car,bo_tpe,18,18,1,0.9905875582064562
car,bo_tpe,18,18,2,0.9905875582064562
car,bo_tpe,18,18,3,0.9905875582064562
car,bo_tpe,18,18,4,0.9905875582064562
car,bo_tpe,18,18,5,0.9905875582064562
car,bo_tpe,18,18,6,0.9905875582064562
car,bo_tpe,18,18,7,0.9905875582064562
car,bo_tpe,18,18,8,0.9905875582064562
car,bo_tpe,18,18,9,0.9905875582064562
car,bo_tpe,18,18,10,0.9905875582064562
car,bo_tpe,18,18,11,0.9905875582064562
car,bo_tpe,18,18,12,0.9905875582064562
car,bo_tpe,18,18,13,0.9905875582064562
car,bo_tpe,18,18,14,0.9905875582064562
car,bo_tpe,18,18,15,0.9905875582064562
car,bo_tpe,18,18,16,0.9905875582064562
car,bo_tpe,18,18,17,0.9905875582064562
car,bo_tpe,18,18,18,0.9905875582064562
car,bo_tpe,18,18,19,0.9905875582064562
car,bo_tpe,18,18,20,0.9905875582064562
car,bo_tpe,18,18,21,0.9905875582064562
car,bo_tpe,18,18,22,0.9905875582064562
car,bo_tpe,18,18,23,0.9905875582064562
car,bo_tpe,18,18,24,0.9905875582064562
car,bo_tpe,18,18,25,0.9905875582064562
car,bo_tpe,18,18,26,0.9905875582064562
car,bo_tpe,18,18,27,0.9905875582064562
car,bo_tpe,18,18,28,0.9905875582064562
car,bo_tpe,18,18,29,0.9905875582064562
car,bo_tpe,18,18,30,0.9905875582064562
car,bo_tpe,18,18,31,0.9905875582064562
car,bo_tpe,18,18,32,0.9905875582064562
car,bo_tpe,18,18,33,0.9905875582064562
car,bo_tpe,18,18,34,0.9905875582064562
car,bo_tpe,18,18,35,0.9905875582064562
car,bo_tpe,18,18,36,0.9905875582064562
car,bo_tpe,18,18,37,0.9905875582064562
car,bo_tpe,18,18,38,0.9905875582064562
car,bo_tpe,18,18,39,0.9905875582064562
car,bo_tpe,18,18,40,0.9905875582064562
car,bo_tpe,18,18,41,0.9905875582064562
car,bo_tpe,18,18,42,0.9905875582064562
car,bo_tpe,18,18,43,0.9905875582064562
car,bo_tpe,18,18,44,0.9905875582064562
car,bo_tpe,18,18,45,0.9905875582064562
car,bo_tpe,18,18,46,0.9905875582064562
car,bo_tpe,18,18,47,0.9905875582064562
car,bo_tpe,18,18,48,0.9905875582064562
car,bo_tpe,18,18,49,0.9905875582064562
car,bo_tpe,18,18,50,0.9905875582064562
car,bo_tpe,18,18,51,0.9905875582064562
car,bo_tpe,18,18,52,0.9905875582064562
car,bo_tpe,18,18,53,0.9905875582064562
car,bo_tpe,18,18,54,0.9905875582064562
car,bo_tpe,18,18,55,0.9905875582064562
car,bo_tpe,18,18,56,0.9905875582064562
car,bo_tpe,18,18,57,0.9905875582064562
car,bo_tpe,18,18,58,0.9905875582064562
car,bo_tpe,18,18,59,0.9905875582064562
car,bo_tpe,18,18,60,0.9905875582064562
car,bo_tpe,18,18,61,0.9905875582064562
car,bo_tpe,18,18,62,0.9905875582064562
car,bo_tpe,18,18,63,0.9905875582064562
car,bo_tpe,18,18,64,0.9905875582064562
car,bo_tpe,18,18,65,0.9905875582064562
car,bo_tpe,18,18,66,0.9905875582064562
car,bo_tpe,18,18,67,0.9905875582064562
car,bo_tpe,18,18,68,0.9905875582064562
car,bo_tpe,18,18,69,0.9905875582064562
car,bo_tpe,18,18,70,0.9905875582064562
car,bo_tpe,18,18,71,0.9905875582064562
car,bo_tpe,18,18,72,0.9905875582064562
car,bo_tpe,18,18,73,0.9905875582064562
car,bo_tpe,18,18,74,0.9905875582064562
car,bo_tpe,18,18,75,0.9905875582064562
car,bo_tpe,18,18,76,0.9905875582064562
car,bo_tpe,18,18,77,0.9905875582064562
car,bo_tpe,18,18,78,0.9905875582064562
car,bo_tpe,18,18,79,0.9905875582064562
car,bo_tpe,18,18,80,0.9905875582064562
car,bo_tpe,18,18,81,0.9905875582064562
car,bo_tpe,18,18,82,0.9905875582064562
car,bo_tpe,18,18,83,0.9905875582064562
car,bo_tpe,18,18,84,0.9905875582064562
car,bo_tpe,18,18,85,0.9905875582064562
car,bo_tpe,18,18,86,0.9905875582064562
car,bo_tpe,18,18,87,0.9905875582064562
car,bo_tpe,18,18,88,0.9905875582064562
car,bo_tpe,18,18,89,0.9905875582064562
car,bo_tpe,18,18,90,0.9905875582064562
car,bo_tpe,18,18,91,0.9905875582064562
car,bo_tpe,18,18,92,0.9905875582064562
car,bo_tpe,18,18,93,0.9905875582064562
car,bo_tpe,18,18,94,0.9905875582064562
car,bo_tpe,18,18,95,0.9905875582064562
car,bo_tpe,18,18,96,0.9905875582064562
car,bo_tpe,18,18,97,0.9905875582064562
car,bo_tpe,18,18,98,0.9905875582064562
car,bo_tpe,18,18,99,0.9905875582064562
car,bo_tpe,18,18,100,0.9905875582064562
car,pso,18,18,1,0.7004342594045937
car,pso,18,18,2,0.9609349657301314
car,pso,18,18,3,0.988413645162978
car,pso,18,18,4,0.988413645162978
car,pso,18,18,5,0.988413645162978
car,pso,18,18,6,0.988413645162978
car,pso,18,18,7,0.988413645162978
car,pso,18,18,8,0.988413645162978
car,pso,18,18,9,0.988413645162978
car,pso,18,18,10,0.988413645162978
car,pso,18,18,11,0.988413645162978
car,pso,18,18,12,0.988413645162978
car,pso,18,18,13,0.988413645162978
car,pso,18,18,14,0.988413645162978
car,pso,18,18,15,0.988413645162978
car,pso,18,18,16,0.988413645162978
car,pso,18,18,17,0.988413645162978
car,pso,18,18,18,0.988413645162978
car,pso,18,18,19,0.988413645162978
car,pso,18,18,20,0.988413645162978
car,pso,18,18,21,0.9891356668236279
car,pso,18,18,22,0.9891356668236279
car,pso,18,18,23,0.9891356668236279
car,pso,18,18,24,0.9905875582064562
car,pso,18,18,25,0.9905875582064562
car,pso,18,18,26,0.9905875582064562
car,pso,18,18,27,0.9905875582064562
car,pso,18,18,28,0.9905875582064562
car,pso,18,18,29,0.9905875582064562
car,pso,18,18,30,0.9905875582064562
car,pso,18,18,31,0.9905875582064562
car,pso,18,18,32,0.9905875582064562
car,pso,18,18,33,0.9905875582064562
car,pso,18,18,34,0.9905875582064562
car,pso,18,18,35,0.9905875582064562
car,pso,18,18,36,0.9905875582064562
car,pso,18,18,37,0.9905875582064562
car,pso,18,18,38,0.9905875582064562
car,pso,18,18,39,0.9905875582064562
car,pso,18,18,40,0.9905875582064562
car,pso,18,18,41,0.9905875582064562
car,pso,18,18,42,0.9905875582064562
car,pso,18,18,43,0.9905875582064562
car,pso,18,18,44,0.9905875582064562
car,pso,18,18,45,0.9905875582064562
car,pso,18,18,46,0.9905875582064562
car,pso,18,18,47,0.9905875582064562
car,pso,18,18,48,0.9905875582064562
car,pso,18,18,49,0.9905875582064562
car,pso,18,18,50,0.9905875582064562
car,pso,18,18,51,0.9905875582064562
car,pso,18,18,52,0.9905875582064562
car,pso,18,18,53,0.9905875582064562
car,pso,18,18,54,0.9905875582064562
car,pso,18,18,55,0.9905875582064562
car,pso,18,18,56,0.9905875582064562
car,pso,18,18,57,0.9905875582064562
car,pso,18,18,58,0.9905875582064562
car,pso,18,18,59,0.9905875582064562
car,pso,18,18,60,0.9905875582064562
car,pso,18,18,61,0.9905875582064562
car,pso,18,18,62,0.9905875582064562
car,pso,18,18,63,0.9905875582064562
car,pso,18,18,64,0.9905875582064562
car,pso,18,18,65,0.9905875582064562
car,pso,18,18,66,0.9905875582064562
car,pso,18,18,67,0.9905875582064562
car,pso,18,18,68,0.9905875582064562
car,pso,18,18,69,0.9905875582064562
car,pso,18,18,70,0.9905875582064562
car,pso,18,18,71,0.9905875582064562
car,pso,18,18,72,0.9905875582064562
car,pso,18,18,73,0.9905875582064562
car,pso,18,18,74,0.9905875582064562
car,pso,18,18,75,0.9905875582064562
car,pso,18,18,76,0.9905875582064562
car,pso,18,18,77,0.9905875582064562
car,pso,18,18,78,0.9905875582064562
car,pso,18,18,79,0.9905875582064562
car,pso,18,18,80,0.9905875582064562
car,pso,18,18,81,0.9905875582064562
car,pso,18,18,82,0.9905875582064562
car,pso,18,18,83,0.9905875582064562
car,pso,18,18,84,0.9905875582064562
car,pso,18,18,85,0.9905875582064562
car,pso,18,18,86,0.9905875582064562
car,pso,18,18,87,0.9905875582064562
car,pso,18,18,88,0.9905875582064562
car,pso,18,18,89,0.9905875582064562
car,pso,18,18,90,0.9905875582064562
car,pso,18,18,91,0.9905875582064562
car,pso,18,18,92,0.9905875582064562
car,pso,18,18,93,0.9905875582064562
car,pso,18,18,94,0.9905875582064562
car,pso,18,18,95,0.9905875582064562
car,pso,18,18,96,0.9905875582064562
car,pso,18,18,97,0.9905875582064562
car,pso,18,18,98,0.9905875582064562
car,pso,18,18,99,0.9905875582064562
car,pso,18,18,100,0.9905875582064562
car,de,18,18,1,0.8227149060848638
car,de,18,18,2,0.8227149060848638
car,de,18,18,3,0.988413645162978
car,de,18,18,4,0.9891356668236279
car,de,18,18,5,0.9891356668236279
car,de,18,18,6,0.9891356668236279
car,de,18,18,7,0.9891356668236279
car,de,18,18,8,0.9891356668236279
car,de,18,18,9,0.9891356668236279
car,de,18,18,10,0.9891356668236279
car,de,18,18,11,0.9891356668236279
car,de,18,18,12,0.9891356668236279
car,de,18,18,13,0.9891356668236279
car,de,18,18,14,0.9891356668236279
car,de,18,18,15,0.9891382828441374
car,de,18,18,16,0.9891382828441374
car,de,18,18,17,0.9891382828441374
car,de,18,18,18,0.9891382828441374
car,de,18,18,19,0.9891382828441374
car,de,18,18,20,0.9891382828441374
car,de,18,18,21,0.9891382828441374
car,de,18,18,22,0.9891382828441374
car,de,18,18,23,0.9905849421859466
car,de,18,18,24,0.9905849421859466
car,de,18,18,25,0.9905849421859466
car,de,18,18,26,0.9905849421859466
car,de,18,18,27,0.9905849421859466
car,de,18,18,28,0.9905849421859466
car,de,18,18,29,0.9905849421859466
car,de,18,18,30,0.9905849421859466
car,de,18,18,31,0.9905849421859466
car,de,18,18,32,0.9905849421859466
car,de,18,18,33,0.9905849421859466
car,de,18,18,34,0.9905849421859466
car,de,18,18,35,0.9905849421859466
car,de,18,18,36,0.9905849421859466
car,de,18,18,37,0.9905849421859466
car,de,18,18,38,0.9905875582064562
car,de,18,18,39,0.9905875582064562
car,de,18,18,40,0.9905875582064562
car,de,18,18,41,0.9905875582064562
car,de,18,18,42,0.9905875582064562
car,de,18,18,43,0.9905875582064562
car,de,18,18,44,0.9905875582064562
car,de,18,18,45,0.9905875582064562
car,de,18,18,46,0.9905875582064562
car,de,18,18,47,0.9905875582064562
car,de,18,18,48,0.9905875582064562
car,de,18,18,49,0.9905875582064562
car,de,18,18,50,0.9905875582064562
car,de,18,18,51,0.9905875582064562
car,de,18,18,52,0.9905875582064562
car,de,18,18,53,0.9905875582064562
car,de,18,18,54,0.9905875582064562
car,de,18,18,55,0.9905875582064562
car,de,18,18,56,0.9905875582064562
car,de,18,18,57,0.9905875582064562
car,de,18,18,58,0.9905875582064562
car,de,18,18,59,0.9905875582064562
car,de,18,18,60,0.9905875582064562
car,de,18,18,61,0.9905875582064562
car,de,18,18,62,0.9905875582064562
car,de,18,18,63,0.9905875582064562
car,de,18,18,64,0.9905875582064562
car,de,18,18,65,0.9905875582064562
car,de,18,18,66,0.9905875582064562
car,de,18,18,67,0.9905875582064562
car,de,18,18,68,0.9905875582064562
car,de,18,18,69,0.9905875582064562
car,de,18,18,70,0.9905875582064562
car,de,18,18,71,0.9905875582064562
car,de,18,18,72,0.9905875582064562
car,de,18,18,73,0.9905875582064562
car,de,18,18,74,0.9905875582064562
car,de,18,18,75,0.9905875582064562
car,de,18,18,76,0.9905875582064562
car,de,18,18,77,0.9905875582064562
car,de,18,18,78,0.9905875582064562
car,de,18,18,79,0.9905875582064562
car,de,18,18,80,0.9905875582064562
car,de,18,18,81,0.9905875582064562
car,de,18,18,82,0.9905875582064562
car,de,18,18,83,0.9905875582064562
car,de,18,18,84,0.9905875582064562
car,de,18,18,85,0.9905875582064562
car,de,18,18,86,0.9905875582064562
car,de,18,18,87,0.9905875582064562
car,de,18,18,88,0.9905875582064562
car,de,18,18,89,0.9905875582064562
car,de,18,18,90,0.9905875582064562
car,de,18,18,91,0.9905875582064562
car,de,18,18,92,0.9905875582064562
car,de,18,18,93,0.9905875582064562
car,de,18,18,94,0.9905875582064562
car,de,18,18,95,0.9905875582064562
car,de,18,18,96,0.9905875582064562
car,de,18,18,97,0.9905875582064562
car,de,18,18,98,0.9905875582064562
car,de,18,18,99,0.9905875582064562
car,de,18,18,100,0.9905875582064562
car,ga,18,18,1,0.8227149060848638
car,ga,18,18,2,0.8227149060848638
car,ga,18,18,3,0.988413645162978
car,ga,18,18,4,0.9891356668236279
car,ga,18,18,5,0.9891356668236279
car,ga,18,18,6,0.9891356668236279
car,ga,18,18,7,0.9891356668236279
car,ga,18,18,8,0.9891356668236279
car,ga,18,18,9,0.9891356668236279
car,ga,18,18,10,0.9891356668236279
car,ga,18,18,11,0.9891356668236279
car,ga,18,18,12,0.9891356668236279
car,ga,18,18,13,0.9891356668236279
car,ga,18,18,14,0.9891356668236279
car,ga,18,18,15,0.9891382828441374
car,ga,18,18,16,0.9891382828441374
car,ga,18,18,17,0.9891382828441374
car,ga,18,18,18,0.9891382828441374
car,ga,18,18,19,0.9891382828441374
car,ga,18,18,20,0.9891382828441374
car,ga,18,18,21,0.9891382828441374
car,ga,18,18,22,0.9891382828441374
car,ga,18,18,23,0.9891382828441374
car,ga,18,18,24,0.9891382828441374
car,ga,18,18,25,0.9891382828441374
car,ga,18,18,26,0.9891382828441374
car,ga,18,18,27,0.9891382828441374
car,ga,18,18,28,0.9891382828441374
car,ga,18,18,29,0.9891382828441374
car,ga,18,18,30,0.9891382828441374
car,ga,18,18,31,0.9891382828441374
car,ga,18,18,32,0.9891382828441374
car,ga,18,18,33,0.9891382828441374
car,ga,18,18,34,0.9891382828441374
car,ga,18,18,35,0.9891382828441374
car,ga,18,18,36,0.9891382828441374
car,ga,18,18,37,0.9891382828441374
car,ga,18,18,38,0.9891382828441374
car,ga,18,18,39,0.9891382828441374
car,ga,18,18,40,0.9891382828441374
car,ga,18,18,41,0.9891382828441374
car,ga,18,18,42,0.9891382828441374
car,ga,18,18,43,0.9891382828441374
car,ga,18,18,44,0.9891382828441374
car,ga,18,18,45,0.9891382828441374
car,ga,18,18,46,0.9891382828441374
car,ga,18,18,47,0.9891382828441374
car,ga,18,18,48,0.9905875582064562
car,ga,18,18,49,0.9905875582064562
car,ga,18,18,50,0.9905875582064562
car,ga,18,18,51,0.9905875582064562
car,ga,18,18,52,0.9905875582064562
car,ga,18,18,53,0.9905875582064562
car,ga,18,18,54,0.9905875582064562
car,ga,18,18,55,0.9905875582064562
car,ga,18,18,56,0.9905875582064562
car,ga,18,18,57,0.9905875582064562
car,ga,18,18,58,0.9905875582064562
car,ga,18,18,59,0.9905875582064562
car,ga,18,18,60,0.9905875582064562
car,ga,18,18,61,0.9905875582064562
car,ga,18,18,62,0.9905875582064562
car,ga,18,18,63,0.9905875582064562
car,ga,18,18,64,0.9905875582064562
car,ga,18,18,65,0.9905875582064562
car,ga,18,18,66,0.9905875582064562
car,ga,18,18,67,0.9905875582064562
car,ga,18,18,68,0.9905875582064562
car,ga,18,18,69,0.9905875582064562
car,ga,18,18,70,0.9905875582064562
car,ga,18,18,71,0.9905875582064562
car,ga,18,18,72,0.9905875582064562
car,ga,18,18,73,0.9905875582064562
car,ga,18,18,74,0.9905875582064562
car,ga,18,18,75,0.9905875582064562
car,ga,18,18,76,0.9905875582064562
car,ga,18,18,77,0.9905875582064562
car,ga,18,18,78,0.9905875582064562
car,ga,18,18,79,0.9905875582064562
car,ga,18,18,80,0.9905875582064562
car,ga,18,18,81,0.9905875582064562
car,ga,18,18,82,0.9905875582064562
car,ga,18,18,83,0.9905875582064562
car,ga,18,18,84,0.9905875582064562
car,ga,18,18,85,0.9905875582064562
car,ga,18,18,86,0.9905875582064562
car,ga,18,18,87,0.9905875582064562
car,ga,18,18,88,0.9905875582064562
car,ga,18,18,89,0.9905875582064562
car,ga,18,18,90,0.9905875582064562
car,ga,18,18,91,0.9905875582064562
car,ga,18,18,92,0.9905875582064562
car,ga,18,18,93,0.9905875582064562
car,ga,18,18,94,0.9905875582064562
car,ga,18,18,95,0.9905875582064562
car,ga,18,18,96,0.9905875582064562
car,ga,18,18,97,0.9905875582064562
car,ga,18,18,98,0.9905875582064562
car,ga,18,18,99,0.9905875582064562
car,ga,18,18,100,0.9905875582064562
car,sa,18,18,1,0.9905875582064562
car,sa,18,18,2,0.9905875582064562
car,sa,18,18,3,0.9905875582064562
car,sa,18,18,4,0.9905875582064562
car,sa,18,18,5,0.9905875582064562
car,sa,18,18,6,0.9905875582064562
car,sa,18,18,7,0.9905875582064562
car,sa,18,18,8,0.9905875582064562
car,sa,18,18,9,0.9905875582064562
car,sa,18,18,10,0.9905875582064562
car,sa,18,18,11,0.9905875582064562
car,sa,18,18,12,0.9905875582064562
car,sa,18,18,13,0.9905875582064562
car,sa,18,18,14,0.9905875582064562
car,sa,18,18,15,0.9905875582064562
car,sa,18,18,16,0.9905875582064562
car,sa,18,18,17,0.9905875582064562
car,sa,18,18,18,0.9905875582064562
car,sa,18,18,19,0.9905875582064562
car,sa,18,18,20,0.9905875582064562
car,sa,18,18,21,0.9905875582064562
car,sa,18,18,22,0.9905875582064562
car,sa,18,18,23,0.9905875582064562
car,sa,18,18,24,0.9905875582064562
car,sa,18,18,25,0.9905875582064562
car,sa,18,18,26,0.9905875582064562
car,sa,18,18,27,0.9905875582064562
car,sa,18,18,28,0.9905875582064562
car,sa,18,18,29,0.9905875582064562
car,sa,18,18,30,0.9905875582064562
car,sa,18,18,31,0.9905875582064562
car,sa,18,18,32,0.9905875582064562
car,sa,18,18,33,0.9905875582064562
car,sa,18,18,34,0.9905875582064562
car,sa,18,18,35,0.9905875582064562
car,sa,18,18,36,0.9905875582064562
car,sa,18,18,37,0.9905875582064562
car,sa,18,18,38,0.9905875582064562
car,sa,18,18,39,0.9905875582064562
car,sa,18,18,40,0.9905875582064562
car,sa,18,18,41,0.9905875582064562
car,sa,18,18,42,0.9905875582064562
car,sa,18,18,43,0.9905875582064562
car,sa,18,18,44,0.9905875582064562
car,sa,18,18,45,0.9905875582064562
car,sa,18,18,46,0.9905875582064562
car,sa,18,18,47,0.9905875582064562
car,sa,18,18,48,0.9905875582064562
car,sa,18,18,49,0.9905875582064562
car,sa,18,18,50,0.9905875582064562
car,sa,18,18,51,0.9905875582064562
car,sa,18,18,52,0.9905875582064562
car,sa,18,18,53,0.9905875582064562
car,sa,18,18,54,0.9905875582064562
car,sa,18,18,55,0.9905875582064562
car,sa,18,18,56,0.9905875582064562
car,sa,18,18,57,0.9905875582064562
car,sa,18,18,58,0.9905875582064562
car,sa,18,18,59,0.9905875582064562
car,sa,18,18,60,0.9905875582064562
car,sa,18,18,61,0.9905875582064562
car,sa,18,18,62,0.9905875582064562
car,sa,18,18,63,0.9905875582064562
car,sa,18,18,64,0.9905875582064562
car,sa,18,18,65,0.9905875582064562
car,sa,18,18,66,0.9905875582064562
car,sa,18,18,67,0.9905875582064562
car,sa,18,18,68,0.9905875582064562
car,sa,18,18,69,0.9905875582064562
car,sa,18,18,70,0.9905875582064562
car,sa,18,18,71,0.9905875582064562
car,sa,18,18,72,0.9905875582064562
car,sa,18,18,73,0.9905875582064562
car,sa,18,18,74,0.9905875582064562
car,sa,18,18,75,0.9905875582064562
car,sa,18,18,76,0.9905875582064562
car,sa,18,18,77,0.9905875582064562
car,sa,18,18,78,0.9905875582064562
car,sa,18,18,79,0.9905875582064562
car,sa,18,18,80,0.9905875582064562
car,sa,18,18,81,0.9905875582064562
car,sa,18,18,82,0.9905875582064562
car,sa,18,18,83,0.9905875582064562
car,sa,18,18,84,0.9905875582064562
car,sa,18,18,85,0.9905875582064562
car,sa,18,18,86,0.9905875582064562
car,sa,18,18,87,0.9905875582064562
car,sa,18,18,88,0.9905875582064562
car,sa,18,18,89,0.9905875582064562
car,sa,18,18,90,0.9905875582064562
car,sa,18,18,91,0.9905875582064562
car,sa,18,18,92,0.9905875582064562
car,sa,18,18,93,0.9905875582064562
car,sa,18,18,94,0.9905875582064562
car,sa,18,18,95,0.9905875582064562
car,sa,18,18,96,0.9905875582064562
car,sa,18,18,97,0.9905875582064562
car,sa,18,18,98,0.9905875582064562
car,sa,18,18,99,0.9905875582064562
car,sa,18,18,100,0.9905875582064562
car,grid,19,19,1,0.7004342594045937
car,grid,19,19,2,0.7004342594045937
car,grid,19,19,3,0.7004342594045937
car,grid,19,19,4,0.7004342594045937
car,grid,19,19,5,0.7004342594045937
car,grid,19,19,6,0.7004342594045937
car,grid,19,19,7,0.7004342594045937
car,grid,19,19,8,0.7004342594045937
car,grid,19,19,9,0.7004342594045937
car,grid,19,19,10,0.7004342594045937
car,grid,19,19,11,0.7004342594045937
car,grid,19,19,12,0.7004342594045937
car,grid,19,19,13,0.7004342594045937
car,grid,19,19,14,0.7004342594045937
car,grid,19,19,15,0.7004342594045937
car,grid,19,19,16,0.8097106681316382
car,grid,19,19,17,0.8097106681316382
car,grid,19,19,18,0.8097106681316382
car,grid,19,19,19,0.8097106681316382
car,grid,19,19,20,0.8097106681316382
car,grid,19,19,21,0.8097106681316382
car,grid,19,19,22,0.8097106681316382
car,grid,19,19,23,0.8097106681316382
car,grid,19,19,24,0.8097106681316382
car,grid,19,19,25,0.8697404907654477
car,grid,19,19,26,0.9319913148119081
car,grid,19,19,27,0.9319913148119081
car,grid,19,19,28,0.9319913148119081
car,grid,19,19,29,0.9319913148119081
car,grid,19,19,30,0.9319913148119081
car,grid,19,19,31,0.9319913148119081
car,grid,19,19,32,0.9319913148119081
car,grid,19,19,33,0.9319913148119081
car,grid,19,19,34,0.9319913148119081
car,grid,19,19,35,0.9450086328676818
car,grid,19,19,36,0.9761157327473449
car,grid,19,19,37,0.9761157327473449
car,grid,19,19,38,0.9761157327473449
car,grid,19,19,39,0.9761157327473449
car,grid,19,19,40,0.9761157327473449
car,grid,19,19,41,0.9761157327473449
car,grid,19,19,42,0.9761157327473449
car,grid,19,19,43,0.9761157327473449
car,grid,19,19,44,0.9761157327473449
car,grid,19,19,45,0.9761157327473449
car,grid,19,19,46,0.988413645162978
car,grid,19,19,47,0.988413645162978
car,grid,19,19,48,0.988413645162978
car,grid,19,19,49,0.988413645162978
car,grid,19,19,50,0.988413645162978
car,grid,19,19,51,0.988413645162978
car,grid,19,19,52,0.988413645162978
car,grid,19,19,53,0.988413645162978
car,grid,19,19,54,0.988413645162978
car,grid,19,19,55,0.988413645162978
car,grid,19,19,56,0.988413645162978
car,grid,19,19,57,0.988413645162978
car,grid,19,19,58,0.988413645162978
car,grid,19,19,59,0.988413645162978
car,grid,19,19,60,0.988413645162978
car,grid,19,19,61,0.988413645162978
car,grid,19,19,62,0.988413645162978
car,grid,19,19,63,0.988413645162978
car,grid,19,19,64,0.988413645162978
car,grid,19,19,65,0.988413645162978
car,grid,19,19,66,0.988413645162978
car,grid,19,19,67,0.988413645162978
car,grid,19,19,68,0.988413645162978
car,grid,19,19,69,0.988413645162978
car,grid,19,19,70,0.988413645162978
car,grid,19,19,71,0.988413645162978
car,grid,19,19,72,0.988413645162978
car,grid,19,19,73,0.988413645162978
car,grid,19,19,74,0.988413645162978
car,grid,19,19,75,0.988413645162978
car,grid,19,19,76,0.988413645162978
car,grid,19,19,77,0.988413645162978
car,grid,19,19,78,0.988413645162978
car,grid,19,19,79,0.988413645162978
car,grid,19,19,80,0.988413645162978
car,grid,19,19,81,0.988413645162978
car,grid,19,19,82,0.988413645162978
car,grid,19,19,83,0.988413645162978
car,grid,19,19,84,0.988413645162978
car,grid,19,19,85,0.988413645162978
car,grid,19,19,86,0.988413645162978
car,grid,19,19,87,0.988413645162978
car,grid,19,19,88,0.988413645162978
car,grid,19,19,89,0.988413645162978
car,grid,19,19,90,0.988413645162978
car,grid,19,19,91,0.988413645162978
car,grid,19,19,92,0.988413645162978
car,grid,19,19,93,0.988413645162978
car,grid,19,19,94,0.988413645162978
car,grid,19,19,95,0.988413645162978
car,grid,19,19,96,0.988413645162978
car,grid,19,19,97,0.988413645162978
car,grid,19,19,98,0.988413645162978
car,grid,19,19,99,0.988413645162978
car,grid,19,19,100,0.988413645162978
car,random,19,19,1,0.7004342594045937
car,random,19,19,2,0.7004342594045937
car,random,19,19,3,0.7004342594045937
car,random,19,19,4,0.7004342594045937
car,random,19,19,5,0.9819023701145818
car,random,19,19,6,0.9819023701145818
car,random,19,19,7,0.9819023701145818
car,random,19,19,8,0.9819023701145818
car,random,19,19,9,0.9819023701145818
car,random,19,19,10,0.9819023701145818
car,random,19,19,11,0.9819023701145818
car,random,19,19,12,0.9862423481400093
car,random,19,19,13,0.9862423481400093
car,random,19,19,14,0.9862423481400093
car,random,19,19,15,0.9862423481400093
car,random,19,19,16,0.9862423481400093
car,random,19,19,17,0.9891382828441374
car,random,19,19,18,0.9891382828441374
car,random,19,19,19,0.9891382828441374
car,random,19,19,20,0.9891382828441374
car,random,19,19,21,0.9891382828441374
car,random,19,19,22,0.9891382828441374
car,random,19,19,23,0.9891382828441374
car,random,19,19,24,0.9891382828441374
car,random,19,19,25,0.9891382828441374
car,random,19,19,26,0.9891382828441374
car,random,19,19,27,0.9891382828441374
car,random,19,19,28,0.9891382828441374
car,random,19,19,29,0.9905875582064562
car,random,19,19,30,0.9905875582064562
car,random,19,19,31,0.9905875582064562
car,random,19,19,32,0.9905875582064562
car,random,19,19,33,0.9905875582064562
car,random,19,19,34,0.9905875582064562
car,random,19,19,35,0.9905875582064562
car,random,19,19,36,0.9905875582064562
car,random,19,19,37,0.9905875582064562
car,random,19,19,38,0.9905875582064562
car,random,19,19,39,0.9905875582064562
car,random,19,19,40,0.9905875582064562
car,random,19,19,41,0.9905875582064562
car,random,19,19,42,0.9905875582064562
car,random,19,19,43,0.9905875582064562
car,random,19,19,44,0.9905875582064562
car,random,19,19,45,0.9905875582064562
car,random,19,19,46,0.9905875582064562
car,random,19,19,47,0.9905875582064562
car,random,19,19,48,0.9905875582064562
car,random,19,19,49,0.9905875582064562
car,random,19,19,50,0.9905875582064562
car,random,19,19,51,0.9905875582064562
car,random,19,19,52,0.9905875582064562
car,random,19,19,53,0.9905875582064562
car,random,19,19,54,0.9905875582064562
car,random,19,19,55,0.9905875582064562
car,random,19,19,56,0.9905875582064562
car,random,19,19,57,0.9905875582064562
car,random,19,19,58,0.9905875582064562
car,random,19,19,59,0.9905875582064562
car,random,19,19,60,0.9905875582064562
car,random,19,19,61,0.9905875582064562
car,random,19,19,62,0.9905875582064562
car,random,19,19,63,0.9905875582064562
car,random,19,19,64,0.9905875582064562
car,random,19,19,65,0.9905875582064562
car,random,19,19,66,0.9905875582064562
car,random,19,19,67,0.9905875582064562
car,random,19,19,68,0.9905875582064562
car,random,19,19,69,0.9905875582064562
car,random,19,19,70,0.9905875582064562
car,random,19,19,71,0.9905875582064562
car,random,19,19,72,0.9905875582064562
car,random,19,19,73,0.9905875582064562
car,random,19,19,74,0.9905875582064562
car,random,19,19,75,0.9905875582064562
car,random,19,19,76,0.9905875582064562
car,random,19,19,77,0.9905875582064562
car,random,19,19,78,0.9905875582064562
car,random,19,19,79,0.9905875582064562
car,random,19,19,80,0.9905875582064562
car,random,19,19,81,0.9905875582064562
car,random,19,19,82,0.9905875582064562
car,random,19,19,83,0.9905875582064562
car,random,19,19,84,0.9905875582064562
car,random,19,19,85,0.9905875582064562
car,random,19,19,86,0.9905875582064562
car,random,19,19,87,0.9905875582064562
car,random,19,19,88,0.9905875582064562
car,random,19,19,89,0.9905875582064562
car,random,19,19,90,0.9905875582064562
car,random,19,19,91,0.9905875582064562
car,random,19,19,92,0.9905875582064562
car,random,19,19,93,0.9905875582064562
car,random,19,19,94,0.9905875582064562
car,random,19,19,95,0.9905875582064562
car,random,19,19,96,0.9905875582064562
car,random,19,19,97,0.9905875582064562
car,random,19,19,98,0.9905875582064562
car,random,19,19,99,0.9905875582064562
car,random,19,19,100,0.9905875582064562
car,bo_tpe,19,19,1,0.7004342594045937
car,bo_tpe,19,19,2,0.7004342594045937
car,bo_tpe,19,19,3,0.7004342594045937
car,bo_tpe,19,19,4,0.7004342594045937
car,bo_tpe,19,19,5,0.9819023701145818
car,bo_tpe,19,19,6,0.9819023701145818
car,bo_tpe,19,19,7,0.9819023701145818
car,bo_tpe,19,19,8,0.9819023701145818
car,bo_tpe,19,19,9,0.9819023701145818
car,bo_tpe,19,19,10,0.9819023701145818
car,bo_tpe,19,19,11,0.9819023701145818
car,bo_tpe,19,19,12,0.9819023701145818
car,bo_tpe,19,19,13,0.9847930727776906
car,bo_tpe,19,19,14,0.9847930727776906
car,bo_tpe,19,19,15,0.9847930727776906
car,bo_tpe,19,19,16,0.9847930727776906
car,bo_tpe,19,19,17,0.98551771045885
car,bo_tpe,19,19,18,0.98551771045885
car,bo_tpe,19,19,19,0.98551771045885
car,bo_tpe,19,19,20,0.98551771045885
car,bo_tpe,19,19,21,0.9862397321194998
car,bo_tpe,19,19,22,0.9862397321194998
car,bo_tpe,19,19,23,0.9862397321194998
car,bo_tpe,19,19,24,0.9869643698006592
car,bo_tpe,19,19,25,0.9869643698006592
car,bo_tpe,19,19,26,0.9869643698006592
car,bo_tpe,19,19,27,0.9876916235023282
car,bo_tpe,19,19,28,0.9876916235023282
car,bo_tpe,19,19,29,0.9876916235023282
car,bo_tpe,19,19,30,0.9876916235023282
car,bo_tpe,19,19,31,0.9876916235023282
car,bo_tpe,19,19,32,0.9891356668236279
car,bo_tpe,19,19,33,0.9891356668236279
car,bo_tpe,19,19,34,0.9891356668236279
car,bo_tpe,19,19,35,0.9891356668236279
car,bo_tpe,19,19,36,0.9891356668236279
car,bo_tpe,19,19,37,0.9891356668236279
car,bo_tpe,19,19,38,0.9891356668236279
car,bo_tpe,19,19,39,0.9905875582064562
car,bo_tpe,19,19,40,0.9905875582064562
car,bo_tpe,19,19,41,0.9905875582064562
car,bo_tpe,19,19,42,0.9905875582064562
car,bo_tpe,19,19,43,0.9905875582064562
car,bo_tpe,19,19,44,0.9905875582064562
car,bo_tpe,19,19,45,0.9905875582064562
car,bo_tpe,19,19,46,0.9905875582064562
car,bo_tpe,19,19,47,0.9905875582064562
car,bo_tpe,19,19,48,0.9905875582064562
car,bo_tpe,19,19,49,0.9905875582064562
car,bo_tpe,19,19,50,0.9905875582064562
car,bo_tpe,19,19,51,0.9905875582064562
car,bo_tpe,19,19,52,0.9905875582064562
car,bo_tpe,19,19,53,0.9905875582064562
car,bo_tpe,19,19,54,0.9905875582064562
car,bo_tpe,19,19,55,0.9905875582064562
car,bo_tpe,19,19,56,0.9905875582064562
car,bo_tpe,19,19,57,0.9905875582064562
car,bo_tpe,19,19,58,0.9905875582064562
car,bo_tpe,19,19,59,0.9905875582064562
car,bo_tpe,19,19,60,0.9905875582064562
car,bo_tpe,19,19,61,0.9905875582064562
car,bo_tpe,19,19,62,0.9905875582064562
car,bo_tpe,19,19,63,0.9905875582064562
car,bo_tpe,19,19,64,0.9905875582064562
car,bo_tpe,19,19,65,0.9905875582064562
car,bo_tpe,19,19,66,0.9905875582064562
car,bo_tpe,19,19,67,0.9905875582064562
car,bo_tpe,19,19,68,0.9905875582064562
car,bo_tpe,19,19,69,0.9905875582064562
car,bo_tpe,19,19,70,0.9905875582064562
car,bo_tpe,19,19,71,0.9905875582064562
car,bo_tpe,19,19,72,0.9905875582064562
car,bo_tpe,19,19,73,0.9905875582064562
car,bo_tpe,19,19,74,0.9905875582064562
car,bo_tpe,19,19,75,0.9905875582064562
car,bo_tpe,19,19,76,0.9905875582064562
car,bo_tpe,19,19,77,0.9905875582064562
car,bo_tpe,19,19,78,0.9905875582064562
car,bo_tpe,19,19,79,0.9905875582064562
car,bo_tpe,19,19,80,0.9905875582064562
car,bo_tpe,19,19,81,0.9905875582064562
car,bo_tpe,19,19,82,0.9905875582064562
car,bo_tpe,19,19,83,0.9905875582064562
car,bo_tpe,19,19,84,0.9905875582064562
car,bo_tpe,19,19,85,0.9905875582064562
car,bo_tpe,19,19,86,0.9905875582064562
car,bo_tpe,19,19,87,0.9905875582064562
car,bo_tpe,19,19,88,0.9905875582064562
car,bo_tpe,19,19,89,0.9905875582064562
car,bo_tpe,19,19,90,0.9905875582064562
car,bo_tpe,19,19,91,0.9905875582064562
car,bo_tpe,19,19,92,0.9905875582064562
car,bo_tpe,19,19,93,0.9905875582064562
car,bo_tpe,19,19,94,0.9905875582064562
car,bo_tpe,19,19,95,0.9905875582064562
car,bo_tpe,19,19,96,0.9905875582064562
car,bo_tpe,19,19,97,0.9905875582064562
car,bo_tpe,19,19,98,0.9905875582064562
car,bo_tpe,19,19,99,0.9905875582064562
car,bo_tpe,19,19,100,0.9905875582064562
car,pso,19,19,1,0.8639669335007587
car,pso,19,19,2,0.9862423481400093
car,pso,19,19,3,0.9862423481400093
car,pso,19,19,4,0.9862423481400093
car,pso,19,19,5,0.9876916235023282
car,pso,19,19,6,0.9876916235023282
car,pso,19,19,7,0.9876916235023282
car,pso,19,19,8,0.9876916235023282
car,pso,19,19,9,0.9905875582064562
car,pso,19,19,10,0.9905875582064562
car,pso,19,19,11,0.9905875582064562
car,pso,19,19,12,0.9905875582064562
car,pso,19,19,13,0.9905875582064562
car,pso,19,19,14,0.9905875582064562
car,pso,19,19,15,0.9905875582064562
car,pso,19,19,16,0.9905875582064562
car,pso,19,19,17,0.9905875582064562
car,pso,19,19,18,0.9905875582064562
car,pso,19,19,19,0.9905875582064562
car,pso,19,19,20,0.9905875582064562
car,pso,19,19,21,0.9905875582064562
car,pso,19,19,22,0.9905875582064562
car,pso,19,19,23,0.9905875582064562
car,pso,19,19,24,0.9905875582064562
car,pso,19,19,25,0.9905875582064562
car,pso,19,19,26,0.9905875582064562
car,pso,19,19,27,0.9905875582064562
car,pso,19,19,28,0.9905875582064562
car,pso,19,19,29,0.9905875582064562
car,pso,19,19,30,0.9905875582064562
car,pso,19,19,31,0.9905875582064562
car,pso,19,19,32,0.9905875582064562
car,pso,19,19,33,0.9905875582064562
car,pso,19,19,34,0.9905875582064562
car,pso,19,19,35,0.9905875582064562
car,pso,19,19,36,0.9905875582064562
car,pso,19,19,37,0.9905875582064562
car,pso,19,19,38,0.9905875582064562
car,pso,19,19,39,0.9905875582064562
car,pso,19,19,40,0.9905875582064562
car,pso,19,19,41,0.9905875582064562
car,pso,19,19,42,0.9905875582064562
car,pso,19,19,43,0.9905875582064562
car,pso,19,19,44,0.9905875582064562
car,pso,19,19,45,0.9905875582064562
car,pso,19,19,46,0.9905875582064562
car,pso,19,19,47,0.9905875582064562
car,pso,19,19,48,0.9905875582064562
car,pso,19,19,49,0.9905875582064562
car,pso,19,19,50,0.9905875582064562
car,pso,19,19,51,0.9905875582064562
car,pso,19,19,52,0.9905875582064562
car,pso,19,19,53,0.9905875582064562
car,pso,19,19,54,0.9905875582064562
car,pso,19,19,55,0.9905875582064562
car,pso,19,19,56,0.9905875582064562
car,pso,19,19,57,0.9905875582064562
car,pso,19,19,58,0.9905875582064562
car,pso,19,19,59,0.9905875582064562
car,pso,19,19,60,0.9905875582064562
car,pso,19,19,61,0.9905875582064562
car,pso,19,19,62,0.9905875582064562
car,pso,19,19,63,0.9905875582064562
car,pso,19,19,64,0.9905875582064562
car,pso,19,19,65,0.9905875582064562
car,pso,19,19,66,0.9905875582064562
car,pso,19,19,67,0.9905875582064562
car,pso,19,19,68,0.9905875582064562
car,pso,19,19,69,0.9905875582064562
car,pso,19,19,70,0.9905875582064562
car,pso,19,19,71,0.9905875582064562
car,pso,19,19,72,0.9905875582064562
car,pso,19,19,73,0.9905875582064562
car,pso,19,19,74,0.9905875582064562
car,pso,19,19,75,0.9905875582064562
car,pso,19,19,76,0.9905875582064562
car,pso,19,19,77,0.9905875582064562
car,pso,19,19,78,0.9905875582064562
car,pso,19,19,79,0.9905875582064562
car,pso,19,19,80,0.9905875582064562
car,pso,19,19,81,0.9905875582064562
car,pso,19,19,82,0.9905875582064562
car,pso,19,19,83,0.9905875582064562
car,pso,19,19,84,0.9905875582064562
car,pso,19,19,85,0.9905875582064562
car,pso,19,19,86,0.9905875582064562
car,pso,19,19,87,0.9905875582064562
car,pso,19,19,88,0.9905875582064562
car,pso,19,19,89,0.9905875582064562
car,pso,19,19,90,0.9905875582064562
car,pso,19,19,91,0.9905875582064562
car,pso,19,19,92,0.9905875582064562
car,pso,19,19,93,0.9905875582064562
car,pso,19,19,94,0.9905875582064562
car,pso,19,19,95,0.9905875582064562
car,pso,19,19,96,0.9905875582064562
car,pso,19,19,97,0.9905875582064562
car,pso,19,19,98,0.9905875582064562
car,pso,19,19,99,0.9905875582064562
car,pso,19,19,100,0.9905875582064562
car,de,19,19,1,0.7004342594045937
car,de,19,19,2,0.7004342594045937
car,de,19,19,3,0.8190995657405955
car,de,19,19,4,0.9905849421859466
car,de,19,19,5,0.9905849421859466
car,de,19,19,6,0.9905849421859466
car,de,19,19,7,0.9905849421859466
car,de,19,19,8,0.9905849421859466
car,de,19,19,9,0.9905849421859466
car,de,19,19,10,0.9905849421859466
car,de,19,19,11,0.9905849421859466
car,de,19,19,12,0.9905849421859466
car,de,19,19,13,0.9905849421859466
car,de,19,19,14,0.9905849421859466
car,de,19,19,15,0.9905849421859466
car,de,19,19,16,0.9905849421859466
car,de,19,19,17,0.9905849421859466
car,de,19,19,18,0.9905849421859466
car,de,19,19,19,0.9905849421859466
car,de,19,19,20,0.9905849421859466
car,de,19,19,21,0.9905849421859466
car,de,19,19,22,0.9905849421859466
car,de,19,19,23,0.9905849421859466
car,de,19,19,24,0.9905849421859466
car,de,19,19,25,0.9905849421859466
car,de,19,19,26,0.9905849421859466
car,de,19,19,27,0.9905849421859466
car,de,19,19,28,0.9905849421859466
car,de,19,19,29,0.9905849421859466
car,de,19,19,30,0.9905849421859466
car,de,19,19,31,0.9905849421859466
car,de,19,19,32,0.9905849421859466
car,de,19,19,33,0.9905849421859466
car,de,19,19,34,0.9905849421859466
car,de,19,19,35,0.9905849421859466
car,de,19,19,36,0.9905849421859466
car,de,19,19,37,0.9905849421859466
car,de,19,19,38,0.9905849421859466
car,de,19,19,39,0.9905849421859466
car,de,19,19,40,0.9905849421859466
car,de,19,19,41,0.9905849421859466
car,de,19,19,42,0.9905849421859466
car,de,19,19,43,0.9905875582064562
car,de,19,19,44,0.9905875582064562
car,de,19,19,45,0.9905875582064562
car,de,19,19,46,0.9905875582064562
car,de,19,19,47,0.9905875582064562
car,de,19,19,48,0.9905875582064562
car,de,19,19,49,0.9905875582064562
car,de,19,19,50,0.9905875582064562
car,de,19,19,51,0.9905875582064562
car,de,19,19,52,0.9905875582064562
car,de,19,19,53,0.9905875582064562
car,de,19,19,54,0.9905875582064562
car,de,19,19,55,0.9905875582064562
car,de,19,19,56,0.9905875582064562
car,de,19,19,57,0.9905875582064562
car,de,19,19,58,0.9905875582064562
car,de,19,19,59,0.9905875582064562
car,de,19,19,60,0.9905875582064562
car,de,19,19,61,0.9905875582064562
car,de,19,19,62,0.9905875582064562
car,de,19,19,63,0.9905875582064562
car,de,19,19,64,0.9905875582064562
car,de,19,19,65,0.9905875582064562
car,de,19,19,66,0.9905875582064562
car,de,19,19,67,0.9905875582064562
car,de,19,19,68,0.9905875582064562
car,de,19,19,69,0.9905875582064562
car,de,19,19,70,0.9905875582064562
car,de,19,19,71,0.9905875582064562
car,de,19,19,72,0.9905875582064562
car,de,19,19,73,0.9905875582064562
car,de,19,19,74,0.9905875582064562
car,de,19,19,75,0.9905875582064562
car,de,19,19,76,0.9905875582064562
car,de,19,19,77,0.9905875582064562
car,de,19,19,78,0.9905875582064562
car,de,19,19,79,0.9905875582064562
car,de,19,19,80,0.9905875582064562
car,de,19,19,81,0.9905875582064562
car,de,19,19,82,0.9905875582064562
car,de,19,19,83,0.9905875582064562
car,de,19,19,84,0.9905875582064562
car,de,19,19,85,0.9905875582064562
car,de,19,19,86,0.9905875582064562
car,de,19,19,87,0.9905875582064562
car,de,19,19,88,0.9905875582064562
car,de,19,19,89,0.9905875582064562
car,de,19,19,90,0.9905875582064562
car,de,19,19,91,0.9905875582064562
car,de,19,19,92,0.9905875582064562
car,de,19,19,93,0.9905875582064562
car,de,19,19,94,0.9905875582064562
car,de,19,19,95,0.9905875582064562
car,de,19,19,96,0.9905875582064562
car,de,19,19,97,0.9905875582064562
car,de,19,19,98,0.9905875582064562
car,de,19,19,99,0.9905875582064562
car,de,19,19,100,0.9905875582064562
car,ga,19,19,1,0.7004342594045937
car,ga,19,19,2,0.7004342594045937
car,ga,19,19,3,0.8190995657405955
car,ga,19,19,4,0.9905849421859466
car,ga,19,19,5,0.9905849421859466
car,ga,19,19,6,0.9905849421859466
car,ga,19,19,7,0.9905849421859466
car,ga,19,19,8,0.9905849421859466
car,ga,19,19,9,0.9905849421859466
car,ga,19,19,10,0.9905849421859466
car,ga,19,19,11,0.9905849421859466
car,ga,19,19,12,0.9905849421859466
car,ga,19,19,13,0.9905849421859466
car,ga,19,19,14,0.9905849421859466
car,ga,19,19,15,0.9905849421859466
car,ga,19,19,16,0.9905849421859466
car,ga,19,19,17,0.9905849421859466
car,ga,19,19,18,0.9905849421859466
car,ga,19,19,19,0.9905849421859466
car,ga,19,19,20,0.9905849421859466
car,ga,19,19,21,0.9905849421859466
car,ga,19,19,22,0.9905849421859466
car,ga,19,19,23,0.9905849421859466
car,ga,19,19,24,0.9905849421859466
car,ga,19,19,25,0.9905849421859466
car,ga,19,19,26,0.9905849421859466
car,ga,19,19,27,0.9905849421859466
car,ga,19,19,28,0.9905849421859466
car,ga,19,19,29,0.9905849421859466
car,ga,19,19,30,0.9905849421859466
car,ga,19,19,31,0.9905849421859466
car,ga,19,19,32,0.9905849421859466
car,ga,19,19,33,0.9905875582064562
car,ga,19,19,34,0.9905875582064562
car,ga,19,19,35,0.9905875582064562
car,ga,19,19,36,0.9905875582064562
car,ga,19,19,37,0.9905875582064562
car,ga,19,19,38,0.9905875582064562
car,ga,19,19,39,0.9905875582064562
car,ga,19,19,40,0.9905875582064562
car,ga,19,19,41,0.9905875582064562
car,ga,19,19,42,0.9905875582064562
car,ga,19,19,43,0.9905875582064562
car,ga,19,19,44,0.9905875582064562
car,ga,19,19,45,0.9905875582064562
car,ga,19,19,46,0.9905875582064562
car,ga,19,19,47,0.9905875582064562
car,ga,19,19,48,0.9905875582064562
car,ga,19,19,49,0.9905875582064562
car,ga,19,19,50,0.9905875582064562
car,ga,19,19,51,0.9905875582064562
car,ga,19,19,52,0.9905875582064562
car,ga,19,19,53,0.9905875582064562
car,ga,19,19,54,0.9905875582064562
car,ga,19,19,55,0.9905875582064562
car,ga,19,19,56,0.9905875582064562
car,ga,19,19,57,0.9905875582064562
car,ga,19,19,58,0.9905875582064562
car,ga,19,19,59,0.9905875582064562
car,ga,19,19,60,0.9905875582064562
car,ga,19,19,61,0.9905875582064562
car,ga,19,19,62,0.9905875582064562
car,ga,19,19,63,0.9905875582064562
car,ga,19,19,64,0.9905875582064562
car,ga,19,19,65,0.9905875582064562
car,ga,19,19,66,0.9905875582064562
car,ga,19,19,67,0.9905875582064562
car,ga,19,19,68,0.9905875582064562
car,ga,19,19,69,0.9905875582064562
car,ga,19,19,70,0.9905875582064562
car,ga,19,19,71,0.9905875582064562
car,ga,19,19,72,0.9905875582064562
car,ga,19,19,73,0.9905875582064562
car,ga,19,19,74,0.9905875582064562
car,ga,19,19,75,0.9905875582064562
car,ga,19,19,76,0.9905875582064562
car,ga,19,19,77,0.9905875582064562
car,ga,19,19,78,0.9905875582064562
car,ga,19,19,79,0.9905875582064562
car,ga,19,19,80,0.9905875582064562
car,ga,19,19,81,0.9905875582064562
car,ga,19,19,82,0.9905875582064562
car,ga,19,19,83,0.9905875582064562
car,ga,19,19,84,0.9905875582064562
car,ga,19,19,85,0.9905875582064562
car,ga,19,19,86,0.9905875582064562
car,ga,19,19,87,0.9905875582064562
car,ga,19,19,88,0.9905875582064562
car,ga,19,19,89,0.9905875582064562
car,ga,19,19,90,0.9905875582064562
car,ga,19,19,91,0.9905875582064562
car,ga,19,19,92,0.9905875582064562
car,ga,19,19,93,0.9905875582064562
car,ga,19,19,94,0.9905875582064562
car,ga,19,19,95,0.9905875582064562
car,ga,19,19,96,0.9905875582064562
car,ga,19,19,97,0.9905875582064562
car,ga,19,19,98,0.9905875582064562
car,ga,19,19,99,0.9905875582064562
car,ga,19,19,100,0.9905875582064562
car,sa,19,19,1,0.7004342594045937
car,sa,19,19,2,0.7004342594045937
car,sa,19,19,3,0.7004342594045937
car,sa,19,19,4,0.7004342594045937
car,sa,19,19,5,0.8437110866949196
car,sa,19,19,6,0.8437110866949196
car,sa,19,19,7,0.8437110866949196
car,sa,19,19,8,0.8437110866949196
car,sa,19,19,9,0.8437110866949196
car,sa,19,19,10,0.8437110866949196
car,sa,19,19,11,0.8437110866949196
car,sa,19,19,12,0.8437110866949196
car,sa,19,19,13,0.8437110866949196
car,sa,19,19,14,0.8437110866949196
car,sa,19,19,15,0.8437110866949196
car,sa,19,19,16,0.8437110866949196
car,sa,19,19,17,0.8437110866949196
car,sa,19,19,18,0.8437110866949196
car,sa,19,19,19,0.8437110866949196
car,sa,19,19,20,0.8437110866949196
car,sa,19,19,21,0.8437110866949196
car,sa,19,19,22,0.8437110866949196
car,sa,19,19,23,0.8437110866949196
car,sa,19,19,24,0.8437110866949196
car,sa,19,19,25,0.8437110866949196
car,sa,19,19,26,0.8437110866949196
car,sa,19,19,27,0.8437110866949196
car,sa,19,19,28,0.8437110866949196
car,sa,19,19,29,0.8437110866949196
car,sa,19,19,30,0.8437110866949196
car,sa,19,19,31,0.8437110866949196
car,sa,19,19,32,0.9356066551561764
car,sa,19,19,33,0.9356066551561764
car,sa,19,19,34,0.9356066551561764
car,sa,19,19,35,0.9356066551561764
car,sa,19,19,36,0.9356066551561764
car,sa,19,19,37,0.9356066551561764
car,sa,19,19,38,0.9356066551561764
car,sa,19,19,39,0.9356066551561764
car,sa,19,19,40,0.9356066551561764
car,sa,19,19,41,0.9594935384293413
car,sa,19,19,42,0.9594935384293413
car,sa,19,19,43,0.9594935384293413
car,sa,19,19,44,0.9594935384293413
car,sa,19,19,45,0.9594935384293413
car,sa,19,19,46,0.9638256683932402
car,sa,19,19,47,0.9638256683932402
car,sa,19,19,48,0.9638256683932402
car,sa,19,19,49,0.9638256683932402
car,sa,19,19,50,0.9638256683932402
car,sa,19,19,51,0.9638256683932402
car,sa,19,19,52,0.9638256683932402
car,sa,19,19,53,0.9811777324334223
car,sa,19,19,54,0.9811777324334223
car,sa,19,19,55,0.988413645162978
car,sa,19,19,56,0.988413645162978
car,sa,19,19,57,0.988413645162978
car,sa,19,19,58,0.9898629205252968
car,sa,19,19,59,0.9898629205252968
car,sa,19,19,60,0.9898629205252968
car,sa,19,19,61,0.9898629205252968
car,sa,19,19,62,0.9898629205252968
car,sa,19,19,63,0.9898629205252968
car,sa,19,19,64,0.9898629205252968
car,sa,19,19,65,0.9898629205252968
car,sa,19,19,66,0.9898629205252968
car,sa,19,19,67,0.9898629205252968
car,sa,19,19,68,0.9898629205252968
car,sa,19,19,69,0.9898629205252968
car,sa,19,19,70,0.9898629205252968
car,sa,19,19,71,0.9898629205252968
car,sa,19,19,72,0.9898629205252968
car,sa,19,19,73,0.9898629205252968
car,sa,19,19,74,0.9898629205252968
car,sa,19,19,75,0.9898629205252968
car,sa,19,19,76,0.9898629205252968
car,sa,19,19,77,0.9898629205252968
car,sa,19,19,78,0.9905875582064562
car,sa,19,19,79,0.9905875582064562
car,sa,19,19,80,0.9905875582064562
car,sa,19,19,81,0.9905875582064562
car,sa,19,19,82,0.9905875582064562
car,sa,19,19,83,0.9905875582064562
car,sa,19,19,84,0.9905875582064562
car,sa,19,19,85,0.9905875582064562
car,sa,19,19,86,0.9905875582064562
car,sa,19,19,87,0.9905875582064562
car,sa,19,19,88,0.9905875582064562
car,sa,19,19,89,0.9905875582064562
car,sa,19,19,90,0.9905875582064562
car,sa,19,19,91,0.9905875582064562
car,sa,19,19,92,0.9905875582064562
car,sa,19,19,93,0.9905875582064562
car,sa,19,19,94,0.9905875582064562
car,sa,19,19,95,0.9905875582064562
car,sa,19,19,96,0.9905875582064562
car,sa,19,19,97,0.9905875582064562
car,sa,19,19,98,0.9905875582064562
car,sa,19,19,99,0.9905875582064562
car,sa,19,19,100,0.9905875582064562
car,grid,20,20,1,0.7004342594045937
car,grid,20,20,2,0.7004342594045937
car,grid,20,20,3,0.7004342594045937
car,grid,20,20,4,0.7004342594045937
car,grid,20,20,5,0.7004342594045937
car,grid,20,20,6,0.7004342594045937
car,grid,20,20,7,0.7004342594045937
car,grid,20,20,8,0.7004342594045937
car,grid,20,20,9,0.7004342594045937
car,grid,20,20,10,0.7004342594045937
car,grid,20,20,11,0.7004342594045937
car,grid,20,20,12,0.7004342594045937
car,grid,20,20,13,0.7004342594045937
car,grid,20,20,14,0.7004342594045937
car,grid,20,20,15,0.7004342594045937
car,grid,20,20,16,0.8097106681316382
car,grid,20,20,17,0.8097106681316382
car,grid,20,20,18,0.8097106681316382
car,grid,20,20,19,0.8097106681316382
car,grid,20,20,20,0.8097106681316382
car,grid,20,20,21,0.8097106681316382
car,grid,20,20,22,0.8097106681316382
car,grid,20,20,23,0.8097106681316382
car,grid,20,20,24,0.8097106681316382
car,grid,20,20,25,0.8697404907654477
car,grid,20,20,26,0.9319913148119081
car,grid,20,20,27,0.9319913148119081
car,grid,20,20,28,0.9319913148119081
car,grid,20,20,29,0.9319913148119081
car,grid,20,20,30,0.9319913148119081
car,grid,20,20,31,0.9319913148119081
car,grid,20,20,32,0.9319913148119081
car,grid,20,20,33,0.9319913148119081
car,grid,20,20,34,0.9319913148119081
car,grid,20,20,35,0.9450086328676818
car,grid,20,20,36,0.9761157327473449
car,grid,20,20,37,0.9761157327473449
car,grid,20,20,38,0.9761157327473449
car,grid,20,20,39,0.9761157327473449
car,grid,20,20,40,0.9761157327473449
car,grid,20,20,41,0.9761157327473449
car,grid,20,20,42,0.9761157327473449
car,grid,20,20,43,0.9761157327473449
car,grid,20,20,44,0.9761157327473449
car,grid,20,20,45,0.9761157327473449
car,grid,20,20,46,0.988413645162978
car,grid,20,20,47,0.988413645162978
car,grid,20,20,48,0.988413645162978
car,grid,20,20,49,0.988413645162978
car,grid,20,20,50,0.988413645162978
car,grid,20,20,51,0.988413645162978
car,grid,20,20,52,0.988413645162978
car,grid,20,20,53,0.988413645162978
car,grid,20,20,54,0.988413645162978
car,grid,20,20,55,0.988413645162978
car,grid,20,20,56,0.988413645162978
car,grid,20,20,57,0.988413645162978
car,grid,20,20,58,0.988413645162978
car,grid,20,20,59,0.988413645162978
car,grid,20,20,60,0.988413645162978
car,grid,20,20,61,0.988413645162978
car,grid,20,20,62,0.988413645162978
car,grid,20,20,63,0.988413645162978
car,grid,20,20,64,0.988413645162978
car,grid,20,20,65,0.988413645162978
car,grid,20,20,66,0.988413645162978
car,grid,20,20,67,0.988413645162978
car,grid,20,20,68,0.988413645162978
car,grid,20,20,69,0.988413645162978
car,grid,20,20,70,0.988413645162978
car,grid,20,20,71,0.988413645162978
car,grid,20,20,72,0.988413645162978
car,grid,20,20,73,0.988413645162978
car,grid,20,20,74,0.988413645162978
car,grid,20,20,75,0.988413645162978
car,grid,20,20,76,0.988413645162978
car,grid,20,20,77,0.988413645162978
car,grid,20,20,78,0.988413645162978
car,grid,20,20,79,0.988413645162978
car,grid,20,20,80,0.988413645162978
car,grid,20,20,81,0.988413645162978
car,grid,20,20,82,0.988413645162978
car,grid,20,20,83,0.988413645162978
car,grid,20,20,84,0.988413645162978
car,grid,20,20,85,0.988413645162978
car,grid,20,20,86,0.988413645162978
car,grid,20,20,87,0.988413645162978
car,grid,20,20,88,0.988413645162978
car,grid,20,20,89,0.988413645162978
car,grid,20,20,90,0.988413645162978
car,grid,20,20,91,0.988413645162978
car,grid,20,20,92,0.988413645162978
car,grid,20,20,93,0.988413645162978
car,grid,20,20,94,0.988413645162978
car,grid,20,20,95,0.988413645162978
car,grid,20,20,96,0.988413645162978
car,grid,20,20,97,0.988413645162978
car,grid,20,20,98,0.988413645162978
car,grid,20,20,99,0.988413645162978
car,grid,20,20,100,0.988413645162978
car,random,20,20,1,0.7004342594045937
car,random,20,20,2,0.7004342594045937
car,random,20,20,3,0.7004342594045937
car,random,20,20,4,0.9768429864490138
car,random,20,20,5,0.9768429864490138
car,random,20,20,6,0.9768429864490138
car,random,20,20,7,0.9768429864490138
car,random,20,20,8,0.9768429864490138
car,random,20,20,9,0.9768429864490138
car,random,20,20,10,0.9768429864490138
car,random,20,20,11,0.9768429864490138
car,random,20,20,12,0.9768429864490138
car,random,20,20,13,0.9891408988646472
car,random,20,20,14,0.9891408988646472
car,random,20,20,15,0.9891408988646472
car,random,20,20,16,0.9891408988646472
car,random,20,20,17,0.9891408988646472
car,random,20,20,18,0.9891408988646472
car,random,20,20,19,0.9891408988646472
car,random,20,20,20,0.9891408988646472
car,random,20,20,21,0.9891408988646472
car,random,20,20,22,0.9891408988646472
car,random,20,20,23,0.9891408988646472
car,random,20,20,24,0.9891408988646472
car,random,20,20,25,0.9891408988646472
car,random,20,20,26,0.9891408988646472
car,random,20,20,27,0.9891408988646472
car,random,20,20,28,0.9891408988646472
car,random,20,20,29,0.9891408988646472
car,random,20,20,30,0.9891408988646472
car,random,20,20,31,0.9891408988646472
car,random,20,20,32,0.9891408988646472
car,random,20,20,33,0.9891408988646472
car,random,20,20,34,0.9891408988646472
car,random,20,20,35,0.9891408988646472
car,random,20,20,36,0.9891408988646472
car,random,20,20,37,0.9891408988646472
car,random,20,20,38,0.9891408988646472
car,random,20,20,39,0.9891408988646472
car,random,20,20,40,0.9891408988646472
car,random,20,20,41,0.9891408988646472
car,random,20,20,42,0.9891408988646472
car,random,20,20,43,0.9891408988646472
car,random,20,20,44,0.9891408988646472
car,random,20,20,45,0.9891408988646472
car,random,20,20,46,0.9891408988646472
car,random,20,20,47,0.9891408988646472
car,random,20,20,48,0.9905875582064562
car,random,20,20,49,0.9905875582064562
car,random,20,20,50,0.9905875582064562
car,random,20,20,51,0.9905875582064562
car,random,20,20,52,0.9905875582064562
car,random,20,20,53,0.9905875582064562
car,random,20,20,54,0.9905875582064562
car,random,20,20,55,0.9905875582064562
car,random,20,20,56,0.9905875582064562
car,random,20,20,57,0.9905875582064562
car,random,20,20,58,0.9905875582064562
car,random,20,20,59,0.9905875582064562
car,random,20,20,60,0.9905875582064562
car,random,20,20,61,0.9905875582064562
car,random,20,20,62,0.9905875582064562
car,random,20,20,63,0.9905875582064562
car,random,20,20,64,0.9905875582064562
car,random,20,20,65,0.9905875582064562
car,random,20,20,66,0.9905875582064562
car,random,20,20,67,0.9905875582064562
car,random,20,20,68,0.9905875582064562
car,random,20,20,69,0.9905875582064562
car,random,20,20,70,0.9905875582064562
car,random,20,20,71,0.9905875582064562
car,random,20,20,72,0.9905875582064562
car,random,20,20,73,0.9905875582064562
car,random,20,20,74,0.9905875582064562
car,random,20,20,75,0.9905875582064562
car,random,20,20,76,0.9905875582064562
car,random,20,20,77,0.9905875582064562
car,random,20,20,78,0.9905875582064562
car,random,20,20,79,0.9905875582064562
car,random,20,20,80,0.9905875582064562
car,random,20,20,81,0.9905875582064562
car,random,20,20,82,0.9905875582064562
car,random,20,20,83,0.9905875582064562
car,random,20,20,84,0.9905875582064562
car,random,20,20,85,0.9905875582064562
car,random,20,20,86,0.9905875582064562
car,random,20,20,87,0.9905875582064562
car,random,20,20,88,0.9905875582064562
car,random,20,20,89,0.9905875582064562
car,random,20,20,90,0.9905875582064562
car,random,20,20,91,0.9905875582064562
car,random,20,20,92,0.9905875582064562
car,random,20,20,93,0.9905875582064562
car,random,20,20,94,0.9905875582064562
car,random,20,20,95,0.9905875582064562
car,random,20,20,96,0.9905875582064562
car,random,20,20,97,0.9905875582064562
car,random,20,20,98,0.9905875582064562
car,random,20,20,99,0.9905875582064562
car,random,20,20,100,0.9905875582064562
car,bo_tpe,20,20,1,0.7004342594045937
car,bo_tpe,20,20,2,0.7004342594045937
car,bo_tpe,20,20,3,0.7004342594045937
car,bo_tpe,20,20,4,0.9768429864490138
car,bo_tpe,20,20,5,0.9768429864490138
car,bo_tpe,20,20,6,0.9768429864490138
car,bo_tpe,20,20,7,0.9768429864490138
car,bo_tpe,20,20,8,0.9768429864490138
car,bo_tpe,20,20,9,0.9768429864490138
car,bo_tpe,20,20,10,0.9768429864490138
car,bo_tpe,20,20,11,0.9847983048187098
car,bo_tpe,20,20,12,0.9869722178621881
car,bo_tpe,20,20,13,0.9869722178621881
car,bo_tpe,20,20,14,0.9869722178621881
car,bo_tpe,20,20,15,0.9869722178621881
car,bo_tpe,20,20,16,0.9869722178621881
car,bo_tpe,20,20,17,0.9898629205252968
car,bo_tpe,20,20,18,0.9898629205252968
car,bo_tpe,20,20,19,0.9898629205252968
car,bo_tpe,20,20,20,0.9898629205252968
car,bo_tpe,20,20,21,0.9898629205252968
car,bo_tpe,20,20,22,0.9898629205252968
car,bo_tpe,20,20,23,0.9898629205252968
car,bo_tpe,20,20,24,0.9898629205252968
car,bo_tpe,20,20,25,0.9898629205252968
car,bo_tpe,20,20,26,0.9898629205252968
car,bo_tpe,20,20,27,0.9898629205252968
car,bo_tpe,20,20,28,0.9898629205252968
car,bo_tpe,20,20,29,0.9898629205252968
car,bo_tpe,20,20,30,0.9898629205252968
car,bo_tpe,20,20,31,0.9898629205252968
car,bo_tpe,20,20,32,0.9898629205252968
car,bo_tpe,20,20,33,0.9898629205252968
car,bo_tpe,20,20,34,0.9898629205252968
car,bo_tpe,20,20,35,0.9898629205252968
car,bo_tpe,20,20,36,0.9898629205252968
car,bo_tpe,20,20,37,0.9898629205252968
car,bo_tpe,20,20,38,0.9898629205252968
car,bo_tpe,20,20,39,0.9898629205252968
car,bo_tpe,20,20,40,0.9898629205252968
car,bo_tpe,20,20,41,0.9898629205252968
car,bo_tpe,20,20,42,0.9905849421859466
car,bo_tpe,20,20,43,0.9905849421859466
car,bo_tpe,20,20,44,0.9905849421859466
car,bo_tpe,20,20,45,0.9905849421859466
car,bo_tpe,20,20,46,0.9905849421859466
car,bo_tpe,20,20,47,0.9905849421859466
car,bo_tpe,20,20,48,0.9905849421859466
car,bo_tpe,20,20,49,0.9905875582064562
car,bo_tpe,20,20,50,0.9905875582064562
car,bo_tpe,20,20,51,0.9905875582064562
car,bo_tpe,20,20,52,0.9905875582064562
car,bo_tpe,20,20,53,0.9905875582064562
car,bo_tpe,20,20,54,0.9905875582064562
car,bo_tpe,20,20,55,0.9905875582064562
car,bo_tpe,20,20,56,0.9905875582064562
car,bo_tpe,20,20,57,0.9905875582064562
car,bo_tpe,20,20,58,0.9905875582064562
car,bo_tpe,20,20,59,0.9905875582064562
car,bo_tpe,20,20,60,0.9905875582064562
car,bo_tpe,20,20,61,0.9905875582064562
car,bo_tpe,20,20,62,0.9905875582064562
car,bo_tpe,20,20,63,0.9905875582064562
car,bo_tpe,20,20,64,0.9905875582064562
car,bo_tpe,20,20,65,0.9905875582064562
car,bo_tpe,20,20,66,0.9905875582064562
car,bo_tpe,20,20,67,0.9905875582064562
car,bo_tpe,20,20,68,0.9905875582064562
car,bo_tpe,20,20,69,0.9905875582064562
car,bo_tpe,20,20,70,0.9905875582064562
car,bo_tpe,20,20,71,0.9905875582064562
car,bo_tpe,20,20,72,0.9905875582064562
car,bo_tpe,20,20,73,0.9905875582064562
car,bo_tpe,20,20,74,0.9905875582064562
car,bo_tpe,20,20,75,0.9905875582064562
car,bo_tpe,20,20,76,0.9905875582064562
car,bo_tpe,20,20,77,0.9905875582064562
car,bo_tpe,20,20,78,0.9905875582064562
car,bo_tpe,20,20,79,0.9905875582064562
car,bo_tpe,20,20,80,0.9905875582064562
car,bo_tpe,20,20,81,0.9905875582064562
car,bo_tpe,20,20,82,0.9905875582064562
car,bo_tpe,20,20,83,0.9905875582064562
car,bo_tpe,20,20,84,0.9905875582064562
car,bo_tpe,20,20,85,0.9905875582064562
car,bo_tpe,20,20,86,0.9905875582064562
car,bo_tpe,20,20,87,0.9905875582064562
car,bo_tpe,20,20,88,0.9905875582064562
car,bo_tpe,20,20,89,0.9905875582064562
car,bo_tpe,20,20,90,0.9905875582064562
car,bo_tpe,20,20,91,0.9905875582064562
car,bo_tpe,20,20,92,0.9905875582064562
car,bo_tpe,20,20,93,0.9905875582064562
car,bo_tpe,20,20,94,0.9905875582064562
car,bo_tpe,20,20,95,0.9905875582064562
car,bo_tpe,20,20,96,0.9905875582064562
car,bo_tpe,20,20,97,0.9905875582064562
car,bo_tpe,20,20,98,0.9905875582064562
car,bo_tpe,20,20,99,0.9905875582064562
car,bo_tpe,20,20,100,0.9905875582064562
car,pso,20,20,1,0.9327133364725579
car,pso,20,20,2,0.9327133364725579
car,pso,20,20,3,0.9327133364725579
car,pso,20,20,4,0.9327133364725579
car,pso,20,20,5,0.9327133364725579
car,pso,20,20,6,0.9327133364725579
car,pso,20,20,7,0.9377544079945587
car,pso,20,20,8,0.9377544079945587
car,pso,20,20,9,0.9377544079945587
car,pso,20,20,10,0.9377544079945587
car,pso,20,20,11,0.9377544079945587
car,pso,20,20,12,0.9876916235023282
car,pso,20,20,13,0.9876916235023282
car,pso,20,20,14,0.9876916235023282
car,pso,20,20,15,0.9876916235023282
car,pso,20,20,16,0.9876916235023282
car,pso,20,20,17,0.9876916235023282
car,pso,20,20,18,0.9876916235023282
car,pso,20,20,19,0.9898629205252968
car,pso,20,20,20,0.9898629205252968
car,pso,20,20,21,0.9898629205252968
car,pso,20,20,22,0.9898629205252968
car,pso,20,20,23,0.9898629205252968
car,pso,20,20,24,0.9898629205252968
car,pso,20,20,25,0.9898629205252968
car,pso,20,20,26,0.9898629205252968
car,pso,20,20,27,0.9898629205252968
car,pso,20,20,28,0.9898629205252968
car,pso,20,20,29,0.9898629205252968
car,pso,20,20,30,0.9898629205252968
car,pso,20,20,31,0.9898629205252968
car,pso,20,20,32,0.9898629205252968
car,pso,20,20,33,0.9898629205252968
car,pso,20,20,34,0.9898629205252968
car,pso,20,20,35,0.9898629205252968
car,pso,20,20,36,0.9898629205252968
car,pso,20,20,37,0.9898629205252968
car,pso,20,20,38,0.9898629205252968
car,pso,20,20,39,0.9898629205252968
car,pso,20,20,40,0.9898629205252968
car,pso,20,20,41,0.9898629205252968
car,pso,20,20,42,0.9898629205252968
car,pso,20,20,43,0.9898629205252968
car,pso,20,20,44,0.9898629205252968
car,pso,20,20,45,0.9898629205252968
car,pso,20,20,46,0.9898629205252968
car,pso,20,20,47,0.9905875582064562
car,pso,20,20,48,0.9905875582064562
car,pso,20,20,49,0.9905875582064562
car,pso,20,20,50,0.9905875582064562
car,pso,20,20,51,0.9905875582064562
car,pso,20,20,52,0.9905875582064562
car,pso,20,20,53,0.9905875582064562
car,pso,20,20,54,0.9905875582064562
car,pso,20,20,55,0.9905875582064562
car,pso,20,20,56,0.9905875582064562
car,pso,20,20,57,0.9905875582064562
car,pso,20,20,58,0.9905875582064562
car,pso,20,20,59,0.9905875582064562
car,pso,20,20,60,0.9905875582064562
car,pso,20,20,61,0.9905875582064562
car,pso,20,20,62,0.9905875582064562
car,pso,20,20,63,0.9905875582064562
car,pso,20,20,64,0.9905875582064562
car,pso,20,20,65,0.9905875582064562
car,pso,20,20,66,0.9905875582064562
car,pso,20,20,67,0.9905875582064562
car,pso,20,20,68,0.9905875582064562
car,pso,20,20,69,0.9905875582064562
car,pso,20,20,70,0.9905875582064562
car,pso,20,20,71,0.9905875582064562
car,pso,20,20,72,0.9905875582064562
car,pso,20,20,73,0.9905875582064562
car,pso,20,20,74,0.9905875582064562
car,pso,20,20,75,0.9905875582064562
car,pso,20,20,76,0.9905875582064562
car,pso,20,20,77,0.9905875582064562
car,pso,20,20,78,0.9905875582064562
car,pso,20,20,79,0.9905875582064562
car,pso,20,20,80,0.9905875582064562
car,pso,20,20,81,0.9905875582064562
car,pso,20,20,82,0.9905875582064562
car,pso,20,20,83,0.9905875582064562
car,pso,20,20,84,0.9905875582064562
car,pso,20,20,85,0.9905875582064562
car,pso,20,20,86,0.9905875582064562
car,pso,20,20,87,0.9905875582064562
car,pso,20,20,88,0.9905875582064562
car,pso,20,20,89,0.9905875582064562
car,pso,20,20,90,0.9905875582064562
car,pso,20,20,91,0.9905875582064562
car,pso,20,20,92,0.9905875582064562
car,pso,20,20,93,0.9905875582064562
car,pso,20,20,94,0.9905875582064562
car,pso,20,20,95,0.9905875582064562
car,pso,20,20,96,0.9905875582064562
car,pso,20,20,97,0.9905875582064562
car,pso,20,20,98,0.9905875582064562
car,pso,20,20,99,0.9905875582064562
car,pso,20,20,100,0.9905875582064562
car,de,20,20,1,0.9312614450897294
car,de,20,20,2,0.9312614450897294
car,de,20,20,3,0.9312614450897294
car,de,20,20,4,0.9312614450897294
car,de,20,20,5,0.988413645162978
car,de,20,20,6,0.988413645162978
car,de,20,20,7,0.988413645162978
car,de,20,20,8,0.988413645162978
car,de,20,20,9,0.988413645162978
car,de,20,20,10,0.988413645162978
car,de,20,20,11,0.988413645162978
car,de,20,20,12,0.988413645162978
car,de,20,20,13,0.988413645162978
car,de,20,20,14,0.988413645162978
car,de,20,20,15,0.988413645162978
car,de,20,20,16,0.988413645162978
car,de,20,20,17,0.988413645162978
car,de,20,20,18,0.988413645162978
car,de,20,20,19,0.988413645162978
car,de,20,20,20,0.988413645162978
car,de,20,20,21,0.9884162611834878
car,de,20,20,22,0.9884162611834878
car,de,20,20,23,0.9884162611834878
car,de,20,20,24,0.9884162611834878
car,de,20,20,25,0.9884162611834878
car,de,20,20,26,0.9905875582064562
car,de,20,20,27,0.9905875582064562
car,de,20,20,28,0.9905875582064562
car,de,20,20,29,0.9905875582064562
car,de,20,20,30,0.9905875582064562
car,de,20,20,31,0.9905875582064562
car,de,20,20,32,0.9905875582064562
car,de,20,20,33,0.9905875582064562
car,de,20,20,34,0.9905875582064562
car,de,20,20,35,0.9905875582064562
car,de,20,20,36,0.9905875582064562
car,de,20,20,37,0.9905875582064562
car,de,20,20,38,0.9905875582064562
car,de,20,20,39,0.9905875582064562
car,de,20,20,40,0.9905875582064562
car,de,20,20,41,0.9905875582064562
car,de,20,20,42,0.9905875582064562
car,de,20,20,43,0.9905875582064562
car,de,20,20,44,0.9905875582064562
car,de,20,20,45,0.9905875582064562
car,de,20,20,46,0.9905875582064562
car,de,20,20,47,0.9905875582064562
car,de,20,20,48,0.9905875582064562
car,de,20,20,49,0.9905875582064562
car,de,20,20,50,0.9905875582064562
car,de,20,20,51,0.9905875582064562
car,de,20,20,52,0.9905875582064562
car,de,20,20,53,0.9905875582064562
car,de,20,20,54,0.9905875582064562
car,de,20,20,55,0.9905875582064562
car,de,20,20,56,0.9905875582064562
car,de,20,20,57,0.9905875582064562
car,de,20,20,58,0.9905875582064562
car,de,20,20,59,0.9905875582064562
car,de,20,20,60,0.9905875582064562
car,de,20,20,61,0.9905875582064562
car,de,20,20,62,0.9905875582064562
car,de,20,20,63,0.9905875582064562
car,de,20,20,64,0.9905875582064562
car,de,20,20,65,0.9905875582064562
car,de,20,20,66,0.9905875582064562
car,de,20,20,67,0.9905875582064562
car,de,20,20,68,0.9905875582064562
car,de,20,20,69,0.9905875582064562
car,de,20,20,70,0.9905875582064562
car,de,20,20,71,0.9905875582064562
car,de,20,20,72,0.9905875582064562
car,de,20,20,73,0.9905875582064562
car,de,20,20,74,0.9905875582064562
car,de,20,20,75,0.9905875582064562
car,de,20,20,76,0.9905875582064562
car,de,20,20,77,0.9905875582064562
car,de,20,20,78,0.9905875582064562
car,de,20,20,79,0.9905875582064562
car,de,20,20,80,0.9905875582064562
car,de,20,20,81,0.9905875582064562
car,de,20,20,82,0.9905875582064562
car,de,20,20,83,0.9905875582064562
car,de,20,20,84,0.9905875582064562
car,de,20,20,85,0.9905875582064562
car,de,20,20,86,0.9905875582064562
car,de,20,20,87,0.9905875582064562
car,de,20,20,88,0.9905875582064562
car,de,20,20,89,0.9905875582064562
car,de,20,20,90,0.9905875582064562
car,de,20,20,91,0.9905875582064562
car,de,20,20,92,0.9905875582064562
car,de,20,20,93,0.9905875582064562
car,de,20,20,94,0.9905875582064562
car,de,20,20,95,0.9905875582064562
car,de,20,20,96,0.9905875582064562
car,de,20,20,97,0.9905875582064562
car,de,20,20,98,0.9905875582064562
car,de,20,20,99,0.9905875582064562
car,de,20,20,100,0.9905875582064562
car,ga,20,20,1,0.9312614450897294
car,ga,20,20,2,0.9312614450897294
car,ga,20,20,3,0.9312614450897294
car,ga,20,20,4,0.9312614450897294
car,ga,20,20,5,0.988413645162978
car,ga,20,20,6,0.988413645162978
car,ga,20,20,7,0.988413645162978
car,ga,20,20,8,0.988413645162978
car,ga,20,20,9,0.988413645162978
car,ga,20,20,10,0.988413645162978
car,ga,20,20,11,0.988413645162978
car,ga,20,20,12,0.988413645162978
car,ga,20,20,13,0.988413645162978
car,ga,20,20,14,0.988413645162978
car,ga,20,20,15,0.988413645162978
car,ga,20,20,16,0.988413645162978
car,ga,20,20,17,0.988413645162978
car,ga,20,20,18,0.988413645162978
car,ga,20,20,19,0.988413645162978
car,ga,20,20,20,0.988413645162978
car,ga,20,20,21,0.9905875582064562
car,ga,20,20,22,0.9905875582064562
car,ga,20,20,23,0.9905875582064562
car,ga,20,20,24,0.9905875582064562
car,ga,20,20,25,0.9905875582064562
car,ga,20,20,26,0.9905875582064562
car,ga,20,20,27,0.9905875582064562
car,ga,20,20,28,0.9905875582064562
car,ga,20,20,29,0.9905875582064562
car,ga,20,20,30,0.9905875582064562
car,ga,20,20,31,0.9905875582064562
car,ga,20,20,32,0.9905875582064562
car,ga,20,20,33,0.9905875582064562
car,ga,20,20,34,0.9905875582064562
car,ga,20,20,35,0.9905875582064562
car,ga,20,20,36,0.9905875582064562
car,ga,20,20,37,0.9905875582064562
car,ga,20,20,38,0.9905875582064562
car,ga,20,20,39,0.9905875582064562
car,ga,20,20,40,0.9905875582064562
car,ga,20,20,41,0.9905875582064562
car,ga,20,20,42,0.9905875582064562
car,ga,20,20,43,0.9905875582064562
car,ga,20,20,44,0.9905875582064562
car,ga,20,20,45,0.9905875582064562
car,ga,20,20,46,0.9905875582064562
car,ga,20,20,47,0.9905875582064562
car,ga,20,20,48,0.9905875582064562
car,ga,20,20,49,0.9905875582064562
car,ga,20,20,50,0.9905875582064562
car,ga,20,20,51,0.9905875582064562
car,ga,20,20,52,0.9905875582064562
car,ga,20,20,53,0.9905875582064562
car,ga,20,20,54,0.9905875582064562
car,ga,20,20,55,0.9905875582064562
car,ga,20,20,56,0.9905875582064562
car,ga,20,20,57,0.9905875582064562
car,ga,20,20,58,0.9905875582064562
car,ga,20,20,59,0.9905875582064562
car,ga,20,20,60,0.9905875582064562
car,ga,20,20,61,0.9905875582064562
car,ga,20,20,62,0.9905875582064562
car,ga,20,20,63,0.9905875582064562
car,ga,20,20,64,0.9905875582064562
car,ga,20,20,65,0.9905875582064562
car,ga,20,20,66,0.9905875582064562
car,ga,20,20,67,0.9905875582064562
car,ga,20,20,68,0.9905875582064562
car,ga,20,20,69,0.9905875582064562
car,ga,20,20,70,0.9905875582064562
car,ga,20,20,71,0.9905875582064562
car,ga,20,20,72,0.9905875582064562
car,ga,20,20,73,0.9905875582064562
car,ga,20,20,74,0.9905875582064562
car,ga,20,20,75,0.9905875582064562
car,ga,20,20,76,0.9905875582064562
car,ga,20,20,77,0.9905875582064562
car,ga,20,20,78,0.9905875582064562
car,ga,20,20,79,0.9905875582064562
car,ga,20,20,80,0.9905875582064562
car,ga,20,20,81,0.9905875582064562
car,ga,20,20,82,0.9905875582064562
car,ga,20,20,83,0.9905875582064562
car,ga,20,20,84,0.9905875582064562
car,ga,20,20,85,0.9905875582064562
car,ga,20,20,86,0.9905875582064562
car,ga,20,20,87,0.9905875582064562
car,ga,20,20,88,0.9905875582064562
car,ga,20,20,89,0.9905875582064562
car,ga,20,20,90,0.9905875582064562
car,ga,20,20,91,0.9905875582064562
car,ga,20,20,92,0.9905875582064562
car,ga,20,20,93,0.9905875582064562
car,ga,20,20,94,0.9905875582064562
car,ga,20,20,95,0.9905875582064562
car,ga,20,20,96,0.9905875582064562
car,ga,20,20,97,0.9905875582064562
car,ga,20,20,98,0.9905875582064562
car,ga,20,20,99,0.9905875582064562
car,ga,20,20,100,0.9905875582064562
car,sa,20,20,1,0.7004342594045937
car,sa,20,20,2,0.9681551823366294
car,sa,20,20,3,0.9681551823366294
car,sa,20,20,4,0.9681551823366294
car,sa,20,20,5,0.9855203264793596
car,sa,20,20,6,0.9905875582064562
car,sa,20,20,7,0.9905875582064562
car,sa,20,20,8,0.9905875582064562
car,sa,20,20,9,0.9905875582064562
car,sa,20,20,10,0.9905875582064562
car,sa,20,20,11,0.9905875582064562
car,sa,20,20,12,0.9905875582064562
car,sa,20,20,13,0.9905875582064562
car,sa,20,20,14,0.9905875582064562
car,sa,20,20,15,0.9905875582064562
car,sa,20,20,16,0.9905875582064562
car,sa,20,20,17,0.9905875582064562
car,sa,20,20,18,0.9905875582064562
car,sa,20,20,19,0.9905875582064562
car,sa,20,20,20,0.9905875582064562
car,sa,20,20,21,0.9905875582064562
car,sa,20,20,22,0.9905875582064562
car,sa,20,20,23,0.9905875582064562
car,sa,20,20,24,0.9905875582064562
car,sa,20,20,25,0.9905875582064562
car,sa,20,20,26,0.9905875582064562
car,sa,20,20,27,0.9905875582064562
car,sa,20,20,28,0.9905875582064562
car,sa,20,20,29,0.9905875582064562
car,sa,20,20,30,0.9905875582064562
car,sa,20,20,31,0.9905875582064562
car,sa,20,20,32,0.9905875582064562
car,sa,20,20,33,0.9905875582064562
car,sa,20,20,34,0.9905875582064562
car,sa,20,20,35,0.9905875582064562
car,sa,20,20,36,0.9905875582064562
car,sa,20,20,37,0.9905875582064562
car,sa,20,20,38,0.9905875582064562
car,sa,20,20,39,0.9905875582064562
car,sa,20,20,40,0.9905875582064562
car,sa,20,20,41,0.9905875582064562
car,sa,20,20,42,0.9905875582064562
car,sa,20,20,43,0.9905875582064562
car,sa,20,20,44,0.9905875582064562
car,sa,20,20,45,0.9905875582064562
car,sa,20,20,46,0.9905875582064562
car,sa,20,20,47,0.9905875582064562
car,sa,20,20,48,0.9905875582064562
car,sa,20,20,49,0.9905875582064562
car,sa,20,20,50,0.9905875582064562
car,sa,20,20,51,0.9905875582064562
car,sa,20,20,52,0.9905875582064562
car,sa,20,20,53,0.9905875582064562
car,sa,20,20,54,0.9905875582064562
car,sa,20,20,55,0.9905875582064562
car,sa,20,20,56,0.9905875582064562
car,sa,20,20,57,0.9905875582064562
car,sa,20,20,58,0.9905875582064562
car,sa,20,20,59,0.9905875582064562
car,sa,20,20,60,0.9905875582064562
car,sa,20,20,61,0.9905875582064562
car,sa,20,20,62,0.9905875582064562
car,sa,20,20,63,0.9905875582064562
car,sa,20,20,64,0.9905875582064562
car,sa,20,20,65,0.9905875582064562
car,sa,20,20,66,0.9905875582064562
car,sa,20,20,67,0.9905875582064562
car,sa,20,20,68,0.9905875582064562
car,sa,20,20,69,0.9905875582064562
car,sa,20,20,70,0.9905875582064562
car,sa,20,20,71,0.9905875582064562
car,sa,20,20,72,0.9905875582064562
car,sa,20,20,73,0.9905875582064562
car,sa,20,20,74,0.9905875582064562
car,sa,20,20,75,0.9905875582064562
car,sa,20,20,76,0.9905875582064562
car,sa,20,20,77,0.9905875582064562
car,sa,20,20,78,0.9905875582064562
car,sa,20,20,79,0.9905875582064562
car,sa,20,20,80,0.9905875582064562
car,sa,20,20,81,0.9905875582064562
car,sa,20,20,82,0.9905875582064562
car,sa,20,20,83,0.9905875582064562
car,sa,20,20,84,0.9905875582064562
car,sa,20,20,85,0.9905875582064562
car,sa,20,20,86,0.9905875582064562
car,sa,20,20,87,0.9905875582064562
car,sa,20,20,88,0.9905875582064562
car,sa,20,20,89,0.9905875582064562
car,sa,20,20,90,0.9905875582064562
car,sa,20,20,91,0.9905875582064562
car,sa,20,20,92,0.9905875582064562
car,sa,20,20,93,0.9905875582064562
car,sa,20,20,94,0.9905875582064562
car,sa,20,20,95,0.9905875582064562
car,sa,20,20,96,0.9905875582064562
car,sa,20,20,97,0.9905875582064562
car,sa,20,20,98,0.9905875582064562
car,sa,20,20,99,0.9905875582064562
car,sa,20,20,100,0.9905875582064562
car,grid,21,21,1,0.7004342594045937
car,grid,21,21,2,0.7004342594045937
car,grid,21,21,3,0.7004342594045937
car,grid,21,21,4,0.7004342594045937
car,grid,21,21,5,0.7004342594045937
car,grid,21,21,6,0.7004342594045937
car,grid,21,21,7,0.7004342594045937
car,grid,21,21,8,0.7004342594045937
car,grid,21,21,9,0.7004342594045937
car,grid,21,21,10,0.7004342594045937
car,grid,21,21,11,0.7004342594045937
car,grid,21,21,12,0.7004342594045937
car,grid,21,21,13,0.7004342594045937
car,grid,21,21,14,0.7004342594045937
car,grid,21,21,15,0.7004342594045937
car,grid,21,21,16,0.8097106681316382
car,grid,21,21,17,0.8097106681316382
car,grid,21,21,18,0.8097106681316382
car,grid,21,21,19,0.8097106681316382
car,grid,21,21,20,0.8097106681316382
car,grid,21,21,21,0.8097106681316382
car,grid,21,21,22,0.8097106681316382
car,grid,21,21,23,0.8097106681316382
car,grid,21,21,24,0.8097106681316382
car,grid,21,21,25,0.8697404907654477
car,grid,21,21,26,0.9319913148119081
car,grid,21,21,27,0.9319913148119081
car,grid,21,21,28,0.9319913148119081
car,grid,21,21,29,0.9319913148119081
car,grid,21,21,30,0.9319913148119081
car,grid,21,21,31,0.9319913148119081
car,grid,21,21,32,0.9319913148119081
car,grid,21,21,33,0.9319913148119081
car,grid,21,21,34,0.9319913148119081
car,grid,21,21,35,0.9450086328676818
car,grid,21,21,36,0.9761157327473449
car,grid,21,21,37,0.9761157327473449
car,grid,21,21,38,0.9761157327473449
car,grid,21,21,39,0.9761157327473449
car,grid,21,21,40,0.9761157327473449
car,grid,21,21,41,0.9761157327473449
car,grid,21,21,42,0.9761157327473449
car,grid,21,21,43,0.9761157327473449
car,grid,21,21,44,0.9761157327473449
car,grid,21,21,45,0.9761157327473449
car,grid,21,21,46,0.988413645162978
car,grid,21,21,47,0.988413645162978
car,grid,21,21,48,0.988413645162978
car,grid,21,21,49,0.988413645162978
car,grid,21,21,50,0.988413645162978
car,grid,21,21,51,0.988413645162978
car,grid,21,21,52,0.988413645162978
car,grid,21,21,53,0.988413645162978
car,grid,21,21,54,0.988413645162978
car,grid,21,21,55,0.988413645162978
car,grid,21,21,56,0.988413645162978
car,grid,21,21,57,0.988413645162978
car,grid,21,21,58,0.988413645162978
car,grid,21,21,59,0.988413645162978
car,grid,21,21,60,0.988413645162978
car,grid,21,21,61,0.988413645162978
car,grid,21,21,62,0.988413645162978
car,grid,21,21,63,0.988413645162978
car,grid,21,21,64,0.988413645162978
car,grid,21,21,65,0.988413645162978
car,grid,21,21,66,0.988413645162978
car,grid,21,21,67,0.988413645162978
car,grid,21,21,68,0.988413645162978
car,grid,21,21,69,0.988413645162978
car,grid,21,21,70,0.988413645162978
car,grid,21,21,71,0.988413645162978
car,grid,21,21,72,0.988413645162978
car,grid,21,21,73,0.988413645162978
car,grid,21,21,74,0.988413645162978
car,grid,21,21,75,0.988413645162978
car,grid,21,21,76,0.988413645162978
car,grid,21,21,77,0.988413645162978
car,grid,21,21,78,0.988413645162978
car,grid,21,21,79,0.988413645162978
car,grid,21,21,80,0.988413645162978
car,grid,21,21,81,0.988413645162978
car,grid,21,21,82,0.988413645162978
car,grid,21,21,83,0.988413645162978
car,grid,21,21,84,0.988413645162978
car,grid,21,21,85,0.988413645162978
car,grid,21,21,86,0.988413645162978
car,grid,21,21,87,0.988413645162978
car,grid,21,21,88,0.988413645162978
car,grid,21,21,89,0.988413645162978
car,grid,21,21,90,0.988413645162978
car,grid,21,21,91,0.988413645162978
car,grid,21,21,92,0.988413645162978
car,grid,21,21,93,0.988413645162978
car,grid,21,21,94,0.988413645162978
car,grid,21,21,95,0.988413645162978
car,grid,21,21,96,0.988413645162978
car,grid,21,21,97,0.988413645162978
car,grid,21,21,98,0.988413645162978
car,grid,21,21,99,0.988413645162978
car,grid,21,21,100,0.988413645162978
car,random,21,21,1,0.7004342594045937
car,random,21,21,2,0.9218385392141475
car,random,21,21,3,0.9218385392141475
car,random,21,21,4,0.9674331606759796
car,random,21,21,5,0.9768377544079945
car,random,21,21,6,0.9768377544079945
car,random,21,21,7,0.9768377544079945
car,random,21,21,8,0.9768377544079945
car,random,21,21,9,0.9768377544079945
car,random,21,21,10,0.9855150944383404
car,random,21,21,11,0.9855150944383404
car,random,21,21,12,0.9855150944383404
car,random,21,21,13,0.9855150944383404
car,random,21,21,14,0.9855150944383404
car,random,21,21,15,0.9855150944383404
car,random,21,21,16,0.9855150944383404
car,random,21,21,17,0.9855150944383404
car,random,21,21,18,0.9855150944383404
car,random,21,21,19,0.9876890074818186
car,random,21,21,20,0.9876890074818186
car,random,21,21,21,0.9876890074818186
car,random,21,21,22,0.9876916235023282
car,random,21,21,23,0.9891408988646472
car,random,21,21,24,0.9891408988646472
car,random,21,21,25,0.9891408988646472
car,random,21,21,26,0.9891408988646472
car,random,21,21,27,0.9891408988646472
car,random,21,21,28,0.9891408988646472
car,random,21,21,29,0.9891408988646472
car,random,21,21,30,0.9891408988646472
car,random,21,21,31,0.9891408988646472
car,random,21,21,32,0.9891408988646472
car,random,21,21,33,0.9891408988646472
car,random,21,21,34,0.9891408988646472
car,random,21,21,35,0.9891408988646472
car,random,21,21,36,0.9891408988646472
car,random,21,21,37,0.9891408988646472
car,random,21,21,38,0.9891408988646472
car,random,21,21,39,0.9891408988646472
car,random,21,21,40,0.9891408988646472
car,random,21,21,41,0.9891408988646472
car,random,21,21,42,0.9891408988646472
car,random,21,21,43,0.9905875582064562
car,random,21,21,44,0.9905875582064562
car,random,21,21,45,0.9905875582064562
car,random,21,21,46,0.9905875582064562
car,random,21,21,47,0.9905875582064562
car,random,21,21,48,0.9905875582064562
car,random,21,21,49,0.9905875582064562
car,random,21,21,50,0.9905875582064562
car,random,21,21,51,0.9905875582064562
car,random,21,21,52,0.9905875582064562
car,random,21,21,53,0.9905875582064562
car,random,21,21,54,0.9905875582064562
car,random,21,21,55,0.9905875582064562
car,random,21,21,56,0.9905875582064562
car,random,21,21,57,0.9905875582064562
car,random,21,21,58,0.9905875582064562
car,random,21,21,59,0.9905875582064562
car,random,21,21,60,0.9905875582064562
car,random,21,21,61,0.9905875582064562
car,random,21,21,62,0.9905875582064562
car,random,21,21,63,0.9905875582064562
car,random,21,21,64,0.9905875582064562
car,random,21,21,65,0.9905875582064562
car,random,21,21,66,0.9905875582064562
car,random,21,21,67,0.9905875582064562
car,random,21,21,68,0.9905875582064562
car,random,21,21,69,0.9905875582064562
car,random,21,21,70,0.9905875582064562
car,random,21,21,71,0.9905875582064562
car,random,21,21,72,0.9905875582064562
car,random,21,21,73,0.9905875582064562
car,random,21,21,74,0.9905875582064562
car,random,21,21,75,0.9905875582064562
car,random,21,21,76,0.9905875582064562
car,random,21,21,77,0.9905875582064562
car,random,21,21,78,0.9905875582064562
car,random,21,21,79,0.9905875582064562
car,random,21,21,80,0.9905875582064562
car,random,21,21,81,0.9905875582064562
car,random,21,21,82,0.9905875582064562
car,random,21,21,83,0.9905875582064562
car,random,21,21,84,0.9905875582064562
car,random,21,21,85,0.9905875582064562
car,random,21,21,86,0.9905875582064562
car,random,21,21,87,0.9905875582064562
car,random,21,21,88,0.9905875582064562
car,random,21,21,89,0.9905875582064562
car,random,21,21,90,0.9905875582064562
car,random,21,21,91,0.9905875582064562
car,random,21,21,92,0.9905875582064562
car,random,21,21,93,0.9905875582064562
car,random,21,21,94,0.9905875582064562
car,random,21,21,95,0.9905875582064562
car,random,21,21,96,0.9905875582064562
car,random,21,21,97,0.9905875582064562
car,random,21,21,98,0.9905875582064562
car,random,21,21,99,0.9905875582064562
car,random,21,21,100,0.9905875582064562
car,bo_tpe,21,21,1,0.7004342594045937
car,bo_tpe,21,21,2,0.9218385392141475
car,bo_tpe,21,21,3,0.9218385392141475
car,bo_tpe,21,21,4,0.9674331606759796
car,bo_tpe,21,21,5,0.9768377544079945
car,bo_tpe,21,21,6,0.9768377544079945
car,bo_tpe,21,21,7,0.9768377544079945
car,bo_tpe,21,21,8,0.9768377544079945
car,bo_tpe,21,21,9,0.9768377544079945
car,bo_tpe,21,21,10,0.9855150944383404
car,bo_tpe,21,21,11,0.9855150944383404
car,bo_tpe,21,21,12,0.9862397321194998
car,bo_tpe,21,21,13,0.9891408988646472
car,bo_tpe,21,21,14,0.9891408988646472
car,bo_tpe,21,21,15,0.9891408988646472
car,bo_tpe,21,21,16,0.9891408988646472
car,bo_tpe,21,21,17,0.9905875582064562
car,bo_tpe,21,21,18,0.9905875582064562
car,bo_tpe,21,21,19,0.9905875582064562
car,bo_tpe,21,21,20,0.9905875582064562
car,bo_tpe,21,21,21,0.9905875582064562
car,bo_tpe,21,21,22,0.9905875582064562
car,bo_tpe,21,21,23,0.9905875582064562
car,bo_tpe,21,21,24,0.9905875582064562
car,bo_tpe,21,21,25,0.9905875582064562
car,bo_tpe,21,21,26,0.9905875582064562
car,bo_tpe,21,21,27,0.9905875582064562
car,bo_tpe,21,21,28,0.9905875582064562
car,bo_tpe,21,21,29,0.9905875582064562
car,bo_tpe,21,21,30,0.9905875582064562
car,bo_tpe,21,21,31,0.9905875582064562
car,bo_tpe,21,21,32,0.9905875582064562
car,bo_tpe,21,21,33,0.9905875582064562
car,bo_tpe,21,21,34,0.9905875582064562
car,bo_tpe,21,21,35,0.9905875582064562
car,bo_tpe,21,21,36,0.9905875582064562
car,bo_tpe,21,21,37,0.9905875582064562
car,bo_tpe,21,21,38,0.9905875582064562
car,bo_tpe,21,21,39,0.9905875582064562
car,bo_tpe,21,21,40,0.9905875582064562
car,bo_tpe,21,21,41,0.9905875582064562
car,bo_tpe,21,21,42,0.9905875582064562
car,bo_tpe,21,21,43,0.9905875582064562
car,bo_tpe,21,21,44,0.9905875582064562
car,bo_tpe,21,21,45,0.9905875582064562
car,bo_tpe,21,21,46,0.9905875582064562
car,bo_tpe,21,21,47,0.9905875582064562
car,bo_tpe,21,21,48,0.9905875582064562
car,bo_tpe,21,21,49,0.9905875582064562
car,bo_tpe,21,21,50,0.9905875582064562
car,bo_tpe,21,21,51,0.9905875582064562
car,bo_tpe,21,21,52,0.9905875582064562
car,bo_tpe,21,21,53,0.9905875582064562
car,bo_tpe,21,21,54,0.9905875582064562
car,bo_tpe,21,21,55,0.9905875582064562
car,bo_tpe,21,21,56,0.9905875582064562
car,bo_tpe,21,21,57,0.9905875582064562
car,bo_tpe,21,21,58,0.9905875582064562
car,bo_tpe,21,21,59,0.9905875582064562
car,bo_tpe,21,21,60,0.9905875582064562
car,bo_tpe,21,21,61,0.9905875582064562
car,bo_tpe,21,21,62,0.9905875582064562
car,bo_tpe,21,21,63,0.9905875582064562
car,bo_tpe,21,21,64,0.9905875582064562
car,bo_tpe,21,21,65,0.9905875582064562
car,bo_tpe,21,21,66,0.9905875582064562
car,bo_tpe,21,21,67,0.9905875582064562
car,bo_tpe,21,21,68,0.9905875582064562
car,bo_tpe,21,21,69,0.9905875582064562
car,bo_tpe,21,21,70,0.9905875582064562
car,bo_tpe,21,21,71,0.9905875582064562
car,bo_tpe,21,21,72,0.9905875582064562
car,bo_tpe,21,21,73,0.9905875582064562
car,bo_tpe,21,21,74,0.9905875582064562
car,bo_tpe,21,21,75,0.9905875582064562
car,bo_tpe,21,21,76,0.9905875582064562
car,bo_tpe,21,21,77,0.9905875582064562
car,bo_tpe,21,21,78,0.9905875582064562
car,bo_tpe,21,21,79,0.9905875582064562
car,bo_tpe,21,21,80,0.9905875582064562
car,bo_tpe,21,21,81,0.9905875582064562
car,bo_tpe,21,21,82,0.9905875582064562
car,bo_tpe,21,21,83,0.9905875582064562
car,bo_tpe,21,21,84,0.9905875582064562
car,bo_tpe,21,21,85,0.9905875582064562
car,bo_tpe,21,21,86,0.9905875582064562
car,bo_tpe,21,21,87,0.9905875582064562
car,bo_tpe,21,21,88,0.9905875582064562
car,bo_tpe,21,21,89,0.9905875582064562
car,bo_tpe,21,21,90,0.9905875582064562
car,bo_tpe,21,21,91,0.9905875582064562
car,bo_tpe,21,21,92,0.9905875582064562
car,bo_tpe,21,21,93,0.9905875582064562
car,bo_tpe,21,21,94,0.9905875582064562
car,bo_tpe,21,21,95,0.9905875582064562
car,bo_tpe,21,21,96,0.9905875582064562
car,bo_tpe,21,21,97,0.9905875582064562
car,bo_tpe,21,21,98,0.9905875582064562
car,bo_tpe,21,21,99,0.9905875582064562
car,bo_tpe,21,21,100,0.9905875582064562
car,pso,21,21,1,0.9855150944383404
car,pso,21,21,2,0.9855150944383404
car,pso,21,21,3,0.9855150944383404
car,pso,21,21,4,0.9855150944383404
car,pso,21,21,5,0.9855150944383404
car,pso,21,21,6,0.9855150944383404
car,pso,21,21,7,0.9855150944383404
car,pso,21,21,8,0.9855150944383404
car,pso,21,21,9,0.9855150944383404
car,pso,21,21,10,0.9855150944383404
car,pso,21,21,11,0.9855150944383404
car,pso,21,21,12,0.9891382828441374
car,pso,21,21,13,0.9891382828441374
car,pso,21,21,14,0.9891382828441374
car,pso,21,21,15,0.9891382828441374
car,pso,21,21,16,0.9891382828441374
car,pso,21,21,17,0.9891382828441374
car,pso,21,21,18,0.9891382828441374
car,pso,21,21,19,0.9891382828441374
car,pso,21,21,20,0.9891382828441374
car,pso,21,21,21,0.9891382828441374
car,pso,21,21,22,0.9891382828441374
car,pso,21,21,23,0.9891408988646472
car,pso,21,21,24,0.9891408988646472
car,pso,21,21,25,0.9891408988646472
car,pso,21,21,26,0.9891408988646472
car,pso,21,21,27,0.9891408988646472
car,pso,21,21,28,0.9891408988646472
car,pso,21,21,29,0.9891408988646472
car,pso,21,21,30,0.9891408988646472
car,pso,21,21,31,0.9891408988646472
car,pso,21,21,32,0.9891408988646472
car,pso,21,21,33,0.9891408988646472
car,pso,21,21,34,0.9891408988646472
car,pso,21,21,35,0.9891408988646472
car,pso,21,21,36,0.9891408988646472
car,pso,21,21,37,0.9891408988646472
car,pso,21,21,38,0.9891408988646472
car,pso,21,21,39,0.9891408988646472
car,pso,21,21,40,0.9891408988646472
car,pso,21,21,41,0.9891408988646472
car,pso,21,21,42,0.9891408988646472
car,pso,21,21,43,0.9891408988646472
car,pso,21,21,44,0.9891408988646472
car,pso,21,21,45,0.9891408988646472
car,pso,21,21,46,0.9891408988646472
car,pso,21,21,47,0.9891408988646472
car,pso,21,21,48,0.9905875582064562
car,pso,21,21,49,0.9905875582064562
car,pso,21,21,50,0.9905875582064562
car,pso,21,21,51,0.9905875582064562
car,pso,21,21,52,0.9905875582064562
car,pso,21,21,53,0.9905875582064562
car,pso,21,21,54,0.9905875582064562
car,pso,21,21,55,0.9905875582064562
car,pso,21,21,56,0.9905875582064562
car,pso,21,21,57,0.9905875582064562
car,pso,21,21,58,0.9905875582064562
car,pso,21,21,59,0.9905875582064562
car,pso,21,21,60,0.9905875582064562
car,pso,21,21,61,0.9905875582064562
car,pso,21,21,62,0.9905875582064562
car,pso,21,21,63,0.9905875582064562
car,pso,21,21,64,0.9905875582064562
car,pso,21,21,65,0.9905875582064562
car,pso,21,21,66,0.9905875582064562
car,pso,21,21,67,0.9905875582064562
car,pso,21,21,68,0.9905875582064562
car,pso,21,21,69,0.9905875582064562
car,pso,21,21,70,0.9905875582064562
car,pso,21,21,71,0.9905875582064562
car,pso,21,21,72,0.9905875582064562
car,pso,21,21,73,0.9905875582064562
car,pso,21,21,74,0.9905875582064562
car,pso,21,21,75,0.9905875582064562
car,pso,21,21,76,0.9905875582064562
car,pso,21,21,77,0.9905875582064562
car,pso,21,21,78,0.9905875582064562
car,pso,21,21,79,0.9905875582064562
car,pso,21,21,80,0.9905875582064562
car,pso,21,21,81,0.9905875582064562
car,pso,21,21,82,0.9905875582064562
car,pso,21,21,83,0.9905875582064562
car,pso,21,21,84,0.9905875582064562
car,pso,21,21,85,0.9905875582064562
car,pso,21,21,86,0.9905875582064562
car,pso,21,21,87,0.9905875582064562
car,pso,21,21,88,0.9905875582064562
car,pso,21,21,89,0.9905875582064562
car,pso,21,21,90,0.9905875582064562
car,pso,21,21,91,0.9905875582064562
car,pso,21,21,92,0.9905875582064562
car,pso,21,21,93,0.9905875582064562
car,pso,21,21,94,0.9905875582064562
car,pso,21,21,95,0.9905875582064562
car,pso,21,21,96,0.9905875582064562
car,pso,21,21,97,0.9905875582064562
car,pso,21,21,98,0.9905875582064562
car,pso,21,21,99,0.9905875582064562
car,pso,21,21,100,0.9905875582064562
car,de,21,21,1,0.9862423481400093
car,de,21,21,2,0.9862423481400093
car,de,21,21,3,0.9862423481400093
car,de,21,21,4,0.9862423481400093
car,de,21,21,5,0.9862423481400093
car,de,21,21,6,0.9862423481400093
car,de,21,21,7,0.9862423481400093
car,de,21,21,8,0.9862423481400093
car,de,21,21,9,0.9862423481400093
car,de,21,21,10,0.9862423481400093
car,de,21,21,11,0.9862423481400093
car,de,21,21,12,0.9862423481400093
car,de,21,21,13,0.9862423481400093
car,de,21,21,14,0.9862423481400093
car,de,21,21,15,0.9862423481400093
car,de,21,21,16,0.9862423481400093
car,de,21,21,17,0.9905875582064562
car,de,21,21,18,0.9905875582064562
car,de,21,21,19,0.9905875582064562
car,de,21,21,20,0.9905875582064562
car,de,21,21,21,0.9905875582064562
car,de,21,21,22,0.9905875582064562
car,de,21,21,23,0.9905875582064562
car,de,21,21,24,0.9905875582064562
car,de,21,21,25,0.9905875582064562
car,de,21,21,26,0.9905875582064562
car,de,21,21,27,0.9905875582064562
car,de,21,21,28,0.9905875582064562
car,de,21,21,29,0.9905875582064562
car,de,21,21,30,0.9905875582064562
car,de,21,21,31,0.9905875582064562
car,de,21,21,32,0.9905875582064562
car,de,21,21,33,0.9905875582064562
car,de,21,21,34,0.9905875582064562
car,de,21,21,35,0.9905875582064562
car,de,21,21,36,0.9905875582064562
car,de,21,21,37,0.9905875582064562
car,de,21,21,38,0.9905875582064562
car,de,21,21,39,0.9905875582064562
car,de,21,21,40,0.9905875582064562
car,de,21,21,41,0.9905875582064562
car,de,21,21,42,0.9905875582064562
car,de,21,21,43,0.9905875582064562
car,de,21,21,44,0.9905875582064562
car,de,21,21,45,0.9905875582064562
car,de,21,21,46,0.9905875582064562
car,de,21,21,47,0.9905875582064562
car,de,21,21,48,0.9905875582064562
car,de,21,21,49,0.9905875582064562
car,de,21,21,50,0.9905875582064562
car,de,21,21,51,0.9905875582064562
car,de,21,21,52,0.9905875582064562
car,de,21,21,53,0.9905875582064562
car,de,21,21,54,0.9905875582064562
car,de,21,21,55,0.9905875582064562
car,de,21,21,56,0.9905875582064562
car,de,21,21,57,0.9905875582064562
car,de,21,21,58,0.9905875582064562
car,de,21,21,59,0.9905875582064562
car,de,21,21,60,0.9905875582064562
car,de,21,21,61,0.9905875582064562
car,de,21,21,62,0.9905875582064562
car,de,21,21,63,0.9905875582064562
car,de,21,21,64,0.9905875582064562
car,de,21,21,65,0.9905875582064562
car,de,21,21,66,0.9905875582064562
car,de,21,21,67,0.9905875582064562
car,de,21,21,68,0.9905875582064562
car,de,21,21,69,0.9905875582064562
car,de,21,21,70,0.9905875582064562
car,de,21,21,71,0.9905875582064562
car,de,21,21,72,0.9905875582064562
car,de,21,21,73,0.9905875582064562
car,de,21,21,74,0.9905875582064562
car,de,21,21,75,0.9905875582064562
car,de,21,21,76,0.9905875582064562
car,de,21,21,77,0.9905875582064562
car,de,21,21,78,0.9905875582064562
car,de,21,21,79,0.9905875582064562
car,de,21,21,80,0.9905875582064562
car,de,21,21,81,0.9905875582064562
car,de,21,21,82,0.9905875582064562
car,de,21,21,83,0.9905875582064562
car,de,21,21,84,0.9905875582064562
car,de,21,21,85,0.9905875582064562
car,de,21,21,86,0.9905875582064562
car,de,21,21,87,0.9905875582064562
car,de,21,21,88,0.9905875582064562
car,de,21,21,89,0.9905875582064562
car,de,21,21,90,0.9905875582064562
car,de,21,21,91,0.9905875582064562
car,de,21,21,92,0.9905875582064562
car,de,21,21,93,0.9905875582064562
car,de,21,21,94,0.9905875582064562
car,de,21,21,95,0.9905875582064562
car,de,21,21,96,0.9905875582064562
car,de,21,21,97,0.9905875582064562
car,de,21,21,98,0.9905875582064562
car,de,21,21,99,0.9905875582064562
car,de,21,21,100,0.9905875582064562
car,ga,21,21,1,0.9862423481400093
car,ga,21,21,2,0.9862423481400093
car,ga,21,21,3,0.9862423481400093
car,ga,21,21,4,0.9862423481400093
car,ga,21,21,5,0.9862423481400093
car,ga,21,21,6,0.9862423481400093
car,ga,21,21,7,0.9862423481400093
car,ga,21,21,8,0.9862423481400093
car,ga,21,21,9,0.9862423481400093
car,ga,21,21,10,0.9862423481400093
car,ga,21,21,11,0.9862423481400093
car,ga,21,21,12,0.9862423481400093
car,ga,21,21,13,0.9862423481400093
car,ga,21,21,14,0.9862423481400093
car,ga,21,21,15,0.9862423481400093
car,ga,21,21,16,0.9862423481400093
car,ga,21,21,17,0.9905875582064562
car,ga,21,21,18,0.9905875582064562
car,ga,21,21,19,0.9905875582064562
car,ga,21,21,20,0.9905875582064562
car,ga,21,21,21,0.9905875582064562
car,ga,21,21,22,0.9905875582064562
car,ga,21,21,23,0.9905875582064562
car,ga,21,21,24,0.9905875582064562
car,ga,21,21,25,0.9905875582064562
car,ga,21,21,26,0.9905875582064562
car,ga,21,21,27,0.9905875582064562
car,ga,21,21,28,0.9905875582064562
car,ga,21,21,29,0.9905875582064562
car,ga,21,21,30,0.9905875582064562
car,ga,21,21,31,0.9905875582064562
car,ga,21,21,32,0.9905875582064562
car,ga,21,21,33,0.9905875582064562
car,ga,21,21,34,0.9905875582064562
car,ga,21,21,35,0.9905875582064562
car,ga,21,21,36,0.9905875582064562
car,ga,21,21,37,0.9905875582064562
car,ga,21,21,38,0.9905875582064562
car,ga,21,21,39,0.9905875582064562
car,ga,21,21,40,0.9905875582064562
car,ga,21,21,41,0.9905875582064562
car,ga,21,21,42,0.9905875582064562
car,ga,21,21,43,0.9905875582064562
car,ga,21,21,44,0.9905875582064562
car,ga,21,21,45,0.9905875582064562
car,ga,21,21,46,0.9905875582064562
car,ga,21,21,47,0.9905875582064562
car,ga,21,21,48,0.9905875582064562
car,ga,21,21,49,0.9905875582064562
car,ga,21,21,50,0.9905875582064562
car,ga,21,21,51,0.9905875582064562
car,ga,21,21,52,0.9905875582064562
car,ga,21,21,53,0.9905875582064562
car,ga,21,21,54,0.9905875582064562
car,ga,21,21,55,0.9905875582064562
car,ga,21,21,56,0.9905875582064562
car,ga,21,21,57,0.9905875582064562
car,ga,21,21,58,0.9905875582064562
car,ga,21,21,59,0.9905875582064562
car,ga,21,21,60,0.9905875582064562
car,ga,21,21,61,0.9905875582064562
car,ga,21,21,62,0.9905875582064562
car,ga,21,21,63,0.9905875582064562
car,ga,21,21,64,0.9905875582064562
car,ga,21,21,65,0.9905875582064562
car,ga,21,21,66,0.9905875582064562
car,ga,21,21,67,0.9905875582064562
car,ga,21,21,68,0.9905875582064562
car,ga,21,21,69,0.9905875582064562
car,ga,21,21,70,0.9905875582064562
car,ga,21,21,71,0.9905875582064562
car,ga,21,21,72,0.9905875582064562
car,ga,21,21,73,0.9905875582064562
car,ga,21,21,74,0.9905875582064562
car,ga,21,21,75,0.9905875582064562
car,ga,21,21,76,0.9905875582064562
car,ga,21,21,77,0.9905875582064562
car,ga,21,21,78,0.9905875582064562
car,ga,21,21,79,0.9905875582064562
car,ga,21,21,80,0.9905875582064562
car,ga,21,21,81,0.9905875582064562
car,ga,21,21,82,0.9905875582064562
car,ga,21,21,83,0.9905875582064562
car,ga,21,21,84,0.9905875582064562
car,ga,21,21,85,0.9905875582064562
car,ga,21,21,86,0.9905875582064562
car,ga,21,21,87,0.9905875582064562
car,ga,21,21,88,0.9905875582064562
car,ga,21,21,89,0.9905875582064562
car,ga,21,21,90,0.9905875582064562
car,ga,21,21,91,0.9905875582064562
car,ga,21,21,92,0.9905875582064562
car,ga,21,21,93,0.9905875582064562
car,ga,21,21,94,0.9905875582064562
car,ga,21,21,95,0.9905875582064562
car,ga,21,21,96,0.9905875582064562
car,ga,21,21,97,0.9905875582064562
car,ga,21,21,98,0.9905875582064562
car,ga,21,21,99,0.9905875582064562
car,ga,21,21,100,0.9905875582064562
car,sa,21,21,1,0.7004342594045937
car,sa,21,21,2,0.7004342594045937
car,sa,21,21,3,0.7004342594045937
car,sa,21,21,4,0.7004342594045937
car,sa,21,21,5,0.7004342594045937
car,sa,21,21,6,0.7004342594045937
car,sa,21,21,7,0.7004342594045937
car,sa,21,21,8,0.7004342594045937
car,sa,21,21,9,0.8046408203840318
car,sa,21,21,10,0.8046408203840318
car,sa,21,21,11,0.8046408203840318
car,sa,21,21,12,0.8046408203840318
car,sa,21,21,13,0.890734055354994
car,sa,21,21,14,0.890734055354994
car,sa,21,21,15,0.890734055354994
car,sa,21,21,16,0.9269057709412442
car,sa,21,21,17,0.9334222780306598
car,sa,21,21,18,0.9334222780306598
car,sa,21,21,19,0.9862397321194998
car,sa,21,21,20,0.9862397321194998
car,sa,21,21,21,0.9862397321194998
car,sa,21,21,22,0.9862397321194998
car,sa,21,21,23,0.9862397321194998
car,sa,21,21,24,0.9862397321194998
car,sa,21,21,25,0.9891408988646472
car,sa,21,21,26,0.9891408988646472
car,sa,21,21,27,0.9905875582064562
car,sa,21,21,28,0.9905875582064562
car,sa,21,21,29,0.9905875582064562
car,sa,21,21,30,0.9905875582064562
car,sa,21,21,31,0.9905875582064562
car,sa,21,21,32,0.9905875582064562
car,sa,21,21,33,0.9905875582064562
car,sa,21,21,34,0.9905875582064562
car,sa,21,21,35,0.9905875582064562
car,sa,21,21,36,0.9905875582064562
car,sa,21,21,37,0.9905875582064562
car,sa,21,21,38,0.9905875582064562
car,sa,21,21,39,0.9905875582064562
car,sa,21,21,40,0.9905875582064562
car,sa,21,21,41,0.9905875582064562
car,sa,21,21,42,0.9905875582064562
car,sa,21,21,43,0.9905875582064562
car,sa,21,21,44,0.9905875582064562
car,sa,21,21,45,0.9905875582064562
car,sa,21,21,46,0.9905875582064562
car,sa,21,21,47,0.9905875582064562
car,sa,21,21,48,0.9905875582064562
car,sa,21,21,49,0.9905875582064562
car,sa,21,21,50,0.9905875582064562
car,sa,21,21,51,0.9905875582064562
car,sa,21,21,52,0.9905875582064562
car,sa,21,21,53,0.9905875582064562
car,sa,21,21,54,0.9905875582064562
car,sa,21,21,55,0.9905875582064562
car,sa,21,21,56,0.9905875582064562
car,sa,21,21,57,0.9905875582064562
car,sa,21,21,58,0.9905875582064562
car,sa,21,21,59,0.9905875582064562
car,sa,21,21,60,0.9905875582064562
car,sa,21,21,61,0.9905875582064562
car,sa,21,21,62,0.9905875582064562
car,sa,21,21,63,0.9905875582064562
car,sa,21,21,64,0.9905875582064562
car,sa,21,21,65,0.9905875582064562
car,sa,21,21,66,0.9905875582064562
car,sa,21,21,67,0.9905875582064562
car,sa,21,21,68,0.9905875582064562
car,sa,21,21,69,0.9905875582064562
car,sa,21,21,70,0.9905875582064562
car,sa,21,21,71,0.9905875582064562
car,sa,21,21,72,0.9905875582064562
car,sa,21,21,73,0.9905875582064562
car,sa,21,21,74,0.9905875582064562
car,sa,21,21,75,0.9905875582064562
car,sa,21,21,76,0.9905875582064562
car,sa,21,21,77,0.9905875582064562
car,sa,21,21,78,0.9905875582064562
car,sa,21,21,79,0.9905875582064562
car,sa,21,21,80,0.9905875582064562
car,sa,21,21,81,0.9905875582064562
car,sa,21,21,82,0.9905875582064562
car,sa,21,21,83,0.9905875582064562
car,sa,21,21,84,0.9905875582064562
car,sa,21,21,85,0.9905875582064562
car,sa,21,21,86,0.9905875582064562
car,sa,21,21,87,0.9905875582064562
car,sa,21,21,88,0.9905875582064562
car,sa,21,21,89,0.9905875582064562
car,sa,21,21,90,0.9905875582064562
car,sa,21,21,91,0.9905875582064562
car,sa,21,21,92,0.9905875582064562
car,sa,21,21,93,0.9905875582064562
car,sa,21,21,94,0.9905875582064562
car,sa,21,21,95,0.9905875582064562
car,sa,21,21,96,0.9905875582064562
car,sa,21,21,97,0.9905875582064562
car,sa,21,21,98,0.9905875582064562
car,sa,21,21,99,0.9905875582064562
car,sa,21,21,100,0.9905875582064562
car,grid,22,22,1,0.7004342594045937
car,grid,22,22,2,0.7004342594045937
car,grid,22,22,3,0.7004342594045937
car,grid,22,22,4,0.7004342594045937
car,grid,22,22,5,0.7004342594045937
car,grid,22,22,6,0.7004342594045937
car,grid,22,22,7,0.7004342594045937
car,grid,22,22,8,0.7004342594045937
car,grid,22,22,9,0.7004342594045937
car,grid,22,22,10,0.7004342594045937
car,grid,22,22,11,0.7004342594045937
car,grid,22,22,12,0.7004342594045937
car,grid,22,22,13,0.7004342594045937
car,grid,22,22,14,0.7004342594045937
car,grid,22,22,15,0.7004342594045937
car,grid,22,22,16,0.8097106681316382
car,grid,22,22,17,0.8097106681316382
car,grid,22,22,18,0.8097106681316382
car,grid,22,22,19,0.8097106681316382
car,grid,22,22,20,0.8097106681316382
car,grid,22,22,21,0.8097106681316382
car,grid,22,22,22,0.8097106681316382
car,grid,22,22,23,0.8097106681316382
car,grid,22,22,24,0.8097106681316382
car,grid,22,22,25,0.8697404907654477
car,grid,22,22,26,0.9319913148119081
car,grid,22,22,27,0.9319913148119081
car,grid,22,22,28,0.9319913148119081
car,grid,22,22,29,0.9319913148119081
car,grid,22,22,30,0.9319913148119081
car,grid,22,22,31,0.9319913148119081
car,grid,22,22,32,0.9319913148119081
car,grid,22,22,33,0.9319913148119081
car,grid,22,22,34,0.9319913148119081
car,grid,22,22,35,0.9450086328676818
car,grid,22,22,36,0.9761157327473449
car,grid,22,22,37,0.9761157327473449
car,grid,22,22,38,0.9761157327473449
car,grid,22,22,39,0.9761157327473449
car,grid,22,22,40,0.9761157327473449
car,grid,22,22,41,0.9761157327473449
car,grid,22,22,42,0.9761157327473449
car,grid,22,22,43,0.9761157327473449
car,grid,22,22,44,0.9761157327473449
car,grid,22,22,45,0.9761157327473449
car,grid,22,22,46,0.988413645162978
car,grid,22,22,47,0.988413645162978
car,grid,22,22,48,0.988413645162978
car,grid,22,22,49,0.988413645162978
car,grid,22,22,50,0.988413645162978
car,grid,22,22,51,0.988413645162978
car,grid,22,22,52,0.988413645162978
car,grid,22,22,53,0.988413645162978
car,grid,22,22,54,0.988413645162978
car,grid,22,22,55,0.988413645162978
car,grid,22,22,56,0.988413645162978
car,grid,22,22,57,0.988413645162978
car,grid,22,22,58,0.988413645162978
car,grid,22,22,59,0.988413645162978
car,grid,22,22,60,0.988413645162978
car,grid,22,22,61,0.988413645162978
car,grid,22,22,62,0.988413645162978
car,grid,22,22,63,0.988413645162978
car,grid,22,22,64,0.988413645162978
car,grid,22,22,65,0.988413645162978
car,grid,22,22,66,0.988413645162978
car,grid,22,22,67,0.988413645162978
car,grid,22,22,68,0.988413645162978
car,grid,22,22,69,0.988413645162978
car,grid,22,22,70,0.988413645162978
car,grid,22,22,71,0.988413645162978
car,grid,22,22,72,0.988413645162978
car,grid,22,22,73,0.988413645162978
car,grid,22,22,74,0.988413645162978
car,grid,22,22,75,0.988413645162978
car,grid,22,22,76,0.988413645162978
car,grid,22,22,77,0.988413645162978
car,grid,22,22,78,0.988413645162978
car,grid,22,22,79,0.988413645162978
car,grid,22,22,80,0.988413645162978
car,grid,22,22,81,0.988413645162978
car,grid,22,22,82,0.988413645162978
car,grid,22,22,83,0.988413645162978
car,grid,22,22,84,0.988413645162978
car,grid,22,22,85,0.988413645162978
car,grid,22,22,86,0.988413645162978
car,grid,22,22,87,0.988413645162978
car,grid,22,22,88,0.988413645162978
car,grid,22,22,89,0.988413645162978
car,grid,22,22,90,0.988413645162978
car,grid,22,22,91,0.988413645162978
car,grid,22,22,92,0.988413645162978
car,grid,22,22,93,0.988413645162978
car,grid,22,22,94,0.988413645162978
car,grid,22,22,95,0.988413645162978
car,grid,22,22,96,0.988413645162978
car,grid,22,22,97,0.988413645162978
car,grid,22,22,98,0.988413645162978
car,grid,22,22,99,0.988413645162978
car,grid,22,22,100,0.988413645162978
car,random,22,22,1,0.8769711714539842
car,random,22,22,2,0.8769711714539842
car,random,22,22,3,0.8769711714539842
car,random,22,22,4,0.9298200177889393
car,random,22,22,5,0.9298200177889393
car,random,22,22,6,0.9298200177889393
car,random,22,22,7,0.9298200177889393
car,random,22,22,8,0.9298200177889393
car,random,22,22,9,0.9298200177889393
car,random,22,22,10,0.9768377544079947
car,random,22,22,11,0.9768377544079947
car,random,22,22,12,0.9855203264793596
car,random,22,22,13,0.9891356668236279
car,random,22,22,14,0.9891356668236279
car,random,22,22,15,0.9891356668236279
car,random,22,22,16,0.9891356668236279
car,random,22,22,17,0.9891356668236279
car,random,22,22,18,0.9891356668236279
car,random,22,22,19,0.9891356668236279
car,random,22,22,20,0.9891408988646472
car,random,22,22,21,0.9891408988646472
car,random,22,22,22,0.9891408988646472
car,random,22,22,23,0.9891408988646472
car,random,22,22,24,0.9891408988646472
car,random,22,22,25,0.9891408988646472
car,random,22,22,26,0.9891408988646472
car,random,22,22,27,0.9891408988646472
car,random,22,22,28,0.9891408988646472
car,random,22,22,29,0.9891408988646472
car,random,22,22,30,0.9891408988646472
car,random,22,22,31,0.9891408988646472
car,random,22,22,32,0.9891408988646472
car,random,22,22,33,0.9891408988646472
car,random,22,22,34,0.9891408988646472
car,random,22,22,35,0.9891408988646472
car,random,22,22,36,0.9891408988646472
car,random,22,22,37,0.9891408988646472
car,random,22,22,38,0.9891408988646472
car,random,22,22,39,0.9891408988646472
car,random,22,22,40,0.9891408988646472
car,random,22,22,41,0.9891408988646472
car,random,22,22,42,0.9891408988646472
car,random,22,22,43,0.9891408988646472
car,random,22,22,44,0.9891408988646472
car,random,22,22,45,0.9891408988646472
car,random,22,22,46,0.9891408988646472
car,random,22,22,47,0.9891408988646472
car,random,22,22,48,0.9891408988646472
car,random,22,22,49,0.9891408988646472
car,random,22,22,50,0.9891408988646472
car,random,22,22,51,0.9891408988646472
car,random,22,22,52,0.9891408988646472
car,random,22,22,53,0.9891408988646472
car,random,22,22,54,0.9891408988646472
car,random,22,22,55,0.9891408988646472
car,random,22,22,56,0.9891408988646472
car,random,22,22,57,0.9891408988646472
car,random,22,22,58,0.9891408988646472
car,random,22,22,59,0.9891408988646472
car,random,22,22,60,0.9891408988646472
car,random,22,22,61,0.9891408988646472
car,random,22,22,62,0.9891408988646472
car,random,22,22,63,0.9891408988646472
car,random,22,22,64,0.9891408988646472
car,random,22,22,65,0.9891408988646472
car,random,22,22,66,0.9891408988646472
car,random,22,22,67,0.9891408988646472
car,random,22,22,68,0.9891408988646472
car,random,22,22,69,0.9891408988646472
car,random,22,22,70,0.9891408988646472
car,random,22,22,71,0.9898629205252968
car,random,22,22,72,0.9898629205252968
car,random,22,22,73,0.9898629205252968
car,random,22,22,74,0.9905875582064562
car,random,22,22,75,0.9905875582064562
car,random,22,22,76,0.9905875582064562
car,random,22,22,77,0.9905875582064562
car,random,22,22,78,0.9905875582064562
car,random,22,22,79,0.9905875582064562
car,random,22,22,80,0.9905875582064562
car,random,22,22,81,0.9905875582064562
car,random,22,22,82,0.9905875582064562
car,random,22,22,83,0.9905875582064562
car,random,22,22,84,0.9905875582064562
car,random,22,22,85,0.9905875582064562
car,random,22,22,86,0.9905875582064562
car,random,22,22,87,0.9905875582064562
car,random,22,22,88,0.9905875582064562
car,random,22,22,89,0.9905875582064562
car,random,22,22,90,0.9905875582064562
car,random,22,22,91,0.9905875582064562
car,random,22,22,92,0.9905875582064562
car,random,22,22,93,0.9905875582064562
car,random,22,22,94,0.9905875582064562
car,random,22,22,95,0.9905875582064562
car,random,22,22,96,0.9905875582064562
car,random,22,22,97,0.9905875582064562
car,random,22,22,98,0.9905875582064562
car,random,22,22,99,0.9905875582064562
car,random,22,22,100,0.9905875582064562
car,bo_tpe,22,22,1,0.8769711714539842
car,bo_tpe,22,22,2,0.8769711714539842
car,bo_tpe,22,22,3,0.8769711714539842
car,bo_tpe,22,22,4,0.9298200177889393
car,bo_tpe,22,22,5,0.9298200177889393
car,bo_tpe,22,22,6,0.9298200177889393
car,bo_tpe,22,22,7,0.9298200177889393
car,bo_tpe,22,22,8,0.9298200177889393
car,bo_tpe,22,22,9,0.9298200177889393
car,bo_tpe,22,22,10,0.9768377544079947
car,bo_tpe,22,22,11,0.9768377544079947
car,bo_tpe,22,22,12,0.9768377544079947
car,bo_tpe,22,22,13,0.9768377544079947
car,bo_tpe,22,22,14,0.9768377544079947
car,bo_tpe,22,22,15,0.9768377544079947
car,bo_tpe,22,22,16,0.9768377544079947
car,bo_tpe,22,22,17,0.9768377544079947
car,bo_tpe,22,22,18,0.9768377544079947
car,bo_tpe,22,22,19,0.988413645162978
car,bo_tpe,22,22,20,0.988413645162978
car,bo_tpe,22,22,21,0.988413645162978
car,bo_tpe,22,22,22,0.988413645162978
car,bo_tpe,22,22,23,0.9891356668236279
car,bo_tpe,22,22,24,0.9898629205252968
car,bo_tpe,22,22,25,0.9898629205252968
car,bo_tpe,22,22,26,0.9898629205252968
car,bo_tpe,22,22,27,0.9898629205252968
car,bo_tpe,22,22,28,0.9898629205252968
car,bo_tpe,22,22,29,0.9898629205252968
car,bo_tpe,22,22,30,0.9898629205252968
car,bo_tpe,22,22,31,0.9898629205252968
car,bo_tpe,22,22,32,0.9898629205252968
car,bo_tpe,22,22,33,0.9898629205252968
car,bo_tpe,22,22,34,0.9898629205252968
car,bo_tpe,22,22,35,0.9898629205252968
car,bo_tpe,22,22,36,0.9898629205252968
car,bo_tpe,22,22,37,0.9898629205252968
car,bo_tpe,22,22,38,0.9898629205252968
car,bo_tpe,22,22,39,0.9905875582064562
car,bo_tpe,22,22,40,0.9905875582064562
car,bo_tpe,22,22,41,0.9905875582064562
car,bo_tpe,22,22,42,0.9905875582064562
car,bo_tpe,22,22,43,0.9905875582064562
car,bo_tpe,22,22,44,0.9905875582064562
car,bo_tpe,22,22,45,0.9905875582064562
car,bo_tpe,22,22,46,0.9905875582064562
car,bo_tpe,22,22,47,0.9905875582064562
car,bo_tpe,22,22,48,0.9905875582064562
car,bo_tpe,22,22,49,0.9905875582064562
car,bo_tpe,22,22,50,0.9905875582064562
car,bo_tpe,22,22,51,0.9905875582064562
car,bo_tpe,22,22,52,0.9905875582064562
car,bo_tpe,22,22,53,0.9905875582064562
car,bo_tpe,22,22,54,0.9905875582064562
car,bo_tpe,22,22,55,0.9905875582064562
car,bo_tpe,22,22,56,0.9905875582064562
car,bo_tpe,22,22,57,0.9905875582064562
car,bo_tpe,22,22,58,0.9905875582064562
car,bo_tpe,22,22,59,0.9905875582064562
car,bo_tpe,22,22,60,0.9905875582064562
car,bo_tpe,22,22,61,0.9905875582064562
car,bo_tpe,22,22,62,0.9905875582064562
car,bo_tpe,22,22,63,0.9905875582064562
car,bo_tpe,22,22,64,0.9905875582064562
car,bo_tpe,22,22,65,0.9905875582064562
car,bo_tpe,22,22,66,0.9905875582064562
car,bo_tpe,22,22,67,0.9905875582064562
car,bo_tpe,22,22,68,0.9905875582064562
car,bo_tpe,22,22,69,0.9905875582064562
car,bo_tpe,22,22,70,0.9905875582064562
car,bo_tpe,22,22,71,0.9905875582064562
car,bo_tpe,22,22,72,0.9905875582064562
car,bo_tpe,22,22,73,0.9905875582064562
car,bo_tpe,22,22,74,0.9905875582064562
car,bo_tpe,22,22,75,0.9905875582064562
car,bo_tpe,22,22,76,0.9905875582064562
car,bo_tpe,22,22,77,0.9905875582064562
car,bo_tpe,22,22,78,0.9905875582064562
car,bo_tpe,22,22,79,0.9905875582064562
car,bo_tpe,22,22,80,0.9905875582064562
car,bo_tpe,22,22,81,0.9905875582064562
car,bo_tpe,22,22,82,0.9905875582064562
car,bo_tpe,22,22,83,0.9905875582064562
car,bo_tpe,22,22,84,0.9905875582064562
car,bo_tpe,22,22,85,0.9905875582064562
car,bo_tpe,22,22,86,0.9905875582064562
car,bo_tpe,22,22,87,0.9905875582064562
car,bo_tpe,22,22,88,0.9905875582064562
car,bo_tpe,22,22,89,0.9905875582064562
car,bo_tpe,22,22,90,0.9905875582064562
car,bo_tpe,22,22,91,0.9905875582064562
car,bo_tpe,22,22,92,0.9905875582064562
car,bo_tpe,22,22,93,0.9905875582064562
car,bo_tpe,22,22,94,0.9905875582064562
car,bo_tpe,22,22,95,0.9905875582064562
car,bo_tpe,22,22,96,0.9905875582064562
car,bo_tpe,22,22,97,0.9905875582064562
car,bo_tpe,22,22,98,0.9905875582064562
car,bo_tpe,22,22,99,0.9905875582064562
car,bo_tpe,22,22,100,0.9905875582064562
car,pso,22,22,1,0.9696096897399675
car,pso,22,22,2,0.984790456757181
car,pso,22,22,3,0.984790456757181
car,pso,22,22,4,0.984790456757181
car,pso,22,22,5,0.984790456757181
car,pso,22,22,6,0.984790456757181
car,pso,22,22,7,0.984790456757181
car,pso,22,22,8,0.9891356668236279
car,pso,22,22,9,0.9891356668236279
car,pso,22,22,10,0.9891356668236279
car,pso,22,22,11,0.9891356668236279
car,pso,22,22,12,0.9891356668236279
car,pso,22,22,13,0.9891356668236279
car,pso,22,22,14,0.9891356668236279
car,pso,22,22,15,0.9891356668236279
car,pso,22,22,16,0.9891356668236279
car,pso,22,22,17,0.9891356668236279
car,pso,22,22,18,0.9891356668236279
car,pso,22,22,19,0.9891356668236279
car,pso,22,22,20,0.9891356668236279
car,pso,22,22,21,0.9891356668236279
car,pso,22,22,22,0.9891356668236279
car,pso,22,22,23,0.9891356668236279
car,pso,22,22,24,0.9891356668236279
car,pso,22,22,25,0.9891356668236279
car,pso,22,22,26,0.9891356668236279
car,pso,22,22,27,0.9905875582064562
car,pso,22,22,28,0.9905875582064562
car,pso,22,22,29,0.9905875582064562
car,pso,22,22,30,0.9905875582064562
car,pso,22,22,31,0.9905875582064562
car,pso,22,22,32,0.9905875582064562
car,pso,22,22,33,0.9905875582064562
car,pso,22,22,34,0.9905875582064562
car,pso,22,22,35,0.9905875582064562
car,pso,22,22,36,0.9905875582064562
car,pso,22,22,37,0.9905875582064562
car,pso,22,22,38,0.9905875582064562
car,pso,22,22,39,0.9905875582064562
car,pso,22,22,40,0.9905875582064562
car,pso,22,22,41,0.9905875582064562
car,pso,22,22,42,0.9905875582064562
car,pso,22,22,43,0.9905875582064562
car,pso,22,22,44,0.9905875582064562
car,pso,22,22,45,0.9905875582064562
car,pso,22,22,46,0.9905875582064562
car,pso,22,22,47,0.9905875582064562
car,pso,22,22,48,0.9905875582064562
car,pso,22,22,49,0.9905875582064562
car,pso,22,22,50,0.9905875582064562
car,pso,22,22,51,0.9905875582064562
car,pso,22,22,52,0.9905875582064562
car,pso,22,22,53,0.9905875582064562
car,pso,22,22,54,0.9905875582064562
car,pso,22,22,55,0.9905875582064562
car,pso,22,22,56,0.9905875582064562
car,pso,22,22,57,0.9905875582064562
car,pso,22,22,58,0.9905875582064562
car,pso,22,22,59,0.9905875582064562
car,pso,22,22,60,0.9905875582064562
car,pso,22,22,61,0.9905875582064562
car,pso,22,22,62,0.9905875582064562
car,pso,22,22,63,0.9905875582064562
car,pso,22,22,64,0.9905875582064562
car,pso,22,22,65,0.9905875582064562
car,pso,22,22,66,0.9905875582064562
car,pso,22,22,67,0.9905875582064562
car,pso,22,22,68,0.9905875582064562
car,pso,22,22,69,0.9905875582064562
car,pso,22,22,70,0.9905875582064562
car,pso,22,22,71,0.9905875582064562
car,pso,22,22,72,0.9905875582064562
car,pso,22,22,73,0.9905875582064562
car,pso,22,22,74,0.9905875582064562
car,pso,22,22,75,0.9905875582064562
car,pso,22,22,76,0.9905875582064562
car,pso,22,22,77,0.9905875582064562
car,pso,22,22,78,0.9905875582064562
car,pso,22,22,79,0.9905875582064562
car,pso,22,22,80,0.9905875582064562
car,pso,22,22,81,0.9905875582064562
car,pso,22,22,82,0.9905875582064562
car,pso,22,22,83,0.9905875582064562
car,pso,22,22,84,0.9905875582064562
car,pso,22,22,85,0.9905875582064562
car,pso,22,22,86,0.9905875582064562
car,pso,22,22,87,0.9905875582064562
car,pso,22,22,88,0.9905875582064562
car,pso,22,22,89,0.9905875582064562
car,pso,22,22,90,0.9905875582064562
car,pso,22,22,91,0.9905875582064562
car,pso,22,22,92,0.9905875582064562
car,pso,22,22,93,0.9905875582064562
car,pso,22,22,94,0.9905875582064562
car,pso,22,22,95,0.9905875582064562
car,pso,22,22,96,0.9905875582064562
car,pso,22,22,97,0.9905875582064562
car,pso,22,22,98,0.9905875582064562
car,pso,22,22,99,0.9905875582064562
car,pso,22,22,100,0.9905875582064562
car,de,22,22,1,0.7937764872076597
car,de,22,22,2,0.7937764872076597
car,de,22,22,3,0.7937764872076597
car,de,22,22,4,0.7937764872076597
car,de,22,22,5,0.7937764872076597
car,de,22,22,6,0.8827761209647884
car,de,22,22,7,0.934154763773348
car,de,22,22,8,0.934154763773348
car,de,22,22,9,0.934154763773348
car,de,22,22,10,0.934154763773348
car,de,22,22,11,0.934154763773348
car,de,22,22,12,0.934154763773348
car,de,22,22,13,0.9862423481400094
car,de,22,22,14,0.9905875582064562
car,de,22,22,15,0.9905875582064562
car,de,22,22,16,0.9905875582064562
car,de,22,22,17,0.9905875582064562
car,de,22,22,18,0.9905875582064562
car,de,22,22,19,0.9905875582064562
car,de,22,22,20,0.9905875582064562
car,de,22,22,21,0.9905875582064562
car,de,22,22,22,0.9905875582064562
car,de,22,22,23,0.9905875582064562
car,de,22,22,24,0.9905875582064562
car,de,22,22,25,0.9905875582064562
car,de,22,22,26,0.9905875582064562
car,de,22,22,27,0.9905875582064562
car,de,22,22,28,0.9905875582064562
car,de,22,22,29,0.9905875582064562
car,de,22,22,30,0.9905875582064562
car,de,22,22,31,0.9905875582064562
car,de,22,22,32,0.9905875582064562
car,de,22,22,33,0.9905875582064562
car,de,22,22,34,0.9905875582064562
car,de,22,22,35,0.9905875582064562
car,de,22,22,36,0.9905875582064562
car,de,22,22,37,0.9905875582064562
car,de,22,22,38,0.9905875582064562
car,de,22,22,39,0.9905875582064562
car,de,22,22,40,0.9905875582064562
car,de,22,22,41,0.9905875582064562
car,de,22,22,42,0.9905875582064562
car,de,22,22,43,0.9905875582064562
car,de,22,22,44,0.9905875582064562
car,de,22,22,45,0.9905875582064562
car,de,22,22,46,0.9905875582064562
car,de,22,22,47,0.9905875582064562
car,de,22,22,48,0.9905875582064562
car,de,22,22,49,0.9905875582064562
car,de,22,22,50,0.9905875582064562
car,de,22,22,51,0.9905875582064562
car,de,22,22,52,0.9905875582064562
car,de,22,22,53,0.9905875582064562
car,de,22,22,54,0.9905875582064562
car,de,22,22,55,0.9905875582064562
car,de,22,22,56,0.9905875582064562
car,de,22,22,57,0.9905875582064562
car,de,22,22,58,0.9905875582064562
car,de,22,22,59,0.9905875582064562
car,de,22,22,60,0.9905875582064562
car,de,22,22,61,0.9905875582064562
car,de,22,22,62,0.9905875582064562
car,de,22,22,63,0.9905875582064562
car,de,22,22,64,0.9905875582064562
car,de,22,22,65,0.9905875582064562
car,de,22,22,66,0.9905875582064562
car,de,22,22,67,0.9905875582064562
car,de,22,22,68,0.9905875582064562
car,de,22,22,69,0.9905875582064562
car,de,22,22,70,0.9905875582064562
car,de,22,22,71,0.9905875582064562
car,de,22,22,72,0.9905875582064562
car,de,22,22,73,0.9905875582064562
car,de,22,22,74,0.9905875582064562
car,de,22,22,75,0.9905875582064562
car,de,22,22,76,0.9905875582064562
car,de,22,22,77,0.9905875582064562
car,de,22,22,78,0.9905875582064562
car,de,22,22,79,0.9905875582064562
car,de,22,22,80,0.9905875582064562
car,de,22,22,81,0.9905875582064562
car,de,22,22,82,0.9905875582064562
car,de,22,22,83,0.9905875582064562
car,de,22,22,84,0.9905875582064562
car,de,22,22,85,0.9905875582064562
car,de,22,22,86,0.9905875582064562
car,de,22,22,87,0.9905875582064562
car,de,22,22,88,0.9905875582064562
car,de,22,22,89,0.9905875582064562
car,de,22,22,90,0.9905875582064562
car,de,22,22,91,0.9905875582064562
car,de,22,22,92,0.9905875582064562
car,de,22,22,93,0.9905875582064562
car,de,22,22,94,0.9905875582064562
car,de,22,22,95,0.9905875582064562
car,de,22,22,96,0.9905875582064562
car,de,22,22,97,0.9905875582064562
car,de,22,22,98,0.9905875582064562
car,de,22,22,99,0.9905875582064562
car,de,22,22,100,0.9905875582064562
car,ga,22,22,1,0.7937764872076597
car,ga,22,22,2,0.7937764872076597
car,ga,22,22,3,0.7937764872076597
car,ga,22,22,4,0.7937764872076597
car,ga,22,22,5,0.7937764872076597
car,ga,22,22,6,0.8827761209647884
car,ga,22,22,7,0.934154763773348
car,ga,22,22,8,0.934154763773348
car,ga,22,22,9,0.934154763773348
car,ga,22,22,10,0.934154763773348
car,ga,22,22,11,0.934154763773348
car,ga,22,22,12,0.934154763773348
car,ga,22,22,13,0.9862423481400094
car,ga,22,22,14,0.9905875582064562
car,ga,22,22,15,0.9905875582064562
car,ga,22,22,16,0.9905875582064562
car,ga,22,22,17,0.9905875582064562
car,ga,22,22,18,0.9905875582064562
car,ga,22,22,19,0.9905875582064562
car,ga,22,22,20,0.9905875582064562
car,ga,22,22,21,0.9905875582064562
car,ga,22,22,22,0.9905875582064562
car,ga,22,22,23,0.9905875582064562
car,ga,22,22,24,0.9905875582064562
car,ga,22,22,25,0.9905875582064562
car,ga,22,22,26,0.9905875582064562
car,ga,22,22,27,0.9905875582064562
car,ga,22,22,28,0.9905875582064562
car,ga,22,22,29,0.9905875582064562
car,ga,22,22,30,0.9905875582064562
car,ga,22,22,31,0.9905875582064562
car,ga,22,22,32,0.9905875582064562
car,ga,22,22,33,0.9905875582064562
car,ga,22,22,34,0.9905875582064562
car,ga,22,22,35,0.9905875582064562
car,ga,22,22,36,0.9905875582064562
car,ga,22,22,37,0.9905875582064562
car,ga,22,22,38,0.9905875582064562
car,ga,22,22,39,0.9905875582064562
car,ga,22,22,40,0.9905875582064562
car,ga,22,22,41,0.9905875582064562
car,ga,22,22,42,0.9905875582064562
car,ga,22,22,43,0.9905875582064562
car,ga,22,22,44,0.9905875582064562
car,ga,22,22,45,0.9905875582064562
car,ga,22,22,46,0.9905875582064562
car,ga,22,22,47,0.9905875582064562
car,ga,22,22,48,0.9905875582064562
car,ga,22,22,49,0.9905875582064562
car,ga,22,22,50,0.9905875582064562
car,ga,22,22,51,0.9905875582064562
car,ga,22,22,52,0.9905875582064562
car,ga,22,22,53,0.9905875582064562
car,ga,22,22,54,0.9905875582064562
car,ga,22,22,55,0.9905875582064562
car,ga,22,22,56,0.9905875582064562
car,ga,22,22,57,0.9905875582064562
car,ga,22,22,58,0.9905875582064562
car,ga,22,22,59,0.9905875582064562
car,ga,22,22,60,0.9905875582064562
car,ga,22,22,61,0.9905875582064562
car,ga,22,22,62,0.9905875582064562
car,ga,22,22,63,0.9905875582064562
car,ga,22,22,64,0.9905875582064562
car,ga,22,22,65,0.9905875582064562
car,ga,22,22,66,0.9905875582064562
car,ga,22,22,67,0.9905875582064562
car,ga,22,22,68,0.9905875582064562
car,ga,22,22,69,0.9905875582064562
car,ga,22,22,70,0.9905875582064562
car,ga,22,22,71,0.9905875582064562
car,ga,22,22,72,0.9905875582064562
car,ga,22,22,73,0.9905875582064562
car,ga,22,22,74,0.9905875582064562
car,ga,22,22,75,0.9905875582064562
car,ga,22,22,76,0.9905875582064562
car,ga,22,22,77,0.9905875582064562
car,ga,22,22,78,0.9905875582064562
car,ga,22,22,79,0.9905875582064562
car,ga,22,22,80,0.9905875582064562
car,ga,22,22,81,0.9905875582064562
car,ga,22,22,82,0.9905875582064562
car,ga,22,22,83,0.9905875582064562
car,ga,22,22,84,0.9905875582064562
car,ga,22,22,85,0.9905875582064562
car,ga,22,22,86,0.9905875582064562
car,ga,22,22,87,0.9905875582064562
car,ga,22,22,88,0.9905875582064562
car,ga,22,22,89,0.9905875582064562
car,ga,22,22,90,0.9905875582064562
car,ga,22,22,91,0.9905875582064562
car,ga,22,22,92,0.9905875582064562
car,ga,22,22,93,0.9905875582064562
car,ga,22,22,94,0.9905875582064562
car,ga,22,22,95,0.9905875582064562
car,ga,22,22,96,0.9905875582064562
car,ga,22,22,97,0.9905875582064562
car,ga,22,22,98,0.9905875582064562
car,ga,22,22,99,0.9905875582064562
car,ga,22,22,100,0.9905875582064562
car,sa,22,22,1,0.8769711714539842
car,sa,22,22,2,0.9450112488881913
car,sa,22,22,3,0.9450112488881913
car,sa,22,22,4,0.9450112488881913
car,sa,22,22,5,0.9450112488881913
car,sa,22,22,6,0.9450112488881913
car,sa,22,22,7,0.9450112488881913
car,sa,22,22,8,0.9450112488881913
car,sa,22,22,9,0.9450112488881913
car,sa,22,22,10,0.9450112488881913
car,sa,22,22,11,0.9450112488881913
car,sa,22,22,12,0.9659917333751895
car,sa,22,22,13,0.9659917333751895
car,sa,22,22,14,0.9659917333751895
car,sa,22,22,15,0.9659917333751895
car,sa,22,22,16,0.9659917333751895
car,sa,22,22,17,0.9659917333751895
car,sa,22,22,18,0.9659917333751895
car,sa,22,22,19,0.9659917333751895
car,sa,22,22,20,0.9659917333751895
car,sa,22,22,21,0.9674357766964892
car,sa,22,22,22,0.9674357766964892
car,sa,22,22,23,0.9674357766964892
car,sa,22,22,24,0.9674357766964892
car,sa,22,22,25,0.9674357766964892
car,sa,22,22,26,0.9674357766964892
car,sa,22,22,27,0.9833516454769006
car,sa,22,22,28,0.9869669858211688
car,sa,22,22,29,0.9869669858211688
car,sa,22,22,30,0.9869669858211688
car,sa,22,22,31,0.9869669858211688
car,sa,22,22,32,0.9869669858211688
car,sa,22,22,33,0.9869669858211688
car,sa,22,22,34,0.9869669858211688
car,sa,22,22,35,0.9876916235023282
car,sa,22,22,36,0.9876916235023282
car,sa,22,22,37,0.9891408988646472
car,sa,22,22,38,0.9891408988646472
car,sa,22,22,39,0.9891408988646472
car,sa,22,22,40,0.9891408988646472
car,sa,22,22,41,0.9891408988646472
car,sa,22,22,42,0.9891408988646472
car,sa,22,22,43,0.9891408988646472
car,sa,22,22,44,0.9891408988646472
car,sa,22,22,45,0.9891408988646472
car,sa,22,22,46,0.9891408988646472
car,sa,22,22,47,0.9905875582064562
car,sa,22,22,48,0.9905875582064562
car,sa,22,22,49,0.9905875582064562
car,sa,22,22,50,0.9905875582064562
car,sa,22,22,51,0.9905875582064562
car,sa,22,22,52,0.9905875582064562
car,sa,22,22,53,0.9905875582064562
car,sa,22,22,54,0.9905875582064562
car,sa,22,22,55,0.9905875582064562
car,sa,22,22,56,0.9905875582064562
car,sa,22,22,57,0.9905875582064562
car,sa,22,22,58,0.9905875582064562
car,sa,22,22,59,0.9905875582064562
car,sa,22,22,60,0.9905875582064562
car,sa,22,22,61,0.9905875582064562
car,sa,22,22,62,0.9905875582064562
car,sa,22,22,63,0.9905875582064562
car,sa,22,22,64,0.9905875582064562
car,sa,22,22,65,0.9905875582064562
car,sa,22,22,66,0.9905875582064562
car,sa,22,22,67,0.9905875582064562
car,sa,22,22,68,0.9905875582064562
car,sa,22,22,69,0.9905875582064562
car,sa,22,22,70,0.9905875582064562
car,sa,22,22,71,0.9905875582064562
car,sa,22,22,72,0.9905875582064562
car,sa,22,22,73,0.9905875582064562
car,sa,22,22,74,0.9905875582064562
car,sa,22,22,75,0.9905875582064562
car,sa,22,22,76,0.9905875582064562
car,sa,22,22,77,0.9905875582064562
car,sa,22,22,78,0.9905875582064562
car,sa,22,22,79,0.9905875582064562
car,sa,22,22,80,0.9905875582064562
car,sa,22,22,81,0.9905875582064562
car,sa,22,22,82,0.9905875582064562
car,sa,22,22,83,0.9905875582064562
car,sa,22,22,84,0.9905875582064562
car,sa,22,22,85,0.9905875582064562
car,sa,22,22,86,0.9905875582064562
car,sa,22,22,87,0.9905875582064562
car,sa,22,22,88,0.9905875582064562
car,sa,22,22,89,0.9905875582064562
car,sa,22,22,90,0.9905875582064562
car,sa,22,22,91,0.9905875582064562
car,sa,22,22,92,0.9905875582064562
car,sa,22,22,93,0.9905875582064562
car,sa,22,22,94,0.9905875582064562
car,sa,22,22,95,0.9905875582064562
car,sa,22,22,96,0.9905875582064562
car,sa,22,22,97,0.9905875582064562
car,sa,22,22,98,0.9905875582064562
car,sa,22,22,99,0.9905875582064562
car,sa,22,22,100,0.9905875582064562
car,grid,23,23,1,0.7004342594045937
car,grid,23,23,2,0.7004342594045937
car,grid,23,23,3,0.7004342594045937
car,grid,23,23,4,0.7004342594045937
car,grid,23,23,5,0.7004342594045937
car,grid,23,23,6,0.7004342594045937
car,grid,23,23,7,0.7004342594045937
car,grid,23,23,8,0.7004342594045937
car,grid,23,23,9,0.7004342594045937
car,grid,23,23,10,0.7004342594045937
car,grid,23,23,11,0.7004342594045937
car,grid,23,23,12,0.7004342594045937
car,grid,23,23,13,0.7004342594045937
car,grid,23,23,14,0.7004342594045937
car,grid,23,23,15,0.7004342594045937
car,grid,23,23,16,0.8097106681316382
car,grid,23,23,17,0.8097106681316382
car,grid,23,23,18,0.8097106681316382
car,grid,23,23,19,0.8097106681316382
car,grid,23,23,20,0.8097106681316382
car,grid,23,23,21,0.8097106681316382
car,grid,23,23,22,0.8097106681316382
car,grid,23,23,23,0.8097106681316382
car,grid,23,23,24,0.8097106681316382
car,grid,23,23,25,0.8697404907654477
car,grid,23,23,26,0.9319913148119081
car,grid,23,23,27,0.9319913148119081
car,grid,23,23,28,0.9319913148119081
car,grid,23,23,29,0.9319913148119081
car,grid,23,23,30,0.9319913148119081
car,grid,23,23,31,0.9319913148119081
car,grid,23,23,32,0.9319913148119081
car,grid,23,23,33,0.9319913148119081
car,grid,23,23,34,0.9319913148119081
car,grid,23,23,35,0.9450086328676818
car,grid,23,23,36,0.9761157327473449
car,grid,23,23,37,0.9761157327473449
car,grid,23,23,38,0.9761157327473449
car,grid,23,23,39,0.9761157327473449
car,grid,23,23,40,0.9761157327473449
car,grid,23,23,41,0.9761157327473449
car,grid,23,23,42,0.9761157327473449
car,grid,23,23,43,0.9761157327473449
car,grid,23,23,44,0.9761157327473449
car,grid,23,23,45,0.9761157327473449
car,grid,23,23,46,0.988413645162978
car,grid,23,23,47,0.988413645162978
car,grid,23,23,48,0.988413645162978
car,grid,23,23,49,0.988413645162978
car,grid,23,23,50,0.988413645162978
car,grid,23,23,51,0.988413645162978
car,grid,23,23,52,0.988413645162978
car,grid,23,23,53,0.988413645162978
car,grid,23,23,54,0.988413645162978
car,grid,23,23,55,0.988413645162978
car,grid,23,23,56,0.988413645162978
car,grid,23,23,57,0.988413645162978
car,grid,23,23,58,0.988413645162978
car,grid,23,23,59,0.988413645162978
car,grid,23,23,60,0.988413645162978
car,grid,23,23,61,0.988413645162978
car,grid,23,23,62,0.988413645162978
car,grid,23,23,63,0.988413645162978
car,grid,23,23,64,0.988413645162978
car,grid,23,23,65,0.988413645162978
car,grid,23,23,66,0.988413645162978
car,grid,23,23,67,0.988413645162978
car,grid,23,23,68,0.988413645162978
car,grid,23,23,69,0.988413645162978
car,grid,23,23,70,0.988413645162978
car,grid,23,23,71,0.988413645162978
car,grid,23,23,72,0.988413645162978
car,grid,23,23,73,0.988413645162978
car,grid,23,23,74,0.988413645162978
car,grid,23,23,75,0.988413645162978
car,grid,23,23,76,0.988413645162978
car,grid,23,23,77,0.988413645162978
car,grid,23,23,78,0.988413645162978
car,grid,23,23,79,0.988413645162978
car,grid,23,23,80,0.988413645162978
car,grid,23,23,81,0.988413645162978
car,grid,23,23,82,0.988413645162978
car,grid,23,23,83,0.988413645162978
car,grid,23,23,84,0.988413645162978
car,grid,23,23,85,0.988413645162978
car,grid,23,23,86,0.988413645162978
car,grid,23,23,87,0.988413645162978
car,grid,23,23,88,0.988413645162978
car,grid,23,23,89,0.988413645162978
car,grid,23,23,90,0.988413645162978
car,grid,23,23,91,0.988413645162978
car,grid,23,23,92,0.988413645162978
car,grid,23,23,93,0.988413645162978
car,grid,23,23,94,0.988413645162978
car,grid,23,23,95,0.988413645162978
car,grid,23,23,96,0.988413645162978
car,grid,23,23,97,0.988413645162978
car,grid,23,23,98,0.988413645162978
car,grid,23,23,99,0.988413645162978
car,grid,23,23,100,0.988413645162978
car,random,23,23,1,0.7004342594045937
car,random,23,23,2,0.9891408988646472
car,random,23,23,3,0.9891408988646472
car,random,23,23,4,0.9891408988646472
car,random,23,23,5,0.9891408988646472
car,random,23,23,6,0.9891408988646472
car,random,23,23,7,0.9891408988646472
car,random,23,23,8,0.9891408988646472
car,random,23,23,9,0.9891408988646472
car,random,23,23,10,0.9891408988646472
car,random,23,23,11,0.9891408988646472
car,random,23,23,12,0.9891408988646472
car,random,23,23,13,0.9891408988646472
car,random,23,23,14,0.9891408988646472
car,random,23,23,15,0.9891408988646472
car,random,23,23,16,0.9891408988646472
car,random,23,23,17,0.9891408988646472
car,random,23,23,18,0.9891408988646472
car,random,23,23,19,0.9891408988646472
car,random,23,23,20,0.9891408988646472
car,random,23,23,21,0.9891408988646472
car,random,23,23,22,0.9891408988646472
car,random,23,23,23,0.9891408988646472
car,random,23,23,24,0.9891408988646472
car,random,23,23,25,0.9891408988646472
car,random,23,23,26,0.9905875582064562
car,random,23,23,27,0.9905875582064562
car,random,23,23,28,0.9905875582064562
car,random,23,23,29,0.9905875582064562
car,random,23,23,30,0.9905875582064562
car,random,23,23,31,0.9905875582064562
car,random,23,23,32,0.9905875582064562
car,random,23,23,33,0.9905875582064562
car,random,23,23,34,0.9905875582064562
car,random,23,23,35,0.9905875582064562
car,random,23,23,36,0.9905875582064562
car,random,23,23,37,0.9905875582064562
car,random,23,23,38,0.9905875582064562
car,random,23,23,39,0.9905875582064562
car,random,23,23,40,0.9905875582064562
car,random,23,23,41,0.9905875582064562
car,random,23,23,42,0.9905875582064562
car,random,23,23,43,0.9905875582064562
car,random,23,23,44,0.9905875582064562
car,random,23,23,45,0.9905875582064562
car,random,23,23,46,0.9905875582064562
car,random,23,23,47,0.9905875582064562
car,random,23,23,48,0.9905875582064562
car,random,23,23,49,0.9905875582064562
car,random,23,23,50,0.9905875582064562
car,random,23,23,51,0.9905875582064562
car,random,23,23,52,0.9905875582064562
car,random,23,23,53,0.9905875582064562
car,random,23,23,54,0.9905875582064562
car,random,23,23,55,0.9905875582064562
car,random,23,23,56,0.9905875582064562
car,random,23,23,57,0.9905875582064562
car,random,23,23,58,0.9905875582064562
car,random,23,23,59,0.9905875582064562
car,random,23,23,60,0.9905875582064562
car,random,23,23,61,0.9905875582064562
car,random,23,23,62,0.9905875582064562
car,random,23,23,63,0.9905875582064562
car,random,23,23,64,0.9905875582064562
car,random,23,23,65,0.9905875582064562
car,random,23,23,66,0.9905875582064562
car,random,23,23,67,0.9905875582064562
car,random,23,23,68,0.9905875582064562
car,random,23,23,69,0.9905875582064562
car,random,23,23,70,0.9905875582064562
car,random,23,23,71,0.9905875582064562
car,random,23,23,72,0.9905875582064562
car,random,23,23,73,0.9905875582064562
car,random,23,23,74,0.9905875582064562
car,random,23,23,75,0.9905875582064562
car,random,23,23,76,0.9905875582064562
car,random,23,23,77,0.9905875582064562
car,random,23,23,78,0.9905875582064562
car,random,23,23,79,0.9905875582064562
car,random,23,23,80,0.9905875582064562
car,random,23,23,81,0.9905875582064562
car,random,23,23,82,0.9905875582064562
car,random,23,23,83,0.9905875582064562
car,random,23,23,84,0.9905875582064562
car,random,23,23,85,0.9905875582064562
car,random,23,23,86,0.9905875582064562
car,random,23,23,87,0.9905875582064562
car,random,23,23,88,0.9905875582064562
car,random,23,23,89,0.9905875582064562
car,random,23,23,90,0.9905875582064562
car,random,23,23,91,0.9905875582064562
car,random,23,23,92,0.9905875582064562
car,random,23,23,93,0.9905875582064562
car,random,23,23,94,0.9905875582064562
car,random,23,23,95,0.9905875582064562
car,random,23,23,96,0.9905875582064562
car,random,23,23,97,0.9905875582064562
car,random,23,23,98,0.9905875582064562
car,random,23,23,99,0.9905875582064562
car,random,23,23,100,0.9905875582064562
car,bo_tpe,23,23,1,0.7004342594045937
car,bo_tpe,23,23,2,0.9891408988646472
car,bo_tpe,23,23,3,0.9891408988646472
car,bo_tpe,23,23,4,0.9891408988646472
car,bo_tpe,23,23,5,0.9891408988646472
car,bo_tpe,23,23,6,0.9891408988646472
car,bo_tpe,23,23,7,0.9891408988646472
car,bo_tpe,23,23,8,0.9891408988646472
car,bo_tpe,23,23,9,0.9891408988646472
car,bo_tpe,23,23,10,0.9891408988646472
car,bo_tpe,23,23,11,0.9891408988646472
car,bo_tpe,23,23,12,0.9905875582064562
car,bo_tpe,23,23,13,0.9905875582064562
car,bo_tpe,23,23,14,0.9905875582064562
car,bo_tpe,23,23,15,0.9905875582064562
car,bo_tpe,23,23,16,0.9905875582064562
car,bo_tpe,23,23,17,0.9905875582064562
car,bo_tpe,23,23,18,0.9905875582064562
car,bo_tpe,23,23,19,0.9905875582064562
car,bo_tpe,23,23,20,0.9905875582064562
car,bo_tpe,23,23,21,0.9905875582064562
car,bo_tpe,23,23,22,0.9905875582064562
car,bo_tpe,23,23,23,0.9905875582064562
car,bo_tpe,23,23,24,0.9905875582064562
car,bo_tpe,23,23,25,0.9905875582064562
car,bo_tpe,23,23,26,0.9905875582064562
car,bo_tpe,23,23,27,0.9905875582064562
car,bo_tpe,23,23,28,0.9905875582064562
car,bo_tpe,23,23,29,0.9905875582064562
car,bo_tpe,23,23,30,0.9905875582064562
car,bo_tpe,23,23,31,0.9905875582064562
car,bo_tpe,23,23,32,0.9905875582064562
car,bo_tpe,23,23,33,0.9905875582064562
car,bo_tpe,23,23,34,0.9905875582064562
car,bo_tpe,23,23,35,0.9905875582064562
car,bo_tpe,23,23,36,0.9905875582064562
car,bo_tpe,23,23,37,0.9905875582064562
car,bo_tpe,23,23,38,0.9905875582064562
car,bo_tpe,23,23,39,0.9905875582064562
car,bo_tpe,23,23,40,0.9905875582064562
car,bo_tpe,23,23,41,0.9905875582064562
car,bo_tpe,23,23,42,0.9905875582064562
car,bo_tpe,23,23,43,0.9905875582064562
car,bo_tpe,23,23,44,0.9905875582064562
car,bo_tpe,23,23,45,0.9905875582064562
car,bo_tpe,23,23,46,0.9905875582064562
car,bo_tpe,23,23,47,0.9905875582064562
car,bo_tpe,23,23,48,0.9905875582064562
car,bo_tpe,23,23,49,0.9905875582064562
car,bo_tpe,23,23,50,0.9905875582064562
car,bo_tpe,23,23,51,0.9905875582064562
car,bo_tpe,23,23,52,0.9905875582064562
car,bo_tpe,23,23,53,0.9905875582064562
car,bo_tpe,23,23,54,0.9905875582064562
car,bo_tpe,23,23,55,0.9905875582064562
car,bo_tpe,23,23,56,0.9905875582064562
car,bo_tpe,23,23,57,0.9905875582064562
car,bo_tpe,23,23,58,0.9905875582064562
car,bo_tpe,23,23,59,0.9905875582064562
car,bo_tpe,23,23,60,0.9905875582064562
car,bo_tpe,23,23,61,0.9905875582064562
car,bo_tpe,23,23,62,0.9905875582064562
car,bo_tpe,23,23,63,0.9905875582064562
car,bo_tpe,23,23,64,0.9905875582064562
car,bo_tpe,23,23,65,0.9905875582064562
car,bo_tpe,23,23,66,0.9905875582064562
car,bo_tpe,23,23,67,0.9905875582064562
car,bo_tpe,23,23,68,0.9905875582064562
car,bo_tpe,23,23,69,0.9905875582064562
car,bo_tpe,23,23,70,0.9905875582064562
car,bo_tpe,23,23,71,0.9905875582064562
car,bo_tpe,23,23,72,0.9905875582064562
car,bo_tpe,23,23,73,0.9905875582064562
car,bo_tpe,23,23,74,0.9905875582064562
car,bo_tpe,23,23,75,0.9905875582064562
car,bo_tpe,23,23,76,0.9905875582064562
car,bo_tpe,23,23,77,0.9905875582064562
car,bo_tpe,23,23,78,0.9905875582064562
car,bo_tpe,23,23,79,0.9905875582064562
car,bo_tpe,23,23,80,0.9905875582064562
car,bo_tpe,23,23,81,0.9905875582064562
car,bo_tpe,23,23,82,0.9905875582064562
car,bo_tpe,23,23,83,0.9905875582064562
car,bo_tpe,23,23,84,0.9905875582064562
car,bo_tpe,23,23,85,0.9905875582064562
car,bo_tpe,23,23,86,0.9905875582064562
car,bo_tpe,23,23,87,0.9905875582064562
car,bo_tpe,23,23,88,0.9905875582064562
car,bo_tpe,23,23,89,0.9905875582064562
car,bo_tpe,23,23,90,0.9905875582064562
car,bo_tpe,23,23,91,0.9905875582064562
car,bo_tpe,23,23,92,0.9905875582064562
car,bo_tpe,23,23,93,0.9905875582064562
car,bo_tpe,23,23,94,0.9905875582064562
car,bo_tpe,23,23,95,0.9905875582064562
car,bo_tpe,23,23,96,0.9905875582064562
car,bo_tpe,23,23,97,0.9905875582064562
car,bo_tpe,23,23,98,0.9905875582064562
car,bo_tpe,23,23,99,0.9905875582064562
car,bo_tpe,23,23,100,0.9905875582064562
car,pso,23,23,1,0.8878355046303563
car,pso,23,23,2,0.8878355046303563
car,pso,23,23,3,0.8878355046303563
car,pso,23,23,4,0.8878355046303563
car,pso,23,23,5,0.9334353581332078
car,pso,23,23,6,0.988413645162978
car,pso,23,23,7,0.988413645162978
car,pso,23,23,8,0.988413645162978
car,pso,23,23,9,0.988413645162978
car,pso,23,23,10,0.988413645162978
car,pso,23,23,11,0.988413645162978
car,pso,23,23,12,0.988413645162978
car,pso,23,23,13,0.988413645162978
car,pso,23,23,14,0.988413645162978
car,pso,23,23,15,0.988413645162978
car,pso,23,23,16,0.988413645162978
car,pso,23,23,17,0.988413645162978
car,pso,23,23,18,0.988413645162978
car,pso,23,23,19,0.988413645162978
car,pso,23,23,20,0.9905849421859466
car,pso,23,23,21,0.9905875582064562
car,pso,23,23,22,0.9905875582064562
car,pso,23,23,23,0.9905875582064562
car,pso,23,23,24,0.9905875582064562
car,pso,23,23,25,0.9905875582064562
car,pso,23,23,26,0.9905875582064562
car,pso,23,23,27,0.9905875582064562
car,pso,23,23,28,0.9905875582064562
car,pso,23,23,29,0.9905875582064562
car,pso,23,23,30,0.9905875582064562
car,pso,23,23,31,0.9905875582064562
car,pso,23,23,32,0.9905875582064562
car,pso,23,23,33,0.9905875582064562
car,pso,23,23,34,0.9905875582064562
car,pso,23,23,35,0.9905875582064562
car,pso,23,23,36,0.9905875582064562
car,pso,23,23,37,0.9905875582064562
car,pso,23,23,38,0.9905875582064562
car,pso,23,23,39,0.9905875582064562
car,pso,23,23,40,0.9905875582064562
car,pso,23,23,41,0.9905875582064562
car,pso,23,23,42,0.9905875582064562
car,pso,23,23,43,0.9905875582064562
car,pso,23,23,44,0.9905875582064562
car,pso,23,23,45,0.9905875582064562
car,pso,23,23,46,0.9905875582064562
car,pso,23,23,47,0.9905875582064562
car,pso,23,23,48,0.9905875582064562
car,pso,23,23,49,0.9905875582064562
car,pso,23,23,50,0.9905875582064562
car,pso,23,23,51,0.9905875582064562
car,pso,23,23,52,0.9905875582064562
car,pso,23,23,53,0.9905875582064562
car,pso,23,23,54,0.9905875582064562
car,pso,23,23,55,0.9905875582064562
car,pso,23,23,56,0.9905875582064562
car,pso,23,23,57,0.9905875582064562
car,pso,23,23,58,0.9905875582064562
car,pso,23,23,59,0.9905875582064562
car,pso,23,23,60,0.9905875582064562
car,pso,23,23,61,0.9905875582064562
car,pso,23,23,62,0.9905875582064562
car,pso,23,23,63,0.9905875582064562
car,pso,23,23,64,0.9905875582064562
car,pso,23,23,65,0.9905875582064562
car,pso,23,23,66,0.9905875582064562
car,pso,23,23,67,0.9905875582064562
car,pso,23,23,68,0.9905875582064562
car,pso,23,23,69,0.9905875582064562
car,pso,23,23,70,0.9905875582064562
car,pso,23,23,71,0.9905875582064562
car,pso,23,23,72,0.9905875582064562
car,pso,23,23,73,0.9905875582064562
car,pso,23,23,74,0.9905875582064562
car,pso,23,23,75,0.9905875582064562
car,pso,23,23,76,0.9905875582064562
car,pso,23,23,77,0.9905875582064562
car,pso,23,23,78,0.9905875582064562
car,pso,23,23,79,0.9905875582064562
car,pso,23,23,80,0.9905875582064562
car,pso,23,23,81,0.9905875582064562
car,pso,23,23,82,0.9905875582064562
car,pso,23,23,83,0.9905875582064562
car,pso,23,23,84,0.9905875582064562
car,pso,23,23,85,0.9905875582064562
car,pso,23,23,86,0.9905875582064562
car,pso,23,23,87,0.9905875582064562
car,pso,23,23,88,0.9905875582064562
car,pso,23,23,89,0.9905875582064562
car,pso,23,23,90,0.9905875582064562
car,pso,23,23,91,0.9905875582064562
car,pso,23,23,92,0.9905875582064562
car,pso,23,23,93,0.9905875582064562
car,pso,23,23,94,0.9905875582064562
car,pso,23,23,95,0.9905875582064562
car,pso,23,23,96,0.9905875582064562
car,pso,23,23,97,0.9905875582064562
car,pso,23,23,98,0.9905875582064562
car,pso,23,23,99,0.9905875582064562
car,pso,23,23,100,0.9905875582064562
car,de,23,23,1,0.9797310730916131
car,de,23,23,2,0.9797310730916131
car,de,23,23,3,0.9797310730916131
car,de,23,23,4,0.9797310730916131
car,de,23,23,5,0.9884162611834878
car,de,23,23,6,0.9884162611834878
car,de,23,23,7,0.9884162611834878
car,de,23,23,8,0.9884162611834878
car,de,23,23,9,0.9884162611834878
car,de,23,23,10,0.9884162611834878
car,de,23,23,11,0.9884162611834878
car,de,23,23,12,0.9884162611834878
car,de,23,23,13,0.9884162611834878
car,de,23,23,14,0.9884162611834878
car,de,23,23,15,0.9884162611834878
car,de,23,23,16,0.9884162611834878
car,de,23,23,17,0.9884162611834878
car,de,23,23,18,0.9884162611834878
car,de,23,23,19,0.9884162611834878
car,de,23,23,20,0.9884162611834878
car,de,23,23,21,0.9884162611834878
car,de,23,23,22,0.9884162611834878
car,de,23,23,23,0.9884162611834878
car,de,23,23,24,0.9884162611834878
car,de,23,23,25,0.9884162611834878
car,de,23,23,26,0.9884162611834878
car,de,23,23,27,0.9884162611834878
car,de,23,23,28,0.9884162611834878
car,de,23,23,29,0.9884162611834878
car,de,23,23,30,0.9884162611834878
car,de,23,23,31,0.9884162611834878
car,de,23,23,32,0.9884162611834878
car,de,23,23,33,0.9884162611834878
car,de,23,23,34,0.9884162611834878
car,de,23,23,35,0.9884162611834878
car,de,23,23,36,0.9891408988646472
car,de,23,23,37,0.9891408988646472
car,de,23,23,38,0.9891408988646472
car,de,23,23,39,0.9891408988646472
car,de,23,23,40,0.9891408988646472
car,de,23,23,41,0.9891408988646472
car,de,23,23,42,0.9891408988646472
car,de,23,23,43,0.9891408988646472
car,de,23,23,44,0.9891408988646472
car,de,23,23,45,0.9891408988646472
car,de,23,23,46,0.9891408988646472
car,de,23,23,47,0.9891408988646472
car,de,23,23,48,0.9891408988646472
car,de,23,23,49,0.9891408988646472
car,de,23,23,50,0.9891408988646472
car,de,23,23,51,0.9891408988646472
car,de,23,23,52,0.9891408988646472
car,de,23,23,53,0.9891408988646472
car,de,23,23,54,0.9891408988646472
car,de,23,23,55,0.9891408988646472
car,de,23,23,56,0.9891408988646472
car,de,23,23,57,0.9891408988646472
car,de,23,23,58,0.9891408988646472
car,de,23,23,59,0.9905875582064562
car,de,23,23,60,0.9905875582064562
car,de,23,23,61,0.9905875582064562
car,de,23,23,62,0.9905875582064562
car,de,23,23,63,0.9905875582064562
car,de,23,23,64,0.9905875582064562
car,de,23,23,65,0.9905875582064562
car,de,23,23,66,0.9905875582064562
car,de,23,23,67,0.9905875582064562
car,de,23,23,68,0.9905875582064562
car,de,23,23,69,0.9905875582064562
car,de,23,23,70,0.9905875582064562
car,de,23,23,71,0.9905875582064562
car,de,23,23,72,0.9905875582064562
car,de,23,23,73,0.9905875582064562
car,de,23,23,74,0.9905875582064562
car,de,23,23,75,0.9905875582064562
car,de,23,23,76,0.9905875582064562
car,de,23,23,77,0.9905875582064562
car,de,23,23,78,0.9905875582064562
car,de,23,23,79,0.9905875582064562
car,de,23,23,80,0.9905875582064562
car,de,23,23,81,0.9905875582064562
car,de,23,23,82,0.9905875582064562
car,de,23,23,83,0.9905875582064562
car,de,23,23,84,0.9905875582064562
car,de,23,23,85,0.9905875582064562
car,de,23,23,86,0.9905875582064562
car,de,23,23,87,0.9905875582064562
car,de,23,23,88,0.9905875582064562
car,de,23,23,89,0.9905875582064562
car,de,23,23,90,0.9905875582064562
car,de,23,23,91,0.9905875582064562
car,de,23,23,92,0.9905875582064562
car,de,23,23,93,0.9905875582064562
car,de,23,23,94,0.9905875582064562
car,de,23,23,95,0.9905875582064562
car,de,23,23,96,0.9905875582064562
car,de,23,23,97,0.9905875582064562
car,de,23,23,98,0.9905875582064562
car,de,23,23,99,0.9905875582064562
car,de,23,23,100,0.9905875582064562
car,ga,23,23,1,0.9797310730916131
car,ga,23,23,2,0.9797310730916131
car,ga,23,23,3,0.9797310730916131
car,ga,23,23,4,0.9797310730916131
car,ga,23,23,5,0.9884162611834878
car,ga,23,23,6,0.9884162611834878
car,ga,23,23,7,0.9884162611834878
car,ga,23,23,8,0.9884162611834878
car,ga,23,23,9,0.9884162611834878
car,ga,23,23,10,0.9884162611834878
car,ga,23,23,11,0.9884162611834878
car,ga,23,23,12,0.9884162611834878
car,ga,23,23,13,0.9884162611834878
car,ga,23,23,14,0.9884162611834878
car,ga,23,23,15,0.9884162611834878
car,ga,23,23,16,0.9884162611834878
car,ga,23,23,17,0.9884162611834878
car,ga,23,23,18,0.9884162611834878
car,ga,23,23,19,0.9884162611834878
car,ga,23,23,20,0.9884162611834878
car,ga,23,23,21,0.9884162611834878
car,ga,23,23,22,0.9884162611834878
car,ga,23,23,23,0.9884162611834878
car,ga,23,23,24,0.9884162611834878
car,ga,23,23,25,0.9884162611834878
car,ga,23,23,26,0.9884162611834878
car,ga,23,23,27,0.9884162611834878
car,ga,23,23,28,0.9884162611834878
car,ga,23,23,29,0.9884162611834878
car,ga,23,23,30,0.9884162611834878
car,ga,23,23,31,0.9884162611834878
car,ga,23,23,32,0.9884162611834878
car,ga,23,23,33,0.9884162611834878
car,ga,23,23,34,0.9884162611834878
car,ga,23,23,35,0.9905875582064562
car,ga,23,23,36,0.9905875582064562
car,ga,23,23,37,0.9905875582064562
car,ga,23,23,38,0.9905875582064562
car,ga,23,23,39,0.9905875582064562
car,ga,23,23,40,0.9905875582064562
car,ga,23,23,41,0.9905875582064562
car,ga,23,23,42,0.9905875582064562
car,ga,23,23,43,0.9905875582064562
car,ga,23,23,44,0.9905875582064562
car,ga,23,23,45,0.9905875582064562
car,ga,23,23,46,0.9905875582064562
car,ga,23,23,47,0.9905875582064562
car,ga,23,23,48,0.9905875582064562
car,ga,23,23,49,0.9905875582064562
car,ga,23,23,50,0.9905875582064562
car,ga,23,23,51,0.9905875582064562
car,ga,23,23,52,0.9905875582064562
car,ga,23,23,53,0.9905875582064562
car,ga,23,23,54,0.9905875582064562
car,ga,23,23,55,0.9905875582064562
car,ga,23,23,56,0.9905875582064562
car,ga,23,23,57,0.9905875582064562
car,ga,23,23,58,0.9905875582064562
car,ga,23,23,59,0.9905875582064562
car,ga,23,23,60,0.9905875582064562
car,ga,23,23,61,0.9905875582064562
car,ga,23,23,62,0.9905875582064562
car,ga,23,23,63,0.9905875582064562
car,ga,23,23,64,0.9905875582064562
car,ga,23,23,65,0.9905875582064562
car,ga,23,23,66,0.9905875582064562
car,ga,23,23,67,0.9905875582064562
car,ga,23,23,68,0.9905875582064562
car,ga,23,23,69,0.9905875582064562
car,ga,23,23,70,0.9905875582064562
car,ga,23,23,71,0.9905875582064562
car,ga,23,23,72,0.9905875582064562
car,ga,23,23,73,0.9905875582064562
car,ga,23,23,74,0.9905875582064562
car,ga,23,23,75,0.9905875582064562
car,ga,23,23,76,0.9905875582064562
car,ga,23,23,77,0.9905875582064562
car,ga,23,23,78,0.9905875582064562
car,ga,23,23,79,0.9905875582064562
car,ga,23,23,80,0.9905875582064562
car,ga,23,23,81,0.9905875582064562
car,ga,23,23,82,0.9905875582064562
car,ga,23,23,83,0.9905875582064562
car,ga,23,23,84,0.9905875582064562
car,ga,23,23,85,0.9905875582064562
car,ga,23,23,86,0.9905875582064562
car,ga,23,23,87,0.9905875582064562
car,ga,23,23,88,0.9905875582064562
car,ga,23,23,89,0.9905875582064562
car,ga,23,23,90,0.9905875582064562
car,ga,23,23,91,0.9905875582064562
car,ga,23,23,92,0.9905875582064562
car,ga,23,23,93,0.9905875582064562
car,ga,23,23,94,0.9905875582064562
car,ga,23,23,95,0.9905875582064562
car,ga,23,23,96,0.9905875582064562
car,ga,23,23,97,0.9905875582064562
car,ga,23,23,98,0.9905875582064562
car,ga,23,23,99,0.9905875582064562
car,ga,23,23,100,0.9905875582064562
car,sa,23,23,1,0.7004342594045937
car,sa,23,23,2,0.7004342594045937
car,sa,23,23,3,0.7004342594045937
car,sa,23,23,4,0.7004342594045937
car,sa,23,23,5,0.7004342594045937
car,sa,23,23,6,0.7004342594045937
car,sa,23,23,7,0.7004342594045937
car,sa,23,23,8,0.7004342594045937
car,sa,23,23,9,0.7004342594045937
car,sa,23,23,10,0.7004342594045937
car,sa,23,23,11,0.7004342594045937
car,sa,23,23,12,0.7004342594045937
car,sa,23,23,13,0.7004342594045937
car,sa,23,23,14,0.7004342594045937
car,sa,23,23,15,0.7004342594045937
car,sa,23,23,16,0.7004342594045937
car,sa,23,23,17,0.7004342594045937
car,sa,23,23,18,0.7004342594045937
car,sa,23,23,19,0.7004342594045937
car,sa,23,23,20,0.7004342594045937
car,sa,23,23,21,0.7004342594045937
car,sa,23,23,22,0.7004342594045937
car,sa,23,23,23,0.7004342594045937
car,sa,23,23,24,0.7004342594045937
car,sa,23,23,25,0.7004342594045937
car,sa,23,23,26,0.7004342594045937
car,sa,23,23,27,0.7004342594045937
car,sa,23,23,28,0.7004342594045937
car,sa,23,23,29,0.908107047559253
car,sa,23,23,30,0.908107047559253
car,sa,23,23,31,0.908107047559253
car,sa,23,23,32,0.9630931826505519
car,sa,23,23,33,0.9630931826505519
car,sa,23,23,34,0.9876890074818186
car,sa,23,23,35,0.9876890074818186
car,sa,23,23,36,0.9876890074818186
car,sa,23,23,37,0.9876890074818186
car,sa,23,23,38,0.9876890074818186
car,sa,23,23,39,0.9905849421859466
car,sa,23,23,40,0.9905849421859466
car,sa,23,23,41,0.9905849421859466
car,sa,23,23,42,0.9905849421859466
car,sa,23,23,43,0.9905849421859466
car,sa,23,23,44,0.9905849421859466
car,sa,23,23,45,0.9905849421859466
car,sa,23,23,46,0.9905849421859466
car,sa,23,23,47,0.9905875582064562
car,sa,23,23,48,0.9905875582064562
car,sa,23,23,49,0.9905875582064562
car,sa,23,23,50,0.9905875582064562
car,sa,23,23,51,0.9905875582064562
car,sa,23,23,52,0.9905875582064562
car,sa,23,23,53,0.9905875582064562
car,sa,23,23,54,0.9905875582064562
car,sa,23,23,55,0.9905875582064562
car,sa,23,23,56,0.9905875582064562
car,sa,23,23,57,0.9905875582064562
car,sa,23,23,58,0.9905875582064562
car,sa,23,23,59,0.9905875582064562
car,sa,23,23,60,0.9905875582064562
car,sa,23,23,61,0.9905875582064562
car,sa,23,23,62,0.9905875582064562
car,sa,23,23,63,0.9905875582064562
car,sa,23,23,64,0.9905875582064562
car,sa,23,23,65,0.9905875582064562
car,sa,23,23,66,0.9905875582064562
car,sa,23,23,67,0.9905875582064562
car,sa,23,23,68,0.9905875582064562
car,sa,23,23,69,0.9905875582064562
car,sa,23,23,70,0.9905875582064562
car,sa,23,23,71,0.9905875582064562
car,sa,23,23,72,0.9905875582064562
car,sa,23,23,73,0.9905875582064562
car,sa,23,23,74,0.9905875582064562
car,sa,23,23,75,0.9905875582064562
car,sa,23,23,76,0.9905875582064562
car,sa,23,23,77,0.9905875582064562
car,sa,23,23,78,0.9905875582064562
car,sa,23,23,79,0.9905875582064562
car,sa,23,23,80,0.9905875582064562
car,sa,23,23,81,0.9905875582064562
car,sa,23,23,82,0.9905875582064562
car,sa,23,23,83,0.9905875582064562
car,sa,23,23,84,0.9905875582064562
car,sa,23,23,85,0.9905875582064562
car,sa,23,23,86,0.9905875582064562
car,sa,23,23,87,0.9905875582064562
car,sa,23,23,88,0.9905875582064562
car,sa,23,23,89,0.9905875582064562
car,sa,23,23,90,0.9905875582064562
car,sa,23,23,91,0.9905875582064562
car,sa,23,23,92,0.9905875582064562
car,sa,23,23,93,0.9905875582064562
car,sa,23,23,94,0.9905875582064562
car,sa,23,23,95,0.9905875582064562
car,sa,23,23,96,0.9905875582064562
car,sa,23,23,97,0.9905875582064562
car,sa,23,23,98,0.9905875582064562
car,sa,23,23,99,0.9905875582064562
car,sa,23,23,100,0.9905875582064562
car,grid,24,24,1,0.7004342594045937
car,grid,24,24,2,0.7004342594045937
car,grid,24,24,3,0.7004342594045937
car,grid,24,24,4,0.7004342594045937
car,grid,24,24,5,0.7004342594045937
car,grid,24,24,6,0.7004342594045937
car,grid,24,24,7,0.7004342594045937
car,grid,24,24,8,0.7004342594045937
car,grid,24,24,9,0.7004342594045937
car,grid,24,24,10,0.7004342594045937
car,grid,24,24,11,0.7004342594045937
car,grid,24,24,12,0.7004342594045937
car,grid,24,24,13,0.7004342594045937
car,grid,24,24,14,0.7004342594045937
car,grid,24,24,15,0.7004342594045937
car,grid,24,24,16,0.8097106681316382
car,grid,24,24,17,0.8097106681316382
car,grid,24,24,18,0.8097106681316382
car,grid,24,24,19,0.8097106681316382
car,grid,24,24,20,0.8097106681316382
car,grid,24,24,21,0.8097106681316382
car,grid,24,24,22,0.8097106681316382
car,grid,24,24,23,0.8097106681316382
car,grid,24,24,24,0.8097106681316382
car,grid,24,24,25,0.8697404907654477
car,grid,24,24,26,0.9319913148119081
car,grid,24,24,27,0.9319913148119081
car,grid,24,24,28,0.9319913148119081
car,grid,24,24,29,0.9319913148119081
car,grid,24,24,30,0.9319913148119081
car,grid,24,24,31,0.9319913148119081
car,grid,24,24,32,0.9319913148119081
car,grid,24,24,33,0.9319913148119081
car,grid,24,24,34,0.9319913148119081
car,grid,24,24,35,0.9450086328676818
car,grid,24,24,36,0.9761157327473449
car,grid,24,24,37,0.9761157327473449
car,grid,24,24,38,0.9761157327473449
car,grid,24,24,39,0.9761157327473449
car,grid,24,24,40,0.9761157327473449
car,grid,24,24,41,0.9761157327473449
car,grid,24,24,42,0.9761157327473449
car,grid,24,24,43,0.9761157327473449
car,grid,24,24,44,0.9761157327473449
car,grid,24,24,45,0.9761157327473449
car,grid,24,24,46,0.988413645162978
car,grid,24,24,47,0.988413645162978
car,grid,24,24,48,0.988413645162978
car,grid,24,24,49,0.988413645162978
car,grid,24,24,50,0.988413645162978
car,grid,24,24,51,0.988413645162978
car,grid,24,24,52,0.988413645162978
car,grid,24,24,53,0.988413645162978
car,grid,24,24,54,0.988413645162978
car,grid,24,24,55,0.988413645162978
car,grid,24,24,56,0.988413645162978
car,grid,24,24,57,0.988413645162978
car,grid,24,24,58,0.988413645162978
car,grid,24,24,59,0.988413645162978
car,grid,24,24,60,0.988413645162978
car,grid,24,24,61,0.988413645162978
car,grid,24,24,62,0.988413645162978
car,grid,24,24,63,0.988413645162978
car,grid,24,24,64,0.988413645162978
car,grid,24,24,65,0.988413645162978
car,grid,24,24,66,0.988413645162978
car,grid,24,24,67,0.988413645162978
car,grid,24,24,68,0.988413645162978
car,grid,24,24,69,0.988413645162978
car,grid,24,24,70,0.988413645162978
car,grid,24,24,71,0.988413645162978
car,grid,24,24,72,0.988413645162978
car,grid,24,24,73,0.988413645162978
car,grid,24,24,74,0.988413645162978
car,grid,24,24,75,0.988413645162978
car,grid,24,24,76,0.988413645162978
car,grid,24,24,77,0.988413645162978
car,grid,24,24,78,0.988413645162978
car,grid,24,24,79,0.988413645162978
car,grid,24,24,80,0.988413645162978
car,grid,24,24,81,0.988413645162978
car,grid,24,24,82,0.988413645162978
car,grid,24,24,83,0.988413645162978
car,grid,24,24,84,0.988413645162978
car,grid,24,24,85,0.988413645162978
car,grid,24,24,86,0.988413645162978
car,grid,24,24,87,0.988413645162978
car,grid,24,24,88,0.988413645162978
car,grid,24,24,89,0.988413645162978
car,grid,24,24,90,0.988413645162978
car,grid,24,24,91,0.988413645162978
car,grid,24,24,92,0.988413645162978
car,grid,24,24,93,0.988413645162978
car,grid,24,24,94,0.988413645162978
car,grid,24,24,95,0.988413645162978
car,grid,24,24,96,0.988413645162978
car,grid,24,24,97,0.988413645162978
car,grid,24,24,98,0.988413645162978
car,grid,24,24,99,0.988413645162978
car,grid,24,24,100,0.988413645162978
car,random,24,24,1,0.9124522576256998
car,random,24,24,2,0.9847930727776906
car,random,24,24,3,0.9847930727776906
car,random,24,24,4,0.9847930727776906
car,random,24,24,5,0.9847930727776906
car,random,24,24,6,0.9847930727776906
car,random,24,24,7,0.9847930727776906
car,random,24,24,8,0.9847930727776906
car,random,24,24,9,0.988413645162978
car,random,24,24,10,0.988413645162978
car,random,24,24,11,0.988413645162978
car,random,24,24,12,0.988413645162978
car,random,24,24,13,0.988413645162978
car,random,24,24,14,0.988413645162978
car,random,24,24,15,0.988413645162978
car,random,24,24,16,0.988413645162978
car,random,24,24,17,0.9905849421859466
car,random,24,24,18,0.9905875582064562
car,random,24,24,19,0.9905875582064562
car,random,24,24,20,0.9905875582064562
car,random,24,24,21,0.9905875582064562
car,random,24,24,22,0.9905875582064562
car,random,24,24,23,0.9905875582064562
car,random,24,24,24,0.9905875582064562
car,random,24,24,25,0.9905875582064562
car,random,24,24,26,0.9905875582064562
car,random,24,24,27,0.9905875582064562
car,random,24,24,28,0.9905875582064562
car,random,24,24,29,0.9905875582064562
car,random,24,24,30,0.9905875582064562
car,random,24,24,31,0.9905875582064562
car,random,24,24,32,0.9905875582064562
car,random,24,24,33,0.9905875582064562
car,random,24,24,34,0.9905875582064562
car,random,24,24,35,0.9905875582064562
car,random,24,24,36,0.9905875582064562
car,random,24,24,37,0.9905875582064562
car,random,24,24,38,0.9905875582064562
car,random,24,24,39,0.9905875582064562
car,random,24,24,40,0.9905875582064562
car,random,24,24,41,0.9905875582064562
car,random,24,24,42,0.9905875582064562
car,random,24,24,43,0.9905875582064562
car,random,24,24,44,0.9905875582064562
car,random,24,24,45,0.9905875582064562
car,random,24,24,46,0.9905875582064562
car,random,24,24,47,0.9905875582064562
car,random,24,24,48,0.9905875582064562
car,random,24,24,49,0.9905875582064562
car,random,24,24,50,0.9905875582064562
car,random,24,24,51,0.9905875582064562
car,random,24,24,52,0.9905875582064562
car,random,24,24,53,0.9905875582064562
car,random,24,24,54,0.9905875582064562
car,random,24,24,55,0.9905875582064562
car,random,24,24,56,0.9905875582064562
car,random,24,24,57,0.9905875582064562
car,random,24,24,58,0.9905875582064562
car,random,24,24,59,0.9905875582064562
car,random,24,24,60,0.9905875582064562
car,random,24,24,61,0.9905875582064562
car,random,24,24,62,0.9905875582064562
car,random,24,24,63,0.9905875582064562
car,random,24,24,64,0.9905875582064562
car,random,24,24,65,0.9905875582064562
car,random,24,24,66,0.9905875582064562
car,random,24,24,67,0.9905875582064562
car,random,24,24,68,0.9905875582064562
car,random,24,24,69,0.9905875582064562
car,random,24,24,70,0.9905875582064562
car,random,24,24,71,0.9905875582064562
car,random,24,24,72,0.9905875582064562
car,random,24,24,73,0.9905875582064562
car,random,24,24,74,0.9905875582064562
car,random,24,24,75,0.9905875582064562
car,random,24,24,76,0.9905875582064562
car,random,24,24,77,0.9905875582064562
car,random,24,24,78,0.9905875582064562
car,random,24,24,79,0.9905875582064562
car,random,24,24,80,0.9905875582064562
car,random,24,24,81,0.9905875582064562
car,random,24,24,82,0.9905875582064562
car,random,24,24,83,0.9905875582064562
car,random,24,24,84,0.9905875582064562
car,random,24,24,85,0.9905875582064562
car,random,24,24,86,0.9905875582064562
car,random,24,24,87,0.9905875582064562
car,random,24,24,88,0.9905875582064562
car,random,24,24,89,0.9905875582064562
car,random,24,24,90,0.9905875582064562
car,random,24,24,91,0.9905875582064562
car,random,24,24,92,0.9905875582064562
car,random,24,24,93,0.9905875582064562
car,random,24,24,94,0.9905875582064562
car,random,24,24,95,0.9905875582064562
car,random,24,24,96,0.9905875582064562
car,random,24,24,97,0.9905875582064562
car,random,24,24,98,0.9905875582064562
car,random,24,24,99,0.9905875582064562
car,random,24,24,100,0.9905875582064562
car,bo_tpe,24,24,1,0.9124522576256998
car,bo_tpe,24,24,2,0.9847930727776906
car,bo_tpe,24,24,3,0.9847930727776906
car,bo_tpe,24,24,4,0.9847930727776906
car,bo_tpe,24,24,5,0.9847930727776906
car,bo_tpe,24,24,6,0.9847930727776906
car,bo_tpe,24,24,7,0.9847930727776906
car,bo_tpe,24,24,8,0.9847930727776906
car,bo_tpe,24,24,9,0.988413645162978
car,bo_tpe,24,24,10,0.988413645162978
car,bo_tpe,24,24,11,0.988413645162978
car,bo_tpe,24,24,12,0.9891356668236279
car,bo_tpe,24,24,13,0.9891356668236279
car,bo_tpe,24,24,14,0.9898629205252968
car,bo_tpe,24,24,15,0.9905875582064562
car,bo_tpe,24,24,16,0.9905875582064562
car,bo_tpe,24,24,17,0.9905875582064562
car,bo_tpe,24,24,18,0.9905875582064562
car,bo_tpe,24,24,19,0.9905875582064562
car,bo_tpe,24,24,20,0.9905875582064562
car,bo_tpe,24,24,21,0.9905875582064562
car,bo_tpe,24,24,22,0.9905875582064562
car,bo_tpe,24,24,23,0.9905875582064562
car,bo_tpe,24,24,24,0.9905875582064562
car,bo_tpe,24,24,25,0.9905875582064562
car,bo_tpe,24,24,26,0.9905875582064562
car,bo_tpe,24,24,27,0.9905875582064562
car,bo_tpe,24,24,28,0.9905875582064562
car,bo_tpe,24,24,29,0.9905875582064562
car,bo_tpe,24,24,30,0.9905875582064562
car,bo_tpe,24,24,31,0.9905875582064562
car,bo_tpe,24,24,32,0.9905875582064562
car,bo_tpe,24,24,33,0.9905875582064562
car,bo_tpe,24,24,34,0.9905875582064562
car,bo_tpe,24,24,35,0.9905875582064562
car,bo_tpe,24,24,36,0.9905875582064562
car,bo_tpe,24,24,37,0.9905875582064562
car,bo_tpe,24,24,38,0.9905875582064562
car,bo_tpe,24,24,39,0.9905875582064562
car,bo_tpe,24,24,40,0.9905875582064562
car,bo_tpe,24,24,41,0.9905875582064562
car,bo_tpe,24,24,42,0.9905875582064562
car,bo_tpe,24,24,43,0.9905875582064562
car,bo_tpe,24,24,44,0.9905875582064562
car,bo_tpe,24,24,45,0.9905875582064562
car,bo_tpe,24,24,46,0.9905875582064562
car,bo_tpe,24,24,47,0.9905875582064562
car,bo_tpe,24,24,48,0.9905875582064562
car,bo_tpe,24,24,49,0.9905875582064562
car,bo_tpe,24,24,50,0.9905875582064562
car,bo_tpe,24,24,51,0.9905875582064562
car,bo_tpe,24,24,52,0.9905875582064562
car,bo_tpe,24,24,53,0.9905875582064562
car,bo_tpe,24,24,54,0.9905875582064562
car,bo_tpe,24,24,55,0.9905875582064562
car,bo_tpe,24,24,56,0.9905875582064562
car,bo_tpe,24,24,57,0.9905875582064562
car,bo_tpe,24,24,58,0.9905875582064562
car,bo_tpe,24,24,59,0.9905875582064562
car,bo_tpe,24,24,60,0.9905875582064562
car,bo_tpe,24,24,61,0.9905875582064562
car,bo_tpe,24,24,62,0.9905875582064562
car,bo_tpe,24,24,63,0.9905875582064562
car,bo_tpe,24,24,64,0.9905875582064562
car,bo_tpe,24,24,65,0.9905875582064562
car,bo_tpe,24,24,66,0.9905875582064562
car,bo_tpe,24,24,67,0.9905875582064562
car,bo_tpe,24,24,68,0.9905875582064562
car,bo_tpe,24,24,69,0.9905875582064562
car,bo_tpe,24,24,70,0.9905875582064562
car,bo_tpe,24,24,71,0.9905875582064562
car,bo_tpe,24,24,72,0.9905875582064562
car,bo_tpe,24,24,73,0.9905875582064562
car,bo_tpe,24,24,74,0.9905875582064562
car,bo_tpe,24,24,75,0.9905875582064562
car,bo_tpe,24,24,76,0.9905875582064562
car,bo_tpe,24,24,77,0.9905875582064562
car,bo_tpe,24,24,78,0.9905875582064562
car,bo_tpe,24,24,79,0.9905875582064562
car,bo_tpe,24,24,80,0.9905875582064562
car,bo_tpe,24,24,81,0.9905875582064562
car,bo_tpe,24,24,82,0.9905875582064562
car,bo_tpe,24,24,83,0.9905875582064562
car,bo_tpe,24,24,84,0.9905875582064562
car,bo_tpe,24,24,85,0.9905875582064562
car,bo_tpe,24,24,86,0.9905875582064562
car,bo_tpe,24,24,87,0.9905875582064562
car,bo_tpe,24,24,88,0.9905875582064562
car,bo_tpe,24,24,89,0.9905875582064562
car,bo_tpe,24,24,90,0.9905875582064562
car,bo_tpe,24,24,91,0.9905875582064562
car,bo_tpe,24,24,92,0.9905875582064562
car,bo_tpe,24,24,93,0.9905875582064562
car,bo_tpe,24,24,94,0.9905875582064562
car,bo_tpe,24,24,95,0.9905875582064562
car,bo_tpe,24,24,96,0.9905875582064562
car,bo_tpe,24,24,97,0.9905875582064562
car,bo_tpe,24,24,98,0.9905875582064562
car,bo_tpe,24,24,99,0.9905875582064562
car,bo_tpe,24,24,100,0.9905875582064562
car,pso,24,24,1,0.7004342594045937
car,pso,24,24,2,0.9855203264793596
car,pso,24,24,3,0.9855203264793596
car,pso,24,24,4,0.9855203264793596
car,pso,24,24,5,0.9855203264793596
car,pso,24,24,6,0.9855203264793596
car,pso,24,24,7,0.9855203264793596
car,pso,24,24,8,0.9891382828441374
car,pso,24,24,9,0.9891382828441374
car,pso,24,24,10,0.9891382828441374
car,pso,24,24,11,0.9891382828441374
car,pso,24,24,12,0.9891382828441374
car,pso,24,24,13,0.9891382828441374
car,pso,24,24,14,0.9891382828441374
car,pso,24,24,15,0.9891382828441374
car,pso,24,24,16,0.9891382828441374
car,pso,24,24,17,0.9891382828441374
car,pso,24,24,18,0.9891382828441374
car,pso,24,24,19,0.9891382828441374
car,pso,24,24,20,0.9891382828441374
car,pso,24,24,21,0.9891382828441374
car,pso,24,24,22,0.9891382828441374
car,pso,24,24,23,0.9891408988646472
car,pso,24,24,24,0.9891408988646472
car,pso,24,24,25,0.9891408988646472
car,pso,24,24,26,0.9891408988646472
car,pso,24,24,27,0.9891408988646472
car,pso,24,24,28,0.9891408988646472
car,pso,24,24,29,0.9891408988646472
car,pso,24,24,30,0.9905875582064562
car,pso,24,24,31,0.9905875582064562
car,pso,24,24,32,0.9905875582064562
car,pso,24,24,33,0.9905875582064562
car,pso,24,24,34,0.9905875582064562
car,pso,24,24,35,0.9905875582064562
car,pso,24,24,36,0.9905875582064562
car,pso,24,24,37,0.9905875582064562
car,pso,24,24,38,0.9905875582064562
car,pso,24,24,39,0.9905875582064562
car,pso,24,24,40,0.9905875582064562
car,pso,24,24,41,0.9905875582064562
car,pso,24,24,42,0.9905875582064562
car,pso,24,24,43,0.9905875582064562
car,pso,24,24,44,0.9905875582064562
car,pso,24,24,45,0.9905875582064562
car,pso,24,24,46,0.9905875582064562
car,pso,24,24,47,0.9905875582064562
car,pso,24,24,48,0.9905875582064562
car,pso,24,24,49,0.9905875582064562
car,pso,24,24,50,0.9905875582064562
car,pso,24,24,51,0.9905875582064562
car,pso,24,24,52,0.9905875582064562
car,pso,24,24,53,0.9905875582064562
car,pso,24,24,54,0.9905875582064562
car,pso,24,24,55,0.9905875582064562
car,pso,24,24,56,0.9905875582064562
car,pso,24,24,57,0.9905875582064562
car,pso,24,24,58,0.9905875582064562
car,pso,24,24,59,0.9905875582064562
car,pso,24,24,60,0.9905875582064562
car,pso,24,24,61,0.9905875582064562
car,pso,24,24,62,0.9905875582064562
car,pso,24,24,63,0.9905875582064562
car,pso,24,24,64,0.9905875582064562
car,pso,24,24,65,0.9905875582064562
car,pso,24,24,66,0.9905875582064562
car,pso,24,24,67,0.9905875582064562
car,pso,24,24,68,0.9905875582064562
car,pso,24,24,69,0.9905875582064562
car,pso,24,24,70,0.9905875582064562
car,pso,24,24,71,0.9905875582064562
car,pso,24,24,72,0.9905875582064562
car,pso,24,24,73,0.9905875582064562
car,pso,24,24,74,0.9905875582064562
car,pso,24,24,75,0.9905875582064562
car,pso,24,24,76,0.9905875582064562
car,pso,24,24,77,0.9905875582064562
car,pso,24,24,78,0.9905875582064562
car,pso,24,24,79,0.9905875582064562
car,pso,24,24,80,0.9905875582064562
car,pso,24,24,81,0.9905875582064562
car,pso,24,24,82,0.9905875582064562
car,pso,24,24,83,0.9905875582064562
car,pso,24,24,84,0.9905875582064562
car,pso,24,24,85,0.9905875582064562
car,pso,24,24,86,0.9905875582064562
car,pso,24,24,87,0.9905875582064562
car,pso,24,24,88,0.9905875582064562
car,pso,24,24,89,0.9905875582064562
car,pso,24,24,90,0.9905875582064562
car,pso,24,24,91,0.9905875582064562
car,pso,24,24,92,0.9905875582064562
car,pso,24,24,93,0.9905875582064562
car,pso,24,24,94,0.9905875582064562
car,pso,24,24,95,0.9905875582064562
car,pso,24,24,96,0.9905875582064562
car,pso,24,24,97,0.9905875582064562
car,pso,24,24,98,0.9905875582064562
car,pso,24,24,99,0.9905875582064562
car,pso,24,24,100,0.9905875582064562
car,de,24,24,1,0.9218463872756762
car,de,24,24,2,0.9905875582064562
car,de,24,24,3,0.9905875582064562
car,de,24,24,4,0.9905875582064562
car,de,24,24,5,0.9905875582064562
car,de,24,24,6,0.9905875582064562
car,de,24,24,7,0.9905875582064562
car,de,24,24,8,0.9905875582064562
car,de,24,24,9,0.9905875582064562
car,de,24,24,10,0.9905875582064562
car,de,24,24,11,0.9905875582064562
car,de,24,24,12,0.9905875582064562
car,de,24,24,13,0.9905875582064562
car,de,24,24,14,0.9905875582064562
car,de,24,24,15,0.9905875582064562
car,de,24,24,16,0.9905875582064562
car,de,24,24,17,0.9905875582064562
car,de,24,24,18,0.9905875582064562
car,de,24,24,19,0.9905875582064562
car,de,24,24,20,0.9905875582064562
car,de,24,24,21,0.9905875582064562
car,de,24,24,22,0.9905875582064562
car,de,24,24,23,0.9905875582064562
car,de,24,24,24,0.9905875582064562
car,de,24,24,25,0.9905875582064562
car,de,24,24,26,0.9905875582064562
car,de,24,24,27,0.9905875582064562
car,de,24,24,28,0.9905875582064562
car,de,24,24,29,0.9905875582064562
car,de,24,24,30,0.9905875582064562
car,de,24,24,31,0.9905875582064562
car,de,24,24,32,0.9905875582064562
car,de,24,24,33,0.9905875582064562
car,de,24,24,34,0.9905875582064562
car,de,24,24,35,0.9905875582064562
car,de,24,24,36,0.9905875582064562
car,de,24,24,37,0.9905875582064562
car,de,24,24,38,0.9905875582064562
car,de,24,24,39,0.9905875582064562
car,de,24,24,40,0.9905875582064562
car,de,24,24,41,0.9905875582064562
car,de,24,24,42,0.9905875582064562
car,de,24,24,43,0.9905875582064562
car,de,24,24,44,0.9905875582064562
car,de,24,24,45,0.9905875582064562
car,de,24,24,46,0.9905875582064562
car,de,24,24,47,0.9905875582064562
car,de,24,24,48,0.9905875582064562
car,de,24,24,49,0.9905875582064562
car,de,24,24,50,0.9905875582064562
car,de,24,24,51,0.9905875582064562
car,de,24,24,52,0.9905875582064562
car,de,24,24,53,0.9905875582064562
car,de,24,24,54,0.9905875582064562
car,de,24,24,55,0.9905875582064562
car,de,24,24,56,0.9905875582064562
car,de,24,24,57,0.9905875582064562
car,de,24,24,58,0.9905875582064562
car,de,24,24,59,0.9905875582064562
car,de,24,24,60,0.9905875582064562
car,de,24,24,61,0.9905875582064562
car,de,24,24,62,0.9905875582064562
car,de,24,24,63,0.9905875582064562
car,de,24,24,64,0.9905875582064562
car,de,24,24,65,0.9905875582064562
car,de,24,24,66,0.9905875582064562
car,de,24,24,67,0.9905875582064562
car,de,24,24,68,0.9905875582064562
car,de,24,24,69,0.9905875582064562
car,de,24,24,70,0.9905875582064562
car,de,24,24,71,0.9905875582064562
car,de,24,24,72,0.9905875582064562
car,de,24,24,73,0.9905875582064562
car,de,24,24,74,0.9905875582064562
car,de,24,24,75,0.9905875582064562
car,de,24,24,76,0.9905875582064562
car,de,24,24,77,0.9905875582064562
car,de,24,24,78,0.9905875582064562
car,de,24,24,79,0.9905875582064562
car,de,24,24,80,0.9905875582064562
car,de,24,24,81,0.9905875582064562
car,de,24,24,82,0.9905875582064562
car,de,24,24,83,0.9905875582064562
car,de,24,24,84,0.9905875582064562
car,de,24,24,85,0.9905875582064562
car,de,24,24,86,0.9905875582064562
car,de,24,24,87,0.9905875582064562
car,de,24,24,88,0.9905875582064562
car,de,24,24,89,0.9905875582064562
car,de,24,24,90,0.9905875582064562
car,de,24,24,91,0.9905875582064562
car,de,24,24,92,0.9905875582064562
car,de,24,24,93,0.9905875582064562
car,de,24,24,94,0.9905875582064562
car,de,24,24,95,0.9905875582064562
car,de,24,24,96,0.9905875582064562
car,de,24,24,97,0.9905875582064562
car,de,24,24,98,0.9905875582064562
car,de,24,24,99,0.9905875582064562
car,de,24,24,100,0.9905875582064562
car,ga,24,24,1,0.9218463872756762
car,ga,24,24,2,0.9905875582064562
car,ga,24,24,3,0.9905875582064562
car,ga,24,24,4,0.9905875582064562
car,ga,24,24,5,0.9905875582064562
car,ga,24,24,6,0.9905875582064562
car,ga,24,24,7,0.9905875582064562
car,ga,24,24,8,0.9905875582064562
car,ga,24,24,9,0.9905875582064562
car,ga,24,24,10,0.9905875582064562
car,ga,24,24,11,0.9905875582064562
car,ga,24,24,12,0.9905875582064562
car,ga,24,24,13,0.9905875582064562
car,ga,24,24,14,0.9905875582064562
car,ga,24,24,15,0.9905875582064562
car,ga,24,24,16,0.9905875582064562
car,ga,24,24,17,0.9905875582064562
car,ga,24,24,18,0.9905875582064562
car,ga,24,24,19,0.9905875582064562
car,ga,24,24,20,0.9905875582064562
car,ga,24,24,21,0.9905875582064562
car,ga,24,24,22,0.9905875582064562
car,ga,24,24,23,0.9905875582064562
car,ga,24,24,24,0.9905875582064562
car,ga,24,24,25,0.9905875582064562
car,ga,24,24,26,0.9905875582064562
car,ga,24,24,27,0.9905875582064562
car,ga,24,24,28,0.9905875582064562
car,ga,24,24,29,0.9905875582064562
car,ga,24,24,30,0.9905875582064562
car,ga,24,24,31,0.9905875582064562
car,ga,24,24,32,0.9905875582064562
car,ga,24,24,33,0.9905875582064562
car,ga,24,24,34,0.9905875582064562
car,ga,24,24,35,0.9905875582064562
car,ga,24,24,36,0.9905875582064562
car,ga,24,24,37,0.9905875582064562
car,ga,24,24,38,0.9905875582064562
car,ga,24,24,39,0.9905875582064562
car,ga,24,24,40,0.9905875582064562
car,ga,24,24,41,0.9905875582064562
car,ga,24,24,42,0.9905875582064562
car,ga,24,24,43,0.9905875582064562
car,ga,24,24,44,0.9905875582064562
car,ga,24,24,45,0.9905875582064562
car,ga,24,24,46,0.9905875582064562
car,ga,24,24,47,0.9905875582064562
car,ga,24,24,48,0.9905875582064562
car,ga,24,24,49,0.9905875582064562
car,ga,24,24,50,0.9905875582064562
car,ga,24,24,51,0.9905875582064562
car,ga,24,24,52,0.9905875582064562
car,ga,24,24,53,0.9905875582064562
car,ga,24,24,54,0.9905875582064562
car,ga,24,24,55,0.9905875582064562
car,ga,24,24,56,0.9905875582064562
car,ga,24,24,57,0.9905875582064562
car,ga,24,24,58,0.9905875582064562
car,ga,24,24,59,0.9905875582064562
car,ga,24,24,60,0.9905875582064562
car,ga,24,24,61,0.9905875582064562
car,ga,24,24,62,0.9905875582064562
car,ga,24,24,63,0.9905875582064562
car,ga,24,24,64,0.9905875582064562
car,ga,24,24,65,0.9905875582064562
car,ga,24,24,66,0.9905875582064562
car,ga,24,24,67,0.9905875582064562
car,ga,24,24,68,0.9905875582064562
car,ga,24,24,69,0.9905875582064562
car,ga,24,24,70,0.9905875582064562
car,ga,24,24,71,0.9905875582064562
car,ga,24,24,72,0.9905875582064562
car,ga,24,24,73,0.9905875582064562
car,ga,24,24,74,0.9905875582064562
car,ga,24,24,75,0.9905875582064562
car,ga,24,24,76,0.9905875582064562
car,ga,24,24,77,0.9905875582064562
car,ga,24,24,78,0.9905875582064562
car,ga,24,24,79,0.9905875582064562
car,ga,24,24,80,0.9905875582064562
car,ga,24,24,81,0.9905875582064562
car,ga,24,24,82,0.9905875582064562
car,ga,24,24,83,0.9905875582064562
car,ga,24,24,84,0.9905875582064562
car,ga,24,24,85,0.9905875582064562
car,ga,24,24,86,0.9905875582064562
car,ga,24,24,87,0.9905875582064562
car,ga,24,24,88,0.9905875582064562
car,ga,24,24,89,0.9905875582064562
car,ga,24,24,90,0.9905875582064562
car,ga,24,24,91,0.9905875582064562
car,ga,24,24,92,0.9905875582064562
car,ga,24,24,93,0.9905875582064562
car,ga,24,24,94,0.9905875582064562
car,ga,24,24,95,0.9905875582064562
car,ga,24,24,96,0.9905875582064562
car,ga,24,24,97,0.9905875582064562
car,ga,24,24,98,0.9905875582064562
car,ga,24,24,99,0.9905875582064562
car,ga,24,24,100,0.9905875582064562
car,sa,24,24,1,0.9124522576256998
car,sa,24,24,2,0.9833516454769006
car,sa,24,24,3,0.9905875582064562
car,sa,24,24,4,0.9905875582064562
car,sa,24,24,5,0.9905875582064562
car,sa,24,24,6,0.9905875582064562
car,sa,24,24,7,0.9905875582064562
car,sa,24,24,8,0.9905875582064562
car,sa,24,24,9,0.9905875582064562
car,sa,24,24,10,0.9905875582064562
car,sa,24,24,11,0.9905875582064562
car,sa,24,24,12,0.9905875582064562
car,sa,24,24,13,0.9905875582064562
car,sa,24,24,14,0.9905875582064562
car,sa,24,24,15,0.9905875582064562
car,sa,24,24,16,0.9905875582064562
car,sa,24,24,17,0.9905875582064562
car,sa,24,24,18,0.9905875582064562
car,sa,24,24,19,0.9905875582064562
car,sa,24,24,20,0.9905875582064562
car,sa,24,24,21,0.9905875582064562
car,sa,24,24,22,0.9905875582064562
car,sa,24,24,23,0.9905875582064562
car,sa,24,24,24,0.9905875582064562
car,sa,24,24,25,0.9905875582064562
car,sa,24,24,26,0.9905875582064562
car,sa,24,24,27,0.9905875582064562
car,sa,24,24,28,0.9905875582064562
car,sa,24,24,29,0.9905875582064562
car,sa,24,24,30,0.9905875582064562
car,sa,24,24,31,0.9905875582064562
car,sa,24,24,32,0.9905875582064562
car,sa,24,24,33,0.9905875582064562
car,sa,24,24,34,0.9905875582064562
car,sa,24,24,35,0.9905875582064562
car,sa,24,24,36,0.9905875582064562
car,sa,24,24,37,0.9905875582064562
car,sa,24,24,38,0.9905875582064562
car,sa,24,24,39,0.9905875582064562
car,sa,24,24,40,0.9905875582064562
car,sa,24,24,41,0.9905875582064562
car,sa,24,24,42,0.9905875582064562
car,sa,24,24,43,0.9905875582064562
car,sa,24,24,44,0.9905875582064562
car,sa,24,24,45,0.9905875582064562
car,sa,24,24,46,0.9905875582064562
car,sa,24,24,47,0.9905875582064562
car,sa,24,24,48,0.9905875582064562
car,sa,24,24,49,0.9905875582064562
car,sa,24,24,50,0.9905875582064562
car,sa,24,24,51,0.9905875582064562
car,sa,24,24,52,0.9905875582064562
car,sa,24,24,53,0.9905875582064562
car,sa,24,24,54,0.9905875582064562
car,sa,24,24,55,0.9905875582064562
car,sa,24,24,56,0.9905875582064562
car,sa,24,24,57,0.9905875582064562
car,sa,24,24,58,0.9905875582064562
car,sa,24,24,59,0.9905875582064562
car,sa,24,24,60,0.9905875582064562
car,sa,24,24,61,0.9905875582064562
car,sa,24,24,62,0.9905875582064562
car,sa,24,24,63,0.9905875582064562
car,sa,24,24,64,0.9905875582064562
car,sa,24,24,65,0.9905875582064562
car,sa,24,24,66,0.9905875582064562
car,sa,24,24,67,0.9905875582064562
car,sa,24,24,68,0.9905875582064562
car,sa,24,24,69,0.9905875582064562
car,sa,24,24,70,0.9905875582064562
car,sa,24,24,71,0.9905875582064562
car,sa,24,24,72,0.9905875582064562
car,sa,24,24,73,0.9905875582064562
car,sa,24,24,74,0.9905875582064562
car,sa,24,24,75,0.9905875582064562
car,sa,24,24,76,0.9905875582064562
car,sa,24,24,77,0.9905875582064562
car,sa,24,24,78,0.9905875582064562
car,sa,24,24,79,0.9905875582064562
car,sa,24,24,80,0.9905875582064562
car,sa,24,24,81,0.9905875582064562
car,sa,24,24,82,0.9905875582064562
car,sa,24,24,83,0.9905875582064562
car,sa,24,24,84,0.9905875582064562
car,sa,24,24,85,0.9905875582064562
car,sa,24,24,86,0.9905875582064562
car,sa,24,24,87,0.9905875582064562
car,sa,24,24,88,0.9905875582064562
car,sa,24,24,89,0.9905875582064562
car,sa,24,24,90,0.9905875582064562
car,sa,24,24,91,0.9905875582064562
car,sa,24,24,92,0.9905875582064562
car,sa,24,24,93,0.9905875582064562
car,sa,24,24,94,0.9905875582064562
car,sa,24,24,95,0.9905875582064562
car,sa,24,24,96,0.9905875582064562
car,sa,24,24,97,0.9905875582064562
car,sa,24,24,98,0.9905875582064562
car,sa,24,24,99,0.9905875582064562
car,sa,24,24,100,0.9905875582064562
car,grid,25,25,1,0.7004342594045937
car,grid,25,25,2,0.7004342594045937
car,grid,25,25,3,0.7004342594045937
car,grid,25,25,4,0.7004342594045937
car,grid,25,25,5,0.7004342594045937
car,grid,25,25,6,0.7004342594045937
car,grid,25,25,7,0.7004342594045937
car,grid,25,25,8,0.7004342594045937
car,grid,25,25,9,0.7004342594045937
car,grid,25,25,10,0.7004342594045937
car,grid,25,25,11,0.7004342594045937
car,grid,25,25,12,0.7004342594045937
car,grid,25,25,13,0.7004342594045937
car,grid,25,25,14,0.7004342594045937
car,grid,25,25,15,0.7004342594045937
car,grid,25,25,16,0.8097106681316382
car,grid,25,25,17,0.8097106681316382
car,grid,25,25,18,0.8097106681316382
car,grid,25,25,19,0.8097106681316382
car,grid,25,25,20,0.8097106681316382
car,grid,25,25,21,0.8097106681316382
car,grid,25,25,22,0.8097106681316382
car,grid,25,25,23,0.8097106681316382
car,grid,25,25,24,0.8097106681316382
car,grid,25,25,25,0.8697404907654477
car,grid,25,25,26,0.9319913148119081
car,grid,25,25,27,0.9319913148119081
car,grid,25,25,28,0.9319913148119081
car,grid,25,25,29,0.9319913148119081
car,grid,25,25,30,0.9319913148119081
car,grid,25,25,31,0.9319913148119081
car,grid,25,25,32,0.9319913148119081
car,grid,25,25,33,0.9319913148119081
car,grid,25,25,34,0.9319913148119081
car,grid,25,25,35,0.9450086328676818
car,grid,25,25,36,0.9761157327473449
car,grid,25,25,37,0.9761157327473449
car,grid,25,25,38,0.9761157327473449
car,grid,25,25,39,0.9761157327473449
car,grid,25,25,40,0.9761157327473449
car,grid,25,25,41,0.9761157327473449
car,grid,25,25,42,0.9761157327473449
car,grid,25,25,43,0.9761157327473449
car,grid,25,25,44,0.9761157327473449
car,grid,25,25,45,0.9761157327473449
car,grid,25,25,46,0.988413645162978
car,grid,25,25,47,0.988413645162978
car,grid,25,25,48,0.988413645162978
car,grid,25,25,49,0.988413645162978
car,grid,25,25,50,0.988413645162978
car,grid,25,25,51,0.988413645162978
car,grid,25,25,52,0.988413645162978
car,grid,25,25,53,0.988413645162978
car,grid,25,25,54,0.988413645162978
car,grid,25,25,55,0.988413645162978
car,grid,25,25,56,0.988413645162978
car,grid,25,25,57,0.988413645162978
car,grid,25,25,58,0.988413645162978
car,grid,25,25,59,0.988413645162978
car,grid,25,25,60,0.988413645162978
car,grid,25,25,61,0.988413645162978
car,grid,25,25,62,0.988413645162978
car,grid,25,25,63,0.988413645162978
car,grid,25,25,64,0.988413645162978
car,grid,25,25,65,0.988413645162978
car,grid,25,25,66,0.988413645162978
car,grid,25,25,67,0.988413645162978
car,grid,25,25,68,0.988413645162978
car,grid,25,25,69,0.988413645162978
car,grid,25,25,70,0.988413645162978
car,grid,25,25,71,0.988413645162978
car,grid,25,25,72,0.988413645162978
car,grid,25,25,73,0.988413645162978
car,grid,25,25,74,0.988413645162978
car,grid,25,25,75,0.988413645162978
car,grid,25,25,76,0.988413645162978
car,grid,25,25,77,0.988413645162978
car,grid,25,25,78,0.988413645162978
car,grid,25,25,79,0.988413645162978
car,grid,25,25,80,0.988413645162978
car,grid,25,25,81,0.988413645162978
car,grid,25,25,82,0.988413645162978
car,grid,25,25,83,0.988413645162978
car,grid,25,25,84,0.988413645162978
car,grid,25,25,85,0.988413645162978
car,grid,25,25,86,0.988413645162978
car,grid,25,25,87,0.988413645162978
car,grid,25,25,88,0.988413645162978
car,grid,25,25,89,0.988413645162978
car,grid,25,25,90,0.988413645162978
car,grid,25,25,91,0.988413645162978
car,grid,25,25,92,0.988413645162978
car,grid,25,25,93,0.988413645162978
car,grid,25,25,94,0.988413645162978
car,grid,25,25,95,0.988413645162978
car,grid,25,25,96,0.988413645162978
car,grid,25,25,97,0.988413645162978
car,grid,25,25,98,0.988413645162978
car,grid,25,25,99,0.988413645162978
car,grid,25,25,100,0.988413645162978
car,random,25,25,1,0.9891356668236279
car,random,25,25,2,0.9891356668236279
car,random,25,25,3,0.9891356668236279
car,random,25,25,4,0.9891356668236279
car,random,25,25,5,0.9891356668236279
car,random,25,25,6,0.9891356668236279
car,random,25,25,7,0.9891356668236279
car,random,25,25,8,0.9891356668236279
car,random,25,25,9,0.9891356668236279
car,random,25,25,10,0.9891356668236279
car,random,25,25,11,0.9891408988646472
car,random,25,25,12,0.9891408988646472
car,random,25,25,13,0.9891408988646472
car,random,25,25,14,0.9891408988646472
car,random,25,25,15,0.9891408988646472
car,random,25,25,16,0.9891408988646472
car,random,25,25,17,0.9891408988646472
car,random,25,25,18,0.9891408988646472
car,random,25,25,19,0.9891408988646472
car,random,25,25,20,0.9891408988646472
car,random,25,25,21,0.9891408988646472
car,random,25,25,22,0.9891408988646472
car,random,25,25,23,0.9891408988646472
car,random,25,25,24,0.9891408988646472
car,random,25,25,25,0.9891408988646472
car,random,25,25,26,0.9891408988646472
car,random,25,25,27,0.9891408988646472
car,random,25,25,28,0.9905875582064562
car,random,25,25,29,0.9905875582064562
car,random,25,25,30,0.9905875582064562
car,random,25,25,31,0.9905875582064562
car,random,25,25,32,0.9905875582064562
car,random,25,25,33,0.9905875582064562
car,random,25,25,34,0.9905875582064562
car,random,25,25,35,0.9905875582064562
car,random,25,25,36,0.9905875582064562
car,random,25,25,37,0.9905875582064562
car,random,25,25,38,0.9905875582064562
car,random,25,25,39,0.9905875582064562
car,random,25,25,40,0.9905875582064562
car,random,25,25,41,0.9905875582064562
car,random,25,25,42,0.9905875582064562
car,random,25,25,43,0.9905875582064562
car,random,25,25,44,0.9905875582064562
car,random,25,25,45,0.9905875582064562
car,random,25,25,46,0.9905875582064562
car,random,25,25,47,0.9905875582064562
car,random,25,25,48,0.9905875582064562
car,random,25,25,49,0.9905875582064562
car,random,25,25,50,0.9905875582064562
car,random,25,25,51,0.9905875582064562
car,random,25,25,52,0.9905875582064562
car,random,25,25,53,0.9905875582064562
car,random,25,25,54,0.9905875582064562
car,random,25,25,55,0.9905875582064562
car,random,25,25,56,0.9905875582064562
car,random,25,25,57,0.9905875582064562
car,random,25,25,58,0.9905875582064562
car,random,25,25,59,0.9905875582064562
car,random,25,25,60,0.9905875582064562
car,random,25,25,61,0.9905875582064562
car,random,25,25,62,0.9905875582064562
car,random,25,25,63,0.9905875582064562
car,random,25,25,64,0.9905875582064562
car,random,25,25,65,0.9905875582064562
car,random,25,25,66,0.9905875582064562
car,random,25,25,67,0.9905875582064562
car,random,25,25,68,0.9905875582064562
car,random,25,25,69,0.9905875582064562
car,random,25,25,70,0.9905875582064562
car,random,25,25,71,0.9905875582064562
car,random,25,25,72,0.9905875582064562
car,random,25,25,73,0.9905875582064562
car,random,25,25,74,0.9905875582064562
car,random,25,25,75,0.9905875582064562
car,random,25,25,76,0.9905875582064562
car,random,25,25,77,0.9905875582064562
car,random,25,25,78,0.9905875582064562
car,random,25,25,79,0.9905875582064562
car,random,25,25,80,0.9905875582064562
car,random,25,25,81,0.9905875582064562
car,random,25,25,82,0.9905875582064562
car,random,25,25,83,0.9905875582064562
car,random,25,25,84,0.9905875582064562
car,random,25,25,85,0.9905875582064562
car,random,25,25,86,0.9905875582064562
car,random,25,25,87,0.9905875582064562
car,random,25,25,88,0.9905875582064562
car,random,25,25,89,0.9905875582064562
car,random,25,25,90,0.9905875582064562
car,random,25,25,91,0.9905875582064562
car,random,25,25,92,0.9905875582064562
car,random,25,25,93,0.9905875582064562
car,random,25,25,94,0.9905875582064562
car,random,25,25,95,0.9905875582064562
car,random,25,25,96,0.9905875582064562
car,random,25,25,97,0.9905875582064562
car,random,25,25,98,0.9905875582064562
car,random,25,25,99,0.9905875582064562
car,random,25,25,100,0.9905875582064562
car,bo_tpe,25,25,1,0.9891356668236279
car,bo_tpe,25,25,2,0.9891356668236279
car,bo_tpe,25,25,3,0.9891356668236279
car,bo_tpe,25,25,4,0.9891356668236279
car,bo_tpe,25,25,5,0.9891356668236279
car,bo_tpe,25,25,6,0.9891356668236279
car,bo_tpe,25,25,7,0.9891356668236279
car,bo_tpe,25,25,8,0.9891356668236279
car,bo_tpe,25,25,9,0.9891356668236279
car,bo_tpe,25,25,10,0.9891356668236279
car,bo_tpe,25,25,11,0.9891356668236279
car,bo_tpe,25,25,12,0.9891356668236279
car,bo_tpe,25,25,13,0.9891356668236279
car,bo_tpe,25,25,14,0.9891356668236279
car,bo_tpe,25,25,15,0.9905875582064562
car,bo_tpe,25,25,16,0.9905875582064562
car,bo_tpe,25,25,17,0.9905875582064562
car,bo_tpe,25,25,18,0.9905875582064562
car,bo_tpe,25,25,19,0.9905875582064562
car,bo_tpe,25,25,20,0.9905875582064562
car,bo_tpe,25,25,21,0.9905875582064562
car,bo_tpe,25,25,22,0.9905875582064562
car,bo_tpe,25,25,23,0.9905875582064562
car,bo_tpe,25,25,24,0.9905875582064562
car,bo_tpe,25,25,25,0.9905875582064562
car,bo_tpe,25,25,26,0.9905875582064562
car,bo_tpe,25,25,27,0.9905875582064562
car,bo_tpe,25,25,28,0.9905875582064562
car,bo_tpe,25,25,29,0.9905875582064562
car,bo_tpe,25,25,30,0.9905875582064562
car,bo_tpe,25,25,31,0.9905875582064562
car,bo_tpe,25,25,32,0.9905875582064562
car,bo_tpe,25,25,33,0.9905875582064562
car,bo_tpe,25,25,34,0.9905875582064562
car,bo_tpe,25,25,35,0.9905875582064562
car,bo_tpe,25,25,36,0.9905875582064562
car,bo_tpe,25,25,37,0.9905875582064562
car,bo_tpe,25,25,38,0.9905875582064562
car,bo_tpe,25,25,39,0.9905875582064562
car,bo_tpe,25,25,40,0.9905875582064562
car,bo_tpe,25,25,41,0.9905875582064562
car,bo_tpe,25,25,42,0.9905875582064562
car,bo_tpe,25,25,43,0.9905875582064562
car,bo_tpe,25,25,44,0.9905875582064562
car,bo_tpe,25,25,45,0.9905875582064562
car,bo_tpe,25,25,46,0.9905875582064562
car,bo_tpe,25,25,47,0.9905875582064562
car,bo_tpe,25,25,48,0.9905875582064562
car,bo_tpe,25,25,49,0.9905875582064562
car,bo_tpe,25,25,50,0.9905875582064562
car,bo_tpe,25,25,51,0.9905875582064562
car,bo_tpe,25,25,52,0.9905875582064562
car,bo_tpe,25,25,53,0.9905875582064562
car,bo_tpe,25,25,54,0.9905875582064562
car,bo_tpe,25,25,55,0.9905875582064562
car,bo_tpe,25,25,56,0.9905875582064562
car,bo_tpe,25,25,57,0.9905875582064562
car,bo_tpe,25,25,58,0.9905875582064562
car,bo_tpe,25,25,59,0.9905875582064562
car,bo_tpe,25,25,60,0.9905875582064562
car,bo_tpe,25,25,61,0.9905875582064562
car,bo_tpe,25,25,62,0.9905875582064562
car,bo_tpe,25,25,63,0.9905875582064562
car,bo_tpe,25,25,64,0.9905875582064562
car,bo_tpe,25,25,65,0.9905875582064562
car,bo_tpe,25,25,66,0.9905875582064562
car,bo_tpe,25,25,67,0.9905875582064562
car,bo_tpe,25,25,68,0.9905875582064562
car,bo_tpe,25,25,69,0.9905875582064562
car,bo_tpe,25,25,70,0.9905875582064562
car,bo_tpe,25,25,71,0.9905875582064562
car,bo_tpe,25,25,72,0.9905875582064562
car,bo_tpe,25,25,73,0.9905875582064562
car,bo_tpe,25,25,74,0.9905875582064562
car,bo_tpe,25,25,75,0.9905875582064562
car,bo_tpe,25,25,76,0.9905875582064562
car,bo_tpe,25,25,77,0.9905875582064562
car,bo_tpe,25,25,78,0.9905875582064562
car,bo_tpe,25,25,79,0.9905875582064562
car,bo_tpe,25,25,80,0.9905875582064562
car,bo_tpe,25,25,81,0.9905875582064562
car,bo_tpe,25,25,82,0.9905875582064562
car,bo_tpe,25,25,83,0.9905875582064562
car,bo_tpe,25,25,84,0.9905875582064562
car,bo_tpe,25,25,85,0.9905875582064562
car,bo_tpe,25,25,86,0.9905875582064562
car,bo_tpe,25,25,87,0.9905875582064562
car,bo_tpe,25,25,88,0.9905875582064562
car,bo_tpe,25,25,89,0.9905875582064562
car,bo_tpe,25,25,90,0.9905875582064562
car,bo_tpe,25,25,91,0.9905875582064562
car,bo_tpe,25,25,92,0.9905875582064562
car,bo_tpe,25,25,93,0.9905875582064562
car,bo_tpe,25,25,94,0.9905875582064562
car,bo_tpe,25,25,95,0.9905875582064562
car,bo_tpe,25,25,96,0.9905875582064562
car,bo_tpe,25,25,97,0.9905875582064562
car,bo_tpe,25,25,98,0.9905875582064562
car,bo_tpe,25,25,99,0.9905875582064562
car,bo_tpe,25,25,100,0.9905875582064562
car,pso,25,25,1,0.9196881703552556
car,pso,25,25,2,0.9905875582064562
car,pso,25,25,3,0.9905875582064562
car,pso,25,25,4,0.9905875582064562
car,pso,25,25,5,0.9905875582064562
car,pso,25,25,6,0.9905875582064562
car,pso,25,25,7,0.9905875582064562
car,pso,25,25,8,0.9905875582064562
car,pso,25,25,9,0.9905875582064562
car,pso,25,25,10,0.9905875582064562
car,pso,25,25,11,0.9905875582064562
car,pso,25,25,12,0.9905875582064562
car,pso,25,25,13,0.9905875582064562
car,pso,25,25,14,0.9905875582064562
car,pso,25,25,15,0.9905875582064562
car,pso,25,25,16,0.9905875582064562
car,pso,25,25,17,0.9905875582064562
car,pso,25,25,18,0.9905875582064562
car,pso,25,25,19,0.9905875582064562
car,pso,25,25,20,0.9905875582064562
car,pso,25,25,21,0.9905875582064562
car,pso,25,25,22,0.9905875582064562
car,pso,25,25,23,0.9905875582064562
car,pso,25,25,24,0.9905875582064562
car,pso,25,25,25,0.9905875582064562
car,pso,25,25,26,0.9905875582064562
car,pso,25,25,27,0.9905875582064562
car,pso,25,25,28,0.9905875582064562
car,pso,25,25,29,0.9905875582064562
car,pso,25,25,30,0.9905875582064562
car,pso,25,25,31,0.9905875582064562
car,pso,25,25,32,0.9905875582064562
car,pso,25,25,33,0.9905875582064562
car,pso,25,25,34,0.9905875582064562
car,pso,25,25,35,0.9905875582064562
car,pso,25,25,36,0.9905875582064562
car,pso,25,25,37,0.9905875582064562
car,pso,25,25,38,0.9905875582064562
car,pso,25,25,39,0.9905875582064562
car,pso,25,25,40,0.9905875582064562
car,pso,25,25,41,0.9905875582064562
car,pso,25,25,42,0.9905875582064562
car,pso,25,25,43,0.9905875582064562
car,pso,25,25,44,0.9905875582064562
car,pso,25,25,45,0.9905875582064562
car,pso,25,25,46,0.9905875582064562
car,pso,25,25,47,0.9905875582064562
car,pso,25,25,48,0.9905875582064562
car,pso,25,25,49,0.9905875582064562
car,pso,25,25,50,0.9905875582064562
car,pso,25,25,51,0.9905875582064562
car,pso,25,25,52,0.9905875582064562
car,pso,25,25,53,0.9905875582064562
car,pso,25,25,54,0.9905875582064562
car,pso,25,25,55,0.9905875582064562
car,pso,25,25,56,0.9905875582064562
car,pso,25,25,57,0.9905875582064562
car,pso,25,25,58,0.9905875582064562
car,pso,25,25,59,0.9905875582064562
car,pso,25,25,60,0.9905875582064562
car,pso,25,25,61,0.9905875582064562
car,pso,25,25,62,0.9905875582064562
car,pso,25,25,63,0.9905875582064562
car,pso,25,25,64,0.9905875582064562
car,pso,25,25,65,0.9905875582064562
car,pso,25,25,66,0.9905875582064562
car,pso,25,25,67,0.9905875582064562
car,pso,25,25,68,0.9905875582064562
car,pso,25,25,69,0.9905875582064562
car,pso,25,25,70,0.9905875582064562
car,pso,25,25,71,0.9905875582064562
car,pso,25,25,72,0.9905875582064562
car,pso,25,25,73,0.9905875582064562
car,pso,25,25,74,0.9905875582064562
car,pso,25,25,75,0.9905875582064562
car,pso,25,25,76,0.9905875582064562
car,pso,25,25,77,0.9905875582064562
car,pso,25,25,78,0.9905875582064562
car,pso,25,25,79,0.9905875582064562
car,pso,25,25,80,0.9905875582064562
car,pso,25,25,81,0.9905875582064562
car,pso,25,25,82,0.9905875582064562
car,pso,25,25,83,0.9905875582064562
car,pso,25,25,84,0.9905875582064562
car,pso,25,25,85,0.9905875582064562
car,pso,25,25,86,0.9905875582064562
car,pso,25,25,87,0.9905875582064562
car,pso,25,25,88,0.9905875582064562
car,pso,25,25,89,0.9905875582064562
car,pso,25,25,90,0.9905875582064562
car,pso,25,25,91,0.9905875582064562
car,pso,25,25,92,0.9905875582064562
car,pso,25,25,93,0.9905875582064562
car,pso,25,25,94,0.9905875582064562
car,pso,25,25,95,0.9905875582064562
car,pso,25,25,96,0.9905875582064562
car,pso,25,25,97,0.9905875582064562
car,pso,25,25,98,0.9905875582064562
car,pso,25,25,99,0.9905875582064562
car,pso,25,25,100,0.9905875582064562
car,de,25,25,1,0.7004342594045937
car,de,25,25,2,0.7728064668026997
car,de,25,25,3,0.7728064668026997
car,de,25,25,4,0.7728064668026997
car,de,25,25,5,0.7728064668026997
car,de,25,25,6,0.7728064668026997
car,de,25,25,7,0.7728064668026997
car,de,25,25,8,0.8849448019672472
car,de,25,25,9,0.8849448019672472
car,de,25,25,10,0.8863914613090567
car,de,25,25,11,0.8863914613090567
car,de,25,25,12,0.988413645162978
car,de,25,25,13,0.988413645162978
car,de,25,25,14,0.988413645162978
car,de,25,25,15,0.988413645162978
car,de,25,25,16,0.988413645162978
car,de,25,25,17,0.988413645162978
car,de,25,25,18,0.988413645162978
car,de,25,25,19,0.988413645162978
car,de,25,25,20,0.988413645162978
car,de,25,25,21,0.988413645162978
car,de,25,25,22,0.988413645162978
car,de,25,25,23,0.988413645162978
car,de,25,25,24,0.988413645162978
car,de,25,25,25,0.988413645162978
car,de,25,25,26,0.988413645162978
car,de,25,25,27,0.988413645162978
car,de,25,25,28,0.988413645162978
car,de,25,25,29,0.988413645162978
car,de,25,25,30,0.988413645162978
car,de,25,25,31,0.988413645162978
car,de,25,25,32,0.988413645162978
car,de,25,25,33,0.988413645162978
car,de,25,25,34,0.988413645162978
car,de,25,25,35,0.988413645162978
car,de,25,25,36,0.988413645162978
car,de,25,25,37,0.988413645162978
car,de,25,25,38,0.988413645162978
car,de,25,25,39,0.9905849421859466
car,de,25,25,40,0.9905849421859466
car,de,25,25,41,0.9905849421859466
car,de,25,25,42,0.9905849421859466
car,de,25,25,43,0.9905849421859466
car,de,25,25,44,0.9905849421859466
car,de,25,25,45,0.9905849421859466
car,de,25,25,46,0.9905849421859466
car,de,25,25,47,0.9905849421859466
car,de,25,25,48,0.9905849421859466
car,de,25,25,49,0.9905849421859466
car,de,25,25,50,0.9905849421859466
car,de,25,25,51,0.9905849421859466
car,de,25,25,52,0.9905849421859466
car,de,25,25,53,0.9905849421859466
car,de,25,25,54,0.9905849421859466
car,de,25,25,55,0.9905849421859466
car,de,25,25,56,0.9905849421859466
car,de,25,25,57,0.9905849421859466
car,de,25,25,58,0.9905849421859466
car,de,25,25,59,0.9905849421859466
car,de,25,25,60,0.9905849421859466
car,de,25,25,61,0.9905849421859466
car,de,25,25,62,0.9905849421859466
car,de,25,25,63,0.9905849421859466
car,de,25,25,64,0.9905849421859466
car,de,25,25,65,0.9905849421859466
car,de,25,25,66,0.9905849421859466
car,de,25,25,67,0.9905849421859466
car,de,25,25,68,0.9905875582064562
car,de,25,25,69,0.9905875582064562
car,de,25,25,70,0.9905875582064562
car,de,25,25,71,0.9905875582064562
car,de,25,25,72,0.9905875582064562
car,de,25,25,73,0.9905875582064562
car,de,25,25,74,0.9905875582064562
car,de,25,25,75,0.9905875582064562
car,de,25,25,76,0.9905875582064562
car,de,25,25,77,0.9905875582064562
car,de,25,25,78,0.9905875582064562
car,de,25,25,79,0.9905875582064562
car,de,25,25,80,0.9905875582064562
car,de,25,25,81,0.9905875582064562
car,de,25,25,82,0.9905875582064562
car,de,25,25,83,0.9905875582064562
car,de,25,25,84,0.9905875582064562
car,de,25,25,85,0.9905875582064562
car,de,25,25,86,0.9905875582064562
car,de,25,25,87,0.9905875582064562
car,de,25,25,88,0.9905875582064562
car,de,25,25,89,0.9905875582064562
car,de,25,25,90,0.9905875582064562
car,de,25,25,91,0.9905875582064562
car,de,25,25,92,0.9905875582064562
car,de,25,25,93,0.9905875582064562
car,de,25,25,94,0.9905875582064562
car,de,25,25,95,0.9905875582064562
car,de,25,25,96,0.9905875582064562
car,de,25,25,97,0.9905875582064562
car,de,25,25,98,0.9905875582064562
car,de,25,25,99,0.9905875582064562
car,de,25,25,100,0.9905875582064562
car,ga,25,25,1,0.7004342594045937
car,ga,25,25,2,0.7728064668026997
car,ga,25,25,3,0.7728064668026997
car,ga,25,25,4,0.7728064668026997
car,ga,25,25,5,0.7728064668026997
car,ga,25,25,6,0.7728064668026997
car,ga,25,25,7,0.7728064668026997
car,ga,25,25,8,0.8849448019672472
car,ga,25,25,9,0.8849448019672472
car,ga,25,25,10,0.8863914613090567
car,ga,25,25,11,0.8863914613090567
car,ga,25,25,12,0.988413645162978
car,ga,25,25,13,0.988413645162978
car,ga,25,25,14,0.988413645162978
car,ga,25,25,15,0.988413645162978
car,ga,25,25,16,0.988413645162978
car,ga,25,25,17,0.988413645162978
car,ga,25,25,18,0.988413645162978
car,ga,25,25,19,0.988413645162978
car,ga,25,25,20,0.988413645162978
car,ga,25,25,21,0.988413645162978
car,ga,25,25,22,0.988413645162978
car,ga,25,25,23,0.988413645162978
car,ga,25,25,24,0.988413645162978
car,ga,25,25,25,0.988413645162978
car,ga,25,25,26,0.988413645162978
car,ga,25,25,27,0.988413645162978
car,ga,25,25,28,0.988413645162978
car,ga,25,25,29,0.988413645162978
car,ga,25,25,30,0.988413645162978
car,ga,25,25,31,0.988413645162978
car,ga,25,25,32,0.9905849421859466
car,ga,25,25,33,0.9905849421859466
car,ga,25,25,34,0.9905849421859466
car,ga,25,25,35,0.9905849421859466
car,ga,25,25,36,0.9905849421859466
car,ga,25,25,37,0.9905849421859466
car,ga,25,25,38,0.9905849421859466
car,ga,25,25,39,0.9905849421859466
car,ga,25,25,40,0.9905849421859466
car,ga,25,25,41,0.9905849421859466
car,ga,25,25,42,0.9905849421859466
car,ga,25,25,43,0.9905849421859466
car,ga,25,25,44,0.9905849421859466
car,ga,25,25,45,0.9905849421859466
car,ga,25,25,46,0.9905849421859466
car,ga,25,25,47,0.9905849421859466
car,ga,25,25,48,0.9905849421859466
car,ga,25,25,49,0.9905849421859466
car,ga,25,25,50,0.9905849421859466
car,ga,25,25,51,0.9905849421859466
car,ga,25,25,52,0.9905849421859466
car,ga,25,25,53,0.9905849421859466
car,ga,25,25,54,0.9905875582064562
car,ga,25,25,55,0.9905875582064562
car,ga,25,25,56,0.9905875582064562
car,ga,25,25,57,0.9905875582064562
car,ga,25,25,58,0.9905875582064562
car,ga,25,25,59,0.9905875582064562
car,ga,25,25,60,0.9905875582064562
car,ga,25,25,61,0.9905875582064562
car,ga,25,25,62,0.9905875582064562
car,ga,25,25,63,0.9905875582064562
car,ga,25,25,64,0.9905875582064562
car,ga,25,25,65,0.9905875582064562
car,ga,25,25,66,0.9905875582064562
car,ga,25,25,67,0.9905875582064562
car,ga,25,25,68,0.9905875582064562
car,ga,25,25,69,0.9905875582064562
car,ga,25,25,70,0.9905875582064562
car,ga,25,25,71,0.9905875582064562
car,ga,25,25,72,0.9905875582064562
car,ga,25,25,73,0.9905875582064562
car,ga,25,25,74,0.9905875582064562
car,ga,25,25,75,0.9905875582064562
car,ga,25,25,76,0.9905875582064562
car,ga,25,25,77,0.9905875582064562
car,ga,25,25,78,0.9905875582064562
car,ga,25,25,79,0.9905875582064562
car,ga,25,25,80,0.9905875582064562
car,ga,25,25,81,0.9905875582064562
car,ga,25,25,82,0.9905875582064562
car,ga,25,25,83,0.9905875582064562
car,ga,25,25,84,0.9905875582064562
car,ga,25,25,85,0.9905875582064562
car,ga,25,25,86,0.9905875582064562
car,ga,25,25,87,0.9905875582064562
car,ga,25,25,88,0.9905875582064562
car,ga,25,25,89,0.9905875582064562
car,ga,25,25,90,0.9905875582064562
car,ga,25,25,91,0.9905875582064562
car,ga,25,25,92,0.9905875582064562
car,ga,25,25,93,0.9905875582064562
car,ga,25,25,94,0.9905875582064562
car,ga,25,25,95,0.9905875582064562
car,ga,25,25,96,0.9905875582064562
car,ga,25,25,97,0.9905875582064562
car,ga,25,25,98,0.9905875582064562
car,ga,25,25,99,0.9905875582064562
car,ga,25,25,100,0.9905875582064562
car,sa,25,25,1,0.9891356668236279
car,sa,25,25,2,0.9905875582064562
car,sa,25,25,3,0.9905875582064562
car,sa,25,25,4,0.9905875582064562
car,sa,25,25,5,0.9905875582064562
car,sa,25,25,6,0.9905875582064562
car,sa,25,25,7,0.9905875582064562
car,sa,25,25,8,0.9905875582064562
car,sa,25,25,9,0.9905875582064562
car,sa,25,25,10,0.9905875582064562
car,sa,25,25,11,0.9905875582064562
car,sa,25,25,12,0.9905875582064562
car,sa,25,25,13,0.9905875582064562
car,sa,25,25,14,0.9905875582064562
car,sa,25,25,15,0.9905875582064562
car,sa,25,25,16,0.9905875582064562
car,sa,25,25,17,0.9905875582064562
car,sa,25,25,18,0.9905875582064562
car,sa,25,25,19,0.9905875582064562
car,sa,25,25,20,0.9905875582064562
car,sa,25,25,21,0.9905875582064562
car,sa,25,25,22,0.9905875582064562
car,sa,25,25,23,0.9905875582064562
car,sa,25,25,24,0.9905875582064562
car,sa,25,25,25,0.9905875582064562
car,sa,25,25,26,0.9905875582064562
car,sa,25,25,27,0.9905875582064562
car,sa,25,25,28,0.9905875582064562
car,sa,25,25,29,0.9905875582064562
car,sa,25,25,30,0.9905875582064562
car,sa,25,25,31,0.9905875582064562
car,sa,25,25,32,0.9905875582064562
car,sa,25,25,33,0.9905875582064562
car,sa,25,25,34,0.9905875582064562
car,sa,25,25,35,0.9905875582064562
car,sa,25,25,36,0.9905875582064562
car,sa,25,25,37,0.9905875582064562
car,sa,25,25,38,0.9905875582064562
car,sa,25,25,39,0.9905875582064562
car,sa,25,25,40,0.9905875582064562
car,sa,25,25,41,0.9905875582064562
car,sa,25,25,42,0.9905875582064562
car,sa,25,25,43,0.9905875582064562
car,sa,25,25,44,0.9905875582064562
car,sa,25,25,45,0.9905875582064562
car,sa,25,25,46,0.9905875582064562
car,sa,25,25,47,0.9905875582064562
car,sa,25,25,48,0.9905875582064562
car,sa,25,25,49,0.9905875582064562
car,sa,25,25,50,0.9905875582064562
car,sa,25,25,51,0.9905875582064562
car,sa,25,25,52,0.9905875582064562
car,sa,25,25,53,0.9905875582064562
car,sa,25,25,54,0.9905875582064562
car,sa,25,25,55,0.9905875582064562
car,sa,25,25,56,0.9905875582064562
car,sa,25,25,57,0.9905875582064562
car,sa,25,25,58,0.9905875582064562
car,sa,25,25,59,0.9905875582064562
car,sa,25,25,60,0.9905875582064562
car,sa,25,25,61,0.9905875582064562
car,sa,25,25,62,0.9905875582064562
car,sa,25,25,63,0.9905875582064562
car,sa,25,25,64,0.9905875582064562
car,sa,25,25,65,0.9905875582064562
car,sa,25,25,66,0.9905875582064562
car,sa,25,25,67,0.9905875582064562
car,sa,25,25,68,0.9905875582064562
car,sa,25,25,69,0.9905875582064562
car,sa,25,25,70,0.9905875582064562
car,sa,25,25,71,0.9905875582064562
car,sa,25,25,72,0.9905875582064562
car,sa,25,25,73,0.9905875582064562
car,sa,25,25,74,0.9905875582064562
car,sa,25,25,75,0.9905875582064562
car,sa,25,25,76,0.9905875582064562
car,sa,25,25,77,0.9905875582064562
car,sa,25,25,78,0.9905875582064562
car,sa,25,25,79,0.9905875582064562
car,sa,25,25,80,0.9905875582064562
car,sa,25,25,81,0.9905875582064562
car,sa,25,25,82,0.9905875582064562
car,sa,25,25,83,0.9905875582064562
car,sa,25,25,84,0.9905875582064562
car,sa,25,25,85,0.9905875582064562
car,sa,25,25,86,0.9905875582064562
car,sa,25,25,87,0.9905875582064562
car,sa,25,25,88,0.9905875582064562
car,sa,25,25,89,0.9905875582064562
car,sa,25,25,90,0.9905875582064562
car,sa,25,25,91,0.9905875582064562
car,sa,25,25,92,0.9905875582064562
car,sa,25,25,93,0.9905875582064562
car,sa,25,25,94,0.9905875582064562
car,sa,25,25,95,0.9905875582064562
car,sa,25,25,96,0.9905875582064562
car,sa,25,25,97,0.9905875582064562
car,sa,25,25,98,0.9905875582064562
car,sa,25,25,99,0.9905875582064562
car,sa,25,25,100,0.9905875582064562
car,grid,26,26,1,0.7004342594045937
car,grid,26,26,2,0.7004342594045937
car,grid,26,26,3,0.7004342594045937
car,grid,26,26,4,0.7004342594045937
car,grid,26,26,5,0.7004342594045937
car,grid,26,26,6,0.7004342594045937
car,grid,26,26,7,0.7004342594045937
car,grid,26,26,8,0.7004342594045937
car,grid,26,26,9,0.7004342594045937
car,grid,26,26,10,0.7004342594045937
car,grid,26,26,11,0.7004342594045937
car,grid,26,26,12,0.7004342594045937
car,grid,26,26,13,0.7004342594045937
car,grid,26,26,14,0.7004342594045937
car,grid,26,26,15,0.7004342594045937
car,grid,26,26,16,0.8097106681316382
car,grid,26,26,17,0.8097106681316382
car,grid,26,26,18,0.8097106681316382
car,grid,26,26,19,0.8097106681316382
car,grid,26,26,20,0.8097106681316382
car,grid,26,26,21,0.8097106681316382
car,grid,26,26,22,0.8097106681316382
car,grid,26,26,23,0.8097106681316382
car,grid,26,26,24,0.8097106681316382
car,grid,26,26,25,0.8697404907654477
car,grid,26,26,26,0.9319913148119081
car,grid,26,26,27,0.9319913148119081
car,grid,26,26,28,0.9319913148119081
car,grid,26,26,29,0.9319913148119081
car,grid,26,26,30,0.9319913148119081
car,grid,26,26,31,0.9319913148119081
car,grid,26,26,32,0.9319913148119081
car,grid,26,26,33,0.9319913148119081
car,grid,26,26,34,0.9319913148119081
car,grid,26,26,35,0.9450086328676818
car,grid,26,26,36,0.9761157327473449
car,grid,26,26,37,0.9761157327473449
car,grid,26,26,38,0.9761157327473449
car,grid,26,26,39,0.9761157327473449
car,grid,26,26,40,0.9761157327473449
car,grid,26,26,41,0.9761157327473449
car,grid,26,26,42,0.9761157327473449
car,grid,26,26,43,0.9761157327473449
car,grid,26,26,44,0.9761157327473449
car,grid,26,26,45,0.9761157327473449
car,grid,26,26,46,0.988413645162978
car,grid,26,26,47,0.988413645162978
car,grid,26,26,48,0.988413645162978
car,grid,26,26,49,0.988413645162978
car,grid,26,26,50,0.988413645162978
car,grid,26,26,51,0.988413645162978
car,grid,26,26,52,0.988413645162978
car,grid,26,26,53,0.988413645162978
car,grid,26,26,54,0.988413645162978
car,grid,26,26,55,0.988413645162978
car,grid,26,26,56,0.988413645162978
car,grid,26,26,57,0.988413645162978
car,grid,26,26,58,0.988413645162978
car,grid,26,26,59,0.988413645162978
car,grid,26,26,60,0.988413645162978
car,grid,26,26,61,0.988413645162978
car,grid,26,26,62,0.988413645162978
car,grid,26,26,63,0.988413645162978
car,grid,26,26,64,0.988413645162978
car,grid,26,26,65,0.988413645162978
car,grid,26,26,66,0.988413645162978
car,grid,26,26,67,0.988413645162978
car,grid,26,26,68,0.988413645162978
car,grid,26,26,69,0.988413645162978
car,grid,26,26,70,0.988413645162978
car,grid,26,26,71,0.988413645162978
car,grid,26,26,72,0.988413645162978
car,grid,26,26,73,0.988413645162978
car,grid,26,26,74,0.988413645162978
car,grid,26,26,75,0.988413645162978
car,grid,26,26,76,0.988413645162978
car,grid,26,26,77,0.988413645162978
car,grid,26,26,78,0.988413645162978
car,grid,26,26,79,0.988413645162978
car,grid,26,26,80,0.988413645162978
car,grid,26,26,81,0.988413645162978
car,grid,26,26,82,0.988413645162978
car,grid,26,26,83,0.988413645162978
car,grid,26,26,84,0.988413645162978
car,grid,26,26,85,0.988413645162978
car,grid,26,26,86,0.988413645162978
car,grid,26,26,87,0.988413645162978
car,grid,26,26,88,0.988413645162978
car,grid,26,26,89,0.988413645162978
car,grid,26,26,90,0.988413645162978
car,grid,26,26,91,0.988413645162978
car,grid,26,26,92,0.988413645162978
car,grid,26,26,93,0.988413645162978
car,grid,26,26,94,0.988413645162978
car,grid,26,26,95,0.988413645162978
car,grid,26,26,96,0.988413645162978
car,grid,26,26,97,0.988413645162978
car,grid,26,26,98,0.988413645162978
car,grid,26,26,99,0.988413645162978
car,grid,26,26,100,0.988413645162978
car,random,26,26,1,0.9659969654162088
car,random,26,26,2,0.9659969654162088
car,random,26,26,3,0.9717731387014075
car,random,26,26,4,0.9717731387014075
car,random,26,26,5,0.9717731387014075
car,random,26,26,6,0.9717731387014075
car,random,26,26,7,0.9717731387014075
car,random,26,26,8,0.9717731387014075
car,random,26,26,9,0.9717731387014075
car,random,26,26,10,0.9891408988646472
car,random,26,26,11,0.9905849421859466
car,random,26,26,12,0.9905849421859466
car,random,26,26,13,0.9905849421859466
car,random,26,26,14,0.9905849421859466
car,random,26,26,15,0.9905849421859466
car,random,26,26,16,0.9905849421859466
car,random,26,26,17,0.9905849421859466
car,random,26,26,18,0.9905849421859466
car,random,26,26,19,0.9905849421859466
car,random,26,26,20,0.9905849421859466
car,random,26,26,21,0.9905849421859466
car,random,26,26,22,0.9905849421859466
car,random,26,26,23,0.9905849421859466
car,random,26,26,24,0.9905849421859466
car,random,26,26,25,0.9905849421859466
car,random,26,26,26,0.9905849421859466
car,random,26,26,27,0.9905849421859466
car,random,26,26,28,0.9905849421859466
car,random,26,26,29,0.9905849421859466
car,random,26,26,30,0.9905849421859466
car,random,26,26,31,0.9905849421859466
car,random,26,26,32,0.9905849421859466
car,random,26,26,33,0.9905875582064562
car,random,26,26,34,0.9905875582064562
car,random,26,26,35,0.9905875582064562
car,random,26,26,36,0.9905875582064562
car,random,26,26,37,0.9905875582064562
car,random,26,26,38,0.9905875582064562
car,random,26,26,39,0.9905875582064562
car,random,26,26,40,0.9905875582064562
car,random,26,26,41,0.9905875582064562
car,random,26,26,42,0.9905875582064562
car,random,26,26,43,0.9905875582064562
car,random,26,26,44,0.9905875582064562
car,random,26,26,45,0.9905875582064562
car,random,26,26,46,0.9905875582064562
car,random,26,26,47,0.9905875582064562
car,random,26,26,48,0.9905875582064562
car,random,26,26,49,0.9905875582064562
car,random,26,26,50,0.9905875582064562
car,random,26,26,51,0.9905875582064562
car,random,26,26,52,0.9905875582064562
car,random,26,26,53,0.9905875582064562
car,random,26,26,54,0.9905875582064562
car,random,26,26,55,0.9905875582064562
car,random,26,26,56,0.9905875582064562
car,random,26,26,57,0.9905875582064562
car,random,26,26,58,0.9905875582064562
car,random,26,26,59,0.9905875582064562
car,random,26,26,60,0.9905875582064562
car,random,26,26,61,0.9905875582064562
car,random,26,26,62,0.9905875582064562
car,random,26,26,63,0.9905875582064562
car,random,26,26,64,0.9905875582064562
car,random,26,26,65,0.9905875582064562
car,random,26,26,66,0.9905875582064562
car,random,26,26,67,0.9905875582064562
car,random,26,26,68,0.9905875582064562
car,random,26,26,69,0.9905875582064562
car,random,26,26,70,0.9905875582064562
car,random,26,26,71,0.9905875582064562
car,random,26,26,72,0.9905875582064562
car,random,26,26,73,0.9905875582064562
car,random,26,26,74,0.9905875582064562
car,random,26,26,75,0.9905875582064562
car,random,26,26,76,0.9905875582064562
car,random,26,26,77,0.9905875582064562
car,random,26,26,78,0.9905875582064562
car,random,26,26,79,0.9905875582064562
car,random,26,26,80,0.9905875582064562
car,random,26,26,81,0.9905875582064562
car,random,26,26,82,0.9905875582064562
car,random,26,26,83,0.9905875582064562
car,random,26,26,84,0.9905875582064562
car,random,26,26,85,0.9905875582064562
car,random,26,26,86,0.9905875582064562
car,random,26,26,87,0.9905875582064562
car,random,26,26,88,0.9905875582064562
car,random,26,26,89,0.9905875582064562
car,random,26,26,90,0.9905875582064562
car,random,26,26,91,0.9905875582064562
car,random,26,26,92,0.9905875582064562
car,random,26,26,93,0.9905875582064562
car,random,26,26,94,0.9905875582064562
car,random,26,26,95,0.9905875582064562
car,random,26,26,96,0.9905875582064562
car,random,26,26,97,0.9905875582064562
car,random,26,26,98,0.9905875582064562
car,random,26,26,99,0.9905875582064562
car,random,26,26,100,0.9905875582064562
car,bo_tpe,26,26,1,0.9659969654162088
car,bo_tpe,26,26,2,0.9659969654162088
car,bo_tpe,26,26,3,0.9717731387014075
car,bo_tpe,26,26,4,0.9717731387014075
car,bo_tpe,26,26,5,0.9717731387014075
car,bo_tpe,26,26,6,0.9717731387014075
car,bo_tpe,26,26,7,0.9717731387014075
car,bo_tpe,26,26,8,0.9717731387014075
car,bo_tpe,26,26,9,0.9717731387014075
car,bo_tpe,26,26,10,0.9891408988646472
car,bo_tpe,26,26,11,0.9891408988646472
car,bo_tpe,26,26,12,0.9891408988646472
car,bo_tpe,26,26,13,0.9891408988646472
car,bo_tpe,26,26,14,0.9891408988646472
car,bo_tpe,26,26,15,0.9891408988646472
car,bo_tpe,26,26,16,0.9891408988646472
car,bo_tpe,26,26,17,0.9891408988646472
car,bo_tpe,26,26,18,0.9891408988646472
car,bo_tpe,26,26,19,0.9891408988646472
car,bo_tpe,26,26,20,0.9891408988646472
car,bo_tpe,26,26,21,0.9891408988646472
car,bo_tpe,26,26,22,0.9891408988646472
car,bo_tpe,26,26,23,0.9891408988646472
car,bo_tpe,26,26,24,0.9891408988646472
car,bo_tpe,26,26,25,0.9905849421859466
car,bo_tpe,26,26,26,0.9905849421859466
car,bo_tpe,26,26,27,0.9905849421859466
car,bo_tpe,26,26,28,0.9905849421859466
car,bo_tpe,26,26,29,0.9905849421859466
car,bo_tpe,26,26,30,0.9905849421859466
car,bo_tpe,26,26,31,0.9905849421859466
car,bo_tpe,26,26,32,0.9905849421859466
car,bo_tpe,26,26,33,0.9905875582064562
car,bo_tpe,26,26,34,0.9905875582064562
car,bo_tpe,26,26,35,0.9905875582064562
car,bo_tpe,26,26,36,0.9905875582064562
car,bo_tpe,26,26,37,0.9905875582064562
car,bo_tpe,26,26,38,0.9905875582064562
car,bo_tpe,26,26,39,0.9905875582064562
car,bo_tpe,26,26,40,0.9905875582064562
car,bo_tpe,26,26,41,0.9905875582064562
car,bo_tpe,26,26,42,0.9905875582064562
car,bo_tpe,26,26,43,0.9905875582064562
car,bo_tpe,26,26,44,0.9905875582064562
car,bo_tpe,26,26,45,0.9905875582064562
car,bo_tpe,26,26,46,0.9905875582064562
car,bo_tpe,26,26,47,0.9905875582064562
car,bo_tpe,26,26,48,0.9905875582064562
car,bo_tpe,26,26,49,0.9905875582064562
car,bo_tpe,26,26,50,0.9905875582064562
car,bo_tpe,26,26,51,0.9905875582064562
car,bo_tpe,26,26,52,0.9905875582064562
car,bo_tpe,26,26,53,0.9905875582064562
car,bo_tpe,26,26,54,0.9905875582064562
car,bo_tpe,26,26,55,0.9905875582064562
car,bo_tpe,26,26,56,0.9905875582064562
car,bo_tpe,26,26,57,0.9905875582064562
car,bo_tpe,26,26,58,0.9905875582064562
car,bo_tpe,26,26,59,0.9905875582064562
car,bo_tpe,26,26,60,0.9905875582064562
car,bo_tpe,26,26,61,0.9905875582064562
car,bo_tpe,26,26,62,0.9905875582064562
car,bo_tpe,26,26,63,0.9905875582064562
car,bo_tpe,26,26,64,0.9905875582064562
car,bo_tpe,26,26,65,0.9905875582064562
car,bo_tpe,26,26,66,0.9905875582064562
car,bo_tpe,26,26,67,0.9905875582064562
car,bo_tpe,26,26,68,0.9905875582064562
car,bo_tpe,26,26,69,0.9905875582064562
car,bo_tpe,26,26,70,0.9905875582064562
car,bo_tpe,26,26,71,0.9905875582064562
car,bo_tpe,26,26,72,0.9905875582064562
car,bo_tpe,26,26,73,0.9905875582064562
car,bo_tpe,26,26,74,0.9905875582064562
car,bo_tpe,26,26,75,0.9905875582064562
car,bo_tpe,26,26,76,0.9905875582064562
car,bo_tpe,26,26,77,0.9905875582064562
car,bo_tpe,26,26,78,0.9905875582064562
car,bo_tpe,26,26,79,0.9905875582064562
car,bo_tpe,26,26,80,0.9905875582064562
car,bo_tpe,26,26,81,0.9905875582064562
car,bo_tpe,26,26,82,0.9905875582064562
car,bo_tpe,26,26,83,0.9905875582064562
car,bo_tpe,26,26,84,0.9905875582064562
car,bo_tpe,26,26,85,0.9905875582064562
car,bo_tpe,26,26,86,0.9905875582064562
car,bo_tpe,26,26,87,0.9905875582064562
car,bo_tpe,26,26,88,0.9905875582064562
car,bo_tpe,26,26,89,0.9905875582064562
car,bo_tpe,26,26,90,0.9905875582064562
car,bo_tpe,26,26,91,0.9905875582064562
car,bo_tpe,26,26,92,0.9905875582064562
car,bo_tpe,26,26,93,0.9905875582064562
car,bo_tpe,26,26,94,0.9905875582064562
car,bo_tpe,26,26,95,0.9905875582064562
car,bo_tpe,26,26,96,0.9905875582064562
car,bo_tpe,26,26,97,0.9905875582064562
car,bo_tpe,26,26,98,0.9905875582064562
car,bo_tpe,26,26,99,0.9905875582064562
car,bo_tpe,26,26,100,0.9905875582064562
car,pso,26,26,1,0.9059331345157746
car,pso,26,26,2,0.9059331345157746
car,pso,26,26,3,0.9059331345157746
car,pso,26,26,4,0.9059331345157746
car,pso,26,26,5,0.9876916235023282
car,pso,26,26,6,0.9876916235023282
car,pso,26,26,7,0.9876916235023282
car,pso,26,26,8,0.9876916235023282
car,pso,26,26,9,0.9876916235023282
car,pso,26,26,10,0.9876916235023282
car,pso,26,26,11,0.9876916235023282
car,pso,26,26,12,0.9876916235023282
car,pso,26,26,13,0.9876916235023282
car,pso,26,26,14,0.9905849421859466
car,pso,26,26,15,0.9905849421859466
car,pso,26,26,16,0.9905849421859466
car,pso,26,26,17,0.9905849421859466
car,pso,26,26,18,0.9905849421859466
car,pso,26,26,19,0.9905849421859466
car,pso,26,26,20,0.9905849421859466
car,pso,26,26,21,0.9905849421859466
car,pso,26,26,22,0.9905849421859466
car,pso,26,26,23,0.9905849421859466
car,pso,26,26,24,0.9905849421859466
car,pso,26,26,25,0.9905875582064562
car,pso,26,26,26,0.9905875582064562
car,pso,26,26,27,0.9905875582064562
car,pso,26,26,28,0.9905875582064562
car,pso,26,26,29,0.9905875582064562
car,pso,26,26,30,0.9905875582064562
car,pso,26,26,31,0.9905875582064562
car,pso,26,26,32,0.9905875582064562
car,pso,26,26,33,0.9905875582064562
car,pso,26,26,34,0.9905875582064562
car,pso,26,26,35,0.9905875582064562
car,pso,26,26,36,0.9905875582064562
car,pso,26,26,37,0.9905875582064562
car,pso,26,26,38,0.9905875582064562
car,pso,26,26,39,0.9905875582064562
car,pso,26,26,40,0.9905875582064562
car,pso,26,26,41,0.9905875582064562
car,pso,26,26,42,0.9905875582064562
car,pso,26,26,43,0.9905875582064562
car,pso,26,26,44,0.9905875582064562
car,pso,26,26,45,0.9905875582064562
car,pso,26,26,46,0.9905875582064562
car,pso,26,26,47,0.9905875582064562
car,pso,26,26,48,0.9905875582064562
car,pso,26,26,49,0.9905875582064562
car,pso,26,26,50,0.9905875582064562
car,pso,26,26,51,0.9905875582064562
car,pso,26,26,52,0.9905875582064562
car,pso,26,26,53,0.9905875582064562
car,pso,26,26,54,0.9905875582064562
car,pso,26,26,55,0.9905875582064562
car,pso,26,26,56,0.9905875582064562
car,pso,26,26,57,0.9905875582064562
car,pso,26,26,58,0.9905875582064562
car,pso,26,26,59,0.9905875582064562
car,pso,26,26,60,0.9905875582064562
car,pso,26,26,61,0.9905875582064562
car,pso,26,26,62,0.9905875582064562
car,pso,26,26,63,0.9905875582064562
car,pso,26,26,64,0.9905875582064562
car,pso,26,26,65,0.9905875582064562
car,pso,26,26,66,0.9905875582064562
car,pso,26,26,67,0.9905875582064562
car,pso,26,26,68,0.9905875582064562
car,pso,26,26,69,0.9905875582064562
car,pso,26,26,70,0.9905875582064562
car,pso,26,26,71,0.9905875582064562
car,pso,26,26,72,0.9905875582064562
car,pso,26,26,73,0.9905875582064562
car,pso,26,26,74,0.9905875582064562
car,pso,26,26,75,0.9905875582064562
car,pso,26,26,76,0.9905875582064562
car,pso,26,26,77,0.9905875582064562
car,pso,26,26,78,0.9905875582064562
car,pso,26,26,79,0.9905875582064562
car,pso,26,26,80,0.9905875582064562
car,pso,26,26,81,0.9905875582064562
car,pso,26,26,82,0.9905875582064562
car,pso,26,26,83,0.9905875582064562
car,pso,26,26,84,0.9905875582064562
car,pso,26,26,85,0.9905875582064562
car,pso,26,26,86,0.9905875582064562
car,pso,26,26,87,0.9905875582064562
car,pso,26,26,88,0.9905875582064562
car,pso,26,26,89,0.9905875582064562
car,pso,26,26,90,0.9905875582064562
car,pso,26,26,91,0.9905875582064562
car,pso,26,26,92,0.9905875582064562
car,pso,26,26,93,0.9905875582064562
car,pso,26,26,94,0.9905875582064562
car,pso,26,26,95,0.9905875582064562
car,pso,26,26,96,0.9905875582064562
car,pso,26,26,97,0.9905875582064562
car,pso,26,26,98,0.9905875582064562
car,pso,26,26,99,0.9905875582064562
car,pso,26,26,100,0.9905875582064562
car,de,26,26,1,0.9109846701198137
car,de,26,26,2,0.9109846701198137
car,de,26,26,3,0.9898629205252968
car,de,26,26,4,0.9898629205252968
car,de,26,26,5,0.9898629205252968
car,de,26,26,6,0.9898629205252968
car,de,26,26,7,0.9905875582064562
car,de,26,26,8,0.9905875582064562
car,de,26,26,9,0.9905875582064562
car,de,26,26,10,0.9905875582064562
car,de,26,26,11,0.9905875582064562
car,de,26,26,12,0.9905875582064562
car,de,26,26,13,0.9905875582064562
car,de,26,26,14,0.9905875582064562
car,de,26,26,15,0.9905875582064562
car,de,26,26,16,0.9905875582064562
car,de,26,26,17,0.9905875582064562
car,de,26,26,18,0.9905875582064562
car,de,26,26,19,0.9905875582064562
car,de,26,26,20,0.9905875582064562
car,de,26,26,21,0.9905875582064562
car,de,26,26,22,0.9905875582064562
car,de,26,26,23,0.9905875582064562
car,de,26,26,24,0.9905875582064562
car,de,26,26,25,0.9905875582064562
car,de,26,26,26,0.9905875582064562
car,de,26,26,27,0.9905875582064562
car,de,26,26,28,0.9905875582064562
car,de,26,26,29,0.9905875582064562
car,de,26,26,30,0.9905875582064562
car,de,26,26,31,0.9905875582064562
car,de,26,26,32,0.9905875582064562
car,de,26,26,33,0.9905875582064562
car,de,26,26,34,0.9905875582064562
car,de,26,26,35,0.9905875582064562
car,de,26,26,36,0.9905875582064562
car,de,26,26,37,0.9905875582064562
car,de,26,26,38,0.9905875582064562
car,de,26,26,39,0.9905875582064562
car,de,26,26,40,0.9905875582064562
car,de,26,26,41,0.9905875582064562
car,de,26,26,42,0.9905875582064562
car,de,26,26,43,0.9905875582064562
car,de,26,26,44,0.9905875582064562
car,de,26,26,45,0.9905875582064562
car,de,26,26,46,0.9905875582064562
car,de,26,26,47,0.9905875582064562
car,de,26,26,48,0.9905875582064562
car,de,26,26,49,0.9905875582064562
car,de,26,26,50,0.9905875582064562
car,de,26,26,51,0.9905875582064562
car,de,26,26,52,0.9905875582064562
car,de,26,26,53,0.9905875582064562
car,de,26,26,54,0.9905875582064562
car,de,26,26,55,0.9905875582064562
car,de,26,26,56,0.9905875582064562
car,de,26,26,57,0.9905875582064562
car,de,26,26,58,0.9905875582064562
car,de,26,26,59,0.9905875582064562
car,de,26,26,60,0.9905875582064562
car,de,26,26,61,0.9905875582064562
car,de,26,26,62,0.9905875582064562
car,de,26,26,63,0.9905875582064562
car,de,26,26,64,0.9905875582064562
car,de,26,26,65,0.9905875582064562
car,de,26,26,66,0.9905875582064562
car,de,26,26,67,0.9905875582064562
car,de,26,26,68,0.9905875582064562
car,de,26,26,69,0.9905875582064562
car,de,26,26,70,0.9905875582064562
car,de,26,26,71,0.9905875582064562
car,de,26,26,72,0.9905875582064562
car,de,26,26,73,0.9905875582064562
car,de,26,26,74,0.9905875582064562
car,de,26,26,75,0.9905875582064562
car,de,26,26,76,0.9905875582064562
car,de,26,26,77,0.9905875582064562
car,de,26,26,78,0.9905875582064562
car,de,26,26,79,0.9905875582064562
car,de,26,26,80,0.9905875582064562
car,de,26,26,81,0.9905875582064562
car,de,26,26,82,0.9905875582064562
car,de,26,26,83,0.9905875582064562
car,de,26,26,84,0.9905875582064562
car,de,26,26,85,0.9905875582064562
car,de,26,26,86,0.9905875582064562
car,de,26,26,87,0.9905875582064562
car,de,26,26,88,0.9905875582064562
car,de,26,26,89,0.9905875582064562
car,de,26,26,90,0.9905875582064562
car,de,26,26,91,0.9905875582064562
car,de,26,26,92,0.9905875582064562
car,de,26,26,93,0.9905875582064562
car,de,26,26,94,0.9905875582064562
car,de,26,26,95,0.9905875582064562
car,de,26,26,96,0.9905875582064562
car,de,26,26,97,0.9905875582064562
car,de,26,26,98,0.9905875582064562
car,de,26,26,99,0.9905875582064562
car,de,26,26,100,0.9905875582064562
car,ga,26,26,1,0.9109846701198137
car,ga,26,26,2,0.9109846701198137
car,ga,26,26,3,0.9898629205252968
car,ga,26,26,4,0.9898629205252968
car,ga,26,26,5,0.9898629205252968
car,ga,26,26,6,0.9898629205252968
car,ga,26,26,7,0.9905875582064562
car,ga,26,26,8,0.9905875582064562
car,ga,26,26,9,0.9905875582064562
car,ga,26,26,10,0.9905875582064562
car,ga,26,26,11,0.9905875582064562
car,ga,26,26,12,0.9905875582064562
car,ga,26,26,13,0.9905875582064562
car,ga,26,26,14,0.9905875582064562
car,ga,26,26,15,0.9905875582064562
car,ga,26,26,16,0.9905875582064562
car,ga,26,26,17,0.9905875582064562
car,ga,26,26,18,0.9905875582064562
car,ga,26,26,19,0.9905875582064562
car,ga,26,26,20,0.9905875582064562
car,ga,26,26,21,0.9905875582064562
car,ga,26,26,22,0.9905875582064562
car,ga,26,26,23,0.9905875582064562
car,ga,26,26,24,0.9905875582064562
car,ga,26,26,25,0.9905875582064562
car,ga,26,26,26,0.9905875582064562
car,ga,26,26,27,0.9905875582064562
car,ga,26,26,28,0.9905875582064562
car,ga,26,26,29,0.9905875582064562
car,ga,26,26,30,0.9905875582064562
car,ga,26,26,31,0.9905875582064562
car,ga,26,26,32,0.9905875582064562
car,ga,26,26,33,0.9905875582064562
car,ga,26,26,34,0.9905875582064562
car,ga,26,26,35,0.9905875582064562
car,ga,26,26,36,0.9905875582064562
car,ga,26,26,37,0.9905875582064562
car,ga,26,26,38,0.9905875582064562
car,ga,26,26,39,0.9905875582064562
car,ga,26,26,40,0.9905875582064562
car,ga,26,26,41,0.9905875582064562
car,ga,26,26,42,0.9905875582064562
car,ga,26,26,43,0.9905875582064562
car,ga,26,26,44,0.9905875582064562
car,ga,26,26,45,0.9905875582064562
car,ga,26,26,46,0.9905875582064562
car,ga,26,26,47,0.9905875582064562
car,ga,26,26,48,0.9905875582064562
car,ga,26,26,49,0.9905875582064562
car,ga,26,26,50,0.9905875582064562
car,ga,26,26,51,0.9905875582064562
car,ga,26,26,52,0.9905875582064562
car,ga,26,26,53,0.9905875582064562
car,ga,26,26,54,0.9905875582064562
car,ga,26,26,55,0.9905875582064562
car,ga,26,26,56,0.9905875582064562
car,ga,26,26,57,0.9905875582064562
car,ga,26,26,58,0.9905875582064562
car,ga,26,26,59,0.9905875582064562
car,ga,26,26,60,0.9905875582064562
car,ga,26,26,61,0.9905875582064562
car,ga,26,26,62,0.9905875582064562
car,ga,26,26,63,0.9905875582064562
car,ga,26,26,64,0.9905875582064562
car,ga,26,26,65,0.9905875582064562
car,ga,26,26,66,0.9905875582064562
car,ga,26,26,67,0.9905875582064562
car,ga,26,26,68,0.9905875582064562
car,ga,26,26,69,0.9905875582064562
car,ga,26,26,70,0.9905875582064562
car,ga,26,26,71,0.9905875582064562
car,ga,26,26,72,0.9905875582064562
car,ga,26,26,73,0.9905875582064562
car,ga,26,26,74,0.9905875582064562
car,ga,26,26,75,0.9905875582064562
car,ga,26,26,76,0.9905875582064562
car,ga,26,26,77,0.9905875582064562
car,ga,26,26,78,0.9905875582064562
car,ga,26,26,79,0.9905875582064562
car,ga,26,26,80,0.9905875582064562
car,ga,26,26,81,0.9905875582064562
car,ga,26,26,82,0.9905875582064562
car,ga,26,26,83,0.9905875582064562
car,ga,26,26,84,0.9905875582064562
car,ga,26,26,85,0.9905875582064562
car,ga,26,26,86,0.9905875582064562
car,ga,26,26,87,0.9905875582064562
car,ga,26,26,88,0.9905875582064562
car,ga,26,26,89,0.9905875582064562
car,ga,26,26,90,0.9905875582064562
car,ga,26,26,91,0.9905875582064562
car,ga,26,26,92,0.9905875582064562
car,ga,26,26,93,0.9905875582064562
car,ga,26,26,94,0.9905875582064562
car,ga,26,26,95,0.9905875582064562
car,ga,26,26,96,0.9905875582064562
car,ga,26,26,97,0.9905875582064562
car,ga,26,26,98,0.9905875582064562
car,ga,26,26,99,0.9905875582064562
car,ga,26,26,100,0.9905875582064562
car,sa,26,26,1,0.9659969654162088
car,sa,26,26,2,0.9876916235023282
car,sa,26,26,3,0.9876916235023282
car,sa,26,26,4,0.9876916235023282
car,sa,26,26,5,0.988413645162978
car,sa,26,26,6,0.988413645162978
car,sa,26,26,7,0.988413645162978
car,sa,26,26,8,0.988413645162978
car,sa,26,26,9,0.988413645162978
car,sa,26,26,10,0.988413645162978
car,sa,26,26,11,0.988413645162978
car,sa,26,26,12,0.988413645162978
car,sa,26,26,13,0.988413645162978
car,sa,26,26,14,0.988413645162978
car,sa,26,26,15,0.988413645162978
car,sa,26,26,16,0.988413645162978
car,sa,26,26,17,0.988413645162978
car,sa,26,26,18,0.988413645162978
car,sa,26,26,19,0.988413645162978
car,sa,26,26,20,0.988413645162978
car,sa,26,26,21,0.988413645162978
car,sa,26,26,22,0.988413645162978
car,sa,26,26,23,0.988413645162978
car,sa,26,26,24,0.988413645162978
car,sa,26,26,25,0.988413645162978
car,sa,26,26,26,0.988413645162978
car,sa,26,26,27,0.9891382828441374
car,sa,26,26,28,0.9891382828441374
car,sa,26,26,29,0.9891382828441374
car,sa,26,26,30,0.9891382828441374
car,sa,26,26,31,0.9891382828441374
car,sa,26,26,32,0.9891382828441374
car,sa,26,26,33,0.9891382828441374
car,sa,26,26,34,0.9891382828441374
car,sa,26,26,35,0.9891382828441374
car,sa,26,26,36,0.9891382828441374
car,sa,26,26,37,0.9891382828441374
car,sa,26,26,38,0.9891382828441374
car,sa,26,26,39,0.9891382828441374
car,sa,26,26,40,0.9891382828441374
car,sa,26,26,41,0.9891382828441374
car,sa,26,26,42,0.9898629205252968
car,sa,26,26,43,0.9905875582064562
car,sa,26,26,44,0.9905875582064562
car,sa,26,26,45,0.9905875582064562
car,sa,26,26,46,0.9905875582064562
car,sa,26,26,47,0.9905875582064562
car,sa,26,26,48,0.9905875582064562
car,sa,26,26,49,0.9905875582064562
car,sa,26,26,50,0.9905875582064562
car,sa,26,26,51,0.9905875582064562
car,sa,26,26,52,0.9905875582064562
car,sa,26,26,53,0.9905875582064562
car,sa,26,26,54,0.9905875582064562
car,sa,26,26,55,0.9905875582064562
car,sa,26,26,56,0.9905875582064562
car,sa,26,26,57,0.9905875582064562
car,sa,26,26,58,0.9905875582064562
car,sa,26,26,59,0.9905875582064562
car,sa,26,26,60,0.9905875582064562
car,sa,26,26,61,0.9905875582064562
car,sa,26,26,62,0.9905875582064562
car,sa,26,26,63,0.9905875582064562
car,sa,26,26,64,0.9905875582064562
car,sa,26,26,65,0.9905875582064562
car,sa,26,26,66,0.9905875582064562
car,sa,26,26,67,0.9905875582064562
car,sa,26,26,68,0.9905875582064562
car,sa,26,26,69,0.9905875582064562
car,sa,26,26,70,0.9905875582064562
car,sa,26,26,71,0.9905875582064562
car,sa,26,26,72,0.9905875582064562
car,sa,26,26,73,0.9905875582064562
car,sa,26,26,74,0.9905875582064562
car,sa,26,26,75,0.9905875582064562
car,sa,26,26,76,0.9905875582064562
car,sa,26,26,77,0.9905875582064562
car,sa,26,26,78,0.9905875582064562
car,sa,26,26,79,0.9905875582064562
car,sa,26,26,80,0.9905875582064562
car,sa,26,26,81,0.9905875582064562
car,sa,26,26,82,0.9905875582064562
car,sa,26,26,83,0.9905875582064562
car,sa,26,26,84,0.9905875582064562
car,sa,26,26,85,0.9905875582064562
car,sa,26,26,86,0.9905875582064562
car,sa,26,26,87,0.9905875582064562
car,sa,26,26,88,0.9905875582064562
car,sa,26,26,89,0.9905875582064562
car,sa,26,26,90,0.9905875582064562
car,sa,26,26,91,0.9905875582064562
car,sa,26,26,92,0.9905875582064562
car,sa,26,26,93,0.9905875582064562
car,sa,26,26,94,0.9905875582064562
car,sa,26,26,95,0.9905875582064562
car,sa,26,26,96,0.9905875582064562
car,sa,26,26,97,0.9905875582064562
car,sa,26,26,98,0.9905875582064562
car,sa,26,26,99,0.9905875582064562
car,sa,26,26,100,0.9905875582064562
car,grid,27,27,1,0.7004342594045937
car,grid,27,27,2,0.7004342594045937
car,grid,27,27,3,0.7004342594045937
car,grid,27,27,4,0.7004342594045937
car,grid,27,27,5,0.7004342594045937
car,grid,27,27,6,0.7004342594045937
car,grid,27,27,7,0.7004342594045937
car,grid,27,27,8,0.7004342594045937
car,grid,27,27,9,0.7004342594045937
car,grid,27,27,10,0.7004342594045937
car,grid,27,27,11,0.7004342594045937
car,grid,27,27,12,0.7004342594045937
car,grid,27,27,13,0.7004342594045937
car,grid,27,27,14,0.7004342594045937
car,grid,27,27,15,0.7004342594045937
car,grid,27,27,16,0.8097106681316382
car,grid,27,27,17,0.8097106681316382
car,grid,27,27,18,0.8097106681316382
car,grid,27,27,19,0.8097106681316382
car,grid,27,27,20,0.8097106681316382
car,grid,27,27,21,0.8097106681316382
car,grid,27,27,22,0.8097106681316382
car,grid,27,27,23,0.8097106681316382
car,grid,27,27,24,0.8097106681316382
car,grid,27,27,25,0.8697404907654477
car,grid,27,27,26,0.9319913148119081
car,grid,27,27,27,0.9319913148119081
car,grid,27,27,28,0.9319913148119081
car,grid,27,27,29,0.9319913148119081
car,grid,27,27,30,0.9319913148119081
car,grid,27,27,31,0.9319913148119081
car,grid,27,27,32,0.9319913148119081
car,grid,27,27,33,0.9319913148119081
car,grid,27,27,34,0.9319913148119081
car,grid,27,27,35,0.9450086328676818
car,grid,27,27,36,0.9761157327473449
car,grid,27,27,37,0.9761157327473449
car,grid,27,27,38,0.9761157327473449
car,grid,27,27,39,0.9761157327473449
car,grid,27,27,40,0.9761157327473449
car,grid,27,27,41,0.9761157327473449
car,grid,27,27,42,0.9761157327473449
car,grid,27,27,43,0.9761157327473449
car,grid,27,27,44,0.9761157327473449
car,grid,27,27,45,0.9761157327473449
car,grid,27,27,46,0.988413645162978
car,grid,27,27,47,0.988413645162978
car,grid,27,27,48,0.988413645162978
car,grid,27,27,49,0.988413645162978
car,grid,27,27,50,0.988413645162978
car,grid,27,27,51,0.988413645162978
car,grid,27,27,52,0.988413645162978
car,grid,27,27,53,0.988413645162978
car,grid,27,27,54,0.988413645162978
car,grid,27,27,55,0.988413645162978
car,grid,27,27,56,0.988413645162978
car,grid,27,27,57,0.988413645162978
car,grid,27,27,58,0.988413645162978
car,grid,27,27,59,0.988413645162978
car,grid,27,27,60,0.988413645162978
car,grid,27,27,61,0.988413645162978
car,grid,27,27,62,0.988413645162978
car,grid,27,27,63,0.988413645162978
car,grid,27,27,64,0.988413645162978
car,grid,27,27,65,0.988413645162978
car,grid,27,27,66,0.988413645162978
car,grid,27,27,67,0.988413645162978
car,grid,27,27,68,0.988413645162978
car,grid,27,27,69,0.988413645162978
car,grid,27,27,70,0.988413645162978
car,grid,27,27,71,0.988413645162978
car,grid,27,27,72,0.988413645162978
car,grid,27,27,73,0.988413645162978
car,grid,27,27,74,0.988413645162978
car,grid,27,27,75,0.988413645162978
car,grid,27,27,76,0.988413645162978
car,grid,27,27,77,0.988413645162978
car,grid,27,27,78,0.988413645162978
car,grid,27,27,79,0.988413645162978
car,grid,27,27,80,0.988413645162978
car,grid,27,27,81,0.988413645162978
car,grid,27,27,82,0.988413645162978
car,grid,27,27,83,0.988413645162978
car,grid,27,27,84,0.988413645162978
car,grid,27,27,85,0.988413645162978
car,grid,27,27,86,0.988413645162978
car,grid,27,27,87,0.988413645162978
car,grid,27,27,88,0.988413645162978
car,grid,27,27,89,0.988413645162978
car,grid,27,27,90,0.988413645162978
car,grid,27,27,91,0.988413645162978
car,grid,27,27,92,0.988413645162978
car,grid,27,27,93,0.988413645162978
car,grid,27,27,94,0.988413645162978
car,grid,27,27,95,0.988413645162978
car,grid,27,27,96,0.988413645162978
car,grid,27,27,97,0.988413645162978
car,grid,27,27,98,0.988413645162978
car,grid,27,27,99,0.988413645162978
car,grid,27,27,100,0.988413645162978
car,random,27,27,1,0.7004342594045937
car,random,27,27,2,0.7004342594045937
car,random,27,27,3,0.7004342594045937
car,random,27,27,4,0.9855203264793595
car,random,27,27,5,0.9855203264793595
car,random,27,27,6,0.9855203264793595
car,random,27,27,7,0.9855203264793595
car,random,27,27,8,0.9855203264793595
car,random,27,27,9,0.9855203264793595
car,random,27,27,10,0.9855203264793595
car,random,27,27,11,0.9855203264793595
car,random,27,27,12,0.9855203264793595
car,random,27,27,13,0.9855203264793595
car,random,27,27,14,0.9855203264793595
car,random,27,27,15,0.9855203264793595
car,random,27,27,16,0.9855203264793595
car,random,27,27,17,0.9855203264793595
car,random,27,27,18,0.9891408988646472
car,random,27,27,19,0.9891408988646472
car,random,27,27,20,0.9891408988646472
car,random,27,27,21,0.9891408988646472
car,random,27,27,22,0.9891408988646472
car,random,27,27,23,0.9891408988646472
car,random,27,27,24,0.9891408988646472
car,random,27,27,25,0.9891408988646472
car,random,27,27,26,0.9891408988646472
car,random,27,27,27,0.9891408988646472
car,random,27,27,28,0.9891408988646472
car,random,27,27,29,0.9891408988646472
car,random,27,27,30,0.9891408988646472
car,random,27,27,31,0.9891408988646472
car,random,27,27,32,0.9891408988646472
car,random,27,27,33,0.9891408988646472
car,random,27,27,34,0.9891408988646472
car,random,27,27,35,0.9891408988646472
car,random,27,27,36,0.9891408988646472
car,random,27,27,37,0.9891408988646472
car,random,27,27,38,0.9891408988646472
car,random,27,27,39,0.9891408988646472
car,random,27,27,40,0.9891408988646472
car,random,27,27,41,0.9891408988646472
car,random,27,27,42,0.9891408988646472
car,random,27,27,43,0.9891408988646472
car,random,27,27,44,0.9891408988646472
car,random,27,27,45,0.9891408988646472
car,random,27,27,46,0.9891408988646472
car,random,27,27,47,0.9891408988646472
car,random,27,27,48,0.9891408988646472
car,random,27,27,49,0.9905875582064562
car,random,27,27,50,0.9905875582064562
car,random,27,27,51,0.9905875582064562
car,random,27,27,52,0.9905875582064562
car,random,27,27,53,0.9905875582064562
car,random,27,27,54,0.9905875582064562
car,random,27,27,55,0.9905875582064562
car,random,27,27,56,0.9905875582064562
car,random,27,27,57,0.9905875582064562
car,random,27,27,58,0.9905875582064562
car,random,27,27,59,0.9905875582064562
car,random,27,27,60,0.9905875582064562
car,random,27,27,61,0.9905875582064562
car,random,27,27,62,0.9905875582064562
car,random,27,27,63,0.9905875582064562
car,random,27,27,64,0.9905875582064562
car,random,27,27,65,0.9905875582064562
car,random,27,27,66,0.9905875582064562
car,random,27,27,67,0.9905875582064562
car,random,27,27,68,0.9905875582064562
car,random,27,27,69,0.9905875582064562
car,random,27,27,70,0.9905875582064562
car,random,27,27,71,0.9905875582064562
car,random,27,27,72,0.9905875582064562
car,random,27,27,73,0.9905875582064562
car,random,27,27,74,0.9905875582064562
car,random,27,27,75,0.9905875582064562
car,random,27,27,76,0.9905875582064562
car,random,27,27,77,0.9905875582064562
car,random,27,27,78,0.9905875582064562
car,random,27,27,79,0.9905875582064562
car,random,27,27,80,0.9905875582064562
car,random,27,27,81,0.9905875582064562
car,random,27,27,82,0.9905875582064562
car,random,27,27,83,0.9905875582064562
car,random,27,27,84,0.9905875582064562
car,random,27,27,85,0.9905875582064562
car,random,27,27,86,0.9905875582064562
car,random,27,27,87,0.9905875582064562
car,random,27,27,88,0.9905875582064562
car,random,27,27,89,0.9905875582064562
car,random,27,27,90,0.9905875582064562
car,random,27,27,91,0.9905875582064562
car,random,27,27,92,0.9905875582064562
car,random,27,27,93,0.9905875582064562
car,random,27,27,94,0.9905875582064562
car,random,27,27,95,0.9905875582064562
car,random,27,27,96,0.9905875582064562
car,random,27,27,97,0.9905875582064562
car,random,27,27,98,0.9905875582064562
car,random,27,27,99,0.9905875582064562
car,random,27,27,100,0.9905875582064562
car,bo_tpe,27,27,1,0.7004342594045937
car,bo_tpe,27,27,2,0.7004342594045937
car,bo_tpe,27,27,3,0.7004342594045937
car,bo_tpe,27,27,4,0.9855203264793595
car,bo_tpe,27,27,5,0.9855203264793595
car,bo_tpe,27,27,6,0.9855203264793595
car,bo_tpe,27,27,7,0.9855203264793595
car,bo_tpe,27,27,8,0.9855203264793595
car,bo_tpe,27,27,9,0.9855203264793595
car,bo_tpe,27,27,10,0.9855203264793595
car,bo_tpe,27,27,11,0.9855203264793595
car,bo_tpe,27,27,12,0.9905849421859466
car,bo_tpe,27,27,13,0.9905849421859466
car,bo_tpe,27,27,14,0.9905875582064562
car,bo_tpe,27,27,15,0.9905875582064562
car,bo_tpe,27,27,16,0.9905875582064562
car,bo_tpe,27,27,17,0.9905875582064562
car,bo_tpe,27,27,18,0.9905875582064562
car,bo_tpe,27,27,19,0.9905875582064562
car,bo_tpe,27,27,20,0.9905875582064562
car,bo_tpe,27,27,21,0.9905875582064562
car,bo_tpe,27,27,22,0.9905875582064562
car,bo_tpe,27,27,23,0.9905875582064562
car,bo_tpe,27,27,24,0.9905875582064562
car,bo_tpe,27,27,25,0.9905875582064562
car,bo_tpe,27,27,26,0.9905875582064562
car,bo_tpe,27,27,27,0.9905875582064562
car,bo_tpe,27,27,28,0.9905875582064562
car,bo_tpe,27,27,29,0.9905875582064562
car,bo_tpe,27,27,30,0.9905875582064562
car,bo_tpe,27,27,31,0.9905875582064562
car,bo_tpe,27,27,32,0.9905875582064562
car,bo_tpe,27,27,33,0.9905875582064562
car,bo_tpe,27,27,34,0.9905875582064562
car,bo_tpe,27,27,35,0.9905875582064562
car,bo_tpe,27,27,36,0.9905875582064562
car,bo_tpe,27,27,37,0.9905875582064562
car,bo_tpe,27,27,38,0.9905875582064562
car,bo_tpe,27,27,39,0.9905875582064562
car,bo_tpe,27,27,40,0.9905875582064562
car,bo_tpe,27,27,41,0.9905875582064562
car,bo_tpe,27,27,42,0.9905875582064562
car,bo_tpe,27,27,43,0.9905875582064562
car,bo_tpe,27,27,44,0.9905875582064562
car,bo_tpe,27,27,45,0.9905875582064562
car,bo_tpe,27,27,46,0.9905875582064562
car,bo_tpe,27,27,47,0.9905875582064562
car,bo_tpe,27,27,48,0.9905875582064562
car,bo_tpe,27,27,49,0.9905875582064562
car,bo_tpe,27,27,50,0.9905875582064562
car,bo_tpe,27,27,51,0.9905875582064562
car,bo_tpe,27,27,52,0.9905875582064562
car,bo_tpe,27,27,53,0.9905875582064562
car,bo_tpe,27,27,54,0.9905875582064562
car,bo_tpe,27,27,55,0.9905875582064562
car,bo_tpe,27,27,56,0.9905875582064562
car,bo_tpe,27,27,57,0.9905875582064562
car,bo_tpe,27,27,58,0.9905875582064562
car,bo_tpe,27,27,59,0.9905875582064562
car,bo_tpe,27,27,60,0.9905875582064562
car,bo_tpe,27,27,61,0.9905875582064562
car,bo_tpe,27,27,62,0.9905875582064562
car,bo_tpe,27,27,63,0.9905875582064562
car,bo_tpe,27,27,64,0.9905875582064562
car,bo_tpe,27,27,65,0.9905875582064562
car,bo_tpe,27,27,66,0.9905875582064562
car,bo_tpe,27,27,67,0.9905875582064562
car,bo_tpe,27,27,68,0.9905875582064562
car,bo_tpe,27,27,69,0.9905875582064562
car,bo_tpe,27,27,70,0.9905875582064562
car,bo_tpe,27,27,71,0.9905875582064562
car,bo_tpe,27,27,72,0.9905875582064562
car,bo_tpe,27,27,73,0.9905875582064562
car,bo_tpe,27,27,74,0.9905875582064562
car,bo_tpe,27,27,75,0.9905875582064562
car,bo_tpe,27,27,76,0.9905875582064562
car,bo_tpe,27,27,77,0.9905875582064562
car,bo_tpe,27,27,78,0.9905875582064562
car,bo_tpe,27,27,79,0.9905875582064562
car,bo_tpe,27,27,80,0.9905875582064562
car,bo_tpe,27,27,81,0.9905875582064562
car,bo_tpe,27,27,82,0.9905875582064562
car,bo_tpe,27,27,83,0.9905875582064562
car,bo_tpe,27,27,84,0.9905875582064562
car,bo_tpe,27,27,85,0.9905875582064562
car,bo_tpe,27,27,86,0.9905875582064562
car,bo_tpe,27,27,87,0.9905875582064562
car,bo_tpe,27,27,88,0.9905875582064562
car,bo_tpe,27,27,89,0.9905875582064562
car,bo_tpe,27,27,90,0.9905875582064562
car,bo_tpe,27,27,91,0.9905875582064562
car,bo_tpe,27,27,92,0.9905875582064562
car,bo_tpe,27,27,93,0.9905875582064562
car,bo_tpe,27,27,94,0.9905875582064562
car,bo_tpe,27,27,95,0.9905875582064562
car,bo_tpe,27,27,96,0.9905875582064562
car,bo_tpe,27,27,97,0.9905875582064562
car,bo_tpe,27,27,98,0.9905875582064562
car,bo_tpe,27,27,99,0.9905875582064562
car,bo_tpe,27,27,100,0.9905875582064562
car,pso,27,27,1,0.9869669858211688
car,pso,27,27,2,0.9869669858211688
car,pso,27,27,3,0.9869669858211688
car,pso,27,27,4,0.9869669858211688
car,pso,27,27,5,0.9869669858211688
car,pso,27,27,6,0.9869669858211688
car,pso,27,27,7,0.9876916235023282
car,pso,27,27,8,0.9876916235023282
car,pso,27,27,9,0.9876916235023282
car,pso,27,27,10,0.9876916235023282
car,pso,27,27,11,0.9876916235023282
car,pso,27,27,12,0.988413645162978
car,pso,27,27,13,0.988413645162978
car,pso,27,27,14,0.988413645162978
car,pso,27,27,15,0.988413645162978
car,pso,27,27,16,0.988413645162978
car,pso,27,27,17,0.988413645162978
car,pso,27,27,18,0.988413645162978
car,pso,27,27,19,0.9905875582064562
car,pso,27,27,20,0.9905875582064562
car,pso,27,27,21,0.9905875582064562
car,pso,27,27,22,0.9905875582064562
car,pso,27,27,23,0.9905875582064562
car,pso,27,27,24,0.9905875582064562
car,pso,27,27,25,0.9905875582064562
car,pso,27,27,26,0.9905875582064562
car,pso,27,27,27,0.9905875582064562
car,pso,27,27,28,0.9905875582064562
car,pso,27,27,29,0.9905875582064562
car,pso,27,27,30,0.9905875582064562
car,pso,27,27,31,0.9905875582064562
car,pso,27,27,32,0.9905875582064562
car,pso,27,27,33,0.9905875582064562
car,pso,27,27,34,0.9905875582064562
car,pso,27,27,35,0.9905875582064562
car,pso,27,27,36,0.9905875582064562
car,pso,27,27,37,0.9905875582064562
car,pso,27,27,38,0.9905875582064562
car,pso,27,27,39,0.9905875582064562
car,pso,27,27,40,0.9905875582064562
car,pso,27,27,41,0.9905875582064562
car,pso,27,27,42,0.9905875582064562
car,pso,27,27,43,0.9905875582064562
car,pso,27,27,44,0.9905875582064562
car,pso,27,27,45,0.9905875582064562
car,pso,27,27,46,0.9905875582064562
car,pso,27,27,47,0.9905875582064562
car,pso,27,27,48,0.9905875582064562
car,pso,27,27,49,0.9905875582064562
car,pso,27,27,50,0.9905875582064562
car,pso,27,27,51,0.9905875582064562
car,pso,27,27,52,0.9905875582064562
car,pso,27,27,53,0.9905875582064562
car,pso,27,27,54,0.9905875582064562
car,pso,27,27,55,0.9905875582064562
car,pso,27,27,56,0.9905875582064562
car,pso,27,27,57,0.9905875582064562
car,pso,27,27,58,0.9905875582064562
car,pso,27,27,59,0.9905875582064562
car,pso,27,27,60,0.9905875582064562
car,pso,27,27,61,0.9905875582064562
car,pso,27,27,62,0.9905875582064562
car,pso,27,27,63,0.9905875582064562
car,pso,27,27,64,0.9905875582064562
car,pso,27,27,65,0.9905875582064562
car,pso,27,27,66,0.9905875582064562
car,pso,27,27,67,0.9905875582064562
car,pso,27,27,68,0.9905875582064562
car,pso,27,27,69,0.9905875582064562
car,pso,27,27,70,0.9905875582064562
car,pso,27,27,71,0.9905875582064562
car,pso,27,27,72,0.9905875582064562
car,pso,27,27,73,0.9905875582064562
car,pso,27,27,74,0.9905875582064562
car,pso,27,27,75,0.9905875582064562
car,pso,27,27,76,0.9905875582064562
car,pso,27,27,77,0.9905875582064562
car,pso,27,27,78,0.9905875582064562
car,pso,27,27,79,0.9905875582064562
car,pso,27,27,80,0.9905875582064562
car,pso,27,27,81,0.9905875582064562
car,pso,27,27,82,0.9905875582064562
car,pso,27,27,83,0.9905875582064562
car,pso,27,27,84,0.9905875582064562
car,pso,27,27,85,0.9905875582064562
car,pso,27,27,86,0.9905875582064562
car,pso,27,27,87,0.9905875582064562
car,pso,27,27,88,0.9905875582064562
car,pso,27,27,89,0.9905875582064562
car,pso,27,27,90,0.9905875582064562
car,pso,27,27,91,0.9905875582064562
car,pso,27,27,92,0.9905875582064562
car,pso,27,27,93,0.9905875582064562
car,pso,27,27,94,0.9905875582064562
car,pso,27,27,95,0.9905875582064562
car,pso,27,27,96,0.9905875582064562
car,pso,27,27,97,0.9905875582064562
car,pso,27,27,98,0.9905875582064562
car,pso,27,27,99,0.9905875582064562
car,pso,27,27,100,0.9905875582064562
car,de,27,27,1,0.9848009208392193
car,de,27,27,2,0.9848009208392193
car,de,27,27,3,0.9848009208392193
car,de,27,27,4,0.9848009208392193
car,de,27,27,5,0.9848009208392193
car,de,27,27,6,0.9848009208392193
car,de,27,27,7,0.9848009208392193
car,de,27,27,8,0.9848009208392193
car,de,27,27,9,0.9848009208392193
car,de,27,27,10,0.988413645162978
car,de,27,27,11,0.988413645162978
car,de,27,27,12,0.988413645162978
car,de,27,27,13,0.988413645162978
car,de,27,27,14,0.988413645162978
car,de,27,27,15,0.988413645162978
car,de,27,27,16,0.988413645162978
car,de,27,27,17,0.988413645162978
car,de,27,27,18,0.988413645162978
car,de,27,27,19,0.988413645162978
car,de,27,27,20,0.988413645162978
car,de,27,27,21,0.988413645162978
car,de,27,27,22,0.988413645162978
car,de,27,27,23,0.988413645162978
car,de,27,27,24,0.988413645162978
car,de,27,27,25,0.988413645162978
car,de,27,27,26,0.988413645162978
car,de,27,27,27,0.988413645162978
car,de,27,27,28,0.988413645162978
car,de,27,27,29,0.988413645162978
car,de,27,27,30,0.988413645162978
car,de,27,27,31,0.988413645162978
car,de,27,27,32,0.988413645162978
car,de,27,27,33,0.988413645162978
car,de,27,27,34,0.988413645162978
car,de,27,27,35,0.9891356668236279
car,de,27,27,36,0.9891356668236279
car,de,27,27,37,0.9891356668236279
car,de,27,27,38,0.9891356668236279
car,de,27,27,39,0.9891356668236279
car,de,27,27,40,0.9891356668236279
car,de,27,27,41,0.9905849421859466
car,de,27,27,42,0.9905849421859466
car,de,27,27,43,0.9905849421859466
car,de,27,27,44,0.9905849421859466
car,de,27,27,45,0.9905849421859466
car,de,27,27,46,0.9905849421859466
car,de,27,27,47,0.9905849421859466
car,de,27,27,48,0.9905849421859466
car,de,27,27,49,0.9905849421859466
car,de,27,27,50,0.9905849421859466
car,de,27,27,51,0.9905849421859466
car,de,27,27,52,0.9905849421859466
car,de,27,27,53,0.9905849421859466
car,de,27,27,54,0.9905849421859466
car,de,27,27,55,0.9905849421859466
car,de,27,27,56,0.9905849421859466
car,de,27,27,57,0.9905849421859466
car,de,27,27,58,0.9905849421859466
car,de,27,27,59,0.9905849421859466
car,de,27,27,60,0.9905849421859466
car,de,27,27,61,0.9905849421859466
car,de,27,27,62,0.9905849421859466
car,de,27,27,63,0.9905849421859466
car,de,27,27,64,0.9905849421859466
car,de,27,27,65,0.9905849421859466
car,de,27,27,66,0.9905849421859466
car,de,27,27,67,0.9905849421859466
car,de,27,27,68,0.9905849421859466
car,de,27,27,69,0.9905849421859466
car,de,27,27,70,0.9905849421859466
car,de,27,27,71,0.9905849421859466
car,de,27,27,72,0.9905875582064562
car,de,27,27,73,0.9905875582064562
car,de,27,27,74,0.9905875582064562
car,de,27,27,75,0.9905875582064562
car,de,27,27,76,0.9905875582064562
car,de,27,27,77,0.9905875582064562
car,de,27,27,78,0.9905875582064562
car,de,27,27,79,0.9905875582064562
car,de,27,27,80,0.9905875582064562
car,de,27,27,81,0.9905875582064562
car,de,27,27,82,0.9905875582064562
car,de,27,27,83,0.9905875582064562
car,de,27,27,84,0.9905875582064562
car,de,27,27,85,0.9905875582064562
car,de,27,27,86,0.9905875582064562
car,de,27,27,87,0.9905875582064562
car,de,27,27,88,0.9905875582064562
car,de,27,27,89,0.9905875582064562
car,de,27,27,90,0.9905875582064562
car,de,27,27,91,0.9905875582064562
car,de,27,27,92,0.9905875582064562
car,de,27,27,93,0.9905875582064562
car,de,27,27,94,0.9905875582064562
car,de,27,27,95,0.9905875582064562
car,de,27,27,96,0.9905875582064562
car,de,27,27,97,0.9905875582064562
car,de,27,27,98,0.9905875582064562
car,de,27,27,99,0.9905875582064562
car,de,27,27,100,0.9905875582064562
car,ga,27,27,1,0.9848009208392193
car,ga,27,27,2,0.9848009208392193
car,ga,27,27,3,0.9848009208392193
car,ga,27,27,4,0.9848009208392193
car,ga,27,27,5,0.9848009208392193
car,ga,27,27,6,0.9848009208392193
car,ga,27,27,7,0.9848009208392193
car,ga,27,27,8,0.9848009208392193
car,ga,27,27,9,0.9848009208392193
car,ga,27,27,10,0.988413645162978
car,ga,27,27,11,0.988413645162978
car,ga,27,27,12,0.988413645162978
car,ga,27,27,13,0.988413645162978
car,ga,27,27,14,0.988413645162978
car,ga,27,27,15,0.988413645162978
car,ga,27,27,16,0.988413645162978
car,ga,27,27,17,0.988413645162978
car,ga,27,27,18,0.988413645162978
car,ga,27,27,19,0.988413645162978
car,ga,27,27,20,0.988413645162978
car,ga,27,27,21,0.988413645162978
car,ga,27,27,22,0.988413645162978
car,ga,27,27,23,0.988413645162978
car,ga,27,27,24,0.988413645162978
car,ga,27,27,25,0.988413645162978
car,ga,27,27,26,0.988413645162978
car,ga,27,27,27,0.988413645162978
car,ga,27,27,28,0.988413645162978
car,ga,27,27,29,0.988413645162978
car,ga,27,27,30,0.988413645162978
car,ga,27,27,31,0.988413645162978
car,ga,27,27,32,0.988413645162978
car,ga,27,27,33,0.988413645162978
car,ga,27,27,34,0.988413645162978
car,ga,27,27,35,0.988413645162978
car,ga,27,27,36,0.988413645162978
car,ga,27,27,37,0.988413645162978
car,ga,27,27,38,0.988413645162978
car,ga,27,27,39,0.988413645162978
car,ga,27,27,40,0.988413645162978
car,ga,27,27,41,0.988413645162978
car,ga,27,27,42,0.988413645162978
car,ga,27,27,43,0.988413645162978
car,ga,27,27,44,0.988413645162978
car,ga,27,27,45,0.988413645162978
car,ga,27,27,46,0.988413645162978
car,ga,27,27,47,0.988413645162978
car,ga,27,27,48,0.988413645162978
car,ga,27,27,49,0.988413645162978
car,ga,27,27,50,0.988413645162978
car,ga,27,27,51,0.988413645162978
car,ga,27,27,52,0.988413645162978
car,ga,27,27,53,0.988413645162978
car,ga,27,27,54,0.988413645162978
car,ga,27,27,55,0.988413645162978
car,ga,27,27,56,0.988413645162978
car,ga,27,27,57,0.988413645162978
car,ga,27,27,58,0.988413645162978
car,ga,27,27,59,0.988413645162978
car,ga,27,27,60,0.988413645162978
car,ga,27,27,61,0.988413645162978
car,ga,27,27,62,0.988413645162978
car,ga,27,27,63,0.988413645162978
car,ga,27,27,64,0.9891382828441374
car,ga,27,27,65,0.9891382828441374
car,ga,27,27,66,0.9891382828441374
car,ga,27,27,67,0.9891382828441374
car,ga,27,27,68,0.9891408988646472
car,ga,27,27,69,0.9891408988646472
car,ga,27,27,70,0.9891408988646472
car,ga,27,27,71,0.9891408988646472
car,ga,27,27,72,0.9891408988646472
car,ga,27,27,73,0.9891408988646472
car,ga,27,27,74,0.9891408988646472
car,ga,27,27,75,0.9905849421859466
car,ga,27,27,76,0.9905849421859466
car,ga,27,27,77,0.9905849421859466
car,ga,27,27,78,0.9905849421859466
car,ga,27,27,79,0.9905849421859466
car,ga,27,27,80,0.9905849421859466
car,ga,27,27,81,0.9905849421859466
car,ga,27,27,82,0.9905849421859466
car,ga,27,27,83,0.9905849421859466
car,ga,27,27,84,0.9905849421859466
car,ga,27,27,85,0.9905849421859466
car,ga,27,27,86,0.9905849421859466
car,ga,27,27,87,0.9905849421859466
car,ga,27,27,88,0.9905849421859466
car,ga,27,27,89,0.9905849421859466
car,ga,27,27,90,0.9905849421859466
car,ga,27,27,91,0.9905849421859466
car,ga,27,27,92,0.9905849421859466
car,ga,27,27,93,0.9905849421859466
car,ga,27,27,94,0.9905849421859466
car,ga,27,27,95,0.9905849421859466
car,ga,27,27,96,0.9905849421859466
car,ga,27,27,97,0.9905849421859466
car,ga,27,27,98,0.9905849421859466
car,ga,27,27,99,0.9905849421859466
car,ga,27,27,100,0.9905849421859466
car,sa,27,27,1,0.7004342594045937
car,sa,27,27,2,0.7004342594045937
car,sa,27,27,3,0.7004342594045937
car,sa,27,27,4,0.7004342594045937
car,sa,27,27,5,0.7004342594045937
car,sa,27,27,6,0.7004342594045937
car,sa,27,27,7,0.7004342594045937
car,sa,27,27,8,0.7004342594045937
car,sa,27,27,9,0.7004342594045937
car,sa,27,27,10,0.7004342594045937
car,sa,27,27,11,0.7004342594045937
car,sa,27,27,12,0.7004342594045937
car,sa,27,27,13,0.9782844137498039
car,sa,27,27,14,0.9847956887982002
car,sa,27,27,15,0.9869643698006593
car,sa,27,27,16,0.9884162611834878
car,sa,27,27,17,0.9884162611834878
car,sa,27,27,18,0.9884162611834878
car,sa,27,27,19,0.9905875582064562
car,sa,27,27,20,0.9905875582064562
car,sa,27,27,21,0.9905875582064562
car,sa,27,27,22,0.9905875582064562
car,sa,27,27,23,0.9905875582064562
car,sa,27,27,24,0.9905875582064562
car,sa,27,27,25,0.9905875582064562
car,sa,27,27,26,0.9905875582064562
car,sa,27,27,27,0.9905875582064562
car,sa,27,27,28,0.9905875582064562
car,sa,27,27,29,0.9905875582064562
car,sa,27,27,30,0.9905875582064562
car,sa,27,27,31,0.9905875582064562
car,sa,27,27,32,0.9905875582064562
car,sa,27,27,33,0.9905875582064562
car,sa,27,27,34,0.9905875582064562
car,sa,27,27,35,0.9905875582064562
car,sa,27,27,36,0.9905875582064562
car,sa,27,27,37,0.9905875582064562
car,sa,27,27,38,0.9905875582064562
car,sa,27,27,39,0.9905875582064562
car,sa,27,27,40,0.9905875582064562
car,sa,27,27,41,0.9905875582064562
car,sa,27,27,42,0.9905875582064562
car,sa,27,27,43,0.9905875582064562
car,sa,27,27,44,0.9905875582064562
car,sa,27,27,45,0.9905875582064562
car,sa,27,27,46,0.9905875582064562
car,sa,27,27,47,0.9905875582064562
car,sa,27,27,48,0.9905875582064562
car,sa,27,27,49,0.9905875582064562
car,sa,27,27,50,0.9905875582064562
car,sa,27,27,51,0.9905875582064562
car,sa,27,27,52,0.9905875582064562
car,sa,27,27,53,0.9905875582064562
car,sa,27,27,54,0.9905875582064562
car,sa,27,27,55,0.9905875582064562
car,sa,27,27,56,0.9905875582064562
car,sa,27,27,57,0.9905875582064562
car,sa,27,27,58,0.9905875582064562
car,sa,27,27,59,0.9905875582064562
car,sa,27,27,60,0.9905875582064562
car,sa,27,27,61,0.9905875582064562
car,sa,27,27,62,0.9905875582064562
car,sa,27,27,63,0.9905875582064562
car,sa,27,27,64,0.9905875582064562
car,sa,27,27,65,0.9905875582064562
car,sa,27,27,66,0.9905875582064562
car,sa,27,27,67,0.9905875582064562
car,sa,27,27,68,0.9905875582064562
car,sa,27,27,69,0.9905875582064562
car,sa,27,27,70,0.9905875582064562
car,sa,27,27,71,0.9905875582064562
car,sa,27,27,72,0.9905875582064562
car,sa,27,27,73,0.9905875582064562
car,sa,27,27,74,0.9905875582064562
car,sa,27,27,75,0.9905875582064562
car,sa,27,27,76,0.9905875582064562
car,sa,27,27,77,0.9905875582064562
car,sa,27,27,78,0.9905875582064562
car,sa,27,27,79,0.9905875582064562
car,sa,27,27,80,0.9905875582064562
car,sa,27,27,81,0.9905875582064562
car,sa,27,27,82,0.9905875582064562
car,sa,27,27,83,0.9905875582064562
car,sa,27,27,84,0.9905875582064562
car,sa,27,27,85,0.9905875582064562
car,sa,27,27,86,0.9905875582064562
car,sa,27,27,87,0.9905875582064562
car,sa,27,27,88,0.9905875582064562
car,sa,27,27,89,0.9905875582064562
car,sa,27,27,90,0.9905875582064562
car,sa,27,27,91,0.9905875582064562
car,sa,27,27,92,0.9905875582064562
car,sa,27,27,93,0.9905875582064562
car,sa,27,27,94,0.9905875582064562
car,sa,27,27,95,0.9905875582064562
car,sa,27,27,96,0.9905875582064562
car,sa,27,27,97,0.9905875582064562
car,sa,27,27,98,0.9905875582064562
car,sa,27,27,99,0.9905875582064562
car,sa,27,27,100,0.9905875582064562
car,grid,28,28,1,0.7004342594045937
car,grid,28,28,2,0.7004342594045937
car,grid,28,28,3,0.7004342594045937
car,grid,28,28,4,0.7004342594045937
car,grid,28,28,5,0.7004342594045937
car,grid,28,28,6,0.7004342594045937
car,grid,28,28,7,0.7004342594045937
car,grid,28,28,8,0.7004342594045937
car,grid,28,28,9,0.7004342594045937
car,grid,28,28,10,0.7004342594045937
car,grid,28,28,11,0.7004342594045937
car,grid,28,28,12,0.7004342594045937
car,grid,28,28,13,0.7004342594045937
car,grid,28,28,14,0.7004342594045937
car,grid,28,28,15,0.7004342594045937
car,grid,28,28,16,0.8097106681316382
car,grid,28,28,17,0.8097106681316382
car,grid,28,28,18,0.8097106681316382
car,grid,28,28,19,0.8097106681316382
car,grid,28,28,20,0.8097106681316382
car,grid,28,28,21,0.8097106681316382
car,grid,28,28,22,0.8097106681316382
car,grid,28,28,23,0.8097106681316382
car,grid,28,28,24,0.8097106681316382
car,grid,28,28,25,0.8697404907654477
car,grid,28,28,26,0.9319913148119081
car,grid,28,28,27,0.9319913148119081
car,grid,28,28,28,0.9319913148119081
car,grid,28,28,29,0.9319913148119081
car,grid,28,28,30,0.9319913148119081
car,grid,28,28,31,0.9319913148119081
car,grid,28,28,32,0.9319913148119081
car,grid,28,28,33,0.9319913148119081
car,grid,28,28,34,0.9319913148119081
car,grid,28,28,35,0.9450086328676818
car,grid,28,28,36,0.9761157327473449
car,grid,28,28,37,0.9761157327473449
car,grid,28,28,38,0.9761157327473449
car,grid,28,28,39,0.9761157327473449
car,grid,28,28,40,0.9761157327473449
car,grid,28,28,41,0.9761157327473449
car,grid,28,28,42,0.9761157327473449
car,grid,28,28,43,0.9761157327473449
car,grid,28,28,44,0.9761157327473449
car,grid,28,28,45,0.9761157327473449
car,grid,28,28,46,0.988413645162978
car,grid,28,28,47,0.988413645162978
car,grid,28,28,48,0.988413645162978
car,grid,28,28,49,0.988413645162978
car,grid,28,28,50,0.988413645162978
car,grid,28,28,51,0.988413645162978
car,grid,28,28,52,0.988413645162978
car,grid,28,28,53,0.988413645162978
car,grid,28,28,54,0.988413645162978
car,grid,28,28,55,0.988413645162978
car,grid,28,28,56,0.988413645162978
car,grid,28,28,57,0.988413645162978
car,grid,28,28,58,0.988413645162978
car,grid,28,28,59,0.988413645162978
car,grid,28,28,60,0.988413645162978
car,grid,28,28,61,0.988413645162978
car,grid,28,28,62,0.988413645162978
car,grid,28,28,63,0.988413645162978
car,grid,28,28,64,0.988413645162978
car,grid,28,28,65,0.988413645162978
car,grid,28,28,66,0.988413645162978
car,grid,28,28,67,0.988413645162978
car,grid,28,28,68,0.988413645162978
car,grid,28,28,69,0.988413645162978
car,grid,28,28,70,0.988413645162978
car,grid,28,28,71,0.988413645162978
car,grid,28,28,72,0.988413645162978
car,grid,28,28,73,0.988413645162978
car,grid,28,28,74,0.988413645162978
car,grid,28,28,75,0.988413645162978
car,grid,28,28,76,0.988413645162978
car,grid,28,28,77,0.988413645162978
car,grid,28,28,78,0.988413645162978
car,grid,28,28,79,0.988413645162978
car,grid,28,28,80,0.988413645162978
car,grid,28,28,81,0.988413645162978
car,grid,28,28,82,0.988413645162978
car,grid,28,28,83,0.988413645162978
car,grid,28,28,84,0.988413645162978
car,grid,28,28,85,0.988413645162978
car,grid,28,28,86,0.988413645162978
car,grid,28,28,87,0.988413645162978
car,grid,28,28,88,0.988413645162978
car,grid,28,28,89,0.988413645162978
car,grid,28,28,90,0.988413645162978
car,grid,28,28,91,0.988413645162978
car,grid,28,28,92,0.988413645162978
car,grid,28,28,93,0.988413645162978
car,grid,28,28,94,0.988413645162978
car,grid,28,28,95,0.988413645162978
car,grid,28,28,96,0.988413645162978
car,grid,28,28,97,0.988413645162978
car,grid,28,28,98,0.988413645162978
car,grid,28,28,99,0.988413645162978
car,grid,28,28,100,0.988413645162978
car,random,28,28,1,0.988413645162978
car,random,28,28,2,0.988413645162978
car,random,28,28,3,0.9905875582064562
car,random,28,28,4,0.9905875582064562
car,random,28,28,5,0.9905875582064562
car,random,28,28,6,0.9905875582064562
car,random,28,28,7,0.9905875582064562
car,random,28,28,8,0.9905875582064562
car,random,28,28,9,0.9905875582064562
car,random,28,28,10,0.9905875582064562
car,random,28,28,11,0.9905875582064562
car,random,28,28,12,0.9905875582064562
car,random,28,28,13,0.9905875582064562
car,random,28,28,14,0.9905875582064562
car,random,28,28,15,0.9905875582064562
car,random,28,28,16,0.9905875582064562
car,random,28,28,17,0.9905875582064562
car,random,28,28,18,0.9905875582064562
car,random,28,28,19,0.9905875582064562
car,random,28,28,20,0.9905875582064562
car,random,28,28,21,0.9905875582064562
car,random,28,28,22,0.9905875582064562
car,random,28,28,23,0.9905875582064562
car,random,28,28,24,0.9905875582064562
car,random,28,28,25,0.9905875582064562
car,random,28,28,26,0.9905875582064562
car,random,28,28,27,0.9905875582064562
car,random,28,28,28,0.9905875582064562
car,random,28,28,29,0.9905875582064562
car,random,28,28,30,0.9905875582064562
car,random,28,28,31,0.9905875582064562
car,random,28,28,32,0.9905875582064562
car,random,28,28,33,0.9905875582064562
car,random,28,28,34,0.9905875582064562
car,random,28,28,35,0.9905875582064562
car,random,28,28,36,0.9905875582064562
car,random,28,28,37,0.9905875582064562
car,random,28,28,38,0.9905875582064562
car,random,28,28,39,0.9905875582064562
car,random,28,28,40,0.9905875582064562
car,random,28,28,41,0.9905875582064562
car,random,28,28,42,0.9905875582064562
car,random,28,28,43,0.9905875582064562
car,random,28,28,44,0.9905875582064562
car,random,28,28,45,0.9905875582064562
car,random,28,28,46,0.9905875582064562
car,random,28,28,47,0.9905875582064562
car,random,28,28,48,0.9905875582064562
car,random,28,28,49,0.9905875582064562
car,random,28,28,50,0.9905875582064562
car,random,28,28,51,0.9905875582064562
car,random,28,28,52,0.9905875582064562
car,random,28,28,53,0.9905875582064562
car,random,28,28,54,0.9905875582064562
car,random,28,28,55,0.9905875582064562
car,random,28,28,56,0.9905875582064562
car,random,28,28,57,0.9905875582064562
car,random,28,28,58,0.9905875582064562
car,random,28,28,59,0.9905875582064562
car,random,28,28,60,0.9905875582064562
car,random,28,28,61,0.9905875582064562
car,random,28,28,62,0.9905875582064562
car,random,28,28,63,0.9905875582064562
car,random,28,28,64,0.9905875582064562
car,random,28,28,65,0.9905875582064562
car,random,28,28,66,0.9905875582064562
car,random,28,28,67,0.9905875582064562
car,random,28,28,68,0.9905875582064562
car,random,28,28,69,0.9905875582064562
car,random,28,28,70,0.9905875582064562
car,random,28,28,71,0.9905875582064562
car,random,28,28,72,0.9905875582064562
car,random,28,28,73,0.9905875582064562
car,random,28,28,74,0.9905875582064562
car,random,28,28,75,0.9905875582064562
car,random,28,28,76,0.9905875582064562
car,random,28,28,77,0.9905875582064562
car,random,28,28,78,0.9905875582064562
car,random,28,28,79,0.9905875582064562
car,random,28,28,80,0.9905875582064562
car,random,28,28,81,0.9905875582064562
car,random,28,28,82,0.9905875582064562
car,random,28,28,83,0.9905875582064562
car,random,28,28,84,0.9905875582064562
car,random,28,28,85,0.9905875582064562
car,random,28,28,86,0.9905875582064562
car,random,28,28,87,0.9905875582064562
car,random,28,28,88,0.9905875582064562
car,random,28,28,89,0.9905875582064562
car,random,28,28,90,0.9905875582064562
car,random,28,28,91,0.9905875582064562
car,random,28,28,92,0.9905875582064562
car,random,28,28,93,0.9905875582064562
car,random,28,28,94,0.9905875582064562
car,random,28,28,95,0.9905875582064562
car,random,28,28,96,0.9905875582064562
car,random,28,28,97,0.9905875582064562
car,random,28,28,98,0.9905875582064562
car,random,28,28,99,0.9905875582064562
car,random,28,28,100,0.9905875582064562
car,bo_tpe,28,28,1,0.988413645162978
car,bo_tpe,28,28,2,0.988413645162978
car,bo_tpe,28,28,3,0.9905875582064562
car,bo_tpe,28,28,4,0.9905875582064562
car,bo_tpe,28,28,5,0.9905875582064562
car,bo_tpe,28,28,6,0.9905875582064562
car,bo_tpe,28,28,7,0.9905875582064562
car,bo_tpe,28,28,8,0.9905875582064562
car,bo_tpe,28,28,9,0.9905875582064562
car,bo_tpe,28,28,10,0.9905875582064562
car,bo_tpe,28,28,11,0.9905875582064562
car,bo_tpe,28,28,12,0.9905875582064562
car,bo_tpe,28,28,13,0.9905875582064562
car,bo_tpe,28,28,14,0.9905875582064562
car,bo_tpe,28,28,15,0.9905875582064562
car,bo_tpe,28,28,16,0.9905875582064562
car,bo_tpe,28,28,17,0.9905875582064562
car,bo_tpe,28,28,18,0.9905875582064562
car,bo_tpe,28,28,19,0.9905875582064562
car,bo_tpe,28,28,20,0.9905875582064562
car,bo_tpe,28,28,21,0.9905875582064562
car,bo_tpe,28,28,22,0.9905875582064562
car,bo_tpe,28,28,23,0.9905875582064562
car,bo_tpe,28,28,24,0.9905875582064562
car,bo_tpe,28,28,25,0.9905875582064562
car,bo_tpe,28,28,26,0.9905875582064562
car,bo_tpe,28,28,27,0.9905875582064562
car,bo_tpe,28,28,28,0.9905875582064562
car,bo_tpe,28,28,29,0.9905875582064562
car,bo_tpe,28,28,30,0.9905875582064562
car,bo_tpe,28,28,31,0.9905875582064562
car,bo_tpe,28,28,32,0.9905875582064562
car,bo_tpe,28,28,33,0.9905875582064562
car,bo_tpe,28,28,34,0.9905875582064562
car,bo_tpe,28,28,35,0.9905875582064562
car,bo_tpe,28,28,36,0.9905875582064562
car,bo_tpe,28,28,37,0.9905875582064562
car,bo_tpe,28,28,38,0.9905875582064562
car,bo_tpe,28,28,39,0.9905875582064562
car,bo_tpe,28,28,40,0.9905875582064562
car,bo_tpe,28,28,41,0.9905875582064562
car,bo_tpe,28,28,42,0.9905875582064562
car,bo_tpe,28,28,43,0.9905875582064562
car,bo_tpe,28,28,44,0.9905875582064562
car,bo_tpe,28,28,45,0.9905875582064562
car,bo_tpe,28,28,46,0.9905875582064562
car,bo_tpe,28,28,47,0.9905875582064562
car,bo_tpe,28,28,48,0.9905875582064562
car,bo_tpe,28,28,49,0.9905875582064562
car,bo_tpe,28,28,50,0.9905875582064562
car,bo_tpe,28,28,51,0.9905875582064562
car,bo_tpe,28,28,52,0.9905875582064562
car,bo_tpe,28,28,53,0.9905875582064562
car,bo_tpe,28,28,54,0.9905875582064562
car,bo_tpe,28,28,55,0.9905875582064562
car,bo_tpe,28,28,56,0.9905875582064562
car,bo_tpe,28,28,57,0.9905875582064562
car,bo_tpe,28,28,58,0.9905875582064562
car,bo_tpe,28,28,59,0.9905875582064562
car,bo_tpe,28,28,60,0.9905875582064562
car,bo_tpe,28,28,61,0.9905875582064562
car,bo_tpe,28,28,62,0.9905875582064562
car,bo_tpe,28,28,63,0.9905875582064562
car,bo_tpe,28,28,64,0.9905875582064562
car,bo_tpe,28,28,65,0.9905875582064562
car,bo_tpe,28,28,66,0.9905875582064562
car,bo_tpe,28,28,67,0.9905875582064562
car,bo_tpe,28,28,68,0.9905875582064562
car,bo_tpe,28,28,69,0.9905875582064562
car,bo_tpe,28,28,70,0.9905875582064562
car,bo_tpe,28,28,71,0.9905875582064562
car,bo_tpe,28,28,72,0.9905875582064562
car,bo_tpe,28,28,73,0.9905875582064562
car,bo_tpe,28,28,74,0.9905875582064562
car,bo_tpe,28,28,75,0.9905875582064562
car,bo_tpe,28,28,76,0.9905875582064562
car,bo_tpe,28,28,77,0.9905875582064562
car,bo_tpe,28,28,78,0.9905875582064562
car,bo_tpe,28,28,79,0.9905875582064562
car,bo_tpe,28,28,80,0.9905875582064562
car,bo_tpe,28,28,81,0.9905875582064562
car,bo_tpe,28,28,82,0.9905875582064562
car,bo_tpe,28,28,83,0.9905875582064562
car,bo_tpe,28,28,84,0.9905875582064562
car,bo_tpe,28,28,85,0.9905875582064562
car,bo_tpe,28,28,86,0.9905875582064562
car,bo_tpe,28,28,87,0.9905875582064562
car,bo_tpe,28,28,88,0.9905875582064562
car,bo_tpe,28,28,89,0.9905875582064562
car,bo_tpe,28,28,90,0.9905875582064562
car,bo_tpe,28,28,91,0.9905875582064562
car,bo_tpe,28,28,92,0.9905875582064562
car,bo_tpe,28,28,93,0.9905875582064562
car,bo_tpe,28,28,94,0.9905875582064562
car,bo_tpe,28,28,95,0.9905875582064562
car,bo_tpe,28,28,96,0.9905875582064562
car,bo_tpe,28,28,97,0.9905875582064562
car,bo_tpe,28,28,98,0.9905875582064562
car,bo_tpe,28,28,99,0.9905875582064562
car,bo_tpe,28,28,100,0.9905875582064562
car,pso,28,28,1,0.7004342594045937
car,pso,28,28,2,0.7004342594045937
car,pso,28,28,3,0.751802438131115
car,pso,28,28,4,0.751802438131115
car,pso,28,28,5,0.751802438131115
car,pso,28,28,6,0.751802438131115
car,pso,28,28,7,0.9457358865693507
car,pso,28,28,8,0.9869643698006593
car,pso,28,28,9,0.9869643698006593
car,pso,28,28,10,0.9869643698006593
car,pso,28,28,11,0.9869643698006593
car,pso,28,28,12,0.9869643698006593
car,pso,28,28,13,0.9869643698006593
car,pso,28,28,14,0.9869643698006593
car,pso,28,28,15,0.9869643698006593
car,pso,28,28,16,0.9876916235023282
car,pso,28,28,17,0.9891408988646472
car,pso,28,28,18,0.9891408988646472
car,pso,28,28,19,0.9891408988646472
car,pso,28,28,20,0.9891408988646472
car,pso,28,28,21,0.9891408988646472
car,pso,28,28,22,0.9891408988646472
car,pso,28,28,23,0.9891408988646472
car,pso,28,28,24,0.9891408988646472
car,pso,28,28,25,0.9891408988646472
car,pso,28,28,26,0.9891408988646472
car,pso,28,28,27,0.9891408988646472
car,pso,28,28,28,0.9891408988646472
car,pso,28,28,29,0.9891408988646472
car,pso,28,28,30,0.9891408988646472
car,pso,28,28,31,0.9905875582064562
car,pso,28,28,32,0.9905875582064562
car,pso,28,28,33,0.9905875582064562
car,pso,28,28,34,0.9905875582064562
car,pso,28,28,35,0.9905875582064562
car,pso,28,28,36,0.9905875582064562
car,pso,28,28,37,0.9905875582064562
car,pso,28,28,38,0.9905875582064562
car,pso,28,28,39,0.9905875582064562
car,pso,28,28,40,0.9905875582064562
car,pso,28,28,41,0.9905875582064562
car,pso,28,28,42,0.9905875582064562
car,pso,28,28,43,0.9905875582064562
car,pso,28,28,44,0.9905875582064562
car,pso,28,28,45,0.9905875582064562
car,pso,28,28,46,0.9905875582064562
car,pso,28,28,47,0.9905875582064562
car,pso,28,28,48,0.9905875582064562
car,pso,28,28,49,0.9905875582064562
car,pso,28,28,50,0.9905875582064562
car,pso,28,28,51,0.9905875582064562
car,pso,28,28,52,0.9905875582064562
car,pso,28,28,53,0.9905875582064562
car,pso,28,28,54,0.9905875582064562
car,pso,28,28,55,0.9905875582064562
car,pso,28,28,56,0.9905875582064562
car,pso,28,28,57,0.9905875582064562
car,pso,28,28,58,0.9905875582064562
car,pso,28,28,59,0.9905875582064562
car,pso,28,28,60,0.9905875582064562
car,pso,28,28,61,0.9905875582064562
car,pso,28,28,62,0.9905875582064562
car,pso,28,28,63,0.9905875582064562
car,pso,28,28,64,0.9905875582064562
car,pso,28,28,65,0.9905875582064562
car,pso,28,28,66,0.9905875582064562
car,pso,28,28,67,0.9905875582064562
car,pso,28,28,68,0.9905875582064562
car,pso,28,28,69,0.9905875582064562
car,pso,28,28,70,0.9905875582064562
car,pso,28,28,71,0.9905875582064562
car,pso,28,28,72,0.9905875582064562
car,pso,28,28,73,0.9905875582064562
car,pso,28,28,74,0.9905875582064562
car,pso,28,28,75,0.9905875582064562
car,pso,28,28,76,0.9905875582064562
car,pso,28,28,77,0.9905875582064562
car,pso,28,28,78,0.9905875582064562
car,pso,28,28,79,0.9905875582064562
car,pso,28,28,80,0.9905875582064562
car,pso,28,28,81,0.9905875582064562
car,pso,28,28,82,0.9905875582064562
car,pso,28,28,83,0.9905875582064562
car,pso,28,28,84,0.9905875582064562
car,pso,28,28,85,0.9905875582064562
car,pso,28,28,86,0.9905875582064562
car,pso,28,28,87,0.9905875582064562
car,pso,28,28,88,0.9905875582064562
car,pso,28,28,89,0.9905875582064562
car,pso,28,28,90,0.9905875582064562
car,pso,28,28,91,0.9905875582064562
car,pso,28,28,92,0.9905875582064562
car,pso,28,28,93,0.9905875582064562
car,pso,28,28,94,0.9905875582064562
car,pso,28,28,95,0.9905875582064562
car,pso,28,28,96,0.9905875582064562
car,pso,28,28,97,0.9905875582064562
car,pso,28,28,98,0.9905875582064562
car,pso,28,28,99,0.9905875582064562
car,pso,28,28,100,0.9905875582064562
car,de,28,28,1,0.7004342594045937
car,de,28,28,2,0.9269188510437921
car,de,28,28,3,0.9269188510437921
car,de,28,28,4,0.9269188510437921
car,de,28,28,5,0.9269188510437921
car,de,28,28,6,0.9269188510437921
car,de,28,28,7,0.9355935750536284
car,de,28,28,8,0.9840684350965312
car,de,28,28,9,0.9840684350965312
car,de,28,28,10,0.9840684350965312
car,de,28,28,11,0.9840684350965312
car,de,28,28,12,0.9840684350965312
car,de,28,28,13,0.9840684350965312
car,de,28,28,14,0.9840684350965312
car,de,28,28,15,0.9840684350965312
car,de,28,28,16,0.9840684350965312
car,de,28,28,17,0.9840684350965312
car,de,28,28,18,0.9840684350965312
car,de,28,28,19,0.9905875582064562
car,de,28,28,20,0.9905875582064562
car,de,28,28,21,0.9905875582064562
car,de,28,28,22,0.9905875582064562
car,de,28,28,23,0.9905875582064562
car,de,28,28,24,0.9905875582064562
car,de,28,28,25,0.9905875582064562
car,de,28,28,26,0.9905875582064562
car,de,28,28,27,0.9905875582064562
car,de,28,28,28,0.9905875582064562
car,de,28,28,29,0.9905875582064562
car,de,28,28,30,0.9905875582064562
car,de,28,28,31,0.9905875582064562
car,de,28,28,32,0.9905875582064562
car,de,28,28,33,0.9905875582064562
car,de,28,28,34,0.9905875582064562
car,de,28,28,35,0.9905875582064562
car,de,28,28,36,0.9905875582064562
car,de,28,28,37,0.9905875582064562
car,de,28,28,38,0.9905875582064562
car,de,28,28,39,0.9905875582064562
car,de,28,28,40,0.9905875582064562
car,de,28,28,41,0.9905875582064562
car,de,28,28,42,0.9905875582064562
car,de,28,28,43,0.9905875582064562
car,de,28,28,44,0.9905875582064562
car,de,28,28,45,0.9905875582064562
car,de,28,28,46,0.9905875582064562
car,de,28,28,47,0.9905875582064562
car,de,28,28,48,0.9905875582064562
car,de,28,28,49,0.9905875582064562
car,de,28,28,50,0.9905875582064562
car,de,28,28,51,0.9905875582064562
car,de,28,28,52,0.9905875582064562
car,de,28,28,53,0.9905875582064562
car,de,28,28,54,0.9905875582064562
car,de,28,28,55,0.9905875582064562
car,de,28,28,56,0.9905875582064562
car,de,28,28,57,0.9905875582064562
car,de,28,28,58,0.9905875582064562
car,de,28,28,59,0.9905875582064562
car,de,28,28,60,0.9905875582064562
car,de,28,28,61,0.9905875582064562
car,de,28,28,62,0.9905875582064562
car,de,28,28,63,0.9905875582064562
car,de,28,28,64,0.9905875582064562
car,de,28,28,65,0.9905875582064562
car,de,28,28,66,0.9905875582064562
car,de,28,28,67,0.9905875582064562
car,de,28,28,68,0.9905875582064562
car,de,28,28,69,0.9905875582064562
car,de,28,28,70,0.9905875582064562
car,de,28,28,71,0.9905875582064562
car,de,28,28,72,0.9905875582064562
car,de,28,28,73,0.9905875582064562
car,de,28,28,74,0.9905875582064562
car,de,28,28,75,0.9905875582064562
car,de,28,28,76,0.9905875582064562
car,de,28,28,77,0.9905875582064562
car,de,28,28,78,0.9905875582064562
car,de,28,28,79,0.9905875582064562
car,de,28,28,80,0.9905875582064562
car,de,28,28,81,0.9905875582064562
car,de,28,28,82,0.9905875582064562
car,de,28,28,83,0.9905875582064562
car,de,28,28,84,0.9905875582064562
car,de,28,28,85,0.9905875582064562
car,de,28,28,86,0.9905875582064562
car,de,28,28,87,0.9905875582064562
car,de,28,28,88,0.9905875582064562
car,de,28,28,89,0.9905875582064562
car,de,28,28,90,0.9905875582064562
car,de,28,28,91,0.9905875582064562
car,de,28,28,92,0.9905875582064562
car,de,28,28,93,0.9905875582064562
car,de,28,28,94,0.9905875582064562
car,de,28,28,95,0.9905875582064562
car,de,28,28,96,0.9905875582064562
car,de,28,28,97,0.9905875582064562
car,de,28,28,98,0.9905875582064562
car,de,28,28,99,0.9905875582064562
car,de,28,28,100,0.9905875582064562
car,ga,28,28,1,0.7004342594045937
car,ga,28,28,2,0.9269188510437921
car,ga,28,28,3,0.9269188510437921
car,ga,28,28,4,0.9269188510437921
car,ga,28,28,5,0.9269188510437921
car,ga,28,28,6,0.9269188510437921
car,ga,28,28,7,0.9355935750536284
car,ga,28,28,8,0.9840684350965312
car,ga,28,28,9,0.9840684350965312
car,ga,28,28,10,0.9840684350965312
car,ga,28,28,11,0.9840684350965312
car,ga,28,28,12,0.9840684350965312
car,ga,28,28,13,0.9840684350965312
car,ga,28,28,14,0.9840684350965312
car,ga,28,28,15,0.9840684350965312
car,ga,28,28,16,0.9840684350965312
car,ga,28,28,17,0.9840684350965312
car,ga,28,28,18,0.9840684350965312
car,ga,28,28,19,0.9905875582064562
car,ga,28,28,20,0.9905875582064562
car,ga,28,28,21,0.9905875582064562
car,ga,28,28,22,0.9905875582064562
car,ga,28,28,23,0.9905875582064562
car,ga,28,28,24,0.9905875582064562
car,ga,28,28,25,0.9905875582064562
car,ga,28,28,26,0.9905875582064562
car,ga,28,28,27,0.9905875582064562
car,ga,28,28,28,0.9905875582064562
car,ga,28,28,29,0.9905875582064562
car,ga,28,28,30,0.9905875582064562
car,ga,28,28,31,0.9905875582064562
car,ga,28,28,32,0.9905875582064562
car,ga,28,28,33,0.9905875582064562
car,ga,28,28,34,0.9905875582064562
car,ga,28,28,35,0.9905875582064562
car,ga,28,28,36,0.9905875582064562
car,ga,28,28,37,0.9905875582064562
car,ga,28,28,38,0.9905875582064562
car,ga,28,28,39,0.9905875582064562
car,ga,28,28,40,0.9905875582064562
car,ga,28,28,41,0.9905875582064562
car,ga,28,28,42,0.9905875582064562
car,ga,28,28,43,0.9905875582064562
car,ga,28,28,44,0.9905875582064562
car,ga,28,28,45,0.9905875582064562
car,ga,28,28,46,0.9905875582064562
car,ga,28,28,47,0.9905875582064562
car,ga,28,28,48,0.9905875582064562
car,ga,28,28,49,0.9905875582064562
car,ga,28,28,50,0.9905875582064562
car,ga,28,28,51,0.9905875582064562
car,ga,28,28,52,0.9905875582064562
car,ga,28,28,53,0.9905875582064562
car,ga,28,28,54,0.9905875582064562
car,ga,28,28,55,0.9905875582064562
car,ga,28,28,56,0.9905875582064562
car,ga,28,28,57,0.9905875582064562
car,ga,28,28,58,0.9905875582064562
car,ga,28,28,59,0.9905875582064562
car,ga,28,28,60,0.9905875582064562
car,ga,28,28,61,0.9905875582064562
car,ga,28,28,62,0.9905875582064562
car,ga,28,28,63,0.9905875582064562
car,ga,28,28,64,0.9905875582064562
car,ga,28,28,65,0.9905875582064562
car,ga,28,28,66,0.9905875582064562
car,ga,28,28,67,0.9905875582064562
car,ga,28,28,68,0.9905875582064562
car,ga,28,28,69,0.9905875582064562
car,ga,28,28,70,0.9905875582064562
car,ga,28,28,71,0.9905875582064562
car,ga,28,28,72,0.9905875582064562
car,ga,28,28,73,0.9905875582064562
car,ga,28,28,74,0.9905875582064562
car,ga,28,28,75,0.9905875582064562
car,ga,28,28,76,0.9905875582064562
car,ga,28,28,77,0.9905875582064562
car,ga,28,28,78,0.9905875582064562
car,ga,28,28,79,0.9905875582064562
car,ga,28,28,80,0.9905875582064562
car,ga,28,28,81,0.9905875582064562
car,ga,28,28,82,0.9905875582064562
car,ga,28,28,83,0.9905875582064562
car,ga,28,28,84,0.9905875582064562
car,ga,28,28,85,0.9905875582064562
car,ga,28,28,86,0.9905875582064562
car,ga,28,28,87,0.9905875582064562
car,ga,28,28,88,0.9905875582064562
car,ga,28,28,89,0.9905875582064562
car,ga,28,28,90,0.9905875582064562
car,ga,28,28,91,0.9905875582064562
car,ga,28,28,92,0.9905875582064562
car,ga,28,28,93,0.9905875582064562
car,ga,28,28,94,0.9905875582064562
car,ga,28,28,95,0.9905875582064562
car,ga,28,28,96,0.9905875582064562
car,ga,28,28,97,0.9905875582064562
car,ga,28,28,98,0.9905875582064562
car,ga,28,28,99,0.9905875582064562
car,ga,28,28,100,0.9905875582064562
car,sa,28,28,1,0.988413645162978
car,sa,28,28,2,0.988413645162978
car,sa,28,28,3,0.9891408988646472
car,sa,28,28,4,0.9905875582064562
car,sa,28,28,5,0.9905875582064562
car,sa,28,28,6,0.9905875582064562
car,sa,28,28,7,0.9905875582064562
car,sa,28,28,8,0.9905875582064562
car,sa,28,28,9,0.9905875582064562
car,sa,28,28,10,0.9905875582064562
car,sa,28,28,11,0.9905875582064562
car,sa,28,28,12,0.9905875582064562
car,sa,28,28,13,0.9905875582064562
car,sa,28,28,14,0.9905875582064562
car,sa,28,28,15,0.9905875582064562
car,sa,28,28,16,0.9905875582064562
car,sa,28,28,17,0.9905875582064562
car,sa,28,28,18,0.9905875582064562
car,sa,28,28,19,0.9905875582064562
car,sa,28,28,20,0.9905875582064562
car,sa,28,28,21,0.9905875582064562
car,sa,28,28,22,0.9905875582064562
car,sa,28,28,23,0.9905875582064562
car,sa,28,28,24,0.9905875582064562
car,sa,28,28,25,0.9905875582064562
car,sa,28,28,26,0.9905875582064562
car,sa,28,28,27,0.9905875582064562
car,sa,28,28,28,0.9905875582064562
car,sa,28,28,29,0.9905875582064562
car,sa,28,28,30,0.9905875582064562
car,sa,28,28,31,0.9905875582064562
car,sa,28,28,32,0.9905875582064562
car,sa,28,28,33,0.9905875582064562
car,sa,28,28,34,0.9905875582064562
car,sa,28,28,35,0.9905875582064562
car,sa,28,28,36,0.9905875582064562
car,sa,28,28,37,0.9905875582064562
car,sa,28,28,38,0.9905875582064562
car,sa,28,28,39,0.9905875582064562
car,sa,28,28,40,0.9905875582064562
car,sa,28,28,41,0.9905875582064562
car,sa,28,28,42,0.9905875582064562
car,sa,28,28,43,0.9905875582064562
car,sa,28,28,44,0.9905875582064562
car,sa,28,28,45,0.9905875582064562
car,sa,28,28,46,0.9905875582064562
car,sa,28,28,47,0.9905875582064562
car,sa,28,28,48,0.9905875582064562
car,sa,28,28,49,0.9905875582064562
car,sa,28,28,50,0.9905875582064562
car,sa,28,28,51,0.9905875582064562
car,sa,28,28,52,0.9905875582064562
car,sa,28,28,53,0.9905875582064562
car,sa,28,28,54,0.9905875582064562
car,sa,28,28,55,0.9905875582064562
car,sa,28,28,56,0.9905875582064562
car,sa,28,28,57,0.9905875582064562
car,sa,28,28,58,0.9905875582064562
car,sa,28,28,59,0.9905875582064562
car,sa,28,28,60,0.9905875582064562
car,sa,28,28,61,0.9905875582064562
car,sa,28,28,62,0.9905875582064562
car,sa,28,28,63,0.9905875582064562
car,sa,28,28,64,0.9905875582064562
car,sa,28,28,65,0.9905875582064562
car,sa,28,28,66,0.9905875582064562
car,sa,28,28,67,0.9905875582064562
car,sa,28,28,68,0.9905875582064562
car,sa,28,28,69,0.9905875582064562
car,sa,28,28,70,0.9905875582064562
car,sa,28,28,71,0.9905875582064562
car,sa,28,28,72,0.9905875582064562
car,sa,28,28,73,0.9905875582064562
car,sa,28,28,74,0.9905875582064562
car,sa,28,28,75,0.9905875582064562
car,sa,28,28,76,0.9905875582064562
car,sa,28,28,77,0.9905875582064562
car,sa,28,28,78,0.9905875582064562
car,sa,28,28,79,0.9905875582064562
car,sa,28,28,80,0.9905875582064562
car,sa,28,28,81,0.9905875582064562
car,sa,28,28,82,0.9905875582064562
car,sa,28,28,83,0.9905875582064562
car,sa,28,28,84,0.9905875582064562
car,sa,28,28,85,0.9905875582064562
car,sa,28,28,86,0.9905875582064562
car,sa,28,28,87,0.9905875582064562
car,sa,28,28,88,0.9905875582064562
car,sa,28,28,89,0.9905875582064562
car,sa,28,28,90,0.9905875582064562
car,sa,28,28,91,0.9905875582064562
car,sa,28,28,92,0.9905875582064562
car,sa,28,28,93,0.9905875582064562
car,sa,28,28,94,0.9905875582064562
car,sa,28,28,95,0.9905875582064562
car,sa,28,28,96,0.9905875582064562
car,sa,28,28,97,0.9905875582064562
car,sa,28,28,98,0.9905875582064562
car,sa,28,28,99,0.9905875582064562
car,sa,28,28,100,0.9905875582064562
car,grid,29,29,1,0.7004342594045937
car,grid,29,29,2,0.7004342594045937
car,grid,29,29,3,0.7004342594045937
car,grid,29,29,4,0.7004342594045937
car,grid,29,29,5,0.7004342594045937
car,grid,29,29,6,0.7004342594045937
car,grid,29,29,7,0.7004342594045937
car,grid,29,29,8,0.7004342594045937
car,grid,29,29,9,0.7004342594045937
car,grid,29,29,10,0.7004342594045937
car,grid,29,29,11,0.7004342594045937
car,grid,29,29,12,0.7004342594045937
car,grid,29,29,13,0.7004342594045937
car,grid,29,29,14,0.7004342594045937
car,grid,29,29,15,0.7004342594045937
car,grid,29,29,16,0.8097106681316382
car,grid,29,29,17,0.8097106681316382
car,grid,29,29,18,0.8097106681316382
car,grid,29,29,19,0.8097106681316382
car,grid,29,29,20,0.8097106681316382
car,grid,29,29,21,0.8097106681316382
car,grid,29,29,22,0.8097106681316382
car,grid,29,29,23,0.8097106681316382
car,grid,29,29,24,0.8097106681316382
car,grid,29,29,25,0.8697404907654477
car,grid,29,29,26,0.9319913148119081
car,grid,29,29,27,0.9319913148119081
car,grid,29,29,28,0.9319913148119081
car,grid,29,29,29,0.9319913148119081
car,grid,29,29,30,0.9319913148119081
car,grid,29,29,31,0.9319913148119081
car,grid,29,29,32,0.9319913148119081
car,grid,29,29,33,0.9319913148119081
car,grid,29,29,34,0.9319913148119081
car,grid,29,29,35,0.9450086328676818
car,grid,29,29,36,0.9761157327473449
car,grid,29,29,37,0.9761157327473449
car,grid,29,29,38,0.9761157327473449
car,grid,29,29,39,0.9761157327473449
car,grid,29,29,40,0.9761157327473449
car,grid,29,29,41,0.9761157327473449
car,grid,29,29,42,0.9761157327473449
car,grid,29,29,43,0.9761157327473449
car,grid,29,29,44,0.9761157327473449
car,grid,29,29,45,0.9761157327473449
car,grid,29,29,46,0.988413645162978
car,grid,29,29,47,0.988413645162978
car,grid,29,29,48,0.988413645162978
car,grid,29,29,49,0.988413645162978
car,grid,29,29,50,0.988413645162978
car,grid,29,29,51,0.988413645162978
car,grid,29,29,52,0.988413645162978
car,grid,29,29,53,0.988413645162978
car,grid,29,29,54,0.988413645162978
car,grid,29,29,55,0.988413645162978
car,grid,29,29,56,0.988413645162978
car,grid,29,29,57,0.988413645162978
car,grid,29,29,58,0.988413645162978
car,grid,29,29,59,0.988413645162978
car,grid,29,29,60,0.988413645162978
car,grid,29,29,61,0.988413645162978
car,grid,29,29,62,0.988413645162978
car,grid,29,29,63,0.988413645162978
car,grid,29,29,64,0.988413645162978
car,grid,29,29,65,0.988413645162978
car,grid,29,29,66,0.988413645162978
car,grid,29,29,67,0.988413645162978
car,grid,29,29,68,0.988413645162978
car,grid,29,29,69,0.988413645162978
car,grid,29,29,70,0.988413645162978
car,grid,29,29,71,0.988413645162978
car,grid,29,29,72,0.988413645162978
car,grid,29,29,73,0.988413645162978
car,grid,29,29,74,0.988413645162978
car,grid,29,29,75,0.988413645162978
car,grid,29,29,76,0.988413645162978
car,grid,29,29,77,0.988413645162978
car,grid,29,29,78,0.988413645162978
car,grid,29,29,79,0.988413645162978
car,grid,29,29,80,0.988413645162978
car,grid,29,29,81,0.988413645162978
car,grid,29,29,82,0.988413645162978
car,grid,29,29,83,0.988413645162978
car,grid,29,29,84,0.988413645162978
car,grid,29,29,85,0.988413645162978
car,grid,29,29,86,0.988413645162978
car,grid,29,29,87,0.988413645162978
car,grid,29,29,88,0.988413645162978
car,grid,29,29,89,0.988413645162978
car,grid,29,29,90,0.988413645162978
car,grid,29,29,91,0.988413645162978
car,grid,29,29,92,0.988413645162978
car,grid,29,29,93,0.988413645162978
car,grid,29,29,94,0.988413645162978
car,grid,29,29,95,0.988413645162978
car,grid,29,29,96,0.988413645162978
car,grid,29,29,97,0.988413645162978
car,grid,29,29,98,0.988413645162978
car,grid,29,29,99,0.988413645162978
car,grid,29,29,100,0.988413645162978
car,random,29,29,1,0.9847956887982001
car,random,29,29,2,0.9847956887982001
car,random,29,29,3,0.9891382828441374
car,random,29,29,4,0.9891382828441374
car,random,29,29,5,0.9891382828441374
car,random,29,29,6,0.9891382828441374
car,random,29,29,7,0.9891382828441374
car,random,29,29,8,0.9891382828441374
car,random,29,29,9,0.9891382828441374
car,random,29,29,10,0.9891382828441374
car,random,29,29,11,0.9891382828441374
car,random,29,29,12,0.9891382828441374
car,random,29,29,13,0.9891382828441374
car,random,29,29,14,0.9891382828441374
car,random,29,29,15,0.9891382828441374
car,random,29,29,16,0.9891382828441374
car,random,29,29,17,0.9891382828441374
car,random,29,29,18,0.9891382828441374
car,random,29,29,19,0.9891382828441374
car,random,29,29,20,0.9891382828441374
car,random,29,29,21,0.9891382828441374
car,random,29,29,22,0.9891382828441374
car,random,29,29,23,0.9891382828441374
car,random,29,29,24,0.9891382828441374
car,random,29,29,25,0.9891382828441374
car,random,29,29,26,0.9891382828441374
car,random,29,29,27,0.9891382828441374
car,random,29,29,28,0.9891382828441374
car,random,29,29,29,0.9891382828441374
car,random,29,29,30,0.9891382828441374
car,random,29,29,31,0.9891382828441374
car,random,29,29,32,0.9891408988646472
car,random,29,29,33,0.9891408988646472
car,random,29,29,34,0.9891408988646472
car,random,29,29,35,0.9891408988646472
car,random,29,29,36,0.9891408988646472
car,random,29,29,37,0.9891408988646472
car,random,29,29,38,0.9891408988646472
car,random,29,29,39,0.9891408988646472
car,random,29,29,40,0.9891408988646472
car,random,29,29,41,0.9905849421859466
car,random,29,29,42,0.9905849421859466
car,random,29,29,43,0.9905875582064562
car,random,29,29,44,0.9905875582064562
car,random,29,29,45,0.9905875582064562
car,random,29,29,46,0.9905875582064562
car,random,29,29,47,0.9905875582064562
car,random,29,29,48,0.9905875582064562
car,random,29,29,49,0.9905875582064562
car,random,29,29,50,0.9905875582064562
car,random,29,29,51,0.9905875582064562
car,random,29,29,52,0.9905875582064562
car,random,29,29,53,0.9905875582064562
car,random,29,29,54,0.9905875582064562
car,random,29,29,55,0.9905875582064562
car,random,29,29,56,0.9905875582064562
car,random,29,29,57,0.9905875582064562
car,random,29,29,58,0.9905875582064562
car,random,29,29,59,0.9905875582064562
car,random,29,29,60,0.9905875582064562
car,random,29,29,61,0.9905875582064562
car,random,29,29,62,0.9905875582064562
car,random,29,29,63,0.9905875582064562
car,random,29,29,64,0.9905875582064562
car,random,29,29,65,0.9905875582064562
car,random,29,29,66,0.9905875582064562
car,random,29,29,67,0.9905875582064562
car,random,29,29,68,0.9905875582064562
car,random,29,29,69,0.9905875582064562
car,random,29,29,70,0.9905875582064562
car,random,29,29,71,0.9905875582064562
car,random,29,29,72,0.9905875582064562
car,random,29,29,73,0.9905875582064562
car,random,29,29,74,0.9905875582064562
car,random,29,29,75,0.9905875582064562
car,random,29,29,76,0.9905875582064562
car,random,29,29,77,0.9905875582064562
car,random,29,29,78,0.9905875582064562
car,random,29,29,79,0.9905875582064562
car,random,29,29,80,0.9905875582064562
car,random,29,29,81,0.9905875582064562
car,random,29,29,82,0.9905875582064562
car,random,29,29,83,0.9905875582064562
car,random,29,29,84,0.9905875582064562
car,random,29,29,85,0.9905875582064562
car,random,29,29,86,0.9905875582064562
car,random,29,29,87,0.9905875582064562
car,random,29,29,88,0.9905875582064562
car,random,29,29,89,0.9905875582064562
car,random,29,29,90,0.9905875582064562
car,random,29,29,91,0.9905875582064562
car,random,29,29,92,0.9905875582064562
car,random,29,29,93,0.9905875582064562
car,random,29,29,94,0.9905875582064562
car,random,29,29,95,0.9905875582064562
car,random,29,29,96,0.9905875582064562
car,random,29,29,97,0.9905875582064562
car,random,29,29,98,0.9905875582064562
car,random,29,29,99,0.9905875582064562
car,random,29,29,100,0.9905875582064562
car,bo_tpe,29,29,1,0.9847956887982001
car,bo_tpe,29,29,2,0.9847956887982001
car,bo_tpe,29,29,3,0.9891382828441374
car,bo_tpe,29,29,4,0.9891382828441374
car,bo_tpe,29,29,5,0.9891382828441374
car,bo_tpe,29,29,6,0.9891382828441374
car,bo_tpe,29,29,7,0.9891382828441374
car,bo_tpe,29,29,8,0.9891382828441374
car,bo_tpe,29,29,9,0.9891382828441374
car,bo_tpe,29,29,10,0.9891382828441374
car,bo_tpe,29,29,11,0.9891382828441374
car,bo_tpe,29,29,12,0.9891382828441374
car,bo_tpe,29,29,13,0.9891382828441374
car,bo_tpe,29,29,14,0.9905875582064562
car,bo_tpe,29,29,15,0.9905875582064562
car,bo_tpe,29,29,16,0.9905875582064562
car,bo_tpe,29,29,17,0.9905875582064562
car,bo_tpe,29,29,18,0.9905875582064562
car,bo_tpe,29,29,19,0.9905875582064562
car,bo_tpe,29,29,20,0.9905875582064562
car,bo_tpe,29,29,21,0.9905875582064562
car,bo_tpe,29,29,22,0.9905875582064562
car,bo_tpe,29,29,23,0.9905875582064562
car,bo_tpe,29,29,24,0.9905875582064562
car,bo_tpe,29,29,25,0.9905875582064562
car,bo_tpe,29,29,26,0.9905875582064562
car,bo_tpe,29,29,27,0.9905875582064562
car,bo_tpe,29,29,28,0.9905875582064562
car,bo_tpe,29,29,29,0.9905875582064562
car,bo_tpe,29,29,30,0.9905875582064562
car,bo_tpe,29,29,31,0.9905875582064562
car,bo_tpe,29,29,32,0.9905875582064562
car,bo_tpe,29,29,33,0.9905875582064562
car,bo_tpe,29,29,34,0.9905875582064562
car,bo_tpe,29,29,35,0.9905875582064562
car,bo_tpe,29,29,36,0.9905875582064562
car,bo_tpe,29,29,37,0.9905875582064562
car,bo_tpe,29,29,38,0.9905875582064562
car,bo_tpe,29,29,39,0.9905875582064562
car,bo_tpe,29,29,40,0.9905875582064562
car,bo_tpe,29,29,41,0.9905875582064562
car,bo_tpe,29,29,42,0.9905875582064562
car,bo_tpe,29,29,43,0.9905875582064562
car,bo_tpe,29,29,44,0.9905875582064562
car,bo_tpe,29,29,45,0.9905875582064562
car,bo_tpe,29,29,46,0.9905875582064562
car,bo_tpe,29,29,47,0.9905875582064562
car,bo_tpe,29,29,48,0.9905875582064562
car,bo_tpe,29,29,49,0.9905875582064562
car,bo_tpe,29,29,50,0.9905875582064562
car,bo_tpe,29,29,51,0.9905875582064562
car,bo_tpe,29,29,52,0.9905875582064562
car,bo_tpe,29,29,53,0.9905875582064562
car,bo_tpe,29,29,54,0.9905875582064562
car,bo_tpe,29,29,55,0.9905875582064562
car,bo_tpe,29,29,56,0.9905875582064562
car,bo_tpe,29,29,57,0.9905875582064562
car,bo_tpe,29,29,58,0.9905875582064562
car,bo_tpe,29,29,59,0.9905875582064562
car,bo_tpe,29,29,60,0.9905875582064562
car,bo_tpe,29,29,61,0.9905875582064562
car,bo_tpe,29,29,62,0.9905875582064562
car,bo_tpe,29,29,63,0.9905875582064562
car,bo_tpe,29,29,64,0.9905875582064562
car,bo_tpe,29,29,65,0.9905875582064562
car,bo_tpe,29,29,66,0.9905875582064562
car,bo_tpe,29,29,67,0.9905875582064562
car,bo_tpe,29,29,68,0.9905875582064562
car,bo_tpe,29,29,69,0.9905875582064562
car,bo_tpe,29,29,70,0.9905875582064562
car,bo_tpe,29,29,71,0.9905875582064562
car,bo_tpe,29,29,72,0.9905875582064562
car,bo_tpe,29,29,73,0.9905875582064562
car,bo_tpe,29,29,74,0.9905875582064562
car,bo_tpe,29,29,75,0.9905875582064562
car,bo_tpe,29,29,76,0.9905875582064562
car,bo_tpe,29,29,77,0.9905875582064562
car,bo_tpe,29,29,78,0.9905875582064562
car,bo_tpe,29,29,79,0.9905875582064562
car,bo_tpe,29,29,80,0.9905875582064562
car,bo_tpe,29,29,81,0.9905875582064562
car,bo_tpe,29,29,82,0.9905875582064562
car,bo_tpe,29,29,83,0.9905875582064562
car,bo_tpe,29,29,84,0.9905875582064562
car,bo_tpe,29,29,85,0.9905875582064562
car,bo_tpe,29,29,86,0.9905875582064562
car,bo_tpe,29,29,87,0.9905875582064562
car,bo_tpe,29,29,88,0.9905875582064562
car,bo_tpe,29,29,89,0.9905875582064562
car,bo_tpe,29,29,90,0.9905875582064562
car,bo_tpe,29,29,91,0.9905875582064562
car,bo_tpe,29,29,92,0.9905875582064562
car,bo_tpe,29,29,93,0.9905875582064562
car,bo_tpe,29,29,94,0.9905875582064562
car,bo_tpe,29,29,95,0.9905875582064562
car,bo_tpe,29,29,96,0.9905875582064562
car,bo_tpe,29,29,97,0.9905875582064562
car,bo_tpe,29,29,98,0.9905875582064562
car,bo_tpe,29,29,99,0.9905875582064562
car,bo_tpe,29,29,100,0.9905875582064562
car,pso,29,29,1,0.7004342594045937
car,pso,29,29,2,0.9102678805001831
car,pso,29,29,3,0.9102678805001831
car,pso,29,29,4,0.9348715533929786
car,pso,29,29,5,0.988413645162978
car,pso,29,29,6,0.988413645162978
car,pso,29,29,7,0.988413645162978
car,pso,29,29,8,0.988413645162978
car,pso,29,29,9,0.988413645162978
car,pso,29,29,10,0.988413645162978
car,pso,29,29,11,0.988413645162978
car,pso,29,29,12,0.988413645162978
car,pso,29,29,13,0.988413645162978
car,pso,29,29,14,0.988413645162978
car,pso,29,29,15,0.988413645162978
car,pso,29,29,16,0.988413645162978
car,pso,29,29,17,0.988413645162978
car,pso,29,29,18,0.988413645162978
car,pso,29,29,19,0.9905849421859466
car,pso,29,29,20,0.9905849421859466
car,pso,29,29,21,0.9905849421859466
car,pso,29,29,22,0.9905849421859466
car,pso,29,29,23,0.9905849421859466
car,pso,29,29,24,0.9905849421859466
car,pso,29,29,25,0.9905849421859466
car,pso,29,29,26,0.9905849421859466
car,pso,29,29,27,0.9905849421859466
car,pso,29,29,28,0.9905849421859466
car,pso,29,29,29,0.9905849421859466
car,pso,29,29,30,0.9905849421859466
car,pso,29,29,31,0.9905849421859466
car,pso,29,29,32,0.9905849421859466
car,pso,29,29,33,0.9905849421859466
car,pso,29,29,34,0.9905849421859466
car,pso,29,29,35,0.9905849421859466
car,pso,29,29,36,0.9905849421859466
car,pso,29,29,37,0.9905849421859466
car,pso,29,29,38,0.9905849421859466
car,pso,29,29,39,0.9905849421859466
car,pso,29,29,40,0.9905849421859466
car,pso,29,29,41,0.9905849421859466
car,pso,29,29,42,0.9905849421859466
car,pso,29,29,43,0.9905849421859466
car,pso,29,29,44,0.9905849421859466
car,pso,29,29,45,0.9905849421859466
car,pso,29,29,46,0.9905849421859466
car,pso,29,29,47,0.9905849421859466
car,pso,29,29,48,0.9905849421859466
car,pso,29,29,49,0.9905849421859466
car,pso,29,29,50,0.9905849421859466
car,pso,29,29,51,0.9905849421859466
car,pso,29,29,52,0.9905875582064562
car,pso,29,29,53,0.9905875582064562
car,pso,29,29,54,0.9905875582064562
car,pso,29,29,55,0.9905875582064562
car,pso,29,29,56,0.9905875582064562
car,pso,29,29,57,0.9905875582064562
car,pso,29,29,58,0.9905875582064562
car,pso,29,29,59,0.9905875582064562
car,pso,29,29,60,0.9905875582064562
car,pso,29,29,61,0.9905875582064562
car,pso,29,29,62,0.9905875582064562
car,pso,29,29,63,0.9905875582064562
car,pso,29,29,64,0.9905875582064562
car,pso,29,29,65,0.9905875582064562
car,pso,29,29,66,0.9905875582064562
car,pso,29,29,67,0.9905875582064562
car,pso,29,29,68,0.9905875582064562
car,pso,29,29,69,0.9905875582064562
car,pso,29,29,70,0.9905875582064562
car,pso,29,29,71,0.9905875582064562
car,pso,29,29,72,0.9905875582064562
car,pso,29,29,73,0.9905875582064562
car,pso,29,29,74,0.9905875582064562
car,pso,29,29,75,0.9905875582064562
car,pso,29,29,76,0.9905875582064562
car,pso,29,29,77,0.9905875582064562
car,pso,29,29,78,0.9905875582064562
car,pso,29,29,79,0.9905875582064562
car,pso,29,29,80,0.9905875582064562
car,pso,29,29,81,0.9905875582064562
car,pso,29,29,82,0.9905875582064562
car,pso,29,29,83,0.9905875582064562
car,pso,29,29,84,0.9905875582064562
car,pso,29,29,85,0.9905875582064562
car,pso,29,29,86,0.9905875582064562
car,pso,29,29,87,0.9905875582064562
car,pso,29,29,88,0.9905875582064562
car,pso,29,29,89,0.9905875582064562
car,pso,29,29,90,0.9905875582064562
car,pso,29,29,91,0.9905875582064562
car,pso,29,29,92,0.9905875582064562
car,pso,29,29,93,0.9905875582064562
car,pso,29,29,94,0.9905875582064562
car,pso,29,29,95,0.9905875582064562
car,pso,29,29,96,0.9905875582064562
car,pso,29,29,97,0.9905875582064562
car,pso,29,29,98,0.9905875582064562
car,pso,29,29,99,0.9905875582064562
car,pso,29,29,100,0.9905875582064562
car,de,29,29,1,0.7004342594045937
car,de,29,29,2,0.9319756186888505
car,de,29,29,3,0.9319756186888505
car,de,29,29,4,0.9370428504159471
car,de,29,29,5,0.9370428504159471
car,de,29,29,6,0.9847983048187098
car,de,29,29,7,0.9847983048187098
car,de,29,29,8,0.9847983048187098
car,de,29,29,9,0.9862397321194998
car,de,29,29,10,0.9862397321194998
car,de,29,29,11,0.9862397321194998
car,de,29,29,12,0.9862397321194998
car,de,29,29,13,0.9862397321194998
car,de,29,29,14,0.9862397321194998
car,de,29,29,15,0.9862397321194998
car,de,29,29,16,0.9891382828441374
car,de,29,29,17,0.9891382828441374
car,de,29,29,18,0.9891382828441374
car,de,29,29,19,0.9891382828441374
car,de,29,29,20,0.9891382828441374
car,de,29,29,21,0.9891382828441374
car,de,29,29,22,0.9891382828441374
car,de,29,29,23,0.9891382828441374
car,de,29,29,24,0.9891382828441374
car,de,29,29,25,0.9891382828441374
car,de,29,29,26,0.9891382828441374
car,de,29,29,27,0.9891382828441374
car,de,29,29,28,0.9891382828441374
car,de,29,29,29,0.9891382828441374
car,de,29,29,30,0.9891382828441374
car,de,29,29,31,0.9891382828441374
car,de,29,29,32,0.9891382828441374
car,de,29,29,33,0.9891382828441374
car,de,29,29,34,0.9891382828441374
car,de,29,29,35,0.9891382828441374
car,de,29,29,36,0.9891382828441374
car,de,29,29,37,0.9891382828441374
car,de,29,29,38,0.9891382828441374
car,de,29,29,39,0.9891382828441374
car,de,29,29,40,0.9891382828441374
car,de,29,29,41,0.9891382828441374
car,de,29,29,42,0.9891382828441374
car,de,29,29,43,0.9891382828441374
car,de,29,29,44,0.9891382828441374
car,de,29,29,45,0.9891382828441374
car,de,29,29,46,0.9891382828441374
car,de,29,29,47,0.9891382828441374
car,de,29,29,48,0.9905875582064562
car,de,29,29,49,0.9905875582064562
car,de,29,29,50,0.9905875582064562
car,de,29,29,51,0.9905875582064562
car,de,29,29,52,0.9905875582064562
car,de,29,29,53,0.9905875582064562
car,de,29,29,54,0.9905875582064562
car,de,29,29,55,0.9905875582064562
car,de,29,29,56,0.9905875582064562
car,de,29,29,57,0.9905875582064562
car,de,29,29,58,0.9905875582064562
car,de,29,29,59,0.9905875582064562
car,de,29,29,60,0.9905875582064562
car,de,29,29,61,0.9905875582064562
car,de,29,29,62,0.9905875582064562
car,de,29,29,63,0.9905875582064562
car,de,29,29,64,0.9905875582064562
car,de,29,29,65,0.9905875582064562
car,de,29,29,66,0.9905875582064562
car,de,29,29,67,0.9905875582064562
car,de,29,29,68,0.9905875582064562
car,de,29,29,69,0.9905875582064562
car,de,29,29,70,0.9905875582064562
car,de,29,29,71,0.9905875582064562
car,de,29,29,72,0.9905875582064562
car,de,29,29,73,0.9905875582064562
car,de,29,29,74,0.9905875582064562
car,de,29,29,75,0.9905875582064562
car,de,29,29,76,0.9905875582064562
car,de,29,29,77,0.9905875582064562
car,de,29,29,78,0.9905875582064562
car,de,29,29,79,0.9905875582064562
car,de,29,29,80,0.9905875582064562
car,de,29,29,81,0.9905875582064562
car,de,29,29,82,0.9905875582064562
car,de,29,29,83,0.9905875582064562
car,de,29,29,84,0.9905875582064562
car,de,29,29,85,0.9905875582064562
car,de,29,29,86,0.9905875582064562
car,de,29,29,87,0.9905875582064562
car,de,29,29,88,0.9905875582064562
car,de,29,29,89,0.9905875582064562
car,de,29,29,90,0.9905875582064562
car,de,29,29,91,0.9905875582064562
car,de,29,29,92,0.9905875582064562
car,de,29,29,93,0.9905875582064562
car,de,29,29,94,0.9905875582064562
car,de,29,29,95,0.9905875582064562
car,de,29,29,96,0.9905875582064562
car,de,29,29,97,0.9905875582064562
car,de,29,29,98,0.9905875582064562
car,de,29,29,99,0.9905875582064562
car,de,29,29,100,0.9905875582064562
car,ga,29,29,1,0.7004342594045937
car,ga,29,29,2,0.9319756186888505
car,ga,29,29,3,0.9319756186888505
car,ga,29,29,4,0.9370428504159471
car,ga,29,29,5,0.9370428504159471
car,ga,29,29,6,0.9847983048187098
car,ga,29,29,7,0.9847983048187098
car,ga,29,29,8,0.9847983048187098
car,ga,29,29,9,0.9862397321194998
car,ga,29,29,10,0.9862397321194998
car,ga,29,29,11,0.9862397321194998
car,ga,29,29,12,0.9862397321194998
car,ga,29,29,13,0.9862397321194998
car,ga,29,29,14,0.9862397321194998
car,ga,29,29,15,0.9862397321194998
car,ga,29,29,16,0.9891382828441374
car,ga,29,29,17,0.9891382828441374
car,ga,29,29,18,0.9891382828441374
car,ga,29,29,19,0.9891382828441374
car,ga,29,29,20,0.9891382828441374
car,ga,29,29,21,0.9891382828441374
car,ga,29,29,22,0.9891382828441374
car,ga,29,29,23,0.9891382828441374
car,ga,29,29,24,0.9891382828441374
car,ga,29,29,25,0.9891382828441374
car,ga,29,29,26,0.9891382828441374
car,ga,29,29,27,0.9891382828441374
car,ga,29,29,28,0.9891382828441374
car,ga,29,29,29,0.9891382828441374
car,ga,29,29,30,0.9891382828441374
car,ga,29,29,31,0.9891382828441374
car,ga,29,29,32,0.9891382828441374
car,ga,29,29,33,0.9891382828441374
car,ga,29,29,34,0.9891382828441374
car,ga,29,29,35,0.9891382828441374
car,ga,29,29,36,0.9891382828441374
car,ga,29,29,37,0.9891382828441374
car,ga,29,29,38,0.9891382828441374
car,ga,29,29,39,0.9891382828441374
car,ga,29,29,40,0.9891382828441374
car,ga,29,29,41,0.9891382828441374
car,ga,29,29,42,0.9891382828441374
car,ga,29,29,43,0.9891382828441374
car,ga,29,29,44,0.9891382828441374
car,ga,29,29,45,0.9891382828441374
car,ga,29,29,46,0.9891382828441374
car,ga,29,29,47,0.9891382828441374
car,ga,29,29,48,0.9891382828441374
car,ga,29,29,49,0.9891382828441374
car,ga,29,29,50,0.9891382828441374
car,ga,29,29,51,0.9891382828441374
car,ga,29,29,52,0.9891382828441374
car,ga,29,29,53,0.9891382828441374
car,ga,29,29,54,0.9891382828441374
car,ga,29,29,55,0.9891382828441374
car,ga,29,29,56,0.9891382828441374
car,ga,29,29,57,0.9891382828441374
car,ga,29,29,58,0.9891382828441374
car,ga,29,29,59,0.9891382828441374
car,ga,29,29,60,0.9891382828441374
car,ga,29,29,61,0.9891382828441374
car,ga,29,29,62,0.9891382828441374
car,ga,29,29,63,0.9891382828441374
car,ga,29,29,64,0.9891382828441374
car,ga,29,29,65,0.9891382828441374
car,ga,29,29,66,0.9891382828441374
car,ga,29,29,67,0.9891382828441374
car,ga,29,29,68,0.9891382828441374
car,ga,29,29,69,0.9891382828441374
car,ga,29,29,70,0.9891382828441374
car,ga,29,29,71,0.9891382828441374
car,ga,29,29,72,0.9891382828441374
car,ga,29,29,73,0.9891382828441374
car,ga,29,29,74,0.9891382828441374
car,ga,29,29,75,0.9891382828441374
car,ga,29,29,76,0.9891382828441374
car,ga,29,29,77,0.9891382828441374
car,ga,29,29,78,0.9891382828441374
car,ga,29,29,79,0.9891382828441374
car,ga,29,29,80,0.9891382828441374
car,ga,29,29,81,0.9891382828441374
car,ga,29,29,82,0.9891382828441374
car,ga,29,29,83,0.9891382828441374
car,ga,29,29,84,0.9891382828441374
car,ga,29,29,85,0.9891382828441374
car,ga,29,29,86,0.9891382828441374
car,ga,29,29,87,0.9891382828441374
car,ga,29,29,88,0.9891382828441374
car,ga,29,29,89,0.9891382828441374
car,ga,29,29,90,0.9891382828441374
car,ga,29,29,91,0.9891382828441374
car,ga,29,29,92,0.9891382828441374
car,ga,29,29,93,0.9891382828441374
car,ga,29,29,94,0.9891382828441374
car,ga,29,29,95,0.9891382828441374
car,ga,29,29,96,0.9891382828441374
car,ga,29,29,97,0.9891382828441374
car,ga,29,29,98,0.9905849421859466
car,ga,29,29,99,0.9905849421859466
car,ga,29,29,100,0.9905849421859466
car,sa,29,29,1,0.9847956887982001
car,sa,29,29,2,0.9847956887982001
car,sa,29,29,3,0.9847956887982001
car,sa,29,29,4,0.9847956887982001
car,sa,29,29,5,0.9855150944383404
car,sa,29,29,6,0.9876890074818186
car,sa,29,29,7,0.9876890074818186
car,sa,29,29,8,0.9876890074818186
car,sa,29,29,9,0.9891408988646472
car,sa,29,29,10,0.9891408988646472
car,sa,29,29,11,0.9891408988646472
car,sa,29,29,12,0.9891408988646472
car,sa,29,29,13,0.9898629205252968
car,sa,29,29,14,0.9898629205252968
car,sa,29,29,15,0.9905875582064562
car,sa,29,29,16,0.9905875582064562
car,sa,29,29,17,0.9905875582064562
car,sa,29,29,18,0.9905875582064562
car,sa,29,29,19,0.9905875582064562
car,sa,29,29,20,0.9905875582064562
car,sa,29,29,21,0.9905875582064562
car,sa,29,29,22,0.9905875582064562
car,sa,29,29,23,0.9905875582064562
car,sa,29,29,24,0.9905875582064562
car,sa,29,29,25,0.9905875582064562
car,sa,29,29,26,0.9905875582064562
car,sa,29,29,27,0.9905875582064562
car,sa,29,29,28,0.9905875582064562
car,sa,29,29,29,0.9905875582064562
car,sa,29,29,30,0.9905875582064562
car,sa,29,29,31,0.9905875582064562
car,sa,29,29,32,0.9905875582064562
car,sa,29,29,33,0.9905875582064562
car,sa,29,29,34,0.9905875582064562
car,sa,29,29,35,0.9905875582064562
car,sa,29,29,36,0.9905875582064562
car,sa,29,29,37,0.9905875582064562
car,sa,29,29,38,0.9905875582064562
car,sa,29,29,39,0.9905875582064562
car,sa,29,29,40,0.9905875582064562
car,sa,29,29,41,0.9905875582064562
car,sa,29,29,42,0.9905875582064562
car,sa,29,29,43,0.9905875582064562
car,sa,29,29,44,0.9905875582064562
car,sa,29,29,45,0.9905875582064562
car,sa,29,29,46,0.9905875582064562
car,sa,29,29,47,0.9905875582064562
car,sa,29,29,48,0.9905875582064562
car,sa,29,29,49,0.9905875582064562
car,sa,29,29,50,0.9905875582064562
car,sa,29,29,51,0.9905875582064562
car,sa,29,29,52,0.9905875582064562
car,sa,29,29,53,0.9905875582064562
car,sa,29,29,54,0.9905875582064562
car,sa,29,29,55,0.9905875582064562
car,sa,29,29,56,0.9905875582064562
car,sa,29,29,57,0.9905875582064562
car,sa,29,29,58,0.9905875582064562
car,sa,29,29,59,0.9905875582064562
car,sa,29,29,60,0.9905875582064562
car,sa,29,29,61,0.9905875582064562
car,sa,29,29,62,0.9905875582064562
car,sa,29,29,63,0.9905875582064562
car,sa,29,29,64,0.9905875582064562
car,sa,29,29,65,0.9905875582064562
car,sa,29,29,66,0.9905875582064562
car,sa,29,29,67,0.9905875582064562
car,sa,29,29,68,0.9905875582064562
car,sa,29,29,69,0.9905875582064562
car,sa,29,29,70,0.9905875582064562
car,sa,29,29,71,0.9905875582064562
car,sa,29,29,72,0.9905875582064562
car,sa,29,29,73,0.9905875582064562
car,sa,29,29,74,0.9905875582064562
car,sa,29,29,75,0.9905875582064562
car,sa,29,29,76,0.9905875582064562
car,sa,29,29,77,0.9905875582064562
car,sa,29,29,78,0.9905875582064562
car,sa,29,29,79,0.9905875582064562
car,sa,29,29,80,0.9905875582064562
car,sa,29,29,81,0.9905875582064562
car,sa,29,29,82,0.9905875582064562
car,sa,29,29,83,0.9905875582064562
car,sa,29,29,84,0.9905875582064562
car,sa,29,29,85,0.9905875582064562
car,sa,29,29,86,0.9905875582064562
car,sa,29,29,87,0.9905875582064562
car,sa,29,29,88,0.9905875582064562
car,sa,29,29,89,0.9905875582064562
car,sa,29,29,90,0.9905875582064562
car,sa,29,29,91,0.9905875582064562
car,sa,29,29,92,0.9905875582064562
car,sa,29,29,93,0.9905875582064562
car,sa,29,29,94,0.9905875582064562
car,sa,29,29,95,0.9905875582064562
car,sa,29,29,96,0.9905875582064562
car,sa,29,29,97,0.9905875582064562
car,sa,29,29,98,0.9905875582064562
car,sa,29,29,99,0.9905875582064562
car,sa,29,29,100,0.9905875582064562
