dataset,optimizer,seed,target,reference,bar,evals_to_target,reached
banknote,bo_tpe,0,0.9,1.0,0.9,1,True
banknote,bo_tpe,0,0.95,1.0,0.95,1,True
banknote,bo_tpe,0,0.98,1.0,0.98,1,True
banknote,bo_tpe,1,0.9,1.0,0.9,1,True
banknote,bo_tpe,1,0.95,1.0,0.95,1,True
banknote,bo_tpe,1,0.98,1.0,0.98,1,True
banknote,bo_tpe,2,0.9,1.0,0.9,2,True
banknote,bo_tpe,2,0.95,1.0,0.95,2,True
banknote,bo_tpe,2,0.98,1.0,0.98,2,True
banknote,bo_tpe,3,0.9,1.0,0.9,1,True
banknote,bo_tpe,3,0.95,1.0,0.95,1,True
banknote,bo_tpe,3,0.98,1.0,0.98,1,True
banknote,bo_tpe,4,0.9,1.0,0.9,1,True
banknote,bo_tpe,4,0.95,1.0,0.95,1,True
banknote,bo_tpe,4,0.98,1.0,0.98,1,True
banknote,bo_tpe,5,0.9,1.0,0.9,1,True
banknote,bo_tpe,5,0.95,1.0,0.95,1,True
banknote,bo_tpe,5,0.98,1.0,0.98,1,True
banknote,bo_tpe,6,0.9,1.0,0.9,1,True
banknote,bo_tpe,6,0.95,1.0,0.95,1,True
banknote,bo_tpe,6,0.98,1.0,0.98,1,True
banknote,bo_tpe,7,0.9,1.0,0.9,1,True
banknote,bo_tpe,7,0.95,1.0,0.95,1,True
banknote,bo_tpe,7,0.98,1.0,0.98,1,True
banknote,bo_tpe,8,0.9,1.0,0.9,1,True
banknote,bo_tpe,8,0.95,1.0,0.95,1,True
banknote,bo_tpe,8,0.98,1.0,0.98,1,True
banknote,bo_tpe,9,0.9,1.0,0.9,2,True
banknote,bo_tpe,9,0.95,1.0,0.95,2,True
banknote,bo_tpe,9,0.98,1.0,0.98,6,True
banknote,bo_tpe,10,0.9,1.0,0.9,1,True
banknote,bo_tpe,10,0.95,1.0,0.95,1,True
banknote,bo_tpe,10,0.98,1.0,0.98,1,True
banknote,bo_tpe,11,0.9,1.0,0.9,2,True
banknote,bo_tpe,11,0.95,1.0,0.95,2,True
banknote,bo_tpe,11,0.98,1.0,0.98,2,True
banknote,bo_tpe,12,0.9,1.0,0.9,1,True
banknote,bo_tpe,12,0.95,1.0,0.95,1,True
banknote,bo_tpe,12,0.98,1.0,0.98,1,True
banknote,bo_tpe,13,0.9,1.0,0.9,1,True
banknote,bo_tpe,13,0.95,1.0,0.95,1,True
banknote,bo_tpe,13,0.98,1.0,0.98,1,True
banknote,bo_tpe,14,0.9,1.0,0.9,1,True
banknote,bo_tpe,14,0.95,1.0,0.95,1,True
banknote,bo_tpe,14,0.98,1.0,0.98,1,True
banknote,bo_tpe,15,0.9,1.0,0.9,1,True
banknote,bo_tpe,15,0.95,1.0,0.95,1,True
banknote,bo_tpe,15,0.98,1.0,0.98,1,True
banknote,bo_tpe,16,0.9,1.0,0.9,1,True
banknote,bo_tpe,16,0.95,1.0,0.95,1,True
banknote,bo_tpe,16,0.98,1.0,0.98,4,True
banknote,bo_tpe,17,0.9,1.0,0.9,1,True
banknote,bo_tpe,17,0.95,1.0,0.95,1,True
banknote,bo_tpe,17,0.98,1.0,0.98,1,True
banknote,bo_tpe,18,0.9,1.0,0.9,1,True
banknote,bo_tpe,18,0.95,1.0,0.95,1,True
banknote,bo_tpe,18,0.98,1.0,0.98,1,True
banknote,bo_tpe,19,0.9,1.0,0.9,1,True
banknote,bo_tpe,19,0.95,1.0,0.95,1,True
banknote,bo_tpe,19,0.98,1.0,0.98,1,True
banknote,bo_tpe,20,0.9,1.0,0.9,1,True
banknote,bo_tpe,20,0.95,1.0,0.95,1,True
banknote,bo_tpe,20,0.98,1.0,0.98,1,True
banknote,bo_tpe,21,0.9,1.0,0.9,2,True
banknote,bo_tpe,21,0.95,1.0,0.95,2,True
banknote,bo_tpe,21,0.98,1.0,0.98,2,True
banknote,bo_tpe,22,0.9,1.0,0.9,1,True
banknote,bo_tpe,22,0.95,1.0,0.95,1,True
banknote,bo_tpe,22,0.98,1.0,0.98,2,True
banknote,bo_tpe,23,0.9,1.0,0.9,1,True
banknote,bo_tpe,23,0.95,1.0,0.95,1,True
banknote,bo_tpe,23,0.98,1.0,0.98,1,True
banknote,bo_tpe,24,0.9,1.0,0.9,1,True
banknote,bo_tpe,24,0.95,1.0,0.95,1,True
banknote,bo_tpe,24,0.98,1.0,0.98,1,True
banknote,bo_tpe,25,0.9,1.0,0.9,1,True
banknote,bo_tpe,25,0.95,1.0,0.95,1,True
banknote,bo_tpe,25,0.98,1.0,0.98,1,True
banknote,bo_tpe,26,0.9,1.0,0.9,1,True
banknote,bo_tpe,26,0.95,1.0,0.95,1,True
banknote,bo_tpe,26,0.98,1.0,0.98,1,True
banknote,bo_tpe,27,0.9,1.0,0.9,1,True
banknote,bo_tpe,27,0.95,1.0,0.95,1,True
banknote,bo_tpe,27,0.98,1.0,0.98,1,True
banknote,bo_tpe,28,0.9,1.0,0.9,1,True
banknote,bo_tpe,28,0.95,1.0,0.95,1,True
banknote,bo_tpe,28,0.98,1.0,0.98,1,True
banknote,bo_tpe,29,0.9,1.0,0.9,1,True
banknote,bo_tpe,29,0.95,1.0,0.95,1,True
banknote,bo_tpe,29,0.98,1.0,0.98,1,True
banknote,cuckoo,0,0.9,1.0,0.9,1,True
banknote,cuckoo,0,0.95,1.0,0.95,1,True
banknote,cuckoo,0,0.98,1.0,0.98,1,True
banknote,cuckoo,1,0.9,1.0,0.9,1,True
banknote,cuckoo,1,0.95,1.0,0.95,1,True
banknote,cuckoo,1,0.98,1.0,0.98,1,True
banknote,cuckoo,2,0.9,1.0,0.9,2,True
banknote,cuckoo,2,0.95,1.0,0.95,2,True
banknote,cuckoo,2,0.98,1.0,0.98,2,True
banknote,cuckoo,3,0.9,1.0,0.9,1,True
banknote,cuckoo,3,0.95,1.0,0.95,1,True
banknote,cuckoo,3,0.98,1.0,0.98,1,True
banknote,cuckoo,4,0.9,1.0,0.9,1,True
banknote,cuckoo,4,0.95,1.0,0.95,1,True
banknote,cuckoo,4,0.98,1.0,0.98,1,True
banknote,cuckoo,5,0.9,1.0,0.9,1,True
banknote,cuckoo,5,0.95,1.0,0.95,1,True
banknote,cuckoo,5,0.98,1.0,0.98,1,True
banknote,cuckoo,6,0.9,1.0,0.9,1,True
banknote,cuckoo,6,0.95,1.0,0.95,1,True
banknote,cuckoo,6,0.98,1.0,0.98,1,True
banknote,cuckoo,7,0.9,1.0,0.9,1,True
banknote,cuckoo,7,0.95,1.0,0.95,1,True
banknote,cuckoo,7,0.98,1.0,0.98,1,True
banknote,cuckoo,8,0.9,1.0,0.9,1,True
banknote,cuckoo,8,0.95,1.0,0.95,1,True
banknote,cuckoo,8,0.98,1.0,0.98,1,True
banknote,cuckoo,9,0.9,1.0,0.9,2,True
banknote,cuckoo,9,0.95,1.0,0.95,2,True
banknote,cuckoo,9,0.98,1.0,0.98,6,True
banknote,cuckoo,10,0.9,1.0,0.9,1,True
banknote,cuckoo,10,0.95,1.0,0.95,1,True
banknote,cuckoo,10,0.98,1.0,0.98,1,True
banknote,cuckoo,11,0.9,1.0,0.9,2,True
banknote,cuckoo,11,0.95,1.0,0.95,2,True
banknote,cuckoo,11,0.98,1.0,0.98,2,True
banknote,cuckoo,12,0.9,1.0,0.9,1,True
banknote,cuckoo,12,0.95,1.0,0.95,1,True
banknote,cuckoo,12,0.98,1.0,0.98,1,True
banknote,cuckoo,13,0.9,1.0,0.9,1,True
banknote,cuckoo,13,0.95,1.0,0.95,1,True
banknote,cuckoo,13,0.98,1.0,0.98,1,True
banknote,cuckoo,14,0.9,1.0,0.9,1,True
banknote,cuckoo,14,0.95,1.0,0.95,1,True
banknote,cuckoo,14,0.98,1.0,0.98,1,True
banknote,cuckoo,15,0.9,1.0,0.9,1,True
banknote,cuckoo,15,0.95,1.0,0.95,1,True
banknote,cuckoo,15,0.98,1.0,0.98,1,True
banknote,cuckoo,16,0.9,1.0,0.9,1,True
banknote,cuckoo,16,0.95,1.0,0.95,1,True
banknote,cuckoo,16,0.98,1.0,0.98,4,True
banknote,cuckoo,17,0.9,1.0,0.9,1,True
banknote,cuckoo,17,0.95,1.0,0.95,1,True
banknote,cuckoo,17,0.98,1.0,0.98,1,True
banknote,cuckoo,18,0.9,1.0,0.9,1,True
banknote,cuckoo,18,0.95,1.0,0.95,1,True
banknote,cuckoo,18,0.98,1.0,0.98,1,True
banknote,cuckoo,19,0.9,1.0,0.9,1,True
banknote,cuckoo,19,0.95,1.0,0.95,1,True
banknote,cuckoo,19,0.98,1.0,0.98,1,True
banknote,cuckoo,20,0.9,1.0,0.9,1,True
banknote,cuckoo,20,0.95,1.0,0.95,1,True
banknote,cuckoo,20,0.98,1.0,0.98,1,True
banknote,cuckoo,21,0.9,1.0,0.9,2,True
banknote,cuckoo,21,0.95,1.0,0.95,2,True
banknote,cuckoo,21,0.98,1.0,0.98,2,True
banknote,cuckoo,22,0.9,1.0,0.9,1,True
banknote,cuckoo,22,0.95,1.0,0.95,1,True
banknote,cuckoo,22,0.98,1.0,0.98,2,True
banknote,cuckoo,23,0.9,1.0,0.9,1,True
banknote,cuckoo,23,0.95,1.0,0.95,1,True
banknote,cuckoo,23,0.98,1.0,0.98,1,True
banknote,cuckoo,24,0.9,1.0,0.9,1,True
banknote,cuckoo,24,0.95,1.0,0.95,1,True
banknote,cuckoo,24,0.98,1.0,0.98,1,True
banknote,cuckoo,25,0.9,1.0,0.9,1,True
banknote,cuckoo,25,0.95,1.0,0.95,1,True
banknote,cuckoo,25,0.98,1.0,0.98,1,True
banknote,cuckoo,26,0.9,1.0,0.9,1,True
banknote,cuckoo,26,0.95,1.0,0.95,1,True
banknote,cuckoo,26,0.98,1.0,0.98,1,True
banknote,cuckoo,27,0.9,1.0,0.9,1,True
banknote,cuckoo,27,0.95,1.0,0.95,1,True
banknote,cuckoo,27,0.98,1.0,0.98,1,True
banknote,cuckoo,28,0.9,1.0,0.9,1,True
banknote,cuckoo,28,0.95,1.0,0.95,1,True
banknote,cuckoo,28,0.98,1.0,0.98,1,True
banknote,cuckoo,29,0.9,1.0,0.9,1,True
banknote,cuckoo,29,0.95,1.0,0.95,1,True
banknote,cuckoo,29,0.98,1.0,0.98,1,True
banknote,de,0,0.9,1.0,0.9,1,True
banknote,de,0,0.95,1.0,0.95,1,True
banknote,de,0,0.98,1.0,0.98,1,True
banknote,de,1,0.9,1.0,0.9,1,True
banknote,de,1,0.95,1.0,0.95,1,True
banknote,de,1,0.98,1.0,0.98,1,True
banknote,de,2,0.9,1.0,0.9,1,True
banknote,de,2,0.95,1.0,0.95,2,True
banknote,de,2,0.98,1.0,0.98,2,True
banknote,de,3,0.9,1.0,0.9,2,True
banknote,de,3,0.95,1.0,0.95,2,True
banknote,de,3,0.98,1.0,0.98,2,True
banknote,de,4,0.9,1.0,0.9,1,True
banknote,de,4,0.95,1.0,0.95,1,True
banknote,de,4,0.98,1.0,0.98,1,True
banknote,de,5,0.9,1.0,0.9,1,True
banknote,de,5,0.95,1.0,0.95,1,True
banknote,de,5,0.98,1.0,0.98,1,True
banknote,de,6,0.9,1.0,0.9,1,True
banknote,de,6,0.95,1.0,0.95,1,True
banknote,de,6,0.98,1.0,0.98,1,True
banknote,de,7,0.9,1.0,0.9,1,True
banknote,de,7,0.95,1.0,0.95,1,True
banknote,de,7,0.98,1.0,0.98,1,True
banknote,de,8,0.9,1.0,0.9,1,True
banknote,de,8,0.95,1.0,0.95,1,True
banknote,de,8,0.98,1.0,0.98,1,True
banknote,de,9,0.9,1.0,0.9,1,True
banknote,de,9,0.95,1.0,0.95,1,True
banknote,de,9,0.98,1.0,0.98,1,True
banknote,de,10,0.9,1.0,0.9,1,True
banknote,de,10,0.95,1.0,0.95,1,True
banknote,de,10,0.98,1.0,0.98,1,True
banknote,de,11,0.9,1.0,0.9,1,True
banknote,de,11,0.95,1.0,0.95,1,True
banknote,de,11,0.98,1.0,0.98,3,True
banknote,de,12,0.9,1.0,0.9,1,True
banknote,de,12,0.95,1.0,0.95,1,True
banknote,de,12,0.98,1.0,0.98,1,True
banknote,de,13,0.9,1.0,0.9,1,True
banknote,de,13,0.95,1.0,0.95,1,True
banknote,de,13,0.98,1.0,0.98,1,True
banknote,de,14,0.9,1.0,0.9,1,True
banknote,de,14,0.95,1.0,0.95,1,True
banknote,de,14,0.98,1.0,0.98,1,True
banknote,de,15,0.9,1.0,0.9,1,True
banknote,de,15,0.95,1.0,0.95,1,True
banknote,de,15,0.98,1.0,0.98,1,True
banknote,de,16,0.9,1.0,0.9,1,True
banknote,de,16,0.95,1.0,0.95,1,True
banknote,de,16,0.98,1.0,0.98,1,True
banknote,de,17,0.9,1.0,0.9,1,True
banknote,de,17,0.95,1.0,0.95,1,True
banknote,de,17,0.98,1.0,0.98,1,True
banknote,de,18,0.9,1.0,0.9,1,True
banknote,de,18,0.95,1.0,0.95,1,True
banknote,de,18,0.98,1.0,0.98,1,True
banknote,de,19,0.9,1.0,0.9,1,True
banknote,de,19,0.95,1.0,0.95,1,True
banknote,de,19,0.98,1.0,0.98,1,True
banknote,de,20,0.9,1.0,0.9,1,True
banknote,de,20,0.95,1.0,0.95,1,True
banknote,de,20,0.98,1.0,0.98,4,True
banknote,de,21,0.9,1.0,0.9,1,True
banknote,de,21,0.95,1.0,0.95,1,True
banknote,de,21,0.98,1.0,0.98,1,True
banknote,de,22,0.9,1.0,0.9,1,True
banknote,de,22,0.95,1.0,0.95,2,True
banknote,de,22,0.98,1.0,0.98,3,True
banknote,de,23,0.9,1.0,0.9,1,True
banknote,de,23,0.95,1.0,0.95,1,True
banknote,de,23,0.98,1.0,0.98,1,True
banknote,de,24,0.9,1.0,0.9,1,True
banknote,de,24,0.95,1.0,0.95,1,True
banknote,de,24,0.98,1.0,0.98,1,True
banknote,de,25,0.9,1.0,0.9,2,True
banknote,de,25,0.95,1.0,0.95,2,True
banknote,de,25,0.98,1.0,0.98,4,True
banknote,de,26,0.9,1.0,0.9,1,True
banknote,de,26,0.95,1.0,0.95,1,True
banknote,de,26,0.98,1.0,0.98,2,True
banknote,de,27,0.9,1.0,0.9,1,True
banknote,de,27,0.95,1.0,0.95,1,True
banknote,de,27,0.98,1.0,0.98,1,True
banknote,de,28,0.9,1.0,0.9,1,True
banknote,de,28,0.95,1.0,0.95,1,True
banknote,de,28,0.98,1.0,0.98,1,True
banknote,de,29,0.9,1.0,0.9,1,True
banknote,de,29,0.95,1.0,0.95,2,True
banknote,de,29,0.98,1.0,0.98,2,True
banknote,ga,0,0.9,1.0,0.9,1,True
banknote,ga,0,0.95,1.0,0.95,1,True
banknote,ga,0,0.98,1.0,0.98,1,True
banknote,ga,1,0.9,1.0,0.9,1,True
banknote,ga,1,0.95,1.0,0.95,1,True
banknote,ga,1,0.98,1.0,0.98,1,True
banknote,ga,2,0.9,1.0,0.9,1,True
banknote,ga,2,0.95,1.0,0.95,2,True
banknote,ga,2,0.98,1.0,0.98,2,True
banknote,ga,3,0.9,1.0,0.9,2,True
banknote,ga,3,0.95,1.0,0.95,2,True
banknote,ga,3,0.98,1.0,0.98,2,True
banknote,ga,4,0.9,1.0,0.9,1,True
banknote,ga,4,0.95,1.0,0.95,1,True
banknote,ga,4,0.98,1.0,0.98,1,True
banknote,ga,5,0.9,1.0,0.9,1,True
banknote,ga,5,0.95,1.0,0.95,1,True
banknote,ga,5,0.98,1.0,0.98,1,True
banknote,ga,6,0.9,1.0,0.9,1,True
banknote,ga,6,0.95,1.0,0.95,1,True
banknote,ga,6,0.98,1.0,0.98,1,True
banknote,ga,7,0.9,1.0,0.9,1,True
banknote,ga,7,0.95,1.0,0.95,1,True
banknote,ga,7,0.98,1.0,0.98,1,True
banknote,ga,8,0.9,1.0,0.9,1,True
banknote,ga,8,0.95,1.0,0.95,1,True
banknote,ga,8,0.98,1.0,0.98,1,True
banknote,ga,9,0.9,1.0,0.9,1,True
banknote,ga,9,0.95,1.0,0.95,1,True
banknote,ga,9,0.98,1.0,0.98,1,True
banknote,ga,10,0.9,1.0,0.9,1,True
banknote,ga,10,0.95,1.0,0.95,1,True
banknote,ga,10,0.98,1.0,0.98,1,True
banknote,ga,11,0.9,1.0,0.9,1,True
banknote,ga,11,0.95,1.0,0.95,1,True
banknote,ga,11,0.98,1.0,0.98,3,True
banknote,ga,12,0.9,1.0,0.9,1,True
banknote,ga,12,0.95,1.0,0.95,1,True
banknote,ga,12,0.98,1.0,0.98,1,True
banknote,ga,13,0.9,1.0,0.9,1,True
banknote,ga,13,0.95,1.0,0.95,1,True
banknote,ga,13,0.98,1.0,0.98,1,True
banknote,ga,14,0.9,1.0,0.9,1,True
banknote,ga,14,0.95,1.0,0.95,1,True
banknote,ga,14,0.98,1.0,0.98,1,True
banknote,ga,15,0.9,1.0,0.9,1,True
banknote,ga,15,0.95,1.0,0.95,1,True
banknote,ga,15,0.98,1.0,0.98,1,True
banknote,ga,16,0.9,1.0,0.9,1,True
banknote,ga,16,0.95,1.0,0.95,1,True
banknote,ga,16,0.98,1.0,0.98,1,True
banknote,ga,17,0.9,1.0,0.9,1,True
banknote,ga,17,0.95,1.0,0.95,1,True
banknote,ga,17,0.98,1.0,0.98,1,True
banknote,ga,18,0.9,1.0,0.9,1,True
banknote,ga,18,0.95,1.0,0.95,1,True
banknote,ga,18,0.98,1.0,0.98,1,True
banknote,ga,19,0.9,1.0,0.9,1,True
banknote,ga,19,0.95,1.0,0.95,1,True
banknote,ga,19,0.98,1.0,0.98,1,True
banknote,ga,20,0.9,1.0,0.9,1,True
banknote,ga,20,0.95,1.0,0.95,1,True
banknote,ga,20,0.98,1.0,0.98,4,True
banknote,ga,21,0.9,1.0,0.9,1,True
banknote,ga,21,0.95,1.0,0.95,1,True
banknote,ga,21,0.98,1.0,0.98,1,True
banknote,ga,22,0.9,1.0,0.9,1,True
banknote,ga,22,0.95,1.0,0.95,2,True
banknote,ga,22,0.98,1.0,0.98,3,True
banknote,ga,23,0.9,1.0,0.9,1,True
banknote,ga,23,0.95,1.0,0.95,1,True
banknote,ga,23,0.98,1.0,0.98,1,True
banknote,ga,24,0.9,1.0,0.9,1,True
banknote,ga,24,0.95,1.0,0.95,1,True
banknote,ga,24,0.98,1.0,0.98,1,True
banknote,ga,25,0.9,1.0,0.9,2,True
banknote,ga,25,0.95,1.0,0.95,2,True
banknote,ga,25,0.98,1.0,0.98,4,True
banknote,ga,26,0.9,1.0,0.9,1,True
banknote,ga,26,0.95,1.0,0.95,1,True
banknote,ga,26,0.98,1.0,0.98,2,True
banknote,ga,27,0.9,1.0,0.9,1,True
banknote,ga,27,0.95,1.0,0.95,1,True
banknote,ga,27,0.98,1.0,0.98,1,True
banknote,ga,28,0.9,1.0,0.9,1,True
banknote,ga,28,0.95,1.0,0.95,1,True
banknote,ga,28,0.98,1.0,0.98,1,True
banknote,ga,29,0.9,1.0,0.9,1,True
banknote,ga,29,0.95,1.0,0.95,2,True
banknote,ga,29,0.98,1.0,0.98,2,True
banknote,grid,0,0.9,1.0,0.9,1,True
banknote,grid,0,0.95,1.0,0.95,1,True
banknote,grid,0,0.98,1.0,0.98,1,True
banknote,grid,1,0.9,1.0,0.9,1,True
banknote,grid,1,0.95,1.0,0.95,1,True
banknote,grid,1,0.98,1.0,0.98,1,True
banknote,grid,2,0.9,1.0,0.9,1,True
banknote,grid,2,0.95,1.0,0.95,1,True
banknote,grid,2,0.98,1.0,0.98,1,True
banknote,grid,3,0.9,1.0,0.9,1,True
banknote,grid,3,0.95,1.0,0.95,1,True
banknote,grid,3,0.98,1.0,0.98,1,True
banknote,grid,4,0.9,1.0,0.9,3,True
banknote,grid,4,0.95,1.0,0.95,3,True
banknote,grid,4,0.98,1.0,0.98,3,True
banknote,grid,5,0.9,1.0,0.9,1,True
banknote,grid,5,0.95,1.0,0.95,1,True
banknote,grid,5,0.98,1.0,0.98,1,True
banknote,grid,6,0.9,1.0,0.9,1,True
banknote,grid,6,0.95,1.0,0.95,1,True
banknote,grid,6,0.98,1.0,0.98,1,True
banknote,grid,7,0.9,1.0,0.9,1,True
banknote,grid,7,0.95,1.0,0.95,1,True
banknote,grid,7,0.98,1.0,0.98,1,True
banknote,grid,8,0.9,1.0,0.9,1,True
banknote,grid,8,0.95,1.0,0.95,1,True
banknote,grid,8,0.98,1.0,0.98,1,True
banknote,grid,9,0.9,1.0,0.9,1,True
banknote,grid,9,0.95,1.0,0.95,1,True
banknote,grid,9,0.98,1.0,0.98,1,True
banknote,grid,10,0.9,1.0,0.9,1,True
banknote,grid,10,0.95,1.0,0.95,1,True
banknote,grid,10,0.98,1.0,0.98,1,True
banknote,grid,11,0.9,1.0,0.9,1,True
banknote,grid,11,0.95,1.0,0.95,1,True
banknote,grid,11,0.98,1.0,0.98,1,True
banknote,grid,12,0.9,1.0,0.9,1,True
banknote,grid,12,0.95,1.0,0.95,1,True
banknote,grid,12,0.98,1.0,0.98,1,True
banknote,grid,13,0.9,1.0,0.9,1,True
banknote,grid,13,0.95,1.0,0.95,1,True
banknote,grid,13,0.98,1.0,0.98,1,True
banknote,grid,14,0.9,1.0,0.9,1,True
banknote,grid,14,0.95,1.0,0.95,1,True
banknote,grid,14,0.98,1.0,0.98,2,True
banknote,grid,15,0.9,1.0,0.9,1,True
banknote,grid,15,0.95,1.0,0.95,1,True
banknote,grid,15,0.98,1.0,0.98,1,True
banknote,grid,16,0.9,1.0,0.9,1,True
banknote,grid,16,0.95,1.0,0.95,1,True
banknote,grid,16,0.98,1.0,0.98,1,True
banknote,grid,17,0.9,1.0,0.9,1,True
banknote,grid,17,0.95,1.0,0.95,1,True
banknote,grid,17,0.98,1.0,0.98,1,True
banknote,grid,18,0.9,1.0,0.9,1,True
banknote,grid,18,0.95,1.0,0.95,1,True
banknote,grid,18,0.98,1.0,0.98,1,True
banknote,grid,19,0.9,1.0,0.9,1,True
banknote,grid,19,0.95,1.0,0.95,1,True
banknote,grid,19,0.98,1.0,0.98,1,True
banknote,grid,20,0.9,1.0,0.9,1,True
banknote,grid,20,0.95,1.0,0.95,1,True
banknote,grid,20,0.98,1.0,0.98,2,True
banknote,grid,21,0.9,1.0,0.9,1,True
banknote,grid,21,0.95,1.0,0.95,2,True
banknote,grid,21,0.98,1.0,0.98,2,True
banknote,grid,22,0.9,1.0,0.9,2,True
banknote,grid,22,0.95,1.0,0.95,2,True
banknote,grid,22,0.98,1.0,0.98,2,True
banknote,grid,23,0.9,1.0,0.9,1,True
banknote,grid,23,0.95,1.0,0.95,1,True
banknote,grid,23,0.98,1.0,0.98,1,True
banknote,grid,24,0.9,1.0,0.9,1,True
banknote,grid,24,0.95,1.0,0.95,1,True
banknote,grid,24,0.98,1.0,0.98,1,True
banknote,grid,25,0.9,1.0,0.9,1,True
banknote,grid,25,0.95,1.0,0.95,1,True
banknote,grid,25,0.98,1.0,0.98,2,True
banknote,grid,26,0.9,1.0,0.9,1,True
banknote,grid,26,0.95,1.0,0.95,1,True
banknote,grid,26,0.98,1.0,0.98,2,True
banknote,grid,27,0.9,1.0,0.9,1,True
banknote,grid,27,0.95,1.0,0.95,1,True
banknote,grid,27,0.98,1.0,0.98,1,True
banknote,grid,28,0.9,1.0,0.9,1,True
banknote,grid,28,0.95,1.0,0.95,1,True
banknote,grid,28,0.98,1.0,0.98,1,True
banknote,grid,29,0.9,1.0,0.9,1,True
banknote,grid,29,0.95,1.0,0.95,1,True
banknote,grid,29,0.98,1.0,0.98,1,True
banknote,pso,0,0.9,1.0,0.9,1,True
banknote,pso,0,0.95,1.0,0.95,1,True
banknote,pso,0,0.98,1.0,0.98,1,True
banknote,pso,1,0.9,1.0,0.9,1,True
banknote,pso,1,0.95,1.0,0.95,1,True
banknote,pso,1,0.98,1.0,0.98,1,True
banknote,pso,2,0.9,1.0,0.9,1,True
banknote,pso,2,0.95,1.0,0.95,1,True
banknote,pso,2,0.98,1.0,0.98,1,True
banknote,pso,3,0.9,1.0,0.9,1,True
banknote,pso,3,0.95,1.0,0.95,1,True
banknote,pso,3,0.98,1.0,0.98,1,True
banknote,pso,4,0.9,1.0,0.9,1,True
banknote,pso,4,0.95,1.0,0.95,1,True
banknote,pso,4,0.98,1.0,0.98,1,True
banknote,pso,5,0.9,1.0,0.9,1,True
banknote,pso,5,0.95,1.0,0.95,1,True
banknote,pso,5,0.98,1.0,0.98,1,True
banknote,pso,6,0.9,1.0,0.9,1,True
banknote,pso,6,0.95,1.0,0.95,1,True
banknote,pso,6,0.98,1.0,0.98,1,True
banknote,pso,7,0.9,1.0,0.9,1,True
banknote,pso,7,0.95,1.0,0.95,1,True
banknote,pso,7,0.98,1.0,0.98,1,True
banknote,pso,8,0.9,1.0,0.9,1,True
banknote,pso,8,0.95,1.0,0.95,1,True
banknote,pso,8,0.98,1.0,0.98,1,True
banknote,pso,9,0.9,1.0,0.9,1,True
banknote,pso,9,0.95,1.0,0.95,1,True
banknote,pso,9,0.98,1.0,0.98,1,True
banknote,pso,10,0.9,1.0,0.9,2,True
banknote,pso,10,0.95,1.0,0.95,2,True
banknote,pso,10,0.98,1.0,0.98,2,True
banknote,pso,11,0.9,1.0,0.9,1,True
banknote,pso,11,0.95,1.0,0.95,1,True
banknote,pso,11,0.98,1.0,0.98,1,True
banknote,pso,12,0.9,1.0,0.9,1,True
banknote,pso,12,0.95,1.0,0.95,1,True
banknote,pso,12,0.98,1.0,0.98,1,True
banknote,pso,13,0.9,1.0,0.9,1,True
banknote,pso,13,0.95,1.0,0.95,1,True
banknote,pso,13,0.98,1.0,0.98,1,True
banknote,pso,14,0.9,1.0,0.9,1,True
banknote,pso,14,0.95,1.0,0.95,1,True
banknote,pso,14,0.98,1.0,0.98,1,True
banknote,pso,15,0.9,1.0,0.9,2,True
banknote,pso,15,0.95,1.0,0.95,2,True
banknote,pso,15,0.98,1.0,0.98,2,True
banknote,pso,16,0.9,1.0,0.9,1,True
banknote,pso,16,0.95,1.0,0.95,1,True
banknote,pso,16,0.98,1.0,0.98,1,True
banknote,pso,17,0.9,1.0,0.9,2,True
banknote,pso,17,0.95,1.0,0.95,2,True
banknote,pso,17,0.98,1.0,0.98,3,True
banknote,pso,18,0.9,1.0,0.9,1,True
banknote,pso,18,0.95,1.0,0.95,1,True
banknote,pso,18,0.98,1.0,0.98,1,True
banknote,pso,19,0.9,1.0,0.9,1,True
banknote,pso,19,0.95,1.0,0.95,1,True
banknote,pso,19,0.98,1.0,0.98,2,True
banknote,pso,20,0.9,1.0,0.9,1,True
banknote,pso,20,0.95,1.0,0.95,1,True
banknote,pso,20,0.98,1.0,0.98,2,True
banknote,pso,21,0.9,1.0,0.9,1,True
banknote,pso,21,0.95,1.0,0.95,1,True
banknote,pso,21,0.98,1.0,0.98,1,True
banknote,pso,22,0.9,1.0,0.9,1,True
banknote,pso,22,0.95,1.0,0.95,1,True
banknote,pso,22,0.98,1.0,0.98,1,True
banknote,pso,23,0.9,1.0,0.9,1,True
banknote,pso,23,0.95,1.0,0.95,1,True
banknote,pso,23,0.98,1.0,0.98,3,True
banknote,pso,24,0.9,1.0,0.9,1,True
banknote,pso,24,0.95,1.0,0.95,1,True
banknote,pso,24,0.98,1.0,0.98,1,True
banknote,pso,25,0.9,1.0,0.9,1,True
banknote,pso,25,0.95,1.0,0.95,1,True
banknote,pso,25,0.98,1.0,0.98,2,True
banknote,pso,26,0.9,1.0,0.9,1,True
banknote,pso,26,0.95,1.0,0.95,1,True
banknote,pso,26,0.98,1.0,0.98,1,True
banknote,pso,27,0.9,1.0,0.9,1,True
banknote,pso,27,0.95,1.0,0.95,1,True
banknote,pso,27,0.98,1.0,0.98,1,True
banknote,pso,28,0.9,1.0,0.9,1,True
banknote,pso,28,0.95,1.0,0.95,1,True
banknote,pso,28,0.98,1.0,0.98,1,True
banknote,pso,29,0.9,1.0,0.9,1,True
banknote,pso,29,0.95,1.0,0.95,1,True
banknote,pso,29,0.98,1.0,0.98,1,True
banknote,random,0,0.9,1.0,0.9,1,True
banknote,random,0,0.95,1.0,0.95,1,True
banknote,random,0,0.98,1.0,0.98,1,True
banknote,random,1,0.9,1.0,0.9,1,True
banknote,random,1,0.95,1.0,0.95,1,True
banknote,random,1,0.98,1.0,0.98,1,True
banknote,random,2,0.9,1.0,0.9,2,True
banknote,random,2,0.95,1.0,0.95,2,True
banknote,random,2,0.98,1.0,0.98,2,True
banknote,random,3,0.9,1.0,0.9,1,True
banknote,random,3,0.95,1.0,0.95,1,True
banknote,random,3,0.98,1.0,0.98,1,True
banknote,random,4,0.9,1.0,0.9,1,True
banknote,random,4,0.95,1.0,0.95,1,True
banknote,random,4,0.98,1.0,0.98,1,True
banknote,random,5,0.9,1.0,0.9,1,True
banknote,random,5,0.95,1.0,0.95,1,True
banknote,random,5,0.98,1.0,0.98,1,True
banknote,random,6,0.9,1.0,0.9,1,True
banknote,random,6,0.95,1.0,0.95,1,True
banknote,random,6,0.98,1.0,0.98,1,True
banknote,random,7,0.9,1.0,0.9,1,True
banknote,random,7,0.95,1.0,0.95,1,True
banknote,random,7,0.98,1.0,0.98,1,True
banknote,random,8,0.9,1.0,0.9,1,True
banknote,random,8,0.95,1.0,0.95,1,True
banknote,random,8,0.98,1.0,0.98,1,True
banknote,random,9,0.9,1.0,0.9,2,True
banknote,random,9,0.95,1.0,0.95,2,True
banknote,random,9,0.98,1.0,0.98,6,True
banknote,random,10,0.9,1.0,0.9,1,True
banknote,random,10,0.95,1.0,0.95,1,True
banknote,random,10,0.98,1.0,0.98,1,True
banknote,random,11,0.9,1.0,0.9,2,True
banknote,random,11,0.95,1.0,0.95,2,True
banknote,random,11,0.98,1.0,0.98,2,True
banknote,random,12,0.9,1.0,0.9,1,True
banknote,random,12,0.95,1.0,0.95,1,True
banknote,random,12,0.98,1.0,0.98,1,True
banknote,random,13,0.9,1.0,0.9,1,True
banknote,random,13,0.95,1.0,0.95,1,True
banknote,random,13,0.98,1.0,0.98,1,True
banknote,random,14,0.9,1.0,0.9,1,True
banknote,random,14,0.95,1.0,0.95,1,True
banknote,random,14,0.98,1.0,0.98,1,True
banknote,random,15,0.9,1.0,0.9,1,True
banknote,random,15,0.95,1.0,0.95,1,True
banknote,random,15,0.98,1.0,0.98,1,True
banknote,random,16,0.9,1.0,0.9,1,True
banknote,random,16,0.95,1.0,0.95,1,True
banknote,random,16,0.98,1.0,0.98,4,True
banknote,random,17,0.9,1.0,0.9,1,True
banknote,random,17,0.95,1.0,0.95,1,True
banknote,random,17,0.98,1.0,0.98,1,True
banknote,random,18,0.9,1.0,0.9,1,True
banknote,random,18,0.95,1.0,0.95,1,True
banknote,random,18,0.98,1.0,0.98,1,True
banknote,random,19,0.9,1.0,0.9,1,True
banknote,random,19,0.95,1.0,0.95,1,True
banknote,random,19,0.98,1.0,0.98,1,True
banknote,random,20,0.9,1.0,0.9,1,True
banknote,random,20,0.95,1.0,0.95,1,True
banknote,random,20,0.98,1.0,0.98,1,True
banknote,random,21,0.9,1.0,0.9,2,True
banknote,random,21,0.95,1.0,0.95,2,True
banknote,random,21,0.98,1.0,0.98,2,True
banknote,random,22,0.9,1.0,0.9,1,True
banknote,random,22,0.95,1.0,0.95,1,True
banknote,random,22,0.98,1.0,0.98,2,True
banknote,random,23,0.9,1.0,0.9,1,True
banknote,random,23,0.95,1.0,0.95,1,True
banknote,random,23,0.98,1.0,0.98,1,True
banknote,random,24,0.9,1.0,0.9,1,True
banknote,random,24,0.95,1.0,0.95,1,True
banknote,random,24,0.98,1.0,0.98,1,True
banknote,random,25,0.9,1.0,0.9,1,True
banknote,random,25,0.95,1.0,0.95,1,True
banknote,random,25,0.98,1.0,0.98,1,True
banknote,random,26,0.9,1.0,0.9,1,True
banknote,random,26,0.95,1.0,0.95,1,True
banknote,random,26,0.98,1.0,0.98,1,True
banknote,random,27,0.9,1.0,0.9,1,True
banknote,random,27,0.95,1.0,0.95,1,True
banknote,random,27,0.98,1.0,0.98,1,True
banknote,random,28,0.9,1.0,0.9,1,True
banknote,random,28,0.95,1.0,0.95,1,True
banknote,random,28,0.98,1.0,0.98,1,True
banknote,random,29,0.9,1.0,0.9,1,True
banknote,random,29,0.95,1.0,0.95,1,True
banknote,random,29,0.98,1.0,0.98,1,True
banknote,sa,0,0.9,1.0,0.9,1,True
banknote,sa,0,0.95,1.0,0.95,1,True
banknote,sa,0,0.98,1.0,0.98,1,True
banknote,sa,1,0.9,1.0,0.9,1,True
banknote,sa,1,0.95,1.0,0.95,1,True
banknote,sa,1,0.98,1.0,0.98,1,True
banknote,sa,2,0.9,1.0,0.9,6,True
banknote,sa,2,0.95,1.0,0.95,7,True
banknote,sa,2,0.98,1.0,0.98,18,True
banknote,sa,3,0.9,1.0,0.9,1,True
banknote,sa,3,0.95,1.0,0.95,1,True
banknote,sa,3,0.98,1.0,0.98,1,True
banknote,sa,4,0.9,1.0,0.9,1,True
banknote,sa,4,0.95,1.0,0.95,1,True
banknote,sa,4,0.98,1.0,0.98,1,True
banknote,sa,5,0.9,1.0,0.9,1,True
banknote,sa,5,0.95,1.0,0.95,1,True
banknote,sa,5,0.98,1.0,0.98,1,True
banknote,sa,6,0.9,1.0,0.9,1,True
banknote,sa,6,0.95,1.0,0.95,1,True
banknote,sa,6,0.98,1.0,0.98,1,True
banknote,sa,7,0.9,1.0,0.9,1,True
banknote,sa,7,0.95,1.0,0.95,1,True
banknote,sa,7,0.98,1.0,0.98,1,True
banknote,sa,8,0.9,1.0,0.9,1,True
banknote,sa,8,0.95,1.0,0.95,1,True
banknote,sa,8,0.98,1.0,0.98,1,True
banknote,sa,9,0.9,1.0,0.9,5,True
banknote,sa,9,0.95,1.0,0.95,5,True
banknote,sa,9,0.98,1.0,0.98,6,True
banknote,sa,10,0.9,1.0,0.9,1,True
banknote,sa,10,0.95,1.0,0.95,1,True
banknote,sa,10,0.98,1.0,0.98,1,True
banknote,sa,11,0.9,1.0,0.9,13,True
banknote,sa,11,0.95,1.0,0.95,13,True
banknote,sa,11,0.98,1.0,0.98,21,True
banknote,sa,12,0.9,1.0,0.9,1,True
banknote,sa,12,0.95,1.0,0.95,1,True
banknote,sa,12,0.98,1.0,0.98,1,True
banknote,sa,13,0.9,1.0,0.9,1,True
banknote,sa,13,0.95,1.0,0.95,1,True
banknote,sa,13,0.98,1.0,0.98,1,True
banknote,sa,14,0.9,1.0,0.9,1,True
banknote,sa,14,0.95,1.0,0.95,1,True
banknote,sa,14,0.98,1.0,0.98,1,True
banknote,sa,15,0.9,1.0,0.9,1,True
banknote,sa,15,0.95,1.0,0.95,1,True
banknote,sa,15,0.98,1.0,0.98,1,True
banknote,sa,16,0.9,1.0,0.9,1,True
banknote,sa,16,0.95,1.0,0.95,1,True
banknote,sa,16,0.98,1.0,0.98,10,True
banknote,sa,17,0.9,1.0,0.9,1,True
banknote,sa,17,0.95,1.0,0.95,1,True
banknote,sa,17,0.98,1.0,0.98,1,True
banknote,sa,18,0.9,1.0,0.9,1,True
banknote,sa,18,0.95,1.0,0.95,1,True
banknote,sa,18,0.98,1.0,0.98,1,True
banknote,sa,19,0.9,1.0,0.9,1,True
banknote,sa,19,0.95,1.0,0.95,1,True
banknote,sa,19,0.98,1.0,0.98,1,True
banknote,sa,20,0.9,1.0,0.9,1,True
banknote,sa,20,0.95,1.0,0.95,1,True
banknote,sa,20,0.98,1.0,0.98,1,True
banknote,sa,21,0.9,1.0,0.9,8,True
banknote,sa,21,0.95,1.0,0.95,13,True
banknote,sa,21,0.98,1.0,0.98,17,True
banknote,sa,22,0.9,1.0,0.9,1,True
banknote,sa,22,0.95,1.0,0.95,1,True
banknote,sa,22,0.98,1.0,0.98,11,True
banknote,sa,23,0.9,1.0,0.9,1,True
banknote,sa,23,0.95,1.0,0.95,1,True
banknote,sa,23,0.98,1.0,0.98,1,True
banknote,sa,24,0.9,1.0,0.9,1,True
banknote,sa,24,0.95,1.0,0.95,1,True
banknote,sa,24,0.98,1.0,0.98,1,True
banknote,sa,25,0.9,1.0,0.9,1,True
banknote,sa,25,0.95,1.0,0.95,1,True
banknote,sa,25,0.98,1.0,0.98,1,True
banknote,sa,26,0.9,1.0,0.9,1,True
banknote,sa,26,0.95,1.0,0.95,1,True
banknote,sa,26,0.98,1.0,0.98,1,True
banknote,sa,27,0.9,1.0,0.9,1,True
banknote,sa,27,0.95,1.0,0.95,1,True
banknote,sa,27,0.98,1.0,0.98,1,True
banknote,sa,28,0.9,1.0,0.9,1,True
banknote,sa,28,0.95,1.0,0.95,1,True
banknote,sa,28,0.98,1.0,0.98,1,True
banknote,sa,29,0.9,1.0,0.9,1,True
banknote,sa,29,0.95,1.0,0.95,1,True
banknote,sa,29,0.98,1.0,0.98,1,True
banknote,sh,0,0.9,1.0,0.9,10,True
banknote,sh,0,0.95,1.0,0.95,10,True
banknote,sh,0,0.98,1.0,0.98,10,True
banknote,sh,1,0.9,1.0,0.9,10,True
banknote,sh,1,0.95,1.0,0.95,10,True
banknote,sh,1,0.98,1.0,0.98,10,True
banknote,sh,2,0.9,1.0,0.9,10,True
banknote,sh,2,0.95,1.0,0.95,10,True
banknote,sh,2,0.98,1.0,0.98,10,True
banknote,sh,3,0.9,1.0,0.9,10,True
banknote,sh,3,0.95,1.0,0.95,10,True
banknote,sh,3,0.98,1.0,0.98,10,True
banknote,sh,4,0.9,1.0,0.9,10,True
banknote,sh,4,0.95,1.0,0.95,10,True
banknote,sh,4,0.98,1.0,0.98,10,True
banknote,sh,5,0.9,1.0,0.9,10,True
banknote,sh,5,0.95,1.0,0.95,10,True
banknote,sh,5,0.98,1.0,0.98,10,True
banknote,sh,6,0.9,1.0,0.9,10,True
banknote,sh,6,0.95,1.0,0.95,10,True
banknote,sh,6,0.98,1.0,0.98,10,True
banknote,sh,7,0.9,1.0,0.9,10,True
banknote,sh,7,0.95,1.0,0.95,10,True
banknote,sh,7,0.98,1.0,0.98,10,True
banknote,sh,8,0.9,1.0,0.9,10,True
banknote,sh,8,0.95,1.0,0.95,10,True
banknote,sh,8,0.98,1.0,0.98,10,True
banknote,sh,9,0.9,1.0,0.9,10,True
banknote,sh,9,0.95,1.0,0.95,10,True
banknote,sh,9,0.98,1.0,0.98,10,True
banknote,sh,10,0.9,1.0,0.9,10,True
banknote,sh,10,0.95,1.0,0.95,10,True
banknote,sh,10,0.98,1.0,0.98,10,True
banknote,sh,11,0.9,1.0,0.9,10,True
banknote,sh,11,0.95,1.0,0.95,10,True
banknote,sh,11,0.98,1.0,0.98,10,True
banknote,sh,12,0.9,1.0,0.9,10,True
banknote,sh,12,0.95,1.0,0.95,10,True
banknote,sh,12,0.98,1.0,0.98,10,True
banknote,sh,13,0.9,1.0,0.9,10,True
banknote,sh,13,0.95,1.0,0.95,10,True
banknote,sh,13,0.98,1.0,0.98,10,True
banknote,sh,14,0.9,1.0,0.9,10,True
banknote,sh,14,0.95,1.0,0.95,10,True
banknote,sh,14,0.98,1.0,0.98,10,True
banknote,sh,15,0.9,1.0,0.9,10,True
banknote,sh,15,0.95,1.0,0.95,10,True
banknote,sh,15,0.98,1.0,0.98,10,True
banknote,sh,16,0.9,1.0,0.9,10,True
banknote,sh,16,0.95,1.0,0.95,10,True
banknote,sh,16,0.98,1.0,0.98,10,True
banknote,sh,17,0.9,1.0,0.9,10,True
banknote,sh,17,0.95,1.0,0.95,10,True
banknote,sh,17,0.98,1.0,0.98,10,True
banknote,sh,18,0.9,1.0,0.9,10,True
banknote,sh,18,0.95,1.0,0.95,10,True
banknote,sh,18,0.98,1.0,0.98,10,True
banknote,sh,19,0.9,1.0,0.9,10,True
banknote,sh,19,0.95,1.0,0.95,10,True
banknote,sh,19,0.98,1.0,0.98,10,True
banknote,sh,20,0.9,1.0,0.9,10,True
banknote,sh,20,0.95,1.0,0.95,10,True
banknote,sh,20,0.98,1.0,0.98,10,True
banknote,sh,21,0.9,1.0,0.9,10,True
banknote,sh,21,0.95,1.0,0.95,10,True
banknote,sh,21,0.98,1.0,0.98,10,True
banknote,sh,22,0.9,1.0,0.9,10,True
banknote,sh,22,0.95,1.0,0.95,10,True
banknote,sh,22,0.98,1.0,0.98,10,True
banknote,sh,23,0.9,1.0,0.9,10,True
banknote,sh,23,0.95,1.0,0.95,10,True
banknote,sh,23,0.98,1.0,0.98,10,True
banknote,sh,24,0.9,1.0,0.9,10,True
banknote,sh,24,0.95,1.0,0.95,10,True
banknote,sh,24,0.98,1.0,0.98,10,True
banknote,sh,25,0.9,1.0,0.9,10,True
banknote,sh,25,0.95,1.0,0.95,10,True
banknote,sh,25,0.98,1.0,0.98,10,True
banknote,sh,26,0.9,1.0,0.9,10,True
banknote,sh,26,0.95,1.0,0.95,10,True
banknote,sh,26,0.98,1.0,0.98,10,True
banknote,sh,27,0.9,1.0,0.9,10,True
banknote,sh,27,0.95,1.0,0.95,10,True
banknote,sh,27,0.98,1.0,0.98,10,True
banknote,sh,28,0.9,1.0,0.9,10,True
banknote,sh,28,0.95,1.0,0.95,10,True
banknote,sh,28,0.98,1.0,0.98,10,True
banknote,sh,29,0.9,1.0,0.9,10,True
banknote,sh,29,0.95,1.0,0.95,10,True
banknote,sh,29,0.98,1.0,0.98,10,True
breast-w,bo_tpe,0,0.9,0.9713963963963964,0.8742567567567567,1,True
breast-w,bo_tpe,0,0.95,0.9713963963963964,0.9228265765765765,1,True
breast-w,bo_tpe,0,0.98,0.9713963963963964,0.9519684684684685,12,True
breast-w,bo_tpe,1,0.9,0.9713963963963964,0.8742567567567567,1,True
breast-w,bo_tpe,1,0.95,0.9713963963963964,0.9228265765765765,1,True
breast-w,bo_tpe,1,0.98,0.9713963963963964,0.9519684684684685,1,True
breast-w,bo_tpe,2,0.9,0.9713963963963964,0.8742567567567567,1,True
breast-w,bo_tpe,2,0.95,0.9713963963963964,0.9228265765765765,1,True
breast-w,bo_tpe,2,0.98,0.9713963963963964,0.9519684684684685,2,True
breast-w,bo_tpe,3,0.9,0.9713963963963964,0.8742567567567567,1,True
breast-w,bo_tpe,3,0.95,0.9713963963963964,0.9228265765765765,1,True
breast-w,bo_tpe,3,0.98,0.9713963963963964,0.9519684684684685,1,True
breast-w,bo_tpe,4,0.9,0.9713963963963964,0.8742567567567567,1,True
breast-w,bo_tpe,4,0.95,0.9713963963963964,0.9228265765765765,1,True
breast-w,bo_tpe,4,0.98,0.9713963963963964,0.9519684684684685,2,True
breast-w,bo_tpe,5,0.9,0.9713963963963964,0.8742567567567567,1,True
breast-w,bo_tpe,5,0.95,0.9713963963963964,0.9228265765765765,1,True
breast-w,bo_tpe,5,0.98,0.9713963963963964,0.9519684684684685,7,True
breast-w,bo_tpe,6,0.9,0.9713963963963964,0.8742567567567567,1,True
breast-w,bo_tpe,6,0.95,0.9713963963963964,0.9228265765765765,1,True
breast-w,bo_tpe,6,0.98,0.9713963963963964,0.9519684684684685,1,True
breast-w,bo_tpe,7,0.9,0.9713963963963964,0.8742567567567567,1,True
breast-w,bo_tpe,7,0.95,0.9713963963963964,0.9228265765765765,1,True
breast-w,bo_tpe,7,0.98,0.9713963963963964,0.9519684684684685,2,True
breast-w,bo_tpe,8,0.9,0.9713963963963964,0.8742567567567567,1,True
breast-w,bo_tpe,8,0.95,0.9713963963963964,0.9228265765765765,2,True
breast-w,bo_tpe,8,0.98,0.9713963963963964,0.9519684684684685,4,True
breast-w,bo_tpe,9,0.9,0.9713963963963964,0.8742567567567567,1,True
breast-w,bo_tpe,9,0.95,0.9713963963963964,0.9228265765765765,1,True
breast-w,bo_tpe,9,0.98,0.9713963963963964,0.9519684684684685,2,True
breast-w,bo_tpe,10,0.9,0.9713963963963964,0.8742567567567567,1,True
breast-w,bo_tpe,10,0.95,0.9713963963963964,0.9228265765765765,1,True
breast-w,bo_tpe,10,0.98,0.9713963963963964,0.9519684684684685,1,True
breast-w,bo_tpe,11,0.9,0.9713963963963964,0.8742567567567567,2,True
breast-w,bo_tpe,11,0.95,0.9713963963963964,0.9228265765765765,2,True
breast-w,bo_tpe,11,0.98,0.9713963963963964,0.9519684684684685,2,True
breast-w,bo_tpe,12,0.9,0.9713963963963964,0.8742567567567567,1,True
breast-w,bo_tpe,12,0.95,0.9713963963963964,0.9228265765765765,1,True
breast-w,bo_tpe,12,0.98,0.9713963963963964,0.9519684684684685,1,True
breast-w,bo_tpe,13,0.9,0.9713963963963964,0.8742567567567567,1,True
breast-w,bo_tpe,13,0.95,0.9713963963963964,0.9228265765765765,1,True
breast-w,bo_tpe,13,0.98,0.9713963963963964,0.9519684684684685,1,True
breast-w,bo_tpe,14,0.9,0.9713963963963964,0.8742567567567567,1,True
breast-w,bo_tpe,14,0.95,0.9713963963963964,0.9228265765765765,1,True
breast-w,bo_tpe,14,0.98,0.9713963963963964,0.9519684684684685,2,True
breast-w,bo_tpe,15,0.9,0.9713963963963964,0.8742567567567567,1,True
breast-w,bo_tpe,15,0.95,0.9713963963963964,0.9228265765765765,1,True
breast-w,bo_tpe,15,0.98,0.9713963963963964,0.9519684684684685,1,True
breast-w,bo_tpe,16,0.9,0.9713963963963964,0.8742567567567567,1,True
breast-w,bo_tpe,16,0.95,0.9713963963963964,0.9228265765765765,1,True
breast-w,bo_tpe,16,0.98,0.9713963963963964,0.9519684684684685,1,True
breast-w,bo_tpe,17,0.9,0.9713963963963964,0.8742567567567567,1,True
breast-w,bo_tpe,17,0.95,0.9713963963963964,0.9228265765765765,1,True
breast-w,bo_tpe,17,0.98,0.9713963963963964,0.9519684684684685,1,True
breast-w,bo_tpe,18,0.9,0.9713963963963964,0.8742567567567567,1,True
breast-w,bo_tpe,18,0.95,0.9713963963963964,0.9228265765765765,1,True
breast-w,bo_tpe,18,0.98,0.9713963963963964,0.9519684684684685,2,True
breast-w,bo_tpe,19,0.9,0.9713963963963964,0.8742567567567567,1,True
breast-w,bo_tpe,19,0.95,0.9713963963963964,0.9228265765765765,1,True
breast-w,bo_tpe,19,0.98,0.9713963963963964,0.9519684684684685,4,True
breast-w,bo_tpe,20,0.9,0.9713963963963964,0.8742567567567567,1,True
breast-w,bo_tpe,20,0.95,0.9713963963963964,0.9228265765765765,1,True
breast-w,bo_tpe,20,0.98,0.9713963963963964,0.9519684684684685,2,True
breast-w,bo_tpe,21,0.9,0.9713963963963964,0.8742567567567567,2,True
breast-w,bo_tpe,21,0.95,0.9713963963963964,0.9228265765765765,2,True
breast-w,bo_tpe,21,0.98,0.9713963963963964,0.9519684684684685,2,True
breast-w,bo_tpe,22,0.9,0.9713963963963964,0.8742567567567567,1,True
breast-w,bo_tpe,22,0.95,0.9713963963963964,0.9228265765765765,1,True
breast-w,bo_tpe,22,0.98,0.9713963963963964,0.9519684684684685,1,True
breast-w,bo_tpe,23,0.9,0.9713963963963964,0.8742567567567567,1,True
breast-w,bo_tpe,23,0.95,0.9713963963963964,0.9228265765765765,2,True
breast-w,bo_tpe,23,0.98,0.9713963963963964,0.9519684684684685,2,True
breast-w,bo_tpe,24,0.9,0.9713963963963964,0.8742567567567567,1,True
breast-w,bo_tpe,24,0.95,0.9713963963963964,0.9228265765765765,1,True
breast-w,bo_tpe,24,0.98,0.9713963963963964,0.9519684684684685,2,True
breast-w,bo_tpe,25,0.9,0.9713963963963964,0.8742567567567567,1,True
breast-w,bo_tpe,25,0.95,0.9713963963963964,0.9228265765765765,1,True
breast-w,bo_tpe,25,0.98,0.9713963963963964,0.9519684684684685,3,True
breast-w,bo_tpe,26,0.9,0.9713963963963964,0.8742567567567567,1,True
breast-w,bo_tpe,26,0.95,0.9713963963963964,0.9228265765765765,1,True
breast-w,bo_tpe,26,0.98,0.9713963963963964,0.9519684684684685,1,True
breast-w,bo_tpe,27,0.9,0.9713963963963964,0.8742567567567567,1,True
breast-w,bo_tpe,27,0.95,0.9713963963963964,0.9228265765765765,1,True
breast-w,bo_tpe,27,0.98,0.9713963963963964,0.9519684684684685,1,True
breast-w,bo_tpe,28,0.9,0.9713963963963964,0.8742567567567567,1,True
breast-w,bo_tpe,28,0.95,0.9713963963963964,0.9228265765765765,1,True
breast-w,bo_tpe,28,0.98,0.9713963963963964,0.9519684684684685,2,True
breast-w,bo_tpe,29,0.9,0.9713963963963964,0.8742567567567567,1,True
breast-w,bo_tpe,29,0.95,0.9713963963963964,0.9228265765765765,1,True
breast-w,bo_tpe,29,0.98,0.9713963963963964,0.9519684684684685,1,True
breast-w,cuckoo,0,0.9,0.9713963963963964,0.8742567567567567,1,True
breast-w,cuckoo,0,0.95,0.9713963963963964,0.9228265765765765,1,True
breast-w,cuckoo,0,0.98,0.9713963963963964,0.9519684684684685,11,True
breast-w,cuckoo,1,0.9,0.9713963963963964,0.8742567567567567,1,True
breast-w,cuckoo,1,0.95,0.9713963963963964,0.9228265765765765,1,True
breast-w,cuckoo,1,0.98,0.9713963963963964,0.9519684684684685,1,True
breast-w,cuckoo,2,0.9,0.9713963963963964,0.8742567567567567,1,True
breast-w,cuckoo,2,0.95,0.9713963963963964,0.9228265765765765,1,True
breast-w,cuckoo,2,0.98,0.9713963963963964,0.9519684684684685,2,True
breast-w,cuckoo,3,0.9,0.9713963963963964,0.8742567567567567,1,True
breast-w,cuckoo,3,0.95,0.9713963963963964,0.9228265765765765,1,True
breast-w,cuckoo,3,0.98,0.9713963963963964,0.9519684684684685,1,True
breast-w,cuckoo,4,0.9,0.9713963963963964,0.8742567567567567,1,True
breast-w,cuckoo,4,0.95,0.9713963963963964,0.9228265765765765,1,True
breast-w,cuckoo,4,0.98,0.9713963963963964,0.9519684684684685,2,True
breast-w,cuckoo,5,0.9,0.9713963963963964,0.8742567567567567,1,True
breast-w,cuckoo,5,0.95,0.9713963963963964,0.9228265765765765,1,True
breast-w,cuckoo,5,0.98,0.9713963963963964,0.9519684684684685,7,True
breast-w,cuckoo,6,0.9,0.9713963963963964,0.8742567567567567,1,True
breast-w,cuckoo,6,0.95,0.9713963963963964,0.9228265765765765,1,True
breast-w,cuckoo,6,0.98,0.9713963963963964,0.9519684684684685,1,True
breast-w,cuckoo,7,0.9,0.9713963963963964,0.8742567567567567,1,True
breast-w,cuckoo,7,0.95,0.9713963963963964,0.9228265765765765,1,True
breast-w,cuckoo,7,0.98,0.9713963963963964,0.9519684684684685,2,True
breast-w,cuckoo,8,0.9,0.9713963963963964,0.8742567567567567,1,True
breast-w,cuckoo,8,0.95,0.9713963963963964,0.9228265765765765,2,True
breast-w,cuckoo,8,0.98,0.9713963963963964,0.9519684684684685,4,True
breast-w,cuckoo,9,0.9,0.9713963963963964,0.8742567567567567,1,True
breast-w,cuckoo,9,0.95,0.9713963963963964,0.9228265765765765,1,True
breast-w,cuckoo,9,0.98,0.9713963963963964,0.9519684684684685,2,True
breast-w,cuckoo,10,0.9,0.9713963963963964,0.8742567567567567,1,True
breast-w,cuckoo,10,0.95,0.9713963963963964,0.9228265765765765,1,True
breast-w,cuckoo,10,0.98,0.9713963963963964,0.9519684684684685,1,True
breast-w,cuckoo,11,0.9,0.9713963963963964,0.8742567567567567,2,True
breast-w,cuckoo,11,0.95,0.9713963963963964,0.9228265765765765,2,True
breast-w,cuckoo,11,0.98,0.9713963963963964,0.9519684684684685,2,True
breast-w,cuckoo,12,0.9,0.9713963963963964,0.8742567567567567,1,True
breast-w,cuckoo,12,0.95,0.9713963963963964,0.9228265765765765,1,True
breast-w,cuckoo,12,0.98,0.9713963963963964,0.9519684684684685,1,True
breast-w,cuckoo,13,0.9,0.9713963963963964,0.8742567567567567,1,True
breast-w,cuckoo,13,0.95,0.9713963963963964,0.9228265765765765,1,True
breast-w,cuckoo,13,0.98,0.9713963963963964,0.9519684684684685,1,True
breast-w,cuckoo,14,0.9,0.9713963963963964,0.8742567567567567,1,True
breast-w,cuckoo,14,0.95,0.9713963963963964,0.9228265765765765,1,True
breast-w,cuckoo,14,0.98,0.9713963963963964,0.9519684684684685,2,True
breast-w,cuckoo,15,0.9,0.9713963963963964,0.8742567567567567,1,True
breast-w,cuckoo,15,0.95,0.9713963963963964,0.9228265765765765,1,True
breast-w,cuckoo,15,0.98,0.9713963963963964,0.9519684684684685,1,True
breast-w,cuckoo,16,0.9,0.9713963963963964,0.8742567567567567,1,True
breast-w,cuckoo,16,0.95,0.9713963963963964,0.9228265765765765,1,True
breast-w,cuckoo,16,0.98,0.9713963963963964,0.9519684684684685,1,True
breast-w,cuckoo,17,0.9,0.9713963963963964,0.8742567567567567,1,True
breast-w,cuckoo,17,0.95,0.9713963963963964,0.9228265765765765,1,True
breast-w,cuckoo,17,0.98,0.9713963963963964,0.9519684684684685,1,True
breast-w,cuckoo,18,0.9,0.9713963963963964,0.8742567567567567,1,True
breast-w,cuckoo,18,0.95,0.9713963963963964,0.9228265765765765,1,True
breast-w,cuckoo,18,0.98,0.9713963963963964,0.9519684684684685,2,True
breast-w,cuckoo,19,0.9,0.9713963963963964,0.8742567567567567,1,True
breast-w,cuckoo,19,0.95,0.9713963963963964,0.9228265765765765,1,True
breast-w,cuckoo,19,0.98,0.9713963963963964,0.9519684684684685,4,True
breast-w,cuckoo,20,0.9,0.9713963963963964,0.8742567567567567,1,True
breast-w,cuckoo,20,0.95,0.9713963963963964,0.9228265765765765,1,True
breast-w,cuckoo,20,0.98,0.9713963963963964,0.9519684684684685,2,True
breast-w,cuckoo,21,0.9,0.9713963963963964,0.8742567567567567,2,True
breast-w,cuckoo,21,0.95,0.9713963963963964,0.9228265765765765,2,True
breast-w,cuckoo,21,0.98,0.9713963963963964,0.9519684684684685,2,True
breast-w,cuckoo,22,0.9,0.9713963963963964,0.8742567567567567,1,True
breast-w,cuckoo,22,0.95,0.9713963963963964,0.9228265765765765,1,True
breast-w,cuckoo,22,0.98,0.9713963963963964,0.9519684684684685,1,True
breast-w,cuckoo,23,0.9,0.9713963963963964,0.8742567567567567,1,True
breast-w,cuckoo,23,0.95,0.9713963963963964,0.9228265765765765,2,True
breast-w,cuckoo,23,0.98,0.9713963963963964,0.9519684684684685,2,True
breast-w,cuckoo,24,0.9,0.9713963963963964,0.8742567567567567,1,True
breast-w,cuckoo,24,0.95,0.9713963963963964,0.9228265765765765,1,True
breast-w,cuckoo,24,0.98,0.9713963963963964,0.9519684684684685,2,True
breast-w,cuckoo,25,0.9,0.9713963963963964,0.8742567567567567,1,True
breast-w,cuckoo,25,0.95,0.9713963963963964,0.9228265765765765,1,True
breast-w,cuckoo,25,0.98,0.9713963963963964,0.9519684684684685,3,True
breast-w,cuckoo,26,0.9,0.9713963963963964,0.8742567567567567,1,True
breast-w,cuckoo,26,0.95,0.9713963963963964,0.9228265765765765,1,True
breast-w,cuckoo,26,0.98,0.9713963963963964,0.9519684684684685,1,True
breast-w,cuckoo,27,0.9,0.9713963963963964,0.8742567567567567,1,True
breast-w,cuckoo,27,0.95,0.9713963963963964,0.9228265765765765,1,True
breast-w,cuckoo,27,0.98,0.9713963963963964,0.9519684684684685,1,True
breast-w,cuckoo,28,0.9,0.9713963963963964,0.8742567567567567,1,True
breast-w,cuckoo,28,0.95,0.9713963963963964,0.9228265765765765,1,True
breast-w,cuckoo,28,0.98,0.9713963963963964,0.9519684684684685,2,True
breast-w,cuckoo,29,0.9,0.9713963963963964,0.8742567567567567,1,True
breast-w,cuckoo,29,0.95,0.9713963963963964,0.9228265765765765,1,True
breast-w,cuckoo,29,0.98,0.9713963963963964,0.9519684684684685,1,True
breast-w,de,0,0.9,0.9713963963963964,0.8742567567567567,1,True
breast-w,de,0,0.95,0.9713963963963964,0.9228265765765765,1,True
breast-w,de,0,0.98,0.9713963963963964,0.9519684684684685,1,True
breast-w,de,1,0.9,0.9713963963963964,0.8742567567567567,1,True
breast-w,de,1,0.95,0.9713963963963964,0.9228265765765765,1,True
breast-w,de,1,0.98,0.9713963963963964,0.9519684684684685,3,True
breast-w,de,2,0.9,0.9713963963963964,0.8742567567567567,1,True
breast-w,de,2,0.95,0.9713963963963964,0.9228265765765765,1,True
breast-w,de,2,0.98,0.9713963963963964,0.9519684684684685,1,True
breast-w,de,3,0.9,0.9713963963963964,0.8742567567567567,2,True
breast-w,de,3,0.95,0.9713963963963964,0.9228265765765765,2,True
breast-w,de,3,0.98,0.9713963963963964,0.9519684684684685,3,True
breast-w,de,4,0.9,0.9713963963963964,0.8742567567567567,1,True
breast-w,de,4,0.95,0.9713963963963964,0.9228265765765765,1,True
breast-w,de,4,0.98,0.9713963963963964,0.9519684684684685,2,True
breast-w,de,5,0.9,0.9713963963963964,0.8742567567567567,1,True
breast-w,de,5,0.95,0.9713963963963964,0.9228265765765765,1,True
breast-w,de,5,0.98,0.9713963963963964,0.9519684684684685,1,True
breast-w,de,6,0.9,0.9713963963963964,0.8742567567567567,1,True
breast-w,de,6,0.95,0.9713963963963964,0.9228265765765765,1,True
breast-w,de,6,0.98,0.9713963963963964,0.9519684684684685,1,True
breast-w,de,7,0.9,0.9713963963963964,0.8742567567567567,1,True
breast-w,de,7,0.95,0.9713963963963964,0.9228265765765765,1,True
breast-w,de,7,0.98,0.9713963963963964,0.9519684684684685,2,True
breast-w,de,8,0.9,0.9713963963963964,0.8742567567567567,1,True
breast-w,de,8,0.95,0.9713963963963964,0.9228265765765765,2,True
breast-w,de,8,0.98,0.9713963963963964,0.9519684684684685,2,True
breast-w,de,9,0.9,0.9713963963963964,0.8742567567567567,1,True
breast-w,de,9,0.95,0.9713963963963964,0.9228265765765765,1,True
breast-w,de,9,0.98,0.9713963963963964,0.9519684684684685,1,True
breast-w,de,10,0.9,0.9713963963963964,0.8742567567567567,1,True
breast-w,de,10,0.95,0.9713963963963964,0.9228265765765765,1,True
breast-w,de,10,0.98,0.9713963963963964,0.9519684684684685,1,True
breast-w,de,11,0.9,0.9713963963963964,0.8742567567567567,1,True
breast-w,de,11,0.95,0.9713963963963964,0.9228265765765765,1,True
breast-w,de,11,0.98,0.9713963963963964,0.9519684684684685,1,True
breast-w,de,12,0.9,0.9713963963963964,0.8742567567567567,1,True
breast-w,de,12,0.95,0.9713963963963964,0.9228265765765765,1,True
breast-w,de,12,0.98,0.9713963963963964,0.9519684684684685,3,True
breast-w,de,13,0.9,0.9713963963963964,0.8742567567567567,1,True
breast-w,de,13,0.95,0.9713963963963964,0.9228265765765765,1,True
breast-w,de,13,0.98,0.9713963963963964,0.9519684684684685,2,True
breast-w,de,14,0.9,0.9713963963963964,0.8742567567567567,1,True
breast-w,de,14,0.95,0.9713963963963964,0.9228265765765765,1,True
breast-w,de,14,0.98,0.9713963963963964,0.9519684684684685,1,True
breast-w,de,15,0.9,0.9713963963963964,0.8742567567567567,1,True
breast-w,de,15,0.95,0.9713963963963964,0.9228265765765765,1,True
breast-w,de,15,0.98,0.9713963963963964,0.9519684684684685,3,True
breast-w,de,16,0.9,0.9713963963963964,0.8742567567567567,1,True
breast-w,de,16,0.95,0.9713963963963964,0.9228265765765765,1,True
breast-w,de,16,0.98,0.9713963963963964,0.9519684684684685,1,True
breast-w,de,17,0.9,0.9713963963963964,0.8742567567567567,1,True
breast-w,de,17,0.95,0.9713963963963964,0.9228265765765765,1,True
breast-w,de,17,0.98,0.9713963963963964,0.9519684684684685,1,True
breast-w,de,18,0.9,0.9713963963963964,0.8742567567567567,1,True
breast-w,de,18,0.95,0.9713963963963964,0.9228265765765765,1,True
breast-w,de,18,0.98,0.9713963963963964,0.9519684684684685,5,True
breast-w,de,19,0.9,0.9713963963963964,0.8742567567567567,1,True
breast-w,de,19,0.95,0.9713963963963964,0.9228265765765765,1,True
breast-w,de,19,0.98,0.9713963963963964,0.9519684684684685,3,True
breast-w,de,20,0.9,0.9713963963963964,0.8742567567567567,1,True
breast-w,de,20,0.95,0.9713963963963964,0.9228265765765765,1,True
breast-w,de,20,0.98,0.9713963963963964,0.9519684684684685,1,True
breast-w,de,21,0.9,0.9713963963963964,0.8742567567567567,1,True
breast-w,de,21,0.95,0.9713963963963964,0.9228265765765765,1,True
breast-w,de,21,0.98,0.9713963963963964,0.9519684684684685,2,True
breast-w,de,22,0.9,0.9713963963963964,0.8742567567567567,1,True
breast-w,de,22,0.95,0.9713963963963964,0.9228265765765765,1,True
breast-w,de,22,0.98,0.9713963963963964,0.9519684684684685,1,True
breast-w,de,23,0.9,0.9713963963963964,0.8742567567567567,1,True
breast-w,de,23,0.95,0.9713963963963964,0.9228265765765765,1,True
breast-w,de,23,0.98,0.9713963963963964,0.9519684684684685,1,True
breast-w,de,24,0.9,0.9713963963963964,0.8742567567567567,1,True
breast-w,de,24,0.95,0.9713963963963964,0.9228265765765765,1,True
breast-w,de,24,0.98,0.9713963963963964,0.9519684684684685,1,True
breast-w,de,25,0.9,0.9713963963963964,0.8742567567567567,2,True
breast-w,de,25,0.95,0.9713963963963964,0.9228265765765765,2,True
breast-w,de,25,0.98,0.9713963963963964,0.9519684684684685,2,True
breast-w,de,26,0.9,0.9713963963963964,0.8742567567567567,1,True
breast-w,de,26,0.95,0.9713963963963964,0.9228265765765765,1,True
breast-w,de,26,0.98,0.9713963963963964,0.9519684684684685,1,True
breast-w,de,27,0.9,0.9713963963963964,0.8742567567567567,1,True
breast-w,de,27,0.95,0.9713963963963964,0.9228265765765765,1,True
breast-w,de,27,0.98,0.9713963963963964,0.9519684684684685,1,True
breast-w,de,28,0.9,0.9713963963963964,0.8742567567567567,1,True
breast-w,de,28,0.95,0.9713963963963964,0.9228265765765765,1,True
breast-w,de,28,0.98,0.9713963963963964,0.9519684684684685,2,True
breast-w,de,29,0.9,0.9713963963963964,0.8742567567567567,1,True
breast-w,de,29,0.95,0.9713963963963964,0.9228265765765765,1,True
breast-w,de,29,0.98,0.9713963963963964,0.9519684684684685,1,True
breast-w,ga,0,0.9,0.9713963963963964,0.8742567567567567,1,True
breast-w,ga,0,0.95,0.9713963963963964,0.9228265765765765,1,True
breast-w,ga,0,0.98,0.9713963963963964,0.9519684684684685,1,True
breast-w,ga,1,0.9,0.9713963963963964,0.8742567567567567,1,True
breast-w,ga,1,0.95,0.9713963963963964,0.9228265765765765,1,True
breast-w,ga,1,0.98,0.9713963963963964,0.9519684684684685,3,True
breast-w,ga,2,0.9,0.9713963963963964,0.8742567567567567,1,True
breast-w,ga,2,0.95,0.9713963963963964,0.9228265765765765,1,True
breast-w,ga,2,0.98,0.9713963963963964,0.9519684684684685,1,True
breast-w,ga,3,0.9,0.9713963963963964,0.8742567567567567,2,True
breast-w,ga,3,0.95,0.9713963963963964,0.9228265765765765,2,True
breast-w,ga,3,0.98,0.9713963963963964,0.9519684684684685,3,True
breast-w,ga,4,0.9,0.9713963963963964,0.8742567567567567,1,True
breast-w,ga,4,0.95,0.9713963963963964,0.9228265765765765,1,True
breast-w,ga,4,0.98,0.9713963963963964,0.9519684684684685,2,True
breast-w,ga,5,0.9,0.9713963963963964,0.8742567567567567,1,True
breast-w,ga,5,0.95,0.9713963963963964,0.9228265765765765,1,True
breast-w,ga,5,0.98,0.9713963963963964,0.9519684684684685,1,True
breast-w,ga,6,0.9,0.9713963963963964,0.8742567567567567,1,True
breast-w,ga,6,0.95,0.9713963963963964,0.9228265765765765,1,True
breast-w,ga,6,0.98,0.9713963963963964,0.9519684684684685,1,True
breast-w,ga,7,0.9,0.9713963963963964,0.8742567567567567,1,True
breast-w,ga,7,0.95,0.9713963963963964,0.9228265765765765,1,True
breast-w,ga,7,0.98,0.9713963963963964,0.9519684684684685,2,True
breast-w,ga,8,0.9,0.9713963963963964,0.8742567567567567,1,True
breast-w,ga,8,0.95,0.9713963963963964,0.9228265765765765,2,True
breast-w,ga,8,0.98,0.9713963963963964,0.9519684684684685,2,True
breast-w,ga,9,0.9,0.9713963963963964,0.8742567567567567,1,True
breast-w,ga,9,0.95,0.9713963963963964,0.9228265765765765,1,True
breast-w,ga,9,0.98,0.9713963963963964,0.9519684684684685,1,True
breast-w,ga,10,0.9,0.9713963963963964,0.8742567567567567,1,True
breast-w,ga,10,0.95,0.9713963963963964,0.9228265765765765,1,True
breast-w,ga,10,0.98,0.9713963963963964,0.9519684684684685,1,True
breast-w,ga,11,0.9,0.9713963963963964,0.8742567567567567,1,True
breast-w,ga,11,0.95,0.9713963963963964,0.9228265765765765,1,True
breast-w,ga,11,0.98,0.9713963963963964,0.9519684684684685,1,True
breast-w,ga,12,0.9,0.9713963963963964,0.8742567567567567,1,True
breast-w,ga,12,0.95,0.9713963963963964,0.9228265765765765,1,True
breast-w,ga,12,0.98,0.9713963963963964,0.9519684684684685,3,True
breast-w,ga,13,0.9,0.9713963963963964,0.8742567567567567,1,True
breast-w,ga,13,0.95,0.9713963963963964,0.9228265765765765,1,True
breast-w,ga,13,0.98,0.9713963963963964,0.9519684684684685,2,True
breast-w,ga,14,0.9,0.9713963963963964,0.8742567567567567,1,True
breast-w,ga,14,0.95,0.9713963963963964,0.9228265765765765,1,True
breast-w,ga,14,0.98,0.9713963963963964,0.9519684684684685,1,True
breast-w,ga,15,0.9,0.9713963963963964,0.8742567567567567,1,True
breast-w,ga,15,0.95,0.9713963963963964,0.9228265765765765,1,True
breast-w,ga,15,0.98,0.9713963963963964,0.9519684684684685,3,True
breast-w,ga,16,0.9,0.9713963963963964,0.8742567567567567,1,True
breast-w,ga,16,0.95,0.9713963963963964,0.9228265765765765,1,True
breast-w,ga,16,0.98,0.9713963963963964,0.9519684684684685,1,True
breast-w,ga,17,0.9,0.9713963963963964,0.8742567567567567,1,True
breast-w,ga,17,0.95,0.9713963963963964,0.9228265765765765,1,True
breast-w,ga,17,0.98,0.9713963963963964,0.9519684684684685,1,True
breast-w,ga,18,0.9,0.9713963963963964,0.8742567567567567,1,True
breast-w,ga,18,0.95,0.9713963963963964,0.9228265765765765,1,True
breast-w,ga,18,0.98,0.9713963963963964,0.9519684684684685,5,True
breast-w,ga,19,0.9,0.9713963963963964,0.8742567567567567,1,True
breast-w,ga,19,0.95,0.9713963963963964,0.9228265765765765,1,True
breast-w,ga,19,0.98,0.9713963963963964,0.9519684684684685,3,True
breast-w,ga,20,0.9,0.9713963963963964,0.8742567567567567,1,True
breast-w,ga,20,0.95,0.9713963963963964,0.9228265765765765,1,True
breast-w,ga,20,0.98,0.9713963963963964,0.9519684684684685,1,True
breast-w,ga,21,0.9,0.9713963963963964,0.8742567567567567,1,True
breast-w,ga,21,0.95,0.9713963963963964,0.9228265765765765,1,True
breast-w,ga,21,0.98,0.9713963963963964,0.9519684684684685,2,True
breast-w,ga,22,0.9,0.9713963963963964,0.8742567567567567,1,True
breast-w,ga,22,0.95,0.9713963963963964,0.9228265765765765,1,True
breast-w,ga,22,0.98,0.9713963963963964,0.9519684684684685,1,True
breast-w,ga,23,0.9,0.9713963963963964,0.8742567567567567,1,True
breast-w,ga,23,0.95,0.9713963963963964,0.9228265765765765,1,True
breast-w,ga,23,0.98,0.9713963963963964,0.9519684684684685,1,True
breast-w,ga,24,0.9,0.9713963963963964,0.8742567567567567,1,True
breast-w,ga,24,0.95,0.9713963963963964,0.9228265765765765,1,True
breast-w,ga,24,0.98,0.9713963963963964,0.9519684684684685,1,True
breast-w,ga,25,0.9,0.9713963963963964,0.8742567567567567,2,True
breast-w,ga,25,0.95,0.9713963963963964,0.9228265765765765,2,True
breast-w,ga,25,0.98,0.9713963963963964,0.9519684684684685,2,True
breast-w,ga,26,0.9,0.9713963963963964,0.8742567567567567,1,True
breast-w,ga,26,0.95,0.9713963963963964,0.9228265765765765,1,True
breast-w,ga,26,0.98,0.9713963963963964,0.9519684684684685,1,True
breast-w,ga,27,0.9,0.9713963963963964,0.8742567567567567,1,True
breast-w,ga,27,0.95,0.9713963963963964,0.9228265765765765,1,True
breast-w,ga,27,0.98,0.9713963963963964,0.9519684684684685,1,True
breast-w,ga,28,0.9,0.9713963963963964,0.8742567567567567,1,True
breast-w,ga,28,0.95,0.9713963963963964,0.9228265765765765,1,True
breast-w,ga,28,0.98,0.9713963963963964,0.9519684684684685,2,True
breast-w,ga,29,0.9,0.9713963963963964,0.8742567567567567,1,True
breast-w,ga,29,0.95,0.9713963963963964,0.9228265765765765,1,True
breast-w,ga,29,0.98,0.9713963963963964,0.9519684684684685,1,True
breast-w,grid,0,0.9,0.9713963963963964,0.8742567567567567,1,True
breast-w,grid,0,0.95,0.9713963963963964,0.9228265765765765,1,True
breast-w,grid,0,0.98,0.9713963963963964,0.9519684684684685,1,True
breast-w,grid,1,0.9,0.9713963963963964,0.8742567567567567,1,True
breast-w,grid,1,0.95,0.9713963963963964,0.9228265765765765,1,True
breast-w,grid,1,0.98,0.9713963963963964,0.9519684684684685,1,True
breast-w,grid,2,0.9,0.9713963963963964,0.8742567567567567,1,True
breast-w,grid,2,0.95,0.9713963963963964,0.9228265765765765,1,True
breast-w,grid,2,0.98,0.9713963963963964,0.9519684684684685,1,True
breast-w,grid,3,0.9,0.9713963963963964,0.8742567567567567,1,True
breast-w,grid,3,0.95,0.9713963963963964,0.9228265765765765,1,True
breast-w,grid,3,0.98,0.9713963963963964,0.9519684684684685,1,True
breast-w,grid,4,0.9,0.9713963963963964,0.8742567567567567,3,True
breast-w,grid,4,0.95,0.9713963963963964,0.9228265765765765,3,True
breast-w,grid,4,0.98,0.9713963963963964,0.9519684684684685,4,True
breast-w,grid,5,0.9,0.9713963963963964,0.8742567567567567,1,True
breast-w,grid,5,0.95,0.9713963963963964,0.9228265765765765,1,True
breast-w,grid,5,0.98,0.9713963963963964,0.9519684684684685,2,True
breast-w,grid,6,0.9,0.9713963963963964,0.8742567567567567,1,True
breast-w,grid,6,0.95,0.9713963963963964,0.9228265765765765,1,True
breast-w,grid,6,0.98,0.9713963963963964,0.9519684684684685,2,True
breast-w,grid,7,0.9,0.9713963963963964,0.8742567567567567,1,True
breast-w,grid,7,0.95,0.9713963963963964,0.9228265765765765,1,True
breast-w,grid,7,0.98,0.9713963963963964,0.9519684684684685,1,True
breast-w,grid,8,0.9,0.9713963963963964,0.8742567567567567,1,True
breast-w,grid,8,0.95,0.9713963963963964,0.9228265765765765,1,True
breast-w,grid,8,0.98,0.9713963963963964,0.9519684684684685,1,True
breast-w,grid,9,0.9,0.9713963963963964,0.8742567567567567,1,True
breast-w,grid,9,0.95,0.9713963963963964,0.9228265765765765,1,True
breast-w,grid,9,0.98,0.9713963963963964,0.9519684684684685,1,True
breast-w,grid,10,0.9,0.9713963963963964,0.8742567567567567,2,True
breast-w,grid,10,0.95,0.9713963963963964,0.9228265765765765,2,True
breast-w,grid,10,0.98,0.9713963963963964,0.9519684684684685,2,True
breast-w,grid,11,0.9,0.9713963963963964,0.8742567567567567,1,True
breast-w,grid,11,0.95,0.9713963963963964,0.9228265765765765,1,True
breast-w,grid,11,0.98,0.9713963963963964,0.9519684684684685,1,True
breast-w,grid,12,0.9,0.9713963963963964,0.8742567567567567,1,True
breast-w,grid,12,0.95,0.9713963963963964,0.9228265765765765,1,True
breast-w,grid,12,0.98,0.9713963963963964,0.9519684684684685,2,True
breast-w,grid,13,0.9,0.9713963963963964,0.8742567567567567,1,True
breast-w,grid,13,0.95,0.9713963963963964,0.9228265765765765,1,True
breast-w,grid,13,0.98,0.9713963963963964,0.9519684684684685,1,True
breast-w,grid,14,0.9,0.9713963963963964,0.8742567567567567,1,True
breast-w,grid,14,0.95,0.9713963963963964,0.9228265765765765,1,True
breast-w,grid,14,0.98,0.9713963963963964,0.9519684684684685,1,True
breast-w,grid,15,0.9,0.9713963963963964,0.8742567567567567,1,True
breast-w,grid,15,0.95,0.9713963963963964,0.9228265765765765,1,True
breast-w,grid,15,0.98,0.9713963963963964,0.9519684684684685,2,True
breast-w,grid,16,0.9,0.9713963963963964,0.8742567567567567,1,True
breast-w,grid,16,0.95,0.9713963963963964,0.9228265765765765,1,True
breast-w,grid,16,0.98,0.9713963963963964,0.9519684684684685,2,True
breast-w,grid,17,0.9,0.9713963963963964,0.8742567567567567,1,True
breast-w,grid,17,0.95,0.9713963963963964,0.9228265765765765,1,True
breast-w,grid,17,0.98,0.9713963963963964,0.9519684684684685,1,True
breast-w,grid,18,0.9,0.9713963963963964,0.8742567567567567,1,True
breast-w,grid,18,0.95,0.9713963963963964,0.9228265765765765,1,True
breast-w,grid,18,0.98,0.9713963963963964,0.9519684684684685,1,True
breast-w,grid,19,0.9,0.9713963963963964,0.8742567567567567,1,True
breast-w,grid,19,0.95,0.9713963963963964,0.9228265765765765,1,True
breast-w,grid,19,0.98,0.9713963963963964,0.9519684684684685,2,True
breast-w,grid,20,0.9,0.9713963963963964,0.8742567567567567,1,True
breast-w,grid,20,0.95,0.9713963963963964,0.9228265765765765,1,True
breast-w,grid,20,0.98,0.9713963963963964,0.9519684684684685,1,True
breast-w,grid,21,0.9,0.9713963963963964,0.8742567567567567,1,True
breast-w,grid,21,0.95,0.9713963963963964,0.9228265765765765,1,True
breast-w,grid,21,0.98,0.9713963963963964,0.9519684684684685,1,True
breast-w,grid,22,0.9,0.9713963963963964,0.8742567567567567,2,True
breast-w,grid,22,0.95,0.9713963963963964,0.9228265765765765,3,True
breast-w,grid,22,0.98,0.9713963963963964,0.9519684684684685,3,True
breast-w,grid,23,0.9,0.9713963963963964,0.8742567567567567,1,True
breast-w,grid,23,0.95,0.9713963963963964,0.9228265765765765,1,True
breast-w,grid,23,0.98,0.9713963963963964,0.9519684684684685,1,True
breast-w,grid,24,0.9,0.9713963963963964,0.8742567567567567,1,True
breast-w,grid,24,0.95,0.9713963963963964,0.9228265765765765,1,True
breast-w,grid,24,0.98,0.9713963963963964,0.9519684684684685,1,True
breast-w,grid,25,0.9,0.9713963963963964,0.8742567567567567,1,True
breast-w,grid,25,0.95,0.9713963963963964,0.9228265765765765,1,True
breast-w,grid,25,0.98,0.9713963963963964,0.9519684684684685,1,True
breast-w,grid,26,0.9,0.9713963963963964,0.8742567567567567,3,True
breast-w,grid,26,0.95,0.9713963963963964,0.9228265765765765,3,True
breast-w,grid,26,0.98,0.9713963963963964,0.9519684684684685,4,True
breast-w,grid,27,0.9,0.9713963963963964,0.8742567567567567,2,True
breast-w,grid,27,0.95,0.9713963963963964,0.9228265765765765,2,True
breast-w,grid,27,0.98,0.9713963963963964,0.9519684684684685,3,True
breast-w,grid,28,0.9,0.9713963963963964,0.8742567567567567,1,True
breast-w,grid,28,0.95,0.9713963963963964,0.9228265765765765,1,True
breast-w,grid,28,0.98,0.9713963963963964,0.9519684684684685,1,True
breast-w,grid,29,0.9,0.9713963963963964,0.8742567567567567,1,True
breast-w,grid,29,0.95,0.9713963963963964,0.9228265765765765,1,True
breast-w,grid,29,0.98,0.9713963963963964,0.9519684684684685,1,True
breast-w,pso,0,0.9,0.9713963963963964,0.8742567567567567,1,True
breast-w,pso,0,0.95,0.9713963963963964,0.9228265765765765,1,True
breast-w,pso,0,0.98,0.9713963963963964,0.9519684684684685,1,True
breast-w,pso,1,0.9,0.9713963963963964,0.8742567567567567,1,True
breast-w,pso,1,0.95,0.9713963963963964,0.9228265765765765,1,True
breast-w,pso,1,0.98,0.9713963963963964,0.9519684684684685,1,True
breast-w,pso,2,0.9,0.9713963963963964,0.8742567567567567,1,True
breast-w,pso,2,0.95,0.9713963963963964,0.9228265765765765,1,True
breast-w,pso,2,0.98,0.9713963963963964,0.9519684684684685,1,True
breast-w,pso,3,0.9,0.9713963963963964,0.8742567567567567,1,True
breast-w,pso,3,0.95,0.9713963963963964,0.9228265765765765,1,True
breast-w,pso,3,0.98,0.9713963963963964,0.9519684684684685,2,True
breast-w,pso,4,0.9,0.9713963963963964,0.8742567567567567,1,True
breast-w,pso,4,0.95,0.9713963963963964,0.9228265765765765,1,True
breast-w,pso,4,0.98,0.9713963963963964,0.9519684684684685,2,True
breast-w,pso,5,0.9,0.9713963963963964,0.8742567567567567,1,True
breast-w,pso,5,0.95,0.9713963963963964,0.9228265765765765,1,True
breast-w,pso,5,0.98,0.9713963963963964,0.9519684684684685,1,True
breast-w,pso,6,0.9,0.9713963963963964,0.8742567567567567,1,True
breast-w,pso,6,0.95,0.9713963963963964,0.9228265765765765,1,True
breast-w,pso,6,0.98,0.9713963963963964,0.9519684684684685,3,True
breast-w,pso,7,0.9,0.9713963963963964,0.8742567567567567,1,True
breast-w,pso,7,0.95,0.9713963963963964,0.9228265765765765,1,True
breast-w,pso,7,0.98,0.9713963963963964,0.9519684684684685,1,True
breast-w,pso,8,0.9,0.9713963963963964,0.8742567567567567,1,True
breast-w,pso,8,0.95,0.9713963963963964,0.9228265765765765,1,True
breast-w,pso,8,0.98,0.9713963963963964,0.9519684684684685,1,True
breast-w,pso,9,0.9,0.9713963963963964,0.8742567567567567,1,True
breast-w,pso,9,0.95,0.9713963963963964,0.9228265765765765,3,True
breast-w,pso,9,0.98,0.9713963963963964,0.9519684684684685,3,True
breast-w,pso,10,0.9,0.9713963963963964,0.8742567567567567,1,True
breast-w,pso,10,0.95,0.9713963963963964,0.9228265765765765,1,True
breast-w,pso,10,0.98,0.9713963963963964,0.9519684684684685,1,True
breast-w,pso,11,0.9,0.9713963963963964,0.8742567567567567,1,True
breast-w,pso,11,0.95,0.9713963963963964,0.9228265765765765,1,True
breast-w,pso,11,0.98,0.9713963963963964,0.9519684684684685,2,True
breast-w,pso,12,0.9,0.9713963963963964,0.8742567567567567,1,True
breast-w,pso,12,0.95,0.9713963963963964,0.9228265765765765,1,True
breast-w,pso,12,0.98,0.9713963963963964,0.9519684684684685,2,True
breast-w,pso,13,0.9,0.9713963963963964,0.8742567567567567,1,True
breast-w,pso,13,0.95,0.9713963963963964,0.9228265765765765,1,True
breast-w,pso,13,0.98,0.9713963963963964,0.9519684684684685,1,True
breast-w,pso,14,0.9,0.9713963963963964,0.8742567567567567,1,True
breast-w,pso,14,0.95,0.9713963963963964,0.9228265765765765,1,True
breast-w,pso,14,0.98,0.9713963963963964,0.9519684684684685,1,True
breast-w,pso,15,0.9,0.9713963963963964,0.8742567567567567,1,True
breast-w,pso,15,0.95,0.9713963963963964,0.9228265765765765,1,True
breast-w,pso,15,0.98,0.9713963963963964,0.9519684684684685,3,True
breast-w,pso,16,0.9,0.9713963963963964,0.8742567567567567,1,True
breast-w,pso,16,0.95,0.9713963963963964,0.9228265765765765,2,True
breast-w,pso,16,0.98,0.9713963963963964,0.9519684684684685,3,True
breast-w,pso,17,0.9,0.9713963963963964,0.8742567567567567,2,True
breast-w,pso,17,0.95,0.9713963963963964,0.9228265765765765,2,True
breast-w,pso,17,0.98,0.9713963963963964,0.9519684684684685,2,True
breast-w,pso,18,0.9,0.9713963963963964,0.8742567567567567,1,True
breast-w,pso,18,0.95,0.9713963963963964,0.9228265765765765,1,True
breast-w,pso,18,0.98,0.9713963963963964,0.9519684684684685,1,True
breast-w,pso,19,0.9,0.9713963963963964,0.8742567567567567,1,True
breast-w,pso,19,0.95,0.9713963963963964,0.9228265765765765,1,True
breast-w,pso,19,0.98,0.9713963963963964,0.9519684684684685,1,True
breast-w,pso,20,0.9,0.9713963963963964,0.8742567567567567,1,True
breast-w,pso,20,0.95,0.9713963963963964,0.9228265765765765,1,True
breast-w,pso,20,0.98,0.9713963963963964,0.9519684684684685,1,True
breast-w,pso,21,0.9,0.9713963963963964,0.8742567567567567,1,True
breast-w,pso,21,0.95,0.9713963963963964,0.9228265765765765,1,True
breast-w,pso,21,0.98,0.9713963963963964,0.9519684684684685,2,True
breast-w,pso,22,0.9,0.9713963963963964,0.8742567567567567,1,True
breast-w,pso,22,0.95,0.9713963963963964,0.9228265765765765,1,True
breast-w,pso,22,0.98,0.9713963963963964,0.9519684684684685,1,True
breast-w,pso,23,0.9,0.9713963963963964,0.8742567567567567,1,True
breast-w,pso,23,0.95,0.9713963963963964,0.9228265765765765,1,True
breast-w,pso,23,0.98,0.9713963963963964,0.9519684684684685,1,True
breast-w,pso,24,0.9,0.9713963963963964,0.8742567567567567,1,True
breast-w,pso,24,0.95,0.9713963963963964,0.9228265765765765,1,True
breast-w,pso,24,0.98,0.9713963963963964,0.9519684684684685,4,True
breast-w,pso,25,0.9,0.9713963963963964,0.8742567567567567,1,True
breast-w,pso,25,0.95,0.9713963963963964,0.9228265765765765,1,True
breast-w,pso,25,0.98,0.9713963963963964,0.9519684684684685,1,True
breast-w,pso,26,0.9,0.9713963963963964,0.8742567567567567,1,True
breast-w,pso,26,0.95,0.9713963963963964,0.9228265765765765,1,True
breast-w,pso,26,0.98,0.9713963963963964,0.9519684684684685,1,True
breast-w,pso,27,0.9,0.9713963963963964,0.8742567567567567,1,True
breast-w,pso,27,0.95,0.9713963963963964,0.9228265765765765,1,True
breast-w,pso,27,0.98,0.9713963963963964,0.9519684684684685,1,True
breast-w,pso,28,0.9,0.9713963963963964,0.8742567567567567,1,True
breast-w,pso,28,0.95,0.9713963963963964,0.9228265765765765,2,True
breast-w,pso,28,0.98,0.9713963963963964,0.9519684684684685,2,True
breast-w,pso,29,0.9,0.9713963963963964,0.8742567567567567,1,True
breast-w,pso,29,0.95,0.9713963963963964,0.9228265765765765,1,True
breast-w,pso,29,0.98,0.9713963963963964,0.9519684684684685,2,True
breast-w,random,0,0.9,0.9713963963963964,0.8742567567567567,1,True
breast-w,random,0,0.95,0.9713963963963964,0.9228265765765765,1,True
breast-w,random,0,0.98,0.9713963963963964,0.9519684684684685,11,True
breast-w,random,1,0.9,0.9713963963963964,0.8742567567567567,1,True
breast-w,random,1,0.95,0.9713963963963964,0.9228265765765765,1,True
breast-w,random,1,0.98,0.9713963963963964,0.9519684684684685,1,True
breast-w,random,2,0.9,0.9713963963963964,0.8742567567567567,1,True
breast-w,random,2,0.95,0.9713963963963964,0.9228265765765765,1,True
breast-w,random,2,0.98,0.9713963963963964,0.9519684684684685,2,True
breast-w,random,3,0.9,0.9713963963963964,0.8742567567567567,1,True
breast-w,random,3,0.95,0.9713963963963964,0.9228265765765765,1,True
breast-w,random,3,0.98,0.9713963963963964,0.9519684684684685,1,True
breast-w,random,4,0.9,0.9713963963963964,0.8742567567567567,1,True
breast-w,random,4,0.95,0.9713963963963964,0.9228265765765765,1,True
breast-w,random,4,0.98,0.9713963963963964,0.9519684684684685,2,True
breast-w,random,5,0.9,0.9713963963963964,0.8742567567567567,1,True
breast-w,random,5,0.95,0.9713963963963964,0.9228265765765765,1,True
breast-w,random,5,0.98,0.9713963963963964,0.9519684684684685,7,True
breast-w,random,6,0.9,0.9713963963963964,0.8742567567567567,1,True
breast-w,random,6,0.95,0.9713963963963964,0.9228265765765765,1,True
breast-w,random,6,0.98,0.9713963963963964,0.9519684684684685,1,True
breast-w,random,7,0.9,0.9713963963963964,0.8742567567567567,1,True
breast-w,random,7,0.95,0.9713963963963964,0.9228265765765765,1,True
breast-w,random,7,0.98,0.9713963963963964,0.9519684684684685,2,True
breast-w,random,8,0.9,0.9713963963963964,0.8742567567567567,1,True
breast-w,random,8,0.95,0.9713963963963964,0.9228265765765765,2,True
breast-w,random,8,0.98,0.9713963963963964,0.9519684684684685,4,True
breast-w,random,9,0.9,0.9713963963963964,0.8742567567567567,1,True
breast-w,random,9,0.95,0.9713963963963964,0.9228265765765765,1,True
breast-w,random,9,0.98,0.9713963963963964,0.9519684684684685,2,True
breast-w,random,10,0.9,0.9713963963963964,0.8742567567567567,1,True
breast-w,random,10,0.95,0.9713963963963964,0.9228265765765765,1,True
breast-w,random,10,0.98,0.9713963963963964,0.9519684684684685,1,True
breast-w,random,11,0.9,0.9713963963963964,0.8742567567567567,2,True
breast-w,random,11,0.95,0.9713963963963964,0.9228265765765765,2,True
breast-w,random,11,0.98,0.9713963963963964,0.9519684684684685,2,True
breast-w,random,12,0.9,0.9713963963963964,0.8742567567567567,1,True
breast-w,random,12,0.95,0.9713963963963964,0.9228265765765765,1,True
breast-w,random,12,0.98,0.9713963963963964,0.9519684684684685,1,True
breast-w,random,13,0.9,0.9713963963963964,0.8742567567567567,1,True
breast-w,random,13,0.95,0.9713963963963964,0.9228265765765765,1,True
breast-w,random,13,0.98,0.9713963963963964,0.9519684684684685,1,True
breast-w,random,14,0.9,0.9713963963963964,0.8742567567567567,1,True
breast-w,random,14,0.95,0.9713963963963964,0.9228265765765765,1,True
breast-w,random,14,0.98,0.9713963963963964,0.9519684684684685,2,True
breast-w,random,15,0.9,0.9713963963963964,0.8742567567567567,1,True
breast-w,random,15,0.95,0.9713963963963964,0.9228265765765765,1,True
breast-w,random,15,0.98,0.9713963963963964,0.9519684684684685,1,True
breast-w,random,16,0.9,0.9713963963963964,0.8742567567567567,1,True
breast-w,random,16,0.95,0.9713963963963964,0.9228265765765765,1,True
breast-w,random,16,0.98,0.9713963963963964,0.9519684684684685,1,True
breast-w,random,17,0.9,0.9713963963963964,0.8742567567567567,1,True
breast-w,random,17,0.95,0.9713963963963964,0.9228265765765765,1,True
breast-w,random,17,0.98,0.9713963963963964,0.9519684684684685,1,True
breast-w,random,18,0.9,0.9713963963963964,0.8742567567567567,1,True
breast-w,random,18,0.95,0.9713963963963964,0.9228265765765765,1,True
breast-w,random,18,0.98,0.9713963963963964,0.9519684684684685,2,True
breast-w,random,19,0.9,0.9713963963963964,0.8742567567567567,1,True
breast-w,random,19,0.95,0.9713963963963964,0.9228265765765765,1,True
breast-w,random,19,0.98,0.9713963963963964,0.9519684684684685,4,True
breast-w,random,20,0.9,0.9713963963963964,0.8742567567567567,1,True
breast-w,random,20,0.95,0.9713963963963964,0.9228265765765765,1,True
breast-w,random,20,0.98,0.9713963963963964,0.9519684684684685,2,True
breast-w,random,21,0.9,0.9713963963963964,0.8742567567567567,2,True
breast-w,random,21,0.95,0.9713963963963964,0.9228265765765765,2,True
breast-w,random,21,0.98,0.9713963963963964,0.9519684684684685,2,True
breast-w,random,22,0.9,0.9713963963963964,0.8742567567567567,1,True
breast-w,random,22,0.95,0.9713963963963964,0.9228265765765765,1,True
breast-w,random,22,0.98,0.9713963963963964,0.9519684684684685,1,True
breast-w,random,23,0.9,0.9713963963963964,0.8742567567567567,1,True
breast-w,random,23,0.95,0.9713963963963964,0.9228265765765765,2,True
breast-w,random,23,0.98,0.9713963963963964,0.9519684684684685,2,True
breast-w,random,24,0.9,0.9713963963963964,0.8742567567567567,1,True
breast-w,random,24,0.95,0.9713963963963964,0.9228265765765765,1,True
breast-w,random,24,0.98,0.9713963963963964,0.9519684684684685,2,True
breast-w,random,25,0.9,0.9713963963963964,0.8742567567567567,1,True
breast-w,random,25,0.95,0.9713963963963964,0.9228265765765765,1,True
breast-w,random,25,0.98,0.9713963963963964,0.9519684684684685,3,True
breast-w,random,26,0.9,0.9713963963963964,0.8742567567567567,1,True
breast-w,random,26,0.95,0.9713963963963964,0.9228265765765765,1,True
breast-w,random,26,0.98,0.9713963963963964,0.9519684684684685,1,True
breast-w,random,27,0.9,0.9713963963963964,0.8742567567567567,1,True
breast-w,random,27,0.95,0.9713963963963964,0.9228265765765765,1,True
breast-w,random,27,0.98,0.9713963963963964,0.9519684684684685,1,True
breast-w,random,28,0.9,0.9713963963963964,0.8742567567567567,1,True
breast-w,random,28,0.95,0.9713963963963964,0.9228265765765765,1,True
breast-w,random,28,0.98,0.9713963963963964,0.9519684684684685,2,True
breast-w,random,29,0.9,0.9713963963963964,0.8742567567567567,1,True
breast-w,random,29,0.95,0.9713963963963964,0.9228265765765765,1,True
breast-w,random,29,0.98,0.9713963963963964,0.9519684684684685,1,True
breast-w,sa,0,0.9,0.9713963963963964,0.8742567567567567,1,True
breast-w,sa,0,0.95,0.9713963963963964,0.9228265765765765,1,True
breast-w,sa,0,0.98,0.9713963963963964,0.9519684684684685,19,True
breast-w,sa,1,0.9,0.9713963963963964,0.8742567567567567,1,True
breast-w,sa,1,0.95,0.9713963963963964,0.9228265765765765,1,True
breast-w,sa,1,0.98,0.9713963963963964,0.9519684684684685,1,True
breast-w,sa,2,0.9,0.9713963963963964,0.8742567567567567,1,True
breast-w,sa,2,0.95,0.9713963963963964,0.9228265765765765,1,True
breast-w,sa,2,0.98,0.9713963963963964,0.9519684684684685,15,True
breast-w,sa,3,0.9,0.9713963963963964,0.8742567567567567,1,True
breast-w,sa,3,0.95,0.9713963963963964,0.9228265765765765,1,True
breast-w,sa,3,0.98,0.9713963963963964,0.9519684684684685,1,True
breast-w,sa,4,0.9,0.9713963963963964,0.8742567567567567,1,True
breast-w,sa,4,0.95,0.9713963963963964,0.9228265765765765,1,True
breast-w,sa,4,0.98,0.9713963963963964,0.9519684684684685,5,True
breast-w,sa,5,0.9,0.9713963963963964,0.8742567567567567,1,True
breast-w,sa,5,0.95,0.9713963963963964,0.9228265765765765,1,True
breast-w,sa,5,0.98,0.9713963963963964,0.9519684684684685,6,True
breast-w,sa,6,0.9,0.9713963963963964,0.8742567567567567,1,True
breast-w,sa,6,0.95,0.9713963963963964,0.9228265765765765,1,True
breast-w,sa,6,0.98,0.9713963963963964,0.9519684684684685,1,True
breast-w,sa,7,0.9,0.9713963963963964,0.8742567567567567,1,True
breast-w,sa,7,0.95,0.9713963963963964,0.9228265765765765,1,True
breast-w,sa,7,0.98,0.9713963963963964,0.9519684684684685,2,True
breast-w,sa,8,0.9,0.9713963963963964,0.8742567567567567,1,True
breast-w,sa,8,0.95,0.9713963963963964,0.9228265765765765,4,True
breast-w,sa,8,0.98,0.9713963963963964,0.9519684684684685,4,True
breast-w,sa,9,0.9,0.9713963963963964,0.8742567567567567,1,True
breast-w,sa,9,0.95,0.9713963963963964,0.9228265765765765,1,True
breast-w,sa,9,0.98,0.9713963963963964,0.9519684684684685,5,True
breast-w,sa,10,0.9,0.9713963963963964,0.8742567567567567,1,True
breast-w,sa,10,0.95,0.9713963963963964,0.9228265765765765,1,True
breast-w,sa,10,0.98,0.9713963963963964,0.9519684684684685,1,True
breast-w,sa,11,0.9,0.9713963963963964,0.8742567567567567,5,True
breast-w,sa,11,0.95,0.9713963963963964,0.9228265765765765,5,True
breast-w,sa,11,0.98,0.9713963963963964,0.9519684684684685,5,True
breast-w,sa,12,0.9,0.9713963963963964,0.8742567567567567,1,True
breast-w,sa,12,0.95,0.9713963963963964,0.9228265765765765,1,True
breast-w,sa,12,0.98,0.9713963963963964,0.9519684684684685,1,True
breast-w,sa,13,0.9,0.9713963963963964,0.8742567567567567,1,True
breast-w,sa,13,0.95,0.9713963963963964,0.9228265765765765,1,True
breast-w,sa,13,0.98,0.9713963963963964,0.9519684684684685,1,True
breast-w,sa,14,0.9,0.9713963963963964,0.8742567567567567,1,True
breast-w,sa,14,0.95,0.9713963963963964,0.9228265765765765,1,True
breast-w,sa,14,0.98,0.9713963963963964,0.9519684684684685,7,True
breast-w,sa,15,0.9,0.9713963963963964,0.8742567567567567,1,True
breast-w,sa,15,0.95,0.9713963963963964,0.9228265765765765,1,True
breast-w,sa,15,0.98,0.9713963963963964,0.9519684684684685,1,True
breast-w,sa,16,0.9,0.9713963963963964,0.8742567567567567,1,True
breast-w,sa,16,0.95,0.9713963963963964,0.9228265765765765,1,True
breast-w,sa,16,0.98,0.9713963963963964,0.9519684684684685,1,True
breast-w,sa,17,0.9,0.9713963963963964,0.8742567567567567,1,True
breast-w,sa,17,0.95,0.9713963963963964,0.9228265765765765,1,True
breast-w,sa,17,0.98,0.9713963963963964,0.9519684684684685,1,True
breast-w,sa,18,0.9,0.9713963963963964,0.8742567567567567,1,True
breast-w,sa,18,0.95,0.9713963963963964,0.9228265765765765,1,True
breast-w,sa,18,0.98,0.9713963963963964,0.9519684684684685,6,True
breast-w,sa,19,0.9,0.9713963963963964,0.8742567567567567,1,True
breast-w,sa,19,0.95,0.9713963963963964,0.9228265765765765,1,True
breast-w,sa,19,0.98,0.9713963963963964,0.9519684684684685,12,True
breast-w,sa,20,0.9,0.9713963963963964,0.8742567567567567,1,True
breast-w,sa,20,0.95,0.9713963963963964,0.9228265765765765,1,True
breast-w,sa,20,0.98,0.9713963963963964,0.9519684684684685,16,True
breast-w,sa,21,0.9,0.9713963963963964,0.8742567567567567,7,True
breast-w,sa,21,0.95,0.9713963963963964,0.9228265765765765,7,True
breast-w,sa,21,0.98,0.9713963963963964,0.9519684684684685,7,True
breast-w,sa,22,0.9,0.9713963963963964,0.8742567567567567,1,True
breast-w,sa,22,0.95,0.9713963963963964,0.9228265765765765,1,True
breast-w,sa,22,0.98,0.9713963963963964,0.9519684684684685,1,True
breast-w,sa,23,0.9,0.9713963963963964,0.8742567567567567,1,True
breast-w,sa,23,0.95,0.9713963963963964,0.9228265765765765,4,True
breast-w,sa,23,0.98,0.9713963963963964,0.9519684684684685,5,True
breast-w,sa,24,0.9,0.9713963963963964,0.8742567567567567,1,True
breast-w,sa,24,0.95,0.9713963963963964,0.9228265765765765,1,True
breast-w,sa,24,0.98,0.9713963963963964,0.9519684684684685,7,True
breast-w,sa,25,0.9,0.9713963963963964,0.8742567567567567,1,True
breast-w,sa,25,0.95,0.9713963963963964,0.9228265765765765,1,True
breast-w,sa,25,0.98,0.9713963963963964,0.9519684684684685,4,True
breast-w,sa,26,0.9,0.9713963963963964,0.8742567567567567,1,True
breast-w,sa,26,0.95,0.9713963963963964,0.9228265765765765,1,True
breast-w,sa,26,0.98,0.9713963963963964,0.9519684684684685,1,True
breast-w,sa,27,0.9,0.9713963963963964,0.8742567567567567,1,True
breast-w,sa,27,0.95,0.9713963963963964,0.9228265765765765,1,True
breast-w,sa,27,0.98,0.9713963963963964,0.9519684684684685,1,True
breast-w,sa,28,0.9,0.9713963963963964,0.8742567567567567,1,True
breast-w,sa,28,0.95,0.9713963963963964,0.9228265765765765,1,True
breast-w,sa,28,0.98,0.9713963963963964,0.9519684684684685,2,True
breast-w,sa,29,0.9,0.9713963963963964,0.8742567567567567,1,True
breast-w,sa,29,0.95,0.9713963963963964,0.9228265765765765,1,True
breast-w,sa,29,0.98,0.9713963963963964,0.9519684684684685,1,True
breast-w,sh,0,0.9,0.9713963963963964,0.8742567567567567,10,True
breast-w,sh,0,0.95,0.9713963963963964,0.9228265765765765,10,True
breast-w,sh,0,0.98,0.9713963963963964,0.9519684684684685,10,True
breast-w,sh,1,0.9,0.9713963963963964,0.8742567567567567,10,True
breast-w,sh,1,0.95,0.9713963963963964,0.9228265765765765,10,True
breast-w,sh,1,0.98,0.9713963963963964,0.9519684684684685,10,True
breast-w,sh,2,0.9,0.9713963963963964,0.8742567567567567,10,True
breast-w,sh,2,0.95,0.9713963963963964,0.9228265765765765,10,True
breast-w,sh,2,0.98,0.9713963963963964,0.9519684684684685,10,True
breast-w,sh,3,0.9,0.9713963963963964,0.8742567567567567,10,True
breast-w,sh,3,0.95,0.9713963963963964,0.9228265765765765,10,True
breast-w,sh,3,0.98,0.9713963963963964,0.9519684684684685,10,True
breast-w,sh,4,0.9,0.9713963963963964,0.8742567567567567,10,True
breast-w,sh,4,0.95,0.9713963963963964,0.9228265765765765,10,True
breast-w,sh,4,0.98,0.9713963963963964,0.9519684684684685,10,True
breast-w,sh,5,0.9,0.9713963963963964,0.8742567567567567,10,True
breast-w,sh,5,0.95,0.9713963963963964,0.9228265765765765,10,True
breast-w,sh,5,0.98,0.9713963963963964,0.9519684684684685,10,True
breast-w,sh,6,0.9,0.9713963963963964,0.8742567567567567,10,True
breast-w,sh,6,0.95,0.9713963963963964,0.9228265765765765,10,True
breast-w,sh,6,0.98,0.9713963963963964,0.9519684684684685,12,True
breast-w,sh,7,0.9,0.9713963963963964,0.8742567567567567,10,True
breast-w,sh,7,0.95,0.9713963963963964,0.9228265765765765,10,True
breast-w,sh,7,0.98,0.9713963963963964,0.9519684684684685,10,True
breast-w,sh,8,0.9,0.9713963963963964,0.8742567567567567,10,True
breast-w,sh,8,0.95,0.9713963963963964,0.9228265765765765,10,True
breast-w,sh,8,0.98,0.9713963963963964,0.9519684684684685,10,True
breast-w,sh,9,0.9,0.9713963963963964,0.8742567567567567,10,True
breast-w,sh,9,0.95,0.9713963963963964,0.9228265765765765,10,True
breast-w,sh,9,0.98,0.9713963963963964,0.9519684684684685,10,True
breast-w,sh,10,0.9,0.9713963963963964,0.8742567567567567,10,True
breast-w,sh,10,0.95,0.9713963963963964,0.9228265765765765,10,True
breast-w,sh,10,0.98,0.9713963963963964,0.9519684684684685,10,True
breast-w,sh,11,0.9,0.9713963963963964,0.8742567567567567,10,True
breast-w,sh,11,0.95,0.9713963963963964,0.9228265765765765,10,True
breast-w,sh,11,0.98,0.9713963963963964,0.9519684684684685,10,True
breast-w,sh,12,0.9,0.9713963963963964,0.8742567567567567,10,True
breast-w,sh,12,0.95,0.9713963963963964,0.9228265765765765,10,True
breast-w,sh,12,0.98,0.9713963963963964,0.9519684684684685,10,True
breast-w,sh,13,0.9,0.9713963963963964,0.8742567567567567,10,True
breast-w,sh,13,0.95,0.9713963963963964,0.9228265765765765,10,True
breast-w,sh,13,0.98,0.9713963963963964,0.9519684684684685,10,True
breast-w,sh,14,0.9,0.9713963963963964,0.8742567567567567,10,True
breast-w,sh,14,0.95,0.9713963963963964,0.9228265765765765,10,True
breast-w,sh,14,0.98,0.9713963963963964,0.9519684684684685,10,True
breast-w,sh,15,0.9,0.9713963963963964,0.8742567567567567,10,True
breast-w,sh,15,0.95,0.9713963963963964,0.9228265765765765,10,True
breast-w,sh,15,0.98,0.9713963963963964,0.9519684684684685,10,True
breast-w,sh,16,0.9,0.9713963963963964,0.8742567567567567,10,True
breast-w,sh,16,0.95,0.9713963963963964,0.9228265765765765,10,True
breast-w,sh,16,0.98,0.9713963963963964,0.9519684684684685,10,True
breast-w,sh,17,0.9,0.9713963963963964,0.8742567567567567,10,True
breast-w,sh,17,0.95,0.9713963963963964,0.9228265765765765,10,True
breast-w,sh,17,0.98,0.9713963963963964,0.9519684684684685,10,True
breast-w,sh,18,0.9,0.9713963963963964,0.8742567567567567,10,True
breast-w,sh,18,0.95,0.9713963963963964,0.9228265765765765,10,True
breast-w,sh,18,0.98,0.9713963963963964,0.9519684684684685,10,True
breast-w,sh,19,0.9,0.9713963963963964,0.8742567567567567,10,True
breast-w,sh,19,0.95,0.9713963963963964,0.9228265765765765,10,True
breast-w,sh,19,0.98,0.9713963963963964,0.9519684684684685,11,True
breast-w,sh,20,0.9,0.9713963963963964,0.8742567567567567,10,True
breast-w,sh,20,0.95,0.9713963963963964,0.9228265765765765,10,True
breast-w,sh,20,0.98,0.9713963963963964,0.9519684684684685,10,True
breast-w,sh,21,0.9,0.9713963963963964,0.8742567567567567,10,True
breast-w,sh,21,0.95,0.9713963963963964,0.9228265765765765,10,True
breast-w,sh,21,0.98,0.9713963963963964,0.9519684684684685,10,True
breast-w,sh,22,0.9,0.9713963963963964,0.8742567567567567,10,True
breast-w,sh,22,0.95,0.9713963963963964,0.9228265765765765,10,True
breast-w,sh,22,0.98,0.9713963963963964,0.9519684684684685,10,True
breast-w,sh,23,0.9,0.9713963963963964,0.8742567567567567,10,True
breast-w,sh,23,0.95,0.9713963963963964,0.9228265765765765,10,True
breast-w,sh,23,0.98,0.9713963963963964,0.9519684684684685,10,True
breast-w,sh,24,0.9,0.9713963963963964,0.8742567567567567,10,True
breast-w,sh,24,0.95,0.9713963963963964,0.9228265765765765,10,True
breast-w,sh,24,0.98,0.9713963963963964,0.9519684684684685,10,True
breast-w,sh,25,0.9,0.9713963963963964,0.8742567567567567,10,True
breast-w,sh,25,0.95,0.9713963963963964,0.9228265765765765,10,True
breast-w,sh,25,0.98,0.9713963963963964,0.9519684684684685,10,True
breast-w,sh,26,0.9,0.9713963963963964,0.8742567567567567,10,True
breast-w,sh,26,0.95,0.9713963963963964,0.9228265765765765,10,True
breast-w,sh,26,0.98,0.9713963963963964,0.9519684684684685,11,True
breast-w,sh,27,0.9,0.9713963963963964,0.8742567567567567,10,True
breast-w,sh,27,0.95,0.9713963963963964,0.9228265765765765,10,True
breast-w,sh,27,0.98,0.9713963963963964,0.9519684684684685,10,True
breast-w,sh,28,0.9,0.9713963963963964,0.8742567567567567,10,True
breast-w,sh,28,0.95,0.9713963963963964,0.9228265765765765,10,True
breast-w,sh,28,0.98,0.9713963963963964,0.9519684684684685,10,True
breast-w,sh,29,0.9,0.9713963963963964,0.8742567567567567,10,True
breast-w,sh,29,0.95,0.9713963963963964,0.9228265765765765,10,True
breast-w,sh,29,0.98,0.9713963963963964,0.9519684684684685,12,True
car,bo_tpe,0,0.9,0.9949366923036675,0.8954430230733008,2,True
car,bo_tpe,0,0.95,0.9949366923036675,0.9451898576884842,2,True
car,bo_tpe,0,0.98,0.9949366923036675,0.9750379584575942,2,True
car,bo_tpe,1,0.9,0.9949366923036675,0.8954430230733008,5,True
car,bo_tpe,1,0.95,0.9949366923036675,0.9451898576884842,5,True
car,bo_tpe,1,0.98,0.9949366923036675,0.9750379584575942,5,True
car,bo_tpe,2,0.9,0.9949366923036675,0.8954430230733008,2,True
car,bo_tpe,2,0.95,0.9949366923036675,0.9451898576884842,2,True
car,bo_tpe,2,0.98,0.9949366923036675,0.9750379584575942,2,True
car,bo_tpe,3,0.9,0.9949366923036675,0.8954430230733008,2,True
car,bo_tpe,3,0.95,0.9949366923036675,0.9451898576884842,2,True
car,bo_tpe,3,0.98,0.9949366923036675,0.9750379584575942,8,True
car,bo_tpe,4,0.9,0.9949366923036675,0.8954430230733008,1,True
car,bo_tpe,4,0.95,0.9949366923036675,0.9451898576884842,1,True
car,bo_tpe,4,0.98,0.9949366923036675,0.9750379584575942,1,True
car,bo_tpe,5,0.9,0.9949366923036675,0.8954430230733008,3,True
car,bo_tpe,5,0.95,0.9949366923036675,0.9451898576884842,3,True
car,bo_tpe,5,0.98,0.9949366923036675,0.9750379584575942,3,True
car,bo_tpe,6,0.9,0.9949366923036675,0.8954430230733008,1,True
car,bo_tpe,6,0.95,0.9949366923036675,0.9451898576884842,1,True
car,bo_tpe,6,0.98,0.9949366923036675,0.9750379584575942,1,True
car,bo_tpe,7,0.9,0.9949366923036675,0.8954430230733008,3,True
car,bo_tpe,7,0.95,0.9949366923036675,0.9451898576884842,3,True
car,bo_tpe,7,0.98,0.9949366923036675,0.9750379584575942,3,True
car,bo_tpe,8,0.9,0.9949366923036675,0.8954430230733008,2,True
car,bo_tpe,8,0.95,0.9949366923036675,0.9451898576884842,2,True
car,bo_tpe,8,0.98,0.9949366923036675,0.9750379584575942,2,True
car,bo_tpe,9,0.9,0.9949366923036675,0.8954430230733008,7,True
car,bo_tpe,9,0.95,0.9949366923036675,0.9451898576884842,8,True
car,bo_tpe,9,0.98,0.9949366923036675,0.9750379584575942,8,True
car,bo_tpe,10,0.9,0.9949366923036675,0.8954430230733008,1,True
car,bo_tpe,10,0.95,0.9949366923036675,0.9451898576884842,8,True
car,bo_tpe,10,0.98,0.9949366923036675,0.9750379584575942,8,True
car,bo_tpe,11,0.9,0.9949366923036675,0.8954430230733008,3,True
car,bo_tpe,11,0.95,0.9949366923036675,0.9451898576884842,3,True
car,bo_tpe,11,0.98,0.9949366923036675,0.9750379584575942,3,True
car,bo_tpe,12,0.9,0.9949366923036675,0.8954430230733008,2,True
car,bo_tpe,12,0.95,0.9949366923036675,0.9451898576884842,2,True
car,bo_tpe,12,0.98,0.9949366923036675,0.9750379584575942,6,True
car,bo_tpe,13,0.9,0.9949366923036675,0.8954430230733008,1,True
car,bo_tpe,13,0.95,0.9949366923036675,0.9451898576884842,1,True
car,bo_tpe,13,0.98,0.9949366923036675,0.9750379584575942,3,True
car,bo_tpe,14,0.9,0.9949366923036675,0.8954430230733008,2,True
car,bo_tpe,14,0.95,0.9949366923036675,0.9451898576884842,4,True
car,bo_tpe,14,0.98,0.9949366923036675,0.9750379584575942,6,True
car,bo_tpe,15,0.9,0.9949366923036675,0.8954430230733008,1,True
car,bo_tpe,15,0.95,0.9949366923036675,0.9451898576884842,1,True
car,bo_tpe,15,0.98,0.9949366923036675,0.9750379584575942,6,True
car,bo_tpe,16,0.9,0.9949366923036675,0.8954430230733008,1,True
car,bo_tpe,16,0.95,0.9949366923036675,0.9451898576884842,9,True
car,bo_tpe,16,0.98,0.9949366923036675,0.9750379584575942,9,True
car,bo_tpe,17,0.9,0.9949366923036675,0.8954430230733008,1,True
car,bo_tpe,17,0.95,0.9949366923036675,0.9451898576884842,1,True
car,bo_tpe,17,0.98,0.9949366923036675,0.9750379584575942,3,True
car,bo_tpe,18,0.9,0.9949366923036675,0.8954430230733008,1,True
car,bo_tpe,18,0.95,0.9949366923036675,0.9451898576884842,1,True
car,bo_tpe,18,0.98,0.9949366923036675,0.9750379584575942,1,True
car,bo_tpe,19,0.9,0.9949366923036675,0.8954430230733008,5,True
car,bo_tpe,19,0.95,0.9949366923036675,0.9451898576884842,5,True
car,bo_tpe,19,0.98,0.9949366923036675,0.9750379584575942,5,True
car,bo_tpe,20,0.9,0.9949366923036675,0.8954430230733008,4,True
car,bo_tpe,20,0.95,0.9949366923036675,0.9451898576884842,4,True
car,bo_tpe,20,0.98,0.9949366923036675,0.9750379584575942,4,True
car,bo_tpe,21,0.9,0.9949366923036675,0.8954430230733008,2,True
car,bo_tpe,21,0.95,0.9949366923036675,0.9451898576884842,4,True
car,bo_tpe,21,0.98,0.9949366923036675,0.9750379584575942,5,True
car,bo_tpe,22,0.9,0.9949366923036675,0.8954430230733008,4,True
car,bo_tpe,22,0.95,0.9949366923036675,0.9451898576884842,10,True
car,bo_tpe,22,0.98,0.9949366923036675,0.9750379584575942,10,True
car,bo_tpe,23,0.9,0.9949366923036675,0.8954430230733008,2,True
car,bo_tpe,23,0.95,0.9949366923036675,0.9451898576884842,2,True
car,bo_tpe,23,0.98,0.9949366923036675,0.9750379584575942,2,True
car,bo_tpe,24,0.9,0.9949366923036675,0.8954430230733008,1,True
car,bo_tpe,24,0.95,0.9949366923036675,0.9451898576884842,2,True
car,bo_tpe,24,0.98,0.9949366923036675,0.9750379584575942,2,True
car,bo_tpe,25,0.9,0.9949366923036675,0.8954430230733008,1,True
car,bo_tpe,25,0.95,0.9949366923036675,0.9451898576884842,1,True
car,bo_tpe,25,0.98,0.9949366923036675,0.9750379584575942,1,True
car,bo_tpe,26,0.9,0.9949366923036675,0.8954430230733008,1,True
car,bo_tpe,26,0.95,0.9949366923036675,0.9451898576884842,1,True
car,bo_tpe,26,0.98,0.9949366923036675,0.9750379584575942,10,True
car,bo_tpe,27,0.9,0.9949366923036675,0.8954430230733008,4,True
car,bo_tpe,27,0.95,0.9949366923036675,0.9451898576884842,4,True
car,bo_tpe,27,0.98,0.9949366923036675,0.9750379584575942,4,True
car,bo_tpe,28,0.9,0.9949366923036675,0.8954430230733008,1,True
car,bo_tpe,28,0.95,0.9949366923036675,0.9451898576884842,1,True
car,bo_tpe,28,0.98,0.9949366923036675,0.9750379584575942,1,True
car,bo_tpe,29,0.9,0.9949366923036675,0.8954430230733008,1,True
car,bo_tpe,29,0.95,0.9949366923036675,0.9451898576884842,1,True
car,bo_tpe,29,0.98,0.9949366923036675,0.9750379584575942,1,True
car,cuckoo,0,0.9,0.9949366923036675,0.8954430230733008,2,True
car,cuckoo,0,0.95,0.9949366923036675,0.9451898576884842,2,True
car,cuckoo,0,0.98,0.9949366923036675,0.9750379584575942,2,True
car,cuckoo,1,0.9,0.9949366923036675,0.8954430230733008,5,True
car,cuckoo,1,0.95,0.9949366923036675,0.9451898576884842,5,True
car,cuckoo,1,0.98,0.9949366923036675,0.9750379584575942,5,True
car,cuckoo,2,0.9,0.9949366923036675,0.8954430230733008,2,True
car,cuckoo,2,0.95,0.9949366923036675,0.9451898576884842,2,True
car,cuckoo,2,0.98,0.9949366923036675,0.9750379584575942,2,True
car,cuckoo,3,0.9,0.9949366923036675,0.8954430230733008,2,True
car,cuckoo,3,0.95,0.9949366923036675,0.9451898576884842,2,True
car,cuckoo,3,0.98,0.9949366923036675,0.9750379584575942,8,True
car,cuckoo,4,0.9,0.9949366923036675,0.8954430230733008,1,True
car,cuckoo,4,0.95,0.9949366923036675,0.9451898576884842,1,True
car,cuckoo,4,0.98,0.9949366923036675,0.9750379584575942,1,True
car,cuckoo,5,0.9,0.9949366923036675,0.8954430230733008,3,True
car,cuckoo,5,0.95,0.9949366923036675,0.9451898576884842,3,True
car,cuckoo,5,0.98,0.9949366923036675,0.9750379584575942,3,True
car,cuckoo,6,0.9,0.9949366923036675,0.8954430230733008,1,True
car,cuckoo,6,0.95,0.9949366923036675,0.9451898576884842,1,True
car,cuckoo,6,0.98,0.9949366923036675,0.9750379584575942,1,True
car,cuckoo,7,0.9,0.9949366923036675,0.8954430230733008,3,True
car,cuckoo,7,0.95,0.9949366923036675,0.9451898576884842,3,True
car,cuckoo,7,0.98,0.9949366923036675,0.9750379584575942,3,True
car,cuckoo,8,0.9,0.9949366923036675,0.8954430230733008,2,True
car,cuckoo,8,0.95,0.9949366923036675,0.9451898576884842,2,True
car,cuckoo,8,0.98,0.9949366923036675,0.9750379584575942,2,True
car,cuckoo,9,0.9,0.9949366923036675,0.8954430230733008,7,True
car,cuckoo,9,0.95,0.9949366923036675,0.9451898576884842,8,True
car,cuckoo,9,0.98,0.9949366923036675,0.9750379584575942,8,True
car,cuckoo,10,0.9,0.9949366923036675,0.8954430230733008,1,True
car,cuckoo,10,0.95,0.9949366923036675,0.9451898576884842,8,True
car,cuckoo,10,0.98,0.9949366923036675,0.9750379584575942,8,True
car,cuckoo,11,0.9,0.9949366923036675,0.8954430230733008,3,True
car,cuckoo,11,0.95,0.9949366923036675,0.9451898576884842,3,True
car,cuckoo,11,0.98,0.9949366923036675,0.9750379584575942,3,True
car,cuckoo,12,0.9,0.9949366923036675,0.8954430230733008,2,True
car,cuckoo,12,0.95,0.9949366923036675,0.9451898576884842,2,True
car,cuckoo,12,0.98,0.9949366923036675,0.9750379584575942,6,True
car,cuckoo,13,0.9,0.9949366923036675,0.8954430230733008,1,True
car,cuckoo,13,0.95,0.9949366923036675,0.9451898576884842,1,True
car,cuckoo,13,0.98,0.9949366923036675,0.9750379584575942,3,True
car,cuckoo,14,0.9,0.9949366923036675,0.8954430230733008,2,True
car,cuckoo,14,0.95,0.9949366923036675,0.9451898576884842,4,True
car,cuckoo,14,0.98,0.9949366923036675,0.9750379584575942,6,True
car,cuckoo,15,0.9,0.9949366923036675,0.8954430230733008,1,True
car,cuckoo,15,0.95,0.9949366923036675,0.9451898576884842,1,True
car,cuckoo,15,0.98,0.9949366923036675,0.9750379584575942,6,True
car,cuckoo,16,0.9,0.9949366923036675,0.8954430230733008,1,True
car,cuckoo,16,0.95,0.9949366923036675,0.9451898576884842,9,True
car,cuckoo,16,0.98,0.9949366923036675,0.9750379584575942,9,True
car,cuckoo,17,0.9,0.9949366923036675,0.8954430230733008,1,True
car,cuckoo,17,0.95,0.9949366923036675,0.9451898576884842,1,True
car,cuckoo,17,0.98,0.9949366923036675,0.9750379584575942,3,True
car,cuckoo,18,0.9,0.9949366923036675,0.8954430230733008,1,True
car,cuckoo,18,0.95,0.9949366923036675,0.9451898576884842,1,True
car,cuckoo,18,0.98,0.9949366923036675,0.9750379584575942,1,True
car,cuckoo,19,0.9,0.9949366923036675,0.8954430230733008,5,True
car,cuckoo,19,0.95,0.9949366923036675,0.9451898576884842,5,True
car,cuckoo,19,0.98,0.9949366923036675,0.9750379584575942,5,True
car,cuckoo,20,0.9,0.9949366923036675,0.8954430230733008,4,True
car,cuckoo,20,0.95,0.9949366923036675,0.9451898576884842,4,True
car,cuckoo,20,0.98,0.9949366923036675,0.9750379584575942,4,True
car,cuckoo,21,0.9,0.9949366923036675,0.8954430230733008,2,True
car,cuckoo,21,0.95,0.9949366923036675,0.9451898576884842,4,True
car,cuckoo,21,0.98,0.9949366923036675,0.9750379584575942,5,True
car,cuckoo,22,0.9,0.9949366923036675,0.8954430230733008,4,True
car,cuckoo,22,0.95,0.9949366923036675,0.9451898576884842,10,True
car,cuckoo,22,0.98,0.9949366923036675,0.9750379584575942,10,True
car,cuckoo,23,0.9,0.9949366923036675,0.8954430230733008,2,True
car,cuckoo,23,0.95,0.9949366923036675,0.9451898576884842,2,True
car,cuckoo,23,0.98,0.9949366923036675,0.9750379584575942,2,True
car,cuckoo,24,0.9,0.9949366923036675,0.8954430230733008,1,True
car,cuckoo,24,0.95,0.9949366923036675,0.9451898576884842,2,True
car,cuckoo,24,0.98,0.9949366923036675,0.9750379584575942,2,True
car,cuckoo,25,0.9,0.9949366923036675,0.8954430230733008,1,True
car,cuckoo,25,0.95,0.9949366923036675,0.9451898576884842,1,True
car,cuckoo,25,0.98,0.9949366923036675,0.9750379584575942,1,True
car,cuckoo,26,0.9,0.9949366923036675,0.8954430230733008,1,True
car,cuckoo,26,0.95,0.9949366923036675,0.9451898576884842,1,True
car,cuckoo,26,0.98,0.9949366923036675,0.9750379584575942,10,True
car,cuckoo,27,0.9,0.9949366923036675,0.8954430230733008,4,True
car,cuckoo,27,0.95,0.9949366923036675,0.9451898576884842,4,True
car,cuckoo,27,0.98,0.9949366923036675,0.9750379584575942,4,True
car,cuckoo,28,0.9,0.9949366923036675,0.8954430230733008,1,True
car,cuckoo,28,0.95,0.9949366923036675,0.9451898576884842,1,True
car,cuckoo,28,0.98,0.9949366923036675,0.9750379584575942,1,True
car,cuckoo,29,0.9,0.9949366923036675,0.8954430230733008,1,True
car,cuckoo,29,0.95,0.9949366923036675,0.9451898576884842,1,True
car,cuckoo,29,0.98,0.9949366923036675,0.9750379584575942,1,True
car,de,0,0.9,0.9949366923036675,0.8954430230733008,1,True
car,de,0,0.95,0.9949366923036675,0.9451898576884842,9,True
car,de,0,0.98,0.9949366923036675,0.9750379584575942,9,True
car,de,1,0.9,0.9949366923036675,0.8954430230733008,3,True
car,de,1,0.95,0.9949366923036675,0.9451898576884842,4,True
car,de,1,0.98,0.9949366923036675,0.9750379584575942,4,True
car,de,2,0.9,0.9949366923036675,0.8954430230733008,2,True
car,de,2,0.95,0.9949366923036675,0.9451898576884842,5,True
car,de,2,0.98,0.9949366923036675,0.9750379584575942,8,True
car,de,3,0.9,0.9949366923036675,0.8954430230733008,2,True
car,de,3,0.95,0.9949366923036675,0.9451898576884842,2,True
car,de,3,0.98,0.9949366923036675,0.9750379584575942,2,True
car,de,4,0.9,0.9949366923036675,0.8954430230733008,1,True
car,de,4,0.95,0.9949366923036675,0.9451898576884842,1,True
car,de,4,0.98,0.9949366923036675,0.9750379584575942,1,True
car,de,5,0.9,0.9949366923036675,0.8954430230733008,2,True
car,de,5,0.95,0.9949366923036675,0.9451898576884842,6,True
car,de,5,0.98,0.9949366923036675,0.9750379584575942,9,True
car,de,6,0.9,0.9949366923036675,0.8954430230733008,1,True
car,de,6,0.95,0.9949366923036675,0.9451898576884842,1,True
car,de,6,0.98,0.9949366923036675,0.9750379584575942,3,True
car,de,7,0.9,0.9949366923036675,0.8954430230733008,2,True
car,de,7,0.95,0.9949366923036675,0.9451898576884842,2,True
car,de,7,0.98,0.9949366923036675,0.9750379584575942,5,True
car,de,8,0.9,0.9949366923036675,0.8954430230733008,3,True
car,de,8,0.95,0.9949366923036675,0.9451898576884842,3,True
car,de,8,0.98,0.9949366923036675,0.9750379584575942,3,True
car,de,9,0.9,0.9949366923036675,0.8954430230733008,1,True
car,de,9,0.95,0.9949366923036675,0.9451898576884842,1,True
car,de,9,0.98,0.9949366923036675,0.9750379584575942,1,True
car,de,10,0.9,0.9949366923036675,0.8954430230733008,1,True
car,de,10,0.95,0.9949366923036675,0.9451898576884842,1,True
car,de,10,0.98,0.9949366923036675,0.9750379584575942,1,True
car,de,11,0.9,0.9949366923036675,0.8954430230733008,5,True
car,de,11,0.95,0.9949366923036675,0.9451898576884842,5,True
car,de,11,0.98,0.9949366923036675,0.9750379584575942,5,True
car,de,12,0.9,0.9949366923036675,0.8954430230733008,4,True
car,de,12,0.95,0.9949366923036675,0.9451898576884842,8,True
car,de,12,0.98,0.9949366923036675,0.9750379584575942,26,True
car,de,13,0.9,0.9949366923036675,0.8954430230733008,2,True
car,de,13,0.95,0.9949366923036675,0.9451898576884842,2,True
car,de,13,0.98,0.9949366923036675,0.9750379584575942,2,True
car,de,14,0.9,0.9949366923036675,0.8954430230733008,1,True
car,de,14,0.95,0.9949366923036675,0.9451898576884842,1,True
car,de,14,0.98,0.9949366923036675,0.9750379584575942,1,True
car,de,15,0.9,0.9949366923036675,0.8954430230733008,3,True
car,de,15,0.95,0.9949366923036675,0.9451898576884842,4,True
car,de,15,0.98,0.9949366923036675,0.9750379584575942,4,True
car,de,16,0.9,0.9949366923036675,0.8954430230733008,1,True
car,de,16,0.95,0.9949366923036675,0.9451898576884842,1,True
car,de,16,0.98,0.9949366923036675,0.9750379584575942,1,True
car,de,17,0.9,0.9949366923036675,0.8954430230733008,1,True
car,de,17,0.95,0.9949366923036675,0.9451898576884842,1,True
car,de,17,0.98,0.9949366923036675,0.9750379584575942,4,True
car,de,18,0.9,0.9949366923036675,0.8954430230733008,3,True
car,de,18,0.95,0.9949366923036675,0.9451898576884842,3,True
car,de,18,0.98,0.9949366923036675,0.9750379584575942,3,True
car,de,19,0.9,0.9949366923036675,0.8954430230733008,4,True
car,de,19,0.95,0.9949366923036675,0.9451898576884842,4,True
car,de,19,0.98,0.9949366923036675,0.9750379584575942,4,True
car,de,20,0.9,0.9949366923036675,0.8954430230733008,1,True
car,de,20,0.95,0.9949366923036675,0.9451898576884842,5,True
car,de,20,0.98,0.9949366923036675,0.9750379584575942,5,True
car,de,21,0.9,0.9949366923036675,0.8954430230733008,1,True
car,de,21,0.95,0.9949366923036675,0.9451898576884842,1,True
car,de,21,0.98,0.9949366923036675,0.9750379584575942,1,True
car,de,22,0.9,0.9949366923036675,0.8954430230733008,7,True
car,de,22,0.95,0.9949366923036675,0.9451898576884842,13,True
car,de,22,0.98,0.9949366923036675,0.9750379584575942,13,True
car,de,23,0.9,0.9949366923036675,0.8954430230733008,1,True
car,de,23,0.95,0.9949366923036675,0.9451898576884842,1,True
car,de,23,0.98,0.9949366923036675,0.9750379584575942,1,True
car,de,24,0.9,0.9949366923036675,0.8954430230733008,1,True
car,de,24,0.95,0.9949366923036675,0.9451898576884842,2,True
car,de,24,0.98,0.9949366923036675,0.9750379584575942,2,True
car,de,25,0.9,0.9949366923036675,0.8954430230733008,12,True
car,de,25,0.95,0.9949366923036675,0.9451898576884842,12,True
car,de,25,0.98,0.9949366923036675,0.9750379584575942,12,True
car,de,26,0.9,0.9949366923036675,0.8954430230733008,1,True
car,de,26,0.95,0.9949366923036675,0.9451898576884842,3,True
car,de,26,0.98,0.9949366923036675,0.9750379584575942,3,True
car,de,27,0.9,0.9949366923036675,0.8954430230733008,1,True
car,de,27,0.95,0.9949366923036675,0.9451898576884842,1,True
car,de,27,0.98,0.9949366923036675,0.9750379584575942,1,True
car,de,28,0.9,0.9949366923036675,0.8954430230733008,2,True
car,de,28,0.95,0.9949366923036675,0.9451898576884842,8,True
car,de,28,0.98,0.9949366923036675,0.9750379584575942,8,True
car,de,29,0.9,0.9949366923036675,0.8954430230733008,2,True
car,de,29,0.95,0.9949366923036675,0.9451898576884842,6,True
car,de,29,0.98,0.9949366923036675,0.9750379584575942,6,True
car,ga,0,0.9,0.9949366923036675,0.8954430230733008,1,True
car,ga,0,0.95,0.9949366923036675,0.9451898576884842,9,True
car,ga,0,0.98,0.9949366923036675,0.9750379584575942,9,True
car,ga,1,0.9,0.9949366923036675,0.8954430230733008,3,True
car,ga,1,0.95,0.9949366923036675,0.9451898576884842,4,True
car,ga,1,0.98,0.9949366923036675,0.9750379584575942,4,True
car,ga,2,0.9,0.9949366923036675,0.8954430230733008,2,True
car,ga,2,0.95,0.9949366923036675,0.9451898576884842,5,True
car,ga,2,0.98,0.9949366923036675,0.9750379584575942,8,True
car,ga,3,0.9,0.9949366923036675,0.8954430230733008,2,True
car,ga,3,0.95,0.9949366923036675,0.9451898576884842,2,True
car,ga,3,0.98,0.9949366923036675,0.9750379584575942,2,True
car,ga,4,0.9,0.9949366923036675,0.8954430230733008,1,True
car,ga,4,0.95,0.9949366923036675,0.9451898576884842,1,True
car,ga,4,0.98,0.9949366923036675,0.9750379584575942,1,True
car,ga,5,0.9,0.9949366923036675,0.8954430230733008,2,True
car,ga,5,0.95,0.9949366923036675,0.9451898576884842,6,True
car,ga,5,0.98,0.9949366923036675,0.9750379584575942,9,True
car,ga,6,0.9,0.9949366923036675,0.8954430230733008,1,True
car,ga,6,0.95,0.9949366923036675,0.9451898576884842,1,True
car,ga,6,0.98,0.9949366923036675,0.9750379584575942,3,True
car,ga,7,0.9,0.9949366923036675,0.8954430230733008,2,True
car,ga,7,0.95,0.9949366923036675,0.9451898576884842,2,True
car,ga,7,0.98,0.9949366923036675,0.9750379584575942,5,True
car,ga,8,0.9,0.9949366923036675,0.8954430230733008,3,True
car,ga,8,0.95,0.9949366923036675,0.9451898576884842,3,True
car,ga,8,0.98,0.9949366923036675,0.9750379584575942,3,True
car,ga,9,0.9,0.9949366923036675,0.8954430230733008,1,True
car,ga,9,0.95,0.9949366923036675,0.9451898576884842,1,True
car,ga,9,0.98,0.9949366923036675,0.9750379584575942,1,True
car,ga,10,0.9,0.9949366923036675,0.8954430230733008,1,True
car,ga,10,0.95,0.9949366923036675,0.9451898576884842,1,True
car,ga,10,0.98,0.9949366923036675,0.9750379584575942,1,True
car,ga,11,0.9,0.9949366923036675,0.8954430230733008,5,True
car,ga,11,0.95,0.9949366923036675,0.9451898576884842,5,True
car,ga,11,0.98,0.9949366923036675,0.9750379584575942,5,True
car,ga,12,0.9,0.9949366923036675,0.8954430230733008,4,True
car,ga,12,0.95,0.9949366923036675,0.9451898576884842,8,True
car,ga,12,0.98,0.9949366923036675,0.9750379584575942,21,True
car,ga,13,0.9,0.9949366923036675,0.8954430230733008,2,True
car,ga,13,0.95,0.9949366923036675,0.9451898576884842,2,True
car,ga,13,0.98,0.9949366923036675,0.9750379584575942,2,True
car,ga,14,0.9,0.9949366923036675,0.8954430230733008,1,True
car,ga,14,0.95,0.9949366923036675,0.9451898576884842,1,True
car,ga,14,0.98,0.9949366923036675,0.9750379584575942,1,True
car,ga,15,0.9,0.9949366923036675,0.8954430230733008,3,True
car,ga,15,0.95,0.9949366923036675,0.9451898576884842,4,True
car,ga,15,0.98,0.9949366923036675,0.9750379584575942,4,True
car,ga,16,0.9,0.9949366923036675,0.8954430230733008,1,True
car,ga,16,0.95,0.9949366923036675,0.9451898576884842,1,True
car,ga,16,0.98,0.9949366923036675,0.9750379584575942,1,True
car,ga,17,0.9,0.9949366923036675,0.8954430230733008,1,True
car,ga,17,0.95,0.9949366923036675,0.9451898576884842,1,True
car,ga,17,0.98,0.9949366923036675,0.9750379584575942,4,True
car,ga,18,0.9,0.9949366923036675,0.8954430230733008,3,True
car,ga,18,0.95,0.9949366923036675,0.9451898576884842,3,True
car,ga,18,0.98,0.9949366923036675,0.9750379584575942,3,True
car,ga,19,0.9,0.9949366923036675,0.8954430230733008,4,True
car,ga,19,0.95,0.9949366923036675,0.9451898576884842,4,True
car,ga,19,0.98,0.9949366923036675,0.9750379584575942,4,True
car,ga,20,0.9,0.9949366923036675,0.8954430230733008,1,True
car,ga,20,0.95,0.9949366923036675,0.9451898576884842,5,True
car,ga,20,0.98,0.9949366923036675,0.9750379584575942,5,True
car,ga,21,0.9,0.9949366923036675,0.8954430230733008,1,True
car,ga,21,0.95,0.9949366923036675,0.9451898576884842,1,True
car,ga,21,0.98,0.9949366923036675,0.9750379584575942,1,True
car,ga,22,0.9,0.9949366923036675,0.8954430230733008,7,True
car,ga,22,0.95,0.9949366923036675,0.9451898576884842,13,True
car,ga,22,0.98,0.9949366923036675,0.9750379584575942,13,True
car,ga,23,0.9,0.9949366923036675,0.8954430230733008,1,True
car,ga,23,0.95,0.9949366923036675,0.9451898576884842,1,True
car,ga,23,0.98,0.9949366923036675,0.9750379584575942,1,True
car,ga,24,0.9,0.9949366923036675,0.8954430230733008,1,True
car,ga,24,0.95,0.9949366923036675,0.9451898576884842,2,True
car,ga,24,0.98,0.9949366923036675,0.9750379584575942,2,True
car,ga,25,0.9,0.9949366923036675,0.8954430230733008,12,True
car,ga,25,0.95,0.9949366923036675,0.9451898576884842,12,True
car,ga,25,0.98,0.9949366923036675,0.9750379584575942,12,True
car,ga,26,0.9,0.9949366923036675,0.8954430230733008,1,True
car,ga,26,0.95,0.9949366923036675,0.9451898576884842,3,True
car,ga,26,0.98,0.9949366923036675,0.9750379584575942,3,True
car,ga,27,0.9,0.9949366923036675,0.8954430230733008,1,True
car,ga,27,0.95,0.9949366923036675,0.9451898576884842,1,True
car,ga,27,0.98,0.9949366923036675,0.9750379584575942,1,True
car,ga,28,0.9,0.9949366923036675,0.8954430230733008,2,True
car,ga,28,0.95,0.9949366923036675,0.9451898576884842,8,True
car,ga,28,0.98,0.9949366923036675,0.9750379584575942,8,True
car,ga,29,0.9,0.9949366923036675,0.8954430230733008,2,True
car,ga,29,0.95,0.9949366923036675,0.9451898576884842,6,True
car,ga,29,0.98,0.9949366923036675,0.9750379584575942,6,True
car,grid,0,0.9,0.9949366923036675,0.8954430230733008,1,True
car,grid,0,0.95,0.9949366923036675,0.9451898576884842,2,True
car,grid,0,0.98,0.9949366923036675,0.9750379584575942,4,True
car,grid,1,0.9,0.9949366923036675,0.8954430230733008,1,True
car,grid,1,0.95,0.9949366923036675,0.9451898576884842,2,True
car,grid,1,0.98,0.9949366923036675,0.9750379584575942,2,True
car,grid,2,0.9,0.9949366923036675,0.8954430230733008,1,True
car,grid,2,0.95,0.9949366923036675,0.9451898576884842,1,True
car,grid,2,0.98,0.9949366923036675,0.9750379584575942,1,True
car,grid,3,0.9,0.9949366923036675,0.8954430230733008,1,True
car,grid,3,0.95,0.9949366923036675,0.9451898576884842,1,True
car,grid,3,0.98,0.9949366923036675,0.9750379584575942,1,True
car,grid,4,0.9,0.9949366923036675,0.8954430230733008,3,True
car,grid,4,0.95,0.9949366923036675,0.9451898576884842,3,True
car,grid,4,0.98,0.9949366923036675,0.9750379584575942,3,True
car,grid,5,0.9,0.9949366923036675,0.8954430230733008,1,True
car,grid,5,0.95,0.9949366923036675,0.9451898576884842,1,True
car,grid,5,0.98,0.9949366923036675,0.9750379584575942,5,True
car,grid,6,0.9,0.9949366923036675,0.8954430230733008,2,True
car,grid,6,0.95,0.9949366923036675,0.9451898576884842,2,True
car,grid,6,0.98,0.9949366923036675,0.9750379584575942,4,True
car,grid,7,0.9,0.9949366923036675,0.8954430230733008,2,True
car,grid,7,0.95,0.9949366923036675,0.9451898576884842,4,True
car,grid,7,0.98,0.9949366923036675,0.9750379584575942,7,True
car,grid,8,0.9,0.9949366923036675,0.8954430230733008,4,True
car,grid,8,0.95,0.9949366923036675,0.9451898576884842,4,True
car,grid,8,0.98,0.9949366923036675,0.9750379584575942,5,True
car,grid,9,0.9,0.9949366923036675,0.8954430230733008,1,True
car,grid,9,0.95,0.9949366923036675,0.9451898576884842,1,True
car,grid,9,0.98,0.9949366923036675,0.9750379584575942,1,True
car,grid,10,0.9,0.9949366923036675,0.8954430230733008,3,True
car,grid,10,0.95,0.9949366923036675,0.9451898576884842,5,True
car,grid,10,0.98,0.9949366923036675,0.9750379584575942,15,True
car,grid,11,0.9,0.9949366923036675,0.8954430230733008,1,True
car,grid,11,0.95,0.9949366923036675,0.9451898576884842,1,True
car,grid,11,0.98,0.9949366923036675,0.9750379584575942,13,True
car,grid,12,0.9,0.9949366923036675,0.8954430230733008,3,True
car,grid,12,0.95,0.9949366923036675,0.9451898576884842,3,True
car,grid,12,0.98,0.9949366923036675,0.9750379584575942,3,True
car,grid,13,0.9,0.9949366923036675,0.8954430230733008,2,True
car,grid,13,0.95,0.9949366923036675,0.9451898576884842,3,True
car,grid,13,0.98,0.9949366923036675,0.9750379584575942,3,True
car,grid,14,0.9,0.9949366923036675,0.8954430230733008,3,True
car,grid,14,0.95,0.9949366923036675,0.9451898576884842,3,True
car,grid,14,0.98,0.9949366923036675,0.9750379584575942,3,True
car,grid,15,0.9,0.9949366923036675,0.8954430230733008,1,True
car,grid,15,0.95,0.9949366923036675,0.9451898576884842,1,True
car,grid,15,0.98,0.9949366923036675,0.9750379584575942,1,True
car,grid,16,0.9,0.9949366923036675,0.8954430230733008,2,True
car,grid,16,0.95,0.9949366923036675,0.9451898576884842,7,True
car,grid,16,0.98,0.9949366923036675,0.9750379584575942,7,True
car,grid,17,0.9,0.9949366923036675,0.8954430230733008,1,True
car,grid,17,0.95,0.9949366923036675,0.9451898576884842,5,True
car,grid,17,0.98,0.9949366923036675,0.9750379584575942,5,True
car,grid,18,0.9,0.9949366923036675,0.8954430230733008,1,True
car,grid,18,0.95,0.9949366923036675,0.9451898576884842,1,True
car,grid,18,0.98,0.9949366923036675,0.9750379584575942,4,True
car,grid,19,0.9,0.9949366923036675,0.8954430230733008,1,True
car,grid,19,0.95,0.9949366923036675,0.9451898576884842,1,True
car,grid,19,0.98,0.9949366923036675,0.9750379584575942,1,True
car,grid,20,0.9,0.9949366923036675,0.8954430230733008,1,True
car,grid,20,0.95,0.9949366923036675,0.9451898576884842,2,True
car,grid,20,0.98,0.9949366923036675,0.9750379584575942,2,True
car,grid,21,0.9,0.9949366923036675,0.8954430230733008,2,True
car,grid,21,0.95,0.9949366923036675,0.9451898576884842,3,True
car,grid,21,0.98,0.9949366923036675,0.9750379584575942,3,True
car,grid,22,0.9,0.9949366923036675,0.8954430230733008,3,True
car,grid,22,0.95,0.9949366923036675,0.9451898576884842,3,True
car,grid,22,0.98,0.9949366923036675,0.9750379584575942,3,True
car,grid,23,0.9,0.9949366923036675,0.8954430230733008,1,True
car,grid,23,0.95,0.9949366923036675,0.9451898576884842,3,True
car,grid,23,0.98,0.9949366923036675,0.9750379584575942,3,True
car,grid,24,0.9,0.9949366923036675,0.8954430230733008,1,True
car,grid,24,0.95,0.9949366923036675,0.9451898576884842,4,True
car,grid,24,0.98,0.9949366923036675,0.9750379584575942,4,True
car,grid,25,0.9,0.9949366923036675,0.8954430230733008,4,True
car,grid,25,0.95,0.9949366923036675,0.9451898576884842,4,True
car,grid,25,0.98,0.9949366923036675,0.9750379584575942,4,True
car,grid,26,0.9,0.9949366923036675,0.8954430230733008,3,True
car,grid,26,0.95,0.9949366923036675,0.9451898576884842,3,True
car,grid,26,0.98,0.9949366923036675,0.9750379584575942,3,True
car,grid,27,0.9,0.9949366923036675,0.8954430230733008,3,True
car,grid,27,0.95,0.9949366923036675,0.9451898576884842,6,True
car,grid,27,0.98,0.9949366923036675,0.9750379584575942,6,True
car,grid,28,0.9,0.9949366923036675,0.8954430230733008,4,True
car,grid,28,0.95,0.9949366923036675,0.9451898576884842,4,True
car,grid,28,0.98,0.9949366923036675,0.9750379584575942,4,True
car,grid,29,0.9,0.9949366923036675,0.8954430230733008,1,True
car,grid,29,0.95,0.9949366923036675,0.9451898576884842,1,True
car,grid,29,0.98,0.9949366923036675,0.9750379584575942,1,True
car,pso,0,0.9,0.9949366923036675,0.8954430230733008,1,True
car,pso,0,0.95,0.9949366923036675,0.9451898576884842,10,True
car,pso,0,0.98,0.9949366923036675,0.9750379584575942,10,True
car,pso,1,0.9,0.9949366923036675,0.8954430230733008,5,True
car,pso,1,0.95,0.9949366923036675,0.9451898576884842,5,True
car,pso,1,0.98,0.9949366923036675,0.9750379584575942,5,True
car,pso,2,0.9,0.9949366923036675,0.8954430230733008,1,True
car,pso,2,0.95,0.9949366923036675,0.9451898576884842,1,True
car,pso,2,0.98,0.9949366923036675,0.9750379584575942,1,True
car,pso,3,0.9,0.9949366923036675,0.8954430230733008,2,True
car,pso,3,0.95,0.9949366923036675,0.9451898576884842,5,True
car,pso,3,0.98,0.9949366923036675,0.9750379584575942,5,True
car,pso,4,0.9,0.9949366923036675,0.8954430230733008,1,True
car,pso,4,0.95,0.9949366923036675,0.9451898576884842,1,True
car,pso,4,0.98,0.9949366923036675,0.9750379584575942,1,True
car,pso,5,0.9,0.9949366923036675,0.8954430230733008,1,True
car,pso,5,0.95,0.9949366923036675,0.9451898576884842,1,True
car,pso,5,0.98,0.9949366923036675,0.9750379584575942,1,True
car,pso,6,0.9,0.9949366923036675,0.8954430230733008,1,True
car,pso,6,0.95,0.9949366923036675,0.9451898576884842,1,True
car,pso,6,0.98,0.9949366923036675,0.9750379584575942,1,True
car,pso,7,0.9,0.9949366923036675,0.8954430230733008,1,True
car,pso,7,0.95,0.9949366923036675,0.9451898576884842,1,True
car,pso,7,0.98,0.9949366923036675,0.9750379584575942,3,True
car,pso,8,0.9,0.9949366923036675,0.8954430230733008,1,True
car,pso,8,0.95,0.9949366923036675,0.9451898576884842,3,True
car,pso,8,0.98,0.9949366923036675,0.9750379584575942,3,True
car,pso,9,0.9,0.9949366923036675,0.8954430230733008,3,True
car,pso,9,0.95,0.9949366923036675,0.9451898576884842,3,True
car,pso,9,0.98,0.9949366923036675,0.9750379584575942,3,True
car,pso,10,0.9,0.9949366923036675,0.8954430230733008,2,True
car,pso,10,0.95,0.9949366923036675,0.9451898576884842,3,True
car,pso,10,0.98,0.9949366923036675,0.9750379584575942,8,True
car,pso,11,0.9,0.9949366923036675,0.8954430230733008,2,True
car,pso,11,0.95,0.9949366923036675,0.9451898576884842,2,True
car,pso,11,0.98,0.9949366923036675,0.9750379584575942,2,True
car,pso,12,0.9,0.9949366923036675,0.8954430230733008,2,True
car,pso,12,0.95,0.9949366923036675,0.9451898576884842,4,True
car,pso,12,0.98,0.9949366923036675,0.9750379584575942,8,True
car,pso,13,0.9,0.9949366923036675,0.8954430230733008,1,True
car,pso,13,0.95,0.9949366923036675,0.9451898576884842,1,True
car,pso,13,0.98,0.9949366923036675,0.9750379584575942,1,True
car,pso,14,0.9,0.9949366923036675,0.8954430230733008,1,True
car,pso,14,0.95,0.9949366923036675,0.9451898576884842,1,True
car,pso,14,0.98,0.9949366923036675,0.9750379584575942,1,True
car,pso,15,0.9,0.9949366923036675,0.8954430230733008,8,True
car,pso,15,0.95,0.9949366923036675,0.9451898576884842,8,True
car,pso,15,0.98,0.9949366923036675,0.9750379584575942,11,True
car,pso,16,0.9,0.9949366923036675,0.8954430230733008,3,True
car,pso,16,0.95,0.9949366923036675,0.9451898576884842,10,True
car,pso,16,0.98,0.9949366923036675,0.9750379584575942,11,True
car,pso,17,0.9,0.9949366923036675,0.8954430230733008,5,True
car,pso,17,0.95,0.9949366923036675,0.9451898576884842,5,True
car,pso,17,0.98,0.9949366923036675,0.9750379584575942,5,True
car,pso,18,0.9,0.9949366923036675,0.8954430230733008,2,True
car,pso,18,0.95,0.9949366923036675,0.9451898576884842,2,True
car,pso,18,0.98,0.9949366923036675,0.9750379584575942,3,True
car,pso,19,0.9,0.9949366923036675,0.8954430230733008,2,True
car,pso,19,0.95,0.9949366923036675,0.9451898576884842,2,True
car,pso,19,0.98,0.9949366923036675,0.9750379584575942,2,True
car,pso,20,0.9,0.9949366923036675,0.8954430230733008,1,True
car,pso,20,0.95,0.9949366923036675,0.9451898576884842,7,True
car,pso,20,0.98,0.9949366923036675,0.9750379584575942,12,True
car,pso,21,0.9,0.9949366923036675,0.8954430230733008,1,True
car,pso,21,0.95,0.9949366923036675,0.9451898576884842,1,True
car,pso,21,0.98,0.9949366923036675,0.9750379584575942,1,True
car,pso,22,0.9,0.9949366923036675,0.8954430230733008,1,True
car,pso,22,0.95,0.9949366923036675,0.9451898576884842,1,True
car,pso,22,0.98,0.9949366923036675,0.9750379584575942,1,True
car,pso,23,0.9,0.9949366923036675,0.8954430230733008,5,True
car,pso,23,0.95,0.9949366923036675,0.9451898576884842,6,True
car,pso,23,0.98,0.9949366923036675,0.9750379584575942,6,True
car,pso,24,0.9,0.9949366923036675,0.8954430230733008,2,True
car,pso,24,0.95,0.9949366923036675,0.9451898576884842,2,True
car,pso,24,0.98,0.9949366923036675,0.9750379584575942,2,True
car,pso,25,0.9,0.9949366923036675,0.8954430230733008,1,True
car,pso,25,0.95,0.9949366923036675,0.9451898576884842,2,True
car,pso,25,0.98,0.9949366923036675,0.9750379584575942,2,True
car,pso,26,0.9,0.9949366923036675,0.8954430230733008,1,True
car,pso,26,0.95,0.9949366923036675,0.9451898576884842,5,True
car,pso,26,0.98,0.9949366923036675,0.9750379584575942,5,True
car,pso,27,0.9,0.9949366923036675,0.8954430230733008,1,True
car,pso,27,0.95,0.9949366923036675,0.9451898576884842,1,True
car,pso,27,0.98,0.9949366923036675,0.9750379584575942,1,True
car,pso,28,0.9,0.9949366923036675,0.8954430230733008,7,True
car,pso,28,0.95,0.9949366923036675,0.9451898576884842,8,True
car,pso,28,0.98,0.9949366923036675,0.9750379584575942,8,True
car,pso,29,0.9,0.9949366923036675,0.8954430230733008,2,True
car,pso,29,0.95,0.9949366923036675,0.9451898576884842,5,True
car,pso,29,0.98,0.9949366923036675,0.9750379584575942,5,True
car,random,0,0.9,0.9949366923036675,0.8954430230733008,2,True
car,random,0,0.95,0.9949366923036675,0.9451898576884842,2,True
car,random,0,0.98,0.9949366923036675,0.9750379584575942,2,True
car,random,1,0.9,0.9949366923036675,0.8954430230733008,5,True
car,random,1,0.95,0.9949366923036675,0.9451898576884842,5,True
car,random,1,0.98,0.9949366923036675,0.9750379584575942,5,True
car,random,2,0.9,0.9949366923036675,0.8954430230733008,2,True
car,random,2,0.95,0.9949366923036675,0.9451898576884842,2,True
car,random,2,0.98,0.9949366923036675,0.9750379584575942,2,True
car,random,3,0.9,0.9949366923036675,0.8954430230733008,2,True
car,random,3,0.95,0.9949366923036675,0.9451898576884842,2,True
car,random,3,0.98,0.9949366923036675,0.9750379584575942,8,True
car,random,4,0.9,0.9949366923036675,0.8954430230733008,1,True
car,random,4,0.95,0.9949366923036675,0.9451898576884842,1,True
car,random,4,0.98,0.9949366923036675,0.9750379584575942,1,True
car,random,5,0.9,0.9949366923036675,0.8954430230733008,3,True
car,random,5,0.95,0.9949366923036675,0.9451898576884842,3,True
car,random,5,0.98,0.9949366923036675,0.9750379584575942,3,True
car,random,6,0.9,0.9949366923036675,0.8954430230733008,1,True
car,random,6,0.95,0.9949366923036675,0.9451898576884842,1,True
car,random,6,0.98,0.9949366923036675,0.9750379584575942,1,True
car,random,7,0.9,0.9949366923036675,0.8954430230733008,3,True
car,random,7,0.95,0.9949366923036675,0.9451898576884842,3,True
car,random,7,0.98,0.9949366923036675,0.9750379584575942,3,True
car,random,8,0.9,0.9949366923036675,0.8954430230733008,2,True
car,random,8,0.95,0.9949366923036675,0.9451898576884842,2,True
car,random,8,0.98,0.9949366923036675,0.9750379584575942,2,True
car,random,9,0.9,0.9949366923036675,0.8954430230733008,7,True
car,random,9,0.95,0.9949366923036675,0.9451898576884842,8,True
car,random,9,0.98,0.9949366923036675,0.9750379584575942,8,True
car,random,10,0.9,0.9949366923036675,0.8954430230733008,1,True
car,random,10,0.95,0.9949366923036675,0.9451898576884842,8,True
car,random,10,0.98,0.9949366923036675,0.9750379584575942,8,True
car,random,11,0.9,0.9949366923036675,0.8954430230733008,3,True
car,random,11,0.95,0.9949366923036675,0.9451898576884842,3,True
car,random,11,0.98,0.9949366923036675,0.9750379584575942,3,True
car,random,12,0.9,0.9949366923036675,0.8954430230733008,2,True
car,random,12,0.95,0.9949366923036675,0.9451898576884842,2,True
car,random,12,0.98,0.9949366923036675,0.9750379584575942,6,True
car,random,13,0.9,0.9949366923036675,0.8954430230733008,1,True
car,random,13,0.95,0.9949366923036675,0.9451898576884842,1,True
car,random,13,0.98,0.9949366923036675,0.9750379584575942,3,True
car,random,14,0.9,0.9949366923036675,0.8954430230733008,2,True
car,random,14,0.95,0.9949366923036675,0.9451898576884842,4,True
car,random,14,0.98,0.9949366923036675,0.9750379584575942,6,True
car,random,15,0.9,0.9949366923036675,0.8954430230733008,1,True
car,random,15,0.95,0.9949366923036675,0.9451898576884842,1,True
car,random,15,0.98,0.9949366923036675,0.9750379584575942,6,True
car,random,16,0.9,0.9949366923036675,0.8954430230733008,1,True
car,random,16,0.95,0.9949366923036675,0.9451898576884842,9,True
car,random,16,0.98,0.9949366923036675,0.9750379584575942,9,True
car,random,17,0.9,0.9949366923036675,0.8954430230733008,1,True
car,random,17,0.95,0.9949366923036675,0.9451898576884842,1,True
car,random,17,0.98,0.9949366923036675,0.9750379584575942,3,True
car,random,18,0.9,0.9949366923036675,0.8954430230733008,1,True
car,random,18,0.95,0.9949366923036675,0.9451898576884842,1,True
car,random,18,0.98,0.9949366923036675,0.9750379584575942,1,True
car,random,19,0.9,0.9949366923036675,0.8954430230733008,5,True
car,random,19,0.95,0.9949366923036675,0.9451898576884842,5,True
car,random,19,0.98,0.9949366923036675,0.9750379584575942,5,True
car,random,20,0.9,0.9949366923036675,0.8954430230733008,4,True
car,random,20,0.95,0.9949366923036675,0.9451898576884842,4,True
car,random,20,0.98,0.9949366923036675,0.9750379584575942,4,True
car,random,21,0.9,0.9949366923036675,0.8954430230733008,2,True
car,random,21,0.95,0.9949366923036675,0.9451898576884842,4,True
car,random,21,0.98,0.9949366923036675,0.9750379584575942,5,True
car,random,22,0.9,0.9949366923036675,0.8954430230733008,4,True
car,random,22,0.95,0.9949366923036675,0.9451898576884842,10,True
car,random,22,0.98,0.9949366923036675,0.9750379584575942,10,True
car,random,23,0.9,0.9949366923036675,0.8954430230733008,2,True
car,random,23,0.95,0.9949366923036675,0.9451898576884842,2,True
car,random,23,0.98,0.9949366923036675,0.9750379584575942,2,True
car,random,24,0.9,0.9949366923036675,0.8954430230733008,1,True
car,random,24,0.95,0.9949366923036675,0.9451898576884842,2,True
car,random,24,0.98,0.9949366923036675,0.9750379584575942,2,True
car,random,25,0.9,0.9949366923036675,0.8954430230733008,1,True
car,random,25,0.95,0.9949366923036675,0.9451898576884842,1,True
car,random,25,0.98,0.9949366923036675,0.9750379584575942,1,True
car,random,26,0.9,0.9949366923036675,0.8954430230733008,1,True
car,random,26,0.95,0.9949366923036675,0.9451898576884842,1,True
car,random,26,0.98,0.9949366923036675,0.9750379584575942,10,True
car,random,27,0.9,0.9949366923036675,0.8954430230733008,4,True
car,random,27,0.95,0.9949366923036675,0.9451898576884842,4,True
car,random,27,0.98,0.9949366923036675,0.9750379584575942,4,True
car,random,28,0.9,0.9949366923036675,0.8954430230733008,1,True
car,random,28,0.95,0.9949366923036675,0.9451898576884842,1,True
car,random,28,0.98,0.9949366923036675,0.9750379584575942,1,True
car,random,29,0.9,0.9949366923036675,0.8954430230733008,1,True
car,random,29,0.95,0.9949366923036675,0.9451898576884842,1,True
car,random,29,0.98,0.9949366923036675,0.9750379584575942,1,True
car,sa,0,0.9,0.9949366923036675,0.8954430230733008,8,True
car,sa,0,0.95,0.9949366923036675,0.9451898576884842,8,True
car,sa,0,0.98,0.9949366923036675,0.9750379584575942,8,True
car,sa,1,0.9,0.9949366923036675,0.8954430230733008,2,True
car,sa,1,0.95,0.9949366923036675,0.9451898576884842,2,True
car,sa,1,0.98,0.9949366923036675,0.9750379584575942,2,True
car,sa,2,0.9,0.9949366923036675,0.8954430230733008,24,True
car,sa,2,0.95,0.9949366923036675,0.9451898576884842,37,True
car,sa,2,0.98,0.9949366923036675,0.9750379584575942,41,True
car,sa,3,0.9,0.9949366923036675,0.8954430230733008,2,True
car,sa,3,0.95,0.9949366923036675,0.9451898576884842,2,True
car,sa,3,0.98,0.9949366923036675,0.9750379584575942,2,True
car,sa,4,0.9,0.9949366923036675,0.8954430230733008,1,True
car,sa,4,0.95,0.9949366923036675,0.9451898576884842,1,True
car,sa,4,0.98,0.9949366923036675,0.9750379584575942,1,True
car,sa,5,0.9,0.9949366923036675,0.8954430230733008,69,True
car,sa,5,0.95,0.9949366923036675,0.9451898576884842,69,True
car,sa,5,0.98,0.9949366923036675,0.9750379584575942,73,True
car,sa,6,0.9,0.9949366923036675,0.8954430230733008,1,True
car,sa,6,0.95,0.9949366923036675,0.9451898576884842,1,True
car,sa,6,0.98,0.9949366923036675,0.9750379584575942,1,True
car,sa,7,0.9,0.9949366923036675,0.8954430230733008,5,True
car,sa,7,0.95,0.9949366923036675,0.9451898576884842,6,True
car,sa,7,0.98,0.9949366923036675,0.9750379584575942,14,True
car,sa,8,0.9,0.9949366923036675,0.8954430230733008,20,True
car,sa,8,0.95,0.9949366923036675,0.9451898576884842,20,True
car,sa,8,0.98,0.9949366923036675,0.9750379584575942,20,True
car,sa,9,0.9,0.9949366923036675,0.8954430230733008,8,True
car,sa,9,0.95,0.9949366923036675,0.9451898576884842,8,True
car,sa,9,0.98,0.9949366923036675,0.9750379584575942,8,True
car,sa,10,0.9,0.9949366923036675,0.8954430230733008,1,True
car,sa,10,0.95,0.9949366923036675,0.9451898576884842,7,True
car,sa,10,0.98,0.9949366923036675,0.9750379584575942,8,True
car,sa,11,0.9,0.9949366923036675,0.8954430230733008,15,True
car,sa,11,0.95,0.9949366923036675,0.9451898576884842,23,True
car,sa,11,0.98,0.9949366923036675,0.9750379584575942,23,True
car,sa,12,0.9,0.9949366923036675,0.8954430230733008,4,True
car,sa,12,0.95,0.9949366923036675,0.9451898576884842,4,True
car,sa,12,0.98,0.9949366923036675,0.9750379584575942,6,True
car,sa,13,0.9,0.9949366923036675,0.8954430230733008,1,True
car,sa,13,0.95,0.9949366923036675,0.9451898576884842,1,True
car,sa,13,0.98,0.9949366923036675,0.9750379584575942,2,True
car,sa,14,0.9,0.9949366923036675,0.8954430230733008,24,True
car,sa,14,0.95,0.9949366923036675,0.9451898576884842,24,True
car,sa,14,0.98,0.9949366923036675,0.9750379584575942,24,True
car,sa,15,0.9,0.9949366923036675,0.8954430230733008,1,True
car,sa,15,0.95,0.9949366923036675,0.9451898576884842,1,True
car,sa,15,0.98,0.9949366923036675,0.9750379584575942,13,True
car,sa,16,0.9,0.9949366923036675,0.8954430230733008,1,True
car,sa,16,0.95,0.9949366923036675,0.9451898576884842,30,True
car,sa,16,0.98,0.9949366923036675,0.9750379584575942,30,True
car,sa,17,0.9,0.9949366923036675,0.8954430230733008,1,True
car,sa,17,0.95,0.9949366923036675,0.9451898576884842,1,True
car,sa,17,0.98,0.9949366923036675,0.9750379584575942,2,True
car,sa,18,0.9,0.9949366923036675,0.8954430230733008,1,True
car,sa,18,0.95,0.9949366923036675,0.9451898576884842,1,True
car,sa,18,0.98,0.9949366923036675,0.9750379584575942,1,True
car,sa,19,0.9,0.9949366923036675,0.8954430230733008,32,True
car,sa,19,0.95,0.9949366923036675,0.9451898576884842,41,True
car,sa,19,0.98,0.9949366923036675,0.9750379584575942,53,True
car,sa,20,0.9,0.9949366923036675,0.8954430230733008,2,True
car,sa,20,0.95,0.9949366923036675,0.9451898576884842,2,True
car,sa,20,0.98,0.9949366923036675,0.9750379584575942,2,True
car,sa,21,0.9,0.9949366923036675,0.8954430230733008,16,True
car,sa,21,0.95,0.9949366923036675,0.9451898576884842,31,True
car,sa,21,0.98,0.9949366923036675,0.9750379584575942,31,True
car,sa,22,0.9,0.9949366923036675,0.8954430230733008,2,True
car,sa,22,0.95,0.9949366923036675,0.9451898576884842,2,True
car,sa,22,0.98,0.9949366923036675,0.9750379584575942,15,True
car,sa,23,0.9,0.9949366923036675,0.8954430230733008,29,True
car,sa,23,0.95,0.9949366923036675,0.9451898576884842,32,True
car,sa,23,0.98,0.9949366923036675,0.9750379584575942,34,True
car,sa,24,0.9,0.9949366923036675,0.8954430230733008,1,True
car,sa,24,0.95,0.9949366923036675,0.9451898576884842,2,True
car,sa,24,0.98,0.9949366923036675,0.9750379584575942,2,True
car,sa,25,0.9,0.9949366923036675,0.8954430230733008,1,True
car,sa,25,0.95,0.9949366923036675,0.9451898576884842,1,True
car,sa,25,0.98,0.9949366923036675,0.9750379584575942,1,True
car,sa,26,0.9,0.9949366923036675,0.8954430230733008,1,True
car,sa,26,0.95,0.9949366923036675,0.9451898576884842,1,True
car,sa,26,0.98,0.9949366923036675,0.9750379584575942,2,True
car,sa,27,0.9,0.9949366923036675,0.8954430230733008,13,True
car,sa,27,0.95,0.9949366923036675,0.9451898576884842,13,True
car,sa,27,0.98,0.9949366923036675,0.9750379584575942,13,True
car,sa,28,0.9,0.9949366923036675,0.8954430230733008,1,True
car,sa,28,0.95,0.9949366923036675,0.9451898576884842,1,True
car,sa,28,0.98,0.9949366923036675,0.9750379584575942,1,True
car,sa,29,0.9,0.9949366923036675,0.8954430230733008,1,True
car,sa,29,0.95,0.9949366923036675,0.9451898576884842,1,True
car,sa,29,0.98,0.9949366923036675,0.9750379584575942,1,True
car,sh,0,0.9,0.9949366923036675,0.8954430230733008,10,True
car,sh,0,0.95,0.9949366923036675,0.9451898576884842,10,True
car,sh,0,0.98,0.9949366923036675,0.9750379584575942,10,True
car,sh,1,0.9,0.9949366923036675,0.8954430230733008,10,True
car,sh,1,0.95,0.9949366923036675,0.9451898576884842,10,True
car,sh,1,0.98,0.9949366923036675,0.9750379584575942,10,True
car,sh,2,0.9,0.9949366923036675,0.8954430230733008,10,True
car,sh,2,0.95,0.9949366923036675,0.9451898576884842,10,True
car,sh,2,0.98,0.9949366923036675,0.9750379584575942,10,True
car,sh,3,0.9,0.9949366923036675,0.8954430230733008,10,True
car,sh,3,0.95,0.9949366923036675,0.9451898576884842,10,True
car,sh,3,0.98,0.9949366923036675,0.9750379584575942,10,True
car,sh,4,0.9,0.9949366923036675,0.8954430230733008,10,True
car,sh,4,0.95,0.9949366923036675,0.9451898576884842,10,True
car,sh,4,0.98,0.9949366923036675,0.9750379584575942,10,True
car,sh,5,0.9,0.9949366923036675,0.8954430230733008,10,True
car,sh,5,0.95,0.9949366923036675,0.9451898576884842,10,True
car,sh,5,0.98,0.9949366923036675,0.9750379584575942,10,True
car,sh,6,0.9,0.9949366923036675,0.8954430230733008,10,True
car,sh,6,0.95,0.9949366923036675,0.9451898576884842,10,True
car,sh,6,0.98,0.9949366923036675,0.9750379584575942,10,True
car,sh,7,0.9,0.9949366923036675,0.8954430230733008,10,True
car,sh,7,0.95,0.9949366923036675,0.9451898576884842,10,True
car,sh,7,0.98,0.9949366923036675,0.9750379584575942,10,True
car,sh,8,0.9,0.9949366923036675,0.8954430230733008,10,True
car,sh,8,0.95,0.9949366923036675,0.9451898576884842,10,True
car,sh,8,0.98,0.9949366923036675,0.9750379584575942,10,True
car,sh,9,0.9,0.9949366923036675,0.8954430230733008,10,True
car,sh,9,0.95,0.9949366923036675,0.9451898576884842,10,True
car,sh,9,0.98,0.9949366923036675,0.9750379584575942,10,True
car,sh,10,0.9,0.9949366923036675,0.8954430230733008,10,True
car,sh,10,0.95,0.9949366923036675,0.9451898576884842,10,True
car,sh,10,0.98,0.9949366923036675,0.9750379584575942,10,True
car,sh,11,0.9,0.9949366923036675,0.8954430230733008,10,True
car,sh,11,0.95,0.9949366923036675,0.9451898576884842,10,True
car,sh,11,0.98,0.9949366923036675,0.9750379584575942,10,True
car,sh,12,0.9,0.9949366923036675,0.8954430230733008,10,True
car,sh,12,0.95,0.9949366923036675,0.9451898576884842,10,True
car,sh,12,0.98,0.9949366923036675,0.9750379584575942,10,True
car,sh,13,0.9,0.9949366923036675,0.8954430230733008,10,True
car,sh,13,0.95,0.9949366923036675,0.9451898576884842,10,True
car,sh,13,0.98,0.9949366923036675,0.9750379584575942,10,True
car,sh,14,0.9,0.9949366923036675,0.8954430230733008,10,True
car,sh,14,0.95,0.9949366923036675,0.9451898576884842,10,True
car,sh,14,0.98,0.9949366923036675,0.9750379584575942,10,True
car,sh,15,0.9,0.9949366923036675,0.8954430230733008,10,True
car,sh,15,0.95,0.9949366923036675,0.9451898576884842,10,True
car,sh,15,0.98,0.9949366923036675,0.9750379584575942,10,True
car,sh,16,0.9,0.9949366923036675,0.8954430230733008,10,True
car,sh,16,0.95,0.9949366923036675,0.9451898576884842,10,True
car,sh,16,0.98,0.9949366923036675,0.9750379584575942,10,True
car,sh,17,0.9,0.9949366923036675,0.8954430230733008,10,True
car,sh,17,0.95,0.9949366923036675,0.9451898576884842,10,True
car,sh,17,0.98,0.9949366923036675,0.9750379584575942,10,True
car,sh,18,0.9,0.9949366923036675,0.8954430230733008,10,True
car,sh,18,0.95,0.9949366923036675,0.9451898576884842,10,True
car,sh,18,0.98,0.9949366923036675,0.9750379584575942,10,True
car,sh,19,0.9,0.9949366923036675,0.8954430230733008,10,True
car,sh,19,0.95,0.9949366923036675,0.9451898576884842,10,True
car,sh,19,0.98,0.9949366923036675,0.9750379584575942,10,True
car,sh,20,0.9,0.9949366923036675,0.8954430230733008,10,True
car,sh,20,0.95,0.9949366923036675,0.9451898576884842,10,True
car,sh,20,0.98,0.9949366923036675,0.9750379584575942,10,True
car,sh,21,0.9,0.9949366923036675,0.8954430230733008,10,True
car,sh,21,0.95,0.9949366923036675,0.9451898576884842,10,True
car,sh,21,0.98,0.9949366923036675,0.9750379584575942,10,True
car,sh,22,0.9,0.9949366923036675,0.8954430230733008,10,True
car,sh,22,0.95,0.9949366923036675,0.9451898576884842,10,True
car,sh,22,0.98,0.9949366923036675,0.9750379584575942,10,True
car,sh,23,0.9,0.9949366923036675,0.8954430230733008,10,True
car,sh,23,0.95,0.9949366923036675,0.9451898576884842,10,True
car,sh,23,0.98,0.9949366923036675,0.9750379584575942,10,True
car,sh,24,0.9,0.9949366923036675,0.8954430230733008,10,True
car,sh,24,0.95,0.9949366923036675,0.9451898576884842,10,True
car,sh,24,0.98,0.9949366923036675,0.9750379584575942,10,True
car,sh,25,0.9,0.9949366923036675,0.8954430230733008,10,True
car,sh,25,0.95,0.9949366923036675,0.9451898576884842,10,True
car,sh,25,0.98,0.9949366923036675,0.9750379584575942,10,True
car,sh,26,0.9,0.9949366923036675,0.8954430230733008,10,True
car,sh,26,0.95,0.9949366923036675,0.9451898576884842,10,True
car,sh,26,0.98,0.9949366923036675,0.9750379584575942,10,True
car,sh,27,0.9,0.9949366923036675,0.8954430230733008,10,True
car,sh,27,0.95,0.9949366923036675,0.9451898576884842,10,True
car,sh,27,0.98,0.9949366923036675,0.9750379584575942,10,True
car,sh,28,0.9,0.9949366923036675,0.8954430230733008,10,True
car,sh,28,0.95,0.9949366923036675,0.9451898576884842,10,True
car,sh,28,0.98,0.9949366923036675,0.9750379584575942,10,True
car,sh,29,0.9,0.9949366923036675,0.8954430230733008,10,True
car,sh,29,0.95,0.9949366923036675,0.9451898576884842,10,True
car,sh,29,0.98,0.9949366923036675,0.9750379584575942,10,True
diabetes,bo_tpe,0,0.9,0.7784886045581767,0.7006397441023591,2,True
diabetes,bo_tpe,0,0.95,0.7784886045581767,0.7395641743302678,2,True
diabetes,bo_tpe,0,0.98,0.7784886045581767,0.7629188324670132,19,True
diabetes,bo_tpe,1,0.9,0.7784886045581767,0.7006397441023591,1,True
diabetes,bo_tpe,1,0.95,0.7784886045581767,0.7395641743302678,5,True
diabetes,bo_tpe,1,0.98,0.7784886045581767,0.7629188324670132,5,True
diabetes,bo_tpe,2,0.9,0.7784886045581767,0.7006397441023591,2,True
diabetes,bo_tpe,2,0.95,0.7784886045581767,0.7395641743302678,2,True
diabetes,bo_tpe,2,0.98,0.7784886045581767,0.7629188324670132,101,False
diabetes,bo_tpe,3,0.9,0.7784886045581767,0.7006397441023591,1,True
diabetes,bo_tpe,3,0.95,0.7784886045581767,0.7395641743302678,2,True
diabetes,bo_tpe,3,0.98,0.7784886045581767,0.7629188324670132,2,True
diabetes,bo_tpe,4,0.9,0.7784886045581767,0.7006397441023591,3,True
diabetes,bo_tpe,4,0.95,0.7784886045581767,0.7395641743302678,3,True
diabetes,bo_tpe,4,0.98,0.7784886045581767,0.7629188324670132,3,True
diabetes,bo_tpe,5,0.9,0.7784886045581767,0.7006397441023591,3,True
diabetes,bo_tpe,5,0.95,0.7784886045581767,0.7395641743302678,7,True
diabetes,bo_tpe,5,0.98,0.7784886045581767,0.7629188324670132,9,True
diabetes,bo_tpe,6,0.9,0.7784886045581767,0.7006397441023591,1,True
diabetes,bo_tpe,6,0.95,0.7784886045581767,0.7395641743302678,1,True
diabetes,bo_tpe,6,0.98,0.7784886045581767,0.7629188324670132,2,True
diabetes,bo_tpe,7,0.9,0.7784886045581767,0.7006397441023591,2,True
diabetes,bo_tpe,7,0.95,0.7784886045581767,0.7395641743302678,4,True
diabetes,bo_tpe,7,0.98,0.7784886045581767,0.7629188324670132,5,True
diabetes,bo_tpe,8,0.9,0.7784886045581767,0.7006397441023591,2,True
diabetes,bo_tpe,8,0.95,0.7784886045581767,0.7395641743302678,4,True
diabetes,bo_tpe,8,0.98,0.7784886045581767,0.7629188324670132,4,True
diabetes,bo_tpe,9,0.9,0.7784886045581767,0.7006397441023591,2,True
diabetes,bo_tpe,9,0.95,0.7784886045581767,0.7395641743302678,2,True
diabetes,bo_tpe,9,0.98,0.7784886045581767,0.7629188324670132,2,True
diabetes,bo_tpe,10,0.9,0.7784886045581767,0.7006397441023591,1,True
diabetes,bo_tpe,10,0.95,0.7784886045581767,0.7395641743302678,1,True
diabetes,bo_tpe,10,0.98,0.7784886045581767,0.7629188324670132,1,True
diabetes,bo_tpe,11,0.9,0.7784886045581767,0.7006397441023591,3,True
diabetes,bo_tpe,11,0.95,0.7784886045581767,0.7395641743302678,3,True
diabetes,bo_tpe,11,0.98,0.7784886045581767,0.7629188324670132,6,True
diabetes,bo_tpe,12,0.9,0.7784886045581767,0.7006397441023591,1,True
diabetes,bo_tpe,12,0.95,0.7784886045581767,0.7395641743302678,2,True
diabetes,bo_tpe,12,0.98,0.7784886045581767,0.7629188324670132,2,True
diabetes,bo_tpe,13,0.9,0.7784886045581767,0.7006397441023591,1,True
diabetes,bo_tpe,13,0.95,0.7784886045581767,0.7395641743302678,1,True
diabetes,bo_tpe,13,0.98,0.7784886045581767,0.7629188324670132,1,True
diabetes,bo_tpe,14,0.9,0.7784886045581767,0.7006397441023591,2,True
diabetes,bo_tpe,14,0.95,0.7784886045581767,0.7395641743302678,2,True
diabetes,bo_tpe,14,0.98,0.7784886045581767,0.7629188324670132,4,True
diabetes,bo_tpe,15,0.9,0.7784886045581767,0.7006397441023591,1,True
diabetes,bo_tpe,15,0.95,0.7784886045581767,0.7395641743302678,1,True
diabetes,bo_tpe,15,0.98,0.7784886045581767,0.7629188324670132,69,True
diabetes,bo_tpe,16,0.9,0.7784886045581767,0.7006397441023591,1,True
diabetes,bo_tpe,16,0.95,0.7784886045581767,0.7395641743302678,1,True
diabetes,bo_tpe,16,0.98,0.7784886045581767,0.7629188324670132,1,True
diabetes,bo_tpe,17,0.9,0.7784886045581767,0.7006397441023591,1,True
diabetes,bo_tpe,17,0.95,0.7784886045581767,0.7395641743302678,1,True
diabetes,bo_tpe,17,0.98,0.7784886045581767,0.7629188324670132,31,True
diabetes,bo_tpe,18,0.9,0.7784886045581767,0.7006397441023591,1,True
diabetes,bo_tpe,18,0.95,0.7784886045581767,0.7395641743302678,1,True
diabetes,bo_tpe,18,0.98,0.7784886045581767,0.7629188324670132,13,True
diabetes,bo_tpe,19,0.9,0.7784886045581767,0.7006397441023591,6,True
diabetes,bo_tpe,19,0.95,0.7784886045581767,0.7395641743302678,6,True
diabetes,bo_tpe,19,0.98,0.7784886045581767,0.7629188324670132,6,True
diabetes,bo_tpe,20,0.9,0.7784886045581767,0.7006397441023591,4,True
diabetes,bo_tpe,20,0.95,0.7784886045581767,0.7395641743302678,4,True
diabetes,bo_tpe,20,0.98,0.7784886045581767,0.7629188324670132,5,True
diabetes,bo_tpe,21,0.9,0.7784886045581767,0.7006397441023591,2,True
diabetes,bo_tpe,21,0.95,0.7784886045581767,0.7395641743302678,2,True
diabetes,bo_tpe,21,0.98,0.7784886045581767,0.7629188324670132,2,True
diabetes,bo_tpe,22,0.9,0.7784886045581767,0.7006397441023591,1,True
diabetes,bo_tpe,22,0.95,0.7784886045581767,0.7395641743302678,1,True
diabetes,bo_tpe,22,0.98,0.7784886045581767,0.7629188324670132,1,True
diabetes,bo_tpe,23,0.9,0.7784886045581767,0.7006397441023591,2,True
diabetes,bo_tpe,23,0.95,0.7784886045581767,0.7395641743302678,2,True
diabetes,bo_tpe,23,0.98,0.7784886045581767,0.7629188324670132,2,True
diabetes,bo_tpe,24,0.9,0.7784886045581767,0.7006397441023591,2,True
diabetes,bo_tpe,24,0.95,0.7784886045581767,0.7395641743302678,2,True
diabetes,bo_tpe,24,0.98,0.7784886045581767,0.7629188324670132,13,True
diabetes,bo_tpe,25,0.9,0.7784886045581767,0.7006397441023591,4,True
diabetes,bo_tpe,25,0.95,0.7784886045581767,0.7395641743302678,5,True
diabetes,bo_tpe,25,0.98,0.7784886045581767,0.7629188324670132,8,True
diabetes,bo_tpe,26,0.9,0.7784886045581767,0.7006397441023591,1,True
diabetes,bo_tpe,26,0.95,0.7784886045581767,0.7395641743302678,1,True
diabetes,bo_tpe,26,0.98,0.7784886045581767,0.7629188324670132,1,True
diabetes,bo_tpe,27,0.9,0.7784886045581767,0.7006397441023591,4,True
diabetes,bo_tpe,27,0.95,0.7784886045581767,0.7395641743302678,4,True
diabetes,bo_tpe,27,0.98,0.7784886045581767,0.7629188324670132,4,True
diabetes,bo_tpe,28,0.9,0.7784886045581767,0.7006397441023591,1,True
diabetes,bo_tpe,28,0.95,0.7784886045581767,0.7395641743302678,10,True
diabetes,bo_tpe,28,0.98,0.7784886045581767,0.7629188324670132,19,True
diabetes,bo_tpe,29,0.9,0.7784886045581767,0.7006397441023591,1,True
diabetes,bo_tpe,29,0.95,0.7784886045581767,0.7395641743302678,1,True
diabetes,bo_tpe,29,0.98,0.7784886045581767,0.7629188324670132,1,True
diabetes,cuckoo,0,0.9,0.7784886045581767,0.7006397441023591,2,True
diabetes,cuckoo,0,0.95,0.7784886045581767,0.7395641743302678,2,True
diabetes,cuckoo,0,0.98,0.7784886045581767,0.7629188324670132,101,False
diabetes,cuckoo,1,0.9,0.7784886045581767,0.7006397441023591,1,True
diabetes,cuckoo,1,0.95,0.7784886045581767,0.7395641743302678,5,True
diabetes,cuckoo,1,0.98,0.7784886045581767,0.7629188324670132,5,True
diabetes,cuckoo,2,0.9,0.7784886045581767,0.7006397441023591,2,True
diabetes,cuckoo,2,0.95,0.7784886045581767,0.7395641743302678,2,True
diabetes,cuckoo,2,0.98,0.7784886045581767,0.7629188324670132,101,False
diabetes,cuckoo,3,0.9,0.7784886045581767,0.7006397441023591,1,True
diabetes,cuckoo,3,0.95,0.7784886045581767,0.7395641743302678,2,True
diabetes,cuckoo,3,0.98,0.7784886045581767,0.7629188324670132,2,True
diabetes,cuckoo,4,0.9,0.7784886045581767,0.7006397441023591,3,True
diabetes,cuckoo,4,0.95,0.7784886045581767,0.7395641743302678,3,True
diabetes,cuckoo,4,0.98,0.7784886045581767,0.7629188324670132,3,True
diabetes,cuckoo,5,0.9,0.7784886045581767,0.7006397441023591,3,True
diabetes,cuckoo,5,0.95,0.7784886045581767,0.7395641743302678,7,True
diabetes,cuckoo,5,0.98,0.7784886045581767,0.7629188324670132,9,True
diabetes,cuckoo,6,0.9,0.7784886045581767,0.7006397441023591,1,True
diabetes,cuckoo,6,0.95,0.7784886045581767,0.7395641743302678,1,True
diabetes,cuckoo,6,0.98,0.7784886045581767,0.7629188324670132,2,True
diabetes,cuckoo,7,0.9,0.7784886045581767,0.7006397441023591,2,True
diabetes,cuckoo,7,0.95,0.7784886045581767,0.7395641743302678,4,True
diabetes,cuckoo,7,0.98,0.7784886045581767,0.7629188324670132,5,True
diabetes,cuckoo,8,0.9,0.7784886045581767,0.7006397441023591,2,True
diabetes,cuckoo,8,0.95,0.7784886045581767,0.7395641743302678,4,True
diabetes,cuckoo,8,0.98,0.7784886045581767,0.7629188324670132,4,True
diabetes,cuckoo,9,0.9,0.7784886045581767,0.7006397441023591,2,True
diabetes,cuckoo,9,0.95,0.7784886045581767,0.7395641743302678,2,True
diabetes,cuckoo,9,0.98,0.7784886045581767,0.7629188324670132,2,True
diabetes,cuckoo,10,0.9,0.7784886045581767,0.7006397441023591,1,True
diabetes,cuckoo,10,0.95,0.7784886045581767,0.7395641743302678,1,True
diabetes,cuckoo,10,0.98,0.7784886045581767,0.7629188324670132,1,True
diabetes,cuckoo,11,0.9,0.7784886045581767,0.7006397441023591,3,True
diabetes,cuckoo,11,0.95,0.7784886045581767,0.7395641743302678,3,True
diabetes,cuckoo,11,0.98,0.7784886045581767,0.7629188324670132,6,True
diabetes,cuckoo,12,0.9,0.7784886045581767,0.7006397441023591,1,True
diabetes,cuckoo,12,0.95,0.7784886045581767,0.7395641743302678,2,True
diabetes,cuckoo,12,0.98,0.7784886045581767,0.7629188324670132,2,True
diabetes,cuckoo,13,0.9,0.7784886045581767,0.7006397441023591,1,True
diabetes,cuckoo,13,0.95,0.7784886045581767,0.7395641743302678,1,True
diabetes,cuckoo,13,0.98,0.7784886045581767,0.7629188324670132,1,True
diabetes,cuckoo,14,0.9,0.7784886045581767,0.7006397441023591,2,True
diabetes,cuckoo,14,0.95,0.7784886045581767,0.7395641743302678,2,True
diabetes,cuckoo,14,0.98,0.7784886045581767,0.7629188324670132,4,True
diabetes,cuckoo,15,0.9,0.7784886045581767,0.7006397441023591,1,True
diabetes,cuckoo,15,0.95,0.7784886045581767,0.7395641743302678,1,True
diabetes,cuckoo,15,0.98,0.7784886045581767,0.7629188324670132,51,True
diabetes,cuckoo,16,0.9,0.7784886045581767,0.7006397441023591,1,True
diabetes,cuckoo,16,0.95,0.7784886045581767,0.7395641743302678,1,True
diabetes,cuckoo,16,0.98,0.7784886045581767,0.7629188324670132,1,True
diabetes,cuckoo,17,0.9,0.7784886045581767,0.7006397441023591,1,True
diabetes,cuckoo,17,0.95,0.7784886045581767,0.7395641743302678,1,True
diabetes,cuckoo,17,0.98,0.7784886045581767,0.7629188324670132,21,True
diabetes,cuckoo,18,0.9,0.7784886045581767,0.7006397441023591,1,True
diabetes,cuckoo,18,0.95,0.7784886045581767,0.7395641743302678,1,True
diabetes,cuckoo,18,0.98,0.7784886045581767,0.7629188324670132,86,True
diabetes,cuckoo,19,0.9,0.7784886045581767,0.7006397441023591,6,True
diabetes,cuckoo,19,0.95,0.7784886045581767,0.7395641743302678,6,True
diabetes,cuckoo,19,0.98,0.7784886045581767,0.7629188324670132,6,True
diabetes,cuckoo,20,0.9,0.7784886045581767,0.7006397441023591,4,True
diabetes,cuckoo,20,0.95,0.7784886045581767,0.7395641743302678,4,True
diabetes,cuckoo,20,0.98,0.7784886045581767,0.7629188324670132,5,True
diabetes,cuckoo,21,0.9,0.7784886045581767,0.7006397441023591,2,True
diabetes,cuckoo,21,0.95,0.7784886045581767,0.7395641743302678,2,True
diabetes,cuckoo,21,0.98,0.7784886045581767,0.7629188324670132,2,True
diabetes,cuckoo,22,0.9,0.7784886045581767,0.7006397441023591,1,True
diabetes,cuckoo,22,0.95,0.7784886045581767,0.7395641743302678,1,True
diabetes,cuckoo,22,0.98,0.7784886045581767,0.7629188324670132,1,True
diabetes,cuckoo,23,0.9,0.7784886045581767,0.7006397441023591,2,True
diabetes,cuckoo,23,0.95,0.7784886045581767,0.7395641743302678,2,True
diabetes,cuckoo,23,0.98,0.7784886045581767,0.7629188324670132,2,True
diabetes,cuckoo,24,0.9,0.7784886045581767,0.7006397441023591,2,True
diabetes,cuckoo,24,0.95,0.7784886045581767,0.7395641743302678,2,True
diabetes,cuckoo,24,0.98,0.7784886045581767,0.7629188324670132,57,True
diabetes,cuckoo,25,0.9,0.7784886045581767,0.7006397441023591,4,True
diabetes,cuckoo,25,0.95,0.7784886045581767,0.7395641743302678,5,True
diabetes,cuckoo,25,0.98,0.7784886045581767,0.7629188324670132,8,True
diabetes,cuckoo,26,0.9,0.7784886045581767,0.7006397441023591,1,True
diabetes,cuckoo,26,0.95,0.7784886045581767,0.7395641743302678,1,True
diabetes,cuckoo,26,0.98,0.7784886045581767,0.7629188324670132,1,True
diabetes,cuckoo,27,0.9,0.7784886045581767,0.7006397441023591,4,True
diabetes,cuckoo,27,0.95,0.7784886045581767,0.7395641743302678,4,True
diabetes,cuckoo,27,0.98,0.7784886045581767,0.7629188324670132,4,True
diabetes,cuckoo,28,0.9,0.7784886045581767,0.7006397441023591,1,True
diabetes,cuckoo,28,0.95,0.7784886045581767,0.7395641743302678,10,True
diabetes,cuckoo,28,0.98,0.7784886045581767,0.7629188324670132,11,True
diabetes,cuckoo,29,0.9,0.7784886045581767,0.7006397441023591,1,True
diabetes,cuckoo,29,0.95,0.7784886045581767,0.7395641743302678,1,True
diabetes,cuckoo,29,0.98,0.7784886045581767,0.7629188324670132,1,True
diabetes,de,0,0.9,0.7784886045581767,0.7006397441023591,1,True
diabetes,de,0,0.95,0.7784886045581767,0.7395641743302678,1,True
diabetes,de,0,0.98,0.7784886045581767,0.7629188324670132,1,True
diabetes,de,1,0.9,0.7784886045581767,0.7006397441023591,3,True
diabetes,de,1,0.95,0.7784886045581767,0.7395641743302678,3,True
diabetes,de,1,0.98,0.7784886045581767,0.7629188324670132,3,True
diabetes,de,2,0.9,0.7784886045581767,0.7006397441023591,2,True
diabetes,de,2,0.95,0.7784886045581767,0.7395641743302678,2,True
diabetes,de,2,0.98,0.7784886045581767,0.7629188324670132,101,False
diabetes,de,3,0.9,0.7784886045581767,0.7006397441023591,4,True
diabetes,de,3,0.95,0.7784886045581767,0.7395641743302678,4,True
diabetes,de,3,0.98,0.7784886045581767,0.7629188324670132,4,True
diabetes,de,4,0.9,0.7784886045581767,0.7006397441023591,2,True
diabetes,de,4,0.95,0.7784886045581767,0.7395641743302678,2,True
diabetes,de,4,0.98,0.7784886045581767,0.7629188324670132,2,True
diabetes,de,5,0.9,0.7784886045581767,0.7006397441023591,1,True
diabetes,de,5,0.95,0.7784886045581767,0.7395641743302678,2,True
diabetes,de,5,0.98,0.7784886045581767,0.7629188324670132,9,True
diabetes,de,6,0.9,0.7784886045581767,0.7006397441023591,1,True
diabetes,de,6,0.95,0.7784886045581767,0.7395641743302678,1,True
diabetes,de,6,0.98,0.7784886045581767,0.7629188324670132,1,True
diabetes,de,7,0.9,0.7784886045581767,0.7006397441023591,2,True
diabetes,de,7,0.95,0.7784886045581767,0.7395641743302678,2,True
diabetes,de,7,0.98,0.7784886045581767,0.7629188324670132,2,True
diabetes,de,8,0.9,0.7784886045581767,0.7006397441023591,2,True
diabetes,de,8,0.95,0.7784886045581767,0.7395641743302678,3,True
diabetes,de,8,0.98,0.7784886045581767,0.7629188324670132,4,True
diabetes,de,9,0.9,0.7784886045581767,0.7006397441023591,1,True
diabetes,de,9,0.95,0.7784886045581767,0.7395641743302678,1,True
diabetes,de,9,0.98,0.7784886045581767,0.7629188324670132,15,True
diabetes,de,10,0.9,0.7784886045581767,0.7006397441023591,1,True
diabetes,de,10,0.95,0.7784886045581767,0.7395641743302678,1,True
diabetes,de,10,0.98,0.7784886045581767,0.7629188324670132,22,True
diabetes,de,11,0.9,0.7784886045581767,0.7006397441023591,1,True
diabetes,de,11,0.95,0.7784886045581767,0.7395641743302678,2,True
diabetes,de,11,0.98,0.7784886045581767,0.7629188324670132,2,True
diabetes,de,12,0.9,0.7784886045581767,0.7006397441023591,3,True
diabetes,de,12,0.95,0.7784886045581767,0.7395641743302678,4,True
diabetes,de,12,0.98,0.7784886045581767,0.7629188324670132,4,True
diabetes,de,13,0.9,0.7784886045581767,0.7006397441023591,2,True
diabetes,de,13,0.95,0.7784886045581767,0.7395641743302678,2,True
diabetes,de,13,0.98,0.7784886045581767,0.7629188324670132,4,True
diabetes,de,14,0.9,0.7784886045581767,0.7006397441023591,1,True
diabetes,de,14,0.95,0.7784886045581767,0.7395641743302678,1,True
diabetes,de,14,0.98,0.7784886045581767,0.7629188324670132,6,True
diabetes,de,15,0.9,0.7784886045581767,0.7006397441023591,3,True
diabetes,de,15,0.95,0.7784886045581767,0.7395641743302678,3,True
diabetes,de,15,0.98,0.7784886045581767,0.7629188324670132,101,False
diabetes,de,16,0.9,0.7784886045581767,0.7006397441023591,1,True
diabetes,de,16,0.95,0.7784886045581767,0.7395641743302678,1,True
diabetes,de,16,0.98,0.7784886045581767,0.7629188324670132,1,True
diabetes,de,17,0.9,0.7784886045581767,0.7006397441023591,1,True
diabetes,de,17,0.95,0.7784886045581767,0.7395641743302678,1,True
diabetes,de,17,0.98,0.7784886045581767,0.7629188324670132,94,True
diabetes,de,18,0.9,0.7784886045581767,0.7006397441023591,4,True
diabetes,de,18,0.95,0.7784886045581767,0.7395641743302678,5,True
diabetes,de,18,0.98,0.7784886045581767,0.7629188324670132,30,True
diabetes,de,19,0.9,0.7784886045581767,0.7006397441023591,3,True
diabetes,de,19,0.95,0.7784886045581767,0.7395641743302678,7,True
diabetes,de,19,0.98,0.7784886045581767,0.7629188324670132,9,True
diabetes,de,20,0.9,0.7784886045581767,0.7006397441023591,1,True
diabetes,de,20,0.95,0.7784886045581767,0.7395641743302678,1,True
diabetes,de,20,0.98,0.7784886045581767,0.7629188324670132,1,True
diabetes,de,21,0.9,0.7784886045581767,0.7006397441023591,2,True
diabetes,de,21,0.95,0.7784886045581767,0.7395641743302678,2,True
diabetes,de,21,0.98,0.7784886045581767,0.7629188324670132,2,True
diabetes,de,22,0.9,0.7784886045581767,0.7006397441023591,1,True
diabetes,de,22,0.95,0.7784886045581767,0.7395641743302678,6,True
diabetes,de,22,0.98,0.7784886045581767,0.7629188324670132,6,True
diabetes,de,23,0.9,0.7784886045581767,0.7006397441023591,5,True
diabetes,de,23,0.95,0.7784886045581767,0.7395641743302678,5,True
diabetes,de,23,0.98,0.7784886045581767,0.7629188324670132,6,True
diabetes,de,24,0.9,0.7784886045581767,0.7006397441023591,1,True
diabetes,de,24,0.95,0.7784886045581767,0.7395641743302678,1,True
diabetes,de,24,0.98,0.7784886045581767,0.7629188324670132,14,True
diabetes,de,25,0.9,0.7784886045581767,0.7006397441023591,8,True
diabetes,de,25,0.95,0.7784886045581767,0.7395641743302678,8,True
diabetes,de,25,0.98,0.7784886045581767,0.7629188324670132,8,True
diabetes,de,26,0.9,0.7784886045581767,0.7006397441023591,1,True
diabetes,de,26,0.95,0.7784886045581767,0.7395641743302678,1,True
diabetes,de,26,0.98,0.7784886045581767,0.7629188324670132,1,True
diabetes,de,27,0.9,0.7784886045581767,0.7006397441023591,1,True
diabetes,de,27,0.95,0.7784886045581767,0.7395641743302678,1,True
diabetes,de,27,0.98,0.7784886045581767,0.7629188324670132,1,True
diabetes,de,28,0.9,0.7784886045581767,0.7006397441023591,2,True
diabetes,de,28,0.95,0.7784886045581767,0.7395641743302678,2,True
diabetes,de,28,0.98,0.7784886045581767,0.7629188324670132,7,True
diabetes,de,29,0.9,0.7784886045581767,0.7006397441023591,2,True
diabetes,de,29,0.95,0.7784886045581767,0.7395641743302678,2,True
diabetes,de,29,0.98,0.7784886045581767,0.7629188324670132,4,True
diabetes,ga,0,0.9,0.7784886045581767,0.7006397441023591,1,True
diabetes,ga,0,0.95,0.7784886045581767,0.7395641743302678,1,True
diabetes,ga,0,0.98,0.7784886045581767,0.7629188324670132,1,True
diabetes,ga,1,0.9,0.7784886045581767,0.7006397441023591,3,True
diabetes,ga,1,0.95,0.7784886045581767,0.7395641743302678,3,True
diabetes,ga,1,0.98,0.7784886045581767,0.7629188324670132,3,True
diabetes,ga,2,0.9,0.7784886045581767,0.7006397441023591,2,True
diabetes,ga,2,0.95,0.7784886045581767,0.7395641743302678,2,True
diabetes,ga,2,0.98,0.7784886045581767,0.7629188324670132,101,False
diabetes,ga,3,0.9,0.7784886045581767,0.7006397441023591,4,True
diabetes,ga,3,0.95,0.7784886045581767,0.7395641743302678,4,True
diabetes,ga,3,0.98,0.7784886045581767,0.7629188324670132,4,True
diabetes,ga,4,0.9,0.7784886045581767,0.7006397441023591,2,True
diabetes,ga,4,0.95,0.7784886045581767,0.7395641743302678,2,True
diabetes,ga,4,0.98,0.7784886045581767,0.7629188324670132,2,True
diabetes,ga,5,0.9,0.7784886045581767,0.7006397441023591,1,True
diabetes,ga,5,0.95,0.7784886045581767,0.7395641743302678,2,True
diabetes,ga,5,0.98,0.7784886045581767,0.7629188324670132,9,True
diabetes,ga,6,0.9,0.7784886045581767,0.7006397441023591,1,True
diabetes,ga,6,0.95,0.7784886045581767,0.7395641743302678,1,True
diabetes,ga,6,0.98,0.7784886045581767,0.7629188324670132,1,True
diabetes,ga,7,0.9,0.7784886045581767,0.7006397441023591,2,True
diabetes,ga,7,0.95,0.7784886045581767,0.7395641743302678,2,True
diabetes,ga,7,0.98,0.7784886045581767,0.7629188324670132,2,True
diabetes,ga,8,0.9,0.7784886045581767,0.7006397441023591,2,True
diabetes,ga,8,0.95,0.7784886045581767,0.7395641743302678,3,True
diabetes,ga,8,0.98,0.7784886045581767,0.7629188324670132,4,True
diabetes,ga,9,0.9,0.7784886045581767,0.7006397441023591,1,True
diabetes,ga,9,0.95,0.7784886045581767,0.7395641743302678,1,True
diabetes,ga,9,0.98,0.7784886045581767,0.7629188324670132,15,True
diabetes,ga,10,0.9,0.7784886045581767,0.7006397441023591,1,True
diabetes,ga,10,0.95,0.7784886045581767,0.7395641743302678,1,True
diabetes,ga,10,0.98,0.7784886045581767,0.7629188324670132,29,True
diabetes,ga,11,0.9,0.7784886045581767,0.7006397441023591,1,True
diabetes,ga,11,0.95,0.7784886045581767,0.7395641743302678,2,True
diabetes,ga,11,0.98,0.7784886045581767,0.7629188324670132,2,True
diabetes,ga,12,0.9,0.7784886045581767,0.7006397441023591,3,True
diabetes,ga,12,0.95,0.7784886045581767,0.7395641743302678,4,True
diabetes,ga,12,0.98,0.7784886045581767,0.7629188324670132,4,True
diabetes,ga,13,0.9,0.7784886045581767,0.7006397441023591,2,True
diabetes,ga,13,0.95,0.7784886045581767,0.7395641743302678,2,True
diabetes,ga,13,0.98,0.7784886045581767,0.7629188324670132,4,True
diabetes,ga,14,0.9,0.7784886045581767,0.7006397441023591,1,True
diabetes,ga,14,0.95,0.7784886045581767,0.7395641743302678,1,True
diabetes,ga,14,0.98,0.7784886045581767,0.7629188324670132,6,True
diabetes,ga,15,0.9,0.7784886045581767,0.7006397441023591,3,True
diabetes,ga,15,0.95,0.7784886045581767,0.7395641743302678,3,True
diabetes,ga,15,0.98,0.7784886045581767,0.7629188324670132,84,True
diabetes,ga,16,0.9,0.7784886045581767,0.7006397441023591,1,True
diabetes,ga,16,0.95,0.7784886045581767,0.7395641743302678,1,True
diabetes,ga,16,0.98,0.7784886045581767,0.7629188324670132,1,True
diabetes,ga,17,0.9,0.7784886045581767,0.7006397441023591,1,True
diabetes,ga,17,0.95,0.7784886045581767,0.7395641743302678,1,True
diabetes,ga,17,0.98,0.7784886045581767,0.7629188324670132,30,True
diabetes,ga,18,0.9,0.7784886045581767,0.7006397441023591,4,True
diabetes,ga,18,0.95,0.7784886045581767,0.7395641743302678,5,True
diabetes,ga,18,0.98,0.7784886045581767,0.7629188324670132,22,True
diabetes,ga,19,0.9,0.7784886045581767,0.7006397441023591,3,True
diabetes,ga,19,0.95,0.7784886045581767,0.7395641743302678,7,True
diabetes,ga,19,0.98,0.7784886045581767,0.7629188324670132,9,True
diabetes,ga,20,0.9,0.7784886045581767,0.7006397441023591,1,True
diabetes,ga,20,0.95,0.7784886045581767,0.7395641743302678,1,True
diabetes,ga,20,0.98,0.7784886045581767,0.7629188324670132,1,True
diabetes,ga,21,0.9,0.7784886045581767,0.7006397441023591,2,True
diabetes,ga,21,0.95,0.7784886045581767,0.7395641743302678,2,True
diabetes,ga,21,0.98,0.7784886045581767,0.7629188324670132,2,True
diabetes,ga,22,0.9,0.7784886045581767,0.7006397441023591,1,True
diabetes,ga,22,0.95,0.7784886045581767,0.7395641743302678,6,True
diabetes,ga,22,0.98,0.7784886045581767,0.7629188324670132,6,True
diabetes,ga,23,0.9,0.7784886045581767,0.7006397441023591,5,True
diabetes,ga,23,0.95,0.7784886045581767,0.7395641743302678,5,True
diabetes,ga,23,0.98,0.7784886045581767,0.7629188324670132,6,True
diabetes,ga,24,0.9,0.7784886045581767,0.7006397441023591,1,True
diabetes,ga,24,0.95,0.7784886045581767,0.7395641743302678,1,True
diabetes,ga,24,0.98,0.7784886045581767,0.7629188324670132,14,True
diabetes,ga,25,0.9,0.7784886045581767,0.7006397441023591,8,True
diabetes,ga,25,0.95,0.7784886045581767,0.7395641743302678,8,True
diabetes,ga,25,0.98,0.7784886045581767,0.7629188324670132,8,True
diabetes,ga,26,0.9,0.7784886045581767,0.7006397441023591,1,True
diabetes,ga,26,0.95,0.7784886045581767,0.7395641743302678,1,True
diabetes,ga,26,0.98,0.7784886045581767,0.7629188324670132,1,True
diabetes,ga,27,0.9,0.7784886045581767,0.7006397441023591,1,True
diabetes,ga,27,0.95,0.7784886045581767,0.7395641743302678,1,True
diabetes,ga,27,0.98,0.7784886045581767,0.7629188324670132,1,True
diabetes,ga,28,0.9,0.7784886045581767,0.7006397441023591,2,True
diabetes,ga,28,0.95,0.7784886045581767,0.7395641743302678,2,True
diabetes,ga,28,0.98,0.7784886045581767,0.7629188324670132,7,True
diabetes,ga,29,0.9,0.7784886045581767,0.7006397441023591,2,True
diabetes,ga,29,0.95,0.7784886045581767,0.7395641743302678,2,True
diabetes,ga,29,0.98,0.7784886045581767,0.7629188324670132,4,True
diabetes,grid,0,0.9,0.7784886045581767,0.7006397441023591,1,True
diabetes,grid,0,0.95,0.7784886045581767,0.7395641743302678,1,True
diabetes,grid,0,0.98,0.7784886045581767,0.7629188324670132,11,True
diabetes,grid,1,0.9,0.7784886045581767,0.7006397441023591,1,True
diabetes,grid,1,0.95,0.7784886045581767,0.7395641743302678,1,True
diabetes,grid,1,0.98,0.7784886045581767,0.7629188324670132,1,True
diabetes,grid,2,0.9,0.7784886045581767,0.7006397441023591,1,True
diabetes,grid,2,0.95,0.7784886045581767,0.7395641743302678,4,True
diabetes,grid,2,0.98,0.7784886045581767,0.7629188324670132,101,False
diabetes,grid,3,0.9,0.7784886045581767,0.7006397441023591,1,True
diabetes,grid,3,0.95,0.7784886045581767,0.7395641743302678,1,True
diabetes,grid,3,0.98,0.7784886045581767,0.7629188324670132,1,True
diabetes,grid,4,0.9,0.7784886045581767,0.7006397441023591,4,True
diabetes,grid,4,0.95,0.7784886045581767,0.7395641743302678,4,True
diabetes,grid,4,0.98,0.7784886045581767,0.7629188324670132,6,True
diabetes,grid,5,0.9,0.7784886045581767,0.7006397441023591,3,True
diabetes,grid,5,0.95,0.7784886045581767,0.7395641743302678,5,True
diabetes,grid,5,0.98,0.7784886045581767,0.7629188324670132,10,True
diabetes,grid,6,0.9,0.7784886045581767,0.7006397441023591,2,True
diabetes,grid,6,0.95,0.7784886045581767,0.7395641743302678,2,True
diabetes,grid,6,0.98,0.7784886045581767,0.7629188324670132,2,True
diabetes,grid,7,0.9,0.7784886045581767,0.7006397441023591,1,True
diabetes,grid,7,0.95,0.7784886045581767,0.7395641743302678,2,True
diabetes,grid,7,0.98,0.7784886045581767,0.7629188324670132,2,True
diabetes,grid,8,0.9,0.7784886045581767,0.7006397441023591,4,True
diabetes,grid,8,0.95,0.7784886045581767,0.7395641743302678,4,True
diabetes,grid,8,0.98,0.7784886045581767,0.7629188324670132,4,True
diabetes,grid,9,0.9,0.7784886045581767,0.7006397441023591,1,True
diabetes,grid,9,0.95,0.7784886045581767,0.7395641743302678,2,True
diabetes,grid,9,0.98,0.7784886045581767,0.7629188324670132,2,True
diabetes,grid,10,0.9,0.7784886045581767,0.7006397441023591,3,True
diabetes,grid,10,0.95,0.7784886045581767,0.7395641743302678,3,True
diabetes,grid,10,0.98,0.7784886045581767,0.7629188324670132,3,True
diabetes,grid,11,0.9,0.7784886045581767,0.7006397441023591,1,True
diabetes,grid,11,0.95,0.7784886045581767,0.7395641743302678,1,True
diabetes,grid,11,0.98,0.7784886045581767,0.7629188324670132,7,True
diabetes,grid,12,0.9,0.7784886045581767,0.7006397441023591,3,True
diabetes,grid,12,0.95,0.7784886045581767,0.7395641743302678,3,True
diabetes,grid,12,0.98,0.7784886045581767,0.7629188324670132,10,True
diabetes,grid,13,0.9,0.7784886045581767,0.7006397441023591,2,True
diabetes,grid,13,0.95,0.7784886045581767,0.7395641743302678,2,True
diabetes,grid,13,0.98,0.7784886045581767,0.7629188324670132,2,True
diabetes,grid,14,0.9,0.7784886045581767,0.7006397441023591,1,True
diabetes,grid,14,0.95,0.7784886045581767,0.7395641743302678,1,True
diabetes,grid,14,0.98,0.7784886045581767,0.7629188324670132,1,True
diabetes,grid,15,0.9,0.7784886045581767,0.7006397441023591,1,True
diabetes,grid,15,0.95,0.7784886045581767,0.7395641743302678,2,True
diabetes,grid,15,0.98,0.7784886045581767,0.7629188324670132,51,True
diabetes,grid,16,0.9,0.7784886045581767,0.7006397441023591,2,True
diabetes,grid,16,0.95,0.7784886045581767,0.7395641743302678,2,True
diabetes,grid,16,0.98,0.7784886045581767,0.7629188324670132,2,True
diabetes,grid,17,0.9,0.7784886045581767,0.7006397441023591,1,True
diabetes,grid,17,0.95,0.7784886045581767,0.7395641743302678,1,True
diabetes,grid,17,0.98,0.7784886045581767,0.7629188324670132,19,True
diabetes,grid,18,0.9,0.7784886045581767,0.7006397441023591,1,True
diabetes,grid,18,0.95,0.7784886045581767,0.7395641743302678,1,True
diabetes,grid,18,0.98,0.7784886045581767,0.7629188324670132,5,True
diabetes,grid,19,0.9,0.7784886045581767,0.7006397441023591,2,True
diabetes,grid,19,0.95,0.7784886045581767,0.7395641743302678,2,True
diabetes,grid,19,0.98,0.7784886045581767,0.7629188324670132,2,True
diabetes,grid,20,0.9,0.7784886045581767,0.7006397441023591,1,True
diabetes,grid,20,0.95,0.7784886045581767,0.7395641743302678,1,True
diabetes,grid,20,0.98,0.7784886045581767,0.7629188324670132,4,True
diabetes,grid,21,0.9,0.7784886045581767,0.7006397441023591,2,True
diabetes,grid,21,0.95,0.7784886045581767,0.7395641743302678,2,True
diabetes,grid,21,0.98,0.7784886045581767,0.7629188324670132,2,True
diabetes,grid,22,0.9,0.7784886045581767,0.7006397441023591,3,True
diabetes,grid,22,0.95,0.7784886045581767,0.7395641743302678,3,True
diabetes,grid,22,0.98,0.7784886045581767,0.7629188324670132,8,True
diabetes,grid,23,0.9,0.7784886045581767,0.7006397441023591,1,True
diabetes,grid,23,0.95,0.7784886045581767,0.7395641743302678,1,True
diabetes,grid,23,0.98,0.7784886045581767,0.7629188324670132,2,True
diabetes,grid,24,0.9,0.7784886045581767,0.7006397441023591,1,True
diabetes,grid,24,0.95,0.7784886045581767,0.7395641743302678,1,True
diabetes,grid,24,0.98,0.7784886045581767,0.7629188324670132,1,True
diabetes,grid,25,0.9,0.7784886045581767,0.7006397441023591,3,True
diabetes,grid,25,0.95,0.7784886045581767,0.7395641743302678,3,True
diabetes,grid,25,0.98,0.7784886045581767,0.7629188324670132,3,True
diabetes,grid,26,0.9,0.7784886045581767,0.7006397441023591,3,True
diabetes,grid,26,0.95,0.7784886045581767,0.7395641743302678,3,True
diabetes,grid,26,0.98,0.7784886045581767,0.7629188324670132,5,True
diabetes,grid,27,0.9,0.7784886045581767,0.7006397441023591,3,True
diabetes,grid,27,0.95,0.7784886045581767,0.7395641743302678,3,True
diabetes,grid,27,0.98,0.7784886045581767,0.7629188324670132,18,True
diabetes,grid,28,0.9,0.7784886045581767,0.7006397441023591,8,True
diabetes,grid,28,0.95,0.7784886045581767,0.7395641743302678,8,True
diabetes,grid,28,0.98,0.7784886045581767,0.7629188324670132,28,True
diabetes,grid,29,0.9,0.7784886045581767,0.7006397441023591,1,True
diabetes,grid,29,0.95,0.7784886045581767,0.7395641743302678,1,True
diabetes,grid,29,0.98,0.7784886045581767,0.7629188324670132,1,True
diabetes,pso,0,0.9,0.7784886045581767,0.7006397441023591,1,True
diabetes,pso,0,0.95,0.7784886045581767,0.7395641743302678,1,True
diabetes,pso,0,0.98,0.7784886045581767,0.7629188324670132,1,True
diabetes,pso,1,0.9,0.7784886045581767,0.7006397441023591,5,True
diabetes,pso,1,0.95,0.7784886045581767,0.7395641743302678,5,True
diabetes,pso,1,0.98,0.7784886045581767,0.7629188324670132,5,True
diabetes,pso,2,0.9,0.7784886045581767,0.7006397441023591,2,True
diabetes,pso,2,0.95,0.7784886045581767,0.7395641743302678,2,True
diabetes,pso,2,0.98,0.7784886045581767,0.7629188324670132,101,False
diabetes,pso,3,0.9,0.7784886045581767,0.7006397441023591,2,True
diabetes,pso,3,0.95,0.7784886045581767,0.7395641743302678,2,True
diabetes,pso,3,0.98,0.7784886045581767,0.7629188324670132,2,True
diabetes,pso,4,0.9,0.7784886045581767,0.7006397441023591,1,True
diabetes,pso,4,0.95,0.7784886045581767,0.7395641743302678,1,True
diabetes,pso,4,0.98,0.7784886045581767,0.7629188324670132,9,True
diabetes,pso,5,0.9,0.7784886045581767,0.7006397441023591,1,True
diabetes,pso,5,0.95,0.7784886045581767,0.7395641743302678,1,True
diabetes,pso,5,0.98,0.7784886045581767,0.7629188324670132,1,True
diabetes,pso,6,0.9,0.7784886045581767,0.7006397441023591,3,True
diabetes,pso,6,0.95,0.7784886045581767,0.7395641743302678,3,True
diabetes,pso,6,0.98,0.7784886045581767,0.7629188324670132,3,True
diabetes,pso,7,0.9,0.7784886045581767,0.7006397441023591,1,True
diabetes,pso,7,0.95,0.7784886045581767,0.7395641743302678,1,True
diabetes,pso,7,0.98,0.7784886045581767,0.7629188324670132,1,True
diabetes,pso,8,0.9,0.7784886045581767,0.7006397441023591,1,True
diabetes,pso,8,0.95,0.7784886045581767,0.7395641743302678,1,True
diabetes,pso,8,0.98,0.7784886045581767,0.7629188324670132,1,True
diabetes,pso,9,0.9,0.7784886045581767,0.7006397441023591,5,True
diabetes,pso,9,0.95,0.7784886045581767,0.7395641743302678,5,True
diabetes,pso,9,0.98,0.7784886045581767,0.7629188324670132,5,True
diabetes,pso,10,0.9,0.7784886045581767,0.7006397441023591,2,True
diabetes,pso,10,0.95,0.7784886045581767,0.7395641743302678,2,True
diabetes,pso,10,0.98,0.7784886045581767,0.7629188324670132,2,True
diabetes,pso,11,0.9,0.7784886045581767,0.7006397441023591,2,True
diabetes,pso,11,0.95,0.7784886045581767,0.7395641743302678,2,True
diabetes,pso,11,0.98,0.7784886045581767,0.7629188324670132,7,True
diabetes,pso,12,0.9,0.7784886045581767,0.7006397441023591,1,True
diabetes,pso,12,0.95,0.7784886045581767,0.7395641743302678,2,True
diabetes,pso,12,0.98,0.7784886045581767,0.7629188324670132,2,True
diabetes,pso,13,0.9,0.7784886045581767,0.7006397441023591,1,True
diabetes,pso,13,0.95,0.7784886045581767,0.7395641743302678,1,True
diabetes,pso,13,0.98,0.7784886045581767,0.7629188324670132,1,True
diabetes,pso,14,0.9,0.7784886045581767,0.7006397441023591,1,True
diabetes,pso,14,0.95,0.7784886045581767,0.7395641743302678,1,True
diabetes,pso,14,0.98,0.7784886045581767,0.7629188324670132,5,True
diabetes,pso,15,0.9,0.7784886045581767,0.7006397441023591,3,True
diabetes,pso,15,0.95,0.7784886045581767,0.7395641743302678,3,True
diabetes,pso,15,0.98,0.7784886045581767,0.7629188324670132,87,True
diabetes,pso,16,0.9,0.7784886045581767,0.7006397441023591,3,True
diabetes,pso,16,0.95,0.7784886045581767,0.7395641743302678,3,True
diabetes,pso,16,0.98,0.7784886045581767,0.7629188324670132,3,True
diabetes,pso,17,0.9,0.7784886045581767,0.7006397441023591,2,True
diabetes,pso,17,0.95,0.7784886045581767,0.7395641743302678,2,True
diabetes,pso,17,0.98,0.7784886045581767,0.7629188324670132,17,True
diabetes,pso,18,0.9,0.7784886045581767,0.7006397441023591,2,True
diabetes,pso,18,0.95,0.7784886045581767,0.7395641743302678,2,True
diabetes,pso,18,0.98,0.7784886045581767,0.7629188324670132,23,True
diabetes,pso,19,0.9,0.7784886045581767,0.7006397441023591,1,True
diabetes,pso,19,0.95,0.7784886045581767,0.7395641743302678,1,True
diabetes,pso,19,0.98,0.7784886045581767,0.7629188324670132,4,True
diabetes,pso,20,0.9,0.7784886045581767,0.7006397441023591,1,True
diabetes,pso,20,0.95,0.7784886045581767,0.7395641743302678,1,True
diabetes,pso,20,0.98,0.7784886045581767,0.7629188324670132,1,True
diabetes,pso,21,0.9,0.7784886045581767,0.7006397441023591,1,True
diabetes,pso,21,0.95,0.7784886045581767,0.7395641743302678,1,True
diabetes,pso,21,0.98,0.7784886045581767,0.7629188324670132,3,True
diabetes,pso,22,0.9,0.7784886045581767,0.7006397441023591,1,True
diabetes,pso,22,0.95,0.7784886045581767,0.7395641743302678,1,True
diabetes,pso,22,0.98,0.7784886045581767,0.7629188324670132,9,True
diabetes,pso,23,0.9,0.7784886045581767,0.7006397441023591,1,True
diabetes,pso,23,0.95,0.7784886045581767,0.7395641743302678,1,True
diabetes,pso,23,0.98,0.7784886045581767,0.7629188324670132,1,True
diabetes,pso,24,0.9,0.7784886045581767,0.7006397441023591,3,True
diabetes,pso,24,0.95,0.7784886045581767,0.7395641743302678,3,True
diabetes,pso,24,0.98,0.7784886045581767,0.7629188324670132,5,True
diabetes,pso,25,0.9,0.7784886045581767,0.7006397441023591,1,True
diabetes,pso,25,0.95,0.7784886045581767,0.7395641743302678,1,True
diabetes,pso,25,0.98,0.7784886045581767,0.7629188324670132,29,True
diabetes,pso,26,0.9,0.7784886045581767,0.7006397441023591,1,True
diabetes,pso,26,0.95,0.7784886045581767,0.7395641743302678,1,True
diabetes,pso,26,0.98,0.7784886045581767,0.7629188324670132,7,True
diabetes,pso,27,0.9,0.7784886045581767,0.7006397441023591,1,True
diabetes,pso,27,0.95,0.7784886045581767,0.7395641743302678,1,True
diabetes,pso,27,0.98,0.7784886045581767,0.7629188324670132,2,True
diabetes,pso,28,0.9,0.7784886045581767,0.7006397441023591,7,True
diabetes,pso,28,0.95,0.7784886045581767,0.7395641743302678,7,True
diabetes,pso,28,0.98,0.7784886045581767,0.7629188324670132,7,True
diabetes,pso,29,0.9,0.7784886045581767,0.7006397441023591,2,True
diabetes,pso,29,0.95,0.7784886045581767,0.7395641743302678,2,True
diabetes,pso,29,0.98,0.7784886045581767,0.7629188324670132,2,True
diabetes,random,0,0.9,0.7784886045581767,0.7006397441023591,2,True
diabetes,random,0,0.95,0.7784886045581767,0.7395641743302678,2,True
diabetes,random,0,0.98,0.7784886045581767,0.7629188324670132,21,True
diabetes,random,1,0.9,0.7784886045581767,0.7006397441023591,1,True
diabetes,random,1,0.95,0.7784886045581767,0.7395641743302678,5,True
diabetes,random,1,0.98,0.7784886045581767,0.7629188324670132,5,True
diabetes,random,2,0.9,0.7784886045581767,0.7006397441023591,2,True
diabetes,random,2,0.95,0.7784886045581767,0.7395641743302678,2,True
diabetes,random,2,0.98,0.7784886045581767,0.7629188324670132,101,False
diabetes,random,3,0.9,0.7784886045581767,0.7006397441023591,1,True
diabetes,random,3,0.95,0.7784886045581767,0.7395641743302678,2,True
diabetes,random,3,0.98,0.7784886045581767,0.7629188324670132,2,True
diabetes,random,4,0.9,0.7784886045581767,0.7006397441023591,3,True
diabetes,random,4,0.95,0.7784886045581767,0.7395641743302678,3,True
diabetes,random,4,0.98,0.7784886045581767,0.7629188324670132,3,True
diabetes,random,5,0.9,0.7784886045581767,0.7006397441023591,3,True
diabetes,random,5,0.95,0.7784886045581767,0.7395641743302678,7,True
diabetes,random,5,0.98,0.7784886045581767,0.7629188324670132,9,True
diabetes,random,6,0.9,0.7784886045581767,0.7006397441023591,1,True
diabetes,random,6,0.95,0.7784886045581767,0.7395641743302678,1,True
diabetes,random,6,0.98,0.7784886045581767,0.7629188324670132,2,True
diabetes,random,7,0.9,0.7784886045581767,0.7006397441023591,2,True
diabetes,random,7,0.95,0.7784886045581767,0.7395641743302678,4,True
diabetes,random,7,0.98,0.7784886045581767,0.7629188324670132,5,True
diabetes,random,8,0.9,0.7784886045581767,0.7006397441023591,2,True
diabetes,random,8,0.95,0.7784886045581767,0.7395641743302678,4,True
diabetes,random,8,0.98,0.7784886045581767,0.7629188324670132,4,True
diabetes,random,9,0.9,0.7784886045581767,0.7006397441023591,2,True
diabetes,random,9,0.95,0.7784886045581767,0.7395641743302678,2,True
diabetes,random,9,0.98,0.7784886045581767,0.7629188324670132,2,True
diabetes,random,10,0.9,0.7784886045581767,0.7006397441023591,1,True
diabetes,random,10,0.95,0.7784886045581767,0.7395641743302678,1,True
diabetes,random,10,0.98,0.7784886045581767,0.7629188324670132,1,True
diabetes,random,11,0.9,0.7784886045581767,0.7006397441023591,3,True
diabetes,random,11,0.95,0.7784886045581767,0.7395641743302678,3,True
diabetes,random,11,0.98,0.7784886045581767,0.7629188324670132,6,True
diabetes,random,12,0.9,0.7784886045581767,0.7006397441023591,1,True
diabetes,random,12,0.95,0.7784886045581767,0.7395641743302678,2,True
diabetes,random,12,0.98,0.7784886045581767,0.7629188324670132,2,True
diabetes,random,13,0.9,0.7784886045581767,0.7006397441023591,1,True
diabetes,random,13,0.95,0.7784886045581767,0.7395641743302678,1,True
diabetes,random,13,0.98,0.7784886045581767,0.7629188324670132,1,True
diabetes,random,14,0.9,0.7784886045581767,0.7006397441023591,2,True
diabetes,random,14,0.95,0.7784886045581767,0.7395641743302678,2,True
diabetes,random,14,0.98,0.7784886045581767,0.7629188324670132,4,True
diabetes,random,15,0.9,0.7784886045581767,0.7006397441023591,1,True
diabetes,random,15,0.95,0.7784886045581767,0.7395641743302678,1,True
diabetes,random,15,0.98,0.7784886045581767,0.7629188324670132,101,False
diabetes,random,16,0.9,0.7784886045581767,0.7006397441023591,1,True
diabetes,random,16,0.95,0.7784886045581767,0.7395641743302678,1,True
diabetes,random,16,0.98,0.7784886045581767,0.7629188324670132,1,True
diabetes,random,17,0.9,0.7784886045581767,0.7006397441023591,1,True
diabetes,random,17,0.95,0.7784886045581767,0.7395641743302678,1,True
diabetes,random,17,0.98,0.7784886045581767,0.7629188324670132,101,False
diabetes,random,18,0.9,0.7784886045581767,0.7006397441023591,1,True
diabetes,random,18,0.95,0.7784886045581767,0.7395641743302678,1,True
diabetes,random,18,0.98,0.7784886045581767,0.7629188324670132,22,True
diabetes,random,19,0.9,0.7784886045581767,0.7006397441023591,6,True
diabetes,random,19,0.95,0.7784886045581767,0.7395641743302678,6,True
diabetes,random,19,0.98,0.7784886045581767,0.7629188324670132,6,True
diabetes,random,20,0.9,0.7784886045581767,0.7006397441023591,4,True
diabetes,random,20,0.95,0.7784886045581767,0.7395641743302678,4,True
diabetes,random,20,0.98,0.7784886045581767,0.7629188324670132,5,True
diabetes,random,21,0.9,0.7784886045581767,0.7006397441023591,2,True
diabetes,random,21,0.95,0.7784886045581767,0.7395641743302678,2,True
diabetes,random,21,0.98,0.7784886045581767,0.7629188324670132,2,True
diabetes,random,22,0.9,0.7784886045581767,0.7006397441023591,1,True
diabetes,random,22,0.95,0.7784886045581767,0.7395641743302678,1,True
diabetes,random,22,0.98,0.7784886045581767,0.7629188324670132,1,True
diabetes,random,23,0.9,0.7784886045581767,0.7006397441023591,2,True
diabetes,random,23,0.95,0.7784886045581767,0.7395641743302678,2,True
diabetes,random,23,0.98,0.7784886045581767,0.7629188324670132,2,True
diabetes,random,24,0.9,0.7784886045581767,0.7006397441023591,2,True
diabetes,random,24,0.95,0.7784886045581767,0.7395641743302678,2,True
diabetes,random,24,0.98,0.7784886045581767,0.7629188324670132,30,True
diabetes,random,25,0.9,0.7784886045581767,0.7006397441023591,4,True
diabetes,random,25,0.95,0.7784886045581767,0.7395641743302678,5,True
diabetes,random,25,0.98,0.7784886045581767,0.7629188324670132,8,True
diabetes,random,26,0.9,0.7784886045581767,0.7006397441023591,1,True
diabetes,random,26,0.95,0.7784886045581767,0.7395641743302678,1,True
diabetes,random,26,0.98,0.7784886045581767,0.7629188324670132,1,True
diabetes,random,27,0.9,0.7784886045581767,0.7006397441023591,4,True
diabetes,random,27,0.95,0.7784886045581767,0.7395641743302678,4,True
diabetes,random,27,0.98,0.7784886045581767,0.7629188324670132,4,True
diabetes,random,28,0.9,0.7784886045581767,0.7006397441023591,1,True
diabetes,random,28,0.95,0.7784886045581767,0.7395641743302678,10,True
diabetes,random,28,0.98,0.7784886045581767,0.7629188324670132,11,True
diabetes,random,29,0.9,0.7784886045581767,0.7006397441023591,1,True
diabetes,random,29,0.95,0.7784886045581767,0.7395641743302678,1,True
diabetes,random,29,0.98,0.7784886045581767,0.7629188324670132,1,True
diabetes,sa,0,0.9,0.7784886045581767,0.7006397441023591,17,True
diabetes,sa,0,0.95,0.7784886045581767,0.7395641743302678,17,True
diabetes,sa,0,0.98,0.7784886045581767,0.7629188324670132,23,True
diabetes,sa,1,0.9,0.7784886045581767,0.7006397441023591,1,True
diabetes,sa,1,0.95,0.7784886045581767,0.7395641743302678,2,True
diabetes,sa,1,0.98,0.7784886045581767,0.7629188324670132,3,True
diabetes,sa,2,0.9,0.7784886045581767,0.7006397441023591,23,True
diabetes,sa,2,0.95,0.7784886045581767,0.7395641743302678,23,True
diabetes,sa,2,0.98,0.7784886045581767,0.7629188324670132,101,False
diabetes,sa,3,0.9,0.7784886045581767,0.7006397441023591,1,True
diabetes,sa,3,0.95,0.7784886045581767,0.7395641743302678,2,True
diabetes,sa,3,0.98,0.7784886045581767,0.7629188324670132,2,True
diabetes,sa,4,0.9,0.7784886045581767,0.7006397441023591,3,True
diabetes,sa,4,0.95,0.7784886045581767,0.7395641743302678,9,True
diabetes,sa,4,0.98,0.7784886045581767,0.7629188324670132,10,True
diabetes,sa,5,0.9,0.7784886045581767,0.7006397441023591,6,True
diabetes,sa,5,0.95,0.7784886045581767,0.7395641743302678,52,True
diabetes,sa,5,0.98,0.7784886045581767,0.7629188324670132,53,True
diabetes,sa,6,0.9,0.7784886045581767,0.7006397441023591,1,True
diabetes,sa,6,0.95,0.7784886045581767,0.7395641743302678,1,True
diabetes,sa,6,0.98,0.7784886045581767,0.7629188324670132,2,True
diabetes,sa,7,0.9,0.7784886045581767,0.7006397441023591,2,True
diabetes,sa,7,0.95,0.7784886045581767,0.7395641743302678,2,True
diabetes,sa,7,0.98,0.7784886045581767,0.7629188324670132,18,True
diabetes,sa,8,0.9,0.7784886045581767,0.7006397441023591,13,True
diabetes,sa,8,0.95,0.7784886045581767,0.7395641743302678,13,True
diabetes,sa,8,0.98,0.7784886045581767,0.7629188324670132,15,True
diabetes,sa,9,0.9,0.7784886045581767,0.7006397441023591,7,True
diabetes,sa,9,0.95,0.7784886045581767,0.7395641743302678,7,True
diabetes,sa,9,0.98,0.7784886045581767,0.7629188324670132,7,True
diabetes,sa,10,0.9,0.7784886045581767,0.7006397441023591,1,True
diabetes,sa,10,0.95,0.7784886045581767,0.7395641743302678,1,True
diabetes,sa,10,0.98,0.7784886045581767,0.7629188324670132,1,True
diabetes,sa,11,0.9,0.7784886045581767,0.7006397441023591,13,True
diabetes,sa,11,0.95,0.7784886045581767,0.7395641743302678,13,True
diabetes,sa,11,0.98,0.7784886045581767,0.7629188324670132,14,True
diabetes,sa,12,0.9,0.7784886045581767,0.7006397441023591,1,True
diabetes,sa,12,0.95,0.7784886045581767,0.7395641743302678,2,True
diabetes,sa,12,0.98,0.7784886045581767,0.7629188324670132,2,True
diabetes,sa,13,0.9,0.7784886045581767,0.7006397441023591,1,True
diabetes,sa,13,0.95,0.7784886045581767,0.7395641743302678,1,True
diabetes,sa,13,0.98,0.7784886045581767,0.7629188324670132,1,True
diabetes,sa,14,0.9,0.7784886045581767,0.7006397441023591,3,True
diabetes,sa,14,0.95,0.7784886045581767,0.7395641743302678,5,True
diabetes,sa,14,0.98,0.7784886045581767,0.7629188324670132,7,True
diabetes,sa,15,0.9,0.7784886045581767,0.7006397441023591,1,True
diabetes,sa,15,0.95,0.7784886045581767,0.7395641743302678,1,True
diabetes,sa,15,0.98,0.7784886045581767,0.7629188324670132,44,True
diabetes,sa,16,0.9,0.7784886045581767,0.7006397441023591,1,True
diabetes,sa,16,0.95,0.7784886045581767,0.7395641743302678,1,True
diabetes,sa,16,0.98,0.7784886045581767,0.7629188324670132,1,True
diabetes,sa,17,0.9,0.7784886045581767,0.7006397441023591,1,True
diabetes,sa,17,0.95,0.7784886045581767,0.7395641743302678,1,True
diabetes,sa,17,0.98,0.7784886045581767,0.7629188324670132,25,True
diabetes,sa,18,0.9,0.7784886045581767,0.7006397441023591,1,True
diabetes,sa,18,0.95,0.7784886045581767,0.7395641743302678,1,True
diabetes,sa,18,0.98,0.7784886045581767,0.7629188324670132,27,True
diabetes,sa,19,0.9,0.7784886045581767,0.7006397441023591,29,True
diabetes,sa,19,0.95,0.7784886045581767,0.7395641743302678,31,True
diabetes,sa,19,0.98,0.7784886045581767,0.7629188324670132,32,True
diabetes,sa,20,0.9,0.7784886045581767,0.7006397441023591,25,True
diabetes,sa,20,0.95,0.7784886045581767,0.7395641743302678,25,True
diabetes,sa,20,0.98,0.7784886045581767,0.7629188324670132,33,True
diabetes,sa,21,0.9,0.7784886045581767,0.7006397441023591,8,True
diabetes,sa,21,0.95,0.7784886045581767,0.7395641743302678,8,True
diabetes,sa,21,0.98,0.7784886045581767,0.7629188324670132,8,True
diabetes,sa,22,0.9,0.7784886045581767,0.7006397441023591,1,True
diabetes,sa,22,0.95,0.7784886045581767,0.7395641743302678,1,True
diabetes,sa,22,0.98,0.7784886045581767,0.7629188324670132,1,True
diabetes,sa,23,0.9,0.7784886045581767,0.7006397441023591,6,True
diabetes,sa,23,0.95,0.7784886045581767,0.7395641743302678,8,True
diabetes,sa,23,0.98,0.7784886045581767,0.7629188324670132,15,True
diabetes,sa,24,0.9,0.7784886045581767,0.7006397441023591,4,True
diabetes,sa,24,0.95,0.7784886045581767,0.7395641743302678,15,True
diabetes,sa,24,0.98,0.7784886045581767,0.7629188324670132,20,True
diabetes,sa,25,0.9,0.7784886045581767,0.7006397441023591,2,True
diabetes,sa,25,0.95,0.7784886045581767,0.7395641743302678,6,True
diabetes,sa,25,0.98,0.7784886045581767,0.7629188324670132,9,True
diabetes,sa,26,0.9,0.7784886045581767,0.7006397441023591,1,True
diabetes,sa,26,0.95,0.7784886045581767,0.7395641743302678,1,True
diabetes,sa,26,0.98,0.7784886045581767,0.7629188324670132,1,True
diabetes,sa,27,0.9,0.7784886045581767,0.7006397441023591,10,True
diabetes,sa,27,0.95,0.7784886045581767,0.7395641743302678,10,True
diabetes,sa,27,0.98,0.7784886045581767,0.7629188324670132,11,True
diabetes,sa,28,0.9,0.7784886045581767,0.7006397441023591,1,True
diabetes,sa,28,0.95,0.7784886045581767,0.7395641743302678,2,True
diabetes,sa,28,0.98,0.7784886045581767,0.7629188324670132,5,True
diabetes,sa,29,0.9,0.7784886045581767,0.7006397441023591,1,True
diabetes,sa,29,0.95,0.7784886045581767,0.7395641743302678,1,True
diabetes,sa,29,0.98,0.7784886045581767,0.7629188324670132,1,True
diabetes,sh,0,0.9,0.7784886045581767,0.7006397441023591,10,True
diabetes,sh,0,0.95,0.7784886045581767,0.7395641743302678,10,True
diabetes,sh,0,0.98,0.7784886045581767,0.7629188324670132,10,True
diabetes,sh,1,0.9,0.7784886045581767,0.7006397441023591,10,True
diabetes,sh,1,0.95,0.7784886045581767,0.7395641743302678,10,True
diabetes,sh,1,0.98,0.7784886045581767,0.7629188324670132,10,True
diabetes,sh,2,0.9,0.7784886045581767,0.7006397441023591,10,True
diabetes,sh,2,0.95,0.7784886045581767,0.7395641743302678,10,True
diabetes,sh,2,0.98,0.7784886045581767,0.7629188324670132,101,False
diabetes,sh,3,0.9,0.7784886045581767,0.7006397441023591,10,True
diabetes,sh,3,0.95,0.7784886045581767,0.7395641743302678,10,True
diabetes,sh,3,0.98,0.7784886045581767,0.7629188324670132,10,True
diabetes,sh,4,0.9,0.7784886045581767,0.7006397441023591,10,True
diabetes,sh,4,0.95,0.7784886045581767,0.7395641743302678,10,True
diabetes,sh,4,0.98,0.7784886045581767,0.7629188324670132,11,True
diabetes,sh,5,0.9,0.7784886045581767,0.7006397441023591,10,True
diabetes,sh,5,0.95,0.7784886045581767,0.7395641743302678,10,True
diabetes,sh,5,0.98,0.7784886045581767,0.7629188324670132,10,True
diabetes,sh,6,0.9,0.7784886045581767,0.7006397441023591,10,True
diabetes,sh,6,0.95,0.7784886045581767,0.7395641743302678,10,True
diabetes,sh,6,0.98,0.7784886045581767,0.7629188324670132,10,True
diabetes,sh,7,0.9,0.7784886045581767,0.7006397441023591,10,True
diabetes,sh,7,0.95,0.7784886045581767,0.7395641743302678,10,True
diabetes,sh,7,0.98,0.7784886045581767,0.7629188324670132,11,True
diabetes,sh,8,0.9,0.7784886045581767,0.7006397441023591,10,True
diabetes,sh,8,0.95,0.7784886045581767,0.7395641743302678,10,True
diabetes,sh,8,0.98,0.7784886045581767,0.7629188324670132,10,True
diabetes,sh,9,0.9,0.7784886045581767,0.7006397441023591,10,True
diabetes,sh,9,0.95,0.7784886045581767,0.7395641743302678,10,True
diabetes,sh,9,0.98,0.7784886045581767,0.7629188324670132,10,True
diabetes,sh,10,0.9,0.7784886045581767,0.7006397441023591,10,True
diabetes,sh,10,0.95,0.7784886045581767,0.7395641743302678,10,True
diabetes,sh,10,0.98,0.7784886045581767,0.7629188324670132,12,True
diabetes,sh,11,0.9,0.7784886045581767,0.7006397441023591,10,True
diabetes,sh,11,0.95,0.7784886045581767,0.7395641743302678,11,True
diabetes,sh,11,0.98,0.7784886045581767,0.7629188324670132,22,True
diabetes,sh,12,0.9,0.7784886045581767,0.7006397441023591,10,True
diabetes,sh,12,0.95,0.7784886045581767,0.7395641743302678,10,True
diabetes,sh,12,0.98,0.7784886045581767,0.7629188324670132,11,True
diabetes,sh,13,0.9,0.7784886045581767,0.7006397441023591,10,True
diabetes,sh,13,0.95,0.7784886045581767,0.7395641743302678,10,True
diabetes,sh,13,0.98,0.7784886045581767,0.7629188324670132,10,True
diabetes,sh,14,0.9,0.7784886045581767,0.7006397441023591,10,True
diabetes,sh,14,0.95,0.7784886045581767,0.7395641743302678,10,True
diabetes,sh,14,0.98,0.7784886045581767,0.7629188324670132,22,True
diabetes,sh,15,0.9,0.7784886045581767,0.7006397441023591,10,True
diabetes,sh,15,0.95,0.7784886045581767,0.7395641743302678,10,True
diabetes,sh,15,0.98,0.7784886045581767,0.7629188324670132,34,True
diabetes,sh,16,0.9,0.7784886045581767,0.7006397441023591,10,True
diabetes,sh,16,0.95,0.7784886045581767,0.7395641743302678,10,True
diabetes,sh,16,0.98,0.7784886045581767,0.7629188324670132,10,True
diabetes,sh,17,0.9,0.7784886045581767,0.7006397441023591,10,True
diabetes,sh,17,0.95,0.7784886045581767,0.7395641743302678,10,True
diabetes,sh,17,0.98,0.7784886045581767,0.7629188324670132,101,False
diabetes,sh,18,0.9,0.7784886045581767,0.7006397441023591,10,True
diabetes,sh,18,0.95,0.7784886045581767,0.7395641743302678,10,True
diabetes,sh,18,0.98,0.7784886045581767,0.7629188324670132,101,False
diabetes,sh,19,0.9,0.7784886045581767,0.7006397441023591,10,True
diabetes,sh,19,0.95,0.7784886045581767,0.7395641743302678,10,True
diabetes,sh,19,0.98,0.7784886045581767,0.7629188324670132,10,True
diabetes,sh,20,0.9,0.7784886045581767,0.7006397441023591,10,True
diabetes,sh,20,0.95,0.7784886045581767,0.7395641743302678,10,True
diabetes,sh,20,0.98,0.7784886045581767,0.7629188324670132,60,True
diabetes,sh,21,0.9,0.7784886045581767,0.7006397441023591,10,True
diabetes,sh,21,0.95,0.7784886045581767,0.7395641743302678,10,True
diabetes,sh,21,0.98,0.7784886045581767,0.7629188324670132,10,True
diabetes,sh,22,0.9,0.7784886045581767,0.7006397441023591,10,True
diabetes,sh,22,0.95,0.7784886045581767,0.7395641743302678,10,True
diabetes,sh,22,0.98,0.7784886045581767,0.7629188324670132,10,True
diabetes,sh,23,0.9,0.7784886045581767,0.7006397441023591,10,True
diabetes,sh,23,0.95,0.7784886045581767,0.7395641743302678,10,True
diabetes,sh,23,0.98,0.7784886045581767,0.7629188324670132,10,True
diabetes,sh,24,0.9,0.7784886045581767,0.7006397441023591,10,True
diabetes,sh,24,0.95,0.7784886045581767,0.7395641743302678,10,True
diabetes,sh,24,0.98,0.7784886045581767,0.7629188324670132,22,True
diabetes,sh,25,0.9,0.7784886045581767,0.7006397441023591,10,True
diabetes,sh,25,0.95,0.7784886045581767,0.7395641743302678,10,True
diabetes,sh,25,0.98,0.7784886045581767,0.7629188324670132,24,True
diabetes,sh,26,0.9,0.7784886045581767,0.7006397441023591,10,True
diabetes,sh,26,0.95,0.7784886045581767,0.7395641743302678,10,True
diabetes,sh,26,0.98,0.7784886045581767,0.7629188324670132,10,True
diabetes,sh,27,0.9,0.7784886045581767,0.7006397441023591,10,True
diabetes,sh,27,0.95,0.7784886045581767,0.7395641743302678,10,True
diabetes,sh,27,0.98,0.7784886045581767,0.7629188324670132,10,True
diabetes,sh,28,0.9,0.7784886045581767,0.7006397441023591,10,True
diabetes,sh,28,0.95,0.7784886045581767,0.7395641743302678,34,True
diabetes,sh,28,0.98,0.7784886045581767,0.7629188324670132,101,False
diabetes,sh,29,0.9,0.7784886045581767,0.7006397441023591,10,True
diabetes,sh,29,0.95,0.7784886045581767,0.7395641743302678,10,True
diabetes,sh,29,0.98,0.7784886045581767,0.7629188324670132,10,True
ilpd,bo_tpe,0,0.9,0.7285975749256464,0.6557378174330818,1,True
ilpd,bo_tpe,0,0.95,0.7285975749256464,0.692167696179364,7,True
ilpd,bo_tpe,0,0.98,0.7285975749256464,0.7140256234271334,8,True
ilpd,bo_tpe,1,0.9,0.7285975749256464,0.6557378174330818,1,True
ilpd,bo_tpe,1,0.95,0.7285975749256464,0.692167696179364,2,True
ilpd,bo_tpe,1,0.98,0.7285975749256464,0.7140256234271334,2,True
ilpd,bo_tpe,2,0.9,0.7285975749256464,0.6557378174330818,1,True
ilpd,bo_tpe,2,0.95,0.7285975749256464,0.692167696179364,1,True
ilpd,bo_tpe,2,0.98,0.7285975749256464,0.7140256234271334,1,True
ilpd,bo_tpe,3,0.9,0.7285975749256464,0.6557378174330818,1,True
ilpd,bo_tpe,3,0.95,0.7285975749256464,0.692167696179364,2,True
ilpd,bo_tpe,3,0.98,0.7285975749256464,0.7140256234271334,2,True
ilpd,bo_tpe,4,0.9,0.7285975749256464,0.6557378174330818,1,True
ilpd,bo_tpe,4,0.95,0.7285975749256464,0.692167696179364,3,True
ilpd,bo_tpe,4,0.98,0.7285975749256464,0.7140256234271334,3,True
ilpd,bo_tpe,5,0.9,0.7285975749256464,0.6557378174330818,1,True
ilpd,bo_tpe,5,0.95,0.7285975749256464,0.692167696179364,1,True
ilpd,bo_tpe,5,0.98,0.7285975749256464,0.7140256234271334,1,True
ilpd,bo_tpe,6,0.9,0.7285975749256464,0.6557378174330818,1,True
ilpd,bo_tpe,6,0.95,0.7285975749256464,0.692167696179364,1,True
ilpd,bo_tpe,6,0.98,0.7285975749256464,0.7140256234271334,1,True
ilpd,bo_tpe,7,0.9,0.7285975749256464,0.6557378174330818,1,True
ilpd,bo_tpe,7,0.95,0.7285975749256464,0.692167696179364,1,True
ilpd,bo_tpe,7,0.98,0.7285975749256464,0.7140256234271334,1,True
ilpd,bo_tpe,8,0.9,0.7285975749256464,0.6557378174330818,1,True
ilpd,bo_tpe,8,0.95,0.7285975749256464,0.692167696179364,1,True
ilpd,bo_tpe,8,0.98,0.7285975749256464,0.7140256234271334,3,True
ilpd,bo_tpe,9,0.9,0.7285975749256464,0.6557378174330818,1,True
ilpd,bo_tpe,9,0.95,0.7285975749256464,0.692167696179364,1,True
ilpd,bo_tpe,9,0.98,0.7285975749256464,0.7140256234271334,1,True
ilpd,bo_tpe,10,0.9,0.7285975749256464,0.6557378174330818,1,True
ilpd,bo_tpe,10,0.95,0.7285975749256464,0.692167696179364,1,True
ilpd,bo_tpe,10,0.98,0.7285975749256464,0.7140256234271334,1,True
ilpd,bo_tpe,11,0.9,0.7285975749256464,0.6557378174330818,1,True
ilpd,bo_tpe,11,0.95,0.7285975749256464,0.692167696179364,1,True
ilpd,bo_tpe,11,0.98,0.7285975749256464,0.7140256234271334,1,True
ilpd,bo_tpe,12,0.9,0.7285975749256464,0.6557378174330818,1,True
ilpd,bo_tpe,12,0.95,0.7285975749256464,0.692167696179364,1,True
ilpd,bo_tpe,12,0.98,0.7285975749256464,0.7140256234271334,1,True
ilpd,bo_tpe,13,0.9,0.7285975749256464,0.6557378174330818,1,True
ilpd,bo_tpe,13,0.95,0.7285975749256464,0.692167696179364,1,True
ilpd,bo_tpe,13,0.98,0.7285975749256464,0.7140256234271334,2,True
ilpd,bo_tpe,14,0.9,0.7285975749256464,0.6557378174330818,1,True
ilpd,bo_tpe,14,0.95,0.7285975749256464,0.692167696179364,2,True
ilpd,bo_tpe,14,0.98,0.7285975749256464,0.7140256234271334,2,True
ilpd,bo_tpe,15,0.9,0.7285975749256464,0.6557378174330818,1,True
ilpd,bo_tpe,15,0.95,0.7285975749256464,0.692167696179364,1,True
ilpd,bo_tpe,15,0.98,0.7285975749256464,0.7140256234271334,2,True
ilpd,bo_tpe,16,0.9,0.7285975749256464,0.6557378174330818,1,True
ilpd,bo_tpe,16,0.95,0.7285975749256464,0.692167696179364,1,True
ilpd,bo_tpe,16,0.98,0.7285975749256464,0.7140256234271334,1,True
ilpd,bo_tpe,17,0.9,0.7285975749256464,0.6557378174330818,1,True
ilpd,bo_tpe,17,0.95,0.7285975749256464,0.692167696179364,1,True
ilpd,bo_tpe,17,0.98,0.7285975749256464,0.7140256234271334,1,True
ilpd,bo_tpe,18,0.9,0.7285975749256464,0.6557378174330818,1,True
ilpd,bo_tpe,18,0.95,0.7285975749256464,0.692167696179364,2,True
ilpd,bo_tpe,18,0.98,0.7285975749256464,0.7140256234271334,4,True
ilpd,bo_tpe,19,0.9,0.7285975749256464,0.6557378174330818,1,True
ilpd,bo_tpe,19,0.95,0.7285975749256464,0.692167696179364,1,True
ilpd,bo_tpe,19,0.98,0.7285975749256464,0.7140256234271334,1,True
ilpd,bo_tpe,20,0.9,0.7285975749256464,0.6557378174330818,1,True
ilpd,bo_tpe,20,0.95,0.7285975749256464,0.692167696179364,1,True
ilpd,bo_tpe,20,0.98,0.7285975749256464,0.7140256234271334,3,True
ilpd,bo_tpe,21,0.9,0.7285975749256464,0.6557378174330818,1,True
ilpd,bo_tpe,21,0.95,0.7285975749256464,0.692167696179364,1,True
ilpd,bo_tpe,21,0.98,0.7285975749256464,0.7140256234271334,1,True
ilpd,bo_tpe,22,0.9,0.7285975749256464,0.6557378174330818,1,True
ilpd,bo_tpe,22,0.95,0.7285975749256464,0.692167696179364,1,True
ilpd,bo_tpe,22,0.98,0.7285975749256464,0.7140256234271334,1,True
ilpd,bo_tpe,23,0.9,0.7285975749256464,0.6557378174330818,1,True
ilpd,bo_tpe,23,0.95,0.7285975749256464,0.692167696179364,1,True
ilpd,bo_tpe,23,0.98,0.7285975749256464,0.7140256234271334,4,True
ilpd,bo_tpe,24,0.9,0.7285975749256464,0.6557378174330818,1,True
ilpd,bo_tpe,24,0.95,0.7285975749256464,0.692167696179364,2,True
ilpd,bo_tpe,24,0.98,0.7285975749256464,0.7140256234271334,4,True
ilpd,bo_tpe,25,0.9,0.7285975749256464,0.6557378174330818,1,True
ilpd,bo_tpe,25,0.95,0.7285975749256464,0.692167696179364,2,True
ilpd,bo_tpe,25,0.98,0.7285975749256464,0.7140256234271334,2,True
ilpd,bo_tpe,26,0.9,0.7285975749256464,0.6557378174330818,1,True
ilpd,bo_tpe,26,0.95,0.7285975749256464,0.692167696179364,1,True
ilpd,bo_tpe,26,0.98,0.7285975749256464,0.7140256234271334,1,True
ilpd,bo_tpe,27,0.9,0.7285975749256464,0.6557378174330818,1,True
ilpd,bo_tpe,27,0.95,0.7285975749256464,0.692167696179364,2,True
ilpd,bo_tpe,27,0.98,0.7285975749256464,0.7140256234271334,8,True
ilpd,bo_tpe,28,0.9,0.7285975749256464,0.6557378174330818,1,True
ilpd,bo_tpe,28,0.95,0.7285975749256464,0.692167696179364,2,True
ilpd,bo_tpe,28,0.98,0.7285975749256464,0.7140256234271334,2,True
ilpd,bo_tpe,29,0.9,0.7285975749256464,0.6557378174330818,1,True
ilpd,bo_tpe,29,0.95,0.7285975749256464,0.692167696179364,2,True
ilpd,bo_tpe,29,0.98,0.7285975749256464,0.7140256234271334,2,True
ilpd,cuckoo,0,0.9,0.7285975749256464,0.6557378174330818,1,True
ilpd,cuckoo,0,0.95,0.7285975749256464,0.692167696179364,7,True
ilpd,cuckoo,0,0.98,0.7285975749256464,0.7140256234271334,8,True
ilpd,cuckoo,1,0.9,0.7285975749256464,0.6557378174330818,1,True
ilpd,cuckoo,1,0.95,0.7285975749256464,0.692167696179364,2,True
ilpd,cuckoo,1,0.98,0.7285975749256464,0.7140256234271334,2,True
ilpd,cuckoo,2,0.9,0.7285975749256464,0.6557378174330818,1,True
ilpd,cuckoo,2,0.95,0.7285975749256464,0.692167696179364,1,True
ilpd,cuckoo,2,0.98,0.7285975749256464,0.7140256234271334,1,True
ilpd,cuckoo,3,0.9,0.7285975749256464,0.6557378174330818,1,True
ilpd,cuckoo,3,0.95,0.7285975749256464,0.692167696179364,2,True
ilpd,cuckoo,3,0.98,0.7285975749256464,0.7140256234271334,2,True
ilpd,cuckoo,4,0.9,0.7285975749256464,0.6557378174330818,1,True
ilpd,cuckoo,4,0.95,0.7285975749256464,0.692167696179364,3,True
ilpd,cuckoo,4,0.98,0.7285975749256464,0.7140256234271334,3,True
ilpd,cuckoo,5,0.9,0.7285975749256464,0.6557378174330818,1,True
ilpd,cuckoo,5,0.95,0.7285975749256464,0.692167696179364,1,True
ilpd,cuckoo,5,0.98,0.7285975749256464,0.7140256234271334,1,True
ilpd,cuckoo,6,0.9,0.7285975749256464,0.6557378174330818,1,True
ilpd,cuckoo,6,0.95,0.7285975749256464,0.692167696179364,1,True
ilpd,cuckoo,6,0.98,0.7285975749256464,0.7140256234271334,1,True
ilpd,cuckoo,7,0.9,0.7285975749256464,0.6557378174330818,1,True
ilpd,cuckoo,7,0.95,0.7285975749256464,0.692167696179364,1,True
ilpd,cuckoo,7,0.98,0.7285975749256464,0.7140256234271334,1,True
ilpd,cuckoo,8,0.9,0.7285975749256464,0.6557378174330818,1,True
ilpd,cuckoo,8,0.95,0.7285975749256464,0.692167696179364,1,True
ilpd,cuckoo,8,0.98,0.7285975749256464,0.7140256234271334,3,True
ilpd,cuckoo,9,0.9,0.7285975749256464,0.6557378174330818,1,True
ilpd,cuckoo,9,0.95,0.7285975749256464,0.692167696179364,1,True
ilpd,cuckoo,9,0.98,0.7285975749256464,0.7140256234271334,1,True
ilpd,cuckoo,10,0.9,0.7285975749256464,0.6557378174330818,1,True
ilpd,cuckoo,10,0.95,0.7285975749256464,0.692167696179364,1,True
ilpd,cuckoo,10,0.98,0.7285975749256464,0.7140256234271334,1,True
ilpd,cuckoo,11,0.9,0.7285975749256464,0.6557378174330818,1,True
ilpd,cuckoo,11,0.95,0.7285975749256464,0.692167696179364,1,True
ilpd,cuckoo,11,0.98,0.7285975749256464,0.7140256234271334,1,True
ilpd,cuckoo,12,0.9,0.7285975749256464,0.6557378174330818,1,True
ilpd,cuckoo,12,0.95,0.7285975749256464,0.692167696179364,1,True
ilpd,cuckoo,12,0.98,0.7285975749256464,0.7140256234271334,1,True
ilpd,cuckoo,13,0.9,0.7285975749256464,0.6557378174330818,1,True
ilpd,cuckoo,13,0.95,0.7285975749256464,0.692167696179364,1,True
ilpd,cuckoo,13,0.98,0.7285975749256464,0.7140256234271334,2,True
ilpd,cuckoo,14,0.9,0.7285975749256464,0.6557378174330818,1,True
ilpd,cuckoo,14,0.95,0.7285975749256464,0.692167696179364,2,True
ilpd,cuckoo,14,0.98,0.7285975749256464,0.7140256234271334,2,True
ilpd,cuckoo,15,0.9,0.7285975749256464,0.6557378174330818,1,True
ilpd,cuckoo,15,0.95,0.7285975749256464,0.692167696179364,1,True
ilpd,cuckoo,15,0.98,0.7285975749256464,0.7140256234271334,2,True
ilpd,cuckoo,16,0.9,0.7285975749256464,0.6557378174330818,1,True
ilpd,cuckoo,16,0.95,0.7285975749256464,0.692167696179364,1,True
ilpd,cuckoo,16,0.98,0.7285975749256464,0.7140256234271334,1,True
ilpd,cuckoo,17,0.9,0.7285975749256464,0.6557378174330818,1,True
ilpd,cuckoo,17,0.95,0.7285975749256464,0.692167696179364,1,True
ilpd,cuckoo,17,0.98,0.7285975749256464,0.7140256234271334,1,True
ilpd,cuckoo,18,0.9,0.7285975749256464,0.6557378174330818,1,True
ilpd,cuckoo,18,0.95,0.7285975749256464,0.692167696179364,2,True
ilpd,cuckoo,18,0.98,0.7285975749256464,0.7140256234271334,4,True
ilpd,cuckoo,19,0.9,0.7285975749256464,0.6557378174330818,1,True
ilpd,cuckoo,19,0.95,0.7285975749256464,0.692167696179364,1,True
ilpd,cuckoo,19,0.98,0.7285975749256464,0.7140256234271334,1,True
ilpd,cuckoo,20,0.9,0.7285975749256464,0.6557378174330818,1,True
ilpd,cuckoo,20,0.95,0.7285975749256464,0.692167696179364,1,True
ilpd,cuckoo,20,0.98,0.7285975749256464,0.7140256234271334,3,True
ilpd,cuckoo,21,0.9,0.7285975749256464,0.6557378174330818,1,True
ilpd,cuckoo,21,0.95,0.7285975749256464,0.692167696179364,1,True
ilpd,cuckoo,21,0.98,0.7285975749256464,0.7140256234271334,1,True
ilpd,cuckoo,22,0.9,0.7285975749256464,0.6557378174330818,1,True
ilpd,cuckoo,22,0.95,0.7285975749256464,0.692167696179364,1,True
ilpd,cuckoo,22,0.98,0.7285975749256464,0.7140256234271334,1,True
ilpd,cuckoo,23,0.9,0.7285975749256464,0.6557378174330818,1,True
ilpd,cuckoo,23,0.95,0.7285975749256464,0.692167696179364,1,True
ilpd,cuckoo,23,0.98,0.7285975749256464,0.7140256234271334,4,True
ilpd,cuckoo,24,0.9,0.7285975749256464,0.6557378174330818,1,True
ilpd,cuckoo,24,0.95,0.7285975749256464,0.692167696179364,2,True
ilpd,cuckoo,24,0.98,0.7285975749256464,0.7140256234271334,4,True
ilpd,cuckoo,25,0.9,0.7285975749256464,0.6557378174330818,1,True
ilpd,cuckoo,25,0.95,0.7285975749256464,0.692167696179364,2,True
ilpd,cuckoo,25,0.98,0.7285975749256464,0.7140256234271334,2,True
ilpd,cuckoo,26,0.9,0.7285975749256464,0.6557378174330818,1,True
ilpd,cuckoo,26,0.95,0.7285975749256464,0.692167696179364,1,True
ilpd,cuckoo,26,0.98,0.7285975749256464,0.7140256234271334,1,True
ilpd,cuckoo,27,0.9,0.7285975749256464,0.6557378174330818,1,True
ilpd,cuckoo,27,0.95,0.7285975749256464,0.692167696179364,2,True
ilpd,cuckoo,27,0.98,0.7285975749256464,0.7140256234271334,8,True
ilpd,cuckoo,28,0.9,0.7285975749256464,0.6557378174330818,1,True
ilpd,cuckoo,28,0.95,0.7285975749256464,0.692167696179364,2,True
ilpd,cuckoo,28,0.98,0.7285975749256464,0.7140256234271334,2,True
ilpd,cuckoo,29,0.9,0.7285975749256464,0.6557378174330818,1,True
ilpd,cuckoo,29,0.95,0.7285975749256464,0.692167696179364,2,True
ilpd,cuckoo,29,0.98,0.7285975749256464,0.7140256234271334,2,True
ilpd,de,0,0.9,0.7285975749256464,0.6557378174330818,1,True
ilpd,de,0,0.95,0.7285975749256464,0.692167696179364,1,True
ilpd,de,0,0.98,0.7285975749256464,0.7140256234271334,1,True
ilpd,de,1,0.9,0.7285975749256464,0.6557378174330818,1,True
ilpd,de,1,0.95,0.7285975749256464,0.692167696179364,1,True
ilpd,de,1,0.98,0.7285975749256464,0.7140256234271334,2,True
ilpd,de,2,0.9,0.7285975749256464,0.6557378174330818,1,True
ilpd,de,2,0.95,0.7285975749256464,0.692167696179364,1,True
ilpd,de,2,0.98,0.7285975749256464,0.7140256234271334,1,True
ilpd,de,3,0.9,0.7285975749256464,0.6557378174330818,1,True
ilpd,de,3,0.95,0.7285975749256464,0.692167696179364,1,True
ilpd,de,3,0.98,0.7285975749256464,0.7140256234271334,1,True
ilpd,de,4,0.9,0.7285975749256464,0.6557378174330818,1,True
ilpd,de,4,0.95,0.7285975749256464,0.692167696179364,2,True
ilpd,de,4,0.98,0.7285975749256464,0.7140256234271334,2,True
ilpd,de,5,0.9,0.7285975749256464,0.6557378174330818,1,True
ilpd,de,5,0.95,0.7285975749256464,0.692167696179364,1,True
ilpd,de,5,0.98,0.7285975749256464,0.7140256234271334,2,True
ilpd,de,6,0.9,0.7285975749256464,0.6557378174330818,1,True
ilpd,de,6,0.95,0.7285975749256464,0.692167696179364,1,True
ilpd,de,6,0.98,0.7285975749256464,0.7140256234271334,1,True
ilpd,de,7,0.9,0.7285975749256464,0.6557378174330818,1,True
ilpd,de,7,0.95,0.7285975749256464,0.692167696179364,2,True
ilpd,de,7,0.98,0.7285975749256464,0.7140256234271334,4,True
ilpd,de,8,0.9,0.7285975749256464,0.6557378174330818,1,True
ilpd,de,8,0.95,0.7285975749256464,0.692167696179364,1,True
ilpd,de,8,0.98,0.7285975749256464,0.7140256234271334,4,True
ilpd,de,9,0.9,0.7285975749256464,0.6557378174330818,1,True
ilpd,de,9,0.95,0.7285975749256464,0.692167696179364,3,True
ilpd,de,9,0.98,0.7285975749256464,0.7140256234271334,3,True
ilpd,de,10,0.9,0.7285975749256464,0.6557378174330818,1,True
ilpd,de,10,0.95,0.7285975749256464,0.692167696179364,1,True
ilpd,de,10,0.98,0.7285975749256464,0.7140256234271334,2,True
ilpd,de,11,0.9,0.7285975749256464,0.6557378174330818,1,True
ilpd,de,11,0.95,0.7285975749256464,0.692167696179364,1,True
ilpd,de,11,0.98,0.7285975749256464,0.7140256234271334,1,True
ilpd,de,12,0.9,0.7285975749256464,0.6557378174330818,1,True
ilpd,de,12,0.95,0.7285975749256464,0.692167696179364,1,True
ilpd,de,12,0.98,0.7285975749256464,0.7140256234271334,2,True
ilpd,de,13,0.9,0.7285975749256464,0.6557378174330818,1,True
ilpd,de,13,0.95,0.7285975749256464,0.692167696179364,1,True
ilpd,de,13,0.98,0.7285975749256464,0.7140256234271334,3,True
ilpd,de,14,0.9,0.7285975749256464,0.6557378174330818,1,True
ilpd,de,14,0.95,0.7285975749256464,0.692167696179364,2,True
ilpd,de,14,0.98,0.7285975749256464,0.7140256234271334,6,True
ilpd,de,15,0.9,0.7285975749256464,0.6557378174330818,1,True
ilpd,de,15,0.95,0.7285975749256464,0.692167696179364,2,True
ilpd,de,15,0.98,0.7285975749256464,0.7140256234271334,2,True
ilpd,de,16,0.9,0.7285975749256464,0.6557378174330818,1,True
ilpd,de,16,0.95,0.7285975749256464,0.692167696179364,1,True
ilpd,de,16,0.98,0.7285975749256464,0.7140256234271334,2,True
ilpd,de,17,0.9,0.7285975749256464,0.6557378174330818,1,True
ilpd,de,17,0.95,0.7285975749256464,0.692167696179364,1,True
ilpd,de,17,0.98,0.7285975749256464,0.7140256234271334,3,True
ilpd,de,18,0.9,0.7285975749256464,0.6557378174330818,1,True
ilpd,de,18,0.95,0.7285975749256464,0.692167696179364,2,True
ilpd,de,18,0.98,0.7285975749256464,0.7140256234271334,2,True
ilpd,de,19,0.9,0.7285975749256464,0.6557378174330818,1,True
ilpd,de,19,0.95,0.7285975749256464,0.692167696179364,1,True
ilpd,de,19,0.98,0.7285975749256464,0.7140256234271334,2,True
ilpd,de,20,0.9,0.7285975749256464,0.6557378174330818,1,True
ilpd,de,20,0.95,0.7285975749256464,0.692167696179364,1,True
ilpd,de,20,0.98,0.7285975749256464,0.7140256234271334,1,True
ilpd,de,21,0.9,0.7285975749256464,0.6557378174330818,1,True
ilpd,de,21,0.95,0.7285975749256464,0.692167696179364,2,True
ilpd,de,21,0.98,0.7285975749256464,0.7140256234271334,2,True
ilpd,de,22,0.9,0.7285975749256464,0.6557378174330818,1,True
ilpd,de,22,0.95,0.7285975749256464,0.692167696179364,1,True
ilpd,de,22,0.98,0.7285975749256464,0.7140256234271334,1,True
ilpd,de,23,0.9,0.7285975749256464,0.6557378174330818,1,True
ilpd,de,23,0.95,0.7285975749256464,0.692167696179364,2,True
ilpd,de,23,0.98,0.7285975749256464,0.7140256234271334,2,True
ilpd,de,24,0.9,0.7285975749256464,0.6557378174330818,1,True
ilpd,de,24,0.95,0.7285975749256464,0.692167696179364,1,True
ilpd,de,24,0.98,0.7285975749256464,0.7140256234271334,1,True
ilpd,de,25,0.9,0.7285975749256464,0.6557378174330818,1,True
ilpd,de,25,0.95,0.7285975749256464,0.692167696179364,1,True
ilpd,de,25,0.98,0.7285975749256464,0.7140256234271334,1,True
ilpd,de,26,0.9,0.7285975749256464,0.6557378174330818,1,True
ilpd,de,26,0.95,0.7285975749256464,0.692167696179364,1,True
ilpd,de,26,0.98,0.7285975749256464,0.7140256234271334,1,True
ilpd,de,27,0.9,0.7285975749256464,0.6557378174330818,1,True
ilpd,de,27,0.95,0.7285975749256464,0.692167696179364,1,True
ilpd,de,27,0.98,0.7285975749256464,0.7140256234271334,2,True
ilpd,de,28,0.9,0.7285975749256464,0.6557378174330818,1,True
ilpd,de,28,0.95,0.7285975749256464,0.692167696179364,1,True
ilpd,de,28,0.98,0.7285975749256464,0.7140256234271334,2,True
ilpd,de,29,0.9,0.7285975749256464,0.6557378174330818,1,True
ilpd,de,29,0.95,0.7285975749256464,0.692167696179364,1,True
ilpd,de,29,0.98,0.7285975749256464,0.7140256234271334,1,True
ilpd,ga,0,0.9,0.7285975749256464,0.6557378174330818,1,True
ilpd,ga,0,0.95,0.7285975749256464,0.692167696179364,1,True
ilpd,ga,0,0.98,0.7285975749256464,0.7140256234271334,1,True
ilpd,ga,1,0.9,0.7285975749256464,0.6557378174330818,1,True
ilpd,ga,1,0.95,0.7285975749256464,0.692167696179364,1,True
ilpd,ga,1,0.98,0.7285975749256464,0.7140256234271334,2,True
ilpd,ga,2,0.9,0.7285975749256464,0.6557378174330818,1,True
ilpd,ga,2,0.95,0.7285975749256464,0.692167696179364,1,True
ilpd,ga,2,0.98,0.7285975749256464,0.7140256234271334,1,True
ilpd,ga,3,0.9,0.7285975749256464,0.6557378174330818,1,True
ilpd,ga,3,0.95,0.7285975749256464,0.692167696179364,1,True
ilpd,ga,3,0.98,0.7285975749256464,0.7140256234271334,1,True
ilpd,ga,4,0.9,0.7285975749256464,0.6557378174330818,1,True
ilpd,ga,4,0.95,0.7285975749256464,0.692167696179364,2,True
ilpd,ga,4,0.98,0.7285975749256464,0.7140256234271334,2,True
ilpd,ga,5,0.9,0.7285975749256464,0.6557378174330818,1,True
ilpd,ga,5,0.95,0.7285975749256464,0.692167696179364,1,True
ilpd,ga,5,0.98,0.7285975749256464,0.7140256234271334,2,True
ilpd,ga,6,0.9,0.7285975749256464,0.6557378174330818,1,True
ilpd,ga,6,0.95,0.7285975749256464,0.692167696179364,1,True
ilpd,ga,6,0.98,0.7285975749256464,0.7140256234271334,1,True
ilpd,ga,7,0.9,0.7285975749256464,0.6557378174330818,1,True
ilpd,ga,7,0.95,0.7285975749256464,0.692167696179364,2,True
ilpd,ga,7,0.98,0.7285975749256464,0.7140256234271334,4,True
ilpd,ga,8,0.9,0.7285975749256464,0.6557378174330818,1,True
ilpd,ga,8,0.95,0.7285975749256464,0.692167696179364,1,True
ilpd,ga,8,0.98,0.7285975749256464,0.7140256234271334,4,True
ilpd,ga,9,0.9,0.7285975749256464,0.6557378174330818,1,True
ilpd,ga,9,0.95,0.7285975749256464,0.692167696179364,3,True
ilpd,ga,9,0.98,0.7285975749256464,0.7140256234271334,3,True
ilpd,ga,10,0.9,0.7285975749256464,0.6557378174330818,1,True
ilpd,ga,10,0.95,0.7285975749256464,0.692167696179364,1,True
ilpd,ga,10,0.98,0.7285975749256464,0.7140256234271334,2,True
ilpd,ga,11,0.9,0.7285975749256464,0.6557378174330818,1,True
ilpd,ga,11,0.95,0.7285975749256464,0.692167696179364,1,True
ilpd,ga,11,0.98,0.7285975749256464,0.7140256234271334,1,True
ilpd,ga,12,0.9,0.7285975749256464,0.6557378174330818,1,True
ilpd,ga,12,0.95,0.7285975749256464,0.692167696179364,1,True
ilpd,ga,12,0.98,0.7285975749256464,0.7140256234271334,2,True
ilpd,ga,13,0.9,0.7285975749256464,0.6557378174330818,1,True
ilpd,ga,13,0.95,0.7285975749256464,0.692167696179364,1,True
ilpd,ga,13,0.98,0.7285975749256464,0.7140256234271334,3,True
ilpd,ga,14,0.9,0.7285975749256464,0.6557378174330818,1,True
ilpd,ga,14,0.95,0.7285975749256464,0.692167696179364,2,True
ilpd,ga,14,0.98,0.7285975749256464,0.7140256234271334,6,True
ilpd,ga,15,0.9,0.7285975749256464,0.6557378174330818,1,True
ilpd,ga,15,0.95,0.7285975749256464,0.692167696179364,2,True
ilpd,ga,15,0.98,0.7285975749256464,0.7140256234271334,2,True
ilpd,ga,16,0.9,0.7285975749256464,0.6557378174330818,1,True
ilpd,ga,16,0.95,0.7285975749256464,0.692167696179364,1,True
ilpd,ga,16,0.98,0.7285975749256464,0.7140256234271334,2,True
ilpd,ga,17,0.9,0.7285975749256464,0.6557378174330818,1,True
ilpd,ga,17,0.95,0.7285975749256464,0.692167696179364,1,True
ilpd,ga,17,0.98,0.7285975749256464,0.7140256234271334,3,True
ilpd,ga,18,0.9,0.7285975749256464,0.6557378174330818,1,True
ilpd,ga,18,0.95,0.7285975749256464,0.692167696179364,2,True
ilpd,ga,18,0.98,0.7285975749256464,0.7140256234271334,2,True
ilpd,ga,19,0.9,0.7285975749256464,0.6557378174330818,1,True
ilpd,ga,19,0.95,0.7285975749256464,0.692167696179364,1,True
ilpd,ga,19,0.98,0.7285975749256464,0.7140256234271334,2,True
ilpd,ga,20,0.9,0.7285975749256464,0.6557378174330818,1,True
ilpd,ga,20,0.95,0.7285975749256464,0.692167696179364,1,True
ilpd,ga,20,0.98,0.7285975749256464,0.7140256234271334,1,True
ilpd,ga,21,0.9,0.7285975749256464,0.6557378174330818,1,True
ilpd,ga,21,0.95,0.7285975749256464,0.692167696179364,2,True
ilpd,ga,21,0.98,0.7285975749256464,0.7140256234271334,2,True
ilpd,ga,22,0.9,0.7285975749256464,0.6557378174330818,1,True
ilpd,ga,22,0.95,0.7285975749256464,0.692167696179364,1,True
ilpd,ga,22,0.98,0.7285975749256464,0.7140256234271334,1,True
ilpd,ga,23,0.9,0.7285975749256464,0.6557378174330818,1,True
ilpd,ga,23,0.95,0.7285975749256464,0.692167696179364,2,True
ilpd,ga,23,0.98,0.7285975749256464,0.7140256234271334,2,True
ilpd,ga,24,0.9,0.7285975749256464,0.6557378174330818,1,True
ilpd,ga,24,0.95,0.7285975749256464,0.692167696179364,1,True
ilpd,ga,24,0.98,0.7285975749256464,0.7140256234271334,1,True
ilpd,ga,25,0.9,0.7285975749256464,0.6557378174330818,1,True
ilpd,ga,25,0.95,0.7285975749256464,0.692167696179364,1,True
ilpd,ga,25,0.98,0.7285975749256464,0.7140256234271334,1,True
ilpd,ga,26,0.9,0.7285975749256464,0.6557378174330818,1,True
ilpd,ga,26,0.95,0.7285975749256464,0.692167696179364,1,True
ilpd,ga,26,0.98,0.7285975749256464,0.7140256234271334,1,True
ilpd,ga,27,0.9,0.7285975749256464,0.6557378174330818,1,True
ilpd,ga,27,0.95,0.7285975749256464,0.692167696179364,1,True
ilpd,ga,27,0.98,0.7285975749256464,0.7140256234271334,2,True
ilpd,ga,28,0.9,0.7285975749256464,0.6557378174330818,1,True
ilpd,ga,28,0.95,0.7285975749256464,0.692167696179364,1,True
ilpd,ga,28,0.98,0.7285975749256464,0.7140256234271334,2,True
ilpd,ga,29,0.9,0.7285975749256464,0.6557378174330818,1,True
ilpd,ga,29,0.95,0.7285975749256464,0.692167696179364,1,True
ilpd,ga,29,0.98,0.7285975749256464,0.7140256234271334,1,True
ilpd,grid,0,0.9,0.7285975749256464,0.6557378174330818,1,True
ilpd,grid,0,0.95,0.7285975749256464,0.692167696179364,1,True
ilpd,grid,0,0.98,0.7285975749256464,0.7140256234271334,3,True
ilpd,grid,1,0.9,0.7285975749256464,0.6557378174330818,1,True
ilpd,grid,1,0.95,0.7285975749256464,0.692167696179364,1,True
ilpd,grid,1,0.98,0.7285975749256464,0.7140256234271334,1,True
ilpd,grid,2,0.9,0.7285975749256464,0.6557378174330818,1,True
ilpd,grid,2,0.95,0.7285975749256464,0.692167696179364,1,True
ilpd,grid,2,0.98,0.7285975749256464,0.7140256234271334,2,True
ilpd,grid,3,0.9,0.7285975749256464,0.6557378174330818,1,True
ilpd,grid,3,0.95,0.7285975749256464,0.692167696179364,3,True
ilpd,grid,3,0.98,0.7285975749256464,0.7140256234271334,3,True
ilpd,grid,4,0.9,0.7285975749256464,0.6557378174330818,1,True
ilpd,grid,4,0.95,0.7285975749256464,0.692167696179364,1,True
ilpd,grid,4,0.98,0.7285975749256464,0.7140256234271334,1,True
ilpd,grid,5,0.9,0.7285975749256464,0.6557378174330818,1,True
ilpd,grid,5,0.95,0.7285975749256464,0.692167696179364,2,True
ilpd,grid,5,0.98,0.7285975749256464,0.7140256234271334,2,True
ilpd,grid,6,0.9,0.7285975749256464,0.6557378174330818,1,True
ilpd,grid,6,0.95,0.7285975749256464,0.692167696179364,1,True
ilpd,grid,6,0.98,0.7285975749256464,0.7140256234271334,1,True
ilpd,grid,7,0.9,0.7285975749256464,0.6557378174330818,1,True
ilpd,grid,7,0.95,0.7285975749256464,0.692167696179364,2,True
ilpd,grid,7,0.98,0.7285975749256464,0.7140256234271334,6,True
ilpd,grid,8,0.9,0.7285975749256464,0.6557378174330818,1,True
ilpd,grid,8,0.95,0.7285975749256464,0.692167696179364,1,True
ilpd,grid,8,0.98,0.7285975749256464,0.7140256234271334,1,True
ilpd,grid,9,0.9,0.7285975749256464,0.6557378174330818,1,True
ilpd,grid,9,0.95,0.7285975749256464,0.692167696179364,2,True
ilpd,grid,9,0.98,0.7285975749256464,0.7140256234271334,2,True
ilpd,grid,10,0.9,0.7285975749256464,0.6557378174330818,1,True
ilpd,grid,10,0.95,0.7285975749256464,0.692167696179364,1,True
ilpd,grid,10,0.98,0.7285975749256464,0.7140256234271334,1,True
ilpd,grid,11,0.9,0.7285975749256464,0.6557378174330818,1,True
ilpd,grid,11,0.95,0.7285975749256464,0.692167696179364,2,True
ilpd,grid,11,0.98,0.7285975749256464,0.7140256234271334,2,True
ilpd,grid,12,0.9,0.7285975749256464,0.6557378174330818,1,True
ilpd,grid,12,0.95,0.7285975749256464,0.692167696179364,1,True
ilpd,grid,12,0.98,0.7285975749256464,0.7140256234271334,1,True
ilpd,grid,13,0.9,0.7285975749256464,0.6557378174330818,1,True
ilpd,grid,13,0.95,0.7285975749256464,0.692167696179364,1,True
ilpd,grid,13,0.98,0.7285975749256464,0.7140256234271334,2,True
ilpd,grid,14,0.9,0.7285975749256464,0.6557378174330818,1,True
ilpd,grid,14,0.95,0.7285975749256464,0.692167696179364,1,True
ilpd,grid,14,0.98,0.7285975749256464,0.7140256234271334,1,True
ilpd,grid,15,0.9,0.7285975749256464,0.6557378174330818,1,True
ilpd,grid,15,0.95,0.7285975749256464,0.692167696179364,1,True
ilpd,grid,15,0.98,0.7285975749256464,0.7140256234271334,4,True
ilpd,grid,16,0.9,0.7285975749256464,0.6557378174330818,1,True
ilpd,grid,16,0.95,0.7285975749256464,0.692167696179364,1,True
ilpd,grid,16,0.98,0.7285975749256464,0.7140256234271334,1,True
ilpd,grid,17,0.9,0.7285975749256464,0.6557378174330818,1,True
ilpd,grid,17,0.95,0.7285975749256464,0.692167696179364,1,True
ilpd,grid,17,0.98,0.7285975749256464,0.7140256234271334,1,True
ilpd,grid,18,0.9,0.7285975749256464,0.6557378174330818,1,True
ilpd,grid,18,0.95,0.7285975749256464,0.692167696179364,1,True
ilpd,grid,18,0.98,0.7285975749256464,0.7140256234271334,1,True
ilpd,grid,19,0.9,0.7285975749256464,0.6557378174330818,1,True
ilpd,grid,19,0.95,0.7285975749256464,0.692167696179364,2,True
ilpd,grid,19,0.98,0.7285975749256464,0.7140256234271334,3,True
ilpd,grid,20,0.9,0.7285975749256464,0.6557378174330818,1,True
ilpd,grid,20,0.95,0.7285975749256464,0.692167696179364,1,True
ilpd,grid,20,0.98,0.7285975749256464,0.7140256234271334,1,True
ilpd,grid,21,0.9,0.7285975749256464,0.6557378174330818,1,True
ilpd,grid,21,0.95,0.7285975749256464,0.692167696179364,1,True
ilpd,grid,21,0.98,0.7285975749256464,0.7140256234271334,1,True
ilpd,grid,22,0.9,0.7285975749256464,0.6557378174330818,1,True
ilpd,grid,22,0.95,0.7285975749256464,0.692167696179364,1,True
ilpd,grid,22,0.98,0.7285975749256464,0.7140256234271334,1,True
ilpd,grid,23,0.9,0.7285975749256464,0.6557378174330818,1,True
ilpd,grid,23,0.95,0.7285975749256464,0.692167696179364,1,True
ilpd,grid,23,0.98,0.7285975749256464,0.7140256234271334,2,True
ilpd,grid,24,0.9,0.7285975749256464,0.6557378174330818,1,True
ilpd,grid,24,0.95,0.7285975749256464,0.692167696179364,1,True
ilpd,grid,24,0.98,0.7285975749256464,0.7140256234271334,2,True
ilpd,grid,25,0.9,0.7285975749256464,0.6557378174330818,1,True
ilpd,grid,25,0.95,0.7285975749256464,0.692167696179364,1,True
ilpd,grid,25,0.98,0.7285975749256464,0.7140256234271334,1,True
ilpd,grid,26,0.9,0.7285975749256464,0.6557378174330818,1,True
ilpd,grid,26,0.95,0.7285975749256464,0.692167696179364,1,True
ilpd,grid,26,0.98,0.7285975749256464,0.7140256234271334,1,True
ilpd,grid,27,0.9,0.7285975749256464,0.6557378174330818,1,True
ilpd,grid,27,0.95,0.7285975749256464,0.692167696179364,1,True
ilpd,grid,27,0.98,0.7285975749256464,0.7140256234271334,3,True
ilpd,grid,28,0.9,0.7285975749256464,0.6557378174330818,1,True
ilpd,grid,28,0.95,0.7285975749256464,0.692167696179364,2,True
ilpd,grid,28,0.98,0.7285975749256464,0.7140256234271334,2,True
ilpd,grid,29,0.9,0.7285975749256464,0.6557378174330818,1,True
ilpd,grid,29,0.95,0.7285975749256464,0.692167696179364,1,True
ilpd,grid,29,0.98,0.7285975749256464,0.7140256234271334,2,True
ilpd,pso,0,0.9,0.7285975749256464,0.6557378174330818,1,True
ilpd,pso,0,0.95,0.7285975749256464,0.692167696179364,1,True
ilpd,pso,0,0.98,0.7285975749256464,0.7140256234271334,1,True
ilpd,pso,1,0.9,0.7285975749256464,0.6557378174330818,1,True
ilpd,pso,1,0.95,0.7285975749256464,0.692167696179364,2,True
ilpd,pso,1,0.98,0.7285975749256464,0.7140256234271334,2,True
ilpd,pso,2,0.9,0.7285975749256464,0.6557378174330818,1,True
ilpd,pso,2,0.95,0.7285975749256464,0.692167696179364,2,True
ilpd,pso,2,0.98,0.7285975749256464,0.7140256234271334,3,True
ilpd,pso,3,0.9,0.7285975749256464,0.6557378174330818,1,True
ilpd,pso,3,0.95,0.7285975749256464,0.692167696179364,1,True
ilpd,pso,3,0.98,0.7285975749256464,0.7140256234271334,1,True
ilpd,pso,4,0.9,0.7285975749256464,0.6557378174330818,1,True
ilpd,pso,4,0.95,0.7285975749256464,0.692167696179364,2,True
ilpd,pso,4,0.98,0.7285975749256464,0.7140256234271334,2,True
ilpd,pso,5,0.9,0.7285975749256464,0.6557378174330818,1,True
ilpd,pso,5,0.95,0.7285975749256464,0.692167696179364,1,True
ilpd,pso,5,0.98,0.7285975749256464,0.7140256234271334,1,True
ilpd,pso,6,0.9,0.7285975749256464,0.6557378174330818,1,True
ilpd,pso,6,0.95,0.7285975749256464,0.692167696179364,2,True
ilpd,pso,6,0.98,0.7285975749256464,0.7140256234271334,3,True
ilpd,pso,7,0.9,0.7285975749256464,0.6557378174330818,1,True
ilpd,pso,7,0.95,0.7285975749256464,0.692167696179364,1,True
ilpd,pso,7,0.98,0.7285975749256464,0.7140256234271334,1,True
ilpd,pso,8,0.9,0.7285975749256464,0.6557378174330818,1,True
ilpd,pso,8,0.95,0.7285975749256464,0.692167696179364,1,True
ilpd,pso,8,0.98,0.7285975749256464,0.7140256234271334,1,True
ilpd,pso,9,0.9,0.7285975749256464,0.6557378174330818,1,True
ilpd,pso,9,0.95,0.7285975749256464,0.692167696179364,1,True
ilpd,pso,9,0.98,0.7285975749256464,0.7140256234271334,1,True
ilpd,pso,10,0.9,0.7285975749256464,0.6557378174330818,1,True
ilpd,pso,10,0.95,0.7285975749256464,0.692167696179364,1,True
ilpd,pso,10,0.98,0.7285975749256464,0.7140256234271334,1,True
ilpd,pso,11,0.9,0.7285975749256464,0.6557378174330818,1,True
ilpd,pso,11,0.95,0.7285975749256464,0.692167696179364,1,True
ilpd,pso,11,0.98,0.7285975749256464,0.7140256234271334,1,True
ilpd,pso,12,0.9,0.7285975749256464,0.6557378174330818,1,True
ilpd,pso,12,0.95,0.7285975749256464,0.692167696179364,1,True
ilpd,pso,12,0.98,0.7285975749256464,0.7140256234271334,1,True
ilpd,pso,13,0.9,0.7285975749256464,0.6557378174330818,1,True
ilpd,pso,13,0.95,0.7285975749256464,0.692167696179364,1,True
ilpd,pso,13,0.98,0.7285975749256464,0.7140256234271334,4,True
ilpd,pso,14,0.9,0.7285975749256464,0.6557378174330818,1,True
ilpd,pso,14,0.95,0.7285975749256464,0.692167696179364,2,True
ilpd,pso,14,0.98,0.7285975749256464,0.7140256234271334,2,True
ilpd,pso,15,0.9,0.7285975749256464,0.6557378174330818,1,True
ilpd,pso,15,0.95,0.7285975749256464,0.692167696179364,1,True
ilpd,pso,15,0.98,0.7285975749256464,0.7140256234271334,1,True
ilpd,pso,16,0.9,0.7285975749256464,0.6557378174330818,1,True
ilpd,pso,16,0.95,0.7285975749256464,0.692167696179364,1,True
ilpd,pso,16,0.98,0.7285975749256464,0.7140256234271334,3,True
ilpd,pso,17,0.9,0.7285975749256464,0.6557378174330818,1,True
ilpd,pso,17,0.95,0.7285975749256464,0.692167696179364,1,True
ilpd,pso,17,0.98,0.7285975749256464,0.7140256234271334,1,True
ilpd,pso,18,0.9,0.7285975749256464,0.6557378174330818,1,True
ilpd,pso,18,0.95,0.7285975749256464,0.692167696179364,2,True
ilpd,pso,18,0.98,0.7285975749256464,0.7140256234271334,6,True
ilpd,pso,19,0.9,0.7285975749256464,0.6557378174330818,1,True
ilpd,pso,19,0.95,0.7285975749256464,0.692167696179364,1,True
ilpd,pso,19,0.98,0.7285975749256464,0.7140256234271334,1,True
ilpd,pso,20,0.9,0.7285975749256464,0.6557378174330818,1,True
ilpd,pso,20,0.95,0.7285975749256464,0.692167696179364,1,True
ilpd,pso,20,0.98,0.7285975749256464,0.7140256234271334,1,True
ilpd,pso,21,0.9,0.7285975749256464,0.6557378174330818,1,True
ilpd,pso,21,0.95,0.7285975749256464,0.692167696179364,2,True
ilpd,pso,21,0.98,0.7285975749256464,0.7140256234271334,4,True
ilpd,pso,22,0.9,0.7285975749256464,0.6557378174330818,1,True
ilpd,pso,22,0.95,0.7285975749256464,0.692167696179364,1,True
ilpd,pso,22,0.98,0.7285975749256464,0.7140256234271334,3,True
ilpd,pso,23,0.9,0.7285975749256464,0.6557378174330818,1,True
ilpd,pso,23,0.95,0.7285975749256464,0.692167696179364,1,True
ilpd,pso,23,0.98,0.7285975749256464,0.7140256234271334,1,True
ilpd,pso,24,0.9,0.7285975749256464,0.6557378174330818,1,True
ilpd,pso,24,0.95,0.7285975749256464,0.692167696179364,1,True
ilpd,pso,24,0.98,0.7285975749256464,0.7140256234271334,1,True
ilpd,pso,25,0.9,0.7285975749256464,0.6557378174330818,1,True
ilpd,pso,25,0.95,0.7285975749256464,0.692167696179364,1,True
ilpd,pso,25,0.98,0.7285975749256464,0.7140256234271334,1,True
ilpd,pso,26,0.9,0.7285975749256464,0.6557378174330818,1,True
ilpd,pso,26,0.95,0.7285975749256464,0.692167696179364,2,True
ilpd,pso,26,0.98,0.7285975749256464,0.7140256234271334,2,True
ilpd,pso,27,0.9,0.7285975749256464,0.6557378174330818,1,True
ilpd,pso,27,0.95,0.7285975749256464,0.692167696179364,2,True
ilpd,pso,27,0.98,0.7285975749256464,0.7140256234271334,3,True
ilpd,pso,28,0.9,0.7285975749256464,0.6557378174330818,1,True
ilpd,pso,28,0.95,0.7285975749256464,0.692167696179364,1,True
ilpd,pso,28,0.98,0.7285975749256464,0.7140256234271334,1,True
ilpd,pso,29,0.9,0.7285975749256464,0.6557378174330818,1,True
ilpd,pso,29,0.95,0.7285975749256464,0.692167696179364,1,True
ilpd,pso,29,0.98,0.7285975749256464,0.7140256234271334,1,True
ilpd,random,0,0.9,0.7285975749256464,0.6557378174330818,1,True
ilpd,random,0,0.95,0.7285975749256464,0.692167696179364,7,True
ilpd,random,0,0.98,0.7285975749256464,0.7140256234271334,8,True
ilpd,random,1,0.9,0.7285975749256464,0.6557378174330818,1,True
ilpd,random,1,0.95,0.7285975749256464,0.692167696179364,2,True
ilpd,random,1,0.98,0.7285975749256464,0.7140256234271334,2,True
ilpd,random,2,0.9,0.7285975749256464,0.6557378174330818,1,True
ilpd,random,2,0.95,0.7285975749256464,0.692167696179364,1,True
ilpd,random,2,0.98,0.7285975749256464,0.7140256234271334,1,True
ilpd,random,3,0.9,0.7285975749256464,0.6557378174330818,1,True
ilpd,random,3,0.95,0.7285975749256464,0.692167696179364,2,True
ilpd,random,3,0.98,0.7285975749256464,0.7140256234271334,2,True
ilpd,random,4,0.9,0.7285975749256464,0.6557378174330818,1,True
ilpd,random,4,0.95,0.7285975749256464,0.692167696179364,3,True
ilpd,random,4,0.98,0.7285975749256464,0.7140256234271334,3,True
ilpd,random,5,0.9,0.7285975749256464,0.6557378174330818,1,True
ilpd,random,5,0.95,0.7285975749256464,0.692167696179364,1,True
ilpd,random,5,0.98,0.7285975749256464,0.7140256234271334,1,True
ilpd,random,6,0.9,0.7285975749256464,0.6557378174330818,1,True
ilpd,random,6,0.95,0.7285975749256464,0.692167696179364,1,True
ilpd,random,6,0.98,0.7285975749256464,0.7140256234271334,1,True
ilpd,random,7,0.9,0.7285975749256464,0.6557378174330818,1,True
ilpd,random,7,0.95,0.7285975749256464,0.692167696179364,1,True
ilpd,random,7,0.98,0.7285975749256464,0.7140256234271334,1,True
ilpd,random,8,0.9,0.7285975749256464,0.6557378174330818,1,True
ilpd,random,8,0.95,0.7285975749256464,0.692167696179364,1,True
ilpd,random,8,0.98,0.7285975749256464,0.7140256234271334,3,True
ilpd,random,9,0.9,0.7285975749256464,0.6557378174330818,1,True
ilpd,random,9,0.95,0.7285975749256464,0.692167696179364,1,True
ilpd,random,9,0.98,0.7285975749256464,0.7140256234271334,1,True
ilpd,random,10,0.9,0.7285975749256464,0.6557378174330818,1,True
ilpd,random,10,0.95,0.7285975749256464,0.692167696179364,1,True
ilpd,random,10,0.98,0.7285975749256464,0.7140256234271334,1,True
ilpd,random,11,0.9,0.7285975749256464,0.6557378174330818,1,True
ilpd,random,11,0.95,0.7285975749256464,0.692167696179364,1,True
ilpd,random,11,0.98,0.7285975749256464,0.7140256234271334,1,True
ilpd,random,12,0.9,0.7285975749256464,0.6557378174330818,1,True
ilpd,random,12,0.95,0.7285975749256464,0.692167696179364,1,True
ilpd,random,12,0.98,0.7285975749256464,0.7140256234271334,1,True
ilpd,random,13,0.9,0.7285975749256464,0.6557378174330818,1,True
ilpd,random,13,0.95,0.7285975749256464,0.692167696179364,1,True
ilpd,random,13,0.98,0.7285975749256464,0.7140256234271334,2,True
ilpd,random,14,0.9,0.7285975749256464,0.6557378174330818,1,True
ilpd,random,14,0.95,0.7285975749256464,0.692167696179364,2,True
ilpd,random,14,0.98,0.7285975749256464,0.7140256234271334,2,True
ilpd,random,15,0.9,0.7285975749256464,0.6557378174330818,1,True
ilpd,random,15,0.95,0.7285975749256464,0.692167696179364,1,True
ilpd,random,15,0.98,0.7285975749256464,0.7140256234271334,2,True
ilpd,random,16,0.9,0.7285975749256464,0.6557378174330818,1,True
ilpd,random,16,0.95,0.7285975749256464,0.692167696179364,1,True
ilpd,random,16,0.98,0.7285975749256464,0.7140256234271334,1,True
ilpd,random,17,0.9,0.7285975749256464,0.6557378174330818,1,True
ilpd,random,17,0.95,0.7285975749256464,0.692167696179364,1,True
ilpd,random,17,0.98,0.7285975749256464,0.7140256234271334,1,True
ilpd,random,18,0.9,0.7285975749256464,0.6557378174330818,1,True
ilpd,random,18,0.95,0.7285975749256464,0.692167696179364,2,True
ilpd,random,18,0.98,0.7285975749256464,0.7140256234271334,4,True
ilpd,random,19,0.9,0.7285975749256464,0.6557378174330818,1,True
ilpd,random,19,0.95,0.7285975749256464,0.692167696179364,1,True
ilpd,random,19,0.98,0.7285975749256464,0.7140256234271334,1,True
ilpd,random,20,0.9,0.7285975749256464,0.6557378174330818,1,True
ilpd,random,20,0.95,0.7285975749256464,0.692167696179364,1,True
ilpd,random,20,0.98,0.7285975749256464,0.7140256234271334,3,True
ilpd,random,21,0.9,0.7285975749256464,0.6557378174330818,1,True
ilpd,random,21,0.95,0.7285975749256464,0.692167696179364,1,True
ilpd,random,21,0.98,0.7285975749256464,0.7140256234271334,1,True
ilpd,random,22,0.9,0.7285975749256464,0.6557378174330818,1,True
ilpd,random,22,0.95,0.7285975749256464,0.692167696179364,1,True
ilpd,random,22,0.98,0.7285975749256464,0.7140256234271334,1,True
ilpd,random,23,0.9,0.7285975749256464,0.6557378174330818,1,True
ilpd,random,23,0.95,0.7285975749256464,0.692167696179364,1,True
ilpd,random,23,0.98,0.7285975749256464,0.7140256234271334,4,True
ilpd,random,24,0.9,0.7285975749256464,0.6557378174330818,1,True
ilpd,random,24,0.95,0.7285975749256464,0.692167696179364,2,True
ilpd,random,24,0.98,0.7285975749256464,0.7140256234271334,4,True
ilpd,random,25,0.9,0.7285975749256464,0.6557378174330818,1,True
ilpd,random,25,0.95,0.7285975749256464,0.692167696179364,2,True
ilpd,random,25,0.98,0.7285975749256464,0.7140256234271334,2,True
ilpd,random,26,0.9,0.7285975749256464,0.6557378174330818,1,True
ilpd,random,26,0.95,0.7285975749256464,0.692167696179364,1,True
ilpd,random,26,0.98,0.7285975749256464,0.7140256234271334,1,True
ilpd,random,27,0.9,0.7285975749256464,0.6557378174330818,1,True
ilpd,random,27,0.95,0.7285975749256464,0.692167696179364,2,True
ilpd,random,27,0.98,0.7285975749256464,0.7140256234271334,8,True
ilpd,random,28,0.9,0.7285975749256464,0.6557378174330818,1,True
ilpd,random,28,0.95,0.7285975749256464,0.692167696179364,2,True
ilpd,random,28,0.98,0.7285975749256464,0.7140256234271334,2,True
ilpd,random,29,0.9,0.7285975749256464,0.6557378174330818,1,True
ilpd,random,29,0.95,0.7285975749256464,0.692167696179364,2,True
ilpd,random,29,0.98,0.7285975749256464,0.7140256234271334,2,True
ilpd,sa,0,0.9,0.7285975749256464,0.6557378174330818,1,True
ilpd,sa,0,0.95,0.7285975749256464,0.692167696179364,2,True
ilpd,sa,0,0.98,0.7285975749256464,0.7140256234271334,7,True
ilpd,sa,1,0.9,0.7285975749256464,0.6557378174330818,1,True
ilpd,sa,1,0.95,0.7285975749256464,0.692167696179364,3,True
ilpd,sa,1,0.98,0.7285975749256464,0.7140256234271334,3,True
ilpd,sa,2,0.9,0.7285975749256464,0.6557378174330818,1,True
ilpd,sa,2,0.95,0.7285975749256464,0.692167696179364,1,True
ilpd,sa,2,0.98,0.7285975749256464,0.7140256234271334,1,True
ilpd,sa,3,0.9,0.7285975749256464,0.6557378174330818,1,True
ilpd,sa,3,0.95,0.7285975749256464,0.692167696179364,4,True
ilpd,sa,3,0.98,0.7285975749256464,0.7140256234271334,7,True
ilpd,sa,4,0.9,0.7285975749256464,0.6557378174330818,1,True
ilpd,sa,4,0.95,0.7285975749256464,0.692167696179364,8,True
ilpd,sa,4,0.98,0.7285975749256464,0.7140256234271334,9,True
ilpd,sa,5,0.9,0.7285975749256464,0.6557378174330818,1,True
ilpd,sa,5,0.95,0.7285975749256464,0.692167696179364,1,True
ilpd,sa,5,0.98,0.7285975749256464,0.7140256234271334,1,True
ilpd,sa,6,0.9,0.7285975749256464,0.6557378174330818,1,True
ilpd,sa,6,0.95,0.7285975749256464,0.692167696179364,1,True
ilpd,sa,6,0.98,0.7285975749256464,0.7140256234271334,1,True
ilpd,sa,7,0.9,0.7285975749256464,0.6557378174330818,1,True
ilpd,sa,7,0.95,0.7285975749256464,0.692167696179364,1,True
ilpd,sa,7,0.98,0.7285975749256464,0.7140256234271334,1,True
ilpd,sa,8,0.9,0.7285975749256464,0.6557378174330818,1,True
ilpd,sa,8,0.95,0.7285975749256464,0.692167696179364,1,True
ilpd,sa,8,0.98,0.7285975749256464,0.7140256234271334,11,True
ilpd,sa,9,0.9,0.7285975749256464,0.6557378174330818,1,True
ilpd,sa,9,0.95,0.7285975749256464,0.692167696179364,1,True
ilpd,sa,9,0.98,0.7285975749256464,0.7140256234271334,1,True
ilpd,sa,10,0.9,0.7285975749256464,0.6557378174330818,1,True
ilpd,sa,10,0.95,0.7285975749256464,0.692167696179364,1,True
ilpd,sa,10,0.98,0.7285975749256464,0.7140256234271334,1,True
ilpd,sa,11,0.9,0.7285975749256464,0.6557378174330818,1,True
ilpd,sa,11,0.95,0.7285975749256464,0.692167696179364,1,True
ilpd,sa,11,0.98,0.7285975749256464,0.7140256234271334,1,True
ilpd,sa,12,0.9,0.7285975749256464,0.6557378174330818,1,True
ilpd,sa,12,0.95,0.7285975749256464,0.692167696179364,1,True
ilpd,sa,12,0.98,0.7285975749256464,0.7140256234271334,1,True
ilpd,sa,13,0.9,0.7285975749256464,0.6557378174330818,1,True
ilpd,sa,13,0.95,0.7285975749256464,0.692167696179364,1,True
ilpd,sa,13,0.98,0.7285975749256464,0.7140256234271334,13,True
ilpd,sa,14,0.9,0.7285975749256464,0.6557378174330818,1,True
ilpd,sa,14,0.95,0.7285975749256464,0.692167696179364,3,True
ilpd,sa,14,0.98,0.7285975749256464,0.7140256234271334,8,True
ilpd,sa,15,0.9,0.7285975749256464,0.6557378174330818,1,True
ilpd,sa,15,0.95,0.7285975749256464,0.692167696179364,1,True
ilpd,sa,15,0.98,0.7285975749256464,0.7140256234271334,2,True
ilpd,sa,16,0.9,0.7285975749256464,0.6557378174330818,1,True
ilpd,sa,16,0.95,0.7285975749256464,0.692167696179364,1,True
ilpd,sa,16,0.98,0.7285975749256464,0.7140256234271334,1,True
ilpd,sa,17,0.9,0.7285975749256464,0.6557378174330818,1,True
ilpd,sa,17,0.95,0.7285975749256464,0.692167696179364,1,True
ilpd,sa,17,0.98,0.7285975749256464,0.7140256234271334,1,True
ilpd,sa,18,0.9,0.7285975749256464,0.6557378174330818,1,True
ilpd,sa,18,0.95,0.7285975749256464,0.692167696179364,13,True
ilpd,sa,18,0.98,0.7285975749256464,0.7140256234271334,13,True
ilpd,sa,19,0.9,0.7285975749256464,0.6557378174330818,1,True
ilpd,sa,19,0.95,0.7285975749256464,0.692167696179364,1,True
ilpd,sa,19,0.98,0.7285975749256464,0.7140256234271334,1,True
ilpd,sa,20,0.9,0.7285975749256464,0.6557378174330818,1,True
ilpd,sa,20,0.95,0.7285975749256464,0.692167696179364,1,True
ilpd,sa,20,0.98,0.7285975749256464,0.7140256234271334,7,True
ilpd,sa,21,0.9,0.7285975749256464,0.6557378174330818,1,True
ilpd,sa,21,0.95,0.7285975749256464,0.692167696179364,1,True
ilpd,sa,21,0.98,0.7285975749256464,0.7140256234271334,1,True
ilpd,sa,22,0.9,0.7285975749256464,0.6557378174330818,1,True
ilpd,sa,22,0.95,0.7285975749256464,0.692167696179364,1,True
ilpd,sa,22,0.98,0.7285975749256464,0.7140256234271334,1,True
ilpd,sa,23,0.9,0.7285975749256464,0.6557378174330818,1,True
ilpd,sa,23,0.95,0.7285975749256464,0.692167696179364,1,True
ilpd,sa,23,0.98,0.7285975749256464,0.7140256234271334,42,True
ilpd,sa,24,0.9,0.7285975749256464,0.6557378174330818,1,True
ilpd,sa,24,0.95,0.7285975749256464,0.692167696179364,4,True
ilpd,sa,24,0.98,0.7285975749256464,0.7140256234271334,6,True
ilpd,sa,25,0.9,0.7285975749256464,0.6557378174330818,1,True
ilpd,sa,25,0.95,0.7285975749256464,0.692167696179364,3,True
ilpd,sa,25,0.98,0.7285975749256464,0.7140256234271334,7,True
ilpd,sa,26,0.9,0.7285975749256464,0.6557378174330818,1,True
ilpd,sa,26,0.95,0.7285975749256464,0.692167696179364,1,True
ilpd,sa,26,0.98,0.7285975749256464,0.7140256234271334,1,True
ilpd,sa,27,0.9,0.7285975749256464,0.6557378174330818,1,True
ilpd,sa,27,0.95,0.7285975749256464,0.692167696179364,3,True
ilpd,sa,27,0.98,0.7285975749256464,0.7140256234271334,32,True
ilpd,sa,28,0.9,0.7285975749256464,0.6557378174330818,1,True
ilpd,sa,28,0.95,0.7285975749256464,0.692167696179364,2,True
ilpd,sa,28,0.98,0.7285975749256464,0.7140256234271334,11,True
ilpd,sa,29,0.9,0.7285975749256464,0.6557378174330818,1,True
ilpd,sa,29,0.95,0.7285975749256464,0.692167696179364,2,True
ilpd,sa,29,0.98,0.7285975749256464,0.7140256234271334,4,True
ilpd,sh,0,0.9,0.7285975749256464,0.6557378174330818,10,True
ilpd,sh,0,0.95,0.7285975749256464,0.692167696179364,10,True
ilpd,sh,0,0.98,0.7285975749256464,0.7140256234271334,10,True
ilpd,sh,1,0.9,0.7285975749256464,0.6557378174330818,10,True
ilpd,sh,1,0.95,0.7285975749256464,0.692167696179364,10,True
ilpd,sh,1,0.98,0.7285975749256464,0.7140256234271334,10,True
ilpd,sh,2,0.9,0.7285975749256464,0.6557378174330818,10,True
ilpd,sh,2,0.95,0.7285975749256464,0.692167696179364,10,True
ilpd,sh,2,0.98,0.7285975749256464,0.7140256234271334,61,True
ilpd,sh,3,0.9,0.7285975749256464,0.6557378174330818,10,True
ilpd,sh,3,0.95,0.7285975749256464,0.692167696179364,10,True
ilpd,sh,3,0.98,0.7285975749256464,0.7140256234271334,10,True
ilpd,sh,4,0.9,0.7285975749256464,0.6557378174330818,10,True
ilpd,sh,4,0.95,0.7285975749256464,0.692167696179364,10,True
ilpd,sh,4,0.98,0.7285975749256464,0.7140256234271334,10,True
ilpd,sh,5,0.9,0.7285975749256464,0.6557378174330818,10,True
ilpd,sh,5,0.95,0.7285975749256464,0.692167696179364,11,True
ilpd,sh,5,0.98,0.7285975749256464,0.7140256234271334,11,True
ilpd,sh,6,0.9,0.7285975749256464,0.6557378174330818,10,True
ilpd,sh,6,0.95,0.7285975749256464,0.692167696179364,10,True
ilpd,sh,6,0.98,0.7285975749256464,0.7140256234271334,23,True
ilpd,sh,7,0.9,0.7285975749256464,0.6557378174330818,10,True
ilpd,sh,7,0.95,0.7285975749256464,0.692167696179364,10,True
ilpd,sh,7,0.98,0.7285975749256464,0.7140256234271334,11,True
ilpd,sh,8,0.9,0.7285975749256464,0.6557378174330818,10,True
ilpd,sh,8,0.95,0.7285975749256464,0.692167696179364,10,True
ilpd,sh,8,0.98,0.7285975749256464,0.7140256234271334,10,True
ilpd,sh,9,0.9,0.7285975749256464,0.6557378174330818,10,True
ilpd,sh,9,0.95,0.7285975749256464,0.692167696179364,10,True
ilpd,sh,9,0.98,0.7285975749256464,0.7140256234271334,10,True
ilpd,sh,10,0.9,0.7285975749256464,0.6557378174330818,10,True
ilpd,sh,10,0.95,0.7285975749256464,0.692167696179364,10,True
ilpd,sh,10,0.98,0.7285975749256464,0.7140256234271334,10,True
ilpd,sh,11,0.9,0.7285975749256464,0.6557378174330818,10,True
ilpd,sh,11,0.95,0.7285975749256464,0.692167696179364,10,True
ilpd,sh,11,0.98,0.7285975749256464,0.7140256234271334,47,True
ilpd,sh,12,0.9,0.7285975749256464,0.6557378174330818,10,True
ilpd,sh,12,0.95,0.7285975749256464,0.692167696179364,10,True
ilpd,sh,12,0.98,0.7285975749256464,0.7140256234271334,10,True
ilpd,sh,13,0.9,0.7285975749256464,0.6557378174330818,10,True
ilpd,sh,13,0.95,0.7285975749256464,0.692167696179364,10,True
ilpd,sh,13,0.98,0.7285975749256464,0.7140256234271334,10,True
ilpd,sh,14,0.9,0.7285975749256464,0.6557378174330818,10,True
ilpd,sh,14,0.95,0.7285975749256464,0.692167696179364,10,True
ilpd,sh,14,0.98,0.7285975749256464,0.7140256234271334,10,True
ilpd,sh,15,0.9,0.7285975749256464,0.6557378174330818,10,True
ilpd,sh,15,0.95,0.7285975749256464,0.692167696179364,10,True
ilpd,sh,15,0.98,0.7285975749256464,0.7140256234271334,10,True
ilpd,sh,16,0.9,0.7285975749256464,0.6557378174330818,10,True
ilpd,sh,16,0.95,0.7285975749256464,0.692167696179364,10,True
ilpd,sh,16,0.98,0.7285975749256464,0.7140256234271334,10,True
ilpd,sh,17,0.9,0.7285975749256464,0.6557378174330818,10,True
ilpd,sh,17,0.95,0.7285975749256464,0.692167696179364,10,True
ilpd,sh,17,0.98,0.7285975749256464,0.7140256234271334,10,True
ilpd,sh,18,0.9,0.7285975749256464,0.6557378174330818,10,True
ilpd,sh,18,0.95,0.7285975749256464,0.692167696179364,10,True
ilpd,sh,18,0.98,0.7285975749256464,0.7140256234271334,10,True
ilpd,sh,19,0.9,0.7285975749256464,0.6557378174330818,10,True
ilpd,sh,19,0.95,0.7285975749256464,0.692167696179364,22,True
ilpd,sh,19,0.98,0.7285975749256464,0.7140256234271334,101,False
ilpd,sh,20,0.9,0.7285975749256464,0.6557378174330818,10,True
ilpd,sh,20,0.95,0.7285975749256464,0.692167696179364,10,True
ilpd,sh,20,0.98,0.7285975749256464,0.7140256234271334,10,True
ilpd,sh,21,0.9,0.7285975749256464,0.6557378174330818,10,True
ilpd,sh,21,0.95,0.7285975749256464,0.692167696179364,10,True
ilpd,sh,21,0.98,0.7285975749256464,0.7140256234271334,11,True
ilpd,sh,22,0.9,0.7285975749256464,0.6557378174330818,10,True
ilpd,sh,22,0.95,0.7285975749256464,0.692167696179364,10,True
ilpd,sh,22,0.98,0.7285975749256464,0.7140256234271334,10,True
ilpd,sh,23,0.9,0.7285975749256464,0.6557378174330818,10,True
ilpd,sh,23,0.95,0.7285975749256464,0.692167696179364,10,True
ilpd,sh,23,0.98,0.7285975749256464,0.7140256234271334,11,True
ilpd,sh,24,0.9,0.7285975749256464,0.6557378174330818,10,True
ilpd,sh,24,0.95,0.7285975749256464,0.692167696179364,10,True
ilpd,sh,24,0.98,0.7285975749256464,0.7140256234271334,11,True
ilpd,sh,25,0.9,0.7285975749256464,0.6557378174330818,10,True
ilpd,sh,25,0.95,0.7285975749256464,0.692167696179364,10,True
ilpd,sh,25,0.98,0.7285975749256464,0.7140256234271334,10,True
ilpd,sh,26,0.9,0.7285975749256464,0.6557378174330818,10,True
ilpd,sh,26,0.95,0.7285975749256464,0.692167696179364,10,True
ilpd,sh,26,0.98,0.7285975749256464,0.7140256234271334,10,True
ilpd,sh,27,0.9,0.7285975749256464,0.6557378174330818,10,True
ilpd,sh,27,0.95,0.7285975749256464,0.692167696179364,10,True
ilpd,sh,27,0.98,0.7285975749256464,0.7140256234271334,10,True
ilpd,sh,28,0.9,0.7285975749256464,0.6557378174330818,10,True
ilpd,sh,28,0.95,0.7285975749256464,0.692167696179364,10,True
ilpd,sh,28,0.98,0.7285975749256464,0.7140256234271334,10,True
ilpd,sh,29,0.9,0.7285975749256464,0.6557378174330818,10,True
ilpd,sh,29,0.95,0.7285975749256464,0.692167696179364,10,True
ilpd,sh,29,0.98,0.7285975749256464,0.7140256234271334,10,True
ozone-8hr,bo_tpe,0,0.9,0.946473879462385,0.8518264915161465,1,True
ozone-8hr,bo_tpe,0,0.95,0.946473879462385,0.8991501854892657,1,True
ozone-8hr,bo_tpe,0,0.98,0.946473879462385,0.9275444018731374,1,True
ozone-8hr,bo_tpe,1,0.9,0.946473879462385,0.8518264915161465,1,True
ozone-8hr,bo_tpe,1,0.95,0.946473879462385,0.8991501854892657,1,True
ozone-8hr,bo_tpe,1,0.98,0.946473879462385,0.9275444018731374,1,True
ozone-8hr,bo_tpe,2,0.9,0.946473879462385,0.8518264915161465,1,True
ozone-8hr,bo_tpe,2,0.95,0.946473879462385,0.8991501854892657,1,True
ozone-8hr,bo_tpe,2,0.98,0.946473879462385,0.9275444018731374,1,True
ozone-8hr,bo_tpe,3,0.9,0.946473879462385,0.8518264915161465,1,True
ozone-8hr,bo_tpe,3,0.95,0.946473879462385,0.8991501854892657,1,True
ozone-8hr,bo_tpe,3,0.98,0.946473879462385,0.9275444018731374,1,True
ozone-8hr,bo_tpe,4,0.9,0.946473879462385,0.8518264915161465,1,True
ozone-8hr,bo_tpe,4,0.95,0.946473879462385,0.8991501854892657,1,True
ozone-8hr,bo_tpe,4,0.98,0.946473879462385,0.9275444018731374,1,True
ozone-8hr,bo_tpe,5,0.9,0.946473879462385,0.8518264915161465,1,True
ozone-8hr,bo_tpe,5,0.95,0.946473879462385,0.8991501854892657,1,True
ozone-8hr,bo_tpe,5,0.98,0.946473879462385,0.9275444018731374,1,True
ozone-8hr,bo_tpe,6,0.9,0.946473879462385,0.8518264915161465,1,True
ozone-8hr,bo_tpe,6,0.95,0.946473879462385,0.8991501854892657,1,True
ozone-8hr,bo_tpe,6,0.98,0.946473879462385,0.9275444018731374,2,True
ozone-8hr,bo_tpe,7,0.9,0.946473879462385,0.8518264915161465,1,True
ozone-8hr,bo_tpe,7,0.95,0.946473879462385,0.8991501854892657,1,True
ozone-8hr,bo_tpe,7,0.98,0.946473879462385,0.9275444018731374,1,True
ozone-8hr,bo_tpe,8,0.9,0.946473879462385,0.8518264915161465,1,True
ozone-8hr,bo_tpe,8,0.95,0.946473879462385,0.8991501854892657,1,True
ozone-8hr,bo_tpe,8,0.98,0.946473879462385,0.9275444018731374,1,True
ozone-8hr,bo_tpe,9,0.9,0.946473879462385,0.8518264915161465,1,True
ozone-8hr,bo_tpe,9,0.95,0.946473879462385,0.8991501854892657,1,True
ozone-8hr,bo_tpe,9,0.98,0.946473879462385,0.9275444018731374,1,True
ozone-8hr,bo_tpe,10,0.9,0.946473879462385,0.8518264915161465,1,True
ozone-8hr,bo_tpe,10,0.95,0.946473879462385,0.8991501854892657,1,True
ozone-8hr,bo_tpe,10,0.98,0.946473879462385,0.9275444018731374,1,True
ozone-8hr,bo_tpe,11,0.9,0.946473879462385,0.8518264915161465,1,True
ozone-8hr,bo_tpe,11,0.95,0.946473879462385,0.8991501854892657,1,True
ozone-8hr,bo_tpe,11,0.98,0.946473879462385,0.9275444018731374,1,True
ozone-8hr,bo_tpe,12,0.9,0.946473879462385,0.8518264915161465,1,True
ozone-8hr,bo_tpe,12,0.95,0.946473879462385,0.8991501854892657,1,True
ozone-8hr,bo_tpe,12,0.98,0.946473879462385,0.9275444018731374,1,True
ozone-8hr,bo_tpe,13,0.9,0.946473879462385,0.8518264915161465,1,True
ozone-8hr,bo_tpe,13,0.95,0.946473879462385,0.8991501854892657,1,True
ozone-8hr,bo_tpe,13,0.98,0.946473879462385,0.9275444018731374,1,True
ozone-8hr,bo_tpe,14,0.9,0.946473879462385,0.8518264915161465,1,True
ozone-8hr,bo_tpe,14,0.95,0.946473879462385,0.8991501854892657,1,True
ozone-8hr,bo_tpe,14,0.98,0.946473879462385,0.9275444018731374,1,True
ozone-8hr,bo_tpe,15,0.9,0.946473879462385,0.8518264915161465,1,True
ozone-8hr,bo_tpe,15,0.95,0.946473879462385,0.8991501854892657,1,True
ozone-8hr,bo_tpe,15,0.98,0.946473879462385,0.9275444018731374,1,True
ozone-8hr,bo_tpe,16,0.9,0.946473879462385,0.8518264915161465,1,True
ozone-8hr,bo_tpe,16,0.95,0.946473879462385,0.8991501854892657,1,True
ozone-8hr,bo_tpe,16,0.98,0.946473879462385,0.9275444018731374,1,True
ozone-8hr,bo_tpe,17,0.9,0.946473879462385,0.8518264915161465,1,True
ozone-8hr,bo_tpe,17,0.95,0.946473879462385,0.8991501854892657,1,True
ozone-8hr,bo_tpe,17,0.98,0.946473879462385,0.9275444018731374,1,True
ozone-8hr,bo_tpe,18,0.9,0.946473879462385,0.8518264915161465,1,True
ozone-8hr,bo_tpe,18,0.95,0.946473879462385,0.8991501854892657,1,True
ozone-8hr,bo_tpe,18,0.98,0.946473879462385,0.9275444018731374,1,True
ozone-8hr,bo_tpe,19,0.9,0.946473879462385,0.8518264915161465,1,True
ozone-8hr,bo_tpe,19,0.95,0.946473879462385,0.8991501854892657,1,True
ozone-8hr,bo_tpe,19,0.98,0.946473879462385,0.9275444018731374,1,True
ozone-8hr,bo_tpe,20,0.9,0.946473879462385,0.8518264915161465,1,True
ozone-8hr,bo_tpe,20,0.95,0.946473879462385,0.8991501854892657,1,True
ozone-8hr,bo_tpe,20,0.98,0.946473879462385,0.9275444018731374,1,True
ozone-8hr,bo_tpe,21,0.9,0.946473879462385,0.8518264915161465,1,True
ozone-8hr,bo_tpe,21,0.95,0.946473879462385,0.8991501854892657,1,True
ozone-8hr,bo_tpe,21,0.98,0.946473879462385,0.9275444018731374,1,True
ozone-8hr,bo_tpe,22,0.9,0.946473879462385,0.8518264915161465,1,True
ozone-8hr,bo_tpe,22,0.95,0.946473879462385,0.8991501854892657,1,True
ozone-8hr,bo_tpe,22,0.98,0.946473879462385,0.9275444018731374,1,True
ozone-8hr,bo_tpe,23,0.9,0.946473879462385,0.8518264915161465,1,True
ozone-8hr,bo_tpe,23,0.95,0.946473879462385,0.8991501854892657,1,True
ozone-8hr,bo_tpe,23,0.98,0.946473879462385,0.9275444018731374,1,True
ozone-8hr,bo_tpe,24,0.9,0.946473879462385,0.8518264915161465,1,True
ozone-8hr,bo_tpe,24,0.95,0.946473879462385,0.8991501854892657,1,True
ozone-8hr,bo_tpe,24,0.98,0.946473879462385,0.9275444018731374,1,True
ozone-8hr,bo_tpe,25,0.9,0.946473879462385,0.8518264915161465,1,True
ozone-8hr,bo_tpe,25,0.95,0.946473879462385,0.8991501854892657,1,True
ozone-8hr,bo_tpe,25,0.98,0.946473879462385,0.9275444018731374,1,True
ozone-8hr,bo_tpe,26,0.9,0.946473879462385,0.8518264915161465,1,True
ozone-8hr,bo_tpe,26,0.95,0.946473879462385,0.8991501854892657,1,True
ozone-8hr,bo_tpe,26,0.98,0.946473879462385,0.9275444018731374,1,True
ozone-8hr,bo_tpe,27,0.9,0.946473879462385,0.8518264915161465,1,True
ozone-8hr,bo_tpe,27,0.95,0.946473879462385,0.8991501854892657,1,True
ozone-8hr,bo_tpe,27,0.98,0.946473879462385,0.9275444018731374,1,True
ozone-8hr,bo_tpe,28,0.9,0.946473879462385,0.8518264915161465,1,True
ozone-8hr,bo_tpe,28,0.95,0.946473879462385,0.8991501854892657,1,True
ozone-8hr,bo_tpe,28,0.98,0.946473879462385,0.9275444018731374,1,True
ozone-8hr,bo_tpe,29,0.9,0.946473879462385,0.8518264915161465,1,True
ozone-8hr,bo_tpe,29,0.95,0.946473879462385,0.8991501854892657,1,True
ozone-8hr,bo_tpe,29,0.98,0.946473879462385,0.9275444018731374,2,True
ozone-8hr,cuckoo,0,0.9,0.946473879462385,0.8518264915161465,1,True
ozone-8hr,cuckoo,0,0.95,0.946473879462385,0.8991501854892657,1,True
ozone-8hr,cuckoo,0,0.98,0.946473879462385,0.9275444018731374,1,True
ozone-8hr,cuckoo,1,0.9,0.946473879462385,0.8518264915161465,1,True
ozone-8hr,cuckoo,1,0.95,0.946473879462385,0.8991501854892657,1,True
ozone-8hr,cuckoo,1,0.98,0.946473879462385,0.9275444018731374,1,True
ozone-8hr,cuckoo,2,0.9,0.946473879462385,0.8518264915161465,1,True
ozone-8hr,cuckoo,2,0.95,0.946473879462385,0.8991501854892657,1,True
ozone-8hr,cuckoo,2,0.98,0.946473879462385,0.9275444018731374,1,True
ozone-8hr,cuckoo,3,0.9,0.946473879462385,0.8518264915161465,1,True
ozone-8hr,cuckoo,3,0.95,0.946473879462385,0.8991501854892657,1,True
ozone-8hr,cuckoo,3,0.98,0.946473879462385,0.9275444018731374,1,True
ozone-8hr,cuckoo,4,0.9,0.946473879462385,0.8518264915161465,1,True
ozone-8hr,cuckoo,4,0.95,0.946473879462385,0.8991501854892657,1,True
ozone-8hr,cuckoo,4,0.98,0.946473879462385,0.9275444018731374,1,True
ozone-8hr,cuckoo,5,0.9,0.946473879462385,0.8518264915161465,1,True
ozone-8hr,cuckoo,5,0.95,0.946473879462385,0.8991501854892657,1,True
ozone-8hr,cuckoo,5,0.98,0.946473879462385,0.9275444018731374,1,True
ozone-8hr,cuckoo,6,0.9,0.946473879462385,0.8518264915161465,1,True
ozone-8hr,cuckoo,6,0.95,0.946473879462385,0.8991501854892657,1,True
ozone-8hr,cuckoo,6,0.98,0.946473879462385,0.9275444018731374,2,True
ozone-8hr,cuckoo,7,0.9,0.946473879462385,0.8518264915161465,1,True
ozone-8hr,cuckoo,7,0.95,0.946473879462385,0.8991501854892657,1,True
ozone-8hr,cuckoo,7,0.98,0.946473879462385,0.9275444018731374,1,True
ozone-8hr,cuckoo,8,0.9,0.946473879462385,0.8518264915161465,1,True
ozone-8hr,cuckoo,8,0.95,0.946473879462385,0.8991501854892657,1,True
ozone-8hr,cuckoo,8,0.98,0.946473879462385,0.9275444018731374,1,True
ozone-8hr,cuckoo,9,0.9,0.946473879462385,0.8518264915161465,1,True
ozone-8hr,cuckoo,9,0.95,0.946473879462385,0.8991501854892657,1,True
ozone-8hr,cuckoo,9,0.98,0.946473879462385,0.9275444018731374,1,True
ozone-8hr,cuckoo,10,0.9,0.946473879462385,0.8518264915161465,1,True
ozone-8hr,cuckoo,10,0.95,0.946473879462385,0.8991501854892657,1,True
ozone-8hr,cuckoo,10,0.98,0.946473879462385,0.9275444018731374,1,True
ozone-8hr,cuckoo,11,0.9,0.946473879462385,0.8518264915161465,1,True
ozone-8hr,cuckoo,11,0.95,0.946473879462385,0.8991501854892657,1,True
ozone-8hr,cuckoo,11,0.98,0.946473879462385,0.9275444018731374,1,True
ozone-8hr,cuckoo,12,0.9,0.946473879462385,0.8518264915161465,1,True
ozone-8hr,cuckoo,12,0.95,0.946473879462385,0.8991501854892657,1,True
ozone-8hr,cuckoo,12,0.98,0.946473879462385,0.9275444018731374,1,True
ozone-8hr,cuckoo,13,0.9,0.946473879462385,0.8518264915161465,1,True
ozone-8hr,cuckoo,13,0.95,0.946473879462385,0.8991501854892657,1,True
ozone-8hr,cuckoo,13,0.98,0.946473879462385,0.9275444018731374,1,True
ozone-8hr,cuckoo,14,0.9,0.946473879462385,0.8518264915161465,1,True
ozone-8hr,cuckoo,14,0.95,0.946473879462385,0.8991501854892657,1,True
ozone-8hr,cuckoo,14,0.98,0.946473879462385,0.9275444018731374,1,True
ozone-8hr,cuckoo,15,0.9,0.946473879462385,0.8518264915161465,1,True
ozone-8hr,cuckoo,15,0.95,0.946473879462385,0.8991501854892657,1,True
ozone-8hr,cuckoo,15,0.98,0.946473879462385,0.9275444018731374,1,True
ozone-8hr,cuckoo,16,0.9,0.946473879462385,0.8518264915161465,1,True
ozone-8hr,cuckoo,16,0.95,0.946473879462385,0.8991501854892657,1,True
ozone-8hr,cuckoo,16,0.98,0.946473879462385,0.9275444018731374,1,True
ozone-8hr,cuckoo,17,0.9,0.946473879462385,0.8518264915161465,1,True
ozone-8hr,cuckoo,17,0.95,0.946473879462385,0.8991501854892657,1,True
ozone-8hr,cuckoo,17,0.98,0.946473879462385,0.9275444018731374,1,True
ozone-8hr,cuckoo,18,0.9,0.946473879462385,0.8518264915161465,1,True
ozone-8hr,cuckoo,18,0.95,0.946473879462385,0.8991501854892657,1,True
ozone-8hr,cuckoo,18,0.98,0.946473879462385,0.9275444018731374,1,True
ozone-8hr,cuckoo,19,0.9,0.946473879462385,0.8518264915161465,1,True
ozone-8hr,cuckoo,19,0.95,0.946473879462385,0.8991501854892657,1,True
ozone-8hr,cuckoo,19,0.98,0.946473879462385,0.9275444018731374,1,True
ozone-8hr,cuckoo,20,0.9,0.946473879462385,0.8518264915161465,1,True
ozone-8hr,cuckoo,20,0.95,0.946473879462385,0.8991501854892657,1,True
ozone-8hr,cuckoo,20,0.98,0.946473879462385,0.9275444018731374,1,True
ozone-8hr,cuckoo,21,0.9,0.946473879462385,0.8518264915161465,1,True
ozone-8hr,cuckoo,21,0.95,0.946473879462385,0.8991501854892657,1,True
ozone-8hr,cuckoo,21,0.98,0.946473879462385,0.9275444018731374,1,True
ozone-8hr,cuckoo,22,0.9,0.946473879462385,0.8518264915161465,1,True
ozone-8hr,cuckoo,22,0.95,0.946473879462385,0.8991501854892657,1,True
ozone-8hr,cuckoo,22,0.98,0.946473879462385,0.9275444018731374,1,True
ozone-8hr,cuckoo,23,0.9,0.946473879462385,0.8518264915161465,1,True
ozone-8hr,cuckoo,23,0.95,0.946473879462385,0.8991501854892657,1,True
ozone-8hr,cuckoo,23,0.98,0.946473879462385,0.9275444018731374,1,True
ozone-8hr,cuckoo,24,0.9,0.946473879462385,0.8518264915161465,1,True
ozone-8hr,cuckoo,24,0.95,0.946473879462385,0.8991501854892657,1,True
ozone-8hr,cuckoo,24,0.98,0.946473879462385,0.9275444018731374,1,True
ozone-8hr,cuckoo,25,0.9,0.946473879462385,0.8518264915161465,1,True
ozone-8hr,cuckoo,25,0.95,0.946473879462385,0.8991501854892657,1,True
ozone-8hr,cuckoo,25,0.98,0.946473879462385,0.9275444018731374,1,True
ozone-8hr,cuckoo,26,0.9,0.946473879462385,0.8518264915161465,1,True
ozone-8hr,cuckoo,26,0.95,0.946473879462385,0.8991501854892657,1,True
ozone-8hr,cuckoo,26,0.98,0.946473879462385,0.9275444018731374,1,True
ozone-8hr,cuckoo,27,0.9,0.946473879462385,0.8518264915161465,1,True
ozone-8hr,cuckoo,27,0.95,0.946473879462385,0.8991501854892657,1,True
ozone-8hr,cuckoo,27,0.98,0.946473879462385,0.9275444018731374,1,True
ozone-8hr,cuckoo,28,0.9,0.946473879462385,0.8518264915161465,1,True
ozone-8hr,cuckoo,28,0.95,0.946473879462385,0.8991501854892657,1,True
ozone-8hr,cuckoo,28,0.98,0.946473879462385,0.9275444018731374,1,True
ozone-8hr,cuckoo,29,0.9,0.946473879462385,0.8518264915161465,1,True
ozone-8hr,cuckoo,29,0.95,0.946473879462385,0.8991501854892657,1,True
ozone-8hr,cuckoo,29,0.98,0.946473879462385,0.9275444018731374,2,True
ozone-8hr,de,0,0.9,0.946473879462385,0.8518264915161465,1,True
ozone-8hr,de,0,0.95,0.946473879462385,0.8991501854892657,1,True
ozone-8hr,de,0,0.98,0.946473879462385,0.9275444018731374,1,True
ozone-8hr,de,1,0.9,0.946473879462385,0.8518264915161465,1,True
ozone-8hr,de,1,0.95,0.946473879462385,0.8991501854892657,1,True
ozone-8hr,de,1,0.98,0.946473879462385,0.9275444018731374,1,True
ozone-8hr,de,2,0.9,0.946473879462385,0.8518264915161465,1,True
ozone-8hr,de,2,0.95,0.946473879462385,0.8991501854892657,1,True
ozone-8hr,de,2,0.98,0.946473879462385,0.9275444018731374,1,True
ozone-8hr,de,3,0.9,0.946473879462385,0.8518264915161465,1,True
ozone-8hr,de,3,0.95,0.946473879462385,0.8991501854892657,1,True
ozone-8hr,de,3,0.98,0.946473879462385,0.9275444018731374,1,True
ozone-8hr,de,4,0.9,0.946473879462385,0.8518264915161465,1,True
ozone-8hr,de,4,0.95,0.946473879462385,0.8991501854892657,1,True
ozone-8hr,de,4,0.98,0.946473879462385,0.9275444018731374,1,True
ozone-8hr,de,5,0.9,0.946473879462385,0.8518264915161465,1,True
ozone-8hr,de,5,0.95,0.946473879462385,0.8991501854892657,1,True
ozone-8hr,de,5,0.98,0.946473879462385,0.9275444018731374,1,True
ozone-8hr,de,6,0.9,0.946473879462385,0.8518264915161465,1,True
ozone-8hr,de,6,0.95,0.946473879462385,0.8991501854892657,1,True
ozone-8hr,de,6,0.98,0.946473879462385,0.9275444018731374,1,True
ozone-8hr,de,7,0.9,0.946473879462385,0.8518264915161465,1,True
ozone-8hr,de,7,0.95,0.946473879462385,0.8991501854892657,1,True
ozone-8hr,de,7,0.98,0.946473879462385,0.9275444018731374,1,True
ozone-8hr,de,8,0.9,0.946473879462385,0.8518264915161465,1,True
ozone-8hr,de,8,0.95,0.946473879462385,0.8991501854892657,1,True
ozone-8hr,de,8,0.98,0.946473879462385,0.9275444018731374,1,True
ozone-8hr,de,9,0.9,0.946473879462385,0.8518264915161465,1,True
ozone-8hr,de,9,0.95,0.946473879462385,0.8991501854892657,1,True
ozone-8hr,de,9,0.98,0.946473879462385,0.9275444018731374,2,True
ozone-8hr,de,10,0.9,0.946473879462385,0.8518264915161465,1,True
ozone-8hr,de,10,0.95,0.946473879462385,0.8991501854892657,1,True
ozone-8hr,de,10,0.98,0.946473879462385,0.9275444018731374,2,True
ozone-8hr,de,11,0.9,0.946473879462385,0.8518264915161465,1,True
ozone-8hr,de,11,0.95,0.946473879462385,0.8991501854892657,1,True
ozone-8hr,de,11,0.98,0.946473879462385,0.9275444018731374,1,True
ozone-8hr,de,12,0.9,0.946473879462385,0.8518264915161465,1,True
ozone-8hr,de,12,0.95,0.946473879462385,0.8991501854892657,1,True
ozone-8hr,de,12,0.98,0.946473879462385,0.9275444018731374,1,True
ozone-8hr,de,13,0.9,0.946473879462385,0.8518264915161465,1,True
ozone-8hr,de,13,0.95,0.946473879462385,0.8991501854892657,1,True
ozone-8hr,de,13,0.98,0.946473879462385,0.9275444018731374,1,True
ozone-8hr,de,14,0.9,0.946473879462385,0.8518264915161465,1,True
ozone-8hr,de,14,0.95,0.946473879462385,0.8991501854892657,1,True
ozone-8hr,de,14,0.98,0.946473879462385,0.9275444018731374,2,True
ozone-8hr,de,15,0.9,0.946473879462385,0.8518264915161465,1,True
ozone-8hr,de,15,0.95,0.946473879462385,0.8991501854892657,1,True
ozone-8hr,de,15,0.98,0.946473879462385,0.9275444018731374,1,True
ozone-8hr,de,16,0.9,0.946473879462385,0.8518264915161465,1,True
ozone-8hr,de,16,0.95,0.946473879462385,0.8991501854892657,1,True
ozone-8hr,de,16,0.98,0.946473879462385,0.9275444018731374,1,True
ozone-8hr,de,17,0.9,0.946473879462385,0.8518264915161465,1,True
ozone-8hr,de,17,0.95,0.946473879462385,0.8991501854892657,1,True
ozone-8hr,de,17,0.98,0.946473879462385,0.9275444018731374,1,True
ozone-8hr,de,18,0.9,0.946473879462385,0.8518264915161465,1,True
ozone-8hr,de,18,0.95,0.946473879462385,0.8991501854892657,1,True
ozone-8hr,de,18,0.98,0.946473879462385,0.9275444018731374,1,True
ozone-8hr,de,19,0.9,0.946473879462385,0.8518264915161465,1,True
ozone-8hr,de,19,0.95,0.946473879462385,0.8991501854892657,1,True
ozone-8hr,de,19,0.98,0.946473879462385,0.9275444018731374,1,True
ozone-8hr,de,20,0.9,0.946473879462385,0.8518264915161465,1,True
ozone-8hr,de,20,0.95,0.946473879462385,0.8991501854892657,1,True
ozone-8hr,de,20,0.98,0.946473879462385,0.9275444018731374,1,True
ozone-8hr,de,21,0.9,0.946473879462385,0.8518264915161465,1,True
ozone-8hr,de,21,0.95,0.946473879462385,0.8991501854892657,1,True
ozone-8hr,de,21,0.98,0.946473879462385,0.9275444018731374,1,True
ozone-8hr,de,22,0.9,0.946473879462385,0.8518264915161465,1,True
ozone-8hr,de,22,0.95,0.946473879462385,0.8991501854892657,1,True
ozone-8hr,de,22,0.98,0.946473879462385,0.9275444018731374,1,True
ozone-8hr,de,23,0.9,0.946473879462385,0.8518264915161465,1,True
ozone-8hr,de,23,0.95,0.946473879462385,0.8991501854892657,1,True
ozone-8hr,de,23,0.98,0.946473879462385,0.9275444018731374,1,True
ozone-8hr,de,24,0.9,0.946473879462385,0.8518264915161465,1,True
ozone-8hr,de,24,0.95,0.946473879462385,0.8991501854892657,1,True
ozone-8hr,de,24,0.98,0.946473879462385,0.9275444018731374,1,True
ozone-8hr,de,25,0.9,0.946473879462385,0.8518264915161465,1,True
ozone-8hr,de,25,0.95,0.946473879462385,0.8991501854892657,1,True
ozone-8hr,de,25,0.98,0.946473879462385,0.9275444018731374,1,True
ozone-8hr,de,26,0.9,0.946473879462385,0.8518264915161465,1,True
ozone-8hr,de,26,0.95,0.946473879462385,0.8991501854892657,1,True
ozone-8hr,de,26,0.98,0.946473879462385,0.9275444018731374,1,True
ozone-8hr,de,27,0.9,0.946473879462385,0.8518264915161465,1,True
ozone-8hr,de,27,0.95,0.946473879462385,0.8991501854892657,1,True
ozone-8hr,de,27,0.98,0.946473879462385,0.9275444018731374,1,True
ozone-8hr,de,28,0.9,0.946473879462385,0.8518264915161465,1,True
ozone-8hr,de,28,0.95,0.946473879462385,0.8991501854892657,1,True
ozone-8hr,de,28,0.98,0.946473879462385,0.9275444018731374,1,True
ozone-8hr,de,29,0.9,0.946473879462385,0.8518264915161465,1,True
ozone-8hr,de,29,0.95,0.946473879462385,0.8991501854892657,1,True
ozone-8hr,de,29,0.98,0.946473879462385,0.9275444018731374,1,True
ozone-8hr,ga,0,0.9,0.946473879462385,0.8518264915161465,1,True
ozone-8hr,ga,0,0.95,0.946473879462385,0.8991501854892657,1,True
ozone-8hr,ga,0,0.98,0.946473879462385,0.9275444018731374,1,True
ozone-8hr,ga,1,0.9,0.946473879462385,0.8518264915161465,1,True
ozone-8hr,ga,1,0.95,0.946473879462385,0.8991501854892657,1,True
ozone-8hr,ga,1,0.98,0.946473879462385,0.9275444018731374,1,True
ozone-8hr,ga,2,0.9,0.946473879462385,0.8518264915161465,1,True
ozone-8hr,ga,2,0.95,0.946473879462385,0.8991501854892657,1,True
ozone-8hr,ga,2,0.98,0.946473879462385,0.9275444018731374,1,True
ozone-8hr,ga,3,0.9,0.946473879462385,0.8518264915161465,1,True
ozone-8hr,ga,3,0.95,0.946473879462385,0.8991501854892657,1,True
ozone-8hr,ga,3,0.98,0.946473879462385,0.9275444018731374,1,True
ozone-8hr,ga,4,0.9,0.946473879462385,0.8518264915161465,1,True
ozone-8hr,ga,4,0.95,0.946473879462385,0.8991501854892657,1,True
ozone-8hr,ga,4,0.98,0.946473879462385,0.9275444018731374,1,True
ozone-8hr,ga,5,0.9,0.946473879462385,0.8518264915161465,1,True
ozone-8hr,ga,5,0.95,0.946473879462385,0.8991501854892657,1,True
ozone-8hr,ga,5,0.98,0.946473879462385,0.9275444018731374,1,True
ozone-8hr,ga,6,0.9,0.946473879462385,0.8518264915161465,1,True
ozone-8hr,ga,6,0.95,0.946473879462385,0.8991501854892657,1,True
ozone-8hr,ga,6,0.98,0.946473879462385,0.9275444018731374,1,True
ozone-8hr,ga,7,0.9,0.946473879462385,0.8518264915161465,1,True
ozone-8hr,ga,7,0.95,0.946473879462385,0.8991501854892657,1,True
ozone-8hr,ga,7,0.98,0.946473879462385,0.9275444018731374,1,True
ozone-8hr,ga,8,0.9,0.946473879462385,0.8518264915161465,1,True
ozone-8hr,ga,8,0.95,0.946473879462385,0.8991501854892657,1,True
ozone-8hr,ga,8,0.98,0.946473879462385,0.9275444018731374,1,True
ozone-8hr,ga,9,0.9,0.946473879462385,0.8518264915161465,1,True
ozone-8hr,ga,9,0.95,0.946473879462385,0.8991501854892657,1,True
ozone-8hr,ga,9,0.98,0.946473879462385,0.9275444018731374,2,True
ozone-8hr,ga,10,0.9,0.946473879462385,0.8518264915161465,1,True
ozone-8hr,ga,10,0.95,0.946473879462385,0.8991501854892657,1,True
ozone-8hr,ga,10,0.98,0.946473879462385,0.9275444018731374,2,True
ozone-8hr,ga,11,0.9,0.946473879462385,0.8518264915161465,1,True
ozone-8hr,ga,11,0.95,0.946473879462385,0.8991501854892657,1,True
ozone-8hr,ga,11,0.98,0.946473879462385,0.9275444018731374,1,True
ozone-8hr,ga,12,0.9,0.946473879462385,0.8518264915161465,1,True
ozone-8hr,ga,12,0.95,0.946473879462385,0.8991501854892657,1,True
ozone-8hr,ga,12,0.98,0.946473879462385,0.9275444018731374,1,True
ozone-8hr,ga,13,0.9,0.946473879462385,0.8518264915161465,1,True
ozone-8hr,ga,13,0.95,0.946473879462385,0.8991501854892657,1,True
ozone-8hr,ga,13,0.98,0.946473879462385,0.9275444018731374,1,True
ozone-8hr,ga,14,0.9,0.946473879462385,0.8518264915161465,1,True
ozone-8hr,ga,14,0.95,0.946473879462385,0.8991501854892657,1,True
ozone-8hr,ga,14,0.98,0.946473879462385,0.9275444018731374,2,True
ozone-8hr,ga,15,0.9,0.946473879462385,0.8518264915161465,1,True
ozone-8hr,ga,15,0.95,0.946473879462385,0.8991501854892657,1,True
ozone-8hr,ga,15,0.98,0.946473879462385,0.9275444018731374,1,True
ozone-8hr,ga,16,0.9,0.946473879462385,0.8518264915161465,1,True
ozone-8hr,ga,16,0.95,0.946473879462385,0.8991501854892657,1,True
ozone-8hr,ga,16,0.98,0.946473879462385,0.9275444018731374,1,True
ozone-8hr,ga,17,0.9,0.946473879462385,0.8518264915161465,1,True
ozone-8hr,ga,17,0.95,0.946473879462385,0.8991501854892657,1,True
ozone-8hr,ga,17,0.98,0.946473879462385,0.9275444018731374,1,True
ozone-8hr,ga,18,0.9,0.946473879462385,0.8518264915161465,1,True
ozone-8hr,ga,18,0.95,0.946473879462385,0.8991501854892657,1,True
ozone-8hr,ga,18,0.98,0.946473879462385,0.9275444018731374,1,True
ozone-8hr,ga,19,0.9,0.946473879462385,0.8518264915161465,1,True
ozone-8hr,ga,19,0.95,0.946473879462385,0.8991501854892657,1,True
ozone-8hr,ga,19,0.98,0.946473879462385,0.9275444018731374,1,True
ozone-8hr,ga,20,0.9,0.946473879462385,0.8518264915161465,1,True
ozone-8hr,ga,20,0.95,0.946473879462385,0.8991501854892657,1,True
ozone-8hr,ga,20,0.98,0.946473879462385,0.9275444018731374,1,True
ozone-8hr,ga,21,0.9,0.946473879462385,0.8518264915161465,1,True
ozone-8hr,ga,21,0.95,0.946473879462385,0.8991501854892657,1,True
ozone-8hr,ga,21,0.98,0.946473879462385,0.9275444018731374,1,True
ozone-8hr,ga,22,0.9,0.946473879462385,0.8518264915161465,1,True
ozone-8hr,ga,22,0.95,0.946473879462385,0.8991501854892657,1,True
ozone-8hr,ga,22,0.98,0.946473879462385,0.9275444018731374,1,True
ozone-8hr,ga,23,0.9,0.946473879462385,0.8518264915161465,1,True
ozone-8hr,ga,23,0.95,0.946473879462385,0.8991501854892657,1,True
ozone-8hr,ga,23,0.98,0.946473879462385,0.9275444018731374,1,True
ozone-8hr,ga,24,0.9,0.946473879462385,0.8518264915161465,1,True
ozone-8hr,ga,24,0.95,0.946473879462385,0.8991501854892657,1,True
ozone-8hr,ga,24,0.98,0.946473879462385,0.9275444018731374,1,True
ozone-8hr,ga,25,0.9,0.946473879462385,0.8518264915161465,1,True
ozone-8hr,ga,25,0.95,0.946473879462385,0.8991501854892657,1,True
ozone-8hr,ga,25,0.98,0.946473879462385,0.9275444018731374,1,True
ozone-8hr,ga,26,0.9,0.946473879462385,0.8518264915161465,1,True
ozone-8hr,ga,26,0.95,0.946473879462385,0.8991501854892657,1,True
ozone-8hr,ga,26,0.98,0.946473879462385,0.9275444018731374,1,True
ozone-8hr,ga,27,0.9,0.946473879462385,0.8518264915161465,1,True
ozone-8hr,ga,27,0.95,0.946473879462385,0.8991501854892657,1,True
ozone-8hr,ga,27,0.98,0.946473879462385,0.9275444018731374,1,True
ozone-8hr,ga,28,0.9,0.946473879462385,0.8518264915161465,1,True
ozone-8hr,ga,28,0.95,0.946473879462385,0.8991501854892657,1,True
ozone-8hr,ga,28,0.98,0.946473879462385,0.9275444018731374,1,True
ozone-8hr,ga,29,0.9,0.946473879462385,0.8518264915161465,1,True
ozone-8hr,ga,29,0.95,0.946473879462385,0.8991501854892657,1,True
ozone-8hr,ga,29,0.98,0.946473879462385,0.9275444018731374,1,True
ozone-8hr,grid,0,0.9,0.946473879462385,0.8518264915161465,1,True
ozone-8hr,grid,0,0.95,0.946473879462385,0.8991501854892657,1,True
ozone-8hr,grid,0,0.98,0.946473879462385,0.9275444018731374,1,True
ozone-8hr,grid,1,0.9,0.946473879462385,0.8518264915161465,1,True
ozone-8hr,grid,1,0.95,0.946473879462385,0.8991501854892657,1,True
ozone-8hr,grid,1,0.98,0.946473879462385,0.9275444018731374,1,True
ozone-8hr,grid,2,0.9,0.946473879462385,0.8518264915161465,1,True
ozone-8hr,grid,2,0.95,0.946473879462385,0.8991501854892657,1,True
ozone-8hr,grid,2,0.98,0.946473879462385,0.9275444018731374,2,True
ozone-8hr,grid,3,0.9,0.946473879462385,0.8518264915161465,1,True
ozone-8hr,grid,3,0.95,0.946473879462385,0.8991501854892657,1,True
ozone-8hr,grid,3,0.98,0.946473879462385,0.9275444018731374,1,True
ozone-8hr,grid,4,0.9,0.946473879462385,0.8518264915161465,1,True
ozone-8hr,grid,4,0.95,0.946473879462385,0.8991501854892657,1,True
ozone-8hr,grid,4,0.98,0.946473879462385,0.9275444018731374,1,True
ozone-8hr,grid,5,0.9,0.946473879462385,0.8518264915161465,1,True
ozone-8hr,grid,5,0.95,0.946473879462385,0.8991501854892657,1,True
ozone-8hr,grid,5,0.98,0.946473879462385,0.9275444018731374,1,True
ozone-8hr,grid,6,0.9,0.946473879462385,0.8518264915161465,1,True
ozone-8hr,grid,6,0.95,0.946473879462385,0.8991501854892657,1,True
ozone-8hr,grid,6,0.98,0.946473879462385,0.9275444018731374,1,True
ozone-8hr,grid,7,0.9,0.946473879462385,0.8518264915161465,1,True
ozone-8hr,grid,7,0.95,0.946473879462385,0.8991501854892657,1,True
ozone-8hr,grid,7,0.98,0.946473879462385,0.9275444018731374,1,True
ozone-8hr,grid,8,0.9,0.946473879462385,0.8518264915161465,1,True
ozone-8hr,grid,8,0.95,0.946473879462385,0.8991501854892657,1,True
ozone-8hr,grid,8,0.98,0.946473879462385,0.9275444018731374,1,True
ozone-8hr,grid,9,0.9,0.946473879462385,0.8518264915161465,1,True
ozone-8hr,grid,9,0.95,0.946473879462385,0.8991501854892657,1,True
ozone-8hr,grid,9,0.98,0.946473879462385,0.9275444018731374,1,True
ozone-8hr,grid,10,0.9,0.946473879462385,0.8518264915161465,1,True
ozone-8hr,grid,10,0.95,0.946473879462385,0.8991501854892657,1,True
ozone-8hr,grid,10,0.98,0.946473879462385,0.9275444018731374,1,True
ozone-8hr,grid,11,0.9,0.946473879462385,0.8518264915161465,1,True
ozone-8hr,grid,11,0.95,0.946473879462385,0.8991501854892657,1,True
ozone-8hr,grid,11,0.98,0.946473879462385,0.9275444018731374,1,True
ozone-8hr,grid,12,0.9,0.946473879462385,0.8518264915161465,1,True
ozone-8hr,grid,12,0.95,0.946473879462385,0.8991501854892657,1,True
ozone-8hr,grid,12,0.98,0.946473879462385,0.9275444018731374,1,True
ozone-8hr,grid,13,0.9,0.946473879462385,0.8518264915161465,1,True
ozone-8hr,grid,13,0.95,0.946473879462385,0.8991501854892657,1,True
ozone-8hr,grid,13,0.98,0.946473879462385,0.9275444018731374,1,True
ozone-8hr,grid,14,0.9,0.946473879462385,0.8518264915161465,1,True
ozone-8hr,grid,14,0.95,0.946473879462385,0.8991501854892657,1,True
ozone-8hr,grid,14,0.98,0.946473879462385,0.9275444018731374,1,True
ozone-8hr,grid,15,0.9,0.946473879462385,0.8518264915161465,1,True
ozone-8hr,grid,15,0.95,0.946473879462385,0.8991501854892657,1,True
ozone-8hr,grid,15,0.98,0.946473879462385,0.9275444018731374,1,True
ozone-8hr,grid,16,0.9,0.946473879462385,0.8518264915161465,1,True
ozone-8hr,grid,16,0.95,0.946473879462385,0.8991501854892657,1,True
ozone-8hr,grid,16,0.98,0.946473879462385,0.9275444018731374,1,True
ozone-8hr,grid,17,0.9,0.946473879462385,0.8518264915161465,1,True
ozone-8hr,grid,17,0.95,0.946473879462385,0.8991501854892657,1,True
ozone-8hr,grid,17,0.98,0.946473879462385,0.9275444018731374,1,True
ozone-8hr,grid,18,0.9,0.946473879462385,0.8518264915161465,1,True
ozone-8hr,grid,18,0.95,0.946473879462385,0.8991501854892657,1,True
ozone-8hr,grid,18,0.98,0.946473879462385,0.9275444018731374,1,True
ozone-8hr,grid,19,0.9,0.946473879462385,0.8518264915161465,1,True
ozone-8hr,grid,19,0.95,0.946473879462385,0.8991501854892657,1,True
ozone-8hr,grid,19,0.98,0.946473879462385,0.9275444018731374,1,True
ozone-8hr,grid,20,0.9,0.946473879462385,0.8518264915161465,1,True
ozone-8hr,grid,20,0.95,0.946473879462385,0.8991501854892657,1,True
ozone-8hr,grid,20,0.98,0.946473879462385,0.9275444018731374,1,True
ozone-8hr,grid,21,0.9,0.946473879462385,0.8518264915161465,1,True
ozone-8hr,grid,21,0.95,0.946473879462385,0.8991501854892657,1,True
ozone-8hr,grid,21,0.98,0.946473879462385,0.9275444018731374,1,True
ozone-8hr,grid,22,0.9,0.946473879462385,0.8518264915161465,1,True
ozone-8hr,grid,22,0.95,0.946473879462385,0.8991501854892657,1,True
ozone-8hr,grid,22,0.98,0.946473879462385,0.9275444018731374,1,True
ozone-8hr,grid,23,0.9,0.946473879462385,0.8518264915161465,1,True
ozone-8hr,grid,23,0.95,0.946473879462385,0.8991501854892657,1,True
ozone-8hr,grid,23,0.98,0.946473879462385,0.9275444018731374,1,True
ozone-8hr,grid,24,0.9,0.946473879462385,0.8518264915161465,1,True
ozone-8hr,grid,24,0.95,0.946473879462385,0.8991501854892657,1,True
ozone-8hr,grid,24,0.98,0.946473879462385,0.9275444018731374,1,True
ozone-8hr,grid,25,0.9,0.946473879462385,0.8518264915161465,1,True
ozone-8hr,grid,25,0.95,0.946473879462385,0.8991501854892657,1,True
ozone-8hr,grid,25,0.98,0.946473879462385,0.9275444018731374,1,True
ozone-8hr,grid,26,0.9,0.946473879462385,0.8518264915161465,1,True
ozone-8hr,grid,26,0.95,0.946473879462385,0.8991501854892657,1,True
ozone-8hr,grid,26,0.98,0.946473879462385,0.9275444018731374,1,True
ozone-8hr,grid,27,0.9,0.946473879462385,0.8518264915161465,1,True
ozone-8hr,grid,27,0.95,0.946473879462385,0.8991501854892657,1,True
ozone-8hr,grid,27,0.98,0.946473879462385,0.9275444018731374,1,True
ozone-8hr,grid,28,0.9,0.946473879462385,0.8518264915161465,1,True
ozone-8hr,grid,28,0.95,0.946473879462385,0.8991501854892657,1,True
ozone-8hr,grid,28,0.98,0.946473879462385,0.9275444018731374,1,True
ozone-8hr,grid,29,0.9,0.946473879462385,0.8518264915161465,1,True
ozone-8hr,grid,29,0.95,0.946473879462385,0.8991501854892657,1,True
ozone-8hr,grid,29,0.98,0.946473879462385,0.9275444018731374,1,True
ozone-8hr,pso,0,0.9,0.946473879462385,0.8518264915161465,1,True
ozone-8hr,pso,0,0.95,0.946473879462385,0.8991501854892657,1,True
ozone-8hr,pso,0,0.98,0.946473879462385,0.9275444018731374,1,True
ozone-8hr,pso,1,0.9,0.946473879462385,0.8518264915161465,1,True
ozone-8hr,pso,1,0.95,0.946473879462385,0.8991501854892657,1,True
ozone-8hr,pso,1,0.98,0.946473879462385,0.9275444018731374,1,True
ozone-8hr,pso,2,0.9,0.946473879462385,0.8518264915161465,1,True
ozone-8hr,pso,2,0.95,0.946473879462385,0.8991501854892657,1,True
ozone-8hr,pso,2,0.98,0.946473879462385,0.9275444018731374,1,True
ozone-8hr,pso,3,0.9,0.946473879462385,0.8518264915161465,1,True
ozone-8hr,pso,3,0.95,0.946473879462385,0.8991501854892657,1,True
ozone-8hr,pso,3,0.98,0.946473879462385,0.9275444018731374,1,True
ozone-8hr,pso,4,0.9,0.946473879462385,0.8518264915161465,1,True
ozone-8hr,pso,4,0.95,0.946473879462385,0.8991501854892657,1,True
ozone-8hr,pso,4,0.98,0.946473879462385,0.9275444018731374,1,True
ozone-8hr,pso,5,0.9,0.946473879462385,0.8518264915161465,1,True
ozone-8hr,pso,5,0.95,0.946473879462385,0.8991501854892657,1,True
ozone-8hr,pso,5,0.98,0.946473879462385,0.9275444018731374,1,True
ozone-8hr,pso,6,0.9,0.946473879462385,0.8518264915161465,1,True
ozone-8hr,pso,6,0.95,0.946473879462385,0.8991501854892657,1,True
ozone-8hr,pso,6,0.98,0.946473879462385,0.9275444018731374,1,True
ozone-8hr,pso,7,0.9,0.946473879462385,0.8518264915161465,1,True
ozone-8hr,pso,7,0.95,0.946473879462385,0.8991501854892657,1,True
ozone-8hr,pso,7,0.98,0.946473879462385,0.9275444018731374,1,True
ozone-8hr,pso,8,0.9,0.946473879462385,0.8518264915161465,1,True
ozone-8hr,pso,8,0.95,0.946473879462385,0.8991501854892657,1,True
ozone-8hr,pso,8,0.98,0.946473879462385,0.9275444018731374,1,True
ozone-8hr,pso,9,0.9,0.946473879462385,0.8518264915161465,1,True
ozone-8hr,pso,9,0.95,0.946473879462385,0.8991501854892657,1,True
ozone-8hr,pso,9,0.98,0.946473879462385,0.9275444018731374,1,True
ozone-8hr,pso,10,0.9,0.946473879462385,0.8518264915161465,1,True
ozone-8hr,pso,10,0.95,0.946473879462385,0.8991501854892657,1,True
ozone-8hr,pso,10,0.98,0.946473879462385,0.9275444018731374,1,True
ozone-8hr,pso,11,0.9,0.946473879462385,0.8518264915161465,1,True
ozone-8hr,pso,11,0.95,0.946473879462385,0.8991501854892657,1,True
ozone-8hr,pso,11,0.98,0.946473879462385,0.9275444018731374,1,True
ozone-8hr,pso,12,0.9,0.946473879462385,0.8518264915161465,1,True
ozone-8hr,pso,12,0.95,0.946473879462385,0.8991501854892657,1,True
ozone-8hr,pso,12,0.98,0.946473879462385,0.9275444018731374,1,True
ozone-8hr,pso,13,0.9,0.946473879462385,0.8518264915161465,1,True
ozone-8hr,pso,13,0.95,0.946473879462385,0.8991501854892657,1,True
ozone-8hr,pso,13,0.98,0.946473879462385,0.9275444018731374,2,True
ozone-8hr,pso,14,0.9,0.946473879462385,0.8518264915161465,1,True
ozone-8hr,pso,14,0.95,0.946473879462385,0.8991501854892657,1,True
ozone-8hr,pso,14,0.98,0.946473879462385,0.9275444018731374,2,True
ozone-8hr,pso,15,0.9,0.946473879462385,0.8518264915161465,1,True
ozone-8hr,pso,15,0.95,0.946473879462385,0.8991501854892657,1,True
ozone-8hr,pso,15,0.98,0.946473879462385,0.9275444018731374,1,True
ozone-8hr,pso,16,0.9,0.946473879462385,0.8518264915161465,1,True
ozone-8hr,pso,16,0.95,0.946473879462385,0.8991501854892657,1,True
ozone-8hr,pso,16,0.98,0.946473879462385,0.9275444018731374,1,True
ozone-8hr,pso,17,0.9,0.946473879462385,0.8518264915161465,1,True
ozone-8hr,pso,17,0.95,0.946473879462385,0.8991501854892657,1,True
ozone-8hr,pso,17,0.98,0.946473879462385,0.9275444018731374,1,True
ozone-8hr,pso,18,0.9,0.946473879462385,0.8518264915161465,1,True
ozone-8hr,pso,18,0.95,0.946473879462385,0.8991501854892657,1,True
ozone-8hr,pso,18,0.98,0.946473879462385,0.9275444018731374,1,True
ozone-8hr,pso,19,0.9,0.946473879462385,0.8518264915161465,1,True
ozone-8hr,pso,19,0.95,0.946473879462385,0.8991501854892657,1,True
ozone-8hr,pso,19,0.98,0.946473879462385,0.9275444018731374,1,True
ozone-8hr,pso,20,0.9,0.946473879462385,0.8518264915161465,1,True
ozone-8hr,pso,20,0.95,0.946473879462385,0.8991501854892657,1,True
ozone-8hr,pso,20,0.98,0.946473879462385,0.9275444018731374,1,True
ozone-8hr,pso,21,0.9,0.946473879462385,0.8518264915161465,1,True
ozone-8hr,pso,21,0.95,0.946473879462385,0.8991501854892657,1,True
ozone-8hr,pso,21,0.98,0.946473879462385,0.9275444018731374,1,True
ozone-8hr,pso,22,0.9,0.946473879462385,0.8518264915161465,1,True
ozone-8hr,pso,22,0.95,0.946473879462385,0.8991501854892657,1,True
ozone-8hr,pso,22,0.98,0.946473879462385,0.9275444018731374,1,True
ozone-8hr,pso,23,0.9,0.946473879462385,0.8518264915161465,1,True
ozone-8hr,pso,23,0.95,0.946473879462385,0.8991501854892657,1,True
ozone-8hr,pso,23,0.98,0.946473879462385,0.9275444018731374,1,True
ozone-8hr,pso,24,0.9,0.946473879462385,0.8518264915161465,1,True
ozone-8hr,pso,24,0.95,0.946473879462385,0.8991501854892657,1,True
ozone-8hr,pso,24,0.98,0.946473879462385,0.9275444018731374,1,True
ozone-8hr,pso,25,0.9,0.946473879462385,0.8518264915161465,1,True
ozone-8hr,pso,25,0.95,0.946473879462385,0.8991501854892657,1,True
ozone-8hr,pso,25,0.98,0.946473879462385,0.9275444018731374,1,True
ozone-8hr,pso,26,0.9,0.946473879462385,0.8518264915161465,1,True
ozone-8hr,pso,26,0.95,0.946473879462385,0.8991501854892657,1,True
ozone-8hr,pso,26,0.98,0.946473879462385,0.9275444018731374,1,True
ozone-8hr,pso,27,0.9,0.946473879462385,0.8518264915161465,1,True
ozone-8hr,pso,27,0.95,0.946473879462385,0.8991501854892657,1,True
ozone-8hr,pso,27,0.98,0.946473879462385,0.9275444018731374,1,True
ozone-8hr,pso,28,0.9,0.946473879462385,0.8518264915161465,1,True
ozone-8hr,pso,28,0.95,0.946473879462385,0.8991501854892657,1,True
ozone-8hr,pso,28,0.98,0.946473879462385,0.9275444018731374,1,True
ozone-8hr,pso,29,0.9,0.946473879462385,0.8518264915161465,1,True
ozone-8hr,pso,29,0.95,0.946473879462385,0.8991501854892657,1,True
ozone-8hr,pso,29,0.98,0.946473879462385,0.9275444018731374,1,True
ozone-8hr,random,0,0.9,0.946473879462385,0.8518264915161465,1,True
ozone-8hr,random,0,0.95,0.946473879462385,0.8991501854892657,1,True
ozone-8hr,random,0,0.98,0.946473879462385,0.9275444018731374,1,True
ozone-8hr,random,1,0.9,0.946473879462385,0.8518264915161465,1,True
ozone-8hr,random,1,0.95,0.946473879462385,0.8991501854892657,1,True
ozone-8hr,random,1,0.98,0.946473879462385,0.9275444018731374,1,True
ozone-8hr,random,2,0.9,0.946473879462385,0.8518264915161465,1,True
ozone-8hr,random,2,0.95,0.946473879462385,0.8991501854892657,1,True
ozone-8hr,random,2,0.98,0.946473879462385,0.9275444018731374,1,True
ozone-8hr,random,3,0.9,0.946473879462385,0.8518264915161465,1,True
ozone-8hr,random,3,0.95,0.946473879462385,0.8991501854892657,1,True
ozone-8hr,random,3,0.98,0.946473879462385,0.9275444018731374,1,True
ozone-8hr,random,4,0.9,0.946473879462385,0.8518264915161465,1,True
ozone-8hr,random,4,0.95,0.946473879462385,0.8991501854892657,1,True
ozone-8hr,random,4,0.98,0.946473879462385,0.9275444018731374,1,True
ozone-8hr,random,5,0.9,0.946473879462385,0.8518264915161465,1,True
ozone-8hr,random,5,0.95,0.946473879462385,0.8991501854892657,1,True
ozone-8hr,random,5,0.98,0.946473879462385,0.9275444018731374,1,True
ozone-8hr,random,6,0.9,0.946473879462385,0.8518264915161465,1,True
ozone-8hr,random,6,0.95,0.946473879462385,0.8991501854892657,1,True
ozone-8hr,random,6,0.98,0.946473879462385,0.9275444018731374,2,True
ozone-8hr,random,7,0.9,0.946473879462385,0.8518264915161465,1,True
ozone-8hr,random,7,0.95,0.946473879462385,0.8991501854892657,1,True
ozone-8hr,random,7,0.98,0.946473879462385,0.9275444018731374,1,True
ozone-8hr,random,8,0.9,0.946473879462385,0.8518264915161465,1,True
ozone-8hr,random,8,0.95,0.946473879462385,0.8991501854892657,1,True
ozone-8hr,random,8,0.98,0.946473879462385,0.9275444018731374,1,True
ozone-8hr,random,9,0.9,0.946473879462385,0.8518264915161465,1,True
ozone-8hr,random,9,0.95,0.946473879462385,0.8991501854892657,1,True
ozone-8hr,random,9,0.98,0.946473879462385,0.9275444018731374,1,True
ozone-8hr,random,10,0.9,0.946473879462385,0.8518264915161465,1,True
ozone-8hr,random,10,0.95,0.946473879462385,0.8991501854892657,1,True
ozone-8hr,random,10,0.98,0.946473879462385,0.9275444018731374,1,True
ozone-8hr,random,11,0.9,0.946473879462385,0.8518264915161465,1,True
ozone-8hr,random,11,0.95,0.946473879462385,0.8991501854892657,1,True
ozone-8hr,random,11,0.98,0.946473879462385,0.9275444018731374,1,True
ozone-8hr,random,12,0.9,0.946473879462385,0.8518264915161465,1,True
ozone-8hr,random,12,0.95,0.946473879462385,0.8991501854892657,1,True
ozone-8hr,random,12,0.98,0.946473879462385,0.9275444018731374,1,True
ozone-8hr,random,13,0.9,0.946473879462385,0.8518264915161465,1,True
ozone-8hr,random,13,0.95,0.946473879462385,0.8991501854892657,1,True
ozone-8hr,random,13,0.98,0.946473879462385,0.9275444018731374,1,True
ozone-8hr,random,14,0.9,0.946473879462385,0.8518264915161465,1,True
ozone-8hr,random,14,0.95,0.946473879462385,0.8991501854892657,1,True
ozone-8hr,random,14,0.98,0.946473879462385,0.9275444018731374,1,True
ozone-8hr,random,15,0.9,0.946473879462385,0.8518264915161465,1,True
ozone-8hr,random,15,0.95,0.946473879462385,0.8991501854892657,1,True
ozone-8hr,random,15,0.98,0.946473879462385,0.9275444018731374,1,True
ozone-8hr,random,16,0.9,0.946473879462385,0.8518264915161465,1,True
ozone-8hr,random,16,0.95,0.946473879462385,0.8991501854892657,1,True
ozone-8hr,random,16,0.98,0.946473879462385,0.9275444018731374,1,True
ozone-8hr,random,17,0.9,0.946473879462385,0.8518264915161465,1,True
ozone-8hr,random,17,0.95,0.946473879462385,0.8991501854892657,1,True
ozone-8hr,random,17,0.98,0.946473879462385,0.9275444018731374,1,True
ozone-8hr,random,18,0.9,0.946473879462385,0.8518264915161465,1,True
ozone-8hr,random,18,0.95,0.946473879462385,0.8991501854892657,1,True
ozone-8hr,random,18,0.98,0.946473879462385,0.9275444018731374,1,True
ozone-8hr,random,19,0.9,0.946473879462385,0.8518264915161465,1,True
ozone-8hr,random,19,0.95,0.946473879462385,0.8991501854892657,1,True
ozone-8hr,random,19,0.98,0.946473879462385,0.9275444018731374,1,True
ozone-8hr,random,20,0.9,0.946473879462385,0.8518264915161465,1,True
ozone-8hr,random,20,0.95,0.946473879462385,0.8991501854892657,1,True
ozone-8hr,random,20,0.98,0.946473879462385,0.9275444018731374,1,True
ozone-8hr,random,21,0.9,0.946473879462385,0.8518264915161465,1,True
ozone-8hr,random,21,0.95,0.946473879462385,0.8991501854892657,1,True
ozone-8hr,random,21,0.98,0.946473879462385,0.9275444018731374,1,True
ozone-8hr,random,22,0.9,0.946473879462385,0.8518264915161465,1,True
ozone-8hr,random,22,0.95,0.946473879462385,0.8991501854892657,1,True
ozone-8hr,random,22,0.98,0.946473879462385,0.9275444018731374,1,True
ozone-8hr,random,23,0.9,0.946473879462385,0.8518264915161465,1,True
ozone-8hr,random,23,0.95,0.946473879462385,0.8991501854892657,1,True
ozone-8hr,random,23,0.98,0.946473879462385,0.9275444018731374,1,True
ozone-8hr,random,24,0.9,0.946473879462385,0.8518264915161465,1,True
ozone-8hr,random,24,0.95,0.946473879462385,0.8991501854892657,1,True
ozone-8hr,random,24,0.98,0.946473879462385,0.9275444018731374,1,True
ozone-8hr,random,25,0.9,0.946473879462385,0.8518264915161465,1,True
ozone-8hr,random,25,0.95,0.946473879462385,0.8991501854892657,1,True
ozone-8hr,random,25,0.98,0.946473879462385,0.9275444018731374,1,True
ozone-8hr,random,26,0.9,0.946473879462385,0.8518264915161465,1,True
ozone-8hr,random,26,0.95,0.946473879462385,0.8991501854892657,1,True
ozone-8hr,random,26,0.98,0.946473879462385,0.9275444018731374,1,True
ozone-8hr,random,27,0.9,0.946473879462385,0.8518264915161465,1,True
ozone-8hr,random,27,0.95,0.946473879462385,0.8991501854892657,1,True
ozone-8hr,random,27,0.98,0.946473879462385,0.9275444018731374,1,True
ozone-8hr,random,28,0.9,0.946473879462385,0.8518264915161465,1,True
ozone-8hr,random,28,0.95,0.946473879462385,0.8991501854892657,1,True
ozone-8hr,random,28,0.98,0.946473879462385,0.9275444018731374,1,True
ozone-8hr,random,29,0.9,0.946473879462385,0.8518264915161465,1,True
ozone-8hr,random,29,0.95,0.946473879462385,0.8991501854892657,1,True
ozone-8hr,random,29,0.98,0.946473879462385,0.9275444018731374,2,True
ozone-8hr,sa,0,0.9,0.946473879462385,0.8518264915161465,1,True
ozone-8hr,sa,0,0.95,0.946473879462385,0.8991501854892657,1,True
ozone-8hr,sa,0,0.98,0.946473879462385,0.9275444018731374,1,True
ozone-8hr,sa,1,0.9,0.946473879462385,0.8518264915161465,1,True
ozone-8hr,sa,1,0.95,0.946473879462385,0.8991501854892657,1,True
ozone-8hr,sa,1,0.98,0.946473879462385,0.9275444018731374,1,True
ozone-8hr,sa,2,0.9,0.946473879462385,0.8518264915161465,1,True
ozone-8hr,sa,2,0.95,0.946473879462385,0.8991501854892657,1,True
ozone-8hr,sa,2,0.98,0.946473879462385,0.9275444018731374,1,True
ozone-8hr,sa,3,0.9,0.946473879462385,0.8518264915161465,1,True
ozone-8hr,sa,3,0.95,0.946473879462385,0.8991501854892657,1,True
ozone-8hr,sa,3,0.98,0.946473879462385,0.9275444018731374,1,True
ozone-8hr,sa,4,0.9,0.946473879462385,0.8518264915161465,1,True
ozone-8hr,sa,4,0.95,0.946473879462385,0.8991501854892657,1,True
ozone-8hr,sa,4,0.98,0.946473879462385,0.9275444018731374,1,True
ozone-8hr,sa,5,0.9,0.946473879462385,0.8518264915161465,1,True
ozone-8hr,sa,5,0.95,0.946473879462385,0.8991501854892657,1,True
ozone-8hr,sa,5,0.98,0.946473879462385,0.9275444018731374,1,True
ozone-8hr,sa,6,0.9,0.946473879462385,0.8518264915161465,1,True
ozone-8hr,sa,6,0.95,0.946473879462385,0.8991501854892657,1,True
ozone-8hr,sa,6,0.98,0.946473879462385,0.9275444018731374,2,True
ozone-8hr,sa,7,0.9,0.946473879462385,0.8518264915161465,1,True
ozone-8hr,sa,7,0.95,0.946473879462385,0.8991501854892657,1,True
ozone-8hr,sa,7,0.98,0.946473879462385,0.9275444018731374,1,True
ozone-8hr,sa,8,0.9,0.946473879462385,0.8518264915161465,1,True
ozone-8hr,sa,8,0.95,0.946473879462385,0.8991501854892657,1,True
ozone-8hr,sa,8,0.98,0.946473879462385,0.9275444018731374,1,True
ozone-8hr,sa,9,0.9,0.946473879462385,0.8518264915161465,1,True
ozone-8hr,sa,9,0.95,0.946473879462385,0.8991501854892657,1,True
ozone-8hr,sa,9,0.98,0.946473879462385,0.9275444018731374,1,True
ozone-8hr,sa,10,0.9,0.946473879462385,0.8518264915161465,1,True
ozone-8hr,sa,10,0.95,0.946473879462385,0.8991501854892657,1,True
ozone-8hr,sa,10,0.98,0.946473879462385,0.9275444018731374,1,True
ozone-8hr,sa,11,0.9,0.946473879462385,0.8518264915161465,1,True
ozone-8hr,sa,11,0.95,0.946473879462385,0.8991501854892657,1,True
ozone-8hr,sa,11,0.98,0.946473879462385,0.9275444018731374,1,True
ozone-8hr,sa,12,0.9,0.946473879462385,0.8518264915161465,1,True
ozone-8hr,sa,12,0.95,0.946473879462385,0.8991501854892657,1,True
ozone-8hr,sa,12,0.98,0.946473879462385,0.9275444018731374,1,True
ozone-8hr,sa,13,0.9,0.946473879462385,0.8518264915161465,1,True
ozone-8hr,sa,13,0.95,0.946473879462385,0.8991501854892657,1,True
ozone-8hr,sa,13,0.98,0.946473879462385,0.9275444018731374,1,True
ozone-8hr,sa,14,0.9,0.946473879462385,0.8518264915161465,1,True
ozone-8hr,sa,14,0.95,0.946473879462385,0.8991501854892657,1,True
ozone-8hr,sa,14,0.98,0.946473879462385,0.9275444018731374,1,True
ozone-8hr,sa,15,0.9,0.946473879462385,0.8518264915161465,1,True
ozone-8hr,sa,15,0.95,0.946473879462385,0.8991501854892657,1,True
ozone-8hr,sa,15,0.98,0.946473879462385,0.9275444018731374,1,True
ozone-8hr,sa,16,0.9,0.946473879462385,0.8518264915161465,1,True
ozone-8hr,sa,16,0.95,0.946473879462385,0.8991501854892657,1,True
ozone-8hr,sa,16,0.98,0.946473879462385,0.9275444018731374,1,True
ozone-8hr,sa,17,0.9,0.946473879462385,0.8518264915161465,1,True
ozone-8hr,sa,17,0.95,0.946473879462385,0.8991501854892657,1,True
ozone-8hr,sa,17,0.98,0.946473879462385,0.9275444018731374,1,True
ozone-8hr,sa,18,0.9,0.946473879462385,0.8518264915161465,1,True
ozone-8hr,sa,18,0.95,0.946473879462385,0.8991501854892657,1,True
ozone-8hr,sa,18,0.98,0.946473879462385,0.9275444018731374,1,True
ozone-8hr,sa,19,0.9,0.946473879462385,0.8518264915161465,1,True
ozone-8hr,sa,19,0.95,0.946473879462385,0.8991501854892657,1,True
ozone-8hr,sa,19,0.98,0.946473879462385,0.9275444018731374,1,True
ozone-8hr,sa,20,0.9,0.946473879462385,0.8518264915161465,1,True
ozone-8hr,sa,20,0.95,0.946473879462385,0.8991501854892657,1,True
ozone-8hr,sa,20,0.98,0.946473879462385,0.9275444018731374,1,True
ozone-8hr,sa,21,0.9,0.946473879462385,0.8518264915161465,1,True
ozone-8hr,sa,21,0.95,0.946473879462385,0.8991501854892657,1,True
ozone-8hr,sa,21,0.98,0.946473879462385,0.9275444018731374,1,True
ozone-8hr,sa,22,0.9,0.946473879462385,0.8518264915161465,1,True
ozone-8hr,sa,22,0.95,0.946473879462385,0.8991501854892657,1,True
ozone-8hr,sa,22,0.98,0.946473879462385,0.9275444018731374,1,True
ozone-8hr,sa,23,0.9,0.946473879462385,0.8518264915161465,1,True
ozone-8hr,sa,23,0.95,0.946473879462385,0.8991501854892657,1,True
ozone-8hr,sa,23,0.98,0.946473879462385,0.9275444018731374,1,True
ozone-8hr,sa,24,0.9,0.946473879462385,0.8518264915161465,1,True
ozone-8hr,sa,24,0.95,0.946473879462385,0.8991501854892657,1,True
ozone-8hr,sa,24,0.98,0.946473879462385,0.9275444018731374,1,True
ozone-8hr,sa,25,0.9,0.946473879462385,0.8518264915161465,1,True
ozone-8hr,sa,25,0.95,0.946473879462385,0.8991501854892657,1,True
ozone-8hr,sa,25,0.98,0.946473879462385,0.9275444018731374,1,True
ozone-8hr,sa,26,0.9,0.946473879462385,0.8518264915161465,1,True
ozone-8hr,sa,26,0.95,0.946473879462385,0.8991501854892657,1,True
ozone-8hr,sa,26,0.98,0.946473879462385,0.9275444018731374,1,True
ozone-8hr,sa,27,0.9,0.946473879462385,0.8518264915161465,1,True
ozone-8hr,sa,27,0.95,0.946473879462385,0.8991501854892657,1,True
ozone-8hr,sa,27,0.98,0.946473879462385,0.9275444018731374,1,True
ozone-8hr,sa,28,0.9,0.946473879462385,0.8518264915161465,1,True
ozone-8hr,sa,28,0.95,0.946473879462385,0.8991501854892657,1,True
ozone-8hr,sa,28,0.98,0.946473879462385,0.9275444018731374,1,True
ozone-8hr,sa,29,0.9,0.946473879462385,0.8518264915161465,1,True
ozone-8hr,sa,29,0.95,0.946473879462385,0.8991501854892657,1,True
ozone-8hr,sa,29,0.98,0.946473879462385,0.9275444018731374,2,True
ozone-8hr,sh,0,0.9,0.946473879462385,0.8518264915161465,10,True
ozone-8hr,sh,0,0.95,0.946473879462385,0.8991501854892657,10,True
ozone-8hr,sh,0,0.98,0.946473879462385,0.9275444018731374,10,True
ozone-8hr,sh,1,0.9,0.946473879462385,0.8518264915161465,10,True
ozone-8hr,sh,1,0.95,0.946473879462385,0.8991501854892657,10,True
ozone-8hr,sh,1,0.98,0.946473879462385,0.9275444018731374,10,True
ozone-8hr,sh,2,0.9,0.946473879462385,0.8518264915161465,10,True
ozone-8hr,sh,2,0.95,0.946473879462385,0.8991501854892657,10,True
ozone-8hr,sh,2,0.98,0.946473879462385,0.9275444018731374,10,True
ozone-8hr,sh,3,0.9,0.946473879462385,0.8518264915161465,10,True
ozone-8hr,sh,3,0.95,0.946473879462385,0.8991501854892657,10,True
ozone-8hr,sh,3,0.98,0.946473879462385,0.9275444018731374,10,True
ozone-8hr,sh,4,0.9,0.946473879462385,0.8518264915161465,10,True
ozone-8hr,sh,4,0.95,0.946473879462385,0.8991501854892657,10,True
ozone-8hr,sh,4,0.98,0.946473879462385,0.9275444018731374,10,True
ozone-8hr,sh,5,0.9,0.946473879462385,0.8518264915161465,10,True
ozone-8hr,sh,5,0.95,0.946473879462385,0.8991501854892657,10,True
ozone-8hr,sh,5,0.98,0.946473879462385,0.9275444018731374,10,True
ozone-8hr,sh,6,0.9,0.946473879462385,0.8518264915161465,10,True
ozone-8hr,sh,6,0.95,0.946473879462385,0.8991501854892657,10,True
ozone-8hr,sh,6,0.98,0.946473879462385,0.9275444018731374,10,True
ozone-8hr,sh,7,0.9,0.946473879462385,0.8518264915161465,10,True
ozone-8hr,sh,7,0.95,0.946473879462385,0.8991501854892657,10,True
ozone-8hr,sh,7,0.98,0.946473879462385,0.9275444018731374,10,True
ozone-8hr,sh,8,0.9,0.946473879462385,0.8518264915161465,10,True
ozone-8hr,sh,8,0.95,0.946473879462385,0.8991501854892657,10,True
ozone-8hr,sh,8,0.98,0.946473879462385,0.9275444018731374,10,True
ozone-8hr,sh,9,0.9,0.946473879462385,0.8518264915161465,10,True
ozone-8hr,sh,9,0.95,0.946473879462385,0.8991501854892657,10,True
ozone-8hr,sh,9,0.98,0.946473879462385,0.9275444018731374,10,True
ozone-8hr,sh,10,0.9,0.946473879462385,0.8518264915161465,10,True
ozone-8hr,sh,10,0.95,0.946473879462385,0.8991501854892657,10,True
ozone-8hr,sh,10,0.98,0.946473879462385,0.9275444018731374,10,True
ozone-8hr,sh,11,0.9,0.946473879462385,0.8518264915161465,10,True
ozone-8hr,sh,11,0.95,0.946473879462385,0.8991501854892657,10,True
ozone-8hr,sh,11,0.98,0.946473879462385,0.9275444018731374,10,True
ozone-8hr,sh,12,0.9,0.946473879462385,0.8518264915161465,10,True
ozone-8hr,sh,12,0.95,0.946473879462385,0.8991501854892657,10,True
ozone-8hr,sh,12,0.98,0.946473879462385,0.9275444018731374,10,True
ozone-8hr,sh,13,0.9,0.946473879462385,0.8518264915161465,10,True
ozone-8hr,sh,13,0.95,0.946473879462385,0.8991501854892657,10,True
ozone-8hr,sh,13,0.98,0.946473879462385,0.9275444018731374,10,True
ozone-8hr,sh,14,0.9,0.946473879462385,0.8518264915161465,10,True
ozone-8hr,sh,14,0.95,0.946473879462385,0.8991501854892657,10,True
ozone-8hr,sh,14,0.98,0.946473879462385,0.9275444018731374,10,True
ozone-8hr,sh,15,0.9,0.946473879462385,0.8518264915161465,10,True
ozone-8hr,sh,15,0.95,0.946473879462385,0.8991501854892657,10,True
ozone-8hr,sh,15,0.98,0.946473879462385,0.9275444018731374,10,True
ozone-8hr,sh,16,0.9,0.946473879462385,0.8518264915161465,10,True
ozone-8hr,sh,16,0.95,0.946473879462385,0.8991501854892657,10,True
ozone-8hr,sh,16,0.98,0.946473879462385,0.9275444018731374,10,True
ozone-8hr,sh,17,0.9,0.946473879462385,0.8518264915161465,10,True
ozone-8hr,sh,17,0.95,0.946473879462385,0.8991501854892657,10,True
ozone-8hr,sh,17,0.98,0.946473879462385,0.9275444018731374,10,True
ozone-8hr,sh,18,0.9,0.946473879462385,0.8518264915161465,10,True
ozone-8hr,sh,18,0.95,0.946473879462385,0.8991501854892657,10,True
ozone-8hr,sh,18,0.98,0.946473879462385,0.9275444018731374,10,True
ozone-8hr,sh,19,0.9,0.946473879462385,0.8518264915161465,10,True
ozone-8hr,sh,19,0.95,0.946473879462385,0.8991501854892657,10,True
ozone-8hr,sh,19,0.98,0.946473879462385,0.9275444018731374,10,True
ozone-8hr,sh,20,0.9,0.946473879462385,0.8518264915161465,10,True
ozone-8hr,sh,20,0.95,0.946473879462385,0.8991501854892657,10,True
ozone-8hr,sh,20,0.98,0.946473879462385,0.9275444018731374,10,True
ozone-8hr,sh,21,0.9,0.946473879462385,0.8518264915161465,10,True
ozone-8hr,sh,21,0.95,0.946473879462385,0.8991501854892657,10,True
ozone-8hr,sh,21,0.98,0.946473879462385,0.9275444018731374,10,True
ozone-8hr,sh,22,0.9,0.946473879462385,0.8518264915161465,10,True
ozone-8hr,sh,22,0.95,0.946473879462385,0.8991501854892657,10,True
ozone-8hr,sh,22,0.98,0.946473879462385,0.9275444018731374,10,True
ozone-8hr,sh,23,0.9,0.946473879462385,0.8518264915161465,10,True
ozone-8hr,sh,23,0.95,0.946473879462385,0.8991501854892657,10,True
ozone-8hr,sh,23,0.98,0.946473879462385,0.9275444018731374,10,True
ozone-8hr,sh,24,0.9,0.946473879462385,0.8518264915161465,10,True
ozone-8hr,sh,24,0.95,0.946473879462385,0.8991501854892657,10,True
ozone-8hr,sh,24,0.98,0.946473879462385,0.9275444018731374,10,True
ozone-8hr,sh,25,0.9,0.946473879462385,0.8518264915161465,10,True
ozone-8hr,sh,25,0.95,0.946473879462385,0.8991501854892657,10,True
ozone-8hr,sh,25,0.98,0.946473879462385,0.9275444018731374,10,True
ozone-8hr,sh,26,0.9,0.946473879462385,0.8518264915161465,10,True
ozone-8hr,sh,26,0.95,0.946473879462385,0.8991501854892657,10,True
ozone-8hr,sh,26,0.98,0.946473879462385,0.9275444018731374,10,True
ozone-8hr,sh,27,0.9,0.946473879462385,0.8518264915161465,10,True
ozone-8hr,sh,27,0.95,0.946473879462385,0.8991501854892657,10,True
ozone-8hr,sh,27,0.98,0.946473879462385,0.9275444018731374,10,True
ozone-8hr,sh,28,0.9,0.946473879462385,0.8518264915161465,10,True
ozone-8hr,sh,28,0.95,0.946473879462385,0.8991501854892657,10,True
ozone-8hr,sh,28,0.98,0.946473879462385,0.9275444018731374,10,True
ozone-8hr,sh,29,0.9,0.946473879462385,0.8518264915161465,10,True
ozone-8hr,sh,29,0.95,0.946473879462385,0.8991501854892657,10,True
ozone-8hr,sh,29,0.98,0.946473879462385,0.9275444018731374,10,True
qsar-biodeg,bo_tpe,0,0.9,0.8850556494787265,0.7965500845308539,1,True
qsar-biodeg,bo_tpe,0,0.95,0.8850556494787265,0.8408028670047901,1,True
qsar-biodeg,bo_tpe,0,0.98,0.8850556494787265,0.867354536489152,2,True
qsar-biodeg,bo_tpe,1,0.9,0.8850556494787265,0.7965500845308539,1,True
qsar-biodeg,bo_tpe,1,0.95,0.8850556494787265,0.8408028670047901,1,True
qsar-biodeg,bo_tpe,1,0.98,0.8850556494787265,0.867354536489152,5,True
qsar-biodeg,bo_tpe,2,0.9,0.8850556494787265,0.7965500845308539,1,True
qsar-biodeg,bo_tpe,2,0.95,0.8850556494787265,0.8408028670047901,2,True
qsar-biodeg,bo_tpe,2,0.98,0.8850556494787265,0.867354536489152,2,True
qsar-biodeg,bo_tpe,3,0.9,0.8850556494787265,0.7965500845308539,1,True
qsar-biodeg,bo_tpe,3,0.95,0.8850556494787265,0.8408028670047901,1,True
qsar-biodeg,bo_tpe,3,0.98,0.8850556494787265,0.867354536489152,2,True
qsar-biodeg,bo_tpe,4,0.9,0.8850556494787265,0.7965500845308539,1,True
qsar-biodeg,bo_tpe,4,0.95,0.8850556494787265,0.8408028670047901,1,True
qsar-biodeg,bo_tpe,4,0.98,0.8850556494787265,0.867354536489152,3,True
qsar-biodeg,bo_tpe,5,0.9,0.8850556494787265,0.7965500845308539,3,True
qsar-biodeg,bo_tpe,5,0.95,0.8850556494787265,0.8408028670047901,3,True
qsar-biodeg,bo_tpe,5,0.98,0.8850556494787265,0.867354536489152,3,True
qsar-biodeg,bo_tpe,6,0.9,0.8850556494787265,0.7965500845308539,1,True
qsar-biodeg,bo_tpe,6,0.95,0.8850556494787265,0.8408028670047901,1,True
qsar-biodeg,bo_tpe,6,0.98,0.8850556494787265,0.867354536489152,2,True
qsar-biodeg,bo_tpe,7,0.9,0.8850556494787265,0.7965500845308539,2,True
qsar-biodeg,bo_tpe,7,0.95,0.8850556494787265,0.8408028670047901,5,True
qsar-biodeg,bo_tpe,7,0.98,0.8850556494787265,0.867354536489152,15,True
qsar-biodeg,bo_tpe,8,0.9,0.8850556494787265,0.7965500845308539,2,True
qsar-biodeg,bo_tpe,8,0.95,0.8850556494787265,0.8408028670047901,2,True
qsar-biodeg,bo_tpe,8,0.98,0.8850556494787265,0.867354536489152,4,True
qsar-biodeg,bo_tpe,9,0.9,0.8850556494787265,0.7965500845308539,2,True
qsar-biodeg,bo_tpe,9,0.95,0.8850556494787265,0.8408028670047901,2,True
qsar-biodeg,bo_tpe,9,0.98,0.8850556494787265,0.867354536489152,13,True
qsar-biodeg,bo_tpe,10,0.9,0.8850556494787265,0.7965500845308539,1,True
qsar-biodeg,bo_tpe,10,0.95,0.8850556494787265,0.8408028670047901,1,True
qsar-biodeg,bo_tpe,10,0.98,0.8850556494787265,0.867354536489152,13,True
qsar-biodeg,bo_tpe,11,0.9,0.8850556494787265,0.7965500845308539,2,True
qsar-biodeg,bo_tpe,11,0.95,0.8850556494787265,0.8408028670047901,2,True
qsar-biodeg,bo_tpe,11,0.98,0.8850556494787265,0.867354536489152,3,True
qsar-biodeg,bo_tpe,12,0.9,0.8850556494787265,0.7965500845308539,2,True
qsar-biodeg,bo_tpe,12,0.95,0.8850556494787265,0.8408028670047901,2,True
qsar-biodeg,bo_tpe,12,0.98,0.8850556494787265,0.867354536489152,2,True
qsar-biodeg,bo_tpe,13,0.9,0.8850556494787265,0.7965500845308539,1,True
qsar-biodeg,bo_tpe,13,0.95,0.8850556494787265,0.8408028670047901,1,True
qsar-biodeg,bo_tpe,13,0.98,0.8850556494787265,0.867354536489152,23,True
qsar-biodeg,bo_tpe,14,0.9,0.8850556494787265,0.7965500845308539,1,True
qsar-biodeg,bo_tpe,14,0.95,0.8850556494787265,0.8408028670047901,2,True
qsar-biodeg,bo_tpe,14,0.98,0.8850556494787265,0.867354536489152,20,True
qsar-biodeg,bo_tpe,15,0.9,0.8850556494787265,0.7965500845308539,1,True
qsar-biodeg,bo_tpe,15,0.95,0.8850556494787265,0.8408028670047901,1,True
qsar-biodeg,bo_tpe,15,0.98,0.8850556494787265,0.867354536489152,1,True
qsar-biodeg,bo_tpe,16,0.9,0.8850556494787265,0.7965500845308539,1,True
qsar-biodeg,bo_tpe,16,0.95,0.8850556494787265,0.8408028670047901,1,True
qsar-biodeg,bo_tpe,16,0.98,0.8850556494787265,0.867354536489152,4,True
qsar-biodeg,bo_tpe,17,0.9,0.8850556494787265,0.7965500845308539,1,True
qsar-biodeg,bo_tpe,17,0.95,0.8850556494787265,0.8408028670047901,1,True
qsar-biodeg,bo_tpe,17,0.98,0.8850556494787265,0.867354536489152,29,True
qsar-biodeg,bo_tpe,18,0.9,0.8850556494787265,0.7965500845308539,1,True
qsar-biodeg,bo_tpe,18,0.95,0.8850556494787265,0.8408028670047901,1,True
qsar-biodeg,bo_tpe,18,0.98,0.8850556494787265,0.867354536489152,1,True
qsar-biodeg,bo_tpe,19,0.9,0.8850556494787265,0.7965500845308539,4,True
qsar-biodeg,bo_tpe,19,0.95,0.8850556494787265,0.8408028670047901,6,True
qsar-biodeg,bo_tpe,19,0.98,0.8850556494787265,0.867354536489152,6,True
qsar-biodeg,bo_tpe,20,0.9,0.8850556494787265,0.7965500845308539,4,True
qsar-biodeg,bo_tpe,20,0.95,0.8850556494787265,0.8408028670047901,4,True
qsar-biodeg,bo_tpe,20,0.98,0.8850556494787265,0.867354536489152,4,True
qsar-biodeg,bo_tpe,21,0.9,0.8850556494787265,0.7965500845308539,2,True
qsar-biodeg,bo_tpe,21,0.95,0.8850556494787265,0.8408028670047901,2,True
qsar-biodeg,bo_tpe,21,0.98,0.8850556494787265,0.867354536489152,4,True
qsar-biodeg,bo_tpe,22,0.9,0.8850556494787265,0.7965500845308539,1,True
qsar-biodeg,bo_tpe,22,0.95,0.8850556494787265,0.8408028670047901,1,True
qsar-biodeg,bo_tpe,22,0.98,0.8850556494787265,0.867354536489152,10,True
qsar-biodeg,bo_tpe,23,0.9,0.8850556494787265,0.7965500845308539,2,True
qsar-biodeg,bo_tpe,23,0.95,0.8850556494787265,0.8408028670047901,2,True
qsar-biodeg,bo_tpe,23,0.98,0.8850556494787265,0.867354536489152,2,True
qsar-biodeg,bo_tpe,24,0.9,0.8850556494787265,0.7965500845308539,1,True
qsar-biodeg,bo_tpe,24,0.95,0.8850556494787265,0.8408028670047901,2,True
qsar-biodeg,bo_tpe,24,0.98,0.8850556494787265,0.867354536489152,8,True
qsar-biodeg,bo_tpe,25,0.9,0.8850556494787265,0.7965500845308539,1,True
qsar-biodeg,bo_tpe,25,0.95,0.8850556494787265,0.8408028670047901,1,True
qsar-biodeg,bo_tpe,25,0.98,0.8850556494787265,0.867354536489152,5,True
qsar-biodeg,bo_tpe,26,0.9,0.8850556494787265,0.7965500845308539,1,True
qsar-biodeg,bo_tpe,26,0.95,0.8850556494787265,0.8408028670047901,1,True
qsar-biodeg,bo_tpe,26,0.98,0.8850556494787265,0.867354536489152,1,True
qsar-biodeg,bo_tpe,27,0.9,0.8850556494787265,0.7965500845308539,4,True
qsar-biodeg,bo_tpe,27,0.95,0.8850556494787265,0.8408028670047901,4,True
qsar-biodeg,bo_tpe,27,0.98,0.8850556494787265,0.867354536489152,16,True
qsar-biodeg,bo_tpe,28,0.9,0.8850556494787265,0.7965500845308539,1,True
qsar-biodeg,bo_tpe,28,0.95,0.8850556494787265,0.8408028670047901,1,True
qsar-biodeg,bo_tpe,28,0.98,0.8850556494787265,0.867354536489152,10,True
qsar-biodeg,bo_tpe,29,0.9,0.8850556494787265,0.7965500845308539,1,True
qsar-biodeg,bo_tpe,29,0.95,0.8850556494787265,0.8408028670047901,1,True
qsar-biodeg,bo_tpe,29,0.98,0.8850556494787265,0.867354536489152,101,False
qsar-biodeg,cuckoo,0,0.9,0.8850556494787265,0.7965500845308539,1,True
qsar-biodeg,cuckoo,0,0.95,0.8850556494787265,0.8408028670047901,1,True
qsar-biodeg,cuckoo,0,0.98,0.8850556494787265,0.867354536489152,2,True
qsar-biodeg,cuckoo,1,0.9,0.8850556494787265,0.7965500845308539,1,True
qsar-biodeg,cuckoo,1,0.95,0.8850556494787265,0.8408028670047901,1,True
qsar-biodeg,cuckoo,1,0.98,0.8850556494787265,0.867354536489152,5,True
qsar-biodeg,cuckoo,2,0.9,0.8850556494787265,0.7965500845308539,1,True
qsar-biodeg,cuckoo,2,0.95,0.8850556494787265,0.8408028670047901,2,True
qsar-biodeg,cuckoo,2,0.98,0.8850556494787265,0.867354536489152,2,True
qsar-biodeg,cuckoo,3,0.9,0.8850556494787265,0.7965500845308539,1,True
qsar-biodeg,cuckoo,3,0.95,0.8850556494787265,0.8408028670047901,1,True
qsar-biodeg,cuckoo,3,0.98,0.8850556494787265,0.867354536489152,2,True
qsar-biodeg,cuckoo,4,0.9,0.8850556494787265,0.7965500845308539,1,True
qsar-biodeg,cuckoo,4,0.95,0.8850556494787265,0.8408028670047901,1,True
qsar-biodeg,cuckoo,4,0.98,0.8850556494787265,0.867354536489152,3,True
qsar-biodeg,cuckoo,5,0.9,0.8850556494787265,0.7965500845308539,3,True
qsar-biodeg,cuckoo,5,0.95,0.8850556494787265,0.8408028670047901,3,True
qsar-biodeg,cuckoo,5,0.98,0.8850556494787265,0.867354536489152,3,True
qsar-biodeg,cuckoo,6,0.9,0.8850556494787265,0.7965500845308539,1,True
qsar-biodeg,cuckoo,6,0.95,0.8850556494787265,0.8408028670047901,1,True
qsar-biodeg,cuckoo,6,0.98,0.8850556494787265,0.867354536489152,2,True
qsar-biodeg,cuckoo,7,0.9,0.8850556494787265,0.7965500845308539,2,True
qsar-biodeg,cuckoo,7,0.95,0.8850556494787265,0.8408028670047901,5,True
qsar-biodeg,cuckoo,7,0.98,0.8850556494787265,0.867354536489152,12,True
qsar-biodeg,cuckoo,8,0.9,0.8850556494787265,0.7965500845308539,2,True
qsar-biodeg,cuckoo,8,0.95,0.8850556494787265,0.8408028670047901,2,True
qsar-biodeg,cuckoo,8,0.98,0.8850556494787265,0.867354536489152,4,True
qsar-biodeg,cuckoo,9,0.9,0.8850556494787265,0.7965500845308539,2,True
qsar-biodeg,cuckoo,9,0.95,0.8850556494787265,0.8408028670047901,2,True
qsar-biodeg,cuckoo,9,0.98,0.8850556494787265,0.867354536489152,14,True
qsar-biodeg,cuckoo,10,0.9,0.8850556494787265,0.7965500845308539,1,True
qsar-biodeg,cuckoo,10,0.95,0.8850556494787265,0.8408028670047901,1,True
qsar-biodeg,cuckoo,10,0.98,0.8850556494787265,0.867354536489152,13,True
qsar-biodeg,cuckoo,11,0.9,0.8850556494787265,0.7965500845308539,2,True
qsar-biodeg,cuckoo,11,0.95,0.8850556494787265,0.8408028670047901,2,True
qsar-biodeg,cuckoo,11,0.98,0.8850556494787265,0.867354536489152,3,True
qsar-biodeg,cuckoo,12,0.9,0.8850556494787265,0.7965500845308539,2,True
qsar-biodeg,cuckoo,12,0.95,0.8850556494787265,0.8408028670047901,2,True
qsar-biodeg,cuckoo,12,0.98,0.8850556494787265,0.867354536489152,2,True
qsar-biodeg,cuckoo,13,0.9,0.8850556494787265,0.7965500845308539,1,True
qsar-biodeg,cuckoo,13,0.95,0.8850556494787265,0.8408028670047901,1,True
qsar-biodeg,cuckoo,13,0.98,0.8850556494787265,0.867354536489152,19,True
qsar-biodeg,cuckoo,14,0.9,0.8850556494787265,0.7965500845308539,1,True
qsar-biodeg,cuckoo,14,0.95,0.8850556494787265,0.8408028670047901,2,True
qsar-biodeg,cuckoo,14,0.98,0.8850556494787265,0.867354536489152,50,True
qsar-biodeg,cuckoo,15,0.9,0.8850556494787265,0.7965500845308539,1,True
qsar-biodeg,cuckoo,15,0.95,0.8850556494787265,0.8408028670047901,1,True
qsar-biodeg,cuckoo,15,0.98,0.8850556494787265,0.867354536489152,1,True
qsar-biodeg,cuckoo,16,0.9,0.8850556494787265,0.7965500845308539,1,True
qsar-biodeg,cuckoo,16,0.95,0.8850556494787265,0.8408028670047901,1,True
qsar-biodeg,cuckoo,16,0.98,0.8850556494787265,0.867354536489152,4,True
qsar-biodeg,cuckoo,17,0.9,0.8850556494787265,0.7965500845308539,1,True
qsar-biodeg,cuckoo,17,0.95,0.8850556494787265,0.8408028670047901,1,True
qsar-biodeg,cuckoo,17,0.98,0.8850556494787265,0.867354536489152,78,True
qsar-biodeg,cuckoo,18,0.9,0.8850556494787265,0.7965500845308539,1,True
qsar-biodeg,cuckoo,18,0.95,0.8850556494787265,0.8408028670047901,1,True
qsar-biodeg,cuckoo,18,0.98,0.8850556494787265,0.867354536489152,1,True
qsar-biodeg,cuckoo,19,0.9,0.8850556494787265,0.7965500845308539,4,True
qsar-biodeg,cuckoo,19,0.95,0.8850556494787265,0.8408028670047901,6,True
qsar-biodeg,cuckoo,19,0.98,0.8850556494787265,0.867354536489152,6,True
qsar-biodeg,cuckoo,20,0.9,0.8850556494787265,0.7965500845308539,4,True
qsar-biodeg,cuckoo,20,0.95,0.8850556494787265,0.8408028670047901,4,True
qsar-biodeg,cuckoo,20,0.98,0.8850556494787265,0.867354536489152,4,True
qsar-biodeg,cuckoo,21,0.9,0.8850556494787265,0.7965500845308539,2,True
qsar-biodeg,cuckoo,21,0.95,0.8850556494787265,0.8408028670047901,2,True
qsar-biodeg,cuckoo,21,0.98,0.8850556494787265,0.867354536489152,4,True
qsar-biodeg,cuckoo,22,0.9,0.8850556494787265,0.7965500845308539,1,True
qsar-biodeg,cuckoo,22,0.95,0.8850556494787265,0.8408028670047901,1,True
qsar-biodeg,cuckoo,22,0.98,0.8850556494787265,0.867354536489152,10,True
qsar-biodeg,cuckoo,23,0.9,0.8850556494787265,0.7965500845308539,2,True
qsar-biodeg,cuckoo,23,0.95,0.8850556494787265,0.8408028670047901,2,True
qsar-biodeg,cuckoo,23,0.98,0.8850556494787265,0.867354536489152,2,True
qsar-biodeg,cuckoo,24,0.9,0.8850556494787265,0.7965500845308539,1,True
qsar-biodeg,cuckoo,24,0.95,0.8850556494787265,0.8408028670047901,2,True
qsar-biodeg,cuckoo,24,0.98,0.8850556494787265,0.867354536489152,8,True
qsar-biodeg,cuckoo,25,0.9,0.8850556494787265,0.7965500845308539,1,True
qsar-biodeg,cuckoo,25,0.95,0.8850556494787265,0.8408028670047901,1,True
qsar-biodeg,cuckoo,25,0.98,0.8850556494787265,0.867354536489152,5,True
qsar-biodeg,cuckoo,26,0.9,0.8850556494787265,0.7965500845308539,1,True
qsar-biodeg,cuckoo,26,0.95,0.8850556494787265,0.8408028670047901,1,True
qsar-biodeg,cuckoo,26,0.98,0.8850556494787265,0.867354536489152,1,True
qsar-biodeg,cuckoo,27,0.9,0.8850556494787265,0.7965500845308539,4,True
qsar-biodeg,cuckoo,27,0.95,0.8850556494787265,0.8408028670047901,4,True
qsar-biodeg,cuckoo,27,0.98,0.8850556494787265,0.867354536489152,25,True
qsar-biodeg,cuckoo,28,0.9,0.8850556494787265,0.7965500845308539,1,True
qsar-biodeg,cuckoo,28,0.95,0.8850556494787265,0.8408028670047901,1,True
qsar-biodeg,cuckoo,28,0.98,0.8850556494787265,0.867354536489152,10,True
qsar-biodeg,cuckoo,29,0.9,0.8850556494787265,0.7965500845308539,1,True
qsar-biodeg,cuckoo,29,0.95,0.8850556494787265,0.8408028670047901,1,True
qsar-biodeg,cuckoo,29,0.98,0.8850556494787265,0.867354536489152,101,False
qsar-biodeg,de,0,0.9,0.8850556494787265,0.7965500845308539,1,True
qsar-biodeg,de,0,0.95,0.8850556494787265,0.8408028670047901,1,True
qsar-biodeg,de,0,0.98,0.8850556494787265,0.867354536489152,1,True
qsar-biodeg,de,1,0.9,0.8850556494787265,0.7965500845308539,3,True
qsar-biodeg,de,1,0.95,0.8850556494787265,0.8408028670047901,3,True
qsar-biodeg,de,1,0.98,0.8850556494787265,0.867354536489152,4,True
qsar-biodeg,de,2,0.9,0.8850556494787265,0.7965500845308539,1,True
qsar-biodeg,de,2,0.95,0.8850556494787265,0.8408028670047901,2,True
qsar-biodeg,de,2,0.98,0.8850556494787265,0.867354536489152,2,True
qsar-biodeg,de,3,0.9,0.8850556494787265,0.7965500845308539,2,True
qsar-biodeg,de,3,0.95,0.8850556494787265,0.8408028670047901,4,True
qsar-biodeg,de,3,0.98,0.8850556494787265,0.867354536489152,5,True
qsar-biodeg,de,4,0.9,0.8850556494787265,0.7965500845308539,1,True
qsar-biodeg,de,4,0.95,0.8850556494787265,0.8408028670047901,2,True
qsar-biodeg,de,4,0.98,0.8850556494787265,0.867354536489152,2,True
qsar-biodeg,de,5,0.9,0.8850556494787265,0.7965500845308539,2,True
qsar-biodeg,de,5,0.95,0.8850556494787265,0.8408028670047901,2,True
qsar-biodeg,de,5,0.98,0.8850556494787265,0.867354536489152,2,True
qsar-biodeg,de,6,0.9,0.8850556494787265,0.7965500845308539,1,True
qsar-biodeg,de,6,0.95,0.8850556494787265,0.8408028670047901,1,True
qsar-biodeg,de,6,0.98,0.8850556494787265,0.867354536489152,13,True
qsar-biodeg,de,7,0.9,0.8850556494787265,0.7965500845308539,2,True
qsar-biodeg,de,7,0.95,0.8850556494787265,0.8408028670047901,2,True
qsar-biodeg,de,7,0.98,0.8850556494787265,0.867354536489152,8,True
qsar-biodeg,de,8,0.9,0.8850556494787265,0.7965500845308539,2,True
qsar-biodeg,de,8,0.95,0.8850556494787265,0.8408028670047901,3,True
qsar-biodeg,de,8,0.98,0.8850556494787265,0.867354536489152,4,True
qsar-biodeg,de,9,0.9,0.8850556494787265,0.7965500845308539,1,True
qsar-biodeg,de,9,0.95,0.8850556494787265,0.8408028670047901,1,True
qsar-biodeg,de,9,0.98,0.8850556494787265,0.867354536489152,16,True
qsar-biodeg,de,10,0.9,0.8850556494787265,0.7965500845308539,1,True
qsar-biodeg,de,10,0.95,0.8850556494787265,0.8408028670047901,1,True
qsar-biodeg,de,10,0.98,0.8850556494787265,0.867354536489152,13,True
qsar-biodeg,de,11,0.9,0.8850556494787265,0.7965500845308539,1,True
qsar-biodeg,de,11,0.95,0.8850556494787265,0.8408028670047901,2,True
qsar-biodeg,de,11,0.98,0.8850556494787265,0.867354536489152,6,True
qsar-biodeg,de,12,0.9,0.8850556494787265,0.7965500845308539,3,True
qsar-biodeg,de,12,0.95,0.8850556494787265,0.8408028670047901,4,True
qsar-biodeg,de,12,0.98,0.8850556494787265,0.867354536489152,4,True
qsar-biodeg,de,13,0.9,0.8850556494787265,0.7965500845308539,2,True
qsar-biodeg,de,13,0.95,0.8850556494787265,0.8408028670047901,2,True
qsar-biodeg,de,13,0.98,0.8850556494787265,0.867354536489152,2,True
qsar-biodeg,de,14,0.9,0.8850556494787265,0.7965500845308539,1,True
qsar-biodeg,de,14,0.95,0.8850556494787265,0.8408028670047901,1,True
qsar-biodeg,de,14,0.98,0.8850556494787265,0.867354536489152,5,True
qsar-biodeg,de,15,0.9,0.8850556494787265,0.7965500845308539,3,True
qsar-biodeg,de,15,0.95,0.8850556494787265,0.8408028670047901,3,True
qsar-biodeg,de,15,0.98,0.8850556494787265,0.867354536489152,4,True
qsar-biodeg,de,16,0.9,0.8850556494787265,0.7965500845308539,1,True
qsar-biodeg,de,16,0.95,0.8850556494787265,0.8408028670047901,1,True
qsar-biodeg,de,16,0.98,0.8850556494787265,0.867354536489152,9,True
qsar-biodeg,de,17,0.9,0.8850556494787265,0.7965500845308539,1,True
qsar-biodeg,de,17,0.95,0.8850556494787265,0.8408028670047901,1,True
qsar-biodeg,de,17,0.98,0.8850556494787265,0.867354536489152,12,True
qsar-biodeg,de,18,0.9,0.8850556494787265,0.7965500845308539,1,True
qsar-biodeg,de,18,0.95,0.8850556494787265,0.8408028670047901,1,True
qsar-biodeg,de,18,0.98,0.8850556494787265,0.867354536489152,8,True
qsar-biodeg,de,19,0.9,0.8850556494787265,0.7965500845308539,3,True
qsar-biodeg,de,19,0.95,0.8850556494787265,0.8408028670047901,3,True
qsar-biodeg,de,19,0.98,0.8850556494787265,0.867354536489152,7,True
qsar-biodeg,de,20,0.9,0.8850556494787265,0.7965500845308539,1,True
qsar-biodeg,de,20,0.95,0.8850556494787265,0.8408028670047901,1,True
qsar-biodeg,de,20,0.98,0.8850556494787265,0.867354536489152,1,True
qsar-biodeg,de,21,0.9,0.8850556494787265,0.7965500845308539,1,True
qsar-biodeg,de,21,0.95,0.8850556494787265,0.8408028670047901,1,True
qsar-biodeg,de,21,0.98,0.8850556494787265,0.867354536489152,7,True
qsar-biodeg,de,22,0.9,0.8850556494787265,0.7965500845308539,1,True
qsar-biodeg,de,22,0.95,0.8850556494787265,0.8408028670047901,6,True
qsar-biodeg,de,22,0.98,0.8850556494787265,0.867354536489152,7,True
qsar-biodeg,de,23,0.9,0.8850556494787265,0.7965500845308539,1,True
qsar-biodeg,de,23,0.95,0.8850556494787265,0.8408028670047901,1,True
qsar-biodeg,de,23,0.98,0.8850556494787265,0.867354536489152,6,True
qsar-biodeg,de,24,0.9,0.8850556494787265,0.7965500845308539,1,True
qsar-biodeg,de,24,0.95,0.8850556494787265,0.8408028670047901,1,True
qsar-biodeg,de,24,0.98,0.8850556494787265,0.867354536489152,2,True
qsar-biodeg,de,25,0.9,0.8850556494787265,0.7965500845308539,2,True
qsar-biodeg,de,25,0.95,0.8850556494787265,0.8408028670047901,8,True
qsar-biodeg,de,25,0.98,0.8850556494787265,0.867354536489152,28,True
qsar-biodeg,de,26,0.9,0.8850556494787265,0.7965500845308539,1,True
qsar-biodeg,de,26,0.95,0.8850556494787265,0.8408028670047901,1,True
qsar-biodeg,de,26,0.98,0.8850556494787265,0.867354536489152,4,True
qsar-biodeg,de,27,0.9,0.8850556494787265,0.7965500845308539,1,True
qsar-biodeg,de,27,0.95,0.8850556494787265,0.8408028670047901,1,True
qsar-biodeg,de,27,0.98,0.8850556494787265,0.867354536489152,20,True
qsar-biodeg,de,28,0.9,0.8850556494787265,0.7965500845308539,2,True
qsar-biodeg,de,28,0.95,0.8850556494787265,0.8408028670047901,2,True
qsar-biodeg,de,28,0.98,0.8850556494787265,0.867354536489152,2,True
qsar-biodeg,de,29,0.9,0.8850556494787265,0.7965500845308539,2,True
qsar-biodeg,de,29,0.95,0.8850556494787265,0.8408028670047901,2,True
qsar-biodeg,de,29,0.98,0.8850556494787265,0.867354536489152,26,True
qsar-biodeg,ga,0,0.9,0.8850556494787265,0.7965500845308539,1,True
qsar-biodeg,ga,0,0.95,0.8850556494787265,0.8408028670047901,1,True
qsar-biodeg,ga,0,0.98,0.8850556494787265,0.867354536489152,1,True
qsar-biodeg,ga,1,0.9,0.8850556494787265,0.7965500845308539,3,True
qsar-biodeg,ga,1,0.95,0.8850556494787265,0.8408028670047901,3,True
qsar-biodeg,ga,1,0.98,0.8850556494787265,0.867354536489152,4,True
qsar-biodeg,ga,2,0.9,0.8850556494787265,0.7965500845308539,1,True
qsar-biodeg,ga,2,0.95,0.8850556494787265,0.8408028670047901,2,True
qsar-biodeg,ga,2,0.98,0.8850556494787265,0.867354536489152,2,True
qsar-biodeg,ga,3,0.9,0.8850556494787265,0.7965500845308539,2,True
qsar-biodeg,ga,3,0.95,0.8850556494787265,0.8408028670047901,4,True
qsar-biodeg,ga,3,0.98,0.8850556494787265,0.867354536489152,5,True
qsar-biodeg,ga,4,0.9,0.8850556494787265,0.7965500845308539,1,True
qsar-biodeg,ga,4,0.95,0.8850556494787265,0.8408028670047901,2,True
qsar-biodeg,ga,4,0.98,0.8850556494787265,0.867354536489152,2,True
qsar-biodeg,ga,5,0.9,0.8850556494787265,0.7965500845308539,2,True
qsar-biodeg,ga,5,0.95,0.8850556494787265,0.8408028670047901,2,True
qsar-biodeg,ga,5,0.98,0.8850556494787265,0.867354536489152,2,True
qsar-biodeg,ga,6,0.9,0.8850556494787265,0.7965500845308539,1,True
qsar-biodeg,ga,6,0.95,0.8850556494787265,0.8408028670047901,1,True
qsar-biodeg,ga,6,0.98,0.8850556494787265,0.867354536489152,13,True
qsar-biodeg,ga,7,0.9,0.8850556494787265,0.7965500845308539,2,True
qsar-biodeg,ga,7,0.95,0.8850556494787265,0.8408028670047901,2,True
qsar-biodeg,ga,7,0.98,0.8850556494787265,0.867354536489152,8,True
qsar-biodeg,ga,8,0.9,0.8850556494787265,0.7965500845308539,2,True
qsar-biodeg,ga,8,0.95,0.8850556494787265,0.8408028670047901,3,True
qsar-biodeg,ga,8,0.98,0.8850556494787265,0.867354536489152,4,True
qsar-biodeg,ga,9,0.9,0.8850556494787265,0.7965500845308539,1,True
qsar-biodeg,ga,9,0.95,0.8850556494787265,0.8408028670047901,1,True
qsar-biodeg,ga,9,0.98,0.8850556494787265,0.867354536489152,16,True
qsar-biodeg,ga,10,0.9,0.8850556494787265,0.7965500845308539,1,True
qsar-biodeg,ga,10,0.95,0.8850556494787265,0.8408028670047901,1,True
qsar-biodeg,ga,10,0.98,0.8850556494787265,0.867354536489152,13,True
qsar-biodeg,ga,11,0.9,0.8850556494787265,0.7965500845308539,1,True
qsar-biodeg,ga,11,0.95,0.8850556494787265,0.8408028670047901,2,True
qsar-biodeg,ga,11,0.98,0.8850556494787265,0.867354536489152,6,True
qsar-biodeg,ga,12,0.9,0.8850556494787265,0.7965500845308539,3,True
qsar-biodeg,ga,12,0.95,0.8850556494787265,0.8408028670047901,4,True
qsar-biodeg,ga,12,0.98,0.8850556494787265,0.867354536489152,4,True
qsar-biodeg,ga,13,0.9,0.8850556494787265,0.7965500845308539,2,True
qsar-biodeg,ga,13,0.95,0.8850556494787265,0.8408028670047901,2,True
qsar-biodeg,ga,13,0.98,0.8850556494787265,0.867354536489152,2,True
qsar-biodeg,ga,14,0.9,0.8850556494787265,0.7965500845308539,1,True
qsar-biodeg,ga,14,0.95,0.8850556494787265,0.8408028670047901,1,True
qsar-biodeg,ga,14,0.98,0.8850556494787265,0.867354536489152,5,True
qsar-biodeg,ga,15,0.9,0.8850556494787265,0.7965500845308539,3,True
qsar-biodeg,ga,15,0.95,0.8850556494787265,0.8408028670047901,3,True
qsar-biodeg,ga,15,0.98,0.8850556494787265,0.867354536489152,4,True
qsar-biodeg,ga,16,0.9,0.8850556494787265,0.7965500845308539,1,True
qsar-biodeg,ga,16,0.95,0.8850556494787265,0.8408028670047901,1,True
qsar-biodeg,ga,16,0.98,0.8850556494787265,0.867354536489152,9,True
qsar-biodeg,ga,17,0.9,0.8850556494787265,0.7965500845308539,1,True
qsar-biodeg,ga,17,0.95,0.8850556494787265,0.8408028670047901,1,True
qsar-biodeg,ga,17,0.98,0.8850556494787265,0.867354536489152,12,True
qsar-biodeg,ga,18,0.9,0.8850556494787265,0.7965500845308539,1,True
qsar-biodeg,ga,18,0.95,0.8850556494787265,0.8408028670047901,1,True
qsar-biodeg,ga,18,0.98,0.8850556494787265,0.867354536489152,8,True
qsar-biodeg,ga,19,0.9,0.8850556494787265,0.7965500845308539,3,True
qsar-biodeg,ga,19,0.95,0.8850556494787265,0.8408028670047901,3,True
qsar-biodeg,ga,19,0.98,0.8850556494787265,0.867354536489152,7,True
qsar-biodeg,ga,20,0.9,0.8850556494787265,0.7965500845308539,1,True
qsar-biodeg,ga,20,0.95,0.8850556494787265,0.8408028670047901,1,True
qsar-biodeg,ga,20,0.98,0.8850556494787265,0.867354536489152,1,True
qsar-biodeg,ga,21,0.9,0.8850556494787265,0.7965500845308539,1,True
qsar-biodeg,ga,21,0.95,0.8850556494787265,0.8408028670047901,1,True
qsar-biodeg,ga,21,0.98,0.8850556494787265,0.867354536489152,7,True
qsar-biodeg,ga,22,0.9,0.8850556494787265,0.7965500845308539,1,True
qsar-biodeg,ga,22,0.95,0.8850556494787265,0.8408028670047901,6,True
qsar-biodeg,ga,22,0.98,0.8850556494787265,0.867354536489152,7,True
qsar-biodeg,ga,23,0.9,0.8850556494787265,0.7965500845308539,1,True
qsar-biodeg,ga,23,0.95,0.8850556494787265,0.8408028670047901,1,True
qsar-biodeg,ga,23,0.98,0.8850556494787265,0.867354536489152,6,True
qsar-biodeg,ga,24,0.9,0.8850556494787265,0.7965500845308539,1,True
qsar-biodeg,ga,24,0.95,0.8850556494787265,0.8408028670047901,1,True
qsar-biodeg,ga,24,0.98,0.8850556494787265,0.867354536489152,2,True
qsar-biodeg,ga,25,0.9,0.8850556494787265,0.7965500845308539,2,True
qsar-biodeg,ga,25,0.95,0.8850556494787265,0.8408028670047901,8,True
qsar-biodeg,ga,25,0.98,0.8850556494787265,0.867354536489152,27,True
qsar-biodeg,ga,26,0.9,0.8850556494787265,0.7965500845308539,1,True
qsar-biodeg,ga,26,0.95,0.8850556494787265,0.8408028670047901,1,True
qsar-biodeg,ga,26,0.98,0.8850556494787265,0.867354536489152,4,True
qsar-biodeg,ga,27,0.9,0.8850556494787265,0.7965500845308539,1,True
qsar-biodeg,ga,27,0.95,0.8850556494787265,0.8408028670047901,1,True
qsar-biodeg,ga,27,0.98,0.8850556494787265,0.867354536489152,20,True
qsar-biodeg,ga,28,0.9,0.8850556494787265,0.7965500845308539,2,True
qsar-biodeg,ga,28,0.95,0.8850556494787265,0.8408028670047901,2,True
qsar-biodeg,ga,28,0.98,0.8850556494787265,0.867354536489152,2,True
qsar-biodeg,ga,29,0.9,0.8850556494787265,0.7965500845308539,2,True
qsar-biodeg,ga,29,0.95,0.8850556494787265,0.8408028670047901,2,True
qsar-biodeg,ga,29,0.98,0.8850556494787265,0.867354536489152,86,True
qsar-biodeg,grid,0,0.9,0.8850556494787265,0.7965500845308539,1,True
qsar-biodeg,grid,0,0.95,0.8850556494787265,0.8408028670047901,1,True
qsar-biodeg,grid,0,0.98,0.8850556494787265,0.867354536489152,4,True
qsar-biodeg,grid,1,0.9,0.8850556494787265,0.7965500845308539,1,True
qsar-biodeg,grid,1,0.95,0.8850556494787265,0.8408028670047901,1,True
qsar-biodeg,grid,1,0.98,0.8850556494787265,0.867354536489152,1,True
qsar-biodeg,grid,2,0.9,0.8850556494787265,0.7965500845308539,1,True
qsar-biodeg,grid,2,0.95,0.8850556494787265,0.8408028670047901,1,True
qsar-biodeg,grid,2,0.98,0.8850556494787265,0.867354536489152,12,True
qsar-biodeg,grid,3,0.9,0.8850556494787265,0.7965500845308539,1,True
qsar-biodeg,grid,3,0.95,0.8850556494787265,0.8408028670047901,4,True
qsar-biodeg,grid,3,0.98,0.8850556494787265,0.867354536489152,9,True
qsar-biodeg,grid,4,0.9,0.8850556494787265,0.7965500845308539,3,True
qsar-biodeg,grid,4,0.95,0.8850556494787265,0.8408028670047901,3,True
qsar-biodeg,grid,4,0.98,0.8850556494787265,0.867354536489152,5,True
qsar-biodeg,grid,5,0.9,0.8850556494787265,0.7965500845308539,1,True
qsar-biodeg,grid,5,0.95,0.8850556494787265,0.8408028670047901,1,True
qsar-biodeg,grid,5,0.98,0.8850556494787265,0.867354536489152,10,True
qsar-biodeg,grid,6,0.9,0.8850556494787265,0.7965500845308539,2,True
qsar-biodeg,grid,6,0.95,0.8850556494787265,0.8408028670047901,2,True
qsar-biodeg,grid,6,0.98,0.8850556494787265,0.867354536489152,4,True
qsar-biodeg,grid,7,0.9,0.8850556494787265,0.7965500845308539,1,True
qsar-biodeg,grid,7,0.95,0.8850556494787265,0.8408028670047901,2,True
qsar-biodeg,grid,7,0.98,0.8850556494787265,0.867354536489152,16,True
qsar-biodeg,grid,8,0.9,0.8850556494787265,0.7965500845308539,2,True
qsar-biodeg,grid,8,0.95,0.8850556494787265,0.8408028670047901,4,True
qsar-biodeg,grid,8,0.98,0.8850556494787265,0.867354536489152,4,True
qsar-biodeg,grid,9,0.9,0.8850556494787265,0.7965500845308539,1,True
qsar-biodeg,grid,9,0.95,0.8850556494787265,0.8408028670047901,1,True
qsar-biodeg,grid,9,0.98,0.8850556494787265,0.867354536489152,16,True
qsar-biodeg,grid,10,0.9,0.8850556494787265,0.7965500845308539,2,True
qsar-biodeg,grid,10,0.95,0.8850556494787265,0.8408028670047901,3,True
qsar-biodeg,grid,10,0.98,0.8850556494787265,0.867354536489152,14,True
qsar-biodeg,grid,11,0.9,0.8850556494787265,0.7965500845308539,1,True
qsar-biodeg,grid,11,0.95,0.8850556494787265,0.8408028670047901,1,True
qsar-biodeg,grid,11,0.98,0.8850556494787265,0.867354536489152,7,True
qsar-biodeg,grid,12,0.9,0.8850556494787265,0.7965500845308539,2,True
qsar-biodeg,grid,12,0.95,0.8850556494787265,0.8408028670047901,3,True
qsar-biodeg,grid,12,0.98,0.8850556494787265,0.867354536489152,16,True
qsar-biodeg,grid,13,0.9,0.8850556494787265,0.7965500845308539,1,True
qsar-biodeg,grid,13,0.95,0.8850556494787265,0.8408028670047901,2,True
qsar-biodeg,grid,13,0.98,0.8850556494787265,0.867354536489152,39,True
qsar-biodeg,grid,14,0.9,0.8850556494787265,0.7965500845308539,1,True
qsar-biodeg,grid,14,0.95,0.8850556494787265,0.8408028670047901,1,True
qsar-biodeg,grid,14,0.98,0.8850556494787265,0.867354536489152,4,True
qsar-biodeg,grid,15,0.9,0.8850556494787265,0.7965500845308539,1,True
qsar-biodeg,grid,15,0.95,0.8850556494787265,0.8408028670047901,2,True
qsar-biodeg,grid,15,0.98,0.8850556494787265,0.867354536489152,14,True
qsar-biodeg,grid,16,0.9,0.8850556494787265,0.7965500845308539,2,True
qsar-biodeg,grid,16,0.95,0.8850556494787265,0.8408028670047901,2,True
qsar-biodeg,grid,16,0.98,0.8850556494787265,0.867354536489152,2,True
qsar-biodeg,grid,17,0.9,0.8850556494787265,0.7965500845308539,1,True
qsar-biodeg,grid,17,0.95,0.8850556494787265,0.8408028670047901,1,True
qsar-biodeg,grid,17,0.98,0.8850556494787265,0.867354536489152,36,True
qsar-biodeg,grid,18,0.9,0.8850556494787265,0.7965500845308539,1,True
qsar-biodeg,grid,18,0.95,0.8850556494787265,0.8408028670047901,1,True
qsar-biodeg,grid,18,0.98,0.8850556494787265,0.867354536489152,1,True
qsar-biodeg,grid,19,0.9,0.8850556494787265,0.7965500845308539,1,True
qsar-biodeg,grid,19,0.95,0.8850556494787265,0.8408028670047901,2,True
qsar-biodeg,grid,19,0.98,0.8850556494787265,0.867354536489152,2,True
qsar-biodeg,grid,20,0.9,0.8850556494787265,0.7965500845308539,1,True
qsar-biodeg,grid,20,0.95,0.8850556494787265,0.8408028670047901,1,True
qsar-biodeg,grid,20,0.98,0.8850556494787265,0.867354536489152,1,True
qsar-biodeg,grid,21,0.9,0.8850556494787265,0.7965500845308539,1,True
qsar-biodeg,grid,21,0.95,0.8850556494787265,0.8408028670047901,2,True
qsar-biodeg,grid,21,0.98,0.8850556494787265,0.867354536489152,18,True
qsar-biodeg,grid,22,0.9,0.8850556494787265,0.7965500845308539,3,True
qsar-biodeg,grid,22,0.95,0.8850556494787265,0.8408028670047901,3,True
qsar-biodeg,grid,22,0.98,0.8850556494787265,0.867354536489152,3,True
qsar-biodeg,grid,23,0.9,0.8850556494787265,0.7965500845308539,1,True
qsar-biodeg,grid,23,0.95,0.8850556494787265,0.8408028670047901,1,True
qsar-biodeg,grid,23,0.98,0.8850556494787265,0.867354536489152,2,True
qsar-biodeg,grid,24,0.9,0.8850556494787265,0.7965500845308539,1,True
qsar-biodeg,grid,24,0.95,0.8850556494787265,0.8408028670047901,1,True
qsar-biodeg,grid,24,0.98,0.8850556494787265,0.867354536489152,9,True
qsar-biodeg,grid,25,0.9,0.8850556494787265,0.7965500845308539,1,True
qsar-biodeg,grid,25,0.95,0.8850556494787265,0.8408028670047901,3,True
qsar-biodeg,grid,25,0.98,0.8850556494787265,0.867354536489152,13,True
qsar-biodeg,grid,26,0.9,0.8850556494787265,0.7965500845308539,3,True
qsar-biodeg,grid,26,0.95,0.8850556494787265,0.8408028670047901,3,True
qsar-biodeg,grid,26,0.98,0.8850556494787265,0.867354536489152,5,True
qsar-biodeg,grid,27,0.9,0.8850556494787265,0.7965500845308539,3,True
qsar-biodeg,grid,27,0.95,0.8850556494787265,0.8408028670047901,3,True
qsar-biodeg,grid,27,0.98,0.8850556494787265,0.867354536489152,30,True
qsar-biodeg,grid,28,0.9,0.8850556494787265,0.7965500845308539,1,True
qsar-biodeg,grid,28,0.95,0.8850556494787265,0.8408028670047901,4,True
qsar-biodeg,grid,28,0.98,0.8850556494787265,0.867354536489152,12,True
qsar-biodeg,grid,29,0.9,0.8850556494787265,0.7965500845308539,1,True
qsar-biodeg,grid,29,0.95,0.8850556494787265,0.8408028670047901,1,True
qsar-biodeg,grid,29,0.98,0.8850556494787265,0.867354536489152,51,True
qsar-biodeg,pso,0,0.9,0.8850556494787265,0.7965500845308539,1,True
qsar-biodeg,pso,0,0.95,0.8850556494787265,0.8408028670047901,1,True
qsar-biodeg,pso,0,0.98,0.8850556494787265,0.867354536489152,1,True
qsar-biodeg,pso,1,0.9,0.8850556494787265,0.7965500845308539,5,True
qsar-biodeg,pso,1,0.95,0.8850556494787265,0.8408028670047901,5,True
qsar-biodeg,pso,1,0.98,0.8850556494787265,0.867354536489152,5,True
qsar-biodeg,pso,2,0.9,0.8850556494787265,0.7965500845308539,1,True
qsar-biodeg,pso,2,0.95,0.8850556494787265,0.8408028670047901,1,True
qsar-biodeg,pso,2,0.98,0.8850556494787265,0.867354536489152,2,True
qsar-biodeg,pso,3,0.9,0.8850556494787265,0.7965500845308539,2,True
qsar-biodeg,pso,3,0.95,0.8850556494787265,0.8408028670047901,2,True
qsar-biodeg,pso,3,0.98,0.8850556494787265,0.867354536489152,2,True
qsar-biodeg,pso,4,0.9,0.8850556494787265,0.7965500845308539,1,True
qsar-biodeg,pso,4,0.95,0.8850556494787265,0.8408028670047901,1,True
qsar-biodeg,pso,4,0.98,0.8850556494787265,0.867354536489152,5,True
qsar-biodeg,pso,5,0.9,0.8850556494787265,0.7965500845308539,1,True
qsar-biodeg,pso,5,0.95,0.8850556494787265,0.8408028670047901,1,True
qsar-biodeg,pso,5,0.98,0.8850556494787265,0.867354536489152,1,True
qsar-biodeg,pso,6,0.9,0.8850556494787265,0.7965500845308539,1,True
qsar-biodeg,pso,6,0.95,0.8850556494787265,0.8408028670047901,1,True
qsar-biodeg,pso,6,0.98,0.8850556494787265,0.867354536489152,9,True
qsar-biodeg,pso,7,0.9,0.8850556494787265,0.7965500845308539,1,True
qsar-biodeg,pso,7,0.95,0.8850556494787265,0.8408028670047901,1,True
qsar-biodeg,pso,7,0.98,0.8850556494787265,0.867354536489152,1,True
qsar-biodeg,pso,8,0.9,0.8850556494787265,0.7965500845308539,1,True
qsar-biodeg,pso,8,0.95,0.8850556494787265,0.8408028670047901,1,True
qsar-biodeg,pso,8,0.98,0.8850556494787265,0.867354536489152,1,True
qsar-biodeg,pso,9,0.9,0.8850556494787265,0.7965500845308539,3,True
qsar-biodeg,pso,9,0.95,0.8850556494787265,0.8408028670047901,3,True
qsar-biodeg,pso,9,0.98,0.8850556494787265,0.867354536489152,8,True
qsar-biodeg,pso,10,0.9,0.8850556494787265,0.7965500845308539,1,True
qsar-biodeg,pso,10,0.95,0.8850556494787265,0.8408028670047901,2,True
qsar-biodeg,pso,10,0.98,0.8850556494787265,0.867354536489152,8,True
qsar-biodeg,pso,11,0.9,0.8850556494787265,0.7965500845308539,2,True
qsar-biodeg,pso,11,0.95,0.8850556494787265,0.8408028670047901,2,True
qsar-biodeg,pso,11,0.98,0.8850556494787265,0.867354536489152,2,True
qsar-biodeg,pso,12,0.9,0.8850556494787265,0.7965500845308539,2,True
qsar-biodeg,pso,12,0.95,0.8850556494787265,0.8408028670047901,2,True
qsar-biodeg,pso,12,0.98,0.8850556494787265,0.867354536489152,7,True
qsar-biodeg,pso,13,0.9,0.8850556494787265,0.7965500845308539,1,True
qsar-biodeg,pso,13,0.95,0.8850556494787265,0.8408028670047901,1,True
qsar-biodeg,pso,13,0.98,0.8850556494787265,0.867354536489152,3,True
qsar-biodeg,pso,14,0.9,0.8850556494787265,0.7965500845308539,1,True
qsar-biodeg,pso,14,0.95,0.8850556494787265,0.8408028670047901,1,True
qsar-biodeg,pso,14,0.98,0.8850556494787265,0.867354536489152,15,True
qsar-biodeg,pso,15,0.9,0.8850556494787265,0.7965500845308539,2,True
qsar-biodeg,pso,15,0.95,0.8850556494787265,0.8408028670047901,3,True
qsar-biodeg,pso,15,0.98,0.8850556494787265,0.867354536489152,12,True
qsar-biodeg,pso,16,0.9,0.8850556494787265,0.7965500845308539,2,True
qsar-biodeg,pso,16,0.95,0.8850556494787265,0.8408028670047901,2,True
qsar-biodeg,pso,16,0.98,0.8850556494787265,0.867354536489152,3,True
qsar-biodeg,pso,17,0.9,0.8850556494787265,0.7965500845308539,2,True
qsar-biodeg,pso,17,0.95,0.8850556494787265,0.8408028670047901,9,True
qsar-biodeg,pso,17,0.98,0.8850556494787265,0.867354536489152,17,True
qsar-biodeg,pso,18,0.9,0.8850556494787265,0.7965500845308539,1,True
qsar-biodeg,pso,18,0.95,0.8850556494787265,0.8408028670047901,2,True
qsar-biodeg,pso,18,0.98,0.8850556494787265,0.867354536489152,2,True
qsar-biodeg,pso,19,0.9,0.8850556494787265,0.7965500845308539,1,True
qsar-biodeg,pso,19,0.95,0.8850556494787265,0.8408028670047901,1,True
qsar-biodeg,pso,19,0.98,0.8850556494787265,0.867354536489152,4,True
qsar-biodeg,pso,20,0.9,0.8850556494787265,0.7965500845308539,1,True
qsar-biodeg,pso,20,0.95,0.8850556494787265,0.8408028670047901,1,True
qsar-biodeg,pso,20,0.98,0.8850556494787265,0.867354536489152,1,True
qsar-biodeg,pso,21,0.9,0.8850556494787265,0.7965500845308539,1,True
qsar-biodeg,pso,21,0.95,0.8850556494787265,0.8408028670047901,1,True
qsar-biodeg,pso,21,0.98,0.8850556494787265,0.867354536489152,3,True
qsar-biodeg,pso,22,0.9,0.8850556494787265,0.7965500845308539,1,True
qsar-biodeg,pso,22,0.95,0.8850556494787265,0.8408028670047901,1,True
qsar-biodeg,pso,22,0.98,0.8850556494787265,0.867354536489152,1,True
qsar-biodeg,pso,23,0.9,0.8850556494787265,0.7965500845308539,1,True
qsar-biodeg,pso,23,0.95,0.8850556494787265,0.8408028670047901,1,True
qsar-biodeg,pso,23,0.98,0.8850556494787265,0.867354536489152,9,True
qsar-biodeg,pso,24,0.9,0.8850556494787265,0.7965500845308539,2,True
qsar-biodeg,pso,24,0.95,0.8850556494787265,0.8408028670047901,4,True
qsar-biodeg,pso,24,0.98,0.8850556494787265,0.867354536489152,5,True
qsar-biodeg,pso,25,0.9,0.8850556494787265,0.7965500845308539,1,True
qsar-biodeg,pso,25,0.95,0.8850556494787265,0.8408028670047901,1,True
qsar-biodeg,pso,25,0.98,0.8850556494787265,0.867354536489152,11,True
qsar-biodeg,pso,26,0.9,0.8850556494787265,0.7965500845308539,1,True
qsar-biodeg,pso,26,0.95,0.8850556494787265,0.8408028670047901,1,True
qsar-biodeg,pso,26,0.98,0.8850556494787265,0.867354536489152,17,True
qsar-biodeg,pso,27,0.9,0.8850556494787265,0.7965500845308539,1,True
qsar-biodeg,pso,27,0.95,0.8850556494787265,0.8408028670047901,1,True
qsar-biodeg,pso,27,0.98,0.8850556494787265,0.867354536489152,23,True
qsar-biodeg,pso,28,0.9,0.8850556494787265,0.7965500845308539,2,True
qsar-biodeg,pso,28,0.95,0.8850556494787265,0.8408028670047901,7,True
qsar-biodeg,pso,28,0.98,0.8850556494787265,0.867354536489152,7,True
qsar-biodeg,pso,29,0.9,0.8850556494787265,0.7965500845308539,2,True
qsar-biodeg,pso,29,0.95,0.8850556494787265,0.8408028670047901,2,True
qsar-biodeg,pso,29,0.98,0.8850556494787265,0.867354536489152,37,True
qsar-biodeg,random,0,0.9,0.8850556494787265,0.7965500845308539,1,True
qsar-biodeg,random,0,0.95,0.8850556494787265,0.8408028670047901,1,True
qsar-biodeg,random,0,0.98,0.8850556494787265,0.867354536489152,2,True
qsar-biodeg,random,1,0.9,0.8850556494787265,0.7965500845308539,1,True
qsar-biodeg,random,1,0.95,0.8850556494787265,0.8408028670047901,1,True
qsar-biodeg,random,1,0.98,0.8850556494787265,0.867354536489152,5,True
qsar-biodeg,random,2,0.9,0.8850556494787265,0.7965500845308539,1,True
qsar-biodeg,random,2,0.95,0.8850556494787265,0.8408028670047901,2,True
qsar-biodeg,random,2,0.98,0.8850556494787265,0.867354536489152,2,True
qsar-biodeg,random,3,0.9,0.8850556494787265,0.7965500845308539,1,True
qsar-biodeg,random,3,0.95,0.8850556494787265,0.8408028670047901,1,True
qsar-biodeg,random,3,0.98,0.8850556494787265,0.867354536489152,2,True
qsar-biodeg,random,4,0.9,0.8850556494787265,0.7965500845308539,1,True
qsar-biodeg,random,4,0.95,0.8850556494787265,0.8408028670047901,1,True
qsar-biodeg,random,4,0.98,0.8850556494787265,0.867354536489152,3,True
qsar-biodeg,random,5,0.9,0.8850556494787265,0.7965500845308539,3,True
qsar-biodeg,random,5,0.95,0.8850556494787265,0.8408028670047901,3,True
qsar-biodeg,random,5,0.98,0.8850556494787265,0.867354536489152,3,True
qsar-biodeg,random,6,0.9,0.8850556494787265,0.7965500845308539,1,True
qsar-biodeg,random,6,0.95,0.8850556494787265,0.8408028670047901,1,True
qsar-biodeg,random,6,0.98,0.8850556494787265,0.867354536489152,2,True
qsar-biodeg,random,7,0.9,0.8850556494787265,0.7965500845308539,2,True
qsar-biodeg,random,7,0.95,0.8850556494787265,0.8408028670047901,5,True
qsar-biodeg,random,7,0.98,0.8850556494787265,0.867354536489152,12,True
qsar-biodeg,random,8,0.9,0.8850556494787265,0.7965500845308539,2,True
qsar-biodeg,random,8,0.95,0.8850556494787265,0.8408028670047901,2,True
qsar-biodeg,random,8,0.98,0.8850556494787265,0.867354536489152,4,True
qsar-biodeg,random,9,0.9,0.8850556494787265,0.7965500845308539,2,True
qsar-biodeg,random,9,0.95,0.8850556494787265,0.8408028670047901,2,True
qsar-biodeg,random,9,0.98,0.8850556494787265,0.867354536489152,14,True
qsar-biodeg,random,10,0.9,0.8850556494787265,0.7965500845308539,1,True
qsar-biodeg,random,10,0.95,0.8850556494787265,0.8408028670047901,1,True
qsar-biodeg,random,10,0.98,0.8850556494787265,0.867354536489152,13,True
qsar-biodeg,random,11,0.9,0.8850556494787265,0.7965500845308539,2,True
qsar-biodeg,random,11,0.95,0.8850556494787265,0.8408028670047901,2,True
qsar-biodeg,random,11,0.98,0.8850556494787265,0.867354536489152,3,True
qsar-biodeg,random,12,0.9,0.8850556494787265,0.7965500845308539,2,True
qsar-biodeg,random,12,0.95,0.8850556494787265,0.8408028670047901,2,True
qsar-biodeg,random,12,0.98,0.8850556494787265,0.867354536489152,2,True
qsar-biodeg,random,13,0.9,0.8850556494787265,0.7965500845308539,1,True
qsar-biodeg,random,13,0.95,0.8850556494787265,0.8408028670047901,1,True
qsar-biodeg,random,13,0.98,0.8850556494787265,0.867354536489152,17,True
qsar-biodeg,random,14,0.9,0.8850556494787265,0.7965500845308539,1,True
qsar-biodeg,random,14,0.95,0.8850556494787265,0.8408028670047901,2,True
qsar-biodeg,random,14,0.98,0.8850556494787265,0.867354536489152,37,True
qsar-biodeg,random,15,0.9,0.8850556494787265,0.7965500845308539,1,True
qsar-biodeg,random,15,0.95,0.8850556494787265,0.8408028670047901,1,True
qsar-biodeg,random,15,0.98,0.8850556494787265,0.867354536489152,1,True
qsar-biodeg,random,16,0.9,0.8850556494787265,0.7965500845308539,1,True
qsar-biodeg,random,16,0.95,0.8850556494787265,0.8408028670047901,1,True
qsar-biodeg,random,16,0.98,0.8850556494787265,0.867354536489152,4,True
qsar-biodeg,random,17,0.9,0.8850556494787265,0.7965500845308539,1,True
qsar-biodeg,random,17,0.95,0.8850556494787265,0.8408028670047901,1,True
qsar-biodeg,random,17,0.98,0.8850556494787265,0.867354536489152,28,True
qsar-biodeg,random,18,0.9,0.8850556494787265,0.7965500845308539,1,True
qsar-biodeg,random,18,0.95,0.8850556494787265,0.8408028670047901,1,True
qsar-biodeg,random,18,0.98,0.8850556494787265,0.867354536489152,1,True
qsar-biodeg,random,19,0.9,0.8850556494787265,0.7965500845308539,4,True
qsar-biodeg,random,19,0.95,0.8850556494787265,0.8408028670047901,6,True
qsar-biodeg,random,19,0.98,0.8850556494787265,0.867354536489152,6,True
qsar-biodeg,random,20,0.9,0.8850556494787265,0.7965500845308539,4,True
qsar-biodeg,random,20,0.95,0.8850556494787265,0.8408028670047901,4,True
qsar-biodeg,random,20,0.98,0.8850556494787265,0.867354536489152,4,True
qsar-biodeg,random,21,0.9,0.8850556494787265,0.7965500845308539,2,True
qsar-biodeg,random,21,0.95,0.8850556494787265,0.8408028670047901,2,True
qsar-biodeg,random,21,0.98,0.8850556494787265,0.867354536489152,4,True
qsar-biodeg,random,22,0.9,0.8850556494787265,0.7965500845308539,1,True
qsar-biodeg,random,22,0.95,0.8850556494787265,0.8408028670047901,1,True
qsar-biodeg,random,22,0.98,0.8850556494787265,0.867354536489152,10,True
qsar-biodeg,random,23,0.9,0.8850556494787265,0.7965500845308539,2,True
qsar-biodeg,random,23,0.95,0.8850556494787265,0.8408028670047901,2,True
qsar-biodeg,random,23,0.98,0.8850556494787265,0.867354536489152,2,True
qsar-biodeg,random,24,0.9,0.8850556494787265,0.7965500845308539,1,True
qsar-biodeg,random,24,0.95,0.8850556494787265,0.8408028670047901,2,True
qsar-biodeg,random,24,0.98,0.8850556494787265,0.867354536489152,8,True
qsar-biodeg,random,25,0.9,0.8850556494787265,0.7965500845308539,1,True
qsar-biodeg,random,25,0.95,0.8850556494787265,0.8408028670047901,1,True
qsar-biodeg,random,25,0.98,0.8850556494787265,0.867354536489152,5,True
qsar-biodeg,random,26,0.9,0.8850556494787265,0.7965500845308539,1,True
qsar-biodeg,random,26,0.95,0.8850556494787265,0.8408028670047901,1,True
qsar-biodeg,random,26,0.98,0.8850556494787265,0.867354536489152,1,True
qsar-biodeg,random,27,0.9,0.8850556494787265,0.7965500845308539,4,True
qsar-biodeg,random,27,0.95,0.8850556494787265,0.8408028670047901,4,True
qsar-biodeg,random,27,0.98,0.8850556494787265,0.867354536489152,45,True
qsar-biodeg,random,28,0.9,0.8850556494787265,0.7965500845308539,1,True
qsar-biodeg,random,28,0.95,0.8850556494787265,0.8408028670047901,1,True
qsar-biodeg,random,28,0.98,0.8850556494787265,0.867354536489152,10,True
qsar-biodeg,random,29,0.9,0.8850556494787265,0.7965500845308539,1,True
qsar-biodeg,random,29,0.95,0.8850556494787265,0.8408028670047901,1,True
qsar-biodeg,random,29,0.98,0.8850556494787265,0.867354536489152,27,True
qsar-biodeg,sa,0,0.9,0.8850556494787265,0.7965500845308539,1,True
qsar-biodeg,sa,0,0.95,0.8850556494787265,0.8408028670047901,1,True
qsar-biodeg,sa,0,0.98,0.8850556494787265,0.867354536489152,10,True
qsar-biodeg,sa,1,0.9,0.8850556494787265,0.7965500845308539,1,True
qsar-biodeg,sa,1,0.95,0.8850556494787265,0.8408028670047901,1,True
qsar-biodeg,sa,1,0.98,0.8850556494787265,0.867354536489152,2,True
qsar-biodeg,sa,2,0.9,0.8850556494787265,0.7965500845308539,1,True
qsar-biodeg,sa,2,0.95,0.8850556494787265,0.8408028670047901,18,True
qsar-biodeg,sa,2,0.98,0.8850556494787265,0.867354536489152,18,True
qsar-biodeg,sa,3,0.9,0.8850556494787265,0.7965500845308539,1,True
qsar-biodeg,sa,3,0.95,0.8850556494787265,0.8408028670047901,1,True
qsar-biodeg,sa,3,0.98,0.8850556494787265,0.867354536489152,4,True
qsar-biodeg,sa,4,0.9,0.8850556494787265,0.7965500845308539,1,True
qsar-biodeg,sa,4,0.95,0.8850556494787265,0.8408028670047901,1,True
qsar-biodeg,sa,4,0.98,0.8850556494787265,0.867354536489152,23,True
qsar-biodeg,sa,5,0.9,0.8850556494787265,0.7965500845308539,6,True
qsar-biodeg,sa,5,0.95,0.8850556494787265,0.8408028670047901,6,True
qsar-biodeg,sa,5,0.98,0.8850556494787265,0.867354536489152,8,True
qsar-biodeg,sa,6,0.9,0.8850556494787265,0.7965500845308539,1,True
qsar-biodeg,sa,6,0.95,0.8850556494787265,0.8408028670047901,1,True
qsar-biodeg,sa,6,0.98,0.8850556494787265,0.867354536489152,3,True
qsar-biodeg,sa,7,0.9,0.8850556494787265,0.7965500845308539,2,True
qsar-biodeg,sa,7,0.95,0.8850556494787265,0.8408028670047901,2,True
qsar-biodeg,sa,7,0.98,0.8850556494787265,0.867354536489152,16,True
qsar-biodeg,sa,8,0.9,0.8850556494787265,0.7965500845308539,4,True
qsar-biodeg,sa,8,0.95,0.8850556494787265,0.8408028670047901,4,True
qsar-biodeg,sa,8,0.98,0.8850556494787265,0.867354536489152,6,True
qsar-biodeg,sa,9,0.9,0.8850556494787265,0.7965500845308539,6,True
qsar-biodeg,sa,9,0.95,0.8850556494787265,0.8408028670047901,8,True
qsar-biodeg,sa,9,0.98,0.8850556494787265,0.867354536489152,8,True
qsar-biodeg,sa,10,0.9,0.8850556494787265,0.7965500845308539,1,True
qsar-biodeg,sa,10,0.95,0.8850556494787265,0.8408028670047901,1,True
qsar-biodeg,sa,10,0.98,0.8850556494787265,0.867354536489152,27,True
qsar-biodeg,sa,11,0.9,0.8850556494787265,0.7965500845308539,13,True
qsar-biodeg,sa,11,0.95,0.8850556494787265,0.8408028670047901,14,True
qsar-biodeg,sa,11,0.98,0.8850556494787265,0.867354536489152,22,True
qsar-biodeg,sa,12,0.9,0.8850556494787265,0.7965500845308539,2,True
qsar-biodeg,sa,12,0.95,0.8850556494787265,0.8408028670047901,2,True
qsar-biodeg,sa,12,0.98,0.8850556494787265,0.867354536489152,4,True
qsar-biodeg,sa,13,0.9,0.8850556494787265,0.7965500845308539,1,True
qsar-biodeg,sa,13,0.95,0.8850556494787265,0.8408028670047901,1,True
qsar-biodeg,sa,13,0.98,0.8850556494787265,0.867354536489152,2,True
qsar-biodeg,sa,14,0.9,0.8850556494787265,0.7965500845308539,1,True
qsar-biodeg,sa,14,0.95,0.8850556494787265,0.8408028670047901,3,True
qsar-biodeg,sa,14,0.98,0.8850556494787265,0.867354536489152,4,True
qsar-biodeg,sa,15,0.9,0.8850556494787265,0.7965500845308539,1,True
qsar-biodeg,sa,15,0.95,0.8850556494787265,0.8408028670047901,1,True
qsar-biodeg,sa,15,0.98,0.8850556494787265,0.867354536489152,1,True
qsar-biodeg,sa,16,0.9,0.8850556494787265,0.7965500845308539,1,True
qsar-biodeg,sa,16,0.95,0.8850556494787265,0.8408028670047901,1,True
qsar-biodeg,sa,16,0.98,0.8850556494787265,0.867354536489152,31,True
qsar-biodeg,sa,17,0.9,0.8850556494787265,0.7965500845308539,1,True
qsar-biodeg,sa,17,0.95,0.8850556494787265,0.8408028670047901,1,True
qsar-biodeg,sa,17,0.98,0.8850556494787265,0.867354536489152,8,True
qsar-biodeg,sa,18,0.9,0.8850556494787265,0.7965500845308539,1,True
qsar-biodeg,sa,18,0.95,0.8850556494787265,0.8408028670047901,1,True
qsar-biodeg,sa,18,0.98,0.8850556494787265,0.867354536489152,1,True
qsar-biodeg,sa,19,0.9,0.8850556494787265,0.7965500845308539,27,True
qsar-biodeg,sa,19,0.95,0.8850556494787265,0.8408028670047901,27,True
qsar-biodeg,sa,19,0.98,0.8850556494787265,0.867354536489152,29,True
qsar-biodeg,sa,20,0.9,0.8850556494787265,0.7965500845308539,2,True
qsar-biodeg,sa,20,0.95,0.8850556494787265,0.8408028670047901,2,True
qsar-biodeg,sa,20,0.98,0.8850556494787265,0.867354536489152,6,True
qsar-biodeg,sa,21,0.9,0.8850556494787265,0.7965500845308539,7,True
qsar-biodeg,sa,21,0.95,0.8850556494787265,0.8408028670047901,13,True
qsar-biodeg,sa,21,0.98,0.8850556494787265,0.867354536489152,19,True
qsar-biodeg,sa,22,0.9,0.8850556494787265,0.7965500845308539,1,True
qsar-biodeg,sa,22,0.95,0.8850556494787265,0.8408028670047901,1,True
qsar-biodeg,sa,22,0.98,0.8850556494787265,0.867354536489152,2,True
qsar-biodeg,sa,23,0.9,0.8850556494787265,0.7965500845308539,5,True
qsar-biodeg,sa,23,0.95,0.8850556494787265,0.8408028670047901,5,True
qsar-biodeg,sa,23,0.98,0.8850556494787265,0.867354536489152,8,True
qsar-biodeg,sa,24,0.9,0.8850556494787265,0.7965500845308539,1,True
qsar-biodeg,sa,24,0.95,0.8850556494787265,0.8408028670047901,6,True
qsar-biodeg,sa,24,0.98,0.8850556494787265,0.867354536489152,23,True
qsar-biodeg,sa,25,0.9,0.8850556494787265,0.7965500845308539,1,True
qsar-biodeg,sa,25,0.95,0.8850556494787265,0.8408028670047901,1,True
qsar-biodeg,sa,25,0.98,0.8850556494787265,0.867354536489152,5,True
qsar-biodeg,sa,26,0.9,0.8850556494787265,0.7965500845308539,1,True
qsar-biodeg,sa,26,0.95,0.8850556494787265,0.8408028670047901,1,True
qsar-biodeg,sa,26,0.98,0.8850556494787265,0.867354536489152,1,True
qsar-biodeg,sa,27,0.9,0.8850556494787265,0.7965500845308539,3,True
qsar-biodeg,sa,27,0.95,0.8850556494787265,0.8408028670047901,11,True
qsar-biodeg,sa,27,0.98,0.8850556494787265,0.867354536489152,31,True
qsar-biodeg,sa,28,0.9,0.8850556494787265,0.7965500845308539,1,True
qsar-biodeg,sa,28,0.95,0.8850556494787265,0.8408028670047901,1,True
qsar-biodeg,sa,28,0.98,0.8850556494787265,0.867354536489152,6,True
qsar-biodeg,sa,29,0.9,0.8850556494787265,0.7965500845308539,1,True
qsar-biodeg,sa,29,0.95,0.8850556494787265,0.8408028670047901,1,True
qsar-biodeg,sa,29,0.98,0.8850556494787265,0.867354536489152,44,True
qsar-biodeg,sh,0,0.9,0.8850556494787265,0.7965500845308539,10,True
qsar-biodeg,sh,0,0.95,0.8850556494787265,0.8408028670047901,10,True
qsar-biodeg,sh,0,0.98,0.8850556494787265,0.867354536489152,10,True
qsar-biodeg,sh,1,0.9,0.8850556494787265,0.7965500845308539,10,True
qsar-biodeg,sh,1,0.95,0.8850556494787265,0.8408028670047901,10,True
qsar-biodeg,sh,1,0.98,0.8850556494787265,0.867354536489152,10,True
qsar-biodeg,sh,2,0.9,0.8850556494787265,0.7965500845308539,10,True
qsar-biodeg,sh,2,0.95,0.8850556494787265,0.8408028670047901,10,True
qsar-biodeg,sh,2,0.98,0.8850556494787265,0.867354536489152,10,True
qsar-biodeg,sh,3,0.9,0.8850556494787265,0.7965500845308539,10,True
qsar-biodeg,sh,3,0.95,0.8850556494787265,0.8408028670047901,10,True
qsar-biodeg,sh,3,0.98,0.8850556494787265,0.867354536489152,10,True
qsar-biodeg,sh,4,0.9,0.8850556494787265,0.7965500845308539,10,True
qsar-biodeg,sh,4,0.95,0.8850556494787265,0.8408028670047901,10,True
qsar-biodeg,sh,4,0.98,0.8850556494787265,0.867354536489152,10,True
qsar-biodeg,sh,5,0.9,0.8850556494787265,0.7965500845308539,10,True
qsar-biodeg,sh,5,0.95,0.8850556494787265,0.8408028670047901,10,True
qsar-biodeg,sh,5,0.98,0.8850556494787265,0.867354536489152,10,True
qsar-biodeg,sh,6,0.9,0.8850556494787265,0.7965500845308539,10,True
qsar-biodeg,sh,6,0.95,0.8850556494787265,0.8408028670047901,10,True
qsar-biodeg,sh,6,0.98,0.8850556494787265,0.867354536489152,11,True
qsar-biodeg,sh,7,0.9,0.8850556494787265,0.7965500845308539,10,True
qsar-biodeg,sh,7,0.95,0.8850556494787265,0.8408028670047901,10,True
qsar-biodeg,sh,7,0.98,0.8850556494787265,0.867354536489152,12,True
qsar-biodeg,sh,8,0.9,0.8850556494787265,0.7965500845308539,10,True
qsar-biodeg,sh,8,0.95,0.8850556494787265,0.8408028670047901,10,True
qsar-biodeg,sh,8,0.98,0.8850556494787265,0.867354536489152,10,True
qsar-biodeg,sh,9,0.9,0.8850556494787265,0.7965500845308539,10,True
qsar-biodeg,sh,9,0.95,0.8850556494787265,0.8408028670047901,10,True
qsar-biodeg,sh,9,0.98,0.8850556494787265,0.867354536489152,10,True
qsar-biodeg,sh,10,0.9,0.8850556494787265,0.7965500845308539,10,True
qsar-biodeg,sh,10,0.95,0.8850556494787265,0.8408028670047901,10,True
qsar-biodeg,sh,10,0.98,0.8850556494787265,0.867354536489152,22,True
qsar-biodeg,sh,11,0.9,0.8850556494787265,0.7965500845308539,10,True
qsar-biodeg,sh,11,0.95,0.8850556494787265,0.8408028670047901,10,True
qsar-biodeg,sh,11,0.98,0.8850556494787265,0.867354536489152,11,True
qsar-biodeg,sh,12,0.9,0.8850556494787265,0.7965500845308539,10,True
qsar-biodeg,sh,12,0.95,0.8850556494787265,0.8408028670047901,10,True
qsar-biodeg,sh,12,0.98,0.8850556494787265,0.867354536489152,11,True
qsar-biodeg,sh,13,0.9,0.8850556494787265,0.7965500845308539,10,True
qsar-biodeg,sh,13,0.95,0.8850556494787265,0.8408028670047901,10,True
qsar-biodeg,sh,13,0.98,0.8850556494787265,0.867354536489152,36,True
qsar-biodeg,sh,14,0.9,0.8850556494787265,0.7965500845308539,10,True
qsar-biodeg,sh,14,0.95,0.8850556494787265,0.8408028670047901,10,True
qsar-biodeg,sh,14,0.98,0.8850556494787265,0.867354536489152,10,True
qsar-biodeg,sh,15,0.9,0.8850556494787265,0.7965500845308539,10,True
qsar-biodeg,sh,15,0.95,0.8850556494787265,0.8408028670047901,10,True
qsar-biodeg,sh,15,0.98,0.8850556494787265,0.867354536489152,11,True
qsar-biodeg,sh,16,0.9,0.8850556494787265,0.7965500845308539,10,True
qsar-biodeg,sh,16,0.95,0.8850556494787265,0.8408028670047901,10,True
qsar-biodeg,sh,16,0.98,0.8850556494787265,0.867354536489152,10,True
qsar-biodeg,sh,17,0.9,0.8850556494787265,0.7965500845308539,10,True
qsar-biodeg,sh,17,0.95,0.8850556494787265,0.8408028670047901,10,True
qsar-biodeg,sh,17,0.98,0.8850556494787265,0.867354536489152,34,True
qsar-biodeg,sh,18,0.9,0.8850556494787265,0.7965500845308539,10,True
qsar-biodeg,sh,18,0.95,0.8850556494787265,0.8408028670047901,10,True
qsar-biodeg,sh,18,0.98,0.8850556494787265,0.867354536489152,10,True
qsar-biodeg,sh,19,0.9,0.8850556494787265,0.7965500845308539,10,True
qsar-biodeg,sh,19,0.95,0.8850556494787265,0.8408028670047901,10,True
qsar-biodeg,sh,19,0.98,0.8850556494787265,0.867354536489152,10,True
qsar-biodeg,sh,20,0.9,0.8850556494787265,0.7965500845308539,10,True
qsar-biodeg,sh,20,0.95,0.8850556494787265,0.8408028670047901,10,True
qsar-biodeg,sh,20,0.98,0.8850556494787265,0.867354536489152,10,True
qsar-biodeg,sh,21,0.9,0.8850556494787265,0.7965500845308539,10,True
qsar-biodeg,sh,21,0.95,0.8850556494787265,0.8408028670047901,10,True
qsar-biodeg,sh,21,0.98,0.8850556494787265,0.867354536489152,11,True
qsar-biodeg,sh,22,0.9,0.8850556494787265,0.7965500845308539,10,True
qsar-biodeg,sh,22,0.95,0.8850556494787265,0.8408028670047901,10,True
qsar-biodeg,sh,22,0.98,0.8850556494787265,0.867354536489152,11,True
qsar-biodeg,sh,23,0.9,0.8850556494787265,0.7965500845308539,10,True
qsar-biodeg,sh,23,0.95,0.8850556494787265,0.8408028670047901,10,True
qsar-biodeg,sh,23,0.98,0.8850556494787265,0.867354536489152,10,True
qsar-biodeg,sh,24,0.9,0.8850556494787265,0.7965500845308539,10,True
qsar-biodeg,sh,24,0.95,0.8850556494787265,0.8408028670047901,10,True
qsar-biodeg,sh,24,0.98,0.8850556494787265,0.867354536489152,10,True
qsar-biodeg,sh,25,0.9,0.8850556494787265,0.7965500845308539,10,True
qsar-biodeg,sh,25,0.95,0.8850556494787265,0.8408028670047901,10,True
qsar-biodeg,sh,25,0.98,0.8850556494787265,0.867354536489152,10,True
qsar-biodeg,sh,26,0.9,0.8850556494787265,0.7965500845308539,10,True
qsar-biodeg,sh,26,0.95,0.8850556494787265,0.8408028670047901,10,True
qsar-biodeg,sh,26,0.98,0.8850556494787265,0.867354536489152,10,True
qsar-biodeg,sh,27,0.9,0.8850556494787265,0.7965500845308539,10,True
qsar-biodeg,sh,27,0.95,0.8850556494787265,0.8408028670047901,10,True
qsar-biodeg,sh,27,0.98,0.8850556494787265,0.867354536489152,23,True
qsar-biodeg,sh,28,0.9,0.8850556494787265,0.7965500845308539,10,True
qsar-biodeg,sh,28,0.95,0.8850556494787265,0.8408028670047901,10,True
qsar-biodeg,sh,28,0.98,0.8850556494787265,0.867354536489152,22,True
qsar-biodeg,sh,29,0.9,0.8850556494787265,0.7965500845308539,10,True
qsar-biodeg,sh,29,0.95,0.8850556494787265,0.8408028670047901,10,True
qsar-biodeg,sh,29,0.98,0.8850556494787265,0.867354536489152,10,True
steel-faults,bo_tpe,0,0.9,0.7677243024582512,0.690951872212426,1,True
steel-faults,bo_tpe,0,0.95,0.7677243024582512,0.7293380873353386,1,True
steel-faults,bo_tpe,0,0.98,0.7677243024582512,0.7523698164090862,12,True
steel-faults,bo_tpe,1,0.9,0.7677243024582512,0.690951872212426,1,True
steel-faults,bo_tpe,1,0.95,0.7677243024582512,0.7293380873353386,1,True
steel-faults,bo_tpe,1,0.98,0.7677243024582512,0.7523698164090862,1,True
steel-faults,bo_tpe,2,0.9,0.7677243024582512,0.690951872212426,2,True
steel-faults,bo_tpe,2,0.95,0.7677243024582512,0.7293380873353386,2,True
steel-faults,bo_tpe,2,0.98,0.7677243024582512,0.7523698164090862,2,True
steel-faults,bo_tpe,3,0.9,0.7677243024582512,0.690951872212426,1,True
steel-faults,bo_tpe,3,0.95,0.7677243024582512,0.7293380873353386,1,True
steel-faults,bo_tpe,3,0.98,0.7677243024582512,0.7523698164090862,1,True
steel-faults,bo_tpe,4,0.9,0.7677243024582512,0.690951872212426,1,True
steel-faults,bo_tpe,4,0.95,0.7677243024582512,0.7293380873353386,2,True
steel-faults,bo_tpe,4,0.98,0.7677243024582512,0.7523698164090862,26,True
steel-faults,bo_tpe,5,0.9,0.7677243024582512,0.690951872212426,3,True
steel-faults,bo_tpe,5,0.95,0.7677243024582512,0.7293380873353386,3,True
steel-faults,bo_tpe,5,0.98,0.7677243024582512,0.7523698164090862,52,True
steel-faults,bo_tpe,6,0.9,0.7677243024582512,0.690951872212426,1,True
steel-faults,bo_tpe,6,0.95,0.7677243024582512,0.7293380873353386,4,True
steel-faults,bo_tpe,6,0.98,0.7677243024582512,0.7523698164090862,4,True
steel-faults,bo_tpe,7,0.9,0.7677243024582512,0.690951872212426,2,True
steel-faults,bo_tpe,7,0.95,0.7677243024582512,0.7293380873353386,2,True
steel-faults,bo_tpe,7,0.98,0.7677243024582512,0.7523698164090862,11,True
steel-faults,bo_tpe,8,0.9,0.7677243024582512,0.690951872212426,2,True
steel-faults,bo_tpe,8,0.95,0.7677243024582512,0.7293380873353386,4,True
steel-faults,bo_tpe,8,0.98,0.7677243024582512,0.7523698164090862,5,True
steel-faults,bo_tpe,9,0.9,0.7677243024582512,0.690951872212426,7,True
steel-faults,bo_tpe,9,0.95,0.7677243024582512,0.7293380873353386,9,True
steel-faults,bo_tpe,9,0.98,0.7677243024582512,0.7523698164090862,17,True
steel-faults,bo_tpe,10,0.9,0.7677243024582512,0.690951872212426,1,True
steel-faults,bo_tpe,10,0.95,0.7677243024582512,0.7293380873353386,2,True
steel-faults,bo_tpe,10,0.98,0.7677243024582512,0.7523698164090862,22,True
steel-faults,bo_tpe,11,0.9,0.7677243024582512,0.690951872212426,2,True
steel-faults,bo_tpe,11,0.95,0.7677243024582512,0.7293380873353386,2,True
steel-faults,bo_tpe,11,0.98,0.7677243024582512,0.7523698164090862,2,True
steel-faults,bo_tpe,12,0.9,0.7677243024582512,0.690951872212426,2,True
steel-faults,bo_tpe,12,0.95,0.7677243024582512,0.7293380873353386,5,True
steel-faults,bo_tpe,12,0.98,0.7677243024582512,0.7523698164090862,14,True
steel-faults,bo_tpe,13,0.9,0.7677243024582512,0.690951872212426,1,True
steel-faults,bo_tpe,13,0.95,0.7677243024582512,0.7293380873353386,1,True
steel-faults,bo_tpe,13,0.98,0.7677243024582512,0.7523698164090862,29,True
steel-faults,bo_tpe,14,0.9,0.7677243024582512,0.690951872212426,1,True
steel-faults,bo_tpe,14,0.95,0.7677243024582512,0.7293380873353386,4,True
steel-faults,bo_tpe,14,0.98,0.7677243024582512,0.7523698164090862,19,True
steel-faults,bo_tpe,15,0.9,0.7677243024582512,0.690951872212426,1,True
steel-faults,bo_tpe,15,0.95,0.7677243024582512,0.7293380873353386,1,True
steel-faults,bo_tpe,15,0.98,0.7677243024582512,0.7523698164090862,23,True
steel-faults,bo_tpe,16,0.9,0.7677243024582512,0.690951872212426,1,True
steel-faults,bo_tpe,16,0.95,0.7677243024582512,0.7293380873353386,7,True
steel-faults,bo_tpe,16,0.98,0.7677243024582512,0.7523698164090862,23,True
steel-faults,bo_tpe,17,0.9,0.7677243024582512,0.690951872212426,1,True
steel-faults,bo_tpe,17,0.95,0.7677243024582512,0.7293380873353386,1,True
steel-faults,bo_tpe,17,0.98,0.7677243024582512,0.7523698164090862,35,True
steel-faults,bo_tpe,18,0.9,0.7677243024582512,0.690951872212426,1,True
steel-faults,bo_tpe,18,0.95,0.7677243024582512,0.7293380873353386,1,True
steel-faults,bo_tpe,18,0.98,0.7677243024582512,0.7523698164090862,12,True
steel-faults,bo_tpe,19,0.9,0.7677243024582512,0.690951872212426,5,True
steel-faults,bo_tpe,19,0.95,0.7677243024582512,0.7293380873353386,5,True
steel-faults,bo_tpe,19,0.98,0.7677243024582512,0.7523698164090862,10,True
steel-faults,bo_tpe,20,0.9,0.7677243024582512,0.690951872212426,4,True
steel-faults,bo_tpe,20,0.95,0.7677243024582512,0.7293380873353386,4,True
steel-faults,bo_tpe,20,0.98,0.7677243024582512,0.7523698164090862,16,True
steel-faults,bo_tpe,21,0.9,0.7677243024582512,0.690951872212426,2,True
steel-faults,bo_tpe,21,0.95,0.7677243024582512,0.7293380873353386,4,True
steel-faults,bo_tpe,21,0.98,0.7677243024582512,0.7523698164090862,4,True
steel-faults,bo_tpe,22,0.9,0.7677243024582512,0.690951872212426,4,True
steel-faults,bo_tpe,22,0.95,0.7677243024582512,0.7293380873353386,4,True
steel-faults,bo_tpe,22,0.98,0.7677243024582512,0.7523698164090862,14,True
steel-faults,bo_tpe,23,0.9,0.7677243024582512,0.690951872212426,2,True
steel-faults,bo_tpe,23,0.95,0.7677243024582512,0.7293380873353386,2,True
steel-faults,bo_tpe,23,0.98,0.7677243024582512,0.7523698164090862,71,True
steel-faults,bo_tpe,24,0.9,0.7677243024582512,0.690951872212426,1,True
steel-faults,bo_tpe,24,0.95,0.7677243024582512,0.7293380873353386,1,True
steel-faults,bo_tpe,24,0.98,0.7677243024582512,0.7523698164090862,1,True
steel-faults,bo_tpe,25,0.9,0.7677243024582512,0.690951872212426,1,True
steel-faults,bo_tpe,25,0.95,0.7677243024582512,0.7293380873353386,1,True
steel-faults,bo_tpe,25,0.98,0.7677243024582512,0.7523698164090862,7,True
steel-faults,bo_tpe,26,0.9,0.7677243024582512,0.690951872212426,1,True
steel-faults,bo_tpe,26,0.95,0.7677243024582512,0.7293380873353386,1,True
steel-faults,bo_tpe,26,0.98,0.7677243024582512,0.7523698164090862,1,True
steel-faults,bo_tpe,27,0.9,0.7677243024582512,0.690951872212426,4,True
steel-faults,bo_tpe,27,0.95,0.7677243024582512,0.7293380873353386,4,True
steel-faults,bo_tpe,27,0.98,0.7677243024582512,0.7523698164090862,4,True
steel-faults,bo_tpe,28,0.9,0.7677243024582512,0.690951872212426,1,True
steel-faults,bo_tpe,28,0.95,0.7677243024582512,0.7293380873353386,10,True
steel-faults,bo_tpe,28,0.98,0.7677243024582512,0.7523698164090862,10,True
steel-faults,bo_tpe,29,0.9,0.7677243024582512,0.690951872212426,1,True
steel-faults,bo_tpe,29,0.95,0.7677243024582512,0.7293380873353386,1,True
steel-faults,bo_tpe,29,0.98,0.7677243024582512,0.7523698164090862,3,True
steel-faults,cuckoo,0,0.9,0.7677243024582512,0.690951872212426,1,True
steel-faults,cuckoo,0,0.95,0.7677243024582512,0.7293380873353386,1,True
steel-faults,cuckoo,0,0.98,0.7677243024582512,0.7523698164090862,101,False
steel-faults,cuckoo,1,0.9,0.7677243024582512,0.690951872212426,1,True
steel-faults,cuckoo,1,0.95,0.7677243024582512,0.7293380873353386,1,True
steel-faults,cuckoo,1,0.98,0.7677243024582512,0.7523698164090862,1,True
steel-faults,cuckoo,2,0.9,0.7677243024582512,0.690951872212426,2,True
steel-faults,cuckoo,2,0.95,0.7677243024582512,0.7293380873353386,2,True
steel-faults,cuckoo,2,0.98,0.7677243024582512,0.7523698164090862,2,True
steel-faults,cuckoo,3,0.9,0.7677243024582512,0.690951872212426,1,True
steel-faults,cuckoo,3,0.95,0.7677243024582512,0.7293380873353386,1,True
steel-faults,cuckoo,3,0.98,0.7677243024582512,0.7523698164090862,1,True
steel-faults,cuckoo,4,0.9,0.7677243024582512,0.690951872212426,1,True
steel-faults,cuckoo,4,0.95,0.7677243024582512,0.7293380873353386,2,True
steel-faults,cuckoo,4,0.98,0.7677243024582512,0.7523698164090862,45,True
steel-faults,cuckoo,5,0.9,0.7677243024582512,0.690951872212426,3,True
steel-faults,cuckoo,5,0.95,0.7677243024582512,0.7293380873353386,3,True
steel-faults,cuckoo,5,0.98,0.7677243024582512,0.7523698164090862,101,False
steel-faults,cuckoo,6,0.9,0.7677243024582512,0.690951872212426,1,True
steel-faults,cuckoo,6,0.95,0.7677243024582512,0.7293380873353386,4,True
steel-faults,cuckoo,6,0.98,0.7677243024582512,0.7523698164090862,4,True
steel-faults,cuckoo,7,0.9,0.7677243024582512,0.690951872212426,2,True
steel-faults,cuckoo,7,0.95,0.7677243024582512,0.7293380873353386,2,True
steel-faults,cuckoo,7,0.98,0.7677243024582512,0.7523698164090862,25,True
steel-faults,cuckoo,8,0.9,0.7677243024582512,0.690951872212426,2,True
steel-faults,cuckoo,8,0.95,0.7677243024582512,0.7293380873353386,4,True
steel-faults,cuckoo,8,0.98,0.7677243024582512,0.7523698164090862,5,True
steel-faults,cuckoo,9,0.9,0.7677243024582512,0.690951872212426,7,True
steel-faults,cuckoo,9,0.95,0.7677243024582512,0.7293380873353386,9,True
steel-faults,cuckoo,9,0.98,0.7677243024582512,0.7523698164090862,101,False
steel-faults,cuckoo,10,0.9,0.7677243024582512,0.690951872212426,1,True
steel-faults,cuckoo,10,0.95,0.7677243024582512,0.7293380873353386,2,True
steel-faults,cuckoo,10,0.98,0.7677243024582512,0.7523698164090862,101,False
steel-faults,cuckoo,11,0.9,0.7677243024582512,0.690951872212426,2,True
steel-faults,cuckoo,11,0.95,0.7677243024582512,0.7293380873353386,2,True
steel-faults,cuckoo,11,0.98,0.7677243024582512,0.7523698164090862,2,True
steel-faults,cuckoo,12,0.9,0.7677243024582512,0.690951872212426,2,True
steel-faults,cuckoo,12,0.95,0.7677243024582512,0.7293380873353386,5,True
steel-faults,cuckoo,12,0.98,0.7677243024582512,0.7523698164090862,13,True
steel-faults,cuckoo,13,0.9,0.7677243024582512,0.690951872212426,1,True
steel-faults,cuckoo,13,0.95,0.7677243024582512,0.7293380873353386,1,True
steel-faults,cuckoo,13,0.98,0.7677243024582512,0.7523698164090862,101,False
steel-faults,cuckoo,14,0.9,0.7677243024582512,0.690951872212426,1,True
steel-faults,cuckoo,14,0.95,0.7677243024582512,0.7293380873353386,4,True
steel-faults,cuckoo,14,0.98,0.7677243024582512,0.7523698164090862,49,True
steel-faults,cuckoo,15,0.9,0.7677243024582512,0.690951872212426,1,True
steel-faults,cuckoo,15,0.95,0.7677243024582512,0.7293380873353386,1,True
steel-faults,cuckoo,15,0.98,0.7677243024582512,0.7523698164090862,35,True
steel-faults,cuckoo,16,0.9,0.7677243024582512,0.690951872212426,1,True
steel-faults,cuckoo,16,0.95,0.7677243024582512,0.7293380873353386,7,True
steel-faults,cuckoo,16,0.98,0.7677243024582512,0.7523698164090862,101,False
steel-faults,cuckoo,17,0.9,0.7677243024582512,0.690951872212426,1,True
steel-faults,cuckoo,17,0.95,0.7677243024582512,0.7293380873353386,1,True
steel-faults,cuckoo,17,0.98,0.7677243024582512,0.7523698164090862,37,True
steel-faults,cuckoo,18,0.9,0.7677243024582512,0.690951872212426,1,True
steel-faults,cuckoo,18,0.95,0.7677243024582512,0.7293380873353386,1,True
steel-faults,cuckoo,18,0.98,0.7677243024582512,0.7523698164090862,11,True
steel-faults,cuckoo,19,0.9,0.7677243024582512,0.690951872212426,5,True
steel-faults,cuckoo,19,0.95,0.7677243024582512,0.7293380873353386,5,True
steel-faults,cuckoo,19,0.98,0.7677243024582512,0.7523698164090862,10,True
steel-faults,cuckoo,20,0.9,0.7677243024582512,0.690951872212426,4,True
steel-faults,cuckoo,20,0.95,0.7677243024582512,0.7293380873353386,4,True
steel-faults,cuckoo,20,0.98,0.7677243024582512,0.7523698164090862,15,True
steel-faults,cuckoo,21,0.9,0.7677243024582512,0.690951872212426,2,True
steel-faults,cuckoo,21,0.95,0.7677243024582512,0.7293380873353386,4,True
steel-faults,cuckoo,21,0.98,0.7677243024582512,0.7523698164090862,4,True
steel-faults,cuckoo,22,0.9,0.7677243024582512,0.690951872212426,4,True
steel-faults,cuckoo,22,0.95,0.7677243024582512,0.7293380873353386,4,True
steel-faults,cuckoo,22,0.98,0.7677243024582512,0.7523698164090862,12,True
steel-faults,cuckoo,23,0.9,0.7677243024582512,0.690951872212426,2,True
steel-faults,cuckoo,23,0.95,0.7677243024582512,0.7293380873353386,2,True
steel-faults,cuckoo,23,0.98,0.7677243024582512,0.7523698164090862,101,False
steel-faults,cuckoo,24,0.9,0.7677243024582512,0.690951872212426,1,True
steel-faults,cuckoo,24,0.95,0.7677243024582512,0.7293380873353386,1,True
steel-faults,cuckoo,24,0.98,0.7677243024582512,0.7523698164090862,1,True
steel-faults,cuckoo,25,0.9,0.7677243024582512,0.690951872212426,1,True
steel-faults,cuckoo,25,0.95,0.7677243024582512,0.7293380873353386,1,True
steel-faults,cuckoo,25,0.98,0.7677243024582512,0.7523698164090862,7,True
steel-faults,cuckoo,26,0.9,0.7677243024582512,0.690951872212426,1,True
steel-faults,cuckoo,26,0.95,0.7677243024582512,0.7293380873353386,1,True
steel-faults,cuckoo,26,0.98,0.7677243024582512,0.7523698164090862,1,True
steel-faults,cuckoo,27,0.9,0.7677243024582512,0.690951872212426,4,True
steel-faults,cuckoo,27,0.95,0.7677243024582512,0.7293380873353386,4,True
steel-faults,cuckoo,27,0.98,0.7677243024582512,0.7523698164090862,4,True
steel-faults,cuckoo,28,0.9,0.7677243024582512,0.690951872212426,1,True
steel-faults,cuckoo,28,0.95,0.7677243024582512,0.7293380873353386,10,True
steel-faults,cuckoo,28,0.98,0.7677243024582512,0.7523698164090862,10,True
steel-faults,cuckoo,29,0.9,0.7677243024582512,0.690951872212426,1,True
steel-faults,cuckoo,29,0.95,0.7677243024582512,0.7293380873353386,1,True
steel-faults,cuckoo,29,0.98,0.7677243024582512,0.7523698164090862,3,True
steel-faults,de,0,0.9,0.7677243024582512,0.690951872212426,1,True
steel-faults,de,0,0.95,0.7677243024582512,0.7293380873353386,4,True
steel-faults,de,0,0.98,0.7677243024582512,0.7523698164090862,101,False
steel-faults,de,1,0.9,0.7677243024582512,0.690951872212426,3,True
steel-faults,de,1,0.95,0.7677243024582512,0.7293380873353386,4,True
steel-faults,de,1,0.98,0.7677243024582512,0.7523698164090862,13,True
steel-faults,de,2,0.9,0.7677243024582512,0.690951872212426,2,True
steel-faults,de,2,0.95,0.7677243024582512,0.7293380873353386,5,True
steel-faults,de,2,0.98,0.7677243024582512,0.7523698164090862,5,True
steel-faults,de,3,0.9,0.7677243024582512,0.690951872212426,2,True
steel-faults,de,3,0.95,0.7677243024582512,0.7293380873353386,5,True
steel-faults,de,3,0.98,0.7677243024582512,0.7523698164090862,6,True
steel-faults,de,4,0.9,0.7677243024582512,0.690951872212426,1,True
steel-faults,de,4,0.95,0.7677243024582512,0.7293380873353386,2,True
steel-faults,de,4,0.98,0.7677243024582512,0.7523698164090862,3,True
steel-faults,de,5,0.9,0.7677243024582512,0.690951872212426,2,True
steel-faults,de,5,0.95,0.7677243024582512,0.7293380873353386,9,True
steel-faults,de,5,0.98,0.7677243024582512,0.7523698164090862,101,False
steel-faults,de,6,0.9,0.7677243024582512,0.690951872212426,1,True
steel-faults,de,6,0.95,0.7677243024582512,0.7293380873353386,1,True
steel-faults,de,6,0.98,0.7677243024582512,0.7523698164090862,30,True
steel-faults,de,7,0.9,0.7677243024582512,0.690951872212426,2,True
steel-faults,de,7,0.95,0.7677243024582512,0.7293380873353386,2,True
steel-faults,de,7,0.98,0.7677243024582512,0.7523698164090862,58,True
steel-faults,de,8,0.9,0.7677243024582512,0.690951872212426,2,True
steel-faults,de,8,0.95,0.7677243024582512,0.7293380873353386,4,True
steel-faults,de,8,0.98,0.7677243024582512,0.7523698164090862,9,True
steel-faults,de,9,0.9,0.7677243024582512,0.690951872212426,1,True
steel-faults,de,9,0.95,0.7677243024582512,0.7293380873353386,1,True
steel-faults,de,9,0.98,0.7677243024582512,0.7523698164090862,9,True
steel-faults,de,10,0.9,0.7677243024582512,0.690951872212426,1,True
steel-faults,de,10,0.95,0.7677243024582512,0.7293380873353386,1,True
steel-faults,de,10,0.98,0.7677243024582512,0.7523698164090862,1,True
steel-faults,de,11,0.9,0.7677243024582512,0.690951872212426,5,True
steel-faults,de,11,0.95,0.7677243024582512,0.7293380873353386,6,True
steel-faults,de,11,0.98,0.7677243024582512,0.7523698164090862,6,True
steel-faults,de,12,0.9,0.7677243024582512,0.690951872212426,4,True
steel-faults,de,12,0.95,0.7677243024582512,0.7293380873353386,8,True
steel-faults,de,12,0.98,0.7677243024582512,0.7523698164090862,21,True
steel-faults,de,13,0.9,0.7677243024582512,0.690951872212426,2,True
steel-faults,de,13,0.95,0.7677243024582512,0.7293380873353386,2,True
steel-faults,de,13,0.98,0.7677243024582512,0.7523698164090862,101,False
steel-faults,de,14,0.9,0.7677243024582512,0.690951872212426,1,True
steel-faults,de,14,0.95,0.7677243024582512,0.7293380873353386,1,True
steel-faults,de,14,0.98,0.7677243024582512,0.7523698164090862,8,True
steel-faults,de,15,0.9,0.7677243024582512,0.690951872212426,3,True
steel-faults,de,15,0.95,0.7677243024582512,0.7293380873353386,4,True
steel-faults,de,15,0.98,0.7677243024582512,0.7523698164090862,4,True
steel-faults,de,16,0.9,0.7677243024582512,0.690951872212426,1,True
steel-faults,de,16,0.95,0.7677243024582512,0.7293380873353386,1,True
steel-faults,de,16,0.98,0.7677243024582512,0.7523698164090862,90,True
steel-faults,de,17,0.9,0.7677243024582512,0.690951872212426,1,True
steel-faults,de,17,0.95,0.7677243024582512,0.7293380873353386,1,True
steel-faults,de,17,0.98,0.7677243024582512,0.7523698164090862,12,True
steel-faults,de,18,0.9,0.7677243024582512,0.690951872212426,1,True
steel-faults,de,18,0.95,0.7677243024582512,0.7293380873353386,1,True
steel-faults,de,18,0.98,0.7677243024582512,0.7523698164090862,6,True
steel-faults,de,19,0.9,0.7677243024582512,0.690951872212426,3,True
steel-faults,de,19,0.95,0.7677243024582512,0.7293380873353386,3,True
steel-faults,de,19,0.98,0.7677243024582512,0.7523698164090862,3,True
steel-faults,de,20,0.9,0.7677243024582512,0.690951872212426,1,True
steel-faults,de,20,0.95,0.7677243024582512,0.7293380873353386,5,True
steel-faults,de,20,0.98,0.7677243024582512,0.7523698164090862,17,True
steel-faults,de,21,0.9,0.7677243024582512,0.690951872212426,1,True
steel-faults,de,21,0.95,0.7677243024582512,0.7293380873353386,1,True
steel-faults,de,21,0.98,0.7677243024582512,0.7523698164090862,11,True
steel-faults,de,22,0.9,0.7677243024582512,0.690951872212426,7,True
steel-faults,de,22,0.95,0.7677243024582512,0.7293380873353386,13,True
steel-faults,de,22,0.98,0.7677243024582512,0.7523698164090862,22,True
steel-faults,de,23,0.9,0.7677243024582512,0.690951872212426,1,True
steel-faults,de,23,0.95,0.7677243024582512,0.7293380873353386,1,True
steel-faults,de,23,0.98,0.7677243024582512,0.7523698164090862,101,False
steel-faults,de,24,0.9,0.7677243024582512,0.690951872212426,1,True
steel-faults,de,24,0.95,0.7677243024582512,0.7293380873353386,2,True
steel-faults,de,24,0.98,0.7677243024582512,0.7523698164090862,15,True
steel-faults,de,25,0.9,0.7677243024582512,0.690951872212426,4,True
steel-faults,de,25,0.95,0.7677243024582512,0.7293380873353386,12,True
steel-faults,de,25,0.98,0.7677243024582512,0.7523698164090862,13,True
steel-faults,de,26,0.9,0.7677243024582512,0.690951872212426,1,True
steel-faults,de,26,0.95,0.7677243024582512,0.7293380873353386,6,True
steel-faults,de,26,0.98,0.7677243024582512,0.7523698164090862,46,True
steel-faults,de,27,0.9,0.7677243024582512,0.690951872212426,1,True
steel-faults,de,27,0.95,0.7677243024582512,0.7293380873353386,1,True
steel-faults,de,27,0.98,0.7677243024582512,0.7523698164090862,1,True
steel-faults,de,28,0.9,0.7677243024582512,0.690951872212426,2,True
steel-faults,de,28,0.95,0.7677243024582512,0.7293380873353386,12,True
steel-faults,de,28,0.98,0.7677243024582512,0.7523698164090862,101,False
steel-faults,de,29,0.9,0.7677243024582512,0.690951872212426,2,True
steel-faults,de,29,0.95,0.7677243024582512,0.7293380873353386,6,True
steel-faults,de,29,0.98,0.7677243024582512,0.7523698164090862,16,True
steel-faults,ga,0,0.9,0.7677243024582512,0.690951872212426,1,True
steel-faults,ga,0,0.95,0.7677243024582512,0.7293380873353386,4,True
steel-faults,ga,0,0.98,0.7677243024582512,0.7523698164090862,101,False
steel-faults,ga,1,0.9,0.7677243024582512,0.690951872212426,3,True
steel-faults,ga,1,0.95,0.7677243024582512,0.7293380873353386,4,True
steel-faults,ga,1,0.98,0.7677243024582512,0.7523698164090862,13,True
steel-faults,ga,2,0.9,0.7677243024582512,0.690951872212426,2,True
steel-faults,ga,2,0.95,0.7677243024582512,0.7293380873353386,5,True
steel-faults,ga,2,0.98,0.7677243024582512,0.7523698164090862,5,True
steel-faults,ga,3,0.9,0.7677243024582512,0.690951872212426,2,True
steel-faults,ga,3,0.95,0.7677243024582512,0.7293380873353386,5,True
steel-faults,ga,3,0.98,0.7677243024582512,0.7523698164090862,6,True
steel-faults,ga,4,0.9,0.7677243024582512,0.690951872212426,1,True
steel-faults,ga,4,0.95,0.7677243024582512,0.7293380873353386,2,True
steel-faults,ga,4,0.98,0.7677243024582512,0.7523698164090862,3,True
steel-faults,ga,5,0.9,0.7677243024582512,0.690951872212426,2,True
steel-faults,ga,5,0.95,0.7677243024582512,0.7293380873353386,9,True
steel-faults,ga,5,0.98,0.7677243024582512,0.7523698164090862,98,True
steel-faults,ga,6,0.9,0.7677243024582512,0.690951872212426,1,True
steel-faults,ga,6,0.95,0.7677243024582512,0.7293380873353386,1,True
steel-faults,ga,6,0.98,0.7677243024582512,0.7523698164090862,21,True
steel-faults,ga,7,0.9,0.7677243024582512,0.690951872212426,2,True
steel-faults,ga,7,0.95,0.7677243024582512,0.7293380873353386,2,True
steel-faults,ga,7,0.98,0.7677243024582512,0.7523698164090862,28,True
steel-faults,ga,8,0.9,0.7677243024582512,0.690951872212426,2,True
steel-faults,ga,8,0.95,0.7677243024582512,0.7293380873353386,4,True
steel-faults,ga,8,0.98,0.7677243024582512,0.7523698164090862,9,True
steel-faults,ga,9,0.9,0.7677243024582512,0.690951872212426,1,True
steel-faults,ga,9,0.95,0.7677243024582512,0.7293380873353386,1,True
steel-faults,ga,9,0.98,0.7677243024582512,0.7523698164090862,9,True
steel-faults,ga,10,0.9,0.7677243024582512,0.690951872212426,1,True
steel-faults,ga,10,0.95,0.7677243024582512,0.7293380873353386,1,True
steel-faults,ga,10,0.98,0.7677243024582512,0.7523698164090862,1,True
steel-faults,ga,11,0.9,0.7677243024582512,0.690951872212426,5,True
steel-faults,ga,11,0.95,0.7677243024582512,0.7293380873353386,6,True
steel-faults,ga,11,0.98,0.7677243024582512,0.7523698164090862,6,True
steel-faults,ga,12,0.9,0.7677243024582512,0.690951872212426,4,True
steel-faults,ga,12,0.95,0.7677243024582512,0.7293380873353386,8,True
steel-faults,ga,12,0.98,0.7677243024582512,0.7523698164090862,83,True
steel-faults,ga,13,0.9,0.7677243024582512,0.690951872212426,2,True
steel-faults,ga,13,0.95,0.7677243024582512,0.7293380873353386,2,True
steel-faults,ga,13,0.98,0.7677243024582512,0.7523698164090862,101,False
steel-faults,ga,14,0.9,0.7677243024582512,0.690951872212426,1,True
steel-faults,ga,14,0.95,0.7677243024582512,0.7293380873353386,1,True
steel-faults,ga,14,0.98,0.7677243024582512,0.7523698164090862,8,True
steel-faults,ga,15,0.9,0.7677243024582512,0.690951872212426,3,True
steel-faults,ga,15,0.95,0.7677243024582512,0.7293380873353386,4,True
steel-faults,ga,15,0.98,0.7677243024582512,0.7523698164090862,4,True
steel-faults,ga,16,0.9,0.7677243024582512,0.690951872212426,1,True
steel-faults,ga,16,0.95,0.7677243024582512,0.7293380873353386,1,True
steel-faults,ga,16,0.98,0.7677243024582512,0.7523698164090862,74,True
steel-faults,ga,17,0.9,0.7677243024582512,0.690951872212426,1,True
steel-faults,ga,17,0.95,0.7677243024582512,0.7293380873353386,1,True
steel-faults,ga,17,0.98,0.7677243024582512,0.7523698164090862,12,True
steel-faults,ga,18,0.9,0.7677243024582512,0.690951872212426,1,True
steel-faults,ga,18,0.95,0.7677243024582512,0.7293380873353386,1,True
steel-faults,ga,18,0.98,0.7677243024582512,0.7523698164090862,6,True
steel-faults,ga,19,0.9,0.7677243024582512,0.690951872212426,3,True
steel-faults,ga,19,0.95,0.7677243024582512,0.7293380873353386,3,True
steel-faults,ga,19,0.98,0.7677243024582512,0.7523698164090862,3,True
steel-faults,ga,20,0.9,0.7677243024582512,0.690951872212426,1,True
steel-faults,ga,20,0.95,0.7677243024582512,0.7293380873353386,5,True
steel-faults,ga,20,0.98,0.7677243024582512,0.7523698164090862,17,True
steel-faults,ga,21,0.9,0.7677243024582512,0.690951872212426,1,True
steel-faults,ga,21,0.95,0.7677243024582512,0.7293380873353386,1,True
steel-faults,ga,21,0.98,0.7677243024582512,0.7523698164090862,11,True
steel-faults,ga,22,0.9,0.7677243024582512,0.690951872212426,7,True
steel-faults,ga,22,0.95,0.7677243024582512,0.7293380873353386,13,True
steel-faults,ga,22,0.98,0.7677243024582512,0.7523698164090862,41,True
steel-faults,ga,23,0.9,0.7677243024582512,0.690951872212426,1,True
steel-faults,ga,23,0.95,0.7677243024582512,0.7293380873353386,1,True
steel-faults,ga,23,0.98,0.7677243024582512,0.7523698164090862,101,False
steel-faults,ga,24,0.9,0.7677243024582512,0.690951872212426,1,True
steel-faults,ga,24,0.95,0.7677243024582512,0.7293380873353386,2,True
steel-faults,ga,24,0.98,0.7677243024582512,0.7523698164090862,15,True
steel-faults,ga,25,0.9,0.7677243024582512,0.690951872212426,4,True
steel-faults,ga,25,0.95,0.7677243024582512,0.7293380873353386,12,True
steel-faults,ga,25,0.98,0.7677243024582512,0.7523698164090862,13,True
steel-faults,ga,26,0.9,0.7677243024582512,0.690951872212426,1,True
steel-faults,ga,26,0.95,0.7677243024582512,0.7293380873353386,6,True
steel-faults,ga,26,0.98,0.7677243024582512,0.7523698164090862,42,True
steel-faults,ga,27,0.9,0.7677243024582512,0.690951872212426,1,True
steel-faults,ga,27,0.95,0.7677243024582512,0.7293380873353386,1,True
steel-faults,ga,27,0.98,0.7677243024582512,0.7523698164090862,1,True
steel-faults,ga,28,0.9,0.7677243024582512,0.690951872212426,2,True
steel-faults,ga,28,0.95,0.7677243024582512,0.7293380873353386,12,True
steel-faults,ga,28,0.98,0.7677243024582512,0.7523698164090862,84,True
steel-faults,ga,29,0.9,0.7677243024582512,0.690951872212426,2,True
steel-faults,ga,29,0.95,0.7677243024582512,0.7293380873353386,6,True
steel-faults,ga,29,0.98,0.7677243024582512,0.7523698164090862,16,True
steel-faults,grid,0,0.9,0.7677243024582512,0.690951872212426,1,True
steel-faults,grid,0,0.95,0.7677243024582512,0.7293380873353386,1,True
steel-faults,grid,0,0.98,0.7677243024582512,0.7523698164090862,101,False
steel-faults,grid,1,0.9,0.7677243024582512,0.690951872212426,1,True
steel-faults,grid,1,0.95,0.7677243024582512,0.7293380873353386,4,True
steel-faults,grid,1,0.98,0.7677243024582512,0.7523698164090862,7,True
steel-faults,grid,2,0.9,0.7677243024582512,0.690951872212426,1,True
steel-faults,grid,2,0.95,0.7677243024582512,0.7293380873353386,3,True
steel-faults,grid,2,0.98,0.7677243024582512,0.7523698164090862,21,True
steel-faults,grid,3,0.9,0.7677243024582512,0.690951872212426,1,True
steel-faults,grid,3,0.95,0.7677243024582512,0.7293380873353386,4,True
steel-faults,grid,3,0.98,0.7677243024582512,0.7523698164090862,4,True
steel-faults,grid,4,0.9,0.7677243024582512,0.690951872212426,3,True
steel-faults,grid,4,0.95,0.7677243024582512,0.7293380873353386,3,True
steel-faults,grid,4,0.98,0.7677243024582512,0.7523698164090862,5,True
steel-faults,grid,5,0.9,0.7677243024582512,0.690951872212426,1,True
steel-faults,grid,5,0.95,0.7677243024582512,0.7293380873353386,1,True
steel-faults,grid,5,0.98,0.7677243024582512,0.7523698164090862,68,True
steel-faults,grid,6,0.9,0.7677243024582512,0.690951872212426,2,True
steel-faults,grid,6,0.95,0.7677243024582512,0.7293380873353386,4,True
steel-faults,grid,6,0.98,0.7677243024582512,0.7523698164090862,9,True
steel-faults,grid,7,0.9,0.7677243024582512,0.690951872212426,1,True
steel-faults,grid,7,0.95,0.7677243024582512,0.7293380873353386,2,True
steel-faults,grid,7,0.98,0.7677243024582512,0.7523698164090862,2,True
steel-faults,grid,8,0.9,0.7677243024582512,0.690951872212426,4,True
steel-faults,grid,8,0.95,0.7677243024582512,0.7293380873353386,4,True
steel-faults,grid,8,0.98,0.7677243024582512,0.7523698164090862,4,True
steel-faults,grid,9,0.9,0.7677243024582512,0.690951872212426,1,True
steel-faults,grid,9,0.95,0.7677243024582512,0.7293380873353386,3,True
steel-faults,grid,9,0.98,0.7677243024582512,0.7523698164090862,26,True
steel-faults,grid,10,0.9,0.7677243024582512,0.690951872212426,3,True
steel-faults,grid,10,0.95,0.7677243024582512,0.7293380873353386,5,True
steel-faults,grid,10,0.98,0.7677243024582512,0.7523698164090862,35,True
steel-faults,grid,11,0.9,0.7677243024582512,0.690951872212426,1,True
steel-faults,grid,11,0.95,0.7677243024582512,0.7293380873353386,1,True
steel-faults,grid,11,0.98,0.7677243024582512,0.7523698164090862,17,True
steel-faults,grid,12,0.9,0.7677243024582512,0.690951872212426,3,True
steel-faults,grid,12,0.95,0.7677243024582512,0.7293380873353386,3,True
steel-faults,grid,12,0.98,0.7677243024582512,0.7523698164090862,29,True
steel-faults,grid,13,0.9,0.7677243024582512,0.690951872212426,1,True
steel-faults,grid,13,0.95,0.7677243024582512,0.7293380873353386,7,True
steel-faults,grid,13,0.98,0.7677243024582512,0.7523698164090862,39,True
steel-faults,grid,14,0.9,0.7677243024582512,0.690951872212426,3,True
steel-faults,grid,14,0.95,0.7677243024582512,0.7293380873353386,3,True
steel-faults,grid,14,0.98,0.7677243024582512,0.7523698164090862,3,True
steel-faults,grid,15,0.9,0.7677243024582512,0.690951872212426,1,True
steel-faults,grid,15,0.95,0.7677243024582512,0.7293380873353386,2,True
steel-faults,grid,15,0.98,0.7677243024582512,0.7523698164090862,2,True
steel-faults,grid,16,0.9,0.7677243024582512,0.690951872212426,2,True
steel-faults,grid,16,0.95,0.7677243024582512,0.7293380873353386,3,True
steel-faults,grid,16,0.98,0.7677243024582512,0.7523698164090862,31,True
steel-faults,grid,17,0.9,0.7677243024582512,0.690951872212426,1,True
steel-faults,grid,17,0.95,0.7677243024582512,0.7293380873353386,5,True
steel-faults,grid,17,0.98,0.7677243024582512,0.7523698164090862,40,True
steel-faults,grid,18,0.9,0.7677243024582512,0.690951872212426,1,True
steel-faults,grid,18,0.95,0.7677243024582512,0.7293380873353386,1,True
steel-faults,grid,18,0.98,0.7677243024582512,0.7523698164090862,4,True
steel-faults,grid,19,0.9,0.7677243024582512,0.690951872212426,1,True
steel-faults,grid,19,0.95,0.7677243024582512,0.7293380873353386,2,True
steel-faults,grid,19,0.98,0.7677243024582512,0.7523698164090862,12,True
steel-faults,grid,20,0.9,0.7677243024582512,0.690951872212426,1,True
steel-faults,grid,20,0.95,0.7677243024582512,0.7293380873353386,4,True
steel-faults,grid,20,0.98,0.7677243024582512,0.7523698164090862,101,False
steel-faults,grid,21,0.9,0.7677243024582512,0.690951872212426,2,True
steel-faults,grid,21,0.95,0.7677243024582512,0.7293380873353386,2,True
steel-faults,grid,21,0.98,0.7677243024582512,0.7523698164090862,6,True
steel-faults,grid,22,0.9,0.7677243024582512,0.690951872212426,3,True
steel-faults,grid,22,0.95,0.7677243024582512,0.7293380873353386,3,True
steel-faults,grid,22,0.98,0.7677243024582512,0.7523698164090862,51,True
steel-faults,grid,23,0.9,0.7677243024582512,0.690951872212426,1,True
steel-faults,grid,23,0.95,0.7677243024582512,0.7293380873353386,1,True
steel-faults,grid,23,0.98,0.7677243024582512,0.7523698164090862,101,False
steel-faults,grid,24,0.9,0.7677243024582512,0.690951872212426,1,True
steel-faults,grid,24,0.95,0.7677243024582512,0.7293380873353386,1,True
steel-faults,grid,24,0.98,0.7677243024582512,0.7523698164090862,4,True
steel-faults,grid,25,0.9,0.7677243024582512,0.690951872212426,4,True
steel-faults,grid,25,0.95,0.7677243024582512,0.7293380873353386,4,True
steel-faults,grid,25,0.98,0.7677243024582512,0.7523698164090862,20,True
steel-faults,grid,26,0.9,0.7677243024582512,0.690951872212426,3,True
steel-faults,grid,26,0.95,0.7677243024582512,0.7293380873353386,5,True
steel-faults,grid,26,0.98,0.7677243024582512,0.7523698164090862,7,True
steel-faults,grid,27,0.9,0.7677243024582512,0.690951872212426,3,True
steel-faults,grid,27,0.95,0.7677243024582512,0.7293380873353386,10,True
steel-faults,grid,27,0.98,0.7677243024582512,0.7523698164090862,10,True
steel-faults,grid,28,0.9,0.7677243024582512,0.690951872212426,1,True
steel-faults,grid,28,0.95,0.7677243024582512,0.7293380873353386,8,True
steel-faults,grid,28,0.98,0.7677243024582512,0.7523698164090862,8,True
steel-faults,grid,29,0.9,0.7677243024582512,0.690951872212426,1,True
steel-faults,grid,29,0.95,0.7677243024582512,0.7293380873353386,1,True
steel-faults,grid,29,0.98,0.7677243024582512,0.7523698164090862,38,True
steel-faults,pso,0,0.9,0.7677243024582512,0.690951872212426,1,True
steel-faults,pso,0,0.95,0.7677243024582512,0.7293380873353386,1,True
steel-faults,pso,0,0.98,0.7677243024582512,0.7523698164090862,82,True
steel-faults,pso,1,0.9,0.7677243024582512,0.690951872212426,5,True
steel-faults,pso,1,0.95,0.7677243024582512,0.7293380873353386,5,True
steel-faults,pso,1,0.98,0.7677243024582512,0.7523698164090862,5,True
steel-faults,pso,2,0.9,0.7677243024582512,0.690951872212426,1,True
steel-faults,pso,2,0.95,0.7677243024582512,0.7293380873353386,2,True
steel-faults,pso,2,0.98,0.7677243024582512,0.7523698164090862,4,True
steel-faults,pso,3,0.9,0.7677243024582512,0.690951872212426,2,True
steel-faults,pso,3,0.95,0.7677243024582512,0.7293380873353386,2,True
steel-faults,pso,3,0.98,0.7677243024582512,0.7523698164090862,6,True
steel-faults,pso,4,0.9,0.7677243024582512,0.690951872212426,1,True
steel-faults,pso,4,0.95,0.7677243024582512,0.7293380873353386,4,True
steel-faults,pso,4,0.98,0.7677243024582512,0.7523698164090862,4,True
steel-faults,pso,5,0.9,0.7677243024582512,0.690951872212426,1,True
steel-faults,pso,5,0.95,0.7677243024582512,0.7293380873353386,1,True
steel-faults,pso,5,0.98,0.7677243024582512,0.7523698164090862,24,True
steel-faults,pso,6,0.9,0.7677243024582512,0.690951872212426,1,True
steel-faults,pso,6,0.95,0.7677243024582512,0.7293380873353386,9,True
steel-faults,pso,6,0.98,0.7677243024582512,0.7523698164090862,36,True
steel-faults,pso,7,0.9,0.7677243024582512,0.690951872212426,1,True
steel-faults,pso,7,0.95,0.7677243024582512,0.7293380873353386,1,True
steel-faults,pso,7,0.98,0.7677243024582512,0.7523698164090862,1,True
steel-faults,pso,8,0.9,0.7677243024582512,0.690951872212426,1,True
steel-faults,pso,8,0.95,0.7677243024582512,0.7293380873353386,6,True
steel-faults,pso,8,0.98,0.7677243024582512,0.7523698164090862,24,True
steel-faults,pso,9,0.9,0.7677243024582512,0.690951872212426,3,True
steel-faults,pso,9,0.95,0.7677243024582512,0.7293380873353386,4,True
steel-faults,pso,9,0.98,0.7677243024582512,0.7523698164090862,8,True
steel-faults,pso,10,0.9,0.7677243024582512,0.690951872212426,2,True
steel-faults,pso,10,0.95,0.7677243024582512,0.7293380873353386,3,True
steel-faults,pso,10,0.98,0.7677243024582512,0.7523698164090862,5,True
steel-faults,pso,11,0.9,0.7677243024582512,0.690951872212426,2,True
steel-faults,pso,11,0.95,0.7677243024582512,0.7293380873353386,2,True
steel-faults,pso,11,0.98,0.7677243024582512,0.7523698164090862,2,True
steel-faults,pso,12,0.9,0.7677243024582512,0.690951872212426,2,True
steel-faults,pso,12,0.95,0.7677243024582512,0.7293380873353386,4,True
steel-faults,pso,12,0.98,0.7677243024582512,0.7523698164090862,21,True
steel-faults,pso,13,0.9,0.7677243024582512,0.690951872212426,1,True
steel-faults,pso,13,0.95,0.7677243024582512,0.7293380873353386,1,True
steel-faults,pso,13,0.98,0.7677243024582512,0.7523698164090862,3,True
steel-faults,pso,14,0.9,0.7677243024582512,0.690951872212426,1,True
steel-faults,pso,14,0.95,0.7677243024582512,0.7293380873353386,1,True
steel-faults,pso,14,0.98,0.7677243024582512,0.7523698164090862,13,True
steel-faults,pso,15,0.9,0.7677243024582512,0.690951872212426,2,True
steel-faults,pso,15,0.95,0.7677243024582512,0.7293380873353386,2,True
steel-faults,pso,15,0.98,0.7677243024582512,0.7523698164090862,8,True
steel-faults,pso,16,0.9,0.7677243024582512,0.690951872212426,2,True
steel-faults,pso,16,0.95,0.7677243024582512,0.7293380873353386,3,True
steel-faults,pso,16,0.98,0.7677243024582512,0.7523698164090862,25,True
steel-faults,pso,17,0.9,0.7677243024582512,0.690951872212426,2,True
steel-faults,pso,17,0.95,0.7677243024582512,0.7293380873353386,8,True
steel-faults,pso,17,0.98,0.7677243024582512,0.7523698164090862,13,True
steel-faults,pso,18,0.9,0.7677243024582512,0.690951872212426,1,True
steel-faults,pso,18,0.95,0.7677243024582512,0.7293380873353386,2,True
steel-faults,pso,18,0.98,0.7677243024582512,0.7523698164090862,2,True
steel-faults,pso,19,0.9,0.7677243024582512,0.690951872212426,2,True
steel-faults,pso,19,0.95,0.7677243024582512,0.7293380873353386,2,True
steel-faults,pso,19,0.98,0.7677243024582512,0.7523698164090862,17,True
steel-faults,pso,20,0.9,0.7677243024582512,0.690951872212426,1,True
steel-faults,pso,20,0.95,0.7677243024582512,0.7293380873353386,2,True
steel-faults,pso,20,0.98,0.7677243024582512,0.7523698164090862,57,True
steel-faults,pso,21,0.9,0.7677243024582512,0.690951872212426,1,True
steel-faults,pso,21,0.95,0.7677243024582512,0.7293380873353386,3,True
steel-faults,pso,21,0.98,0.7677243024582512,0.7523698164090862,19,True
steel-faults,pso,22,0.9,0.7677243024582512,0.690951872212426,1,True
steel-faults,pso,22,0.95,0.7677243024582512,0.7293380873353386,1,True
steel-faults,pso,22,0.98,0.7677243024582512,0.7523698164090862,25,True
steel-faults,pso,23,0.9,0.7677243024582512,0.690951872212426,1,True
steel-faults,pso,23,0.95,0.7677243024582512,0.7293380873353386,5,True
steel-faults,pso,23,0.98,0.7677243024582512,0.7523698164090862,42,True
steel-faults,pso,24,0.9,0.7677243024582512,0.690951872212426,2,True
steel-faults,pso,24,0.95,0.7677243024582512,0.7293380873353386,2,True
steel-faults,pso,24,0.98,0.7677243024582512,0.7523698164090862,3,True
steel-faults,pso,25,0.9,0.7677243024582512,0.690951872212426,1,True
steel-faults,pso,25,0.95,0.7677243024582512,0.7293380873353386,1,True
steel-faults,pso,25,0.98,0.7677243024582512,0.7523698164090862,3,True
steel-faults,pso,26,0.9,0.7677243024582512,0.690951872212426,1,True
steel-faults,pso,26,0.95,0.7677243024582512,0.7293380873353386,1,True
steel-faults,pso,26,0.98,0.7677243024582512,0.7523698164090862,1,True
steel-faults,pso,27,0.9,0.7677243024582512,0.690951872212426,1,True
steel-faults,pso,27,0.95,0.7677243024582512,0.7293380873353386,1,True
steel-faults,pso,27,0.98,0.7677243024582512,0.7523698164090862,1,True
steel-faults,pso,28,0.9,0.7677243024582512,0.690951872212426,3,True
steel-faults,pso,28,0.95,0.7677243024582512,0.7293380873353386,3,True
steel-faults,pso,28,0.98,0.7677243024582512,0.7523698164090862,16,True
steel-faults,pso,29,0.9,0.7677243024582512,0.690951872212426,2,True
steel-faults,pso,29,0.95,0.7677243024582512,0.7293380873353386,5,True
steel-faults,pso,29,0.98,0.7677243024582512,0.7523698164090862,47,True
steel-faults,random,0,0.9,0.7677243024582512,0.690951872212426,1,True
steel-faults,random,0,0.95,0.7677243024582512,0.7293380873353386,1,True
steel-faults,random,0,0.98,0.7677243024582512,0.7523698164090862,101,False
steel-faults,random,1,0.9,0.7677243024582512,0.690951872212426,1,True
steel-faults,random,1,0.95,0.7677243024582512,0.7293380873353386,1,True
steel-faults,random,1,0.98,0.7677243024582512,0.7523698164090862,1,True
steel-faults,random,2,0.9,0.7677243024582512,0.690951872212426,2,True
steel-faults,random,2,0.95,0.7677243024582512,0.7293380873353386,2,True
steel-faults,random,2,0.98,0.7677243024582512,0.7523698164090862,2,True
steel-faults,random,3,0.9,0.7677243024582512,0.690951872212426,1,True
steel-faults,random,3,0.95,0.7677243024582512,0.7293380873353386,1,True
steel-faults,random,3,0.98,0.7677243024582512,0.7523698164090862,1,True
steel-faults,random,4,0.9,0.7677243024582512,0.690951872212426,1,True
steel-faults,random,4,0.95,0.7677243024582512,0.7293380873353386,2,True
steel-faults,random,4,0.98,0.7677243024582512,0.7523698164090862,20,True
steel-faults,random,5,0.9,0.7677243024582512,0.690951872212426,3,True
steel-faults,random,5,0.95,0.7677243024582512,0.7293380873353386,3,True
steel-faults,random,5,0.98,0.7677243024582512,0.7523698164090862,101,False
steel-faults,random,6,0.9,0.7677243024582512,0.690951872212426,1,True
steel-faults,random,6,0.95,0.7677243024582512,0.7293380873353386,4,True
steel-faults,random,6,0.98,0.7677243024582512,0.7523698164090862,4,True
steel-faults,random,7,0.9,0.7677243024582512,0.690951872212426,2,True
steel-faults,random,7,0.95,0.7677243024582512,0.7293380873353386,2,True
steel-faults,random,7,0.98,0.7677243024582512,0.7523698164090862,17,True
steel-faults,random,8,0.9,0.7677243024582512,0.690951872212426,2,True
steel-faults,random,8,0.95,0.7677243024582512,0.7293380873353386,4,True
steel-faults,random,8,0.98,0.7677243024582512,0.7523698164090862,5,True
steel-faults,random,9,0.9,0.7677243024582512,0.690951872212426,7,True
steel-faults,random,9,0.95,0.7677243024582512,0.7293380873353386,9,True
steel-faults,random,9,0.98,0.7677243024582512,0.7523698164090862,101,False
steel-faults,random,10,0.9,0.7677243024582512,0.690951872212426,1,True
steel-faults,random,10,0.95,0.7677243024582512,0.7293380873353386,2,True
steel-faults,random,10,0.98,0.7677243024582512,0.7523698164090862,37,True
steel-faults,random,11,0.9,0.7677243024582512,0.690951872212426,2,True
steel-faults,random,11,0.95,0.7677243024582512,0.7293380873353386,2,True
steel-faults,random,11,0.98,0.7677243024582512,0.7523698164090862,2,True
steel-faults,random,12,0.9,0.7677243024582512,0.690951872212426,2,True
steel-faults,random,12,0.95,0.7677243024582512,0.7293380873353386,5,True
steel-faults,random,12,0.98,0.7677243024582512,0.7523698164090862,13,True
steel-faults,random,13,0.9,0.7677243024582512,0.690951872212426,1,True
steel-faults,random,13,0.95,0.7677243024582512,0.7293380873353386,1,True
steel-faults,random,13,0.98,0.7677243024582512,0.7523698164090862,91,True
steel-faults,random,14,0.9,0.7677243024582512,0.690951872212426,1,True
steel-faults,random,14,0.95,0.7677243024582512,0.7293380873353386,4,True
steel-faults,random,14,0.98,0.7677243024582512,0.7523698164090862,39,True
steel-faults,random,15,0.9,0.7677243024582512,0.690951872212426,1,True
steel-faults,random,15,0.95,0.7677243024582512,0.7293380873353386,1,True
steel-faults,random,15,0.98,0.7677243024582512,0.7523698164090862,17,True
steel-faults,random,16,0.9,0.7677243024582512,0.690951872212426,1,True
steel-faults,random,16,0.95,0.7677243024582512,0.7293380873353386,7,True
steel-faults,random,16,0.98,0.7677243024582512,0.7523698164090862,18,True
steel-faults,random,17,0.9,0.7677243024582512,0.690951872212426,1,True
steel-faults,random,17,0.95,0.7677243024582512,0.7293380873353386,1,True
steel-faults,random,17,0.98,0.7677243024582512,0.7523698164090862,37,True
steel-faults,random,18,0.9,0.7677243024582512,0.690951872212426,1,True
steel-faults,random,18,0.95,0.7677243024582512,0.7293380873353386,1,True
steel-faults,random,18,0.98,0.7677243024582512,0.7523698164090862,11,True
steel-faults,random,19,0.9,0.7677243024582512,0.690951872212426,5,True
steel-faults,random,19,0.95,0.7677243024582512,0.7293380873353386,5,True
steel-faults,random,19,0.98,0.7677243024582512,0.7523698164090862,10,True
steel-faults,random,20,0.9,0.7677243024582512,0.690951872212426,4,True
steel-faults,random,20,0.95,0.7677243024582512,0.7293380873353386,4,True
steel-faults,random,20,0.98,0.7677243024582512,0.7523698164090862,15,True
steel-faults,random,21,0.9,0.7677243024582512,0.690951872212426,2,True
steel-faults,random,21,0.95,0.7677243024582512,0.7293380873353386,4,True
steel-faults,random,21,0.98,0.7677243024582512,0.7523698164090862,4,True
steel-faults,random,22,0.9,0.7677243024582512,0.690951872212426,4,True
steel-faults,random,22,0.95,0.7677243024582512,0.7293380873353386,4,True
steel-faults,random,22,0.98,0.7677243024582512,0.7523698164090862,12,True
steel-faults,random,23,0.9,0.7677243024582512,0.690951872212426,2,True
steel-faults,random,23,0.95,0.7677243024582512,0.7293380873353386,2,True
steel-faults,random,23,0.98,0.7677243024582512,0.7523698164090862,101,False
steel-faults,random,24,0.9,0.7677243024582512,0.690951872212426,1,True
steel-faults,random,24,0.95,0.7677243024582512,0.7293380873353386,1,True
steel-faults,random,24,0.98,0.7677243024582512,0.7523698164090862,1,True
steel-faults,random,25,0.9,0.7677243024582512,0.690951872212426,1,True
steel-faults,random,25,0.95,0.7677243024582512,0.7293380873353386,1,True
steel-faults,random,25,0.98,0.7677243024582512,0.7523698164090862,7,True
steel-faults,random,26,0.9,0.7677243024582512,0.690951872212426,1,True
steel-faults,random,26,0.95,0.7677243024582512,0.7293380873353386,1,True
steel-faults,random,26,0.98,0.7677243024582512,0.7523698164090862,1,True
steel-faults,random,27,0.9,0.7677243024582512,0.690951872212426,4,True
steel-faults,random,27,0.95,0.7677243024582512,0.7293380873353386,4,True
steel-faults,random,27,0.98,0.7677243024582512,0.7523698164090862,4,True
steel-faults,random,28,0.9,0.7677243024582512,0.690951872212426,1,True
steel-faults,random,28,0.95,0.7677243024582512,0.7293380873353386,10,True
steel-faults,random,28,0.98,0.7677243024582512,0.7523698164090862,10,True
steel-faults,random,29,0.9,0.7677243024582512,0.690951872212426,1,True
steel-faults,random,29,0.95,0.7677243024582512,0.7293380873353386,1,True
steel-faults,random,29,0.98,0.7677243024582512,0.7523698164090862,3,True
steel-faults,sa,0,0.9,0.7677243024582512,0.690951872212426,1,True
steel-faults,sa,0,0.95,0.7677243024582512,0.7293380873353386,1,True
steel-faults,sa,0,0.98,0.7677243024582512,0.7523698164090862,101,False
steel-faults,sa,1,0.9,0.7677243024582512,0.690951872212426,1,True
steel-faults,sa,1,0.95,0.7677243024582512,0.7293380873353386,1,True
steel-faults,sa,1,0.98,0.7677243024582512,0.7523698164090862,1,True
steel-faults,sa,2,0.9,0.7677243024582512,0.690951872212426,23,True
steel-faults,sa,2,0.95,0.7677243024582512,0.7293380873353386,23,True
steel-faults,sa,2,0.98,0.7677243024582512,0.7523698164090862,28,True
steel-faults,sa,3,0.9,0.7677243024582512,0.690951872212426,1,True
steel-faults,sa,3,0.95,0.7677243024582512,0.7293380873353386,1,True
steel-faults,sa,3,0.98,0.7677243024582512,0.7523698164090862,1,True
steel-faults,sa,4,0.9,0.7677243024582512,0.690951872212426,1,True
steel-faults,sa,4,0.95,0.7677243024582512,0.7293380873353386,2,True
steel-faults,sa,4,0.98,0.7677243024582512,0.7523698164090862,12,True
steel-faults,sa,5,0.9,0.7677243024582512,0.690951872212426,11,True
steel-faults,sa,5,0.95,0.7677243024582512,0.7293380873353386,11,True
steel-faults,sa,5,0.98,0.7677243024582512,0.7523698164090862,101,False
steel-faults,sa,6,0.9,0.7677243024582512,0.690951872212426,1,True
steel-faults,sa,6,0.95,0.7677243024582512,0.7293380873353386,2,True
steel-faults,sa,6,0.98,0.7677243024582512,0.7523698164090862,3,True
steel-faults,sa,7,0.9,0.7677243024582512,0.690951872212426,2,True
steel-faults,sa,7,0.95,0.7677243024582512,0.7293380873353386,2,True
steel-faults,sa,7,0.98,0.7677243024582512,0.7523698164090862,16,True
steel-faults,sa,8,0.9,0.7677243024582512,0.690951872212426,4,True
steel-faults,sa,8,0.95,0.7677243024582512,0.7293380873353386,4,True
steel-faults,sa,8,0.98,0.7677243024582512,0.7523698164090862,16,True
steel-faults,sa,9,0.9,0.7677243024582512,0.690951872212426,8,True
steel-faults,sa,9,0.95,0.7677243024582512,0.7293380873353386,8,True
steel-faults,sa,9,0.98,0.7677243024582512,0.7523698164090862,8,True
steel-faults,sa,10,0.9,0.7677243024582512,0.690951872212426,1,True
steel-faults,sa,10,0.95,0.7677243024582512,0.7293380873353386,7,True
steel-faults,sa,10,0.98,0.7677243024582512,0.7523698164090862,21,True
steel-faults,sa,11,0.9,0.7677243024582512,0.690951872212426,14,True
steel-faults,sa,11,0.95,0.7677243024582512,0.7293380873353386,14,True
steel-faults,sa,11,0.98,0.7677243024582512,0.7523698164090862,14,True
steel-faults,sa,12,0.9,0.7677243024582512,0.690951872212426,2,True
steel-faults,sa,12,0.95,0.7677243024582512,0.7293380873353386,4,True
steel-faults,sa,12,0.98,0.7677243024582512,0.7523698164090862,101,False
steel-faults,sa,13,0.9,0.7677243024582512,0.690951872212426,1,True
steel-faults,sa,13,0.95,0.7677243024582512,0.7293380873353386,1,True
steel-faults,sa,13,0.98,0.7677243024582512,0.7523698164090862,12,True
steel-faults,sa,14,0.9,0.7677243024582512,0.690951872212426,1,True
steel-faults,sa,14,0.95,0.7677243024582512,0.7293380873353386,4,True
steel-faults,sa,14,0.98,0.7677243024582512,0.7523698164090862,5,True
steel-faults,sa,15,0.9,0.7677243024582512,0.690951872212426,1,True
steel-faults,sa,15,0.95,0.7677243024582512,0.7293380873353386,1,True
steel-faults,sa,15,0.98,0.7677243024582512,0.7523698164090862,29,True
steel-faults,sa,16,0.9,0.7677243024582512,0.690951872212426,1,True
steel-faults,sa,16,0.95,0.7677243024582512,0.7293380873353386,6,True
steel-faults,sa,16,0.98,0.7677243024582512,0.7523698164090862,27,True
steel-faults,sa,17,0.9,0.7677243024582512,0.690951872212426,1,True
steel-faults,sa,17,0.95,0.7677243024582512,0.7293380873353386,1,True
steel-faults,sa,17,0.98,0.7677243024582512,0.7523698164090862,2,True
steel-faults,sa,18,0.9,0.7677243024582512,0.690951872212426,1,True
steel-faults,sa,18,0.95,0.7677243024582512,0.7293380873353386,1,True
steel-faults,sa,18,0.98,0.7677243024582512,0.7523698164090862,22,True
steel-faults,sa,19,0.9,0.7677243024582512,0.690951872212426,11,True
steel-faults,sa,19,0.95,0.7677243024582512,0.7293380873353386,18,True
steel-faults,sa,19,0.98,0.7677243024582512,0.7523698164090862,21,True
steel-faults,sa,20,0.9,0.7677243024582512,0.690951872212426,2,True
steel-faults,sa,20,0.95,0.7677243024582512,0.7293380873353386,2,True
steel-faults,sa,20,0.98,0.7677243024582512,0.7523698164090862,15,True
steel-faults,sa,21,0.9,0.7677243024582512,0.690951872212426,16,True
steel-faults,sa,21,0.95,0.7677243024582512,0.7293380873353386,17,True
steel-faults,sa,21,0.98,0.7677243024582512,0.7523698164090862,18,True
steel-faults,sa,22,0.9,0.7677243024582512,0.690951872212426,2,True
steel-faults,sa,22,0.95,0.7677243024582512,0.7293380873353386,13,True
steel-faults,sa,22,0.98,0.7677243024582512,0.7523698164090862,15,True
steel-faults,sa,23,0.9,0.7677243024582512,0.690951872212426,5,True
steel-faults,sa,23,0.95,0.7677243024582512,0.7293380873353386,5,True
steel-faults,sa,23,0.98,0.7677243024582512,0.7523698164090862,101,False
steel-faults,sa,24,0.9,0.7677243024582512,0.690951872212426,1,True
steel-faults,sa,24,0.95,0.7677243024582512,0.7293380873353386,1,True
steel-faults,sa,24,0.98,0.7677243024582512,0.7523698164090862,1,True
steel-faults,sa,25,0.9,0.7677243024582512,0.690951872212426,1,True
steel-faults,sa,25,0.95,0.7677243024582512,0.7293380873353386,1,True
steel-faults,sa,25,0.98,0.7677243024582512,0.7523698164090862,35,True
steel-faults,sa,26,0.9,0.7677243024582512,0.690951872212426,1,True
steel-faults,sa,26,0.95,0.7677243024582512,0.7293380873353386,1,True
steel-faults,sa,26,0.98,0.7677243024582512,0.7523698164090862,1,True
steel-faults,sa,27,0.9,0.7677243024582512,0.690951872212426,3,True
steel-faults,sa,27,0.95,0.7677243024582512,0.7293380873353386,6,True
steel-faults,sa,27,0.98,0.7677243024582512,0.7523698164090862,6,True
steel-faults,sa,28,0.9,0.7677243024582512,0.690951872212426,1,True
steel-faults,sa,28,0.95,0.7677243024582512,0.7293380873353386,4,True
steel-faults,sa,28,0.98,0.7677243024582512,0.7523698164090862,16,True
steel-faults,sa,29,0.9,0.7677243024582512,0.690951872212426,1,True
steel-faults,sa,29,0.95,0.7677243024582512,0.7293380873353386,1,True
steel-faults,sa,29,0.98,0.7677243024582512,0.7523698164090862,15,True
steel-faults,sh,0,0.9,0.7677243024582512,0.690951872212426,10,True
steel-faults,sh,0,0.95,0.7677243024582512,0.7293380873353386,10,True
steel-faults,sh,0,0.98,0.7677243024582512,0.7523698164090862,101,False
steel-faults,sh,1,0.9,0.7677243024582512,0.690951872212426,10,True
steel-faults,sh,1,0.95,0.7677243024582512,0.7293380873353386,10,True
steel-faults,sh,1,0.98,0.7677243024582512,0.7523698164090862,10,True
steel-faults,sh,2,0.9,0.7677243024582512,0.690951872212426,10,True
steel-faults,sh,2,0.95,0.7677243024582512,0.7293380873353386,10,True
steel-faults,sh,2,0.98,0.7677243024582512,0.7523698164090862,10,True
steel-faults,sh,3,0.9,0.7677243024582512,0.690951872212426,10,True
steel-faults,sh,3,0.95,0.7677243024582512,0.7293380873353386,10,True
steel-faults,sh,3,0.98,0.7677243024582512,0.7523698164090862,11,True
steel-faults,sh,4,0.9,0.7677243024582512,0.690951872212426,10,True
steel-faults,sh,4,0.95,0.7677243024582512,0.7293380873353386,10,True
steel-faults,sh,4,0.98,0.7677243024582512,0.7523698164090862,11,True
steel-faults,sh,5,0.9,0.7677243024582512,0.690951872212426,10,True
steel-faults,sh,5,0.95,0.7677243024582512,0.7293380873353386,10,True
steel-faults,sh,5,0.98,0.7677243024582512,0.7523698164090862,95,True
steel-faults,sh,6,0.9,0.7677243024582512,0.690951872212426,10,True
steel-faults,sh,6,0.95,0.7677243024582512,0.7293380873353386,10,True
steel-faults,sh,6,0.98,0.7677243024582512,0.7523698164090862,10,True
steel-faults,sh,7,0.9,0.7677243024582512,0.690951872212426,10,True
steel-faults,sh,7,0.95,0.7677243024582512,0.7293380873353386,10,True
steel-faults,sh,7,0.98,0.7677243024582512,0.7523698164090862,23,True
steel-faults,sh,8,0.9,0.7677243024582512,0.690951872212426,10,True
steel-faults,sh,8,0.95,0.7677243024582512,0.7293380873353386,10,True
steel-faults,sh,8,0.98,0.7677243024582512,0.7523698164090862,11,True
steel-faults,sh,9,0.9,0.7677243024582512,0.690951872212426,10,True
steel-faults,sh,9,0.95,0.7677243024582512,0.7293380873353386,10,True
steel-faults,sh,9,0.98,0.7677243024582512,0.7523698164090862,35,True
steel-faults,sh,10,0.9,0.7677243024582512,0.690951872212426,10,True
steel-faults,sh,10,0.95,0.7677243024582512,0.7293380873353386,11,True
steel-faults,sh,10,0.98,0.7677243024582512,0.7523698164090862,35,True
steel-faults,sh,11,0.9,0.7677243024582512,0.690951872212426,10,True
steel-faults,sh,11,0.95,0.7677243024582512,0.7293380873353386,10,True
steel-faults,sh,11,0.98,0.7677243024582512,0.7523698164090862,11,True
steel-faults,sh,12,0.9,0.7677243024582512,0.690951872212426,10,True
steel-faults,sh,12,0.95,0.7677243024582512,0.7293380873353386,10,True
steel-faults,sh,12,0.98,0.7677243024582512,0.7523698164090862,24,True
steel-faults,sh,13,0.9,0.7677243024582512,0.690951872212426,10,True
steel-faults,sh,13,0.95,0.7677243024582512,0.7293380873353386,10,True
steel-faults,sh,13,0.98,0.7677243024582512,0.7523698164090862,22,True
steel-faults,sh,14,0.9,0.7677243024582512,0.690951872212426,10,True
steel-faults,sh,14,0.95,0.7677243024582512,0.7293380873353386,10,True
steel-faults,sh,14,0.98,0.7677243024582512,0.7523698164090862,10,True
steel-faults,sh,15,0.9,0.7677243024582512,0.690951872212426,10,True
steel-faults,sh,15,0.95,0.7677243024582512,0.7293380873353386,10,True
steel-faults,sh,15,0.98,0.7677243024582512,0.7523698164090862,10,True
steel-faults,sh,16,0.9,0.7677243024582512,0.690951872212426,10,True
steel-faults,sh,16,0.95,0.7677243024582512,0.7293380873353386,10,True
steel-faults,sh,16,0.98,0.7677243024582512,0.7523698164090862,10,True
steel-faults,sh,17,0.9,0.7677243024582512,0.690951872212426,10,True
steel-faults,sh,17,0.95,0.7677243024582512,0.7293380873353386,10,True
steel-faults,sh,17,0.98,0.7677243024582512,0.7523698164090862,36,True
steel-faults,sh,18,0.9,0.7677243024582512,0.690951872212426,10,True
steel-faults,sh,18,0.95,0.7677243024582512,0.7293380873353386,10,True
steel-faults,sh,18,0.98,0.7677243024582512,0.7523698164090862,10,True
steel-faults,sh,19,0.9,0.7677243024582512,0.690951872212426,10,True
steel-faults,sh,19,0.95,0.7677243024582512,0.7293380873353386,10,True
steel-faults,sh,19,0.98,0.7677243024582512,0.7523698164090862,11,True
steel-faults,sh,20,0.9,0.7677243024582512,0.690951872212426,10,True
steel-faults,sh,20,0.95,0.7677243024582512,0.7293380873353386,10,True
steel-faults,sh,20,0.98,0.7677243024582512,0.7523698164090862,12,True
steel-faults,sh,21,0.9,0.7677243024582512,0.690951872212426,10,True
steel-faults,sh,21,0.95,0.7677243024582512,0.7293380873353386,10,True
steel-faults,sh,21,0.98,0.7677243024582512,0.7523698164090862,22,True
steel-faults,sh,22,0.9,0.7677243024582512,0.690951872212426,10,True
steel-faults,sh,22,0.95,0.7677243024582512,0.7293380873353386,10,True
steel-faults,sh,22,0.98,0.7677243024582512,0.7523698164090862,47,True
steel-faults,sh,23,0.9,0.7677243024582512,0.690951872212426,10,True
steel-faults,sh,23,0.95,0.7677243024582512,0.7293380873353386,10,True
steel-faults,sh,23,0.98,0.7677243024582512,0.7523698164090862,101,False
steel-faults,sh,24,0.9,0.7677243024582512,0.690951872212426,10,True
steel-faults,sh,24,0.95,0.7677243024582512,0.7293380873353386,10,True
steel-faults,sh,24,0.98,0.7677243024582512,0.7523698164090862,10,True
steel-faults,sh,25,0.9,0.7677243024582512,0.690951872212426,10,True
steel-faults,sh,25,0.95,0.7677243024582512,0.7293380873353386,10,True
steel-faults,sh,25,0.98,0.7677243024582512,0.7523698164090862,10,True
steel-faults,sh,26,0.9,0.7677243024582512,0.690951872212426,10,True
steel-faults,sh,26,0.95,0.7677243024582512,0.7293380873353386,10,True
steel-faults,sh,26,0.98,0.7677243024582512,0.7523698164090862,10,True
steel-faults,sh,27,0.9,0.7677243024582512,0.690951872212426,10,True
steel-faults,sh,27,0.95,0.7677243024582512,0.7293380873353386,10,True
steel-faults,sh,27,0.98,0.7677243024582512,0.7523698164090862,10,True
steel-faults,sh,28,0.9,0.7677243024582512,0.690951872212426,10,True
steel-faults,sh,28,0.95,0.7677243024582512,0.7293380873353386,10,True
steel-faults,sh,28,0.98,0.7677243024582512,0.7523698164090862,35,True
steel-faults,sh,29,0.9,0.7677243024582512,0.690951872212426,10,True
steel-faults,sh,29,0.95,0.7677243024582512,0.7293380873353386,10,True
steel-faults,sh,29,0.98,0.7677243024582512,0.7523698164090862,10,True
vehicle,bo_tpe,0,0.9,0.8550054466230939,0.7695049019607845,2,True
vehicle,bo_tpe,0,0.95,0.8550054466230939,0.8122551742919392,2,True
vehicle,bo_tpe,0,0.98,0.8550054466230939,0.8379053376906319,2,True
vehicle,bo_tpe,1,0.9,0.8550054466230939,0.7695049019607845,5,True
vehicle,bo_tpe,1,0.95,0.8550054466230939,0.8122551742919392,9,True
vehicle,bo_tpe,1,0.98,0.8550054466230939,0.8379053376906319,13,True
vehicle,bo_tpe,2,0.9,0.8550054466230939,0.7695049019607845,2,True
vehicle,bo_tpe,2,0.95,0.8550054466230939,0.8122551742919392,2,True
vehicle,bo_tpe,2,0.98,0.8550054466230939,0.8379053376906319,41,True
vehicle,bo_tpe,3,0.9,0.8550054466230939,0.7695049019607845,7,True
vehicle,bo_tpe,3,0.95,0.8550054466230939,0.8122551742919392,7,True
vehicle,bo_tpe,3,0.98,0.8550054466230939,0.8379053376906319,45,True
vehicle,bo_tpe,4,0.9,0.8550054466230939,0.7695049019607845,1,True
vehicle,bo_tpe,4,0.95,0.8550054466230939,0.8122551742919392,1,True
vehicle,bo_tpe,4,0.98,0.8550054466230939,0.8379053376906319,1,True
vehicle,bo_tpe,5,0.9,0.8550054466230939,0.7695049019607845,3,True
vehicle,bo_tpe,5,0.95,0.8550054466230939,0.8122551742919392,3,True
vehicle,bo_tpe,5,0.98,0.8550054466230939,0.8379053376906319,13,True
vehicle,bo_tpe,6,0.9,0.8550054466230939,0.7695049019607845,1,True
vehicle,bo_tpe,6,0.95,0.8550054466230939,0.8122551742919392,1,True
vehicle,bo_tpe,6,0.98,0.8550054466230939,0.8379053376906319,1,True
vehicle,bo_tpe,7,0.9,0.8550054466230939,0.7695049019607845,3,True
vehicle,bo_tpe,7,0.95,0.8550054466230939,0.8122551742919392,3,True
vehicle,bo_tpe,7,0.98,0.8550054466230939,0.8379053376906319,3,True
vehicle,bo_tpe,8,0.9,0.8550054466230939,0.7695049019607845,2,True
vehicle,bo_tpe,8,0.95,0.8550054466230939,0.8122551742919392,2,True
vehicle,bo_tpe,8,0.98,0.8550054466230939,0.8379053376906319,36,True
vehicle,bo_tpe,9,0.9,0.8550054466230939,0.7695049019607845,7,True
vehicle,bo_tpe,9,0.95,0.8550054466230939,0.8122551742919392,8,True
vehicle,bo_tpe,9,0.98,0.8550054466230939,0.8379053376906319,13,True
vehicle,bo_tpe,10,0.9,0.8550054466230939,0.7695049019607845,8,True
vehicle,bo_tpe,10,0.95,0.8550054466230939,0.8122551742919392,8,True
vehicle,bo_tpe,10,0.98,0.8550054466230939,0.8379053376906319,13,True
vehicle,bo_tpe,11,0.9,0.8550054466230939,0.7695049019607845,2,True
vehicle,bo_tpe,11,0.95,0.8550054466230939,0.8122551742919392,3,True
vehicle,bo_tpe,11,0.98,0.8550054466230939,0.8379053376906319,26,True
vehicle,bo_tpe,12,0.9,0.8550054466230939,0.7695049019607845,4,True
vehicle,bo_tpe,12,0.95,0.8550054466230939,0.8122551742919392,9,True
vehicle,bo_tpe,12,0.98,0.8550054466230939,0.8379053376906319,17,True
vehicle,bo_tpe,13,0.9,0.8550054466230939,0.7695049019607845,1,True
vehicle,bo_tpe,13,0.95,0.8550054466230939,0.8122551742919392,1,True
vehicle,bo_tpe,13,0.98,0.8550054466230939,0.8379053376906319,18,True
vehicle,bo_tpe,14,0.9,0.8550054466230939,0.7695049019607845,2,True
vehicle,bo_tpe,14,0.95,0.8550054466230939,0.8122551742919392,6,True
vehicle,bo_tpe,14,0.98,0.8550054466230939,0.8379053376906319,6,True
vehicle,bo_tpe,15,0.9,0.8550054466230939,0.7695049019607845,1,True
vehicle,bo_tpe,15,0.95,0.8550054466230939,0.8122551742919392,6,True
vehicle,bo_tpe,15,0.98,0.8550054466230939,0.8379053376906319,12,True
vehicle,bo_tpe,16,0.9,0.8550054466230939,0.7695049019607845,4,True
vehicle,bo_tpe,16,0.95,0.8550054466230939,0.8122551742919392,9,True
vehicle,bo_tpe,16,0.98,0.8550054466230939,0.8379053376906319,14,True
vehicle,bo_tpe,17,0.9,0.8550054466230939,0.7695049019607845,3,True
vehicle,bo_tpe,17,0.95,0.8550054466230939,0.8122551742919392,4,True
vehicle,bo_tpe,17,0.98,0.8550054466230939,0.8379053376906319,12,True
vehicle,bo_tpe,18,0.9,0.8550054466230939,0.7695049019607845,1,True
vehicle,bo_tpe,18,0.95,0.8550054466230939,0.8122551742919392,1,True
vehicle,bo_tpe,18,0.98,0.8550054466230939,0.8379053376906319,48,True
vehicle,bo_tpe,19,0.9,0.8550054466230939,0.7695049019607845,5,True
vehicle,bo_tpe,19,0.95,0.8550054466230939,0.8122551742919392,5,True
vehicle,bo_tpe,19,0.98,0.8550054466230939,0.8379053376906319,16,True
vehicle,bo_tpe,20,0.9,0.8550054466230939,0.7695049019607845,4,True
vehicle,bo_tpe,20,0.95,0.8550054466230939,0.8122551742919392,12,True
vehicle,bo_tpe,20,0.98,0.8550054466230939,0.8379053376906319,17,True
vehicle,bo_tpe,21,0.9,0.8550054466230939,0.7695049019607845,5,True
vehicle,bo_tpe,21,0.95,0.8550054466230939,0.8122551742919392,10,True
vehicle,bo_tpe,21,0.98,0.8550054466230939,0.8379053376906319,10,True
vehicle,bo_tpe,22,0.9,0.8550054466230939,0.7695049019607845,4,True
vehicle,bo_tpe,22,0.95,0.8550054466230939,0.8122551742919392,14,True
vehicle,bo_tpe,22,0.98,0.8550054466230939,0.8379053376906319,17,True
vehicle,bo_tpe,23,0.9,0.8550054466230939,0.7695049019607845,2,True
vehicle,bo_tpe,23,0.95,0.8550054466230939,0.8122551742919392,2,True
vehicle,bo_tpe,23,0.98,0.8550054466230939,0.8379053376906319,7,True
vehicle,bo_tpe,24,0.9,0.8550054466230939,0.7695049019607845,1,True
vehicle,bo_tpe,24,0.95,0.8550054466230939,0.8122551742919392,2,True
vehicle,bo_tpe,24,0.98,0.8550054466230939,0.8379053376906319,4,True
vehicle,bo_tpe,25,0.9,0.8550054466230939,0.7695049019607845,1,True
vehicle,bo_tpe,25,0.95,0.8550054466230939,0.8122551742919392,1,True
vehicle,bo_tpe,25,0.98,0.8550054466230939,0.8379053376906319,15,True
vehicle,bo_tpe,26,0.9,0.8550054466230939,0.7695049019607845,1,True
vehicle,bo_tpe,26,0.95,0.8550054466230939,0.8122551742919392,3,True
vehicle,bo_tpe,26,0.98,0.8550054466230939,0.8379053376906319,10,True
vehicle,bo_tpe,27,0.9,0.8550054466230939,0.7695049019607845,4,True
vehicle,bo_tpe,27,0.95,0.8550054466230939,0.8122551742919392,4,True
vehicle,bo_tpe,27,0.98,0.8550054466230939,0.8379053376906319,14,True
vehicle,bo_tpe,28,0.9,0.8550054466230939,0.7695049019607845,1,True
vehicle,bo_tpe,28,0.95,0.8550054466230939,0.8122551742919392,1,True
vehicle,bo_tpe,28,0.98,0.8550054466230939,0.8379053376906319,3,True
vehicle,bo_tpe,29,0.9,0.8550054466230939,0.7695049019607845,1,True
vehicle,bo_tpe,29,0.95,0.8550054466230939,0.8122551742919392,1,True
vehicle,bo_tpe,29,0.98,0.8550054466230939,0.8379053376906319,101,False
vehicle,cuckoo,0,0.9,0.8550054466230939,0.7695049019607845,2,True
vehicle,cuckoo,0,0.95,0.8550054466230939,0.8122551742919392,2,True
vehicle,cuckoo,0,0.98,0.8550054466230939,0.8379053376906319,2,True
vehicle,cuckoo,1,0.9,0.8550054466230939,0.7695049019607845,5,True
vehicle,cuckoo,1,0.95,0.8550054466230939,0.8122551742919392,9,True
vehicle,cuckoo,1,0.98,0.8550054466230939,0.8379053376906319,101,False
vehicle,cuckoo,2,0.9,0.8550054466230939,0.7695049019607845,2,True
vehicle,cuckoo,2,0.95,0.8550054466230939,0.8122551742919392,2,True
vehicle,cuckoo,2,0.98,0.8550054466230939,0.8379053376906319,101,False
vehicle,cuckoo,3,0.9,0.8550054466230939,0.7695049019607845,7,True
vehicle,cuckoo,3,0.95,0.8550054466230939,0.8122551742919392,7,True
vehicle,cuckoo,3,0.98,0.8550054466230939,0.8379053376906319,101,False
vehicle,cuckoo,4,0.9,0.8550054466230939,0.7695049019607845,1,True
vehicle,cuckoo,4,0.95,0.8550054466230939,0.8122551742919392,1,True
vehicle,cuckoo,4,0.98,0.8550054466230939,0.8379053376906319,1,True
vehicle,cuckoo,5,0.9,0.8550054466230939,0.7695049019607845,3,True
vehicle,cuckoo,5,0.95,0.8550054466230939,0.8122551742919392,3,True
vehicle,cuckoo,5,0.98,0.8550054466230939,0.8379053376906319,34,True
vehicle,cuckoo,6,0.9,0.8550054466230939,0.7695049019607845,1,True
vehicle,cuckoo,6,0.95,0.8550054466230939,0.8122551742919392,1,True
vehicle,cuckoo,6,0.98,0.8550054466230939,0.8379053376906319,1,True
vehicle,cuckoo,7,0.9,0.8550054466230939,0.7695049019607845,3,True
vehicle,cuckoo,7,0.95,0.8550054466230939,0.8122551742919392,3,True
vehicle,cuckoo,7,0.98,0.8550054466230939,0.8379053376906319,3,True
vehicle,cuckoo,8,0.9,0.8550054466230939,0.7695049019607845,2,True
vehicle,cuckoo,8,0.95,0.8550054466230939,0.8122551742919392,2,True
vehicle,cuckoo,8,0.98,0.8550054466230939,0.8379053376906319,101,False
vehicle,cuckoo,9,0.9,0.8550054466230939,0.7695049019607845,7,True
vehicle,cuckoo,9,0.95,0.8550054466230939,0.8122551742919392,8,True
vehicle,cuckoo,9,0.98,0.8550054466230939,0.8379053376906319,12,True
vehicle,cuckoo,10,0.9,0.8550054466230939,0.7695049019607845,8,True
vehicle,cuckoo,10,0.95,0.8550054466230939,0.8122551742919392,8,True
vehicle,cuckoo,10,0.98,0.8550054466230939,0.8379053376906319,14,True
vehicle,cuckoo,11,0.9,0.8550054466230939,0.7695049019607845,2,True
vehicle,cuckoo,11,0.95,0.8550054466230939,0.8122551742919392,3,True
vehicle,cuckoo,11,0.98,0.8550054466230939,0.8379053376906319,65,True
vehicle,cuckoo,12,0.9,0.8550054466230939,0.7695049019607845,4,True
vehicle,cuckoo,12,0.95,0.8550054466230939,0.8122551742919392,9,True
vehicle,cuckoo,12,0.98,0.8550054466230939,0.8379053376906319,98,True
vehicle,cuckoo,13,0.9,0.8550054466230939,0.7695049019607845,1,True
vehicle,cuckoo,13,0.95,0.8550054466230939,0.8122551742919392,1,True
vehicle,cuckoo,13,0.98,0.8550054466230939,0.8379053376906319,11,True
vehicle,cuckoo,14,0.9,0.8550054466230939,0.7695049019607845,2,True
vehicle,cuckoo,14,0.95,0.8550054466230939,0.8122551742919392,6,True
vehicle,cuckoo,14,0.98,0.8550054466230939,0.8379053376906319,6,True
vehicle,cuckoo,15,0.9,0.8550054466230939,0.7695049019607845,1,True
vehicle,cuckoo,15,0.95,0.8550054466230939,0.8122551742919392,6,True
vehicle,cuckoo,15,0.98,0.8550054466230939,0.8379053376906319,11,True
vehicle,cuckoo,16,0.9,0.8550054466230939,0.7695049019607845,4,True
vehicle,cuckoo,16,0.95,0.8550054466230939,0.8122551742919392,9,True
vehicle,cuckoo,16,0.98,0.8550054466230939,0.8379053376906319,101,False
vehicle,cuckoo,17,0.9,0.8550054466230939,0.7695049019607845,3,True
vehicle,cuckoo,17,0.95,0.8550054466230939,0.8122551742919392,4,True
vehicle,cuckoo,17,0.98,0.8550054466230939,0.8379053376906319,82,True
vehicle,cuckoo,18,0.9,0.8550054466230939,0.7695049019607845,1,True
vehicle,cuckoo,18,0.95,0.8550054466230939,0.8122551742919392,1,True
vehicle,cuckoo,18,0.98,0.8550054466230939,0.8379053376906319,101,False
vehicle,cuckoo,19,0.9,0.8550054466230939,0.7695049019607845,5,True
vehicle,cuckoo,19,0.95,0.8550054466230939,0.8122551742919392,5,True
vehicle,cuckoo,19,0.98,0.8550054466230939,0.8379053376906319,101,False
vehicle,cuckoo,20,0.9,0.8550054466230939,0.7695049019607845,4,True
vehicle,cuckoo,20,0.95,0.8550054466230939,0.8122551742919392,13,True
vehicle,cuckoo,20,0.98,0.8550054466230939,0.8379053376906319,13,True
vehicle,cuckoo,21,0.9,0.8550054466230939,0.7695049019607845,5,True
vehicle,cuckoo,21,0.95,0.8550054466230939,0.8122551742919392,10,True
vehicle,cuckoo,21,0.98,0.8550054466230939,0.8379053376906319,10,True
vehicle,cuckoo,22,0.9,0.8550054466230939,0.7695049019607845,4,True
vehicle,cuckoo,22,0.95,0.8550054466230939,0.8122551742919392,13,True
vehicle,cuckoo,22,0.98,0.8550054466230939,0.8379053376906319,101,False
vehicle,cuckoo,23,0.9,0.8550054466230939,0.7695049019607845,2,True
vehicle,cuckoo,23,0.95,0.8550054466230939,0.8122551742919392,2,True
vehicle,cuckoo,23,0.98,0.8550054466230939,0.8379053376906319,7,True
vehicle,cuckoo,24,0.9,0.8550054466230939,0.7695049019607845,1,True
vehicle,cuckoo,24,0.95,0.8550054466230939,0.8122551742919392,2,True
vehicle,cuckoo,24,0.98,0.8550054466230939,0.8379053376906319,4,True
vehicle,cuckoo,25,0.9,0.8550054466230939,0.7695049019607845,1,True
vehicle,cuckoo,25,0.95,0.8550054466230939,0.8122551742919392,1,True
vehicle,cuckoo,25,0.98,0.8550054466230939,0.8379053376906319,13,True
vehicle,cuckoo,26,0.9,0.8550054466230939,0.7695049019607845,1,True
vehicle,cuckoo,26,0.95,0.8550054466230939,0.8122551742919392,3,True
vehicle,cuckoo,26,0.98,0.8550054466230939,0.8379053376906319,10,True
vehicle,cuckoo,27,0.9,0.8550054466230939,0.7695049019607845,4,True
vehicle,cuckoo,27,0.95,0.8550054466230939,0.8122551742919392,4,True
vehicle,cuckoo,27,0.98,0.8550054466230939,0.8379053376906319,30,True
vehicle,cuckoo,28,0.9,0.8550054466230939,0.7695049019607845,1,True
vehicle,cuckoo,28,0.95,0.8550054466230939,0.8122551742919392,1,True
vehicle,cuckoo,28,0.98,0.8550054466230939,0.8379053376906319,3,True
vehicle,cuckoo,29,0.9,0.8550054466230939,0.7695049019607845,1,True
vehicle,cuckoo,29,0.95,0.8550054466230939,0.8122551742919392,1,True
vehicle,cuckoo,29,0.98,0.8550054466230939,0.8379053376906319,101,False
vehicle,de,0,0.9,0.8550054466230939,0.7695049019607845,1,True
vehicle,de,0,0.95,0.8550054466230939,0.8122551742919392,9,True
vehicle,de,0,0.98,0.8550054466230939,0.8379053376906319,16,True
vehicle,de,1,0.9,0.8550054466230939,0.7695049019607845,4,True
vehicle,de,1,0.95,0.8550054466230939,0.8122551742919392,4,True
vehicle,de,1,0.98,0.8550054466230939,0.8379053376906319,44,True
vehicle,de,2,0.9,0.8550054466230939,0.7695049019607845,2,True
vehicle,de,2,0.95,0.8550054466230939,0.8122551742919392,8,True
vehicle,de,2,0.98,0.8550054466230939,0.8379053376906319,34,True
vehicle,de,3,0.9,0.8550054466230939,0.7695049019607845,2,True
vehicle,de,3,0.95,0.8550054466230939,0.8122551742919392,2,True
vehicle,de,3,0.98,0.8550054466230939,0.8379053376906319,65,True
vehicle,de,4,0.9,0.8550054466230939,0.7695049019607845,1,True
vehicle,de,4,0.95,0.8550054466230939,0.8122551742919392,1,True
vehicle,de,4,0.98,0.8550054466230939,0.8379053376906319,1,True
vehicle,de,5,0.9,0.8550054466230939,0.7695049019607845,6,True
vehicle,de,5,0.95,0.8550054466230939,0.8122551742919392,19,True
vehicle,de,5,0.98,0.8550054466230939,0.8379053376906319,36,True
vehicle,de,6,0.9,0.8550054466230939,0.7695049019607845,1,True
vehicle,de,6,0.95,0.8550054466230939,0.8122551742919392,4,True
vehicle,de,6,0.98,0.8550054466230939,0.8379053376906319,10,True
vehicle,de,7,0.9,0.8550054466230939,0.7695049019607845,2,True
vehicle,de,7,0.95,0.8550054466230939,0.8122551742919392,5,True
vehicle,de,7,0.98,0.8550054466230939,0.8379053376906319,8,True
vehicle,de,8,0.9,0.8550054466230939,0.7695049019607845,3,True
vehicle,de,8,0.95,0.8550054466230939,0.8122551742919392,3,True
vehicle,de,8,0.98,0.8550054466230939,0.8379053376906319,3,True
vehicle,de,9,0.9,0.8550054466230939,0.7695049019607845,1,True
vehicle,de,9,0.95,0.8550054466230939,0.8122551742919392,1,True
vehicle,de,9,0.98,0.8550054466230939,0.8379053376906319,1,True
vehicle,de,10,0.9,0.8550054466230939,0.7695049019607845,1,True
vehicle,de,10,0.95,0.8550054466230939,0.8122551742919392,1,True
vehicle,de,10,0.98,0.8550054466230939,0.8379053376906319,6,True
vehicle,de,11,0.9,0.8550054466230939,0.7695049019607845,5,True
vehicle,de,11,0.95,0.8550054466230939,0.8122551742919392,5,True
vehicle,de,11,0.98,0.8550054466230939,0.8379053376906319,9,True
vehicle,de,12,0.9,0.8550054466230939,0.7695049019607845,8,True
vehicle,de,12,0.95,0.8550054466230939,0.8122551742919392,17,True
vehicle,de,12,0.98,0.8550054466230939,0.8379053376906319,32,True
vehicle,de,13,0.9,0.8550054466230939,0.7695049019607845,2,True
vehicle,de,13,0.95,0.8550054466230939,0.8122551742919392,2,True
vehicle,de,13,0.98,0.8550054466230939,0.8379053376906319,10,True
vehicle,de,14,0.9,0.8550054466230939,0.7695049019607845,1,True
vehicle,de,14,0.95,0.8550054466230939,0.8122551742919392,1,True
vehicle,de,14,0.98,0.8550054466230939,0.8379053376906319,1,True
vehicle,de,15,0.9,0.8550054466230939,0.7695049019607845,4,True
vehicle,de,15,0.95,0.8550054466230939,0.8122551742919392,4,True
vehicle,de,15,0.98,0.8550054466230939,0.8379053376906319,4,True
vehicle,de,16,0.9,0.8550054466230939,0.7695049019607845,1,True
vehicle,de,16,0.95,0.8550054466230939,0.8122551742919392,11,True
vehicle,de,16,0.98,0.8550054466230939,0.8379053376906319,24,True
vehicle,de,17,0.9,0.8550054466230939,0.7695049019607845,1,True
vehicle,de,17,0.95,0.8550054466230939,0.8122551742919392,1,True
vehicle,de,17,0.98,0.8550054466230939,0.8379053376906319,20,True
vehicle,de,18,0.9,0.8550054466230939,0.7695049019607845,3,True
vehicle,de,18,0.95,0.8550054466230939,0.8122551742919392,4,True
vehicle,de,18,0.98,0.8550054466230939,0.8379053376906319,76,True
vehicle,de,19,0.9,0.8550054466230939,0.7695049019607845,4,True
vehicle,de,19,0.95,0.8550054466230939,0.8122551742919392,4,True
vehicle,de,19,0.98,0.8550054466230939,0.8379053376906319,20,True
vehicle,de,20,0.9,0.8550054466230939,0.7695049019607845,5,True
vehicle,de,20,0.95,0.8550054466230939,0.8122551742919392,5,True
vehicle,de,20,0.98,0.8550054466230939,0.8379053376906319,26,True
vehicle,de,21,0.9,0.8550054466230939,0.7695049019607845,1,True
vehicle,de,21,0.95,0.8550054466230939,0.8122551742919392,1,True
vehicle,de,21,0.98,0.8550054466230939,0.8379053376906319,40,True
vehicle,de,22,0.9,0.8550054466230939,0.7695049019607845,13,True
vehicle,de,22,0.95,0.8550054466230939,0.8122551742919392,13,True
vehicle,de,22,0.98,0.8550054466230939,0.8379053376906319,48,True
vehicle,de,23,0.9,0.8550054466230939,0.7695049019607845,1,True
vehicle,de,23,0.95,0.8550054466230939,0.8122551742919392,1,True
vehicle,de,23,0.98,0.8550054466230939,0.8379053376906319,5,True
vehicle,de,24,0.9,0.8550054466230939,0.7695049019607845,2,True
vehicle,de,24,0.95,0.8550054466230939,0.8122551742919392,2,True
vehicle,de,24,0.98,0.8550054466230939,0.8379053376906319,21,True
vehicle,de,25,0.9,0.8550054466230939,0.7695049019607845,12,True
vehicle,de,25,0.95,0.8550054466230939,0.8122551742919392,12,True
vehicle,de,25,0.98,0.8550054466230939,0.8379053376906319,12,True
vehicle,de,26,0.9,0.8550054466230939,0.7695049019607845,3,True
vehicle,de,26,0.95,0.8550054466230939,0.8122551742919392,3,True
vehicle,de,26,0.98,0.8550054466230939,0.8379053376906319,20,True
vehicle,de,27,0.9,0.8550054466230939,0.7695049019607845,1,True
vehicle,de,27,0.95,0.8550054466230939,0.8122551742919392,1,True
vehicle,de,27,0.98,0.8550054466230939,0.8379053376906319,10,True
vehicle,de,28,0.9,0.8550054466230939,0.7695049019607845,2,True
vehicle,de,28,0.95,0.8550054466230939,0.8122551742919392,8,True
vehicle,de,28,0.98,0.8550054466230939,0.8379053376906319,8,True
vehicle,de,29,0.9,0.8550054466230939,0.7695049019607845,6,True
vehicle,de,29,0.95,0.8550054466230939,0.8122551742919392,9,True
vehicle,de,29,0.98,0.8550054466230939,0.8379053376906319,101,False
vehicle,ga,0,0.9,0.8550054466230939,0.7695049019607845,1,True
vehicle,ga,0,0.95,0.8550054466230939,0.8122551742919392,9,True
vehicle,ga,0,0.98,0.8550054466230939,0.8379053376906319,16,True
vehicle,ga,1,0.9,0.8550054466230939,0.7695049019607845,4,True
vehicle,ga,1,0.95,0.8550054466230939,0.8122551742919392,4,True
vehicle,ga,1,0.98,0.8550054466230939,0.8379053376906319,27,True
vehicle,ga,2,0.9,0.8550054466230939,0.7695049019607845,2,True
vehicle,ga,2,0.95,0.8550054466230939,0.8122551742919392,8,True
vehicle,ga,2,0.98,0.8550054466230939,0.8379053376906319,24,True
vehicle,ga,3,0.9,0.8550054466230939,0.7695049019607845,2,True
vehicle,ga,3,0.95,0.8550054466230939,0.8122551742919392,2,True
vehicle,ga,3,0.98,0.8550054466230939,0.8379053376906319,24,True
vehicle,ga,4,0.9,0.8550054466230939,0.7695049019607845,1,True
vehicle,ga,4,0.95,0.8550054466230939,0.8122551742919392,1,True
vehicle,ga,4,0.98,0.8550054466230939,0.8379053376906319,1,True
vehicle,ga,5,0.9,0.8550054466230939,0.7695049019607845,6,True
vehicle,ga,5,0.95,0.8550054466230939,0.8122551742919392,19,True
vehicle,ga,5,0.98,0.8550054466230939,0.8379053376906319,59,True
vehicle,ga,6,0.9,0.8550054466230939,0.7695049019607845,1,True
vehicle,ga,6,0.95,0.8550054466230939,0.8122551742919392,4,True
vehicle,ga,6,0.98,0.8550054466230939,0.8379053376906319,10,True
vehicle,ga,7,0.9,0.8550054466230939,0.7695049019607845,2,True
vehicle,ga,7,0.95,0.8550054466230939,0.8122551742919392,5,True
vehicle,ga,7,0.98,0.8550054466230939,0.8379053376906319,8,True
vehicle,ga,8,0.9,0.8550054466230939,0.7695049019607845,3,True
vehicle,ga,8,0.95,0.8550054466230939,0.8122551742919392,3,True
vehicle,ga,8,0.98,0.8550054466230939,0.8379053376906319,3,True
vehicle,ga,9,0.9,0.8550054466230939,0.7695049019607845,1,True
vehicle,ga,9,0.95,0.8550054466230939,0.8122551742919392,1,True
vehicle,ga,9,0.98,0.8550054466230939,0.8379053376906319,1,True
vehicle,ga,10,0.9,0.8550054466230939,0.7695049019607845,1,True
vehicle,ga,10,0.95,0.8550054466230939,0.8122551742919392,1,True
vehicle,ga,10,0.98,0.8550054466230939,0.8379053376906319,6,True
vehicle,ga,11,0.9,0.8550054466230939,0.7695049019607845,5,True
vehicle,ga,11,0.95,0.8550054466230939,0.8122551742919392,5,True
vehicle,ga,11,0.98,0.8550054466230939,0.8379053376906319,9,True
vehicle,ga,12,0.9,0.8550054466230939,0.7695049019607845,8,True
vehicle,ga,12,0.95,0.8550054466230939,0.8122551742919392,17,True
vehicle,ga,12,0.98,0.8550054466230939,0.8379053376906319,54,True
vehicle,ga,13,0.9,0.8550054466230939,0.7695049019607845,2,True
vehicle,ga,13,0.95,0.8550054466230939,0.8122551742919392,2,True
vehicle,ga,13,0.98,0.8550054466230939,0.8379053376906319,10,True
vehicle,ga,14,0.9,0.8550054466230939,0.7695049019607845,1,True
vehicle,ga,14,0.95,0.8550054466230939,0.8122551742919392,1,True
vehicle,ga,14,0.98,0.8550054466230939,0.8379053376906319,1,True
vehicle,ga,15,0.9,0.8550054466230939,0.7695049019607845,4,True
vehicle,ga,15,0.95,0.8550054466230939,0.8122551742919392,4,True
vehicle,ga,15,0.98,0.8550054466230939,0.8379053376906319,4,True
vehicle,ga,16,0.9,0.8550054466230939,0.7695049019607845,1,True
vehicle,ga,16,0.95,0.8550054466230939,0.8122551742919392,11,True
vehicle,ga,16,0.98,0.8550054466230939,0.8379053376906319,86,True
vehicle,ga,17,0.9,0.8550054466230939,0.7695049019607845,1,True
vehicle,ga,17,0.95,0.8550054466230939,0.8122551742919392,1,True
vehicle,ga,17,0.98,0.8550054466230939,0.8379053376906319,20,True
vehicle,ga,18,0.9,0.8550054466230939,0.7695049019607845,3,True
vehicle,ga,18,0.95,0.8550054466230939,0.8122551742919392,4,True
vehicle,ga,18,0.98,0.8550054466230939,0.8379053376906319,26,True
vehicle,ga,19,0.9,0.8550054466230939,0.7695049019607845,4,True
vehicle,ga,19,0.95,0.8550054466230939,0.8122551742919392,4,True
vehicle,ga,19,0.98,0.8550054466230939,0.8379053376906319,20,True
vehicle,ga,20,0.9,0.8550054466230939,0.7695049019607845,5,True
vehicle,ga,20,0.95,0.8550054466230939,0.8122551742919392,5,True
vehicle,ga,20,0.98,0.8550054466230939,0.8379053376906319,29,True
vehicle,ga,21,0.9,0.8550054466230939,0.7695049019607845,1,True
vehicle,ga,21,0.95,0.8550054466230939,0.8122551742919392,1,True
vehicle,ga,21,0.98,0.8550054466230939,0.8379053376906319,21,True
vehicle,ga,22,0.9,0.8550054466230939,0.7695049019607845,13,True
vehicle,ga,22,0.95,0.8550054466230939,0.8122551742919392,13,True
vehicle,ga,22,0.98,0.8550054466230939,0.8379053376906319,87,True
vehicle,ga,23,0.9,0.8550054466230939,0.7695049019607845,1,True
vehicle,ga,23,0.95,0.8550054466230939,0.8122551742919392,1,True
vehicle,ga,23,0.98,0.8550054466230939,0.8379053376906319,5,True
vehicle,ga,24,0.9,0.8550054466230939,0.7695049019607845,2,True
vehicle,ga,24,0.95,0.8550054466230939,0.8122551742919392,2,True
vehicle,ga,24,0.98,0.8550054466230939,0.8379053376906319,25,True
vehicle,ga,25,0.9,0.8550054466230939,0.7695049019607845,12,True
vehicle,ga,25,0.95,0.8550054466230939,0.8122551742919392,12,True
vehicle,ga,25,0.98,0.8550054466230939,0.8379053376906319,12,True
vehicle,ga,26,0.9,0.8550054466230939,0.7695049019607845,3,True
vehicle,ga,26,0.95,0.8550054466230939,0.8122551742919392,3,True
vehicle,ga,26,0.98,0.8550054466230939,0.8379053376906319,20,True
vehicle,ga,27,0.9,0.8550054466230939,0.7695049019607845,1,True
vehicle,ga,27,0.95,0.8550054466230939,0.8122551742919392,1,True
vehicle,ga,27,0.98,0.8550054466230939,0.8379053376906319,10,True
vehicle,ga,28,0.9,0.8550054466230939,0.7695049019607845,2,True
vehicle,ga,28,0.95,0.8550054466230939,0.8122551742919392,8,True
vehicle,ga,28,0.98,0.8550054466230939,0.8379053376906319,8,True
vehicle,ga,29,0.9,0.8550054466230939,0.7695049019607845,6,True
vehicle,ga,29,0.95,0.8550054466230939,0.8122551742919392,9,True
vehicle,ga,29,0.98,0.8550054466230939,0.8379053376906319,101,False
vehicle,grid,0,0.9,0.8550054466230939,0.7695049019607845,2,True
vehicle,grid,0,0.95,0.8550054466230939,0.8122551742919392,4,True
vehicle,grid,0,0.98,0.8550054466230939,0.8379053376906319,4,True
vehicle,grid,1,0.9,0.8550054466230939,0.7695049019607845,1,True
vehicle,grid,1,0.95,0.8550054466230939,0.8122551742919392,2,True
vehicle,grid,1,0.98,0.8550054466230939,0.8379053376906319,60,True
vehicle,grid,2,0.9,0.8550054466230939,0.7695049019607845,1,True
vehicle,grid,2,0.95,0.8550054466230939,0.8122551742919392,1,True
vehicle,grid,2,0.98,0.8550054466230939,0.8379053376906319,90,True
vehicle,grid,3,0.9,0.8550054466230939,0.7695049019607845,1,True
vehicle,grid,3,0.95,0.8550054466230939,0.8122551742919392,1,True
vehicle,grid,3,0.98,0.8550054466230939,0.8379053376906319,4,True
vehicle,grid,4,0.9,0.8550054466230939,0.7695049019607845,3,True
vehicle,grid,4,0.95,0.8550054466230939,0.8122551742919392,3,True
vehicle,grid,4,0.98,0.8550054466230939,0.8379053376906319,13,True
vehicle,grid,5,0.9,0.8550054466230939,0.7695049019607845,1,True
vehicle,grid,5,0.95,0.8550054466230939,0.8122551742919392,5,True
vehicle,grid,5,0.98,0.8550054466230939,0.8379053376906319,5,True
vehicle,grid,6,0.9,0.8550054466230939,0.7695049019607845,4,True
vehicle,grid,6,0.95,0.8550054466230939,0.8122551742919392,4,True
vehicle,grid,6,0.98,0.8550054466230939,0.8379053376906319,20,True
vehicle,grid,7,0.9,0.8550054466230939,0.7695049019607845,4,True
vehicle,grid,7,0.95,0.8550054466230939,0.8122551742919392,7,True
vehicle,grid,7,0.98,0.8550054466230939,0.8379053376906319,29,True
vehicle,grid,8,0.9,0.8550054466230939,0.7695049019607845,4,True
vehicle,grid,8,0.95,0.8550054466230939,0.8122551742919392,5,True
vehicle,grid,8,0.98,0.8550054466230939,0.8379053376906319,67,True
vehicle,grid,9,0.9,0.8550054466230939,0.7695049019607845,1,True
vehicle,grid,9,0.95,0.8550054466230939,0.8122551742919392,1,True
vehicle,grid,9,0.98,0.8550054466230939,0.8379053376906319,10,True
vehicle,grid,10,0.9,0.8550054466230939,0.7695049019607845,5,True
vehicle,grid,10,0.95,0.8550054466230939,0.8122551742919392,15,True
vehicle,grid,10,0.98,0.8550054466230939,0.8379053376906319,15,True
vehicle,grid,11,0.9,0.8550054466230939,0.7695049019607845,1,True
vehicle,grid,11,0.95,0.8550054466230939,0.8122551742919392,13,True
vehicle,grid,11,0.98,0.8550054466230939,0.8379053376906319,13,True
vehicle,grid,12,0.9,0.8550054466230939,0.7695049019607845,3,True
vehicle,grid,12,0.95,0.8550054466230939,0.8122551742919392,21,True
vehicle,grid,12,0.98,0.8550054466230939,0.8379053376906319,21,True
vehicle,grid,13,0.9,0.8550054466230939,0.7695049019607845,2,True
vehicle,grid,13,0.95,0.8550054466230939,0.8122551742919392,3,True
vehicle,grid,13,0.98,0.8550054466230939,0.8379053376906319,27,True
vehicle,grid,14,0.9,0.8550054466230939,0.7695049019607845,3,True
vehicle,grid,14,0.95,0.8550054466230939,0.8122551742919392,5,True
vehicle,grid,14,0.98,0.8550054466230939,0.8379053376906319,101,False
vehicle,grid,15,0.9,0.8550054466230939,0.7695049019607845,1,True
vehicle,grid,15,0.95,0.8550054466230939,0.8122551742919392,1,True
vehicle,grid,15,0.98,0.8550054466230939,0.8379053376906319,24,True
vehicle,grid,16,0.9,0.8550054466230939,0.7695049019607845,3,True
vehicle,grid,16,0.95,0.8550054466230939,0.8122551742919392,7,True
vehicle,grid,16,0.98,0.8550054466230939,0.8379053376906319,18,True
vehicle,grid,17,0.9,0.8550054466230939,0.7695049019607845,1,True
vehicle,grid,17,0.95,0.8550054466230939,0.8122551742919392,5,True
vehicle,grid,17,0.98,0.8550054466230939,0.8379053376906319,5,True
vehicle,grid,18,0.9,0.8550054466230939,0.7695049019607845,1,True
vehicle,grid,18,0.95,0.8550054466230939,0.8122551742919392,4,True
vehicle,grid,18,0.98,0.8550054466230939,0.8379053376906319,15,True
vehicle,grid,19,0.9,0.8550054466230939,0.7695049019607845,1,True
vehicle,grid,19,0.95,0.8550054466230939,0.8122551742919392,1,True
vehicle,grid,19,0.98,0.8550054466230939,0.8379053376906319,40,True
vehicle,grid,20,0.9,0.8550054466230939,0.7695049019607845,2,True
vehicle,grid,20,0.95,0.8550054466230939,0.8122551742919392,2,True
vehicle,grid,20,0.98,0.8550054466230939,0.8379053376906319,2,True
vehicle,grid,21,0.9,0.8550054466230939,0.7695049019607845,2,True
vehicle,grid,21,0.95,0.8550054466230939,0.8122551742919392,3,True
vehicle,grid,21,0.98,0.8550054466230939,0.8379053376906319,3,True
vehicle,grid,22,0.9,0.8550054466230939,0.7695049019607845,3,True
vehicle,grid,22,0.95,0.8550054466230939,0.8122551742919392,3,True
vehicle,grid,22,0.98,0.8550054466230939,0.8379053376906319,74,True
vehicle,grid,23,0.9,0.8550054466230939,0.7695049019607845,3,True
vehicle,grid,23,0.95,0.8550054466230939,0.8122551742919392,8,True
vehicle,grid,23,0.98,0.8550054466230939,0.8379053376906319,21,True
vehicle,grid,24,0.9,0.8550054466230939,0.7695049019607845,4,True
vehicle,grid,24,0.95,0.8550054466230939,0.8122551742919392,12,True
vehicle,grid,24,0.98,0.8550054466230939,0.8379053376906319,12,True
vehicle,grid,25,0.9,0.8550054466230939,0.7695049019607845,4,True
vehicle,grid,25,0.95,0.8550054466230939,0.8122551742919392,4,True
vehicle,grid,25,0.98,0.8550054466230939,0.8379053376906319,4,True
vehicle,grid,26,0.9,0.8550054466230939,0.7695049019607845,3,True
vehicle,grid,26,0.95,0.8550054466230939,0.8122551742919392,3,True
vehicle,grid,26,0.98,0.8550054466230939,0.8379053376906319,3,True
vehicle,grid,27,0.9,0.8550054466230939,0.7695049019607845,6,True
vehicle,grid,27,0.95,0.8550054466230939,0.8122551742919392,6,True
vehicle,grid,27,0.98,0.8550054466230939,0.8379053376906319,11,True
vehicle,grid,28,0.9,0.8550054466230939,0.7695049019607845,4,True
vehicle,grid,28,0.95,0.8550054466230939,0.8122551742919392,10,True
vehicle,grid,28,0.98,0.8550054466230939,0.8379053376906319,12,True
vehicle,grid,29,0.9,0.8550054466230939,0.7695049019607845,1,True
vehicle,grid,29,0.95,0.8550054466230939,0.8122551742919392,1,True
vehicle,grid,29,0.98,0.8550054466230939,0.8379053376906319,101,False
vehicle,pso,0,0.9,0.8550054466230939,0.7695049019607845,1,True
vehicle,pso,0,0.95,0.8550054466230939,0.8122551742919392,1,True
vehicle,pso,0,0.98,0.8550054466230939,0.8379053376906319,34,True
vehicle,pso,1,0.9,0.8550054466230939,0.7695049019607845,5,True
vehicle,pso,1,0.95,0.8550054466230939,0.8122551742919392,5,True
vehicle,pso,1,0.98,0.8550054466230939,0.8379053376906319,11,True
vehicle,pso,2,0.9,0.8550054466230939,0.7695049019607845,1,True
vehicle,pso,2,0.95,0.8550054466230939,0.8122551742919392,2,True
vehicle,pso,2,0.98,0.8550054466230939,0.8379053376906319,45,True
vehicle,pso,3,0.9,0.8550054466230939,0.7695049019607845,5,True
vehicle,pso,3,0.95,0.8550054466230939,0.8122551742919392,5,True
vehicle,pso,3,0.98,0.8550054466230939,0.8379053376906319,19,True
vehicle,pso,4,0.9,0.8550054466230939,0.7695049019607845,1,True
vehicle,pso,4,0.95,0.8550054466230939,0.8122551742919392,1,True
vehicle,pso,4,0.98,0.8550054466230939,0.8379053376906319,1,True
vehicle,pso,5,0.9,0.8550054466230939,0.7695049019607845,1,True
vehicle,pso,5,0.95,0.8550054466230939,0.8122551742919392,12,True
vehicle,pso,5,0.98,0.8550054466230939,0.8379053376906319,18,True
vehicle,pso,6,0.9,0.8550054466230939,0.7695049019607845,1,True
vehicle,pso,6,0.95,0.8550054466230939,0.8122551742919392,9,True
vehicle,pso,6,0.98,0.8550054466230939,0.8379053376906319,19,True
vehicle,pso,7,0.9,0.8550054466230939,0.7695049019607845,3,True
vehicle,pso,7,0.95,0.8550054466230939,0.8122551742919392,3,True
vehicle,pso,7,0.98,0.8550054466230939,0.8379053376906319,23,True
vehicle,pso,8,0.9,0.8550054466230939,0.7695049019607845,1,True
vehicle,pso,8,0.95,0.8550054466230939,0.8122551742919392,3,True
vehicle,pso,8,0.98,0.8550054466230939,0.8379053376906319,101,False
vehicle,pso,9,0.9,0.8550054466230939,0.7695049019607845,3,True
vehicle,pso,9,0.95,0.8550054466230939,0.8122551742919392,3,True
vehicle,pso,9,0.98,0.8550054466230939,0.8379053376906319,23,True
vehicle,pso,10,0.9,0.8550054466230939,0.7695049019607845,3,True
vehicle,pso,10,0.95,0.8550054466230939,0.8122551742919392,9,True
vehicle,pso,10,0.98,0.8550054466230939,0.8379053376906319,9,True
vehicle,pso,11,0.9,0.8550054466230939,0.7695049019607845,2,True
vehicle,pso,11,0.95,0.8550054466230939,0.8122551742919392,2,True
vehicle,pso,11,0.98,0.8550054466230939,0.8379053376906319,2,True
vehicle,pso,12,0.9,0.8550054466230939,0.7695049019607845,2,True
vehicle,pso,12,0.95,0.8550054466230939,0.8122551742919392,4,True
vehicle,pso,12,0.98,0.8550054466230939,0.8379053376906319,16,True
vehicle,pso,13,0.9,0.8550054466230939,0.7695049019607845,1,True
vehicle,pso,13,0.95,0.8550054466230939,0.8122551742919392,1,True
vehicle,pso,13,0.98,0.8550054466230939,0.8379053376906319,21,True
vehicle,pso,14,0.9,0.8550054466230939,0.7695049019607845,1,True
vehicle,pso,14,0.95,0.8550054466230939,0.8122551742919392,1,True
vehicle,pso,14,0.98,0.8550054466230939,0.8379053376906319,70,True
vehicle,pso,15,0.9,0.8550054466230939,0.7695049019607845,11,True
vehicle,pso,15,0.95,0.8550054466230939,0.8122551742919392,11,True
vehicle,pso,15,0.98,0.8550054466230939,0.8379053376906319,11,True
vehicle,pso,16,0.9,0.8550054466230939,0.7695049019607845,3,True
vehicle,pso,16,0.95,0.8550054466230939,0.8122551742919392,11,True
vehicle,pso,16,0.98,0.8550054466230939,0.8379053376906319,30,True
vehicle,pso,17,0.9,0.8550054466230939,0.7695049019607845,5,True
vehicle,pso,17,0.95,0.8550054466230939,0.8122551742919392,5,True
vehicle,pso,17,0.98,0.8550054466230939,0.8379053376906319,5,True
vehicle,pso,18,0.9,0.8550054466230939,0.7695049019607845,3,True
vehicle,pso,18,0.95,0.8550054466230939,0.8122551742919392,3,True
vehicle,pso,18,0.98,0.8550054466230939,0.8379053376906319,13,True
vehicle,pso,19,0.9,0.8550054466230939,0.7695049019607845,2,True
vehicle,pso,19,0.95,0.8550054466230939,0.8122551742919392,2,True
vehicle,pso,19,0.98,0.8550054466230939,0.8379053376906319,37,True
vehicle,pso,20,0.9,0.8550054466230939,0.7695049019607845,7,True
vehicle,pso,20,0.95,0.8550054466230939,0.8122551742919392,12,True
vehicle,pso,20,0.98,0.8550054466230939,0.8379053376906319,33,True
vehicle,pso,21,0.9,0.8550054466230939,0.7695049019607845,1,True
vehicle,pso,21,0.95,0.8550054466230939,0.8122551742919392,1,True
vehicle,pso,21,0.98,0.8550054466230939,0.8379053376906319,1,True
vehicle,pso,22,0.9,0.8550054466230939,0.7695049019607845,1,True
vehicle,pso,22,0.95,0.8550054466230939,0.8122551742919392,2,True
vehicle,pso,22,0.98,0.8550054466230939,0.8379053376906319,13,True
vehicle,pso,23,0.9,0.8550054466230939,0.7695049019607845,5,True
vehicle,pso,23,0.95,0.8550054466230939,0.8122551742919392,6,True
vehicle,pso,23,0.98,0.8550054466230939,0.8379053376906319,6,True
vehicle,pso,24,0.9,0.8550054466230939,0.7695049019607845,2,True
vehicle,pso,24,0.95,0.8550054466230939,0.8122551742919392,2,True
vehicle,pso,24,0.98,0.8550054466230939,0.8379053376906319,7,True
vehicle,pso,25,0.9,0.8550054466230939,0.7695049019607845,2,True
vehicle,pso,25,0.95,0.8550054466230939,0.8122551742919392,2,True
vehicle,pso,25,0.98,0.8550054466230939,0.8379053376906319,2,True
vehicle,pso,26,0.9,0.8550054466230939,0.7695049019607845,1,True
vehicle,pso,26,0.95,0.8550054466230939,0.8122551742919392,5,True
vehicle,pso,26,0.98,0.8550054466230939,0.8379053376906319,13,True
vehicle,pso,27,0.9,0.8550054466230939,0.7695049019607845,1,True
vehicle,pso,27,0.95,0.8550054466230939,0.8122551742919392,6,True
vehicle,pso,27,0.98,0.8550054466230939,0.8379053376906319,7,True
vehicle,pso,28,0.9,0.8550054466230939,0.7695049019607845,8,True
vehicle,pso,28,0.95,0.8550054466230939,0.8122551742919392,8,True
vehicle,pso,28,0.98,0.8550054466230939,0.8379053376906319,28,True
vehicle,pso,29,0.9,0.8550054466230939,0.7695049019607845,5,True
vehicle,pso,29,0.95,0.8550054466230939,0.8122551742919392,5,True
vehicle,pso,29,0.98,0.8550054466230939,0.8379053376906319,101,False
vehicle,random,0,0.9,0.8550054466230939,0.7695049019607845,2,True
vehicle,random,0,0.95,0.8550054466230939,0.8122551742919392,2,True
vehicle,random,0,0.98,0.8550054466230939,0.8379053376906319,2,True
vehicle,random,1,0.9,0.8550054466230939,0.7695049019607845,5,True
vehicle,random,1,0.95,0.8550054466230939,0.8122551742919392,9,True
vehicle,random,1,0.98,0.8550054466230939,0.8379053376906319,34,True
vehicle,random,2,0.9,0.8550054466230939,0.7695049019607845,2,True
vehicle,random,2,0.95,0.8550054466230939,0.8122551742919392,2,True
vehicle,random,2,0.98,0.8550054466230939,0.8379053376906319,60,True
vehicle,random,3,0.9,0.8550054466230939,0.7695049019607845,7,True
vehicle,random,3,0.95,0.8550054466230939,0.8122551742919392,7,True
vehicle,random,3,0.98,0.8550054466230939,0.8379053376906319,35,True
vehicle,random,4,0.9,0.8550054466230939,0.7695049019607845,1,True
vehicle,random,4,0.95,0.8550054466230939,0.8122551742919392,1,True
vehicle,random,4,0.98,0.8550054466230939,0.8379053376906319,1,True
vehicle,random,5,0.9,0.8550054466230939,0.7695049019607845,3,True
vehicle,random,5,0.95,0.8550054466230939,0.8122551742919392,3,True
vehicle,random,5,0.98,0.8550054466230939,0.8379053376906319,24,True
vehicle,random,6,0.9,0.8550054466230939,0.7695049019607845,1,True
vehicle,random,6,0.95,0.8550054466230939,0.8122551742919392,1,True
vehicle,random,6,0.98,0.8550054466230939,0.8379053376906319,1,True
vehicle,random,7,0.9,0.8550054466230939,0.7695049019607845,3,True
vehicle,random,7,0.95,0.8550054466230939,0.8122551742919392,3,True
vehicle,random,7,0.98,0.8550054466230939,0.8379053376906319,3,True
vehicle,random,8,0.9,0.8550054466230939,0.7695049019607845,2,True
vehicle,random,8,0.95,0.8550054466230939,0.8122551742919392,2,True
vehicle,random,8,0.98,0.8550054466230939,0.8379053376906319,101,False
vehicle,random,9,0.9,0.8550054466230939,0.7695049019607845,7,True
vehicle,random,9,0.95,0.8550054466230939,0.8122551742919392,8,True
vehicle,random,9,0.98,0.8550054466230939,0.8379053376906319,12,True
vehicle,random,10,0.9,0.8550054466230939,0.7695049019607845,8,True
vehicle,random,10,0.95,0.8550054466230939,0.8122551742919392,8,True
vehicle,random,10,0.98,0.8550054466230939,0.8379053376906319,14,True
vehicle,random,11,0.9,0.8550054466230939,0.7695049019607845,2,True
vehicle,random,11,0.95,0.8550054466230939,0.8122551742919392,3,True
vehicle,random,11,0.98,0.8550054466230939,0.8379053376906319,19,True
vehicle,random,12,0.9,0.8550054466230939,0.7695049019607845,4,True
vehicle,random,12,0.95,0.8550054466230939,0.8122551742919392,9,True
vehicle,random,12,0.98,0.8550054466230939,0.8379053376906319,33,True
vehicle,random,13,0.9,0.8550054466230939,0.7695049019607845,1,True
vehicle,random,13,0.95,0.8550054466230939,0.8122551742919392,1,True
vehicle,random,13,0.98,0.8550054466230939,0.8379053376906319,11,True
vehicle,random,14,0.9,0.8550054466230939,0.7695049019607845,2,True
vehicle,random,14,0.95,0.8550054466230939,0.8122551742919392,6,True
vehicle,random,14,0.98,0.8550054466230939,0.8379053376906319,6,True
vehicle,random,15,0.9,0.8550054466230939,0.7695049019607845,1,True
vehicle,random,15,0.95,0.8550054466230939,0.8122551742919392,6,True
vehicle,random,15,0.98,0.8550054466230939,0.8379053376906319,11,True
vehicle,random,16,0.9,0.8550054466230939,0.7695049019607845,4,True
vehicle,random,16,0.95,0.8550054466230939,0.8122551742919392,9,True
vehicle,random,16,0.98,0.8550054466230939,0.8379053376906319,47,True
vehicle,random,17,0.9,0.8550054466230939,0.7695049019607845,3,True
vehicle,random,17,0.95,0.8550054466230939,0.8122551742919392,4,True
vehicle,random,17,0.98,0.8550054466230939,0.8379053376906319,40,True
vehicle,random,18,0.9,0.8550054466230939,0.7695049019607845,1,True
vehicle,random,18,0.95,0.8550054466230939,0.8122551742919392,1,True
vehicle,random,18,0.98,0.8550054466230939,0.8379053376906319,37,True
vehicle,random,19,0.9,0.8550054466230939,0.7695049019607845,5,True
vehicle,random,19,0.95,0.8550054466230939,0.8122551742919392,5,True
vehicle,random,19,0.98,0.8550054466230939,0.8379053376906319,17,True
vehicle,random,20,0.9,0.8550054466230939,0.7695049019607845,4,True
vehicle,random,20,0.95,0.8550054466230939,0.8122551742919392,13,True
vehicle,random,20,0.98,0.8550054466230939,0.8379053376906319,13,True
vehicle,random,21,0.9,0.8550054466230939,0.7695049019607845,5,True
vehicle,random,21,0.95,0.8550054466230939,0.8122551742919392,10,True
vehicle,random,21,0.98,0.8550054466230939,0.8379053376906319,10,True
vehicle,random,22,0.9,0.8550054466230939,0.7695049019607845,4,True
vehicle,random,22,0.95,0.8550054466230939,0.8122551742919392,13,True
vehicle,random,22,0.98,0.8550054466230939,0.8379053376906319,87,True
vehicle,random,23,0.9,0.8550054466230939,0.7695049019607845,2,True
vehicle,random,23,0.95,0.8550054466230939,0.8122551742919392,2,True
vehicle,random,23,0.98,0.8550054466230939,0.8379053376906319,7,True
vehicle,random,24,0.9,0.8550054466230939,0.7695049019607845,1,True
vehicle,random,24,0.95,0.8550054466230939,0.8122551742919392,2,True
vehicle,random,24,0.98,0.8550054466230939,0.8379053376906319,4,True
vehicle,random,25,0.9,0.8550054466230939,0.7695049019607845,1,True
vehicle,random,25,0.95,0.8550054466230939,0.8122551742919392,1,True
vehicle,random,25,0.98,0.8550054466230939,0.8379053376906319,13,True
vehicle,random,26,0.9,0.8550054466230939,0.7695049019607845,1,True
vehicle,random,26,0.95,0.8550054466230939,0.8122551742919392,3,True
vehicle,random,26,0.98,0.8550054466230939,0.8379053376906319,10,True
vehicle,random,27,0.9,0.8550054466230939,0.7695049019607845,4,True
vehicle,random,27,0.95,0.8550054466230939,0.8122551742919392,4,True
vehicle,random,27,0.98,0.8550054466230939,0.8379053376906319,18,True
vehicle,random,28,0.9,0.8550054466230939,0.7695049019607845,1,True
vehicle,random,28,0.95,0.8550054466230939,0.8122551742919392,1,True
vehicle,random,28,0.98,0.8550054466230939,0.8379053376906319,3,True
vehicle,random,29,0.9,0.8550054466230939,0.7695049019607845,1,True
vehicle,random,29,0.95,0.8550054466230939,0.8122551742919392,1,True
vehicle,random,29,0.98,0.8550054466230939,0.8379053376906319,101,False
vehicle,sa,0,0.9,0.8550054466230939,0.7695049019607845,8,True
vehicle,sa,0,0.95,0.8550054466230939,0.8122551742919392,30,True
vehicle,sa,0,0.98,0.8550054466230939,0.8379053376906319,34,True
vehicle,sa,1,0.9,0.8550054466230939,0.7695049019607845,2,True
vehicle,sa,1,0.95,0.8550054466230939,0.8122551742919392,24,True
vehicle,sa,1,0.98,0.8550054466230939,0.8379053376906319,28,True
vehicle,sa,2,0.9,0.8550054466230939,0.7695049019607845,17,True
vehicle,sa,2,0.95,0.8550054466230939,0.8122551742919392,22,True
vehicle,sa,2,0.98,0.8550054466230939,0.8379053376906319,44,True
vehicle,sa,3,0.9,0.8550054466230939,0.7695049019607845,2,True
vehicle,sa,3,0.95,0.8550054466230939,0.8122551742919392,2,True
vehicle,sa,3,0.98,0.8550054466230939,0.8379053376906319,64,True
vehicle,sa,4,0.9,0.8550054466230939,0.7695049019607845,1,True
vehicle,sa,4,0.95,0.8550054466230939,0.8122551742919392,1,True
vehicle,sa,4,0.98,0.8550054466230939,0.8379053376906319,1,True
vehicle,sa,5,0.9,0.8550054466230939,0.7695049019607845,8,True
vehicle,sa,5,0.95,0.8550054466230939,0.8122551742919392,8,True
vehicle,sa,5,0.98,0.8550054466230939,0.8379053376906319,12,True
vehicle,sa,6,0.9,0.8550054466230939,0.7695049019607845,1,True
vehicle,sa,6,0.95,0.8550054466230939,0.8122551742919392,1,True
vehicle,sa,6,0.98,0.8550054466230939,0.8379053376906319,1,True
vehicle,sa,7,0.9,0.8550054466230939,0.7695049019607845,8,True
vehicle,sa,7,0.95,0.8550054466230939,0.8122551742919392,26,True
vehicle,sa,7,0.98,0.8550054466230939,0.8379053376906319,71,True
vehicle,sa,8,0.9,0.8550054466230939,0.7695049019607845,5,True
vehicle,sa,8,0.95,0.8550054466230939,0.8122551742919392,9,True
vehicle,sa,8,0.98,0.8550054466230939,0.8379053376906319,17,True
vehicle,sa,9,0.9,0.8550054466230939,0.7695049019607845,7,True
vehicle,sa,9,0.95,0.8550054466230939,0.8122551742919392,8,True
vehicle,sa,9,0.98,0.8550054466230939,0.8379053376906319,11,True
vehicle,sa,10,0.9,0.8550054466230939,0.7695049019607845,2,True
vehicle,sa,10,0.95,0.8550054466230939,0.8122551742919392,9,True
vehicle,sa,10,0.98,0.8550054466230939,0.8379053376906319,9,True
vehicle,sa,11,0.9,0.8550054466230939,0.7695049019607845,19,True
vehicle,sa,11,0.95,0.8550054466230939,0.8122551742919392,22,True
vehicle,sa,11,0.98,0.8550054466230939,0.8379053376906319,23,True
vehicle,sa,12,0.9,0.8550054466230939,0.7695049019607845,4,True
vehicle,sa,12,0.95,0.8550054466230939,0.8122551742919392,6,True
vehicle,sa,12,0.98,0.8550054466230939,0.8379053376906319,24,True
vehicle,sa,13,0.9,0.8550054466230939,0.7695049019607845,1,True
vehicle,sa,13,0.95,0.8550054466230939,0.8122551742919392,1,True
vehicle,sa,13,0.98,0.8550054466230939,0.8379053376906319,15,True
vehicle,sa,14,0.9,0.8550054466230939,0.7695049019607845,5,True
vehicle,sa,14,0.95,0.8550054466230939,0.8122551742919392,5,True
vehicle,sa,14,0.98,0.8550054466230939,0.8379053376906319,95,True
vehicle,sa,15,0.9,0.8550054466230939,0.7695049019607845,1,True
vehicle,sa,15,0.95,0.8550054466230939,0.8122551742919392,2,True
vehicle,sa,15,0.98,0.8550054466230939,0.8379053376906319,13,True
vehicle,sa,16,0.9,0.8550054466230939,0.7695049019607845,25,True
vehicle,sa,16,0.95,0.8550054466230939,0.8122551742919392,26,True
vehicle,sa,16,0.98,0.8550054466230939,0.8379053376906319,54,True
vehicle,sa,17,0.9,0.8550054466230939,0.7695049019607845,2,True
vehicle,sa,17,0.95,0.8550054466230939,0.8122551742919392,8,True
vehicle,sa,17,0.98,0.8550054466230939,0.8379053376906319,8,True
vehicle,sa,18,0.9,0.8550054466230939,0.7695049019607845,1,True
vehicle,sa,18,0.95,0.8550054466230939,0.8122551742919392,1,True
vehicle,sa,18,0.98,0.8550054466230939,0.8379053376906319,5,True
vehicle,sa,19,0.9,0.8550054466230939,0.7695049019607845,8,True
vehicle,sa,19,0.95,0.8550054466230939,0.8122551742919392,11,True
vehicle,sa,19,0.98,0.8550054466230939,0.8379053376906319,37,True
vehicle,sa,20,0.9,0.8550054466230939,0.7695049019607845,2,True
vehicle,sa,20,0.95,0.8550054466230939,0.8122551742919392,6,True
vehicle,sa,20,0.98,0.8550054466230939,0.8379053376906319,39,True
vehicle,sa,21,0.9,0.8550054466230939,0.7695049019607845,19,True
vehicle,sa,21,0.95,0.8550054466230939,0.8122551742919392,24,True
vehicle,sa,21,0.98,0.8550054466230939,0.8379053376906319,26,True
vehicle,sa,22,0.9,0.8550054466230939,0.7695049019607845,13,True
vehicle,sa,22,0.95,0.8550054466230939,0.8122551742919392,21,True
vehicle,sa,22,0.98,0.8550054466230939,0.8379053376906319,48,True
vehicle,sa,23,0.9,0.8550054466230939,0.7695049019607845,5,True
vehicle,sa,23,0.95,0.8550054466230939,0.8122551742919392,7,True
vehicle,sa,23,0.98,0.8550054466230939,0.8379053376906319,7,True
vehicle,sa,24,0.9,0.8550054466230939,0.7695049019607845,1,True
vehicle,sa,24,0.95,0.8550054466230939,0.8122551742919392,3,True
vehicle,sa,24,0.98,0.8550054466230939,0.8379053376906319,4,True
vehicle,sa,25,0.9,0.8550054466230939,0.7695049019607845,1,True
vehicle,sa,25,0.95,0.8550054466230939,0.8122551742919392,1,True
vehicle,sa,25,0.98,0.8550054466230939,0.8379053376906319,2,True
vehicle,sa,26,0.9,0.8550054466230939,0.7695049019607845,1,True
vehicle,sa,26,0.95,0.8550054466230939,0.8122551742919392,4,True
vehicle,sa,26,0.98,0.8550054466230939,0.8379053376906319,5,True
vehicle,sa,27,0.9,0.8550054466230939,0.7695049019607845,6,True
vehicle,sa,27,0.95,0.8550054466230939,0.8122551742919392,8,True
vehicle,sa,27,0.98,0.8550054466230939,0.8379053376906319,14,True
vehicle,sa,28,0.9,0.8550054466230939,0.7695049019607845,1,True
vehicle,sa,28,0.95,0.8550054466230939,0.8122551742919392,1,True
vehicle,sa,28,0.98,0.8550054466230939,0.8379053376906319,2,True
vehicle,sa,29,0.9,0.8550054466230939,0.7695049019607845,1,True
vehicle,sa,29,0.95,0.8550054466230939,0.8122551742919392,1,True
vehicle,sa,29,0.98,0.8550054466230939,0.8379053376906319,101,False
vehicle,sh,0,0.9,0.8550054466230939,0.7695049019607845,10,True
vehicle,sh,0,0.95,0.8550054466230939,0.8122551742919392,10,True
vehicle,sh,0,0.98,0.8550054466230939,0.8379053376906319,11,True
vehicle,sh,1,0.9,0.8550054466230939,0.7695049019607845,10,True
vehicle,sh,1,0.95,0.8550054466230939,0.8122551742919392,23,True
vehicle,sh,1,0.98,0.8550054466230939,0.8379053376906319,71,True
vehicle,sh,2,0.9,0.8550054466230939,0.7695049019607845,10,True
vehicle,sh,2,0.95,0.8550054466230939,0.8122551742919392,10,True
vehicle,sh,2,0.98,0.8550054466230939,0.8379053376906319,23,True
vehicle,sh,3,0.9,0.8550054466230939,0.7695049019607845,10,True
vehicle,sh,3,0.95,0.8550054466230939,0.8122551742919392,10,True
vehicle,sh,3,0.98,0.8550054466230939,0.8379053376906319,101,False
vehicle,sh,4,0.9,0.8550054466230939,0.7695049019607845,10,True
vehicle,sh,4,0.95,0.8550054466230939,0.8122551742919392,22,True
vehicle,sh,4,0.98,0.8550054466230939,0.8379053376906319,36,True
vehicle,sh,5,0.9,0.8550054466230939,0.7695049019607845,10,True
vehicle,sh,5,0.95,0.8550054466230939,0.8122551742919392,10,True
vehicle,sh,5,0.98,0.8550054466230939,0.8379053376906319,10,True
vehicle,sh,6,0.9,0.8550054466230939,0.7695049019607845,10,True
vehicle,sh,6,0.95,0.8550054466230939,0.8122551742919392,10,True
vehicle,sh,6,0.98,0.8550054466230939,0.8379053376906319,12,True
vehicle,sh,7,0.9,0.8550054466230939,0.7695049019607845,10,True
vehicle,sh,7,0.95,0.8550054466230939,0.8122551742919392,10,True
vehicle,sh,7,0.98,0.8550054466230939,0.8379053376906319,12,True
vehicle,sh,8,0.9,0.8550054466230939,0.7695049019607845,10,True
vehicle,sh,8,0.95,0.8550054466230939,0.8122551742919392,10,True
vehicle,sh,8,0.98,0.8550054466230939,0.8379053376906319,34,True
vehicle,sh,9,0.9,0.8550054466230939,0.7695049019607845,10,True
vehicle,sh,9,0.95,0.8550054466230939,0.8122551742919392,10,True
vehicle,sh,9,0.98,0.8550054466230939,0.8379053376906319,10,True
vehicle,sh,10,0.9,0.8550054466230939,0.7695049019607845,10,True
vehicle,sh,10,0.95,0.8550054466230939,0.8122551742919392,10,True
vehicle,sh,10,0.98,0.8550054466230939,0.8379053376906319,10,True
vehicle,sh,11,0.9,0.8550054466230939,0.7695049019607845,10,True
vehicle,sh,11,0.95,0.8550054466230939,0.8122551742919392,10,True
vehicle,sh,11,0.98,0.8550054466230939,0.8379053376906319,10,True
vehicle,sh,12,0.9,0.8550054466230939,0.7695049019607845,10,True
vehicle,sh,12,0.95,0.8550054466230939,0.8122551742919392,10,True
vehicle,sh,12,0.98,0.8550054466230939,0.8379053376906319,24,True
vehicle,sh,13,0.9,0.8550054466230939,0.7695049019607845,10,True
vehicle,sh,13,0.95,0.8550054466230939,0.8122551742919392,10,True
vehicle,sh,13,0.98,0.8550054466230939,0.8379053376906319,10,True
vehicle,sh,14,0.9,0.8550054466230939,0.7695049019607845,10,True
vehicle,sh,14,0.95,0.8550054466230939,0.8122551742919392,10,True
vehicle,sh,14,0.98,0.8550054466230939,0.8379053376906319,11,True
vehicle,sh,15,0.9,0.8550054466230939,0.7695049019607845,10,True
vehicle,sh,15,0.95,0.8550054466230939,0.8122551742919392,10,True
vehicle,sh,15,0.98,0.8550054466230939,0.8379053376906319,48,True
vehicle,sh,16,0.9,0.8550054466230939,0.7695049019607845,10,True
vehicle,sh,16,0.95,0.8550054466230939,0.8122551742919392,10,True
vehicle,sh,16,0.98,0.8550054466230939,0.8379053376906319,101,False
vehicle,sh,17,0.9,0.8550054466230939,0.7695049019607845,10,True
vehicle,sh,17,0.95,0.8550054466230939,0.8122551742919392,10,True
vehicle,sh,17,0.98,0.8550054466230939,0.8379053376906319,49,True
vehicle,sh,18,0.9,0.8550054466230939,0.7695049019607845,10,True
vehicle,sh,18,0.95,0.8550054466230939,0.8122551742919392,10,True
vehicle,sh,18,0.98,0.8550054466230939,0.8379053376906319,23,True
vehicle,sh,19,0.9,0.8550054466230939,0.7695049019607845,10,True
vehicle,sh,19,0.95,0.8550054466230939,0.8122551742919392,22,True
vehicle,sh,19,0.98,0.8550054466230939,0.8379053376906319,48,True
vehicle,sh,20,0.9,0.8550054466230939,0.7695049019607845,10,True
vehicle,sh,20,0.95,0.8550054466230939,0.8122551742919392,10,True
vehicle,sh,20,0.98,0.8550054466230939,0.8379053376906319,23,True
vehicle,sh,21,0.9,0.8550054466230939,0.7695049019607845,10,True
vehicle,sh,21,0.95,0.8550054466230939,0.8122551742919392,10,True
vehicle,sh,21,0.98,0.8550054466230939,0.8379053376906319,12,True
vehicle,sh,22,0.9,0.8550054466230939,0.7695049019607845,10,True
vehicle,sh,22,0.95,0.8550054466230939,0.8122551742919392,10,True
vehicle,sh,22,0.98,0.8550054466230939,0.8379053376906319,101,False
vehicle,sh,23,0.9,0.8550054466230939,0.7695049019607845,10,True
vehicle,sh,23,0.95,0.8550054466230939,0.8122551742919392,11,True
vehicle,sh,23,0.98,0.8550054466230939,0.8379053376906319,11,True
vehicle,sh,24,0.9,0.8550054466230939,0.7695049019607845,10,True
vehicle,sh,24,0.95,0.8550054466230939,0.8122551742919392,12,True
vehicle,sh,24,0.98,0.8550054466230939,0.8379053376906319,101,False
vehicle,sh,25,0.9,0.8550054466230939,0.7695049019607845,10,True
vehicle,sh,25,0.95,0.8550054466230939,0.8122551742919392,11,True
vehicle,sh,25,0.98,0.8550054466230939,0.8379053376906319,61,True
vehicle,sh,26,0.9,0.8550054466230939,0.7695049019607845,10,True
vehicle,sh,26,0.95,0.8550054466230939,0.8122551742919392,10,True
vehicle,sh,26,0.98,0.8550054466230939,0.8379053376906319,49,True
vehicle,sh,27,0.9,0.8550054466230939,0.7695049019607845,10,True
vehicle,sh,27,0.95,0.8550054466230939,0.8122551742919392,10,True
vehicle,sh,27,0.98,0.8550054466230939,0.8379053376906319,10,True
vehicle,sh,28,0.9,0.8550054466230939,0.7695049019607845,10,True
vehicle,sh,28,0.95,0.8550054466230939,0.8122551742919392,22,True
vehicle,sh,28,0.98,0.8550054466230939,0.8379053376906319,47,True
vehicle,sh,29,0.9,0.8550054466230939,0.7695049019607845,10,True
vehicle,sh,29,0.95,0.8550054466230939,0.8122551742919392,10,True
vehicle,sh,29,0.98,0.8550054466230939,0.8379053376906319,101,False
wdbc,bo_tpe,0,0.9,0.9791208791208792,0.8812087912087913,1,True
wdbc,bo_tpe,0,0.95,0.9791208791208792,0.9301648351648352,1,True
wdbc,bo_tpe,0,0.98,0.9791208791208792,0.9595384615384616,13,True
wdbc,bo_tpe,1,0.9,0.9791208791208792,0.8812087912087913,1,True
wdbc,bo_tpe,1,0.95,0.9791208791208792,0.9301648351648352,1,True
wdbc,bo_tpe,1,0.98,0.9791208791208792,0.9595384615384616,5,True
wdbc,bo_tpe,2,0.9,0.9791208791208792,0.8812087912087913,1,True
wdbc,bo_tpe,2,0.95,0.9791208791208792,0.9301648351648352,1,True
wdbc,bo_tpe,2,0.98,0.9791208791208792,0.9595384615384616,2,True
wdbc,bo_tpe,3,0.9,0.9791208791208792,0.8812087912087913,1,True
wdbc,bo_tpe,3,0.95,0.9791208791208792,0.9301648351648352,2,True
wdbc,bo_tpe,3,0.98,0.9791208791208792,0.9595384615384616,2,True
wdbc,bo_tpe,4,0.9,0.9791208791208792,0.8812087912087913,1,True
wdbc,bo_tpe,4,0.95,0.9791208791208792,0.9301648351648352,1,True
wdbc,bo_tpe,4,0.98,0.9791208791208792,0.9595384615384616,1,True
wdbc,bo_tpe,5,0.9,0.9791208791208792,0.8812087912087913,3,True
wdbc,bo_tpe,5,0.95,0.9791208791208792,0.9301648351648352,3,True
wdbc,bo_tpe,5,0.98,0.9791208791208792,0.9595384615384616,3,True
wdbc,bo_tpe,6,0.9,0.9791208791208792,0.8812087912087913,1,True
wdbc,bo_tpe,6,0.95,0.9791208791208792,0.9301648351648352,1,True
wdbc,bo_tpe,6,0.98,0.9791208791208792,0.9595384615384616,1,True
wdbc,bo_tpe,7,0.9,0.9791208791208792,0.8812087912087913,2,True
wdbc,bo_tpe,7,0.95,0.9791208791208792,0.9301648351648352,3,True
wdbc,bo_tpe,7,0.98,0.9791208791208792,0.9595384615384616,5,True
wdbc,bo_tpe,8,0.9,0.9791208791208792,0.8812087912087913,2,True
wdbc,bo_tpe,8,0.95,0.9791208791208792,0.9301648351648352,2,True
wdbc,bo_tpe,8,0.98,0.9791208791208792,0.9595384615384616,4,True
wdbc,bo_tpe,9,0.9,0.9791208791208792,0.8812087912087913,1,True
wdbc,bo_tpe,9,0.95,0.9791208791208792,0.9301648351648352,1,True
wdbc,bo_tpe,9,0.98,0.9791208791208792,0.9595384615384616,2,True
wdbc,bo_tpe,10,0.9,0.9791208791208792,0.8812087912087913,1,True
wdbc,bo_tpe,10,0.95,0.9791208791208792,0.9301648351648352,1,True
wdbc,bo_tpe,10,0.98,0.9791208791208792,0.9595384615384616,1,True
wdbc,bo_tpe,11,0.9,0.9791208791208792,0.8812087912087913,2,True
wdbc,bo_tpe,11,0.95,0.9791208791208792,0.9301648351648352,2,True
wdbc,bo_tpe,11,0.98,0.9791208791208792,0.9595384615384616,3,True
wdbc,bo_tpe,12,0.9,0.9791208791208792,0.8812087912087913,2,True
wdbc,bo_tpe,12,0.95,0.9791208791208792,0.9301648351648352,2,True
wdbc,bo_tpe,12,0.98,0.9791208791208792,0.9595384615384616,2,True
wdbc,bo_tpe,13,0.9,0.9791208791208792,0.8812087912087913,1,True
wdbc,bo_tpe,13,0.95,0.9791208791208792,0.9301648351648352,1,True
wdbc,bo_tpe,13,0.98,0.9791208791208792,0.9595384615384616,1,True
wdbc,bo_tpe,14,0.9,0.9791208791208792,0.8812087912087913,2,True
wdbc,bo_tpe,14,0.95,0.9791208791208792,0.9301648351648352,2,True
wdbc,bo_tpe,14,0.98,0.9791208791208792,0.9595384615384616,2,True
wdbc,bo_tpe,15,0.9,0.9791208791208792,0.8812087912087913,1,True
wdbc,bo_tpe,15,0.95,0.9791208791208792,0.9301648351648352,1,True
wdbc,bo_tpe,15,0.98,0.9791208791208792,0.9595384615384616,1,True
wdbc,bo_tpe,16,0.9,0.9791208791208792,0.8812087912087913,1,True
wdbc,bo_tpe,16,0.95,0.9791208791208792,0.9301648351648352,1,True
wdbc,bo_tpe,16,0.98,0.9791208791208792,0.9595384615384616,1,True
wdbc,bo_tpe,17,0.9,0.9791208791208792,0.8812087912087913,1,True
wdbc,bo_tpe,17,0.95,0.9791208791208792,0.9301648351648352,1,True
wdbc,bo_tpe,17,0.98,0.9791208791208792,0.9595384615384616,1,True
wdbc,bo_tpe,18,0.9,0.9791208791208792,0.8812087912087913,1,True
wdbc,bo_tpe,18,0.95,0.9791208791208792,0.9301648351648352,1,True
wdbc,bo_tpe,18,0.98,0.9791208791208792,0.9595384615384616,1,True
wdbc,bo_tpe,19,0.9,0.9791208791208792,0.8812087912087913,3,True
wdbc,bo_tpe,19,0.95,0.9791208791208792,0.9301648351648352,5,True
wdbc,bo_tpe,19,0.98,0.9791208791208792,0.9595384615384616,5,True
wdbc,bo_tpe,20,0.9,0.9791208791208792,0.8812087912087913,4,True
wdbc,bo_tpe,20,0.95,0.9791208791208792,0.9301648351648352,4,True
wdbc,bo_tpe,20,0.98,0.9791208791208792,0.9595384615384616,4,True
wdbc,bo_tpe,21,0.9,0.9791208791208792,0.8812087912087913,2,True
wdbc,bo_tpe,21,0.95,0.9791208791208792,0.9301648351648352,2,True
wdbc,bo_tpe,21,0.98,0.9791208791208792,0.9595384615384616,2,True
wdbc,bo_tpe,22,0.9,0.9791208791208792,0.8812087912087913,1,True
wdbc,bo_tpe,22,0.95,0.9791208791208792,0.9301648351648352,1,True
wdbc,bo_tpe,22,0.98,0.9791208791208792,0.9595384615384616,1,True
wdbc,bo_tpe,23,0.9,0.9791208791208792,0.8812087912087913,2,True
wdbc,bo_tpe,23,0.95,0.9791208791208792,0.9301648351648352,2,True
wdbc,bo_tpe,23,0.98,0.9791208791208792,0.9595384615384616,2,True
wdbc,bo_tpe,24,0.9,0.9791208791208792,0.8812087912087913,1,True
wdbc,bo_tpe,24,0.95,0.9791208791208792,0.9301648351648352,2,True
wdbc,bo_tpe,24,0.98,0.9791208791208792,0.9595384615384616,2,True
wdbc,bo_tpe,25,0.9,0.9791208791208792,0.8812087912087913,1,True
wdbc,bo_tpe,25,0.95,0.9791208791208792,0.9301648351648352,1,True
wdbc,bo_tpe,25,0.98,0.9791208791208792,0.9595384615384616,1,True
wdbc,bo_tpe,26,0.9,0.9791208791208792,0.8812087912087913,1,True
wdbc,bo_tpe,26,0.95,0.9791208791208792,0.9301648351648352,1,True
wdbc,bo_tpe,26,0.98,0.9791208791208792,0.9595384615384616,1,True
wdbc,bo_tpe,27,0.9,0.9791208791208792,0.8812087912087913,4,True
wdbc,bo_tpe,27,0.95,0.9791208791208792,0.9301648351648352,4,True
wdbc,bo_tpe,27,0.98,0.9791208791208792,0.9595384615384616,4,True
wdbc,bo_tpe,28,0.9,0.9791208791208792,0.8812087912087913,1,True
wdbc,bo_tpe,28,0.95,0.9791208791208792,0.9301648351648352,1,True
wdbc,bo_tpe,28,0.98,0.9791208791208792,0.9595384615384616,10,True
wdbc,bo_tpe,29,0.9,0.9791208791208792,0.8812087912087913,1,True
wdbc,bo_tpe,29,0.95,0.9791208791208792,0.9301648351648352,1,True
wdbc,bo_tpe,29,0.98,0.9791208791208792,0.9595384615384616,1,True
wdbc,cuckoo,0,0.9,0.9791208791208792,0.8812087912087913,1,True
wdbc,cuckoo,0,0.95,0.9791208791208792,0.9301648351648352,1,True
wdbc,cuckoo,0,0.98,0.9791208791208792,0.9595384615384616,15,True
wdbc,cuckoo,1,0.9,0.9791208791208792,0.8812087912087913,1,True
wdbc,cuckoo,1,0.95,0.9791208791208792,0.9301648351648352,1,True
wdbc,cuckoo,1,0.98,0.9791208791208792,0.9595384615384616,5,True
wdbc,cuckoo,2,0.9,0.9791208791208792,0.8812087912087913,1,True
wdbc,cuckoo,2,0.95,0.9791208791208792,0.9301648351648352,1,True
wdbc,cuckoo,2,0.98,0.9791208791208792,0.9595384615384616,2,True
wdbc,cuckoo,3,0.9,0.9791208791208792,0.8812087912087913,1,True
wdbc,cuckoo,3,0.95,0.9791208791208792,0.9301648351648352,2,True
wdbc,cuckoo,3,0.98,0.9791208791208792,0.9595384615384616,2,True
wdbc,cuckoo,4,0.9,0.9791208791208792,0.8812087912087913,1,True
wdbc,cuckoo,4,0.95,0.9791208791208792,0.9301648351648352,1,True
wdbc,cuckoo,4,0.98,0.9791208791208792,0.9595384615384616,1,True
wdbc,cuckoo,5,0.9,0.9791208791208792,0.8812087912087913,3,True
wdbc,cuckoo,5,0.95,0.9791208791208792,0.9301648351648352,3,True
wdbc,cuckoo,5,0.98,0.9791208791208792,0.9595384615384616,3,True
wdbc,cuckoo,6,0.9,0.9791208791208792,0.8812087912087913,1,True
wdbc,cuckoo,6,0.95,0.9791208791208792,0.9301648351648352,1,True
wdbc,cuckoo,6,0.98,0.9791208791208792,0.9595384615384616,1,True
wdbc,cuckoo,7,0.9,0.9791208791208792,0.8812087912087913,2,True
wdbc,cuckoo,7,0.95,0.9791208791208792,0.9301648351648352,3,True
wdbc,cuckoo,7,0.98,0.9791208791208792,0.9595384615384616,5,True
wdbc,cuckoo,8,0.9,0.9791208791208792,0.8812087912087913,2,True
wdbc,cuckoo,8,0.95,0.9791208791208792,0.9301648351648352,2,True
wdbc,cuckoo,8,0.98,0.9791208791208792,0.9595384615384616,4,True
wdbc,cuckoo,9,0.9,0.9791208791208792,0.8812087912087913,1,True
wdbc,cuckoo,9,0.95,0.9791208791208792,0.9301648351648352,1,True
wdbc,cuckoo,9,0.98,0.9791208791208792,0.9595384615384616,2,True
wdbc,cuckoo,10,0.9,0.9791208791208792,0.8812087912087913,1,True
wdbc,cuckoo,10,0.95,0.9791208791208792,0.9301648351648352,1,True
wdbc,cuckoo,10,0.98,0.9791208791208792,0.9595384615384616,1,True
wdbc,cuckoo,11,0.9,0.9791208791208792,0.8812087912087913,2,True
wdbc,cuckoo,11,0.95,0.9791208791208792,0.9301648351648352,2,True
wdbc,cuckoo,11,0.98,0.9791208791208792,0.9595384615384616,3,True
wdbc,cuckoo,12,0.9,0.9791208791208792,0.8812087912087913,2,True
wdbc,cuckoo,12,0.95,0.9791208791208792,0.9301648351648352,2,True
wdbc,cuckoo,12,0.98,0.9791208791208792,0.9595384615384616,2,True
wdbc,cuckoo,13,0.9,0.9791208791208792,0.8812087912087913,1,True
wdbc,cuckoo,13,0.95,0.9791208791208792,0.9301648351648352,1,True
wdbc,cuckoo,13,0.98,0.9791208791208792,0.9595384615384616,1,True
wdbc,cuckoo,14,0.9,0.9791208791208792,0.8812087912087913,2,True
wdbc,cuckoo,14,0.95,0.9791208791208792,0.9301648351648352,2,True
wdbc,cuckoo,14,0.98,0.9791208791208792,0.9595384615384616,2,True
wdbc,cuckoo,15,0.9,0.9791208791208792,0.8812087912087913,1,True
wdbc,cuckoo,15,0.95,0.9791208791208792,0.9301648351648352,1,True
wdbc,cuckoo,15,0.98,0.9791208791208792,0.9595384615384616,1,True
wdbc,cuckoo,16,0.9,0.9791208791208792,0.8812087912087913,1,True
wdbc,cuckoo,16,0.95,0.9791208791208792,0.9301648351648352,1,True
wdbc,cuckoo,16,0.98,0.9791208791208792,0.9595384615384616,1,True
wdbc,cuckoo,17,0.9,0.9791208791208792,0.8812087912087913,1,True
wdbc,cuckoo,17,0.95,0.9791208791208792,0.9301648351648352,1,True
wdbc,cuckoo,17,0.98,0.9791208791208792,0.9595384615384616,1,True
wdbc,cuckoo,18,0.9,0.9791208791208792,0.8812087912087913,1,True
wdbc,cuckoo,18,0.95,0.9791208791208792,0.9301648351648352,1,True
wdbc,cuckoo,18,0.98,0.9791208791208792,0.9595384615384616,1,True
wdbc,cuckoo,19,0.9,0.9791208791208792,0.8812087912087913,3,True
wdbc,cuckoo,19,0.95,0.9791208791208792,0.9301648351648352,5,True
wdbc,cuckoo,19,0.98,0.9791208791208792,0.9595384615384616,5,True
wdbc,cuckoo,20,0.9,0.9791208791208792,0.8812087912087913,4,True
wdbc,cuckoo,20,0.95,0.9791208791208792,0.9301648351648352,4,True
wdbc,cuckoo,20,0.98,0.9791208791208792,0.9595384615384616,4,True
wdbc,cuckoo,21,0.9,0.9791208791208792,0.8812087912087913,2,True
wdbc,cuckoo,21,0.95,0.9791208791208792,0.9301648351648352,2,True
wdbc,cuckoo,21,0.98,0.9791208791208792,0.9595384615384616,2,True
wdbc,cuckoo,22,0.9,0.9791208791208792,0.8812087912087913,1,True
wdbc,cuckoo,22,0.95,0.9791208791208792,0.9301648351648352,1,True
wdbc,cuckoo,22,0.98,0.9791208791208792,0.9595384615384616,1,True
wdbc,cuckoo,23,0.9,0.9791208791208792,0.8812087912087913,2,True
wdbc,cuckoo,23,0.95,0.9791208791208792,0.9301648351648352,2,True
wdbc,cuckoo,23,0.98,0.9791208791208792,0.9595384615384616,2,True
wdbc,cuckoo,24,0.9,0.9791208791208792,0.8812087912087913,1,True
wdbc,cuckoo,24,0.95,0.9791208791208792,0.9301648351648352,2,True
wdbc,cuckoo,24,0.98,0.9791208791208792,0.9595384615384616,2,True
wdbc,cuckoo,25,0.9,0.9791208791208792,0.8812087912087913,1,True
wdbc,cuckoo,25,0.95,0.9791208791208792,0.9301648351648352,1,True
wdbc,cuckoo,25,0.98,0.9791208791208792,0.9595384615384616,1,True
wdbc,cuckoo,26,0.9,0.9791208791208792,0.8812087912087913,1,True
wdbc,cuckoo,26,0.95,0.9791208791208792,0.9301648351648352,1,True
wdbc,cuckoo,26,0.98,0.9791208791208792,0.9595384615384616,1,True
wdbc,cuckoo,27,0.9,0.9791208791208792,0.8812087912087913,4,True
wdbc,cuckoo,27,0.95,0.9791208791208792,0.9301648351648352,4,True
wdbc,cuckoo,27,0.98,0.9791208791208792,0.9595384615384616,4,True
wdbc,cuckoo,28,0.9,0.9791208791208792,0.8812087912087913,1,True
wdbc,cuckoo,28,0.95,0.9791208791208792,0.9301648351648352,1,True
wdbc,cuckoo,28,0.98,0.9791208791208792,0.9595384615384616,10,True
wdbc,cuckoo,29,0.9,0.9791208791208792,0.8812087912087913,1,True
wdbc,cuckoo,29,0.95,0.9791208791208792,0.9301648351648352,1,True
wdbc,cuckoo,29,0.98,0.9791208791208792,0.9595384615384616,1,True
wdbc,de,0,0.9,0.9791208791208792,0.8812087912087913,1,True
wdbc,de,0,0.95,0.9791208791208792,0.9301648351648352,1,True
wdbc,de,0,0.98,0.9791208791208792,0.9595384615384616,1,True
wdbc,de,1,0.9,0.9791208791208792,0.8812087912087913,3,True
wdbc,de,1,0.95,0.9791208791208792,0.9301648351648352,3,True
wdbc,de,1,0.98,0.9791208791208792,0.9595384615384616,3,True
wdbc,de,2,0.9,0.9791208791208792,0.8812087912087913,1,True
wdbc,de,2,0.95,0.9791208791208792,0.9301648351648352,1,True
wdbc,de,2,0.98,0.9791208791208792,0.9595384615384616,2,True
wdbc,de,3,0.9,0.9791208791208792,0.8812087912087913,2,True
wdbc,de,3,0.95,0.9791208791208792,0.9301648351648352,2,True
wdbc,de,3,0.98,0.9791208791208792,0.9595384615384616,2,True
wdbc,de,4,0.9,0.9791208791208792,0.8812087912087913,1,True
wdbc,de,4,0.95,0.9791208791208792,0.9301648351648352,1,True
wdbc,de,4,0.98,0.9791208791208792,0.9595384615384616,1,True
wdbc,de,5,0.9,0.9791208791208792,0.8812087912087913,2,True
wdbc,de,5,0.95,0.9791208791208792,0.9301648351648352,2,True
wdbc,de,5,0.98,0.9791208791208792,0.9595384615384616,2,True
wdbc,de,6,0.9,0.9791208791208792,0.8812087912087913,1,True
wdbc,de,6,0.95,0.9791208791208792,0.9301648351648352,1,True
wdbc,de,6,0.98,0.9791208791208792,0.9595384615384616,1,True
wdbc,de,7,0.9,0.9791208791208792,0.8812087912087913,2,True
wdbc,de,7,0.95,0.9791208791208792,0.9301648351648352,2,True
wdbc,de,7,0.98,0.9791208791208792,0.9595384615384616,2,True
wdbc,de,8,0.9,0.9791208791208792,0.8812087912087913,3,True
wdbc,de,8,0.95,0.9791208791208792,0.9301648351648352,3,True
wdbc,de,8,0.98,0.9791208791208792,0.9595384615384616,3,True
wdbc,de,9,0.9,0.9791208791208792,0.8812087912087913,1,True
wdbc,de,9,0.95,0.9791208791208792,0.9301648351648352,1,True
wdbc,de,9,0.98,0.9791208791208792,0.9595384615384616,14,True
wdbc,de,10,0.9,0.9791208791208792,0.8812087912087913,1,True
wdbc,de,10,0.95,0.9791208791208792,0.9301648351648352,1,True
wdbc,de,10,0.98,0.9791208791208792,0.9595384615384616,2,True
wdbc,de,11,0.9,0.9791208791208792,0.8812087912087913,1,True
wdbc,de,11,0.95,0.9791208791208792,0.9301648351648352,1,True
wdbc,de,11,0.98,0.9791208791208792,0.9595384615384616,1,True
wdbc,de,12,0.9,0.9791208791208792,0.8812087912087913,3,True
wdbc,de,12,0.95,0.9791208791208792,0.9301648351648352,3,True
wdbc,de,12,0.98,0.9791208791208792,0.9595384615384616,4,True
wdbc,de,13,0.9,0.9791208791208792,0.8812087912087913,2,True
wdbc,de,13,0.95,0.9791208791208792,0.9301648351648352,2,True
wdbc,de,13,0.98,0.9791208791208792,0.9595384615384616,2,True
wdbc,de,14,0.9,0.9791208791208792,0.8812087912087913,1,True
wdbc,de,14,0.95,0.9791208791208792,0.9301648351648352,1,True
wdbc,de,14,0.98,0.9791208791208792,0.9595384615384616,1,True
wdbc,de,15,0.9,0.9791208791208792,0.8812087912087913,3,True
wdbc,de,15,0.95,0.9791208791208792,0.9301648351648352,3,True
wdbc,de,15,0.98,0.9791208791208792,0.9595384615384616,3,True
wdbc,de,16,0.9,0.9791208791208792,0.8812087912087913,1,True
wdbc,de,16,0.95,0.9791208791208792,0.9301648351648352,1,True
wdbc,de,16,0.98,0.9791208791208792,0.9595384615384616,1,True
wdbc,de,17,0.9,0.9791208791208792,0.8812087912087913,1,True
wdbc,de,17,0.95,0.9791208791208792,0.9301648351648352,1,True
wdbc,de,17,0.98,0.9791208791208792,0.9595384615384616,1,True
wdbc,de,18,0.9,0.9791208791208792,0.8812087912087913,1,True
wdbc,de,18,0.95,0.9791208791208792,0.9301648351648352,3,True
wdbc,de,18,0.98,0.9791208791208792,0.9595384615384616,3,True
wdbc,de,19,0.9,0.9791208791208792,0.8812087912087913,3,True
wdbc,de,19,0.95,0.9791208791208792,0.9301648351648352,3,True
wdbc,de,19,0.98,0.9791208791208792,0.9595384615384616,4,True
wdbc,de,20,0.9,0.9791208791208792,0.8812087912087913,1,True
wdbc,de,20,0.95,0.9791208791208792,0.9301648351648352,1,True
wdbc,de,20,0.98,0.9791208791208792,0.9595384615384616,1,True
wdbc,de,21,0.9,0.9791208791208792,0.8812087912087913,1,True
wdbc,de,21,0.95,0.9791208791208792,0.9301648351648352,1,True
wdbc,de,21,0.98,0.9791208791208792,0.9595384615384616,2,True
wdbc,de,22,0.9,0.9791208791208792,0.8812087912087913,1,True
wdbc,de,22,0.95,0.9791208791208792,0.9301648351648352,1,True
wdbc,de,22,0.98,0.9791208791208792,0.9595384615384616,6,True
wdbc,de,23,0.9,0.9791208791208792,0.8812087912087913,1,True
wdbc,de,23,0.95,0.9791208791208792,0.9301648351648352,1,True
wdbc,de,23,0.98,0.9791208791208792,0.9595384615384616,6,True
wdbc,de,24,0.9,0.9791208791208792,0.8812087912087913,1,True
wdbc,de,24,0.95,0.9791208791208792,0.9301648351648352,1,True
wdbc,de,24,0.98,0.9791208791208792,0.9595384615384616,1,True
wdbc,de,25,0.9,0.9791208791208792,0.8812087912087913,2,True
wdbc,de,25,0.95,0.9791208791208792,0.9301648351648352,2,True
wdbc,de,25,0.98,0.9791208791208792,0.9595384615384616,10,True
wdbc,de,26,0.9,0.9791208791208792,0.8812087912087913,1,True
wdbc,de,26,0.95,0.9791208791208792,0.9301648351648352,1,True
wdbc,de,26,0.98,0.9791208791208792,0.9595384615384616,1,True
wdbc,de,27,0.9,0.9791208791208792,0.8812087912087913,1,True
wdbc,de,27,0.95,0.9791208791208792,0.9301648351648352,1,True
wdbc,de,27,0.98,0.9791208791208792,0.9595384615384616,1,True
wdbc,de,28,0.9,0.9791208791208792,0.8812087912087913,2,True
wdbc,de,28,0.95,0.9791208791208792,0.9301648351648352,2,True
wdbc,de,28,0.98,0.9791208791208792,0.9595384615384616,2,True
wdbc,de,29,0.9,0.9791208791208792,0.8812087912087913,1,True
wdbc,de,29,0.95,0.9791208791208792,0.9301648351648352,1,True
wdbc,de,29,0.98,0.9791208791208792,0.9595384615384616,2,True
wdbc,ga,0,0.9,0.9791208791208792,0.8812087912087913,1,True
wdbc,ga,0,0.95,0.9791208791208792,0.9301648351648352,1,True
wdbc,ga,0,0.98,0.9791208791208792,0.9595384615384616,1,True
wdbc,ga,1,0.9,0.9791208791208792,0.8812087912087913,3,True
wdbc,ga,1,0.95,0.9791208791208792,0.9301648351648352,3,True
wdbc,ga,1,0.98,0.9791208791208792,0.9595384615384616,3,True
wdbc,ga,2,0.9,0.9791208791208792,0.8812087912087913,1,True
wdbc,ga,2,0.95,0.9791208791208792,0.9301648351648352,1,True
wdbc,ga,2,0.98,0.9791208791208792,0.9595384615384616,2,True
wdbc,ga,3,0.9,0.9791208791208792,0.8812087912087913,2,True
wdbc,ga,3,0.95,0.9791208791208792,0.9301648351648352,2,True
wdbc,ga,3,0.98,0.9791208791208792,0.9595384615384616,2,True
wdbc,ga,4,0.9,0.9791208791208792,0.8812087912087913,1,True
wdbc,ga,4,0.95,0.9791208791208792,0.9301648351648352,1,True
wdbc,ga,4,0.98,0.9791208791208792,0.9595384615384616,1,True
wdbc,ga,5,0.9,0.9791208791208792,0.8812087912087913,2,True
wdbc,ga,5,0.95,0.9791208791208792,0.9301648351648352,2,True
wdbc,ga,5,0.98,0.9791208791208792,0.9595384615384616,2,True
wdbc,ga,6,0.9,0.9791208791208792,0.8812087912087913,1,True
wdbc,ga,6,0.95,0.9791208791208792,0.9301648351648352,1,True
wdbc,ga,6,0.98,0.9791208791208792,0.9595384615384616,1,True
wdbc,ga,7,0.9,0.9791208791208792,0.8812087912087913,2,True
wdbc,ga,7,0.95,0.9791208791208792,0.9301648351648352,2,True
wdbc,ga,7,0.98,0.9791208791208792,0.9595384615384616,2,True
wdbc,ga,8,0.9,0.9791208791208792,0.8812087912087913,3,True
wdbc,ga,8,0.95,0.9791208791208792,0.9301648351648352,3,True
wdbc,ga,8,0.98,0.9791208791208792,0.9595384615384616,3,True
wdbc,ga,9,0.9,0.9791208791208792,0.8812087912087913,1,True
wdbc,ga,9,0.95,0.9791208791208792,0.9301648351648352,1,True
wdbc,ga,9,0.98,0.9791208791208792,0.9595384615384616,14,True
wdbc,ga,10,0.9,0.9791208791208792,0.8812087912087913,1,True
wdbc,ga,10,0.95,0.9791208791208792,0.9301648351648352,1,True
wdbc,ga,10,0.98,0.9791208791208792,0.9595384615384616,2,True
wdbc,ga,11,0.9,0.9791208791208792,0.8812087912087913,1,True
wdbc,ga,11,0.95,0.9791208791208792,0.9301648351648352,1,True
wdbc,ga,11,0.98,0.9791208791208792,0.9595384615384616,1,True
wdbc,ga,12,0.9,0.9791208791208792,0.8812087912087913,3,True
wdbc,ga,12,0.95,0.9791208791208792,0.9301648351648352,3,True
wdbc,ga,12,0.98,0.9791208791208792,0.9595384615384616,4,True
wdbc,ga,13,0.9,0.9791208791208792,0.8812087912087913,2,True
wdbc,ga,13,0.95,0.9791208791208792,0.9301648351648352,2,True
wdbc,ga,13,0.98,0.9791208791208792,0.9595384615384616,2,True
wdbc,ga,14,0.9,0.9791208791208792,0.8812087912087913,1,True
wdbc,ga,14,0.95,0.9791208791208792,0.9301648351648352,1,True
wdbc,ga,14,0.98,0.9791208791208792,0.9595384615384616,1,True
wdbc,ga,15,0.9,0.9791208791208792,0.8812087912087913,3,True
wdbc,ga,15,0.95,0.9791208791208792,0.9301648351648352,3,True
wdbc,ga,15,0.98,0.9791208791208792,0.9595384615384616,3,True
wdbc,ga,16,0.9,0.9791208791208792,0.8812087912087913,1,True
wdbc,ga,16,0.95,0.9791208791208792,0.9301648351648352,1,True
wdbc,ga,16,0.98,0.9791208791208792,0.9595384615384616,1,True
wdbc,ga,17,0.9,0.9791208791208792,0.8812087912087913,1,True
wdbc,ga,17,0.95,0.9791208791208792,0.9301648351648352,1,True
wdbc,ga,17,0.98,0.9791208791208792,0.9595384615384616,1,True
wdbc,ga,18,0.9,0.9791208791208792,0.8812087912087913,1,True
wdbc,ga,18,0.95,0.9791208791208792,0.9301648351648352,3,True
wdbc,ga,18,0.98,0.9791208791208792,0.9595384615384616,3,True
wdbc,ga,19,0.9,0.9791208791208792,0.8812087912087913,3,True
wdbc,ga,19,0.95,0.9791208791208792,0.9301648351648352,3,True
wdbc,ga,19,0.98,0.9791208791208792,0.9595384615384616,4,True
wdbc,ga,20,0.9,0.9791208791208792,0.8812087912087913,1,True
wdbc,ga,20,0.95,0.9791208791208792,0.9301648351648352,1,True
wdbc,ga,20,0.98,0.9791208791208792,0.9595384615384616,1,True
wdbc,ga,21,0.9,0.9791208791208792,0.8812087912087913,1,True
wdbc,ga,21,0.95,0.9791208791208792,0.9301648351648352,1,True
wdbc,ga,21,0.98,0.9791208791208792,0.9595384615384616,2,True
wdbc,ga,22,0.9,0.9791208791208792,0.8812087912087913,1,True
wdbc,ga,22,0.95,0.9791208791208792,0.9301648351648352,1,True
wdbc,ga,22,0.98,0.9791208791208792,0.9595384615384616,6,True
wdbc,ga,23,0.9,0.9791208791208792,0.8812087912087913,1,True
wdbc,ga,23,0.95,0.9791208791208792,0.9301648351648352,1,True
wdbc,ga,23,0.98,0.9791208791208792,0.9595384615384616,6,True
wdbc,ga,24,0.9,0.9791208791208792,0.8812087912087913,1,True
wdbc,ga,24,0.95,0.9791208791208792,0.9301648351648352,1,True
wdbc,ga,24,0.98,0.9791208791208792,0.9595384615384616,1,True
wdbc,ga,25,0.9,0.9791208791208792,0.8812087912087913,2,True
wdbc,ga,25,0.95,0.9791208791208792,0.9301648351648352,2,True
wdbc,ga,25,0.98,0.9791208791208792,0.9595384615384616,10,True
wdbc,ga,26,0.9,0.9791208791208792,0.8812087912087913,1,True
wdbc,ga,26,0.95,0.9791208791208792,0.9301648351648352,1,True
wdbc,ga,26,0.98,0.9791208791208792,0.9595384615384616,1,True
wdbc,ga,27,0.9,0.9791208791208792,0.8812087912087913,1,True
wdbc,ga,27,0.95,0.9791208791208792,0.9301648351648352,1,True
wdbc,ga,27,0.98,0.9791208791208792,0.9595384615384616,1,True
wdbc,ga,28,0.9,0.9791208791208792,0.8812087912087913,2,True
wdbc,ga,28,0.95,0.9791208791208792,0.9301648351648352,2,True
wdbc,ga,28,0.98,0.9791208791208792,0.9595384615384616,2,True
wdbc,ga,29,0.9,0.9791208791208792,0.8812087912087913,1,True
wdbc,ga,29,0.95,0.9791208791208792,0.9301648351648352,1,True
wdbc,ga,29,0.98,0.9791208791208792,0.9595384615384616,2,True
wdbc,grid,0,0.9,0.9791208791208792,0.8812087912087913,1,True
wdbc,grid,0,0.95,0.9791208791208792,0.9301648351648352,1,True
wdbc,grid,0,0.98,0.9791208791208792,0.9595384615384616,4,True
wdbc,grid,1,0.9,0.9791208791208792,0.8812087912087913,1,True
wdbc,grid,1,0.95,0.9791208791208792,0.9301648351648352,1,True
wdbc,grid,1,0.98,0.9791208791208792,0.9595384615384616,1,True
wdbc,grid,2,0.9,0.9791208791208792,0.8812087912087913,1,True
wdbc,grid,2,0.95,0.9791208791208792,0.9301648351648352,1,True
wdbc,grid,2,0.98,0.9791208791208792,0.9595384615384616,4,True
wdbc,grid,3,0.9,0.9791208791208792,0.8812087912087913,1,True
wdbc,grid,3,0.95,0.9791208791208792,0.9301648351648352,1,True
wdbc,grid,3,0.98,0.9791208791208792,0.9595384615384616,8,True
wdbc,grid,4,0.9,0.9791208791208792,0.8812087912087913,3,True
wdbc,grid,4,0.95,0.9791208791208792,0.9301648351648352,3,True
wdbc,grid,4,0.98,0.9791208791208792,0.9595384615384616,5,True
wdbc,grid,5,0.9,0.9791208791208792,0.8812087912087913,1,True
wdbc,grid,5,0.95,0.9791208791208792,0.9301648351648352,1,True
wdbc,grid,5,0.98,0.9791208791208792,0.9595384615384616,5,True
wdbc,grid,6,0.9,0.9791208791208792,0.8812087912087913,2,True
wdbc,grid,6,0.95,0.9791208791208792,0.9301648351648352,2,True
wdbc,grid,6,0.98,0.9791208791208792,0.9595384615384616,2,True
wdbc,grid,7,0.9,0.9791208791208792,0.8812087912087913,2,True
wdbc,grid,7,0.95,0.9791208791208792,0.9301648351648352,2,True
wdbc,grid,7,0.98,0.9791208791208792,0.9595384615384616,4,True
wdbc,grid,8,0.9,0.9791208791208792,0.8812087912087913,2,True
wdbc,grid,8,0.95,0.9791208791208792,0.9301648351648352,2,True
wdbc,grid,8,0.98,0.9791208791208792,0.9595384615384616,4,True
wdbc,grid,9,0.9,0.9791208791208792,0.8812087912087913,1,True
wdbc,grid,9,0.95,0.9791208791208792,0.9301648351648352,1,True
wdbc,grid,9,0.98,0.9791208791208792,0.9595384615384616,1,True
wdbc,grid,10,0.9,0.9791208791208792,0.8812087912087913,2,True
wdbc,grid,10,0.95,0.9791208791208792,0.9301648351648352,2,True
wdbc,grid,10,0.98,0.9791208791208792,0.9595384615384616,3,True
wdbc,grid,11,0.9,0.9791208791208792,0.8812087912087913,1,True
wdbc,grid,11,0.95,0.9791208791208792,0.9301648351648352,1,True
wdbc,grid,11,0.98,0.9791208791208792,0.9595384615384616,7,True
wdbc,grid,12,0.9,0.9791208791208792,0.8812087912087913,2,True
wdbc,grid,12,0.95,0.9791208791208792,0.9301648351648352,2,True
wdbc,grid,12,0.98,0.9791208791208792,0.9595384615384616,10,True
wdbc,grid,13,0.9,0.9791208791208792,0.8812087912087913,2,True
wdbc,grid,13,0.95,0.9791208791208792,0.9301648351648352,2,True
wdbc,grid,13,0.98,0.9791208791208792,0.9595384615384616,2,True
wdbc,grid,14,0.9,0.9791208791208792,0.8812087912087913,1,True
wdbc,grid,14,0.95,0.9791208791208792,0.9301648351648352,1,True
wdbc,grid,14,0.98,0.9791208791208792,0.9595384615384616,1,True
wdbc,grid,15,0.9,0.9791208791208792,0.8812087912087913,1,True
wdbc,grid,15,0.95,0.9791208791208792,0.9301648351648352,1,True
wdbc,grid,15,0.98,0.9791208791208792,0.9595384615384616,1,True
wdbc,grid,16,0.9,0.9791208791208792,0.8812087912087913,2,True
wdbc,grid,16,0.95,0.9791208791208792,0.9301648351648352,2,True
wdbc,grid,16,0.98,0.9791208791208792,0.9595384615384616,2,True
wdbc,grid,17,0.9,0.9791208791208792,0.8812087912087913,1,True
wdbc,grid,17,0.95,0.9791208791208792,0.9301648351648352,1,True
wdbc,grid,17,0.98,0.9791208791208792,0.9595384615384616,1,True
wdbc,grid,18,0.9,0.9791208791208792,0.8812087912087913,1,True
wdbc,grid,18,0.95,0.9791208791208792,0.9301648351648352,1,True
wdbc,grid,18,0.98,0.9791208791208792,0.9595384615384616,1,True
wdbc,grid,19,0.9,0.9791208791208792,0.8812087912087913,1,True
wdbc,grid,19,0.95,0.9791208791208792,0.9301648351648352,1,True
wdbc,grid,19,0.98,0.9791208791208792,0.9595384615384616,1,True
wdbc,grid,20,0.9,0.9791208791208792,0.8812087912087913,1,True
wdbc,grid,20,0.95,0.9791208791208792,0.9301648351648352,1,True
wdbc,grid,20,0.98,0.9791208791208792,0.9595384615384616,1,True
wdbc,grid,21,0.9,0.9791208791208792,0.8812087912087913,1,True
wdbc,grid,21,0.95,0.9791208791208792,0.9301648351648352,1,True
wdbc,grid,21,0.98,0.9791208791208792,0.9595384615384616,4,True
wdbc,grid,22,0.9,0.9791208791208792,0.8812087912087913,3,True
wdbc,grid,22,0.95,0.9791208791208792,0.9301648351648352,3,True
wdbc,grid,22,0.98,0.9791208791208792,0.9595384615384616,3,True
wdbc,grid,23,0.9,0.9791208791208792,0.8812087912087913,1,True
wdbc,grid,23,0.95,0.9791208791208792,0.9301648351648352,2,True
wdbc,grid,23,0.98,0.9791208791208792,0.9595384615384616,2,True
wdbc,grid,24,0.9,0.9791208791208792,0.8812087912087913,1,True
wdbc,grid,24,0.95,0.9791208791208792,0.9301648351648352,1,True
wdbc,grid,24,0.98,0.9791208791208792,0.9595384615384616,9,True
wdbc,grid,25,0.9,0.9791208791208792,0.8812087912087913,1,True
wdbc,grid,25,0.95,0.9791208791208792,0.9301648351648352,1,True
wdbc,grid,25,0.98,0.9791208791208792,0.9595384615384616,3,True
wdbc,grid,26,0.9,0.9791208791208792,0.8812087912087913,3,True
wdbc,grid,26,0.95,0.9791208791208792,0.9301648351648352,3,True
wdbc,grid,26,0.98,0.9791208791208792,0.9595384615384616,3,True
wdbc,grid,27,0.9,0.9791208791208792,0.8812087912087913,3,True
wdbc,grid,27,0.95,0.9791208791208792,0.9301648351648352,3,True
wdbc,grid,27,0.98,0.9791208791208792,0.9595384615384616,3,True
wdbc,grid,28,0.9,0.9791208791208792,0.8812087912087913,2,True
wdbc,grid,28,0.95,0.9791208791208792,0.9301648351648352,2,True
wdbc,grid,28,0.98,0.9791208791208792,0.9595384615384616,9,True
wdbc,grid,29,0.9,0.9791208791208792,0.8812087912087913,1,True
wdbc,grid,29,0.95,0.9791208791208792,0.9301648351648352,1,True
wdbc,grid,29,0.98,0.9791208791208792,0.9595384615384616,1,True
wdbc,pso,0,0.9,0.9791208791208792,0.8812087912087913,1,True
wdbc,pso,0,0.95,0.9791208791208792,0.9301648351648352,1,True
wdbc,pso,0,0.98,0.9791208791208792,0.9595384615384616,1,True
wdbc,pso,1,0.9,0.9791208791208792,0.8812087912087913,4,True
wdbc,pso,1,0.95,0.9791208791208792,0.9301648351648352,5,True
wdbc,pso,1,0.98,0.9791208791208792,0.9595384615384616,5,True
wdbc,pso,2,0.9,0.9791208791208792,0.8812087912087913,1,True
wdbc,pso,2,0.95,0.9791208791208792,0.9301648351648352,1,True
wdbc,pso,2,0.98,0.9791208791208792,0.9595384615384616,3,True
wdbc,pso,3,0.9,0.9791208791208792,0.8812087912087913,2,True
wdbc,pso,3,0.95,0.9791208791208792,0.9301648351648352,2,True
wdbc,pso,3,0.98,0.9791208791208792,0.9595384615384616,2,True
wdbc,pso,4,0.9,0.9791208791208792,0.8812087912087913,1,True
wdbc,pso,4,0.95,0.9791208791208792,0.9301648351648352,1,True
wdbc,pso,4,0.98,0.9791208791208792,0.9595384615384616,1,True
wdbc,pso,5,0.9,0.9791208791208792,0.8812087912087913,1,True
wdbc,pso,5,0.95,0.9791208791208792,0.9301648351648352,1,True
wdbc,pso,5,0.98,0.9791208791208792,0.9595384615384616,1,True
wdbc,pso,6,0.9,0.9791208791208792,0.8812087912087913,1,True
wdbc,pso,6,0.95,0.9791208791208792,0.9301648351648352,1,True
wdbc,pso,6,0.98,0.9791208791208792,0.9595384615384616,1,True
wdbc,pso,7,0.9,0.9791208791208792,0.8812087912087913,1,True
wdbc,pso,7,0.95,0.9791208791208792,0.9301648351648352,1,True
wdbc,pso,7,0.98,0.9791208791208792,0.9595384615384616,1,True
wdbc,pso,8,0.9,0.9791208791208792,0.8812087912087913,1,True
wdbc,pso,8,0.95,0.9791208791208792,0.9301648351648352,1,True
wdbc,pso,8,0.98,0.9791208791208792,0.9595384615384616,1,True
wdbc,pso,9,0.9,0.9791208791208792,0.8812087912087913,3,True
wdbc,pso,9,0.95,0.9791208791208792,0.9301648351648352,3,True
wdbc,pso,9,0.98,0.9791208791208792,0.9595384615384616,3,True
wdbc,pso,10,0.9,0.9791208791208792,0.8812087912087913,1,True
wdbc,pso,10,0.95,0.9791208791208792,0.9301648351648352,1,True
wdbc,pso,10,0.98,0.9791208791208792,0.9595384615384616,2,True
wdbc,pso,11,0.9,0.9791208791208792,0.8812087912087913,2,True
wdbc,pso,11,0.95,0.9791208791208792,0.9301648351648352,2,True
wdbc,pso,11,0.98,0.9791208791208792,0.9595384615384616,2,True
wdbc,pso,12,0.9,0.9791208791208792,0.8812087912087913,2,True
wdbc,pso,12,0.95,0.9791208791208792,0.9301648351648352,2,True
wdbc,pso,12,0.98,0.9791208791208792,0.9595384615384616,7,True
wdbc,pso,13,0.9,0.9791208791208792,0.8812087912087913,1,True
wdbc,pso,13,0.95,0.9791208791208792,0.9301648351648352,1,True
wdbc,pso,13,0.98,0.9791208791208792,0.9595384615384616,1,True
wdbc,pso,14,0.9,0.9791208791208792,0.8812087912087913,1,True
wdbc,pso,14,0.95,0.9791208791208792,0.9301648351648352,1,True
wdbc,pso,14,0.98,0.9791208791208792,0.9595384615384616,1,True
wdbc,pso,15,0.9,0.9791208791208792,0.8812087912087913,1,True
wdbc,pso,15,0.95,0.9791208791208792,0.9301648351648352,3,True
wdbc,pso,15,0.98,0.9791208791208792,0.9595384615384616,3,True
wdbc,pso,16,0.9,0.9791208791208792,0.8812087912087913,2,True
wdbc,pso,16,0.95,0.9791208791208792,0.9301648351648352,3,True
wdbc,pso,16,0.98,0.9791208791208792,0.9595384615384616,3,True
wdbc,pso,17,0.9,0.9791208791208792,0.8812087912087913,2,True
wdbc,pso,17,0.95,0.9791208791208792,0.9301648351648352,2,True
wdbc,pso,17,0.98,0.9791208791208792,0.9595384615384616,2,True
wdbc,pso,18,0.9,0.9791208791208792,0.8812087912087913,2,True
wdbc,pso,18,0.95,0.9791208791208792,0.9301648351648352,2,True
wdbc,pso,18,0.98,0.9791208791208792,0.9595384615384616,2,True
wdbc,pso,19,0.9,0.9791208791208792,0.8812087912087913,1,True
wdbc,pso,19,0.95,0.9791208791208792,0.9301648351648352,1,True
wdbc,pso,19,0.98,0.9791208791208792,0.9595384615384616,1,True
wdbc,pso,20,0.9,0.9791208791208792,0.8812087912087913,1,True
wdbc,pso,20,0.95,0.9791208791208792,0.9301648351648352,1,True
wdbc,pso,20,0.98,0.9791208791208792,0.9595384615384616,1,True
wdbc,pso,21,0.9,0.9791208791208792,0.8812087912087913,1,True
wdbc,pso,21,0.95,0.9791208791208792,0.9301648351648352,1,True
wdbc,pso,21,0.98,0.9791208791208792,0.9595384615384616,3,True
wdbc,pso,22,0.9,0.9791208791208792,0.8812087912087913,1,True
wdbc,pso,22,0.95,0.9791208791208792,0.9301648351648352,1,True
wdbc,pso,22,0.98,0.9791208791208792,0.9595384615384616,1,True
wdbc,pso,23,0.9,0.9791208791208792,0.8812087912087913,1,True
wdbc,pso,23,0.95,0.9791208791208792,0.9301648351648352,1,True
wdbc,pso,23,0.98,0.9791208791208792,0.9595384615384616,9,True
wdbc,pso,24,0.9,0.9791208791208792,0.8812087912087913,2,True
wdbc,pso,24,0.95,0.9791208791208792,0.9301648351648352,2,True
wdbc,pso,24,0.98,0.9791208791208792,0.9595384615384616,2,True
wdbc,pso,25,0.9,0.9791208791208792,0.8812087912087913,1,True
wdbc,pso,25,0.95,0.9791208791208792,0.9301648351648352,1,True
wdbc,pso,25,0.98,0.9791208791208792,0.9595384615384616,1,True
wdbc,pso,26,0.9,0.9791208791208792,0.8812087912087913,1,True
wdbc,pso,26,0.95,0.9791208791208792,0.9301648351648352,1,True
wdbc,pso,26,0.98,0.9791208791208792,0.9595384615384616,7,True
wdbc,pso,27,0.9,0.9791208791208792,0.8812087912087913,1,True
wdbc,pso,27,0.95,0.9791208791208792,0.9301648351648352,1,True
wdbc,pso,27,0.98,0.9791208791208792,0.9595384615384616,1,True
wdbc,pso,28,0.9,0.9791208791208792,0.8812087912087913,3,True
wdbc,pso,28,0.95,0.9791208791208792,0.9301648351648352,3,True
wdbc,pso,28,0.98,0.9791208791208792,0.9595384615384616,7,True
wdbc,pso,29,0.9,0.9791208791208792,0.8812087912087913,2,True
wdbc,pso,29,0.95,0.9791208791208792,0.9301648351648352,2,True
wdbc,pso,29,0.98,0.9791208791208792,0.9595384615384616,4,True
wdbc,random,0,0.9,0.9791208791208792,0.8812087912087913,1,True
wdbc,random,0,0.95,0.9791208791208792,0.9301648351648352,1,True
wdbc,random,0,0.98,0.9791208791208792,0.9595384615384616,15,True
wdbc,random,1,0.9,0.9791208791208792,0.8812087912087913,1,True
wdbc,random,1,0.95,0.9791208791208792,0.9301648351648352,1,True
wdbc,random,1,0.98,0.9791208791208792,0.9595384615384616,5,True
wdbc,random,2,0.9,0.9791208791208792,0.8812087912087913,1,True
wdbc,random,2,0.95,0.9791208791208792,0.9301648351648352,1,True
wdbc,random,2,0.98,0.9791208791208792,0.9595384615384616,2,True
wdbc,random,3,0.9,0.9791208791208792,0.8812087912087913,1,True
wdbc,random,3,0.95,0.9791208791208792,0.9301648351648352,2,True
wdbc,random,3,0.98,0.9791208791208792,0.9595384615384616,2,True
wdbc,random,4,0.9,0.9791208791208792,0.8812087912087913,1,True
wdbc,random,4,0.95,0.9791208791208792,0.9301648351648352,1,True
wdbc,random,4,0.98,0.9791208791208792,0.9595384615384616,1,True
wdbc,random,5,0.9,0.9791208791208792,0.8812087912087913,3,True
wdbc,random,5,0.95,0.9791208791208792,0.9301648351648352,3,True
wdbc,random,5,0.98,0.9791208791208792,0.9595384615384616,3,True
wdbc,random,6,0.9,0.9791208791208792,0.8812087912087913,1,True
wdbc,random,6,0.95,0.9791208791208792,0.9301648351648352,1,True
wdbc,random,6,0.98,0.9791208791208792,0.9595384615384616,1,True
wdbc,random,7,0.9,0.9791208791208792,0.8812087912087913,2,True
wdbc,random,7,0.95,0.9791208791208792,0.9301648351648352,3,True
wdbc,random,7,0.98,0.9791208791208792,0.9595384615384616,5,True
wdbc,random,8,0.9,0.9791208791208792,0.8812087912087913,2,True
wdbc,random,8,0.95,0.9791208791208792,0.9301648351648352,2,True
wdbc,random,8,0.98,0.9791208791208792,0.9595384615384616,4,True
wdbc,random,9,0.9,0.9791208791208792,0.8812087912087913,1,True
wdbc,random,9,0.95,0.9791208791208792,0.9301648351648352,1,True
wdbc,random,9,0.98,0.9791208791208792,0.9595384615384616,2,True
wdbc,random,10,0.9,0.9791208791208792,0.8812087912087913,1,True
wdbc,random,10,0.95,0.9791208791208792,0.9301648351648352,1,True
wdbc,random,10,0.98,0.9791208791208792,0.9595384615384616,1,True
wdbc,random,11,0.9,0.9791208791208792,0.8812087912087913,2,True
wdbc,random,11,0.95,0.9791208791208792,0.9301648351648352,2,True
wdbc,random,11,0.98,0.9791208791208792,0.9595384615384616,3,True
wdbc,random,12,0.9,0.9791208791208792,0.8812087912087913,2,True
wdbc,random,12,0.95,0.9791208791208792,0.9301648351648352,2,True
wdbc,random,12,0.98,0.9791208791208792,0.9595384615384616,2,True
wdbc,random,13,0.9,0.9791208791208792,0.8812087912087913,1,True
wdbc,random,13,0.95,0.9791208791208792,0.9301648351648352,1,True
wdbc,random,13,0.98,0.9791208791208792,0.9595384615384616,1,True
wdbc,random,14,0.9,0.9791208791208792,0.8812087912087913,2,True
wdbc,random,14,0.95,0.9791208791208792,0.9301648351648352,2,True
wdbc,random,14,0.98,0.9791208791208792,0.9595384615384616,2,True
wdbc,random,15,0.9,0.9791208791208792,0.8812087912087913,1,True
wdbc,random,15,0.95,0.9791208791208792,0.9301648351648352,1,True
wdbc,random,15,0.98,0.9791208791208792,0.9595384615384616,1,True
wdbc,random,16,0.9,0.9791208791208792,0.8812087912087913,1,True
wdbc,random,16,0.95,0.9791208791208792,0.9301648351648352,1,True
wdbc,random,16,0.98,0.9791208791208792,0.9595384615384616,1,True
wdbc,random,17,0.9,0.9791208791208792,0.8812087912087913,1,True
wdbc,random,17,0.95,0.9791208791208792,0.9301648351648352,1,True
wdbc,random,17,0.98,0.9791208791208792,0.9595384615384616,1,True
wdbc,random,18,0.9,0.9791208791208792,0.8812087912087913,1,True
wdbc,random,18,0.95,0.9791208791208792,0.9301648351648352,1,True
wdbc,random,18,0.98,0.9791208791208792,0.9595384615384616,1,True
wdbc,random,19,0.9,0.9791208791208792,0.8812087912087913,3,True
wdbc,random,19,0.95,0.9791208791208792,0.9301648351648352,5,True
wdbc,random,19,0.98,0.9791208791208792,0.9595384615384616,5,True
wdbc,random,20,0.9,0.9791208791208792,0.8812087912087913,4,True
wdbc,random,20,0.95,0.9791208791208792,0.9301648351648352,4,True
wdbc,random,20,0.98,0.9791208791208792,0.9595384615384616,4,True
wdbc,random,21,0.9,0.9791208791208792,0.8812087912087913,2,True
wdbc,random,21,0.95,0.9791208791208792,0.9301648351648352,2,True
wdbc,random,21,0.98,0.9791208791208792,0.9595384615384616,2,True
wdbc,random,22,0.9,0.9791208791208792,0.8812087912087913,1,True
wdbc,random,22,0.95,0.9791208791208792,0.9301648351648352,1,True
wdbc,random,22,0.98,0.9791208791208792,0.9595384615384616,1,True
wdbc,random,23,0.9,0.9791208791208792,0.8812087912087913,2,True
wdbc,random,23,0.95,0.9791208791208792,0.9301648351648352,2,True
wdbc,random,23,0.98,0.9791208791208792,0.9595384615384616,2,True
wdbc,random,24,0.9,0.9791208791208792,0.8812087912087913,1,True
wdbc,random,24,0.95,0.9791208791208792,0.9301648351648352,2,True
wdbc,random,24,0.98,0.9791208791208792,0.9595384615384616,2,True
wdbc,random,25,0.9,0.9791208791208792,0.8812087912087913,1,True
wdbc,random,25,0.95,0.9791208791208792,0.9301648351648352,1,True
wdbc,random,25,0.98,0.9791208791208792,0.9595384615384616,1,True
wdbc,random,26,0.9,0.9791208791208792,0.8812087912087913,1,True
wdbc,random,26,0.95,0.9791208791208792,0.9301648351648352,1,True
wdbc,random,26,0.98,0.9791208791208792,0.9595384615384616,1,True
wdbc,random,27,0.9,0.9791208791208792,0.8812087912087913,4,True
wdbc,random,27,0.95,0.9791208791208792,0.9301648351648352,4,True
wdbc,random,27,0.98,0.9791208791208792,0.9595384615384616,4,True
wdbc,random,28,0.9,0.9791208791208792,0.8812087912087913,1,True
wdbc,random,28,0.95,0.9791208791208792,0.9301648351648352,1,True
wdbc,random,28,0.98,0.9791208791208792,0.9595384615384616,10,True
wdbc,random,29,0.9,0.9791208791208792,0.8812087912087913,1,True
wdbc,random,29,0.95,0.9791208791208792,0.9301648351648352,1,True
wdbc,random,29,0.98,0.9791208791208792,0.9595384615384616,1,True
wdbc,sa,0,0.9,0.9791208791208792,0.8812087912087913,1,True
wdbc,sa,0,0.95,0.9791208791208792,0.9301648351648352,1,True
wdbc,sa,0,0.98,0.9791208791208792,0.9595384615384616,8,True
wdbc,sa,1,0.9,0.9791208791208792,0.8812087912087913,1,True
wdbc,sa,1,0.95,0.9791208791208792,0.9301648351648352,1,True
wdbc,sa,1,0.98,0.9791208791208792,0.9595384615384616,2,True
wdbc,sa,2,0.9,0.9791208791208792,0.8812087912087913,1,True
wdbc,sa,2,0.95,0.9791208791208792,0.9301648351648352,1,True
wdbc,sa,2,0.98,0.9791208791208792,0.9595384615384616,37,True
wdbc,sa,3,0.9,0.9791208791208792,0.8812087912087913,1,True
wdbc,sa,3,0.95,0.9791208791208792,0.9301648351648352,2,True
wdbc,sa,3,0.98,0.9791208791208792,0.9595384615384616,3,True
wdbc,sa,4,0.9,0.9791208791208792,0.8812087912087913,1,True
wdbc,sa,4,0.95,0.9791208791208792,0.9301648351648352,1,True
wdbc,sa,4,0.98,0.9791208791208792,0.9595384615384616,1,True
wdbc,sa,5,0.9,0.9791208791208792,0.8812087912087913,6,True
wdbc,sa,5,0.95,0.9791208791208792,0.9301648351648352,8,True
wdbc,sa,5,0.98,0.9791208791208792,0.9595384615384616,8,True
wdbc,sa,6,0.9,0.9791208791208792,0.8812087912087913,1,True
wdbc,sa,6,0.95,0.9791208791208792,0.9301648351648352,1,True
wdbc,sa,6,0.98,0.9791208791208792,0.9595384615384616,1,True
wdbc,sa,7,0.9,0.9791208791208792,0.8812087912087913,2,True
wdbc,sa,7,0.95,0.9791208791208792,0.9301648351648352,7,True
wdbc,sa,7,0.98,0.9791208791208792,0.9595384615384616,8,True
wdbc,sa,8,0.9,0.9791208791208792,0.8812087912087913,12,True
wdbc,sa,8,0.95,0.9791208791208792,0.9301648351648352,12,True
wdbc,sa,8,0.98,0.9791208791208792,0.9595384615384616,22,True
wdbc,sa,9,0.9,0.9791208791208792,0.8812087912087913,1,True
wdbc,sa,9,0.95,0.9791208791208792,0.9301648351648352,1,True
wdbc,sa,9,0.98,0.9791208791208792,0.9595384615384616,7,True
wdbc,sa,10,0.9,0.9791208791208792,0.8812087912087913,1,True
wdbc,sa,10,0.95,0.9791208791208792,0.9301648351648352,1,True
wdbc,sa,10,0.98,0.9791208791208792,0.9595384615384616,1,True
wdbc,sa,11,0.9,0.9791208791208792,0.8812087912087913,5,True
wdbc,sa,11,0.95,0.9791208791208792,0.9301648351648352,5,True
wdbc,sa,11,0.98,0.9791208791208792,0.9595384615384616,14,True
wdbc,sa,12,0.9,0.9791208791208792,0.8812087912087913,2,True
wdbc,sa,12,0.95,0.9791208791208792,0.9301648351648352,2,True
wdbc,sa,12,0.98,0.9791208791208792,0.9595384615384616,2,True
wdbc,sa,13,0.9,0.9791208791208792,0.8812087912087913,1,True
wdbc,sa,13,0.95,0.9791208791208792,0.9301648351648352,1,True
wdbc,sa,13,0.98,0.9791208791208792,0.9595384615384616,1,True
wdbc,sa,14,0.9,0.9791208791208792,0.8812087912087913,4,True
wdbc,sa,14,0.95,0.9791208791208792,0.9301648351648352,4,True
wdbc,sa,14,0.98,0.9791208791208792,0.9595384615384616,5,True
wdbc,sa,15,0.9,0.9791208791208792,0.8812087912087913,1,True
wdbc,sa,15,0.95,0.9791208791208792,0.9301648351648352,1,True
wdbc,sa,15,0.98,0.9791208791208792,0.9595384615384616,1,True
wdbc,sa,16,0.9,0.9791208791208792,0.8812087912087913,1,True
wdbc,sa,16,0.95,0.9791208791208792,0.9301648351648352,1,True
wdbc,sa,16,0.98,0.9791208791208792,0.9595384615384616,1,True
wdbc,sa,17,0.9,0.9791208791208792,0.8812087912087913,1,True
wdbc,sa,17,0.95,0.9791208791208792,0.9301648351648352,1,True
wdbc,sa,17,0.98,0.9791208791208792,0.9595384615384616,1,True
wdbc,sa,18,0.9,0.9791208791208792,0.8812087912087913,1,True
wdbc,sa,18,0.95,0.9791208791208792,0.9301648351648352,1,True
wdbc,sa,18,0.98,0.9791208791208792,0.9595384615384616,1,True
wdbc,sa,19,0.9,0.9791208791208792,0.8812087912087913,5,True
wdbc,sa,19,0.95,0.9791208791208792,0.9301648351648352,5,True
wdbc,sa,19,0.98,0.9791208791208792,0.9595384615384616,8,True
wdbc,sa,20,0.9,0.9791208791208792,0.8812087912087913,2,True
wdbc,sa,20,0.95,0.9791208791208792,0.9301648351648352,2,True
wdbc,sa,20,0.98,0.9791208791208792,0.9595384615384616,6,True
wdbc,sa,21,0.9,0.9791208791208792,0.8812087912087913,8,True
wdbc,sa,21,0.95,0.9791208791208792,0.9301648351648352,12,True
wdbc,sa,21,0.98,0.9791208791208792,0.9595384615384616,16,True
wdbc,sa,22,0.9,0.9791208791208792,0.8812087912087913,1,True
wdbc,sa,22,0.95,0.9791208791208792,0.9301648351648352,1,True
wdbc,sa,22,0.98,0.9791208791208792,0.9595384615384616,1,True
wdbc,sa,23,0.9,0.9791208791208792,0.8812087912087913,7,True
wdbc,sa,23,0.95,0.9791208791208792,0.9301648351648352,10,True
wdbc,sa,23,0.98,0.9791208791208792,0.9595384615384616,27,True
wdbc,sa,24,0.9,0.9791208791208792,0.8812087912087913,1,True
wdbc,sa,24,0.95,0.9791208791208792,0.9301648351648352,2,True
wdbc,sa,24,0.98,0.9791208791208792,0.9595384615384616,3,True
wdbc,sa,25,0.9,0.9791208791208792,0.8812087912087913,1,True
wdbc,sa,25,0.95,0.9791208791208792,0.9301648351648352,1,True
wdbc,sa,25,0.98,0.9791208791208792,0.9595384615384616,1,True
wdbc,sa,26,0.9,0.9791208791208792,0.8812087912087913,1,True
wdbc,sa,26,0.95,0.9791208791208792,0.9301648351648352,1,True
wdbc,sa,26,0.98,0.9791208791208792,0.9595384615384616,1,True
wdbc,sa,27,0.9,0.9791208791208792,0.8812087912087913,6,True
wdbc,sa,27,0.95,0.9791208791208792,0.9301648351648352,6,True
wdbc,sa,27,0.98,0.9791208791208792,0.9595384615384616,8,True
wdbc,sa,28,0.9,0.9791208791208792,0.8812087912087913,1,True
wdbc,sa,28,0.95,0.9791208791208792,0.9301648351648352,1,True
wdbc,sa,28,0.98,0.9791208791208792,0.9595384615384616,5,True
wdbc,sa,29,0.9,0.9791208791208792,0.8812087912087913,1,True
wdbc,sa,29,0.95,0.9791208791208792,0.9301648351648352,1,True
wdbc,sa,29,0.98,0.9791208791208792,0.9595384615384616,1,True
wdbc,sh,0,0.9,0.9791208791208792,0.8812087912087913,10,True
wdbc,sh,0,0.95,0.9791208791208792,0.9301648351648352,10,True
wdbc,sh,0,0.98,0.9791208791208792,0.9595384615384616,10,True
wdbc,sh,1,0.9,0.9791208791208792,0.8812087912087913,10,True
wdbc,sh,1,0.95,0.9791208791208792,0.9301648351648352,10,True
wdbc,sh,1,0.98,0.9791208791208792,0.9595384615384616,11,True
wdbc,sh,2,0.9,0.9791208791208792,0.8812087912087913,10,True
wdbc,sh,2,0.95,0.9791208791208792,0.9301648351648352,10,True
wdbc,sh,2,0.98,0.9791208791208792,0.9595384615384616,10,True
wdbc,sh,3,0.9,0.9791208791208792,0.8812087912087913,10,True
wdbc,sh,3,0.95,0.9791208791208792,0.9301648351648352,10,True
wdbc,sh,3,0.98,0.9791208791208792,0.9595384615384616,10,True
wdbc,sh,4,0.9,0.9791208791208792,0.8812087912087913,10,True
wdbc,sh,4,0.95,0.9791208791208792,0.9301648351648352,10,True
wdbc,sh,4,0.98,0.9791208791208792,0.9595384615384616,10,True
wdbc,sh,5,0.9,0.9791208791208792,0.8812087912087913,10,True
wdbc,sh,5,0.95,0.9791208791208792,0.9301648351648352,10,True
wdbc,sh,5,0.98,0.9791208791208792,0.9595384615384616,10,True
wdbc,sh,6,0.9,0.9791208791208792,0.8812087912087913,10,True
wdbc,sh,6,0.95,0.9791208791208792,0.9301648351648352,10,True
wdbc,sh,6,0.98,0.9791208791208792,0.9595384615384616,10,True
wdbc,sh,7,0.9,0.9791208791208792,0.8812087912087913,10,True
wdbc,sh,7,0.95,0.9791208791208792,0.9301648351648352,10,True
wdbc,sh,7,0.98,0.9791208791208792,0.9595384615384616,10,True
wdbc,sh,8,0.9,0.9791208791208792,0.8812087912087913,10,True
wdbc,sh,8,0.95,0.9791208791208792,0.9301648351648352,10,True
wdbc,sh,8,0.98,0.9791208791208792,0.9595384615384616,10,True
wdbc,sh,9,0.9,0.9791208791208792,0.8812087912087913,10,True
wdbc,sh,9,0.95,0.9791208791208792,0.9301648351648352,10,True
wdbc,sh,9,0.98,0.9791208791208792,0.9595384615384616,11,True
wdbc,sh,10,0.9,0.9791208791208792,0.8812087912087913,10,True
wdbc,sh,10,0.95,0.9791208791208792,0.9301648351648352,10,True
wdbc,sh,10,0.98,0.9791208791208792,0.9595384615384616,10,True
wdbc,sh,11,0.9,0.9791208791208792,0.8812087912087913,10,True
wdbc,sh,11,0.95,0.9791208791208792,0.9301648351648352,10,True
wdbc,sh,11,0.98,0.9791208791208792,0.9595384615384616,10,True
wdbc,sh,12,0.9,0.9791208791208792,0.8812087912087913,10,True
wdbc,sh,12,0.95,0.9791208791208792,0.9301648351648352,10,True
wdbc,sh,12,0.98,0.9791208791208792,0.9595384615384616,11,True
wdbc,sh,13,0.9,0.9791208791208792,0.8812087912087913,10,True
wdbc,sh,13,0.95,0.9791208791208792,0.9301648351648352,10,True
wdbc,sh,13,0.98,0.9791208791208792,0.9595384615384616,10,True
wdbc,sh,14,0.9,0.9791208791208792,0.8812087912087913,10,True
wdbc,sh,14,0.95,0.9791208791208792,0.9301648351648352,10,True
wdbc,sh,14,0.98,0.9791208791208792,0.9595384615384616,10,True
wdbc,sh,15,0.9,0.9791208791208792,0.8812087912087913,10,True
wdbc,sh,15,0.95,0.9791208791208792,0.9301648351648352,10,True
wdbc,sh,15,0.98,0.9791208791208792,0.9595384615384616,10,True
wdbc,sh,16,0.9,0.9791208791208792,0.8812087912087913,10,True
wdbc,sh,16,0.95,0.9791208791208792,0.9301648351648352,10,True
wdbc,sh,16,0.98,0.9791208791208792,0.9595384615384616,10,True
wdbc,sh,17,0.9,0.9791208791208792,0.8812087912087913,10,True
wdbc,sh,17,0.95,0.9791208791208792,0.9301648351648352,10,True
wdbc,sh,17,0.98,0.9791208791208792,0.9595384615384616,10,True
wdbc,sh,18,0.9,0.9791208791208792,0.8812087912087913,10,True
wdbc,sh,18,0.95,0.9791208791208792,0.9301648351648352,10,True
wdbc,sh,18,0.98,0.9791208791208792,0.9595384615384616,10,True
wdbc,sh,19,0.9,0.9791208791208792,0.8812087912087913,10,True
wdbc,sh,19,0.95,0.9791208791208792,0.9301648351648352,10,True
wdbc,sh,19,0.98,0.9791208791208792,0.9595384615384616,10,True
wdbc,sh,20,0.9,0.9791208791208792,0.8812087912087913,10,True
wdbc,sh,20,0.95,0.9791208791208792,0.9301648351648352,10,True
wdbc,sh,20,0.98,0.9791208791208792,0.9595384615384616,10,True
wdbc,sh,21,0.9,0.9791208791208792,0.8812087912087913,10,True
wdbc,sh,21,0.95,0.9791208791208792,0.9301648351648352,10,True
wdbc,sh,21,0.98,0.9791208791208792,0.9595384615384616,11,True
wdbc,sh,22,0.9,0.9791208791208792,0.8812087912087913,10,True
wdbc,sh,22,0.95,0.9791208791208792,0.9301648351648352,10,True
wdbc,sh,22,0.98,0.9791208791208792,0.9595384615384616,10,True
wdbc,sh,23,0.9,0.9791208791208792,0.8812087912087913,10,True
wdbc,sh,23,0.95,0.9791208791208792,0.9301648351648352,10,True
wdbc,sh,23,0.98,0.9791208791208792,0.9595384615384616,10,True
wdbc,sh,24,0.9,0.9791208791208792,0.8812087912087913,10,True
wdbc,sh,24,0.95,0.9791208791208792,0.9301648351648352,10,True
wdbc,sh,24,0.98,0.9791208791208792,0.9595384615384616,10,True
wdbc,sh,25,0.9,0.9791208791208792,0.8812087912087913,10,True
wdbc,sh,25,0.95,0.9791208791208792,0.9301648351648352,10,True
wdbc,sh,25,0.98,0.9791208791208792,0.9595384615384616,10,True
wdbc,sh,26,0.9,0.9791208791208792,0.8812087912087913,10,True
wdbc,sh,26,0.95,0.9791208791208792,0.9301648351648352,10,True
wdbc,sh,26,0.98,0.9791208791208792,0.9595384615384616,10,True
wdbc,sh,27,0.9,0.9791208791208792,0.8812087912087913,10,True
wdbc,sh,27,0.95,0.9791208791208792,0.9301648351648352,10,True
wdbc,sh,27,0.98,0.9791208791208792,0.9595384615384616,10,True
wdbc,sh,28,0.9,0.9791208791208792,0.8812087912087913,10,True
wdbc,sh,28,0.95,0.9791208791208792,0.9301648351648352,10,True
wdbc,sh,28,0.98,0.9791208791208792,0.9595384615384616,10,True
wdbc,sh,29,0.9,0.9791208791208792,0.8812087912087913,10,True
wdbc,sh,29,0.95,0.9791208791208792,0.9301648351648352,10,True
wdbc,sh,29,0.98,0.9791208791208792,0.9595384615384616,11,True
